component,location,carrier,0
Line,AL0 0,AC,0.2006135223320122
Line,AT0 0,AC,0.20163954778582568
Line,BA0 0,AC,0.16861304465578267
Line,BE0 0,AC,0.30055964122843404
Line,BG0 0,AC,0.1915499704249195
Line,CH0 0,AC,0.26984061580693414
Line,CZ0 0,AC,0.206751772678171
Line,DE0 0,AC,0.26762555368032637
Line,DE0 1,AC,0.1656074039984762
Line,DE0 2,AC,0.31135519061187833
Line,DE0 3,AC,0.16044378589168537
Line,DE0 4,AC,0.4190589677647772
Line,DE0 5,AC,0.2307757992617838
Line,DK1 0,AC,0.4525631298742128
Line,EE0 0,AC,0.25773316856394884
Line,ES0 0,AC,0.18203437110306814
Line,FI1 0,AC,0.18490615556336465
Line,FR0 0,AC,0.15896186960855285
Line,FR0 1,AC,0.17612624980563055
Line,FR0 2,AC,0.19075094371218793
Line,FR0 4,AC,0.45343249900169624
Line,GB2 0,AC,0.2014564918250563
Line,GB3 0,AC,0.12150561766233646
Line,GR0 0,AC,0.2445659262635258
Line,HR0 0,AC,0.1365007302846862
Line,HU0 0,AC,0.15464665115266524
Line,IT0 0,AC,0.2179654098190162
Line,IT0 1,AC,0.1700552223378829
Line,LT0 0,AC,0.27569219074090684
Line,ME0 0,AC,0.16504198652692473
Line,MK0 0,AC,0.210434197173379
Line,NO1 0,AC,0.2758976066503792
Line,PL0 0,AC,0.3671356120563346
Line,RO0 0,AC,0.1092863220170037
Line,RS0 0,AC,0.21059111729628946
Load,AL0 0,agriculture electricity,
Load,AL0 0,agriculture heat,
Load,AL0 0,agriculture machinery electric,
Load,AL0 0,agriculture machinery oil,
Load,AL0 0,electricity,
Load,AL0 0,gas for industry,
Load,AL0 0,heat100-200 industry,
Load,AL0 0,heat200-500 industry,
Load,AL0 0,heat<100 industry,
Load,AL0 0,heat>500 industry,
Load,AL0 0,industry electricity,
Load,AL0 0,kerosene for aviation,
Load,AL0 0,land transport EV,
Load,AL0 0,land transport oil,
Load,AL0 0,naphtha for industry,
Load,AL0 0,rural heat,
Load,AL0 0,shipping oil,
Load,AL0 0,solid biomass for industry,
Load,AL0 0,steel,
Load,AL0 0,urban central heat,
Load,AL0 0,urban decentral heat,
Load,AT0 0,agriculture electricity,
Load,AT0 0,agriculture heat,
Load,AT0 0,agriculture machinery electric,
Load,AT0 0,agriculture machinery oil,
Load,AT0 0,electricity,
Load,AT0 0,gas for industry,
Load,AT0 0,heat100-200 industry,
Load,AT0 0,heat200-500 industry,
Load,AT0 0,heat<100 industry,
Load,AT0 0,heat>500 industry,
Load,AT0 0,industry electricity,
Load,AT0 0,kerosene for aviation,
Load,AT0 0,land transport EV,
Load,AT0 0,land transport oil,
Load,AT0 0,naphtha for industry,
Load,AT0 0,rural heat,
Load,AT0 0,shipping oil,
Load,AT0 0,solid biomass for industry,
Load,AT0 0,steel,
Load,AT0 0,urban central heat,
Load,AT0 0,urban decentral heat,
Load,BA0 0,H2 for industry,
Load,BA0 0,agriculture electricity,
Load,BA0 0,agriculture heat,
Load,BA0 0,agriculture machinery electric,
Load,BA0 0,agriculture machinery oil,
Load,BA0 0,electricity,
Load,BA0 0,gas for industry,
Load,BA0 0,heat100-200 industry,
Load,BA0 0,heat200-500 industry,
Load,BA0 0,heat<100 industry,
Load,BA0 0,heat>500 industry,
Load,BA0 0,industry electricity,
Load,BA0 0,kerosene for aviation,
Load,BA0 0,land transport EV,
Load,BA0 0,land transport oil,
Load,BA0 0,naphtha for industry,
Load,BA0 0,rural heat,
Load,BA0 0,shipping oil,
Load,BA0 0,solid biomass for industry,
Load,BA0 0,steel,
Load,BA0 0,urban central heat,
Load,BA0 0,urban decentral heat,
Load,BE0 0,agriculture electricity,
Load,BE0 0,agriculture heat,
Load,BE0 0,agriculture machinery electric,
Load,BE0 0,agriculture machinery oil,
Load,BE0 0,electricity,
Load,BE0 0,gas for industry,
Load,BE0 0,heat100-200 industry,
Load,BE0 0,heat200-500 industry,
Load,BE0 0,heat<100 industry,
Load,BE0 0,heat>500 industry,
Load,BE0 0,industry electricity,
Load,BE0 0,kerosene for aviation,
Load,BE0 0,land transport EV,
Load,BE0 0,land transport oil,
Load,BE0 0,naphtha for industry,
Load,BE0 0,rural heat,
Load,BE0 0,shipping oil,
Load,BE0 0,solid biomass for industry,
Load,BE0 0,steel,
Load,BE0 0,urban central heat,
Load,BE0 0,urban decentral heat,
Load,BG0 0,agriculture electricity,
Load,BG0 0,agriculture heat,
Load,BG0 0,agriculture machinery electric,
Load,BG0 0,agriculture machinery oil,
Load,BG0 0,electricity,
Load,BG0 0,gas for industry,
Load,BG0 0,heat100-200 industry,
Load,BG0 0,heat200-500 industry,
Load,BG0 0,heat<100 industry,
Load,BG0 0,heat>500 industry,
Load,BG0 0,industry electricity,
Load,BG0 0,kerosene for aviation,
Load,BG0 0,land transport EV,
Load,BG0 0,land transport oil,
Load,BG0 0,naphtha for industry,
Load,BG0 0,rural heat,
Load,BG0 0,shipping oil,
Load,BG0 0,solid biomass for industry,
Load,BG0 0,urban central heat,
Load,BG0 0,urban decentral heat,
Load,CH0 0,electricity,
Load,CH0 0,gas for industry,
Load,CH0 0,heat100-200 industry,
Load,CH0 0,heat200-500 industry,
Load,CH0 0,heat<100 industry,
Load,CH0 0,heat>500 industry,
Load,CH0 0,industry electricity,
Load,CH0 0,kerosene for aviation,
Load,CH0 0,land transport EV,
Load,CH0 0,land transport oil,
Load,CH0 0,naphtha for industry,
Load,CH0 0,rural heat,
Load,CH0 0,shipping oil,
Load,CH0 0,solid biomass for industry,
Load,CH0 0,steel,
Load,CH0 0,urban central heat,
Load,CH0 0,urban decentral heat,
Load,CZ0 0,agriculture electricity,
Load,CZ0 0,agriculture heat,
Load,CZ0 0,agriculture machinery electric,
Load,CZ0 0,agriculture machinery oil,
Load,CZ0 0,electricity,
Load,CZ0 0,gas for industry,
Load,CZ0 0,heat100-200 industry,
Load,CZ0 0,heat200-500 industry,
Load,CZ0 0,heat<100 industry,
Load,CZ0 0,heat>500 industry,
Load,CZ0 0,industry electricity,
Load,CZ0 0,kerosene for aviation,
Load,CZ0 0,land transport EV,
Load,CZ0 0,land transport oil,
Load,CZ0 0,naphtha for industry,
Load,CZ0 0,rural heat,
Load,CZ0 0,shipping oil,
Load,CZ0 0,solid biomass for industry,
Load,CZ0 0,steel,
Load,CZ0 0,urban central heat,
Load,CZ0 0,urban decentral heat,
Load,DE0 0,agriculture electricity,
Load,DE0 0,agriculture heat,
Load,DE0 0,agriculture machinery electric,
Load,DE0 0,agriculture machinery oil,
Load,DE0 0,electricity,
Load,DE0 0,gas for industry,
Load,DE0 0,heat100-200 industry,
Load,DE0 0,heat200-500 industry,
Load,DE0 0,heat<100 industry,
Load,DE0 0,heat>500 industry,
Load,DE0 0,industry electricity,
Load,DE0 0,kerosene for aviation,
Load,DE0 0,land transport EV,
Load,DE0 0,land transport oil,
Load,DE0 0,naphtha for industry,
Load,DE0 0,rural heat,
Load,DE0 0,shipping oil,
Load,DE0 0,solid biomass for industry,
Load,DE0 0,steel,
Load,DE0 0,urban central heat,
Load,DE0 0,urban decentral heat,
Load,DE0 1,agriculture electricity,
Load,DE0 1,agriculture heat,
Load,DE0 1,agriculture machinery electric,
Load,DE0 1,agriculture machinery oil,
Load,DE0 1,electricity,
Load,DE0 1,gas for industry,
Load,DE0 1,heat100-200 industry,
Load,DE0 1,heat200-500 industry,
Load,DE0 1,heat<100 industry,
Load,DE0 1,heat>500 industry,
Load,DE0 1,industry electricity,
Load,DE0 1,kerosene for aviation,
Load,DE0 1,land transport EV,
Load,DE0 1,land transport oil,
Load,DE0 1,naphtha for industry,
Load,DE0 1,rural heat,
Load,DE0 1,shipping oil,
Load,DE0 1,solid biomass for industry,
Load,DE0 1,urban central heat,
Load,DE0 1,urban decentral heat,
Load,DE0 2,agriculture electricity,
Load,DE0 2,agriculture heat,
Load,DE0 2,agriculture machinery electric,
Load,DE0 2,agriculture machinery oil,
Load,DE0 2,electricity,
Load,DE0 2,gas for industry,
Load,DE0 2,heat100-200 industry,
Load,DE0 2,heat200-500 industry,
Load,DE0 2,heat<100 industry,
Load,DE0 2,heat>500 industry,
Load,DE0 2,industry electricity,
Load,DE0 2,kerosene for aviation,
Load,DE0 2,land transport EV,
Load,DE0 2,land transport oil,
Load,DE0 2,naphtha for industry,
Load,DE0 2,rural heat,
Load,DE0 2,shipping oil,
Load,DE0 2,solid biomass for industry,
Load,DE0 2,steel,
Load,DE0 2,urban central heat,
Load,DE0 2,urban decentral heat,
Load,DE0 3,agriculture electricity,
Load,DE0 3,agriculture heat,
Load,DE0 3,agriculture machinery electric,
Load,DE0 3,agriculture machinery oil,
Load,DE0 3,electricity,
Load,DE0 3,gas for industry,
Load,DE0 3,heat100-200 industry,
Load,DE0 3,heat200-500 industry,
Load,DE0 3,heat<100 industry,
Load,DE0 3,heat>500 industry,
Load,DE0 3,industry electricity,
Load,DE0 3,kerosene for aviation,
Load,DE0 3,land transport EV,
Load,DE0 3,land transport oil,
Load,DE0 3,naphtha for industry,
Load,DE0 3,rural heat,
Load,DE0 3,shipping oil,
Load,DE0 3,solid biomass for industry,
Load,DE0 3,urban central heat,
Load,DE0 3,urban decentral heat,
Load,DE0 4,agriculture electricity,
Load,DE0 4,agriculture heat,
Load,DE0 4,agriculture machinery electric,
Load,DE0 4,agriculture machinery oil,
Load,DE0 4,electricity,
Load,DE0 4,gas for industry,
Load,DE0 4,heat100-200 industry,
Load,DE0 4,heat200-500 industry,
Load,DE0 4,heat<100 industry,
Load,DE0 4,heat>500 industry,
Load,DE0 4,industry electricity,
Load,DE0 4,kerosene for aviation,
Load,DE0 4,land transport EV,
Load,DE0 4,land transport oil,
Load,DE0 4,naphtha for industry,
Load,DE0 4,rural heat,
Load,DE0 4,shipping oil,
Load,DE0 4,solid biomass for industry,
Load,DE0 4,steel,
Load,DE0 4,urban central heat,
Load,DE0 4,urban decentral heat,
Load,DE0 5,agriculture electricity,
Load,DE0 5,agriculture heat,
Load,DE0 5,agriculture machinery electric,
Load,DE0 5,agriculture machinery oil,
Load,DE0 5,electricity,
Load,DE0 5,gas for industry,
Load,DE0 5,heat100-200 industry,
Load,DE0 5,heat200-500 industry,
Load,DE0 5,heat<100 industry,
Load,DE0 5,heat>500 industry,
Load,DE0 5,industry electricity,
Load,DE0 5,kerosene for aviation,
Load,DE0 5,land transport EV,
Load,DE0 5,land transport oil,
Load,DE0 5,naphtha for industry,
Load,DE0 5,rural heat,
Load,DE0 5,shipping oil,
Load,DE0 5,solid biomass for industry,
Load,DE0 5,steel,
Load,DE0 5,urban central heat,
Load,DE0 5,urban decentral heat,
Load,DK0 0,agriculture electricity,
Load,DK0 0,agriculture heat,
Load,DK0 0,agriculture machinery electric,
Load,DK0 0,agriculture machinery oil,
Load,DK0 0,electricity,
Load,DK0 0,gas for industry,
Load,DK0 0,heat100-200 industry,
Load,DK0 0,heat200-500 industry,
Load,DK0 0,heat<100 industry,
Load,DK0 0,heat>500 industry,
Load,DK0 0,industry electricity,
Load,DK0 0,kerosene for aviation,
Load,DK0 0,land transport EV,
Load,DK0 0,land transport oil,
Load,DK0 0,naphtha for industry,
Load,DK0 0,rural heat,
Load,DK0 0,shipping oil,
Load,DK0 0,solid biomass for industry,
Load,DK0 0,urban central heat,
Load,DK0 0,urban decentral heat,
Load,DK1 0,agriculture electricity,
Load,DK1 0,agriculture heat,
Load,DK1 0,agriculture machinery electric,
Load,DK1 0,agriculture machinery oil,
Load,DK1 0,electricity,
Load,DK1 0,gas for industry,
Load,DK1 0,heat100-200 industry,
Load,DK1 0,heat200-500 industry,
Load,DK1 0,heat<100 industry,
Load,DK1 0,heat>500 industry,
Load,DK1 0,industry electricity,
Load,DK1 0,kerosene for aviation,
Load,DK1 0,land transport EV,
Load,DK1 0,land transport oil,
Load,DK1 0,naphtha for industry,
Load,DK1 0,rural heat,
Load,DK1 0,shipping oil,
Load,DK1 0,solid biomass for industry,
Load,DK1 0,urban central heat,
Load,DK1 0,urban decentral heat,
Load,EE0 0,agriculture electricity,
Load,EE0 0,agriculture heat,
Load,EE0 0,agriculture machinery electric,
Load,EE0 0,agriculture machinery oil,
Load,EE0 0,electricity,
Load,EE0 0,gas for industry,
Load,EE0 0,heat100-200 industry,
Load,EE0 0,heat200-500 industry,
Load,EE0 0,heat<100 industry,
Load,EE0 0,heat>500 industry,
Load,EE0 0,industry electricity,
Load,EE0 0,kerosene for aviation,
Load,EE0 0,land transport EV,
Load,EE0 0,land transport oil,
Load,EE0 0,naphtha for industry,
Load,EE0 0,rural heat,
Load,EE0 0,shipping oil,
Load,EE0 0,solid biomass for industry,
Load,EE0 0,urban central heat,
Load,EE0 0,urban decentral heat,
Load,ES0 0,agriculture electricity,
Load,ES0 0,agriculture heat,
Load,ES0 0,agriculture machinery electric,
Load,ES0 0,agriculture machinery oil,
Load,ES0 0,electricity,
Load,ES0 0,gas for industry,
Load,ES0 0,heat100-200 industry,
Load,ES0 0,heat200-500 industry,
Load,ES0 0,heat<100 industry,
Load,ES0 0,heat>500 industry,
Load,ES0 0,industry electricity,
Load,ES0 0,kerosene for aviation,
Load,ES0 0,land transport EV,
Load,ES0 0,land transport oil,
Load,ES0 0,naphtha for industry,
Load,ES0 0,rural heat,
Load,ES0 0,shipping oil,
Load,ES0 0,solid biomass for industry,
Load,ES0 0,steel,
Load,ES0 0,urban central heat,
Load,ES0 0,urban decentral heat,
Load,ES6 0,agriculture electricity,
Load,ES6 0,agriculture heat,
Load,ES6 0,agriculture machinery electric,
Load,ES6 0,agriculture machinery oil,
Load,ES6 0,electricity,
Load,ES6 0,heat100-200 industry,
Load,ES6 0,heat200-500 industry,
Load,ES6 0,heat<100 industry,
Load,ES6 0,heat>500 industry,
Load,ES6 0,industry electricity,
Load,ES6 0,kerosene for aviation,
Load,ES6 0,land transport EV,
Load,ES6 0,land transport oil,
Load,ES6 0,naphtha for industry,
Load,ES6 0,rural heat,
Load,ES6 0,shipping oil,
Load,ES6 0,solid biomass for industry,
Load,ES6 0,urban central heat,
Load,ES6 0,urban decentral heat,
Load,EU,NH3,
Load,EU,coal for industry,
Load,EU,shipping methanol,
Load,FI1 0,agriculture electricity,
Load,FI1 0,agriculture heat,
Load,FI1 0,agriculture machinery electric,
Load,FI1 0,agriculture machinery oil,
Load,FI1 0,electricity,
Load,FI1 0,gas for industry,
Load,FI1 0,heat100-200 industry,
Load,FI1 0,heat200-500 industry,
Load,FI1 0,heat<100 industry,
Load,FI1 0,heat>500 industry,
Load,FI1 0,industry electricity,
Load,FI1 0,kerosene for aviation,
Load,FI1 0,land transport EV,
Load,FI1 0,land transport oil,
Load,FI1 0,naphtha for industry,
Load,FI1 0,rural heat,
Load,FI1 0,shipping oil,
Load,FI1 0,solid biomass for industry,
Load,FI1 0,steel,
Load,FI1 0,urban central heat,
Load,FI1 0,urban decentral heat,
Load,FR0 0,agriculture electricity,
Load,FR0 0,agriculture heat,
Load,FR0 0,agriculture machinery electric,
Load,FR0 0,agriculture machinery oil,
Load,FR0 0,electricity,
Load,FR0 0,gas for industry,
Load,FR0 0,heat100-200 industry,
Load,FR0 0,heat200-500 industry,
Load,FR0 0,heat<100 industry,
Load,FR0 0,heat>500 industry,
Load,FR0 0,industry electricity,
Load,FR0 0,kerosene for aviation,
Load,FR0 0,land transport EV,
Load,FR0 0,land transport oil,
Load,FR0 0,naphtha for industry,
Load,FR0 0,rural heat,
Load,FR0 0,shipping oil,
Load,FR0 0,solid biomass for industry,
Load,FR0 0,steel,
Load,FR0 0,urban central heat,
Load,FR0 0,urban decentral heat,
Load,FR0 1,agriculture electricity,
Load,FR0 1,agriculture heat,
Load,FR0 1,agriculture machinery electric,
Load,FR0 1,agriculture machinery oil,
Load,FR0 1,electricity,
Load,FR0 1,gas for industry,
Load,FR0 1,heat100-200 industry,
Load,FR0 1,heat200-500 industry,
Load,FR0 1,heat<100 industry,
Load,FR0 1,heat>500 industry,
Load,FR0 1,industry electricity,
Load,FR0 1,kerosene for aviation,
Load,FR0 1,land transport EV,
Load,FR0 1,land transport oil,
Load,FR0 1,naphtha for industry,
Load,FR0 1,rural heat,
Load,FR0 1,shipping oil,
Load,FR0 1,solid biomass for industry,
Load,FR0 1,steel,
Load,FR0 1,urban central heat,
Load,FR0 1,urban decentral heat,
Load,FR0 2,agriculture electricity,
Load,FR0 2,agriculture heat,
Load,FR0 2,agriculture machinery electric,
Load,FR0 2,agriculture machinery oil,
Load,FR0 2,electricity,
Load,FR0 2,gas for industry,
Load,FR0 2,heat100-200 industry,
Load,FR0 2,heat200-500 industry,
Load,FR0 2,heat<100 industry,
Load,FR0 2,heat>500 industry,
Load,FR0 2,industry electricity,
Load,FR0 2,kerosene for aviation,
Load,FR0 2,land transport EV,
Load,FR0 2,land transport oil,
Load,FR0 2,naphtha for industry,
Load,FR0 2,rural heat,
Load,FR0 2,shipping oil,
Load,FR0 2,solid biomass for industry,
Load,FR0 2,urban central heat,
Load,FR0 2,urban decentral heat,
Load,FR0 3,agriculture electricity,
Load,FR0 3,agriculture heat,
Load,FR0 3,agriculture machinery electric,
Load,FR0 3,agriculture machinery oil,
Load,FR0 3,electricity,
Load,FR0 3,gas for industry,
Load,FR0 3,heat100-200 industry,
Load,FR0 3,heat200-500 industry,
Load,FR0 3,heat<100 industry,
Load,FR0 3,heat>500 industry,
Load,FR0 3,industry electricity,
Load,FR0 3,kerosene for aviation,
Load,FR0 3,land transport EV,
Load,FR0 3,land transport oil,
Load,FR0 3,naphtha for industry,
Load,FR0 3,rural heat,
Load,FR0 3,shipping oil,
Load,FR0 3,solid biomass for industry,
Load,FR0 3,urban central heat,
Load,FR0 3,urban decentral heat,
Load,FR0 4,agriculture electricity,
Load,FR0 4,agriculture heat,
Load,FR0 4,agriculture machinery electric,
Load,FR0 4,agriculture machinery oil,
Load,FR0 4,electricity,
Load,FR0 4,gas for industry,
Load,FR0 4,heat100-200 industry,
Load,FR0 4,heat200-500 industry,
Load,FR0 4,heat<100 industry,
Load,FR0 4,heat>500 industry,
Load,FR0 4,industry electricity,
Load,FR0 4,kerosene for aviation,
Load,FR0 4,land transport EV,
Load,FR0 4,land transport oil,
Load,FR0 4,naphtha for industry,
Load,FR0 4,rural heat,
Load,FR0 4,shipping oil,
Load,FR0 4,solid biomass for industry,
Load,FR0 4,urban central heat,
Load,FR0 4,urban decentral heat,
Load,FR5 0,agriculture electricity,
Load,FR5 0,agriculture heat,
Load,FR5 0,agriculture machinery electric,
Load,FR5 0,agriculture machinery oil,
Load,FR5 0,electricity,
Load,FR5 0,heat100-200 industry,
Load,FR5 0,heat200-500 industry,
Load,FR5 0,heat<100 industry,
Load,FR5 0,heat>500 industry,
Load,FR5 0,industry electricity,
Load,FR5 0,kerosene for aviation,
Load,FR5 0,land transport EV,
Load,FR5 0,land transport oil,
Load,FR5 0,naphtha for industry,
Load,FR5 0,rural heat,
Load,FR5 0,shipping oil,
Load,FR5 0,solid biomass for industry,
Load,GB2 0,agriculture electricity,
Load,GB2 0,agriculture heat,
Load,GB2 0,agriculture machinery electric,
Load,GB2 0,agriculture machinery oil,
Load,GB2 0,electricity,
Load,GB2 0,gas for industry,
Load,GB2 0,heat100-200 industry,
Load,GB2 0,heat200-500 industry,
Load,GB2 0,heat<100 industry,
Load,GB2 0,heat>500 industry,
Load,GB2 0,industry electricity,
Load,GB2 0,kerosene for aviation,
Load,GB2 0,land transport EV,
Load,GB2 0,land transport oil,
Load,GB2 0,naphtha for industry,
Load,GB2 0,rural heat,
Load,GB2 0,shipping oil,
Load,GB2 0,solid biomass for industry,
Load,GB2 0,urban central heat,
Load,GB2 0,urban decentral heat,
Load,GB2 1,agriculture electricity,
Load,GB2 1,agriculture heat,
Load,GB2 1,agriculture machinery electric,
Load,GB2 1,agriculture machinery oil,
Load,GB2 1,electricity,
Load,GB2 1,gas for industry,
Load,GB2 1,heat100-200 industry,
Load,GB2 1,heat200-500 industry,
Load,GB2 1,heat<100 industry,
Load,GB2 1,heat>500 industry,
Load,GB2 1,industry electricity,
Load,GB2 1,kerosene for aviation,
Load,GB2 1,land transport EV,
Load,GB2 1,land transport oil,
Load,GB2 1,naphtha for industry,
Load,GB2 1,rural heat,
Load,GB2 1,shipping oil,
Load,GB2 1,solid biomass for industry,
Load,GB2 1,steel,
Load,GB2 1,urban central heat,
Load,GB2 1,urban decentral heat,
Load,GB3 0,agriculture electricity,
Load,GB3 0,agriculture heat,
Load,GB3 0,agriculture machinery electric,
Load,GB3 0,agriculture machinery oil,
Load,GB3 0,electricity,
Load,GB3 0,gas for industry,
Load,GB3 0,heat100-200 industry,
Load,GB3 0,heat200-500 industry,
Load,GB3 0,heat<100 industry,
Load,GB3 0,heat>500 industry,
Load,GB3 0,industry electricity,
Load,GB3 0,kerosene for aviation,
Load,GB3 0,land transport EV,
Load,GB3 0,land transport oil,
Load,GB3 0,naphtha for industry,
Load,GB3 0,rural heat,
Load,GB3 0,shipping oil,
Load,GB3 0,solid biomass for industry,
Load,GB3 0,urban central heat,
Load,GB3 0,urban decentral heat,
Load,GR0 0,agriculture electricity,
Load,GR0 0,agriculture heat,
Load,GR0 0,agriculture machinery electric,
Load,GR0 0,agriculture machinery oil,
Load,GR0 0,electricity,
Load,GR0 0,gas for industry,
Load,GR0 0,heat100-200 industry,
Load,GR0 0,heat200-500 industry,
Load,GR0 0,heat<100 industry,
Load,GR0 0,heat>500 industry,
Load,GR0 0,industry electricity,
Load,GR0 0,kerosene for aviation,
Load,GR0 0,land transport EV,
Load,GR0 0,land transport oil,
Load,GR0 0,naphtha for industry,
Load,GR0 0,rural heat,
Load,GR0 0,shipping oil,
Load,GR0 0,solid biomass for industry,
Load,GR0 0,urban central heat,
Load,GR0 0,urban decentral heat,
Load,HR0 0,agriculture electricity,
Load,HR0 0,agriculture heat,
Load,HR0 0,agriculture machinery electric,
Load,HR0 0,agriculture machinery oil,
Load,HR0 0,electricity,
Load,HR0 0,gas for industry,
Load,HR0 0,heat100-200 industry,
Load,HR0 0,heat200-500 industry,
Load,HR0 0,heat<100 industry,
Load,HR0 0,heat>500 industry,
Load,HR0 0,industry electricity,
Load,HR0 0,kerosene for aviation,
Load,HR0 0,land transport EV,
Load,HR0 0,land transport oil,
Load,HR0 0,naphtha for industry,
Load,HR0 0,rural heat,
Load,HR0 0,shipping oil,
Load,HR0 0,solid biomass for industry,
Load,HR0 0,urban central heat,
Load,HR0 0,urban decentral heat,
Load,HU0 0,agriculture electricity,
Load,HU0 0,agriculture heat,
Load,HU0 0,agriculture machinery electric,
Load,HU0 0,agriculture machinery oil,
Load,HU0 0,electricity,
Load,HU0 0,gas for industry,
Load,HU0 0,heat100-200 industry,
Load,HU0 0,heat200-500 industry,
Load,HU0 0,heat<100 industry,
Load,HU0 0,heat>500 industry,
Load,HU0 0,industry electricity,
Load,HU0 0,kerosene for aviation,
Load,HU0 0,land transport EV,
Load,HU0 0,land transport oil,
Load,HU0 0,naphtha for industry,
Load,HU0 0,rural heat,
Load,HU0 0,shipping oil,
Load,HU0 0,solid biomass for industry,
Load,HU0 0,steel,
Load,HU0 0,urban central heat,
Load,HU0 0,urban decentral heat,
Load,IE3 0,agriculture electricity,
Load,IE3 0,agriculture heat,
Load,IE3 0,agriculture machinery electric,
Load,IE3 0,agriculture machinery oil,
Load,IE3 0,electricity,
Load,IE3 0,gas for industry,
Load,IE3 0,heat100-200 industry,
Load,IE3 0,heat200-500 industry,
Load,IE3 0,heat<100 industry,
Load,IE3 0,heat>500 industry,
Load,IE3 0,industry electricity,
Load,IE3 0,kerosene for aviation,
Load,IE3 0,land transport EV,
Load,IE3 0,land transport oil,
Load,IE3 0,naphtha for industry,
Load,IE3 0,rural heat,
Load,IE3 0,shipping oil,
Load,IE3 0,solid biomass for industry,
Load,IE3 0,urban central heat,
Load,IE3 0,urban decentral heat,
Load,IT0 0,agriculture electricity,
Load,IT0 0,agriculture heat,
Load,IT0 0,agriculture machinery electric,
Load,IT0 0,agriculture machinery oil,
Load,IT0 0,electricity,
Load,IT0 0,gas for industry,
Load,IT0 0,heat100-200 industry,
Load,IT0 0,heat200-500 industry,
Load,IT0 0,heat<100 industry,
Load,IT0 0,heat>500 industry,
Load,IT0 0,industry electricity,
Load,IT0 0,kerosene for aviation,
Load,IT0 0,land transport EV,
Load,IT0 0,land transport oil,
Load,IT0 0,naphtha for industry,
Load,IT0 0,rural heat,
Load,IT0 0,shipping oil,
Load,IT0 0,solid biomass for industry,
Load,IT0 0,steel,
Load,IT0 0,urban central heat,
Load,IT0 0,urban decentral heat,
Load,IT0 1,agriculture electricity,
Load,IT0 1,agriculture heat,
Load,IT0 1,agriculture machinery electric,
Load,IT0 1,agriculture machinery oil,
Load,IT0 1,electricity,
Load,IT0 1,gas for industry,
Load,IT0 1,heat100-200 industry,
Load,IT0 1,heat200-500 industry,
Load,IT0 1,heat<100 industry,
Load,IT0 1,heat>500 industry,
Load,IT0 1,industry electricity,
Load,IT0 1,kerosene for aviation,
Load,IT0 1,land transport EV,
Load,IT0 1,land transport oil,
Load,IT0 1,naphtha for industry,
Load,IT0 1,rural heat,
Load,IT0 1,shipping oil,
Load,IT0 1,solid biomass for industry,
Load,IT0 1,urban central heat,
Load,IT0 1,urban decentral heat,
Load,IT4 0,agriculture electricity,
Load,IT4 0,agriculture heat,
Load,IT4 0,agriculture machinery electric,
Load,IT4 0,agriculture machinery oil,
Load,IT4 0,electricity,
Load,IT4 0,gas for industry,
Load,IT4 0,heat100-200 industry,
Load,IT4 0,heat200-500 industry,
Load,IT4 0,heat<100 industry,
Load,IT4 0,heat>500 industry,
Load,IT4 0,industry electricity,
Load,IT4 0,kerosene for aviation,
Load,IT4 0,land transport EV,
Load,IT4 0,land transport oil,
Load,IT4 0,naphtha for industry,
Load,IT4 0,rural heat,
Load,IT4 0,shipping oil,
Load,IT4 0,solid biomass for industry,
Load,IT4 0,urban central heat,
Load,IT4 0,urban decentral heat,
Load,LT0 0,agriculture electricity,
Load,LT0 0,agriculture heat,
Load,LT0 0,agriculture machinery electric,
Load,LT0 0,agriculture machinery oil,
Load,LT0 0,electricity,
Load,LT0 0,gas for industry,
Load,LT0 0,heat100-200 industry,
Load,LT0 0,heat200-500 industry,
Load,LT0 0,heat<100 industry,
Load,LT0 0,heat>500 industry,
Load,LT0 0,industry electricity,
Load,LT0 0,kerosene for aviation,
Load,LT0 0,land transport EV,
Load,LT0 0,land transport oil,
Load,LT0 0,naphtha for industry,
Load,LT0 0,rural heat,
Load,LT0 0,shipping oil,
Load,LT0 0,solid biomass for industry,
Load,LT0 0,urban central heat,
Load,LT0 0,urban decentral heat,
Load,LU0 0,agriculture electricity,
Load,LU0 0,agriculture heat,
Load,LU0 0,agriculture machinery electric,
Load,LU0 0,agriculture machinery oil,
Load,LU0 0,electricity,
Load,LU0 0,gas for industry,
Load,LU0 0,heat100-200 industry,
Load,LU0 0,heat200-500 industry,
Load,LU0 0,heat<100 industry,
Load,LU0 0,heat>500 industry,
Load,LU0 0,industry electricity,
Load,LU0 0,kerosene for aviation,
Load,LU0 0,land transport EV,
Load,LU0 0,land transport oil,
Load,LU0 0,naphtha for industry,
Load,LU0 0,rural heat,
Load,LU0 0,shipping oil,
Load,LU0 0,solid biomass for industry,
Load,LU0 0,urban central heat,
Load,LU0 0,urban decentral heat,
Load,LV0 0,agriculture electricity,
Load,LV0 0,agriculture heat,
Load,LV0 0,agriculture machinery electric,
Load,LV0 0,agriculture machinery oil,
Load,LV0 0,electricity,
Load,LV0 0,gas for industry,
Load,LV0 0,heat100-200 industry,
Load,LV0 0,heat200-500 industry,
Load,LV0 0,heat<100 industry,
Load,LV0 0,heat>500 industry,
Load,LV0 0,industry electricity,
Load,LV0 0,kerosene for aviation,
Load,LV0 0,land transport EV,
Load,LV0 0,land transport oil,
Load,LV0 0,naphtha for industry,
Load,LV0 0,rural heat,
Load,LV0 0,shipping oil,
Load,LV0 0,solid biomass for industry,
Load,LV0 0,urban central heat,
Load,LV0 0,urban decentral heat,
Load,ME0 0,agriculture electricity,
Load,ME0 0,agriculture heat,
Load,ME0 0,agriculture machinery electric,
Load,ME0 0,agriculture machinery oil,
Load,ME0 0,electricity,
Load,ME0 0,gas for industry,
Load,ME0 0,heat100-200 industry,
Load,ME0 0,heat200-500 industry,
Load,ME0 0,heat<100 industry,
Load,ME0 0,heat>500 industry,
Load,ME0 0,industry electricity,
Load,ME0 0,kerosene for aviation,
Load,ME0 0,land transport EV,
Load,ME0 0,land transport oil,
Load,ME0 0,naphtha for industry,
Load,ME0 0,rural heat,
Load,ME0 0,solid biomass for industry,
Load,ME0 0,steel,
Load,ME0 0,urban central heat,
Load,ME0 0,urban decentral heat,
Load,MK0 0,agriculture electricity,
Load,MK0 0,agriculture heat,
Load,MK0 0,agriculture machinery electric,
Load,MK0 0,agriculture machinery oil,
Load,MK0 0,electricity,
Load,MK0 0,gas for industry,
Load,MK0 0,heat100-200 industry,
Load,MK0 0,heat200-500 industry,
Load,MK0 0,heat<100 industry,
Load,MK0 0,heat>500 industry,
Load,MK0 0,industry electricity,
Load,MK0 0,kerosene for aviation,
Load,MK0 0,land transport EV,
Load,MK0 0,land transport oil,
Load,MK0 0,naphtha for industry,
Load,MK0 0,rural heat,
Load,MK0 0,solid biomass for industry,
Load,MK0 0,steel,
Load,MK0 0,urban central heat,
Load,MK0 0,urban decentral heat,
Load,NL0 0,agriculture electricity,
Load,NL0 0,agriculture heat,
Load,NL0 0,agriculture machinery electric,
Load,NL0 0,agriculture machinery oil,
Load,NL0 0,electricity,
Load,NL0 0,gas for industry,
Load,NL0 0,heat100-200 industry,
Load,NL0 0,heat200-500 industry,
Load,NL0 0,heat<100 industry,
Load,NL0 0,heat>500 industry,
Load,NL0 0,industry electricity,
Load,NL0 0,kerosene for aviation,
Load,NL0 0,land transport EV,
Load,NL0 0,land transport oil,
Load,NL0 0,naphtha for industry,
Load,NL0 0,rural heat,
Load,NL0 0,shipping oil,
Load,NL0 0,solid biomass for industry,
Load,NL0 0,steel,
Load,NL0 0,urban central heat,
Load,NL0 0,urban decentral heat,
Load,NO1 0,agriculture electricity,
Load,NO1 0,agriculture heat,
Load,NO1 0,agriculture machinery electric,
Load,NO1 0,agriculture machinery oil,
Load,NO1 0,electricity,
Load,NO1 0,gas for industry,
Load,NO1 0,heat100-200 industry,
Load,NO1 0,heat200-500 industry,
Load,NO1 0,heat<100 industry,
Load,NO1 0,heat>500 industry,
Load,NO1 0,industry electricity,
Load,NO1 0,kerosene for aviation,
Load,NO1 0,land transport EV,
Load,NO1 0,land transport oil,
Load,NO1 0,naphtha for industry,
Load,NO1 0,rural heat,
Load,NO1 0,shipping oil,
Load,NO1 0,solid biomass for industry,
Load,NO1 0,steel,
Load,NO1 0,urban central heat,
Load,NO1 0,urban decentral heat,
Load,PL0 0,agriculture electricity,
Load,PL0 0,agriculture heat,
Load,PL0 0,agriculture machinery electric,
Load,PL0 0,agriculture machinery oil,
Load,PL0 0,electricity,
Load,PL0 0,gas for industry,
Load,PL0 0,heat100-200 industry,
Load,PL0 0,heat200-500 industry,
Load,PL0 0,heat<100 industry,
Load,PL0 0,heat>500 industry,
Load,PL0 0,industry electricity,
Load,PL0 0,kerosene for aviation,
Load,PL0 0,land transport EV,
Load,PL0 0,land transport oil,
Load,PL0 0,naphtha for industry,
Load,PL0 0,rural heat,
Load,PL0 0,shipping oil,
Load,PL0 0,solid biomass for industry,
Load,PL0 0,steel,
Load,PL0 0,urban central heat,
Load,PL0 0,urban decentral heat,
Load,PT0 0,agriculture electricity,
Load,PT0 0,agriculture heat,
Load,PT0 0,agriculture machinery electric,
Load,PT0 0,agriculture machinery oil,
Load,PT0 0,electricity,
Load,PT0 0,gas for industry,
Load,PT0 0,heat100-200 industry,
Load,PT0 0,heat200-500 industry,
Load,PT0 0,heat<100 industry,
Load,PT0 0,heat>500 industry,
Load,PT0 0,industry electricity,
Load,PT0 0,kerosene for aviation,
Load,PT0 0,land transport EV,
Load,PT0 0,land transport oil,
Load,PT0 0,naphtha for industry,
Load,PT0 0,rural heat,
Load,PT0 0,shipping oil,
Load,PT0 0,solid biomass for industry,
Load,PT0 0,urban central heat,
Load,PT0 0,urban decentral heat,
Load,RO0 0,agriculture electricity,
Load,RO0 0,agriculture heat,
Load,RO0 0,agriculture machinery electric,
Load,RO0 0,agriculture machinery oil,
Load,RO0 0,electricity,
Load,RO0 0,gas for industry,
Load,RO0 0,heat100-200 industry,
Load,RO0 0,heat200-500 industry,
Load,RO0 0,heat<100 industry,
Load,RO0 0,heat>500 industry,
Load,RO0 0,industry electricity,
Load,RO0 0,kerosene for aviation,
Load,RO0 0,land transport EV,
Load,RO0 0,land transport oil,
Load,RO0 0,naphtha for industry,
Load,RO0 0,rural heat,
Load,RO0 0,shipping oil,
Load,RO0 0,solid biomass for industry,
Load,RO0 0,steel,
Load,RO0 0,urban central heat,
Load,RO0 0,urban decentral heat,
Load,RS0 0,agriculture electricity,
Load,RS0 0,agriculture heat,
Load,RS0 0,agriculture machinery electric,
Load,RS0 0,agriculture machinery oil,
Load,RS0 0,electricity,
Load,RS0 0,gas for industry,
Load,RS0 0,heat100-200 industry,
Load,RS0 0,heat200-500 industry,
Load,RS0 0,heat<100 industry,
Load,RS0 0,heat>500 industry,
Load,RS0 0,industry electricity,
Load,RS0 0,kerosene for aviation,
Load,RS0 0,land transport EV,
Load,RS0 0,land transport oil,
Load,RS0 0,naphtha for industry,
Load,RS0 0,rural heat,
Load,RS0 0,shipping oil,
Load,RS0 0,solid biomass for industry,
Load,RS0 0,steel,
Load,RS0 0,urban central heat,
Load,RS0 0,urban decentral heat,
Load,SE1 0,agriculture electricity,
Load,SE1 0,agriculture heat,
Load,SE1 0,agriculture machinery electric,
Load,SE1 0,agriculture machinery oil,
Load,SE1 0,electricity,
Load,SE1 0,gas for industry,
Load,SE1 0,heat100-200 industry,
Load,SE1 0,heat200-500 industry,
Load,SE1 0,heat<100 industry,
Load,SE1 0,heat>500 industry,
Load,SE1 0,industry electricity,
Load,SE1 0,kerosene for aviation,
Load,SE1 0,land transport EV,
Load,SE1 0,land transport oil,
Load,SE1 0,naphtha for industry,
Load,SE1 0,rural heat,
Load,SE1 0,shipping oil,
Load,SE1 0,solid biomass for industry,
Load,SE1 0,steel,
Load,SE1 0,urban central heat,
Load,SE1 0,urban decentral heat,
Load,SI0 0,agriculture electricity,
Load,SI0 0,agriculture heat,
Load,SI0 0,agriculture machinery electric,
Load,SI0 0,agriculture machinery oil,
Load,SI0 0,electricity,
Load,SI0 0,gas for industry,
Load,SI0 0,heat100-200 industry,
Load,SI0 0,heat200-500 industry,
Load,SI0 0,heat<100 industry,
Load,SI0 0,heat>500 industry,
Load,SI0 0,industry electricity,
Load,SI0 0,kerosene for aviation,
Load,SI0 0,land transport EV,
Load,SI0 0,land transport oil,
Load,SI0 0,naphtha for industry,
Load,SI0 0,rural heat,
Load,SI0 0,shipping oil,
Load,SI0 0,solid biomass for industry,
Load,SI0 0,urban central heat,
Load,SI0 0,urban decentral heat,
Load,SK0 0,agriculture electricity,
Load,SK0 0,agriculture heat,
Load,SK0 0,agriculture machinery electric,
Load,SK0 0,agriculture machinery oil,
Load,SK0 0,electricity,
Load,SK0 0,gas for industry,
Load,SK0 0,heat100-200 industry,
Load,SK0 0,heat200-500 industry,
Load,SK0 0,heat<100 industry,
Load,SK0 0,heat>500 industry,
Load,SK0 0,industry electricity,
Load,SK0 0,kerosene for aviation,
Load,SK0 0,land transport EV,
Load,SK0 0,land transport oil,
Load,SK0 0,naphtha for industry,
Load,SK0 0,rural heat,
Load,SK0 0,shipping oil,
Load,SK0 0,solid biomass for industry,
Load,SK0 0,steel,
Load,SK0 0,urban central heat,
Load,SK0 0,urban decentral heat,
Load,XK0 0,H2 for industry,
Load,XK0 0,agriculture electricity,
Load,XK0 0,agriculture heat,
Load,XK0 0,agriculture machinery electric,
Load,XK0 0,agriculture machinery oil,
Load,XK0 0,electricity,
Load,XK0 0,gas for industry,
Load,XK0 0,heat100-200 industry,
Load,XK0 0,heat200-500 industry,
Load,XK0 0,heat<100 industry,
Load,XK0 0,heat>500 industry,
Load,XK0 0,industry electricity,
Load,XK0 0,kerosene for aviation,
Load,XK0 0,land transport EV,
Load,XK0 0,land transport oil,
Load,XK0 0,naphtha for industry,
Load,XK0 0,rural heat,
Load,XK0 0,solid biomass for industry,
Load,XK0 0,steel,
Load,XK0 0,urban central heat,
Load,XK0 0,urban decentral heat,
Generator,,co2-ets,2.367395424e-05
Generator,AL0 0,Offshore Wind (AC),0.11111111111111113
Generator,AL0 0,Offshore Wind (Floating),0.14285714285714285
Generator,AL0 0,Onshore Wind,0.04248072664127555
Generator,AL0 0,Run of River,0.5073394190871369
Generator,AL0 0,Solar,0.16192901626210662
Generator,AL0 0,forest residues,0.00011415521931136268
Generator,AL0 0,industry wood,0.00011415525926597975
Generator,AL0 0,landscape care,0.00011419466744688427
Generator,AL0 0,manure and slurry,4.28255663754841e-08
Generator,AL0 0,municipal solid waste,0.00010578411553246463
Generator,AL0 0,rural heat vent,0.033689077127910506
Generator,AL0 0,rural solar thermal,0.04657460059572164
Generator,AL0 0,sewage sludge,3.3396554573765897e-06
Generator,AL0 0,solar-hsat,0.19817938616844868
Generator,AL0 0,solid biomass,1.307e-06
Generator,AL0 0,straw,0.00011415515710416897
Generator,AL0 0,unsustainable solid biomass,0.00011324007887343452
Generator,AL0 0,urban central heat vent,0.007980174709001695
Generator,AL0 0,urban central solar thermal,0.06614471465853715
Generator,AL0 0,urban decentral heat vent,0.03346034956395728
Generator,AL0 0,urban decentral solar thermal,0.0441137390380016
Generator,AT0 0,Onshore Wind,0.13326977228215967
Generator,AT0 0,Run of River,0.5011112507140125
Generator,AT0 0,Solar,0.12580204186224608
Generator,AT0 0,forest residues,0.00011415525092599189
Generator,AT0 0,gas,0.9999224561271701
Generator,AT0 0,industry wood,0.00011415525152241602
Generator,AT0 0,landscape care,0.00011415526246612505
Generator,AT0 0,manure and slurry,1.9082878960198488e-08
Generator,AT0 0,municipal solid waste,0.00011256977031415967
Generator,AT0 0,rural solar thermal,0.035985956699824455
Generator,AT0 0,sewage sludge,2.0175390115329017e-08
Generator,AT0 0,solar-hsat,0.1647073817774594
Generator,AT0 0,solid biomass,5.760000000000001e-07
Generator,AT0 0,straw,0.00011415524151413209
Generator,AT0 0,unsustainable biogas,0.00011415525284664707
Generator,AT0 0,unsustainable bioliquids,0.00011415525078250375
Generator,AT0 0,unsustainable solid biomass,0.00011412333726568568
Generator,AT0 0,urban central heat vent,0.001842846969453399
Generator,AT0 0,urban central solar thermal,0.03671003717472119
Generator,AT0 0,urban decentral heat vent,0.011850910130187544
Generator,AT0 0,urban decentral solar thermal,0.032552479464557346
Generator,BA0 0,Offshore Wind (AC),0.0888888888888889
Generator,BA0 0,Offshore Wind (Floating),0.053639846743295014
Generator,BA0 0,Onshore Wind,0.044974051875467484
Generator,BA0 0,Solar,0.1436974851894611
Generator,BA0 0,forest residues,0.00011415522271123103
Generator,BA0 0,industry wood,0.00011415525351226582
Generator,BA0 0,landscape care,0.0001141443655278312
Generator,BA0 0,manure and slurry,4.9452790943878193e-08
Generator,BA0 0,municipal solid waste,5.726074083360892e-07
Generator,BA0 0,rural heat vent,0.0012348125699674503
Generator,BA0 0,rural solar thermal,0.028649921507064365
Generator,BA0 0,sewage sludge,1.1507218788265985e-06
Generator,BA0 0,solar-hsat,0.1870441081068603
Generator,BA0 0,solid biomass,1.236e-06
Generator,BA0 0,straw,0.00011415520032825456
Generator,BA0 0,unsustainable biogas,0.00011415585346152844
Generator,BA0 0,unsustainable solid biomass,0.00011405281008590627
Generator,BA0 0,urban central heat vent,0.003416791157751075
Generator,BA0 0,urban central solar thermal,0.042540199470791774
Generator,BA0 0,urban decentral heat vent,0.001092826675635263
Generator,BA0 0,urban decentral solar thermal,0.028081123244929798
Generator,BE0 0,Offshore Wind (AC),0.5022917730496453
Generator,BE0 0,Offshore Wind (DC),0.5258131192942153
Generator,BE0 0,Offshore Wind (Floating),0.2798264642082429
Generator,BE0 0,Onshore Wind,0.29675624963912867
Generator,BE0 0,Run of River,0.5572691778103794
Generator,BE0 0,Solar,0.11130774530981577
Generator,BE0 0,forest residues,0.00011415525089845195
Generator,BE0 0,gas,0.30051281952510794
Generator,BE0 0,industry wood,0.0001141552500700545
Generator,BE0 0,landscape care,0.00011415526117052334
Generator,BE0 0,manure and slurry,3.2338680790658987e-09
Generator,BE0 0,municipal solid waste,0.00011378573870345489
Generator,BE0 0,rural solar thermal,0.033582089552238806
Generator,BE0 0,sewage sludge,6.531727745478841e-09
Generator,BE0 0,solar-hsat,0.13661001121235022
Generator,BE0 0,solid biomass,0.009706860000000001
Generator,BE0 0,straw,0.00011415522368058197
Generator,BE0 0,unsustainable biogas,0.00011415525118007577
Generator,BE0 0,unsustainable bioliquids,0.00011415525080854027
Generator,BE0 0,unsustainable solid biomass,0.00011403499831579093
Generator,BE0 0,urban central heat vent,0.012320157541259055
Generator,BE0 0,urban central solar thermal,0.024012892828364222
Generator,BE0 0,urban decentral heat vent,0.012481468810582734
Generator,BE0 0,urban decentral solar thermal,0.017099056603773585
Generator,BG0 0,Offshore Wind (AC),0.2501087429317094
Generator,BG0 0,Offshore Wind (DC),0.3703082407213252
Generator,BG0 0,Offshore Wind (Floating),0.21914357682619645
Generator,BG0 0,Onshore Wind,0.119651284172061
Generator,BG0 0,Run of River,0.1723501811594203
Generator,BG0 0,Solar,0.157000973240208
Generator,BG0 0,forest residues,0.00011415524755261214
Generator,BG0 0,gas,0.19698869052077844
Generator,BG0 0,industry wood,0.00011415525010821057
Generator,BG0 0,landscape care,0.00011415526005897816
Generator,BG0 0,manure and slurry,1.4416297641482762e-08
Generator,BG0 0,municipal solid waste,0.00011004732711097137
Generator,BG0 0,rural solar thermal,0.045925925925925926
Generator,BG0 0,sewage sludge,0.00011471748906359938
Generator,BG0 0,solar-hsat,0.19643864874399306
Generator,BG0 0,solid biomass,1.166e-06
Generator,BG0 0,straw,0.0001141552399565642
Generator,BG0 0,unsustainable biogas,0.00011415526707813251
Generator,BG0 0,unsustainable bioliquids,0.00011415525579567881
Generator,BG0 0,unsustainable solid biomass,0.00011406185042210773
Generator,BG0 0,urban central heat vent,0.003899031709660729
Generator,BG0 0,urban central solar thermal,0.04299794216397704
Generator,BG0 0,urban decentral heat vent,0.05485101605906081
Generator,BG0 0,urban decentral solar thermal,0.03429310902620511
Generator,CH0 0,Onshore Wind,0.04667503510891218
Generator,CH0 0,Run of River,0.2876015318822008
Generator,CH0 0,Solar,0.13601248466739957
Generator,CH0 0,forest residues,0.00011415524916733662
Generator,CH0 0,industry wood,0.00011415525143908636
Generator,CH0 0,landscape care,0.00011415242669697107
Generator,CH0 0,manure and slurry,9.003354494039135e-07
Generator,CH0 0,municipal solid waste,0.00011398366349818139
Generator,CH0 0,rural solar thermal,0.036283185840707964
Generator,CH0 0,sewage sludge,8.064789812198859e-05
Generator,CH0 0,solar-hsat,0.17340553496852285
Generator,CH0 0,solid biomass,3.94e-07
Generator,CH0 0,straw,0.00011415264724570503
Generator,CH0 0,unsustainable solid biomass,3.67e-07
Generator,CH0 0,urban central heat vent,0.004388805925619212
Generator,CH0 0,urban central solar thermal,0.03270503058294844
Generator,CH0 0,urban decentral heat vent,0.046495950383774576
Generator,CH0 0,urban decentral solar thermal,0.03653355989804588
Generator,CZ0 0,Onshore Wind,0.18523961593340266
Generator,CZ0 0,Run of River,0.3626886137902541
Generator,CZ0 0,Solar,0.12590309692564636
Generator,CZ0 0,forest residues,0.00011415525169198407
Generator,CZ0 0,industry wood,0.00011415525163838617
Generator,CZ0 0,landscape care,0.00011415525525567308
Generator,CZ0 0,manure and slurry,3.1608198826364717e-09
Generator,CZ0 0,municipal solid waste,0.00011025858177054499
Generator,CZ0 0,rural solar thermal,0.027746319365798414
Generator,CZ0 0,sewage sludge,1.5176401116640015e-07
Generator,CZ0 0,solar-hsat,0.15325849620798235
Generator,CZ0 0,solid biomass,2.495e-06
Generator,CZ0 0,straw,0.00011415524328968966
Generator,CZ0 0,unsustainable biogas,0.0001141552511569068
Generator,CZ0 0,unsustainable bioliquids,0.00011415525069464578
Generator,CZ0 0,unsustainable solid biomass,0.00011411157342353681
Generator,CZ0 0,urban central heat vent,0.45753899480069327
Generator,CZ0 0,urban central solar thermal,0.03603099784293361
Generator,CZ0 0,urban decentral heat vent,0.019985623549097935
Generator,CZ0 0,urban decentral solar thermal,0.021093413689195005
Generator,DE0 0,Offshore Wind (AC),0.48259689881734563
Generator,DE0 0,Offshore Wind (DC),0.5884771050317238
Generator,DE0 0,Offshore Wind (Floating),0.24384787472035796
Generator,DE0 0,Onshore Wind,0.28665673013729304
Generator,DE0 0,Run of River,0.4756848276694795
Generator,DE0 0,Solar,0.11590559844366553
Generator,DE0 0,forest residues,0.00011415525065951068
Generator,DE0 0,gas,0.146078662135157
Generator,DE0 0,industry wood,0.0001141552516997314
Generator,DE0 0,landscape care,0.00011415524507497174
Generator,DE0 0,manure and slurry,3.868896136459858e-09
Generator,DE0 0,municipal solid waste,0.00011349180500807306
Generator,DE0 0,rural solar thermal,0.02388888888888889
Generator,DE0 0,sewage sludge,4.048172021769829e-08
Generator,DE0 0,solar-hsat,0.14032156701055903
Generator,DE0 0,solid biomass,6.99e-07
Generator,DE0 0,straw,0.00011415524539239635
Generator,DE0 0,unsustainable biogas,0.0001141552516884268
Generator,DE0 0,unsustainable bioliquids,0.00011415525198197388
Generator,DE0 0,unsustainable solid biomass,0.00011410079929373178
Generator,DE0 0,urban central heat vent,0.20108066383635664
Generator,DE0 0,urban central solar thermal,0.024826887350109777
Generator,DE0 0,urban decentral heat vent,0.5943396226415094
Generator,DE0 0,urban decentral solar thermal,0.0196078431372549
Generator,DE0 1,Onshore Wind,0.1886497001141044
Generator,DE0 1,Run of River,0.4763991613338476
Generator,DE0 1,Solar,0.12176173314042867
Generator,DE0 1,forest residues,0.0001141552505426765
Generator,DE0 1,industry wood,0.0001141552513779578
Generator,DE0 1,landscape care,0.00011415526590189707
Generator,DE0 1,manure and slurry,1.207586388114565e-08
Generator,DE0 1,municipal solid waste,0.00011298280418133776
Generator,DE0 1,rural solar thermal,0.023232822540781017
Generator,DE0 1,sewage sludge,7.868830999547611e-08
Generator,DE0 1,solar-hsat,0.14764640591582434
Generator,DE0 1,solid biomass,5.99e-07
Generator,DE0 1,straw,0.00011415524418718003
Generator,DE0 1,unsustainable biogas,0.00011415525207451711
Generator,DE0 1,unsustainable bioliquids,0.00011415525240146687
Generator,DE0 1,unsustainable solid biomass,0.00011406532483202609
Generator,DE0 1,urban central heat vent,0.0009062144128912119
Generator,DE0 1,urban central solar thermal,0.0279517336184512
Generator,DE0 1,urban decentral heat vent,0.546031746031746
Generator,DE0 1,urban decentral solar thermal,0.020718232044198894
Generator,DE0 2,Offshore Wind (AC),0.5104259282511211
Generator,DE0 2,Offshore Wind (DC),0.5945538147431352
Generator,DE0 2,Offshore Wind (Floating),0.35271317829457366
Generator,DE0 2,Onshore Wind,0.25732340832523065
Generator,DE0 2,Run of River,0.47622826635042764
Generator,DE0 2,Solar,0.11377665087559438
Generator,DE0 2,forest residues,0.00011415525293953558
Generator,DE0 2,gas,0.22976352753951546
Generator,DE0 2,industry wood,0.00011415525257478179
Generator,DE0 2,landscape care,0.00011415526478159398
Generator,DE0 2,manure and slurry,4.901830488119021e-09
Generator,DE0 2,municipal solid waste,0.00011371797085814885
Generator,DE0 2,rural solar thermal,0.029285714285714283
Generator,DE0 2,sewage sludge,2.9039795387678547e-08
Generator,DE0 2,solar-hsat,0.13813387955194104
Generator,DE0 2,solid biomass,0.068086158
Generator,DE0 2,straw,0.00011415523915783566
Generator,DE0 2,unsustainable biogas,0.00011415525136889036
Generator,DE0 2,unsustainable bioliquids,0.00011415525195563112
Generator,DE0 2,unsustainable solid biomass,0.00011408012820175892
Generator,DE0 2,urban central heat vent,0.01990213468989409
Generator,DE0 2,urban central solar thermal,0.024933354241806496
Generator,DE0 2,urban decentral heat vent,0.006004679158910321
Generator,DE0 2,urban decentral solar thermal,0.019275700934579438
Generator,DE0 3,Onshore Wind,0.13906271426028521
Generator,DE0 3,Run of River,0.47670893656221314
Generator,DE0 3,Solar,0.12931853800818752
Generator,DE0 3,forest residues,0.00011415525029973456
Generator,DE0 3,industry wood,0.00011415525176123348
Generator,DE0 3,landscape care,0.00011415524449971394
Generator,DE0 3,manure and slurry,1.2522310824926907e-08
Generator,DE0 3,municipal solid waste,0.00011322866798183634
Generator,DE0 3,rural solar thermal,0.028835063437139565
Generator,DE0 3,sewage sludge,6.88819878223169e-08
Generator,DE0 3,solar-hsat,0.15599505108995396
Generator,DE0 3,solid biomass,6.45e-07
Generator,DE0 3,straw,0.00011415524591674815
Generator,DE0 3,unsustainable biogas,0.00011415525196387643
Generator,DE0 3,unsustainable bioliquids,0.00011415525250024702
Generator,DE0 3,unsustainable solid biomass,0.00011408368877973695
Generator,DE0 3,urban central heat vent,0.0010067338263428237
Generator,DE0 3,urban central solar thermal,0.03327398174938794
Generator,DE0 3,urban decentral heat vent,0.536741214057508
Generator,DE0 3,urban decentral solar thermal,0.024896265560165977
Generator,DE0 4,Onshore Wind,0.15837051417368603
Generator,DE0 4,Run of River,0.4766350726437723
Generator,DE0 4,Solar,0.12428803610072439
Generator,DE0 4,forest residues,0.0001141552516964924
Generator,DE0 4,industry wood,0.0001141552520135701
Generator,DE0 4,landscape care,0.00011415525318722887
Generator,DE0 4,manure and slurry,1.424756370869142e-08
Generator,DE0 4,municipal solid waste,0.00011366132739925134
Generator,DE0 4,rural solar thermal,0.034340659340659344
Generator,DE0 4,sewage sludge,3.597965479010038e-08
Generator,DE0 4,solar-hsat,0.15031473808751533
Generator,DE0 4,solid biomass,1.246e-06
Generator,DE0 4,straw,0.00011415524373261873
Generator,DE0 4,unsustainable biogas,0.0001141552510973402
Generator,DE0 4,unsustainable bioliquids,0.00011415525156678644
Generator,DE0 4,unsustainable solid biomass,0.00011408238368576207
Generator,DE0 4,urban central heat vent,0.011669917996741566
Generator,DE0 4,urban central solar thermal,0.030904830971772844
Generator,DE0 4,urban decentral heat vent,0.5301587301587302
Generator,DE0 4,urban decentral solar thermal,0.023144104803493448
Generator,DE0 5,Offshore Wind (AC),0.47460025326440247
Generator,DE0 5,Offshore Wind (DC),0.5503072339816372
Generator,DE0 5,Offshore Wind (Floating),0.2795497185741088
Generator,DE0 5,Onshore Wind,0.25044564232897265
Generator,DE0 5,Run of River,0.47557387962630754
Generator,DE0 5,Solar,0.12026569188521069
Generator,DE0 5,forest residues,0.00011415525042612784
Generator,DE0 5,gas,0.96040187129794
Generator,DE0 5,industry wood,0.00011415525105546343
Generator,DE0 5,landscape care,0.00011415525694042353
Generator,DE0 5,manure and slurry,8.655405455366159e-09
Generator,DE0 5,municipal solid waste,0.00011345543035786664
Generator,DE0 5,rural solar thermal,0.023266423357664236
Generator,DE0 5,sewage sludge,4.32089564517038e-08
Generator,DE0 5,solar-hsat,0.14797763909300138
Generator,DE0 5,solid biomass,7.25e-07
Generator,DE0 5,straw,0.00011415524234049792
Generator,DE0 5,unsustainable biogas,0.00011415525187578094
Generator,DE0 5,unsustainable bioliquids,0.00011415525210869947
Generator,DE0 5,unsustainable solid biomass,0.00011409334226645038
Generator,DE0 5,urban central heat vent,0.0008134902196197915
Generator,DE0 5,urban central solar thermal,0.030207924676343666
Generator,DE0 5,urban decentral heat vent,0.5628930817610063
Generator,DE0 5,urban decentral solar thermal,0.01951827242524917
Generator,DK0 0,Offshore Wind (AC),0.4365004002200741
Generator,DK0 0,Offshore Wind (DC),0.5006601144198328
Generator,DK0 0,Offshore Wind (Floating),0.3404074702886247
Generator,DK0 0,Onshore Wind,0.40437931445392156
Generator,DK0 0,Solar,0.11241244719830668
Generator,DK0 0,forest residues,0.00011415524955397466
Generator,DK0 0,gas,0.5940592935759135
Generator,DK0 0,industry wood,0.0001141552475598614
Generator,DK0 0,landscape care,0.00011415524489180554
Generator,DK0 0,manure and slurry,3.708780954067812e-09
Generator,DK0 0,municipal solid waste,0.00011312653897440237
Generator,DK0 0,rural solar thermal,0.03294117647058823
Generator,DK0 0,sewage sludge,6.293981625945563e-07
Generator,DK0 0,solar-hsat,0.12223743399178565
Generator,DK0 0,solid biomass,4e-07
Generator,DK0 0,straw,0.00011415523861281583
Generator,DK0 0,unsustainable biogas,0.00011415525295275452
Generator,DK0 0,unsustainable bioliquids,0.00011415517934591854
Generator,DK0 0,unsustainable solid biomass,0.00011401982826036706
Generator,DK0 0,urban central heat vent,0.07387438387584794
Generator,DK0 0,urban central solar thermal,0.021418174256602206
Generator,DK0 0,urban decentral heat vent,0.08570113884734844
Generator,DK0 0,urban decentral solar thermal,0.02071005917159763
Generator,DK1 0,Offshore Wind (AC),0.43231007507360997
Generator,DK1 0,Offshore Wind (DC),0.37239784117193525
Generator,DK1 0,Offshore Wind (Floating),0.3008474576271186
Generator,DK1 0,Onshore Wind,0.4679669981307197
Generator,DK1 0,Solar,0.11956146105018128
Generator,DK1 0,forest residues,0.00011415526647060198
Generator,DK1 0,industry wood,0.00011415528281110309
Generator,DK1 0,landscape care,0.0001141552761431638
Generator,DK1 0,manure and slurry,1.0916721036594063e-08
Generator,DK1 0,municipal solid waste,0.00011292154157634884
Generator,DK1 0,rural solar thermal,0.03950617283950618
Generator,DK1 0,sewage sludge,7.569113613932755e-07
Generator,DK1 0,solar-hsat,0.13522526315789474
Generator,DK1 0,solid biomass,3.4689999999999997e-06
Generator,DK1 0,straw,0.00011415520759081449
Generator,DK1 0,unsustainable biogas,0.00011415526245410807
Generator,DK1 0,unsustainable bioliquids,0.000114155046983689
Generator,DK1 0,unsustainable solid biomass,0.00011379054144385346
Generator,DK1 0,urban central heat vent,0.0657730439256365
Generator,DK1 0,urban central solar thermal,0.024504084014002333
Generator,DK1 0,urban decentral heat vent,0.12642204602258036
Generator,DK1 0,urban decentral solar thermal,0.022929936305732486
Generator,EE0 0,Offshore Wind (AC),0.44242567248702214
Generator,EE0 0,Offshore Wind (DC),0.46382428940568476
Generator,EE0 0,Offshore Wind (Floating),0.31366208569118836
Generator,EE0 0,Onshore Wind,0.30861212353433776
Generator,EE0 0,Solar,0.10999874426137803
Generator,EE0 0,forest residues,0.00011415524715010554
Generator,EE0 0,industry wood,0.00011415525117987808
Generator,EE0 0,landscape care,0.00011415528010308222
Generator,EE0 0,manure and slurry,1.214871531300868e-08
Generator,EE0 0,municipal solid waste,0.000109626761088193
Generator,EE0 0,rural solar thermal,0.020942408376963352
Generator,EE0 0,sewage sludge,0.0005506607929515419
Generator,EE0 0,solar-hsat,0.1401735479891873
Generator,EE0 0,solid biomass,8.359999999999999e-07
Generator,EE0 0,straw,0.00011415521942044599
Generator,EE0 0,unsustainable biogas,0.00011415531094288406
Generator,EE0 0,unsustainable solid biomass,0.00011407028010529541
Generator,EE0 0,urban central heat vent,0.005981122262806906
Generator,EE0 0,urban central solar thermal,0.02017358667604973
Generator,EE0 0,urban decentral heat vent,0.036892379765332876
Generator,EE0 0,urban decentral solar thermal,0.013649851632047478
Generator,ES0 0,Offshore Wind (AC),0.2798950026249344
Generator,ES0 0,Offshore Wind (Floating),0.21400472069236823
Generator,ES0 0,Onshore Wind,0.14115641940854035
Generator,ES0 0,Run of River,0.18166715384615384
Generator,ES0 0,Solar,0.14677677664453953
Generator,ES0 0,forest residues,0.00011415525075264911
Generator,ES0 0,gas,0.22202459646375777
Generator,ES0 0,industry wood,0.0001141552513489364
Generator,ES0 0,landscape care,0.00011415525300939778
Generator,ES0 0,manure and slurry,2.245710827915503e-09
Generator,ES0 0,municipal solid waste,0.00011370285516672135
Generator,ES0 0,rural solar thermal,0.07213114754098361
Generator,ES0 0,sewage sludge,4.341202719333629e-08
Generator,ES0 0,solar-hsat,0.2274482746351553
Generator,ES0 0,solid biomass,7.5e-07
Generator,ES0 0,straw,0.00011415524690001114
Generator,ES0 0,unsustainable biogas,0.00011415525137744595
Generator,ES0 0,unsustainable bioliquids,0.00011415525151187493
Generator,ES0 0,unsustainable solid biomass,0.00011412552346812174
Generator,ES0 0,urban central heat vent,0.053818268058002446
Generator,ES0 0,urban central solar thermal,0.06630272441674821
Generator,ES0 0,urban decentral heat vent,0.06005168344357269
Generator,ES0 0,urban decentral solar thermal,0.04922995919441885
Generator,ES6 0,Offshore Wind (AC),0.15968289920724804
Generator,ES6 0,Offshore Wind (Floating),0.1411192214111922
Generator,ES6 0,Onshore Wind,0.16358562957795603
Generator,ES6 0,Run of River,0.18416741917545443
Generator,ES6 0,Solar,0.18517822248768856
Generator,ES6 0,forest residues,0.00011415528217039791
Generator,ES6 0,industry wood,0.00011415534729896938
Generator,ES6 0,landscape care,0.0001141556894101404
Generator,ES6 0,manure and slurry,4.914582257879088e-07
Generator,ES6 0,municipal solid waste,9.849260672383922e-05
Generator,ES6 0,rural solar thermal,0.0750263435194942
Generator,ES6 0,sewage sludge,3.1976738725153865e-06
Generator,ES6 0,solar-hsat,0.23270821848231063
Generator,ES6 0,solid biomass,5.046e-06
Generator,ES6 0,straw,0.00011415511209386492
Generator,ES6 0,unsustainable biogas,0.0001141552525892177
Generator,ES6 0,unsustainable bioliquids,0.00011415524690736797
Generator,ES6 0,unsustainable solid biomass,0.00011055347604258768
Generator,ES6 0,urban central heat vent,0.7629476772261871
Generator,ES6 0,urban central solar thermal,0.04535498002834686
Generator,ES6 0,urban decentral heat vent,0.20213903743315506
Generator,ES6 0,urban decentral solar thermal,0.028846153846153848
Generator,EU,co2-ets,0.00019824875189
Generator,EU,coal,0.26364845403424325
Generator,EU,lignite,0.0011832013426630282
Generator,EU,oil primary,0.6079590315335669
Generator,EU,uranium,0.9747030682529646
Generator,FI1 0,Offshore Wind (AC),0.46044259248831576
Generator,FI1 0,Offshore Wind (DC),0.5369928330995833
Generator,FI1 0,Offshore Wind (Floating),0.3382978723404255
Generator,FI1 0,Onshore Wind,0.22729028265149911
Generator,FI1 0,Run of River,0.6257836665306679
Generator,FI1 0,Solar,0.10434229918318105
Generator,FI1 0,forest residues,0.00011415525017319848
Generator,FI1 0,gas,0.589482291949392
Generator,FI1 0,industry wood,0.00011415525139814967
Generator,FI1 0,landscape care,0.00011415525766507101
Generator,FI1 0,manure and slurry,2.6245167795316475e-08
Generator,FI1 0,municipal solid waste,0.00011308596297135945
Generator,FI1 0,rural solar thermal,0.02491694352159468
Generator,FI1 0,sewage sludge,2.4448659270998192e-08
Generator,FI1 0,solar-hsat,0.13468783673340678
Generator,FI1 0,solid biomass,4.769999999999999e-07
Generator,FI1 0,straw,0.00011415524398288288
Generator,FI1 0,unsustainable biogas,0.00011415525352085982
Generator,FI1 0,unsustainable bioliquids,0.00011415525195164127
Generator,FI1 0,unsustainable solid biomass,0.00011413559971191497
Generator,FI1 0,urban central heat vent,0.1464436269986183
Generator,FI1 0,urban central solar thermal,0.01600387972841901
Generator,FI1 0,urban decentral heat vent,0.011903194532549762
Generator,FI1 0,urban decentral solar thermal,0.01452991452991453
Generator,FR0 0,Offshore Wind (AC),0.4537304978836449
Generator,FR0 0,Offshore Wind (DC),0.4867295279598155
Generator,FR0 0,Offshore Wind (Floating),0.2862903225806452
Generator,FR0 0,Onshore Wind,0.24333927104888575
Generator,FR0 0,Solar,0.11761324963499178
Generator,FR0 0,forest residues,0.00011415525066559926
Generator,FR0 0,gas,0.7167506458010215
Generator,FR0 0,industry wood,0.00011415525147287362
Generator,FR0 0,landscape care,0.00011415524982430436
Generator,FR0 0,manure and slurry,3.211946797900535e-09
Generator,FR0 0,municipal solid waste,0.00011372792154686389
Generator,FR0 0,rural solar thermal,0.03425774877650897
Generator,FR0 0,sewage sludge,1.4487347529649981e-05
Generator,FR0 0,solar-hsat,0.11380145278450364
Generator,FR0 0,solid biomass,7.839999999999999e-07
Generator,FR0 0,straw,0.00011415524822629687
Generator,FR0 0,unsustainable biogas,0.00011415525112079394
Generator,FR0 0,unsustainable bioliquids,0.00011415525081614251
Generator,FR0 0,unsustainable solid biomass,0.00011411314589585244
Generator,FR0 0,urban central heat vent,0.03520323465427035
Generator,FR0 0,urban central solar thermal,0.024416796267496113
Generator,FR0 0,urban decentral heat vent,0.042294091473267605
Generator,FR0 0,urban decentral solar thermal,0.0191713048855906
Generator,FR0 1,Offshore Wind (AC),0.35997996380235847
Generator,FR0 1,Offshore Wind (Floating),0.3117683302526186
Generator,FR0 1,Onshore Wind,0.16274301756431528
Generator,FR0 1,Run of River,0.40955246693624003
Generator,FR0 1,Solar,0.14711979744409662
Generator,FR0 1,forest residues,0.00011415525258075288
Generator,FR0 1,gas,0.6659477462418405
Generator,FR0 1,industry wood,0.00011415525105337582
Generator,FR0 1,landscape care,0.00011415525863647413
Generator,FR0 1,manure and slurry,5.081507987342877e-09
Generator,FR0 1,municipal solid waste,0.00011343892046678696
Generator,FR0 1,rural solar thermal,0.05141242937853107
Generator,FR0 1,sewage sludge,0.00011366753521808798
Generator,FR0 1,solar-hsat,0.18499424862877037
Generator,FR0 1,solid biomass,9e-07
Generator,FR0 1,straw,0.00011415523127646218
Generator,FR0 1,unsustainable biogas,0.00011415525147692478
Generator,FR0 1,unsustainable bioliquids,0.00011415525166467015
Generator,FR0 1,unsustainable solid biomass,0.00011403223092875551
Generator,FR0 1,urban central heat vent,0.040833245526315266
Generator,FR0 1,urban central solar thermal,0.043293166895158386
Generator,FR0 1,urban decentral heat vent,0.04577800397908666
Generator,FR0 1,urban decentral solar thermal,0.03699788583509513
Generator,FR0 2,Offshore Wind (AC),0.28130360205831906
Generator,FR0 2,Offshore Wind (DC),0.3518589497891913
Generator,FR0 2,Offshore Wind (Floating),0.21713810316139767
Generator,FR0 2,Onshore Wind,0.16734351111954893
Generator,FR0 2,Run of River,0.4095111728508084
Generator,FR0 2,Solar,0.14289007935937628
Generator,FR0 2,forest residues,0.00011415524811982283
Generator,FR0 2,industry wood,0.00011415525150415432
Generator,FR0 2,landscape care,0.00011415525334285618
Generator,FR0 2,manure and slurry,3.1887106896925632e-09
Generator,FR0 2,municipal solid waste,0.00011312730631210592
Generator,FR0 2,rural solar thermal,0.03272576636288318
Generator,FR0 2,sewage sludge,0.00011402563644182034
Generator,FR0 2,solar-hsat,0.16044168408770482
Generator,FR0 2,solid biomass,4.92e-07
Generator,FR0 2,straw,0.00011415524198517577
Generator,FR0 2,unsustainable biogas,0.00011415525226595995
Generator,FR0 2,unsustainable bioliquids,0.00011415525169132492
Generator,FR0 2,unsustainable solid biomass,0.00011408205366190819
Generator,FR0 2,urban central heat vent,0.0016986499584784463
Generator,FR0 2,urban central solar thermal,0.03719567177637512
Generator,FR0 2,urban decentral heat vent,0.04084591772200712
Generator,FR0 2,urban decentral solar thermal,0.027578390630902908
Generator,FR0 3,Offshore Wind (AC),0.44364064214970705
Generator,FR0 3,Offshore Wind (DC),0.49104505614132543
Generator,FR0 3,Offshore Wind (Floating),0.31734064427690195
Generator,FR0 3,Onshore Wind,0.25398878115434537
Generator,FR0 3,Solar,0.12389696777185409
Generator,FR0 3,forest residues,0.00011415525025461622
Generator,FR0 3,gas,0.1380548985794498
Generator,FR0 3,industry wood,0.00011415525314832146
Generator,FR0 3,landscape care,0.00011415526101229859
Generator,FR0 3,manure and slurry,1.3622484979046575e-09
Generator,FR0 3,municipal solid waste,0.00011314659775743252
Generator,FR0 3,rural solar thermal,0.03151618398637138
Generator,FR0 3,sewage sludge,0.00011405272536608298
Generator,FR0 3,solar-hsat,0.1265132612512707
Generator,FR0 3,solid biomass,6.03e-07
Generator,FR0 3,straw,0.00011415524289464844
Generator,FR0 3,unsustainable biogas,0.00011415525674153625
Generator,FR0 3,unsustainable bioliquids,0.00011415525139274815
Generator,FR0 3,unsustainable solid biomass,0.00011408078434082367
Generator,FR0 3,urban central heat vent,0.037701238837584555
Generator,FR0 3,urban central solar thermal,0.027340983142088115
Generator,FR0 3,urban decentral heat vent,0.04184513510413913
Generator,FR0 3,urban decentral solar thermal,0.020580474934036936
Generator,FR0 4,Onshore Wind,0.19230303973400337
Generator,FR0 4,Run of River,0.39150427477813154
Generator,FR0 4,Solar,0.10911288726569905
Generator,FR0 4,forest residues,0.0001141552477680282
Generator,FR0 4,industry wood,0.00011415525063527166
Generator,FR0 4,landscape care,0.00011415525641984507
Generator,FR0 4,manure and slurry,4.495201434740664e-09
Generator,FR0 4,municipal solid waste,0.00011269574408924857
Generator,FR0 4,rural solar thermal,0.02794117647058824
Generator,FR0 4,sewage sludge,9.649076903196316e-05
Generator,FR0 4,solar-hsat,0.11637239165329054
Generator,FR0 4,solid biomass,5.19e-07
Generator,FR0 4,straw,0.00011415524468824011
Generator,FR0 4,unsustainable biogas,0.00011415525896217674
Generator,FR0 4,unsustainable bioliquids,0.00011415525239590364
Generator,FR0 4,unsustainable solid biomass,0.00011406036492574609
Generator,FR0 4,urban central heat vent,0.01727551263179681
Generator,FR0 4,urban central solar thermal,0.027535359614805896
Generator,FR0 4,urban decentral heat vent,0.003912655504602468
Generator,FR0 4,urban decentral solar thermal,0.0215492137449039
Generator,FR5 0,Offshore Wind (AC),0.13144058885383808
Generator,FR5 0,Offshore Wind (Floating),0.1286031042128603
Generator,FR5 0,Onshore Wind,0.13324004536171732
Generator,FR5 0,Solar,0.1163101604278075
Generator,FR5 0,forest residues,0.00011415528997936256
Generator,FR5 0,industry wood,0.0001141552430869221
Generator,FR5 0,landscape care,0.00011415555317750716
Generator,FR5 0,manure and slurry,4.788098555512536e-07
Generator,FR5 0,municipal solid waste,8.973457267801847e-05
Generator,FR5 0,rural solar thermal,0.037802419354838704
Generator,FR5 0,sewage sludge,0.00011590880552756215
Generator,FR5 0,solar-hsat,0.19802082383031216
Generator,FR5 0,solid biomass,7.71e-07
Generator,FR5 0,straw,0.00011415510784895128
Generator,FR5 0,unsustainable biogas,0.00011415531556948899
Generator,FR5 0,unsustainable bioliquids,0.00011415535871300683
Generator,FR5 0,unsustainable solid biomass,0.00010838976810271013
Generator,FR5 0,urban decentral heat vent,0.1597263282371822
Generator,GB2 0,Offshore Wind (AC),0.5417839998916598
Generator,GB2 0,Offshore Wind (DC),0.5926393227730758
Generator,GB2 0,Offshore Wind (Floating),0.4035308953341741
Generator,GB2 0,Onshore Wind,0.33264906369347297
Generator,GB2 0,Run of River,0.15414320227503978
Generator,GB2 0,Solar,0.10231136517583113
Generator,GB2 0,forest residues,0.00011415525114616027
Generator,GB2 0,gas,0.1184942316854076
Generator,GB2 0,industry wood,0.00011415525192300465
Generator,GB2 0,landscape care,0.00011415524951014764
Generator,GB2 0,manure and slurry,2.186835593737898e-09
Generator,GB2 0,municipal solid waste,0.00011210364266211177
Generator,GB2 0,rural solar thermal,0.02302631578947368
Generator,GB2 0,sewage sludge,1.9334954667693664e-06
Generator,GB2 0,solar-hsat,0.1082024432809773
Generator,GB2 0,solid biomass,5.86e-07
Generator,GB2 0,straw,0.00011415522471494085
Generator,GB2 0,unsustainable biogas,0.0001141552521649996
Generator,GB2 0,unsustainable bioliquids,0.00011415525221637094
Generator,GB2 0,unsustainable solid biomass,0.0001140690744654002
Generator,GB2 0,urban central heat vent,0.10625596227155826
Generator,GB2 0,urban central solar thermal,0.015357992645468312
Generator,GB2 0,urban decentral heat vent,0.6416184971098267
Generator,GB2 0,urban decentral solar thermal,0.02262443438914027
Generator,GB2 1,Offshore Wind (AC),0.4947738341569182
Generator,GB2 1,Offshore Wind (DC),0.5246253676298959
Generator,GB2 1,Offshore Wind (Floating),0.35316846986089645
Generator,GB2 1,Onshore Wind,0.36554805659260475
Generator,GB2 1,Solar,0.1107632353483085
Generator,GB2 1,forest residues,0.00011415524697811346
Generator,GB2 1,gas,0.22482104291104785
Generator,GB2 1,industry wood,0.00011415525224948227
Generator,GB2 1,landscape care,0.00011415525996637671
Generator,GB2 1,manure and slurry,2.1178531232819755e-09
Generator,GB2 1,municipal solid waste,0.00011258174947100182
Generator,GB2 1,rural solar thermal,0.02317161477190442
Generator,GB2 1,sewage sludge,1.465881769792127e-06
Generator,GB2 1,solar-hsat,0.13588284650901689
Generator,GB2 1,solid biomass,6.2e-07
Generator,GB2 1,straw,0.00011415524438534904
Generator,GB2 1,unsustainable biogas,0.00011415525170530331
Generator,GB2 1,unsustainable bioliquids,0.00011415525309662593
Generator,GB2 1,unsustainable solid biomass,0.00011410206631627559
Generator,GB2 1,urban central heat vent,0.006887881705782982
Generator,GB2 1,urban central solar thermal,0.020543051089674882
Generator,GB2 1,urban decentral heat vent,0.00383642981570225
Generator,GB2 1,urban decentral solar thermal,0.022270114942528736
Generator,GB3 0,Offshore Wind (AC),0.5059341270329487
Generator,GB3 0,Offshore Wind (DC),0.5449884054213657
Generator,GB3 0,Offshore Wind (Floating),0.4070422535211268
Generator,GB3 0,Onshore Wind,0.36460687288842236
Generator,GB3 0,Run of River,0.15386112934996718
Generator,GB3 0,Solar,0.0976203241013
Generator,GB3 0,forest residues,0.00011415517549918869
Generator,GB3 0,industry wood,0.00011415525326263431
Generator,GB3 0,landscape care,0.00011415522313592751
Generator,GB3 0,manure and slurry,7.208675600043582e-09
Generator,GB3 0,municipal solid waste,9.257975447706315e-05
Generator,GB3 0,rural solar thermal,0.022191400832177532
Generator,GB3 0,sewage sludge,4.1219133224815206e-05
Generator,GB3 0,solar-hsat,0.10761418562971814
Generator,GB3 0,solid biomass,4.88e-07
Generator,GB3 0,straw,0.00011415236702976461
Generator,GB3 0,unsustainable biogas,0.00011415525103905538
Generator,GB3 0,unsustainable bioliquids,0.0001141552571315648
Generator,GB3 0,unsustainable solid biomass,0.00011344205912240756
Generator,GB3 0,urban central heat vent,0.15035023332825748
Generator,GB3 0,urban central solar thermal,0.01542483660130719
Generator,GB3 0,urban decentral heat vent,0.012798704368950507
Generator,GB3 0,urban decentral solar thermal,0.021947873799725653
Generator,GR0 0,Offshore Wind (AC),0.1882119861317484
Generator,GR0 0,Offshore Wind (DC),0.477694869464442
Generator,GR0 0,Offshore Wind (Floating),0.2615868028279654
Generator,GR0 0,Onshore Wind,0.16480942563979462
Generator,GR0 0,Run of River,0.1989027158098933
Generator,GR0 0,Solar,0.17407652899388282
Generator,GR0 0,forest residues,0.00011415525053283998
Generator,GR0 0,gas,0.1542676882311764
Generator,GR0 0,industry wood,0.00011415525036744147
Generator,GR0 0,landscape care,0.00011415525120538972
Generator,GR0 0,manure and slurry,1.3030090010627447e-08
Generator,GR0 0,municipal solid waste,0.00010914727703716605
Generator,GR0 0,rural solar thermal,0.05570255474452555
Generator,GR0 0,sewage sludge,1.4979409805130117e-07
Generator,GR0 0,solar-hsat,0.21719399074406776
Generator,GR0 0,solid biomass,0.019919302
Generator,GR0 0,straw,0.00011415523756816968
Generator,GR0 0,unsustainable biogas,0.00011415525128434292
Generator,GR0 0,unsustainable bioliquids,0.00011415525445906204
Generator,GR0 0,unsustainable solid biomass,0.00011396900241917283
Generator,GR0 0,urban central heat vent,0.04502021106626987
Generator,GR0 0,urban central solar thermal,0.05674173735010237
Generator,GR0 0,urban decentral heat vent,0.06317598003258981
Generator,GR0 0,urban decentral solar thermal,0.03559061177375914
Generator,HR0 0,Offshore Wind (AC),0.15612758813654168
Generator,HR0 0,Offshore Wind (DC),0.1927512355848435
Generator,HR0 0,Offshore Wind (Floating),0.1378169790518192
Generator,HR0 0,Onshore Wind,0.09331765373207457
Generator,HR0 0,Run of River,0.5024459514306466
Generator,HR0 0,Solar,0.1358257399749897
Generator,HR0 0,forest residues,0.00011415523788029605
Generator,HR0 0,industry wood,0.00011415525273189717
Generator,HR0 0,landscape care,0.00011415523136263521
Generator,HR0 0,manure and slurry,2.7022953228658167e-08
Generator,HR0 0,municipal solid waste,4.992224676821917e-05
Generator,HR0 0,rural solar thermal,0.035744863013698634
Generator,HR0 0,sewage sludge,2.7773421488643294e-06
Generator,HR0 0,solar-hsat,0.1779085642879037
Generator,HR0 0,solid biomass,9e-07
Generator,HR0 0,straw,0.00011415523492208147
Generator,HR0 0,unsustainable biogas,0.00011415526123659635
Generator,HR0 0,unsustainable bioliquids,0.00011415398733235172
Generator,HR0 0,unsustainable solid biomass,0.00011405564006247263
Generator,HR0 0,urban central heat vent,0.003341251149302784
Generator,HR0 0,urban central solar thermal,0.04943329236651645
Generator,HR0 0,urban decentral heat vent,0.01134395052267441
Generator,HR0 0,urban decentral solar thermal,0.025735294117647054
Generator,HU0 0,Onshore Wind,0.15033697307704377
Generator,HU0 0,Run of River,0.5050822335025381
Generator,HU0 0,Solar,0.14374527848463692
Generator,HU0 0,forest residues,0.0001141552495671243
Generator,HU0 0,gas,0.33852771199044973
Generator,HU0 0,industry wood,0.00011415525055045924
Generator,HU0 0,landscape care,0.00011415524567443687
Generator,HU0 0,manure and slurry,3.0023791794539138e-09
Generator,HU0 0,municipal solid waste,0.00011279600371496502
Generator,HU0 0,rural solar thermal,0.03672316384180791
Generator,HU0 0,sewage sludge,2.555941660061954e-07
Generator,HU0 0,solar-hsat,0.1746103472569481
Generator,HU0 0,solid biomass,1.356e-06
Generator,HU0 0,straw,0.00011415524341004245
Generator,HU0 0,unsustainable biogas,0.0001141552644667735
Generator,HU0 0,unsustainable bioliquids,0.00011415525278426975
Generator,HU0 0,unsustainable solid biomass,0.00011408334128484893
Generator,HU0 0,urban central heat vent,0.019097777965681982
Generator,HU0 0,urban central solar thermal,0.04776607337450054
Generator,HU0 0,urban decentral heat vent,0.8238993710691823
Generator,HU0 0,urban decentral solar thermal,0.024999999999999998
Generator,IE3 0,Offshore Wind (AC),0.46628071143747324
Generator,IE3 0,Offshore Wind (DC),0.5947648805983885
Generator,IE3 0,Offshore Wind (Floating),0.3682119205298013
Generator,IE3 0,Onshore Wind,0.3286359476044803
Generator,IE3 0,Run of River,0.46995847222222226
Generator,IE3 0,Solar,0.10304143922515806
Generator,IE3 0,forest residues,0.00011415525213920863
Generator,IE3 0,gas,0.999955309840894
Generator,IE3 0,industry wood,0.00011415525265556359
Generator,IE3 0,landscape care,0.00011415524785179088
Generator,IE3 0,manure and slurry,6.729766804623561e-09
Generator,IE3 0,municipal solid waste,0.00010726737369884024
Generator,IE3 0,rural solar thermal,0.025714285714285714
Generator,IE3 0,sewage sludge,0.00010127268755207722
Generator,IE3 0,solar-hsat,0.12557843823120224
Generator,IE3 0,solid biomass,7.6e-07
Generator,IE3 0,straw,0.00011415470750664418
Generator,IE3 0,unsustainable biogas,0.00011415526612026385
Generator,IE3 0,unsustainable bioliquids,0.00011415525856068078
Generator,IE3 0,unsustainable solid biomass,0.00011353555512636976
Generator,IE3 0,urban central heat vent,0.019189080327119513
Generator,IE3 0,urban central solar thermal,0.01899335232668566
Generator,IE3 0,urban decentral heat vent,0.01248444532313024
Generator,IE3 0,urban decentral solar thermal,0.02251791197543501
Generator,IT0 0,Offshore Wind (AC),0.20152214571013635
Generator,IT0 0,Offshore Wind (DC),0.3176470588235294
Generator,IT0 0,Offshore Wind (Floating),0.1570631970260223
Generator,IT0 0,Onshore Wind,0.10815453133535309
Generator,IT0 0,Run of River,0.3724326530612245
Generator,IT0 0,Solar,0.12412698694069076
Generator,IT0 0,forest residues,0.00011415525282251856
Generator,IT0 0,gas,0.2924750569549795
Generator,IT0 0,industry wood,0.000114155252817564
Generator,IT0 0,landscape care,0.00011415524778713544
Generator,IT0 0,manure and slurry,7.509483559721535e-09
Generator,IT0 0,municipal solid waste,0.00011332173932874008
Generator,IT0 0,rural solar thermal,0.04035150645624103
Generator,IT0 0,sewage sludge,6.960755259916405e-07
Generator,IT0 0,solar-hsat,0.2061182964639602
Generator,IT0 0,solid biomass,0.053830624
Generator,IT0 0,straw,0.00011415524163146463
Generator,IT0 0,unsustainable biogas,0.00011415525138312082
Generator,IT0 0,unsustainable bioliquids,0.0001141552527506912
Generator,IT0 0,unsustainable solid biomass,0.00011409521470835007
Generator,IT0 0,urban central heat vent,0.062317748664071554
Generator,IT0 0,urban central solar thermal,0.04981119948581988
Generator,IT0 0,urban decentral heat vent,0.06543311625513913
Generator,IT0 0,urban decentral solar thermal,0.03221162497750585
Generator,IT0 1,Offshore Wind (AC),0.13321492007104796
Generator,IT0 1,Offshore Wind (DC),0.16576819407008084
Generator,IT0 1,Offshore Wind (Floating),0.12316384180790961
Generator,IT0 1,Onshore Wind,0.0749869985811864
Generator,IT0 1,Run of River,0.37262905250203654
Generator,IT0 1,Solar,0.1456204953358877
Generator,IT0 1,forest residues,0.00011415525128504673
Generator,IT0 1,gas,0.9964403668581518
Generator,IT0 1,industry wood,0.00011415525183496377
Generator,IT0 1,landscape care,0.00011415525295890414
Generator,IT0 1,manure and slurry,2.237950271598581e-09
Generator,IT0 1,municipal solid waste,0.00011339925209066786
Generator,IT0 1,rural solar thermal,0.04580152671755725
Generator,IT0 1,sewage sludge,6.093886935080402e-07
Generator,IT0 1,solar-hsat,0.17985666750728468
Generator,IT0 1,solid biomass,9.17e-07
Generator,IT0 1,straw,0.00011415524113709511
Generator,IT0 1,unsustainable biogas,0.00011415525110174909
Generator,IT0 1,unsustainable bioliquids,0.0001141552507827394
Generator,IT0 1,unsustainable solid biomass,0.00011412404432479792
Generator,IT0 1,urban central heat vent,0.03422267801815587
Generator,IT0 1,urban central solar thermal,0.04245918825819979
Generator,IT0 1,urban decentral heat vent,0.041592121720682065
Generator,IT0 1,urban decentral solar thermal,0.03729071537290716
Generator,IT4 0,Offshore Wind (AC),0.2071121531848378
Generator,IT4 0,Offshore Wind (Floating),0.18134715025906734
Generator,IT4 0,Onshore Wind,0.146643734219266
Generator,IT4 0,Run of River,0.3668168333333333
Generator,IT4 0,Solar,0.13266537915866608
Generator,IT4 0,forest residues,0.00011415525795092968
Generator,IT4 0,industry wood,0.00011415525896594378
Generator,IT4 0,landscape care,0.00011415549021779
Generator,IT4 0,manure and slurry,4.346770435294549e-08
Generator,IT4 0,municipal solid waste,0.00010146206439590226
Generator,IT4 0,rural solar thermal,0.03446888412017167
Generator,IT4 0,sewage sludge,2.121330415427975e-05
Generator,IT4 0,solar-hsat,0.20223435207600599
Generator,IT4 0,solid biomass,0.013967375999999998
Generator,IT4 0,straw,0.00011415495556570725
Generator,IT4 0,unsustainable biogas,0.00011415525245424901
Generator,IT4 0,unsustainable bioliquids,0.00011415528064358909
Generator,IT4 0,unsustainable solid biomass,0.00011296598729456788
Generator,IT4 0,urban central heat vent,0.04899324662331166
Generator,IT4 0,urban central solar thermal,0.062099315440617184
Generator,IT4 0,urban decentral heat vent,0.05225719857641926
Generator,IT4 0,urban decentral solar thermal,0.030610721218456028
Generator,LT0 0,Offshore Wind (AC),0.44645441389290885
Generator,LT0 0,Offshore Wind (DC),0.5369195947385048
Generator,LT0 0,Offshore Wind (Floating),0.3214611872146119
Generator,LT0 0,Onshore Wind,0.2453285364424923
Generator,LT0 0,Run of River,0.4822889108910891
Generator,LT0 0,Solar,0.11169232974205039
Generator,LT0 0,forest residues,0.00011415524822034304
Generator,LT0 0,gas,0.06826264958832955
Generator,LT0 0,industry wood,0.00011415525219218435
Generator,LT0 0,landscape care,0.00011415524577458991
Generator,LT0 0,manure and slurry,7.57054531509635e-09
Generator,LT0 0,municipal solid waste,0.00010491105947525149
Generator,LT0 0,rural solar thermal,0.01828410689170183
Generator,LT0 0,sewage sludge,0.00011741499154612061
Generator,LT0 0,solar-hsat,0.1408625023536805
Generator,LT0 0,solid biomass,1.031e-06
Generator,LT0 0,straw,0.00011415522933618295
Generator,LT0 0,unsustainable biogas,0.00011415525938263308
Generator,LT0 0,unsustainable bioliquids,0.0001141552530551347
Generator,LT0 0,unsustainable solid biomass,0.00011403701446276678
Generator,LT0 0,urban central heat vent,0.001098279807879065
Generator,LT0 0,urban central solar thermal,0.022360782627391957
Generator,LT0 0,urban decentral heat vent,0.005068946922425083
Generator,LT0 0,urban decentral solar thermal,0.011716461628588169
Generator,LU0 0,Onshore Wind,0.22386494712621763
Generator,LU0 0,Solar,0.10522559630555066
Generator,LU0 0,forest residues,0.00011415526960552999
Generator,LU0 0,industry wood,0.00011415527870422755
Generator,LU0 0,landscape care,0.00011415573960113132
Generator,LU0 0,manure and slurry,4.860888031689877e-08
Generator,LU0 0,municipal solid waste,6.028532995253804e-05
Generator,LU0 0,rural solar thermal,0.02323125659978881
Generator,LU0 0,sewage sludge,0.00011415957081110615
Generator,LU0 0,solar-hsat,0.13471054074067887
Generator,LU0 0,solid biomass,7.11e-07
Generator,LU0 0,straw,0.00011415490613961327
Generator,LU0 0,unsustainable biogas,0.00011415525510964986
Generator,LU0 0,unsustainable solid biomass,0.0001128720785043754
Generator,LU0 0,urban central heat vent,0.06066119433610736
Generator,LU0 0,urban central solar thermal,0.02381388532698296
Generator,LU0 0,urban decentral heat vent,0.016963663207972768
Generator,LU0 0,urban decentral solar thermal,0.01579778830963665
Generator,LV0 0,Offshore Wind (AC),0.42141568502600024
Generator,LV0 0,Offshore Wind (DC),0.4816104461371056
Generator,LV0 0,Offshore Wind (Floating),0.3420289855072464
Generator,LV0 0,Onshore Wind,0.2544341672389339
Generator,LV0 0,Run of River,0.27879121150966735
Generator,LV0 0,Solar,0.10737021569810991
Generator,LV0 0,forest residues,0.00011415524777330583
Generator,LV0 0,industry wood,0.0001141552507914322
Generator,LV0 0,landscape care,0.00011415526276405274
Generator,LV0 0,manure and slurry,1.2001828101864088e-08
Generator,LV0 0,municipal solid waste,9.87453375630742e-05
Generator,LV0 0,rural solar thermal,0.023668639053254437
Generator,LV0 0,sewage sludge,0.00011413890179571979
Generator,LV0 0,solar-hsat,0.1402416550078589
Generator,LV0 0,solid biomass,8.9e-07
Generator,LV0 0,straw,0.00011415521707660419
Generator,LV0 0,unsustainable biogas,0.00011415525435076077
Generator,LV0 0,unsustainable bioliquids,0.00011415524719146004
Generator,LV0 0,unsustainable solid biomass,0.00011409223570747663
Generator,LV0 0,urban central heat vent,0.026122188006946535
Generator,LV0 0,urban central solar thermal,0.021095152603231596
Generator,LV0 0,urban decentral heat vent,0.9634146341463415
Generator,LV0 0,urban decentral solar thermal,0.015170670037926675
Generator,ME0 0,Offshore Wind (AC),0.0735042735042735
Generator,ME0 0,Offshore Wind (Floating),0.11835106382978723
Generator,ME0 0,Onshore Wind,0.033319073552671816
Generator,ME0 0,Run of River,0.5696847014925374
Generator,ME0 0,Solar,0.13382675472853492
Generator,ME0 0,forest residues,0.00011415510059312554
Generator,ME0 0,industry wood,0.00011415527647830143
Generator,ME0 0,landscape care,0.00012700428639466583
Generator,ME0 0,manure and slurry,3.1248096402283024e-07
Generator,ME0 0,municipal solid waste,5.519984820041745e-07
Generator,ME0 0,rural heat vent,0.04414080493631426
Generator,ME0 0,rural solar thermal,0.04062038404726736
Generator,ME0 0,sewage sludge,0.000877963125548727
Generator,ME0 0,solar-hsat,0.19982638770947325
Generator,ME0 0,solid biomass,1.201e-06
Generator,ME0 0,straw,0.00011414955519039686
Generator,ME0 0,unsustainable solid biomass,0.00011331102482272896
Generator,ME0 0,urban central heat vent,0.016881848197218684
Generator,ME0 0,urban central solar thermal,0.053270012015792186
Generator,ME0 0,urban decentral heat vent,0.04378500294188149
Generator,ME0 0,urban decentral solar thermal,0.04017692591227424
Generator,MK0 0,Onshore Wind,0.022650308567098258
Generator,MK0 0,Run of River,0.3240119519832985
Generator,MK0 0,Solar,0.16052642755755517
Generator,MK0 0,forest residues,0.0001141551924604099
Generator,MK0 0,industry wood,0.00011415524542080158
Generator,MK0 0,landscape care,0.00011418565733738378
Generator,MK0 0,manure and slurry,1.1843250148673462e-07
Generator,MK0 0,municipal solid waste,9.870641134026685e-05
Generator,MK0 0,rural heat vent,0.048905513359276044
Generator,MK0 0,rural solar thermal,0.030128639133378467
Generator,MK0 0,sewage sludge,3.209117208308441e-05
Generator,MK0 0,solar-hsat,0.2048928114456043
Generator,MK0 0,solid biomass,1.4030000000000002e-06
Generator,MK0 0,straw,0.0001141551253497079
Generator,MK0 0,unsustainable biogas,0.00011415528221664154
Generator,MK0 0,unsustainable solid biomass,0.00011326629146633145
Generator,MK0 0,urban central heat vent,0.00813353792503757
Generator,MK0 0,urban central solar thermal,0.046698872785829314
Generator,MK0 0,urban decentral heat vent,0.04700329672935986
Generator,MK0 0,urban decentral solar thermal,0.02925353059852051
Generator,NL0 0,Offshore Wind (AC),0.5250197147357368
Generator,NL0 0,Offshore Wind (DC),0.570677645282232
Generator,NL0 0,Offshore Wind (Floating),0.2949494949494949
Generator,NL0 0,Onshore Wind,0.34884329414837734
Generator,NL0 0,Solar,0.11612881728712839
Generator,NL0 0,forest residues,0.00011415524687549758
Generator,NL0 0,gas,0.237762064284882
Generator,NL0 0,industry wood,0.00011415526563703431
Generator,NL0 0,landscape care,0.00011415524573408402
Generator,NL0 0,manure and slurry,4.497718806778524e-09
Generator,NL0 0,municipal solid waste,0.00011388886272414138
Generator,NL0 0,rural solar thermal,0.044444444444444446
Generator,NL0 0,sewage sludge,1.914362033518784e-07
Generator,NL0 0,solar-hsat,0.14099800505811202
Generator,NL0 0,solid biomass,8.959999999999999e-07
Generator,NL0 0,straw,0.00011415521892604057
Generator,NL0 0,unsustainable biogas,0.00011415525179288894
Generator,NL0 0,unsustainable bioliquids,0.00011415525137724386
Generator,NL0 0,unsustainable solid biomass,0.00011405275899913039
Generator,NL0 0,urban central heat vent,0.013970610954901189
Generator,NL0 0,urban central solar thermal,0.0256328099967959
Generator,NL0 0,urban decentral heat vent,0.6509433962264151
Generator,NL0 0,urban decentral solar thermal,0.018665158371040724
Generator,NO1 0,Offshore Wind (AC),0.4278435599548557
Generator,NO1 0,Offshore Wind (DC),0.5454954954954955
Generator,NO1 0,Offshore Wind (Floating),0.3590127150336574
Generator,NO1 0,Onshore Wind,0.22397985738684761
Generator,NO1 0,Run of River,0.4979726162464986
Generator,NO1 0,Solar,0.09756898348393359
Generator,NO1 0,forest residues,0.00011415525158156285
Generator,NO1 0,gas,0.04355777933228775
Generator,NO1 0,industry wood,0.00011415525137213676
Generator,NO1 0,landscape care,0.00011417731458696619
Generator,NO1 0,manure and slurry,0.00011416582834754063
Generator,NO1 0,municipal solid waste,0.00011348666918133992
Generator,NO1 0,rural solar thermal,0.022328548644338114
Generator,NO1 0,sewage sludge,1.2646111307199692e-07
Generator,NO1 0,solar-hsat,0.1111111111111111
Generator,NO1 0,solid biomass,0.110786418
Generator,NO1 0,straw,0.00011423676186685847
Generator,NO1 0,unsustainable biogas,0.00011415525114155251
Generator,NO1 0,unsustainable bioliquids,0.00011415525502465808
Generator,NO1 0,unsustainable solid biomass,0.00011400106822603185
Generator,NO1 0,urban central heat vent,0.30946675242223504
Generator,NO1 0,urban central solar thermal,0.014753046824887749
Generator,NO1 0,urban decentral heat vent,0.004668833249416395
Generator,NO1 0,urban decentral solar thermal,0.02259036144578313
Generator,PL0 0,Offshore Wind (AC),0.475093968596331
Generator,PL0 0,Offshore Wind (DC),0.5213353824945631
Generator,PL0 0,Offshore Wind (Floating),0.36237826755509994
Generator,PL0 0,Onshore Wind,0.26119264128006575
Generator,PL0 0,Run of River,0.6467469885066571
Generator,PL0 0,Solar,0.12066271497497646
Generator,PL0 0,forest residues,0.00011415525103676622
Generator,PL0 0,gas,0.6721877334350969
Generator,PL0 0,industry wood,0.00011415525147260314
Generator,PL0 0,landscape care,0.00011415525402908516
Generator,PL0 0,manure and slurry,1.9873701544033438e-09
Generator,PL0 0,municipal solid waste,0.00011364501930574884
Generator,PL0 0,rural solar thermal,0.029069767441860465
Generator,PL0 0,sewage sludge,5.650959392402893e-08
Generator,PL0 0,solar-hsat,0.14816623000397158
Generator,PL0 0,solid biomass,6.381e-06
Generator,PL0 0,straw,0.00011415524761939487
Generator,PL0 0,unsustainable biogas,0.00011415525451941213
Generator,PL0 0,unsustainable bioliquids,0.00011415525082311198
Generator,PL0 0,unsustainable solid biomass,0.00011413891835781369
Generator,PL0 0,urban central heat vent,0.29394473838918284
Generator,PL0 0,urban central solar thermal,0.0346749226006192
Generator,PL0 0,urban decentral heat vent,0.013903369808379475
Generator,PL0 0,urban decentral solar thermal,0.018739352640545145
Generator,PT0 0,Offshore Wind (AC),0.35002225838849266
Generator,PT0 0,Offshore Wind (Floating),0.27445997458703936
Generator,PT0 0,Onshore Wind,0.15700253192810076
Generator,PT0 0,Run of River,0.3318615290640394
Generator,PT0 0,Solar,0.16623595069117314
Generator,PT0 0,forest residues,0.0001141552484708381
Generator,PT0 0,gas,0.5002143800443637
Generator,PT0 0,industry wood,0.00011415525181620972
Generator,PT0 0,landscape care,0.0001141552617770597
Generator,PT0 0,manure and slurry,5.1056985074728764e-09
Generator,PT0 0,municipal solid waste,0.00011313408817263817
Generator,PT0 0,rural solar thermal,0.042997909823828014
Generator,PT0 0,sewage sludge,1.1190904907978163e-07
Generator,PT0 0,solar-hsat,0.22145289189514025
Generator,PT0 0,solid biomass,8.27e-07
Generator,PT0 0,straw,0.00011415523143529692
Generator,PT0 0,unsustainable biogas,0.00011415526082900682
Generator,PT0 0,unsustainable bioliquids,0.00011415525268387465
Generator,PT0 0,unsustainable solid biomass,0.0001141018030322728
Generator,PT0 0,urban central heat vent,0.1259840338346038
Generator,PT0 0,urban central solar thermal,0.047487223168654176
Generator,PT0 0,urban decentral heat vent,0.12436284689446858
Generator,PT0 0,urban decentral solar thermal,0.03161810291382518
Generator,RO0 0,Offshore Wind (AC),0.38402513623051626
Generator,RO0 0,Offshore Wind (DC),0.41585764184135554
Generator,RO0 0,Offshore Wind (Floating),0.2507861635220126
Generator,RO0 0,Onshore Wind,0.12244563248732523
Generator,RO0 0,Run of River,0.2681550469266921
Generator,RO0 0,Solar,0.1476073202114853
Generator,RO0 0,forest residues,0.0001141552510093287
Generator,RO0 0,gas,0.04869682673062163
Generator,RO0 0,industry wood,0.00011415525147386114
Generator,RO0 0,landscape care,0.00011415525179198717
Generator,RO0 0,manure and slurry,5.8362734718880514e-09
Generator,RO0 0,municipal solid waste,0.00011266599834662018
Generator,RO0 0,rural solar thermal,0.034299105240732854
Generator,RO0 0,sewage sludge,4.865444666142576e-06
Generator,RO0 0,solar-hsat,0.18219775880149186
Generator,RO0 0,solid biomass,1.455e-06
Generator,RO0 0,straw,0.00011415524588911992
Generator,RO0 0,unsustainable biogas,0.00011415529300387092
Generator,RO0 0,unsustainable bioliquids,0.00011415525126374152
Generator,RO0 0,unsustainable solid biomass,0.00011411241845033022
Generator,RO0 0,urban central heat vent,0.015457211099675709
Generator,RO0 0,urban central solar thermal,0.04708578912901113
Generator,RO0 0,urban decentral heat vent,0.5683229813664596
Generator,RO0 0,urban decentral solar thermal,0.028586278586278588
Generator,RS0 0,Onshore Wind,0.10450999758675167
Generator,RS0 0,Run of River,0.5738555490517443
Generator,RS0 0,Solar,0.13845283087765425
Generator,RS0 0,forest residues,0.00011415522612126144
Generator,RS0 0,industry wood,0.00011415525282897329
Generator,RS0 0,landscape care,0.0001141545251616924
Generator,RS0 0,manure and slurry,1.0464385920013985e-08
Generator,RS0 0,municipal solid waste,0.0001128332529229617
Generator,RS0 0,rural heat vent,0.053336279091094785
Generator,RS0 0,rural solar thermal,0.02912621359223301
Generator,RS0 0,sewage sludge,4.208872492926018e-05
Generator,RS0 0,solar-hsat,0.1884348610940265
Generator,RS0 0,solid biomass,1.231e-06
Generator,RS0 0,straw,0.0001141552434359301
Generator,RS0 0,unsustainable biogas,0.00011415529321166344
Generator,RS0 0,unsustainable solid biomass,0.0001140172218648157
Generator,RS0 0,urban central heat vent,0.002362354176102348
Generator,RS0 0,urban central solar thermal,0.04433497536945812
Generator,RS0 0,urban decentral heat vent,0.057480812202467695
Generator,RS0 0,urban decentral solar thermal,0.02845059592464437
Generator,SE1 0,Offshore Wind (AC),0.47506473702510915
Generator,SE1 0,Offshore Wind (DC),0.5336081341027754
Generator,SE1 0,Offshore Wind (Floating),0.32450331125827814
Generator,SE1 0,Onshore Wind,0.2361264312879547
Generator,SE1 0,Run of River,0.6145823455824864
Generator,SE1 0,Solar,0.11037926976442027
Generator,SE1 0,forest residues,0.0001141552503128908
Generator,SE1 0,gas,0.9974114694749369
Generator,SE1 0,industry wood,0.00011415525104202206
Generator,SE1 0,landscape care,0.00011415524961797932
Generator,SE1 0,manure and slurry,6.6977031107268926e-09
Generator,SE1 0,municipal solid waste,0.00011368075010243415
Generator,SE1 0,rural solar thermal,0.026397515527950312
Generator,SE1 0,sewage sludge,4.115537106414739e-08
Generator,SE1 0,solar-hsat,0.14007180181173895
Generator,SE1 0,solid biomass,4.3499999999999996e-07
Generator,SE1 0,straw,0.00011415524432710272
Generator,SE1 0,unsustainable biogas,0.0001141552507974484
Generator,SE1 0,unsustainable bioliquids,0.00011415525190449262
Generator,SE1 0,unsustainable solid biomass,0.0001141385028838376
Generator,SE1 0,urban central heat vent,0.24791901795113241
Generator,SE1 0,urban central solar thermal,0.016810254255095608
Generator,SE1 0,urban decentral heat vent,0.012087207271096558
Generator,SE1 0,urban decentral solar thermal,0.01959247648902821
Generator,SI0 0,Offshore Wind (AC),0.11596958174904942
Generator,SI0 0,Offshore Wind (Floating),0.06692913385826772
Generator,SI0 0,Onshore Wind,0.04050464807436919
Generator,SI0 0,Run of River,0.5010514952965316
Generator,SI0 0,Solar,0.12371529196712909
Generator,SI0 0,forest residues,0.00011415525095983136
Generator,SI0 0,industry wood,0.00011415525231993869
Generator,SI0 0,landscape care,0.00011415532107001012
Generator,SI0 0,manure and slurry,5.3383116052201786e-08
Generator,SI0 0,municipal solid waste,0.00010243920952093715
Generator,SI0 0,rural solar thermal,0.03134906657273688
Generator,SI0 0,sewage sludge,1.366530079869727e-06
Generator,SI0 0,solar-hsat,0.13713359846811018
Generator,SI0 0,solid biomass,8.51e-07
Generator,SI0 0,straw,0.00011415502957334817
Generator,SI0 0,unsustainable biogas,0.00011415530378496239
Generator,SI0 0,unsustainable solid biomass,0.00011388601062620323
Generator,SI0 0,urban central heat vent,0.014207745901191088
Generator,SI0 0,urban central solar thermal,0.03954429903022314
Generator,SI0 0,urban decentral heat vent,0.007308574660988985
Generator,SI0 0,urban decentral solar thermal,0.027068126520681263
Generator,SK0 0,Onshore Wind,0.11327927014698429
Generator,SK0 0,Run of River,0.30756033965951923
Generator,SK0 0,Solar,0.12405050153946008
Generator,SK0 0,forest residues,0.00011415525096413781
Generator,SK0 0,gas,0.03947674245124445
Generator,SK0 0,industry wood,0.00011415525168786726
Generator,SK0 0,landscape care,0.00011415524135719746
Generator,SK0 0,manure and slurry,7.926132970104867e-09
Generator,SK0 0,municipal solid waste,0.00011106861325146682
Generator,SK0 0,rural solar thermal,0.02739197530864198
Generator,SK0 0,sewage sludge,7.117948171104702e-05
Generator,SK0 0,solar-hsat,0.1379161054454493
Generator,SK0 0,solid biomass,1.063e-06
Generator,SK0 0,straw,0.00011415522874725532
Generator,SK0 0,unsustainable biogas,0.00011415525669810344
Generator,SK0 0,unsustainable bioliquids,0.00011415524989248155
Generator,SK0 0,unsustainable solid biomass,0.00011404975611865597
Generator,SK0 0,urban central heat vent,0.032350084972080605
Generator,SK0 0,urban central solar thermal,0.038033220083050205
Generator,SK0 0,urban decentral heat vent,0.004684489135972004
Generator,SK0 0,urban decentral solar thermal,0.024026210411357843
Generator,XK0 0,Onshore Wind,0.031806618226359426
Generator,XK0 0,Run of River,0.5899023178807947
Generator,XK0 0,Solar,0.15362112115749896
Generator,XK0 0,forest residues,0.00011415507741222873
Generator,XK0 0,industry wood,0.0001141552458053586
Generator,XK0 0,manure and slurry,4.928315862331075e-07
Generator,XK0 0,municipal solid waste,7.475255805449332e-07
Generator,XK0 0,rural heat vent,0.09461480927449513
Generator,XK0 0,rural solar thermal,0.07407407407407408
Generator,XK0 0,sewage sludge,4.832875673286809e-06
Generator,XK0 0,solar-hsat,0.1746662036317776
Generator,XK0 0,solid biomass,1.2370000000000002e-06
Generator,XK0 0,straw,0.00011415513213556461
Generator,XK0 0,unsustainable solid biomass,0.00011369441899744625
Generator,XK0 0,urban central heat vent,0.29798356982823
Generator,XK0 0,urban central solar thermal,0.04594830815332751
Generator,XK0 0,urban decentral heat vent,0.24318181818181817
StorageUnit,AL0 0,Reservoir & Dam,0.4902920210563672
StorageUnit,AT0 0,Pumped Hydro Storage,0.4243308920860597
StorageUnit,AT0 0,Reservoir & Dam,0.4645728075495277
StorageUnit,AT0 0,rural heat vent,0.019153771236879124
StorageUnit,BA0 0,Pumped Hydro Storage,0.0007214545454545454
StorageUnit,BA0 0,Reservoir & Dam,0.31892724555962787
StorageUnit,BE0 0,Pumped Hydro Storage,0.14749109327217125
StorageUnit,BE0 0,Reservoir & Dam,0.517268427966491
StorageUnit,BE0 0,rural heat vent,0.01919961114711601
StorageUnit,BG0 0,Pumped Hydro Storage,0.4941539930555556
StorageUnit,BG0 0,Reservoir & Dam,0.15607768785646758
StorageUnit,BG0 0,rural heat vent,0.019178027392811887
StorageUnit,CH0 0,Pumped Hydro Storage,0.47816457792875255
StorageUnit,CH0 0,Reservoir & Dam,0.2589012266576901
StorageUnit,CH0 0,rural heat vent,0.019178466798476533
StorageUnit,CZ0 0,Pumped Hydro Storage,0.09420528539533998
StorageUnit,CZ0 0,Reservoir & Dam,0.33220271688520336
StorageUnit,CZ0 0,rural heat vent,0.01917707018693356
StorageUnit,DE0 0,Pumped Hydro Storage,0.20764090624999998
StorageUnit,DE0 0,rural heat vent,0.019228833182321554
StorageUnit,DE0 1,Pumped Hydro Storage,0.2908494172626505
StorageUnit,DE0 1,rural heat vent,0.01913823272090989
StorageUnit,DE0 2,Pumped Hydro Storage,0.1447266138708903
StorageUnit,DE0 2,rural heat vent,0.017113697180907335
StorageUnit,DE0 3,Pumped Hydro Storage,0.28214664322921956
StorageUnit,DE0 3,rural heat vent,0.019183028661701646
StorageUnit,DE0 4,Pumped Hydro Storage,0.281792178573532
StorageUnit,DE0 4,rural heat vent,0.0191713048855906
StorageUnit,DE0 5,Pumped Hydro Storage,0.19754080816163233
StorageUnit,DE0 5,rural heat vent,0.019167637403367573
StorageUnit,DK0 0,rural heat vent,0.019177717149927033
StorageUnit,DK1 0,rural heat vent,0.019178443187348126
StorageUnit,EE0 0,rural heat vent,0.019176924933622982
StorageUnit,ES0 0,Pumped Hydro Storage,0.5019205665246353
StorageUnit,ES0 0,Reservoir & Dam,0.16576048846991998
StorageUnit,ES0 0,rural heat vent,0.019178107179420534
StorageUnit,ES6 0,Pumped Hydro Storage,0.2172025575633926
StorageUnit,ES6 0,Reservoir & Dam,0.16575910361929924
StorageUnit,ES6 0,rural heat vent,0.019155354449472098
StorageUnit,FI1 0,Reservoir & Dam,0.5899974210076857
StorageUnit,FI1 0,rural heat vent,0.011582400065396877
StorageUnit,FR0 0,Pumped Hydro Storage,0.2573319306930693
StorageUnit,FR0 0,rural heat vent,0.019178009713496966
StorageUnit,FR0 1,Pumped Hydro Storage,0.44975901120520057
StorageUnit,FR0 1,Reservoir & Dam,0.36865892080563784
StorageUnit,FR0 1,rural heat vent,0.01917850732247404
StorageUnit,FR0 2,Pumped Hydro Storage,0.499552345276873
StorageUnit,FR0 2,Reservoir & Dam,0.36861478922942476
StorageUnit,FR0 2,rural heat vent,0.019178511311226686
StorageUnit,FR0 3,rural heat vent,0.01917817968312146
StorageUnit,FR0 4,Reservoir & Dam,0.36865302158273383
StorageUnit,FR0 4,rural heat vent,0.019178082503945173
StorageUnit,FR5 0,Reservoir & Dam,0.3686536291978366
StorageUnit,FR5 0,rural heat vent,0.019177832512930246
StorageUnit,GB2 0,Reservoir & Dam,0.13883685534591195
StorageUnit,GB2 0,rural heat vent,0.019217570350034317
StorageUnit,GB2 1,rural heat vent,0.003583987396967395
StorageUnit,GB3 0,Pumped Hydro Storage,0.27302445454545454
StorageUnit,GB3 0,Reservoir & Dam,0.13884042253521128
StorageUnit,GB3 0,rural heat vent,0.012262772405830565
StorageUnit,GR0 0,Pumped Hydro Storage,0.42188702432045777
StorageUnit,GR0 0,Reservoir & Dam,0.18069324629773967
StorageUnit,GR0 0,rural heat vent,0.019177757628501
StorageUnit,HR0 0,Pumped Hydro Storage,0.4730326821326822
StorageUnit,HR0 0,Reservoir & Dam,0.4872608212728843
StorageUnit,HR0 0,rural heat vent,0.012204430913725297
StorageUnit,HU0 0,Reservoir & Dam,0.4663982142857143
StorageUnit,HU0 0,rural heat vent,0.01920596244804357
StorageUnit,IE3 0,Pumped Hydro Storage,0.14528239795918366
StorageUnit,IE3 0,Reservoir & Dam,0.423
StorageUnit,IE3 0,rural heat vent,0.010161314493166974
StorageUnit,IT0 0,Pumped Hydro Storage,0.5038941277128548
StorageUnit,IT0 0,Reservoir & Dam,0.33543222222222224
StorageUnit,IT0 0,rural heat vent,0.019178729018829072
StorageUnit,IT0 1,Pumped Hydro Storage,0.46579363844486316
StorageUnit,IT0 1,Reservoir & Dam,0.335433334317256
StorageUnit,IT0 1,rural heat vent,0.01917869531162583
StorageUnit,IT4 0,Pumped Hydro Storage,0.5546138749999999
StorageUnit,IT4 0,Reservoir & Dam,0.3354244871794872
StorageUnit,IT4 0,rural heat vent,0.019178250380777615
StorageUnit,LT0 0,Pumped Hydro Storage,0.23797018888888888
StorageUnit,LT0 0,rural heat vent,0.005266384512545518
StorageUnit,LU0 0,Pumped Hydro Storage,0.24204780525502317
StorageUnit,LU0 0,rural heat vent,0.01647640791476408
StorageUnit,LV0 0,rural heat vent,0.01917857789035643
StorageUnit,ME0 0,Pumped Hydro Storage,0.33076351791530945
StorageUnit,ME0 0,Reservoir & Dam,0.5604234971489531
StorageUnit,MK0 0,Reservoir & Dam,0.2942276010781671
StorageUnit,NL0 0,rural heat vent,0.019185566355377676
StorageUnit,NO1 0,Pumped Hydro Storage,0.01585040546308152
StorageUnit,NO1 0,Reservoir & Dam,0.4481812287770668
StorageUnit,NO1 0,rural heat vent,0.00429192772700274
StorageUnit,PL0 0,Pumped Hydro Storage,0.28178261381475667
StorageUnit,PL0 0,Reservoir & Dam,0.7791612274963846
StorageUnit,PL0 0,rural heat vent,0.013805713885766027
StorageUnit,PT0 0,Pumped Hydro Storage,0.4302409227631914
StorageUnit,PT0 0,Reservoir & Dam,0.3307573745040538
StorageUnit,PT0 0,rural heat vent,0.01917780473343321
StorageUnit,RO0 0,Reservoir & Dam,0.24139384351249682
StorageUnit,RO0 0,rural heat vent,0.019170660554282144
StorageUnit,RS0 0,Pumped Hydro Storage,0.3166207328990228
StorageUnit,RS0 0,Reservoir & Dam,0.5247894696873814
StorageUnit,SE1 0,Pumped Hydro Storage,0.14685402173913042
StorageUnit,SE1 0,Reservoir & Dam,0.5533313886658927
StorageUnit,SE1 0,rural heat vent,0.012252762559197697
StorageUnit,SI0 0,Pumped Hydro Storage,0.3057426111111111
StorageUnit,SI0 0,Reservoir & Dam,0.4654590326107707
StorageUnit,SI0 0,rural heat vent,0.00553499840899392
StorageUnit,SK0 0,Pumped Hydro Storage,0.3072538904829062
StorageUnit,SK0 0,Reservoir & Dam,0.28158282577903687
StorageUnit,SK0 0,rural heat vent,0.019220444539890472
StorageUnit,XK0 0,Reservoir & Dam,0.5567671428571429
