component,carrier,location,bus_carrier,0
Generator,Offshore Wind (AC),AL0 0,AC,14.71889
Generator,Offshore Wind (AC),BA0 0,AC,3.32229
Generator,Offshore Wind (AC),BE0 0,AC,9359252.07227
Generator,Offshore Wind (AC),BG0 0,AC,84.41304
Generator,Offshore Wind (AC),DE0 0,AC,9204653.91103
Generator,Offshore Wind (AC),DE0 2,AC,24753664.51126
Generator,Offshore Wind (AC),DE0 5,AC,9074998.6864
Generator,Offshore Wind (AC),DK0 0,AC,5881076.36589
Generator,Offshore Wind (AC),DK1 0,AC,3847061.68837
Generator,Offshore Wind (AC),EE0 0,AC,425.89345
Generator,Offshore Wind (AC),ES0 0,AC,48610.27287
Generator,Offshore Wind (AC),ES6 0,AC,16.00911
Generator,Offshore Wind (AC),FI1 0,AC,831.75827
Generator,Offshore Wind (AC),FR0 0,AC,14487110.29222
Generator,Offshore Wind (AC),FR0 1,AC,344334.1065
Generator,Offshore Wind (AC),FR0 2,AC,110.25358
Generator,Offshore Wind (AC),FR0 3,AC,36390501.65667
Generator,Offshore Wind (AC),FR5 0,AC,14.43275
Generator,Offshore Wind (AC),GB2 0,AC,34434044.74658
Generator,Offshore Wind (AC),GB2 1,AC,69578693.05354
Generator,Offshore Wind (AC),GB3 0,AC,3319180.03405
Generator,Offshore Wind (AC),GR0 0,AC,42.75318
Generator,Offshore Wind (AC),HR0 0,AC,32.11542
Generator,Offshore Wind (AC),IE3 0,AC,98671.27744
Generator,Offshore Wind (AC),IT0 0,AC,51739.97602
Generator,Offshore Wind (AC),IT0 1,AC,25.57447
Generator,Offshore Wind (AC),IT4 0,AC,60.56248
Generator,Offshore Wind (AC),LT0 0,AC,574.65781
Generator,Offshore Wind (AC),LV0 0,AC,451.11063
Generator,Offshore Wind (AC),ME0 0,AC,4.7796
Generator,Offshore Wind (AC),NL0 0,AC,24419324.40975
Generator,Offshore Wind (AC),NO1 0,AC,517229.65948
Generator,Offshore Wind (AC),PL0 0,AC,19920977.25335
Generator,Offshore Wind (AC),PT0 0,AC,10627178.03795
Generator,Offshore Wind (AC),RO0 0,AC,5486609.73647
Generator,Offshore Wind (AC),SE1 0,AC,744396.55551
Generator,Offshore Wind (AC),SI0 0,AC,5.55154
Generator,Offshore Wind (DC),BE0 0,AC,4108777.51774
Generator,Offshore Wind (DC),BG0 0,AC,52394.1477
Generator,Offshore Wind (DC),DE0 0,AC,7854781.98654
Generator,Offshore Wind (DC),DE0 2,AC,104118517.6175
Generator,Offshore Wind (DC),DE0 5,AC,1195662.73045
Generator,Offshore Wind (DC),DK0 0,AC,420.96992
Generator,Offshore Wind (DC),DK1 0,AC,49.08132
Generator,Offshore Wind (DC),EE0 0,AC,290.82561
Generator,Offshore Wind (DC),FI1 0,AC,11206558.60109
Generator,Offshore Wind (DC),FR0 0,AC,12138949.8895
Generator,Offshore Wind (DC),FR0 2,AC,100.02235
Generator,Offshore Wind (DC),FR0 3,AC,14983532.84496
Generator,Offshore Wind (DC),GB2 0,AC,80158554.41119
Generator,Offshore Wind (DC),GB2 1,AC,22095652.74855
Generator,Offshore Wind (DC),GB3 0,AC,4459593.72405
Generator,Offshore Wind (DC),GR0 0,AC,23192953.57386
Generator,Offshore Wind (DC),HR0 0,AC,43.47776
Generator,Offshore Wind (DC),IE3 0,AC,5231143.09121
Generator,Offshore Wind (DC),IT0 0,AC,99.69012
Generator,Offshore Wind (DC),IT0 1,AC,31.51889
Generator,Offshore Wind (DC),LT0 0,AC,8919310.509
Generator,Offshore Wind (DC),LV0 0,AC,1177.30651
Generator,Offshore Wind (DC),NL0 0,AC,133020025.49029
Generator,Offshore Wind (DC),NO1 0,AC,917.35571
Generator,Offshore Wind (DC),PL0 0,AC,28352555.69719
Generator,Offshore Wind (DC),RO0 0,AC,9454030.96563
Generator,Offshore Wind (DC),SE1 0,AC,3350.72388
Generator,Offshore Wind (Floating),AL0 0,AC,13.03853
Generator,Offshore Wind (Floating),BA0 0,AC,1.15896
Generator,Offshore Wind (Floating),BE0 0,AC,11.0262
Generator,Offshore Wind (Floating),BG0 0,AC,29.95565
Generator,Offshore Wind (Floating),DE0 0,AC,8.46333
Generator,Offshore Wind (Floating),DE0 2,AC,14.83416
Generator,Offshore Wind (Floating),DE0 5,AC,10.53981
Generator,Offshore Wind (Floating),DK0 0,AC,41.14369
Generator,Offshore Wind (Floating),DK1 0,AC,29.04518
Generator,Offshore Wind (Floating),EE0 0,AC,39.38522
Generator,Offshore Wind (Floating),ES0 0,AC,28.79608
Generator,Offshore Wind (Floating),ES6 0,AC,12.01639
Generator,Offshore Wind (Floating),FI1 0,AC,47.38355
Generator,Offshore Wind (Floating),FR0 0,AC,9.9416
Generator,Offshore Wind (Floating),FR0 1,AC,56.69374
Generator,Offshore Wind (Floating),FR0 2,AC,27.19001
Generator,Offshore Wind (Floating),FR0 3,AC,46.92065
Generator,Offshore Wind (Floating),FR5 0,AC,12.25586
Generator,Offshore Wind (Floating),GB2 0,AC,67.83348
Generator,Offshore Wind (Floating),GB2 1,AC,46.57446
Generator,Offshore Wind (Floating),GB3 0,AC,57.8682
Generator,Offshore Wind (Floating),GR0 0,AC,36.57499
Generator,Offshore Wind (Floating),HR0 0,AC,13.27741
Generator,Offshore Wind (Floating),IE3 0,AC,56.71048
Generator,Offshore Wind (Floating),IT0 0,AC,18.3735
Generator,Offshore Wind (Floating),IT0 1,AC,11.6435
Generator,Offshore Wind (Floating),IT4 0,AC,22.41521
Generator,Offshore Wind (Floating),LT0 0,AC,35.64747
Generator,Offshore Wind (Floating),LV0 0,AC,46.82298
Generator,Offshore Wind (Floating),ME0 0,AC,9.35758
Generator,Offshore Wind (Floating),NL0 0,AC,11.41878
Generator,Offshore Wind (Floating),NO1 0,AC,49.88923
Generator,Offshore Wind (Floating),PL0 0,AC,74.91587
Generator,Offshore Wind (Floating),PT0 0,AC,44.55152
Generator,Offshore Wind (Floating),RO0 0,AC,36.83539
Generator,Offshore Wind (Floating),SE1 0,AC,44.10598
Generator,Offshore Wind (Floating),SI0 0,AC,1.61868
Generator,Onshore Wind,AL0 0,AC,85379.32054
Generator,Onshore Wind,AT0 0,AC,3730585.83602
Generator,Onshore Wind,BA0 0,AC,168395.22924
Generator,Onshore Wind,BE0 0,AC,29412087.3035
Generator,Onshore Wind,BG0 0,AC,630123.00251
Generator,Onshore Wind,CH0 0,AC,22328.92404
Generator,Onshore Wind,CZ0 0,AC,10164486.87577
Generator,Onshore Wind,DE0 0,AC,45491816.45753
Generator,Onshore Wind,DE0 1,AC,5492077.24713
Generator,Onshore Wind,DE0 2,AC,14112769.30763
Generator,Onshore Wind,DE0 3,AC,552988.41651
Generator,Onshore Wind,DE0 4,AC,3963684.03202
Generator,Onshore Wind,DE0 5,AC,47258200.35171
Generator,Onshore Wind,DK0 0,AC,65589835.95047
Generator,Onshore Wind,DK1 0,AC,25307003.46328
Generator,Onshore Wind,EE0 0,AC,10614707.16623
Generator,Onshore Wind,ES0 0,AC,37809170.93365
Generator,Onshore Wind,ES6 0,AC,55.10859
Generator,Onshore Wind,FI1 0,AC,18852187.14661
Generator,Onshore Wind,FR0 0,AC,26435535.55646
Generator,Onshore Wind,FR0 1,AC,1665705.5402
Generator,Onshore Wind,FR0 2,AC,4061118.28185
Generator,Onshore Wind,FR0 3,AC,7625901.59863
Generator,Onshore Wind,FR0 4,AC,5905316.41824
Generator,Onshore Wind,FR5 0,AC,19596.75615
Generator,Onshore Wind,GB2 0,AC,34137472.87698
Generator,Onshore Wind,GB2 1,AC,36683440.25111
Generator,Onshore Wind,GB3 0,AC,4005095.29743
Generator,Onshore Wind,GR0 0,AC,7143631.44462
Generator,Onshore Wind,HR0 0,AC,924962.46284
Generator,Onshore Wind,HU0 0,AC,417075.82498
Generator,Onshore Wind,IE3 0,AC,13612281.21405
Generator,Onshore Wind,IT0 0,AC,8013838.95529
Generator,Onshore Wind,IT0 1,AC,105717.58548
Generator,Onshore Wind,IT4 0,AC,1455972.84571
Generator,Onshore Wind,LT0 0,AC,2580084.94579
Generator,Onshore Wind,LU0 0,AC,283869.69461
Generator,Onshore Wind,LV0 0,AC,225127.05421
Generator,Onshore Wind,ME0 0,AC,33928.36681
Generator,Onshore Wind,MK0 0,AC,14333.8753
Generator,Onshore Wind,NL0 0,AC,15405938.90189
Generator,Onshore Wind,NO1 0,AC,10847929.02714
Generator,Onshore Wind,PL0 0,AC,65189441.36276
Generator,Onshore Wind,PT0 0,AC,7335406.37169
Generator,Onshore Wind,RO0 0,AC,5883541.37933
Generator,Onshore Wind,RS0 0,AC,700386.19695
Generator,Onshore Wind,SE1 0,AC,34311175.06182
Generator,Onshore Wind,SI0 0,AC,6.37134
Generator,Onshore Wind,SK0 0,AC,55.46862
Generator,Onshore Wind,XK0 0,AC,37005.78291
Generator,Run of River,AL0 0,AC,215031.91525
Generator,Run of River,AT0 0,AC,19605543.75329
Generator,Run of River,BE0 0,AC,288347.44034
Generator,Run of River,BG0 0,AC,167015.28973
Generator,Run of River,CH0 0,AC,10588424.78659
Generator,Run of River,CZ0 0,AC,128064.88777
Generator,Run of River,DE0 0,AC,310766.50621
Generator,Run of River,DE0 1,AC,977669.00377
Generator,Run of River,DE0 2,AC,1787489.30423
Generator,Run of River,DE0 3,AC,12747377.44173
Generator,Run of River,DE0 4,AC,3654142.82409
Generator,Run of River,DE0 5,AC,393976.9485
Generator,Run of River,ES0 0,AC,208137.72604
Generator,Run of River,ES6 0,AC,237151.25505
Generator,Run of River,FI1 0,AC,8061660.88926
Generator,Run of River,FR0 1,AC,14847514.34895
Generator,Run of River,FR0 2,AC,4506514.397
Generator,Run of River,FR0 4,AC,5011714.49352
Generator,Run of River,GB2 0,AC,3882668.49935
Generator,Run of River,GB3 0,AC,1027312.70968
Generator,Run of River,GR0 0,AC,180303.30098
Generator,Run of River,HR0 0,AC,1203479.99263
Generator,Run of River,HU0 0,AC,87557.73175
Generator,Run of River,IE3 0,AC,890099.24106
Generator,Run of River,IT0 0,AC,5755589.12062
Generator,Run of River,IT0 1,AC,18673064.33263
Generator,Run of River,IT4 0,AC,193991.77248
Generator,Run of River,LT0 0,AC,427059.07042
Generator,Run of River,LV0 0,AC,3751743.54564
Generator,Run of River,ME0 0,AC,27020.54858
Generator,Run of River,MK0 0,AC,544089.62609
Generator,Run of River,NO1 0,AC,3893302.23007
Generator,Run of River,PL0 0,AC,1033908.17347
Generator,Run of River,PT0 0,AC,7377876.829
Generator,Run of River,RO0 0,AC,8272420.95799
Generator,Run of River,RS0 0,AC,8581982.32916
Generator,Run of River,SE1 0,AC,6885853.28082
Generator,Run of River,SI0 0,AC,2209464.98316
Generator,Run of River,SK0 0,AC,3287114.03575
Generator,Run of River,XK0 0,AC,156138.11047
Generator,Solar,AL0 0,AC,388951.55764
Generator,Solar,AT0 0,AC,457143.41914
Generator,Solar,BA0 0,AC,348142.75499
Generator,Solar,BE0 0,AC,475008.07042
Generator,Solar,BG0 0,AC,3269334.16634
Generator,Solar,CH0 0,AC,112265.6533
Generator,Solar,CZ0 0,AC,1437207.72391
Generator,Solar,DE0 0,AC,2656020.02279
Generator,Solar,DE0 1,AC,4058713.07543
Generator,Solar,DE0 2,AC,1614189.06341
Generator,Solar,DE0 3,AC,5035181.24199
Generator,Solar,DE0 4,AC,2411265.97425
Generator,Solar,DE0 5,AC,11393844.38236
Generator,Solar,DK0 0,AC,1618583.04587
Generator,Solar,DK1 0,AC,569879.46954
Generator,Solar,EE0 0,AC,424345.03704
Generator,Solar,ES0 0,AC,57399203.68089
Generator,Solar,ES6 0,AC,439078.08933
Generator,Solar,FI1 0,AC,143872.98153
Generator,Solar,FR0 0,AC,1591561.76523
Generator,Solar,FR0 1,AC,3764437.78108
Generator,Solar,FR0 2,AC,5780353.12144
Generator,Solar,FR0 3,AC,944545.33696
Generator,Solar,FR0 4,AC,997035.66745
Generator,Solar,FR5 0,AC,78.66316
Generator,Solar,GB2 0,AC,1457539.83256
Generator,Solar,GB2 1,AC,9521702.98023
Generator,Solar,GB3 0,AC,203595.58167
Generator,Solar,GR0 0,AC,5883338.42038
Generator,Solar,HR0 0,AC,95840.69558
Generator,Solar,HU0 0,AC,3264492.33774
Generator,Solar,IE3 0,AC,1110975.86371
Generator,Solar,IT0 0,AC,5440546.66769
Generator,Solar,IT0 1,AC,1645850.88322
Generator,Solar,IT4 0,AC,417027.46086
Generator,Solar,LT0 0,AC,295467.22702
Generator,Solar,LU0 0,AC,49741.66719
Generator,Solar,LV0 0,AC,41320.25056
Generator,Solar,ME0 0,AC,3746.87928
Generator,Solar,MK0 0,AC,425741.36157
Generator,Solar,NL0 0,AC,4825324.15545
Generator,Solar,NO1 0,AC,1195.32562
Generator,Solar,PL0 0,AC,2772851.33515
Generator,Solar,PT0 0,AC,5240172.15295
Generator,Solar,RO0 0,AC,2623021.87726
Generator,Solar,RS0 0,AC,42627.16273
Generator,Solar,SE1 0,AC,276110.20194
Generator,Solar,SI0 0,AC,32318.10286
Generator,Solar,SK0 0,AC,488363.7031
Generator,Solar,XK0 0,AC,224150.84767
Generator,co2-ets,,co2,-194818031.08046
Generator,co2-ets,EU,co2,-1654286701.39962
Generator,coal,EU,coal,296446114.11401
Generator,forest residues,AL0 0,solid biomass,435064.07467
Generator,forest residues,AT0 0,solid biomass,9373456.51719
Generator,forest residues,BA0 0,solid biomass,545312.97236
Generator,forest residues,BE0 0,solid biomass,2817482.26412
Generator,forest residues,BG0 0,solid biomass,4447961.96714
Generator,forest residues,CH0 0,solid biomass,11707439.91865
Generator,forest residues,CZ0 0,solid biomass,7109407.07373
Generator,forest residues,DE0 0,solid biomass,5809098.30529
Generator,forest residues,DE0 1,solid biomass,4696774.07881
Generator,forest residues,DE0 2,solid biomass,4107215.15228
Generator,forest residues,DE0 3,solid biomass,6914530.95457
Generator,forest residues,DE0 4,solid biomass,5868832.70062
Generator,forest residues,DE0 5,solid biomass,6553249.28418
Generator,forest residues,DK0 0,solid biomass,1151203.76048
Generator,forest residues,DK1 0,solid biomass,300709.43577
Generator,forest residues,EE0 0,solid biomass,3128550.28336
Generator,forest residues,ES0 0,solid biomass,10526025.69781
Generator,forest residues,ES6 0,solid biomass,79392.95899
Generator,forest residues,FI1 0,solid biomass,15774307.11836
Generator,forest residues,FR0 0,solid biomass,2583136.14319
Generator,forest residues,FR0 1,solid biomass,3305203.00758
Generator,forest residues,FR0 2,solid biomass,6396212.51859
Generator,forest residues,FR0 3,solid biomass,1395188.07398
Generator,forest residues,FR0 4,solid biomass,3371675.47325
Generator,forest residues,FR5 0,solid biomass,76215.61489
Generator,forest residues,GB2 0,solid biomass,3220691.18989
Generator,forest residues,GB2 1,solid biomass,1107159.03402
Generator,forest residues,GB3 0,solid biomass,159999.4487
Generator,forest residues,GR0 0,solid biomass,785774.06462
Generator,forest residues,HR0 0,solid biomass,1496531.60932
Generator,forest residues,HU0 0,solid biomass,4278570.05229
Generator,forest residues,IE3 0,solid biomass,1236917.45593
Generator,forest residues,IT0 0,solid biomass,3650868.74511
Generator,forest residues,IT0 1,solid biomass,7048475.69194
Generator,forest residues,IT4 0,solid biomass,146185.78266
Generator,forest residues,LT0 0,solid biomass,3118821.38474
Generator,forest residues,LU0 0,solid biomass,265789.7029
Generator,forest residues,LV0 0,solid biomass,5917811.22978
Generator,forest residues,ME0 0,solid biomass,91105.22677
Generator,forest residues,MK0 0,solid biomass,197550.11526
Generator,forest residues,NL0 0,solid biomass,506547.41492
Generator,forest residues,NO1 0,solid biomass,4067982.57983
Generator,forest residues,PL0 0,solid biomass,17419670.62807
Generator,forest residues,PT0 0,solid biomass,4825295.50902
Generator,forest residues,RO0 0,solid biomass,13994882.02167
Generator,forest residues,RS0 0,solid biomass,562374.62515
Generator,forest residues,SE1 0,solid biomass,28168872.26805
Generator,forest residues,SI0 0,solid biomass,3574396.25378
Generator,forest residues,SK0 0,solid biomass,4015049.48965
Generator,forest residues,XK0 0,solid biomass,57002.24903
Generator,gas,AT0 0,gas,15644148.44008
Generator,gas,BE0 0,gas,89397108.58876
Generator,gas,BG0 0,gas,25238710.97011
Generator,gas,DE0 0,gas,57829502.64167
Generator,gas,DE0 2,gas,155185882.60828
Generator,gas,DE0 5,gas,67790262.00736
Generator,gas,DK0 0,gas,22827696.9129
Generator,gas,ES0 0,gas,80028314.1776
Generator,gas,FI1 0,gas,36782283.51852
Generator,gas,FR0 0,gas,120783348.75471
Generator,gas,FR0 1,gas,70625529.78178
Generator,gas,FR0 3,gas,14141303.43043
Generator,gas,GB2 0,gas,85401339.15876
Generator,gas,GB2 1,gas,173037536.2705
Generator,gas,GR0 0,gas,8222921.38374
Generator,gas,HU0 0,gas,62828626.47614
Generator,gas,IE3 0,gas,18779020.88965
Generator,gas,IT0 0,gas,116182873.24835
Generator,gas,IT0 1,gas,229612405.36391
Generator,gas,LT0 0,gas,3660527.88844
Generator,gas,NL0 0,gas,151372472.518
Generator,gas,NO1 0,gas,177813418.9569
Generator,gas,PL0 0,gas,121041687.3557
Generator,gas,PT0 0,gas,23641514.8462
Generator,gas,RO0 0,gas,36219595.77606
Generator,gas,SE1 0,gas,8655188.06132
Generator,gas,SK0 0,gas,27256781.49751
Generator,industry wood,AL0 0,solid biomass,495433.62667
Generator,industry wood,AT0 0,solid biomass,9944957.30998
Generator,industry wood,BA0 0,solid biomass,1680033.08803
Generator,industry wood,BE0 0,solid biomass,1493662.75413
Generator,industry wood,BG0 0,solid biomass,2519864.16091
Generator,industry wood,CH0 0,solid biomass,9691541.90578
Generator,industry wood,CZ0 0,solid biomass,6562103.65815
Generator,industry wood,DE0 0,solid biomass,4730402.7281
Generator,industry wood,DE0 1,solid biomass,3698856.67564
Generator,industry wood,DE0 2,solid biomass,3694916.22501
Generator,industry wood,DE0 3,solid biomass,5189369.25282
Generator,industry wood,DE0 4,solid biomass,5112009.95429
Generator,industry wood,DE0 5,solid biomass,5078629.74926
Generator,industry wood,DK0 0,solid biomass,776717.90258
Generator,industry wood,DK1 0,solid biomass,250337.74313
Generator,industry wood,EE0 0,solid biomass,3604064.71384
Generator,industry wood,ES0 0,solid biomass,7089845.57826
Generator,industry wood,ES6 0,solid biomass,62172.17109
Generator,industry wood,FI1 0,solid biomass,15953439.89898
Generator,industry wood,FR0 0,solid biomass,5037257.82913
Generator,industry wood,FR0 1,solid biomass,6071765.32091
Generator,industry wood,FR0 2,solid biomass,9800428.24913
Generator,industry wood,FR0 3,solid biomass,2525698.43482
Generator,industry wood,FR0 4,solid biomass,5957131.79138
Generator,industry wood,FR5 0,solid biomass,145694.62897
Generator,industry wood,GB2 0,solid biomass,3478186.82534
Generator,industry wood,GB2 1,solid biomass,1111744.85304
Generator,industry wood,GB3 0,solid biomass,158228.9356
Generator,industry wood,GR0 0,solid biomass,1164983.43126
Generator,industry wood,HR0 0,solid biomass,2085214.71632
Generator,industry wood,HU0 0,solid biomass,3456948.60191
Generator,industry wood,IE3 0,solid biomass,1332304.2186
Generator,industry wood,IT0 0,solid biomass,3319061.67764
Generator,industry wood,IT0 1,solid biomass,6114302.26081
Generator,industry wood,IT4 0,solid biomass,135100.35356
Generator,industry wood,LT0 0,solid biomass,2769588.0583
Generator,industry wood,LU0 0,solid biomass,275171.99244
Generator,industry wood,LV0 0,solid biomass,5480829.72668
Generator,industry wood,ME0 0,solid biomass,227754.11893
Generator,industry wood,MK0 0,solid biomass,631762.42166
Generator,industry wood,NL0 0,solid biomass,453298.27909
Generator,industry wood,NO1 0,solid biomass,6133912.42769
Generator,industry wood,PL0 0,solid biomass,15586187.50547
Generator,industry wood,PT0 0,solid biomass,3424705.53865
Generator,industry wood,RO0 0,solid biomass,10157939.27884
Generator,industry wood,RS0 0,solid biomass,2028168.98928
Generator,industry wood,SE1 0,solid biomass,28455525.62636
Generator,industry wood,SI0 0,solid biomass,3120318.91987
Generator,industry wood,SK0 0,solid biomass,3153132.40963
Generator,industry wood,XK0 0,solid biomass,201946.51836
Generator,landscape care,AL0 0,solid biomass,74.03874
Generator,landscape care,AT0 0,solid biomass,424784.48696
Generator,landscape care,BA0 0,solid biomass,161.32433
Generator,landscape care,BE0 0,solid biomass,525077.03035
Generator,landscape care,BG0 0,solid biomass,463921.62984
Generator,landscape care,CH0 0,solid biomass,1683.39857
Generator,landscape care,CZ0 0,solid biomass,964214.61126
Generator,landscape care,DE0 0,solid biomass,312739.6835
Generator,landscape care,DE0 1,solid biomass,244469.09731
Generator,landscape care,DE0 2,solid biomass,244462.27463
Generator,landscape care,DE0 3,solid biomass,342542.86824
Generator,landscape care,DE0 4,solid biomass,337609.30329
Generator,landscape care,DE0 5,solid biomass,336036.16906
Generator,landscape care,DK0 0,solid biomass,201104.07472
Generator,landscape care,DK1 0,solid biomass,66023.19379
Generator,landscape care,EE0 0,solid biomass,198736.35359
Generator,landscape care,ES0 0,solid biomass,2307129.43469
Generator,landscape care,ES6 0,solid biomass,18133.87973
Generator,landscape care,FI1 0,solid biomass,780631.79553
Generator,landscape care,FR0 0,solid biomass,794689.82047
Generator,landscape care,FR0 1,solid biomass,957878.47531
Generator,landscape care,FR0 2,solid biomass,1550036.26577
Generator,landscape care,FR0 3,solid biomass,398877.14856
Generator,landscape care,FR0 4,solid biomass,941869.23233
Generator,landscape care,FR5 0,solid biomass,23761.92431
Generator,landscape care,GB2 0,solid biomass,938345.84454
Generator,landscape care,GB2 1,solid biomass,304765.06013
Generator,landscape care,GB3 0,solid biomass,42147.46743
Generator,landscape care,GR0 0,solid biomass,536467.26579
Generator,landscape care,HR0 0,solid biomass,176725.26911
Generator,landscape care,HU0 0,solid biomass,527646.31493
Generator,landscape care,IE3 0,solid biomass,397316.86447
Generator,landscape care,IT0 0,solid biomass,431517.22352
Generator,landscape care,IT0 1,solid biomass,796482.44603
Generator,landscape care,IT4 0,solid biomass,17819.77942
Generator,landscape care,LT0 0,solid biomass,332875.41095
Generator,landscape care,LU0 0,solid biomass,11115.03519
Generator,landscape care,LV0 0,solid biomass,303399.09845
Generator,landscape care,ME0 0,solid biomass,0.37098
Generator,landscape care,MK0 0,solid biomass,89.02067
Generator,landscape care,NL0 0,solid biomass,236861.70015
Generator,landscape care,NO1 0,solid biomass,219.27119
Generator,landscape care,PL0 0,solid biomass,1824091.37846
Generator,landscape care,PT0 0,solid biomass,509085.63684
Generator,landscape care,RO0 0,solid biomass,1914771.59527
Generator,landscape care,RS0 0,solid biomass,691.90717
Generator,landscape care,SE1 0,solid biomass,2590941.22505
Generator,landscape care,SI0 0,solid biomass,64008.70971
Generator,landscape care,SK0 0,solid biomass,274177.37874
Generator,lignite,EU,lignite,46897.64139
Generator,manure and slurry,AL0 0,biogas,165088.12013
Generator,manure and slurry,AT0 0,biogas,451713.48711
Generator,manure and slurry,BA0 0,biogas,147008.69444
Generator,manure and slurry,BE0 0,biogas,3519002.44941
Generator,manure and slurry,BG0 0,biogas,559087.6602
Generator,manure and slurry,CH0 0,biogas,10651.27973
Generator,manure and slurry,CZ0 0,biogas,4122347.52247
Generator,manure and slurry,DE0 0,biogas,3073224.19842
Generator,manure and slurry,DE0 1,biogas,805739.15216
Generator,manure and slurry,DE0 2,biogas,2137974.063
Generator,manure and slurry,DE0 3,biogas,804164.45989
Generator,manure and slurry,DE0 4,biogas,623966.02551
Generator,manure and slurry,DE0 5,biogas,1943291.55235
Generator,manure and slurry,DK0 0,biogas,3079175.38041
Generator,manure and slurry,DK1 0,biogas,856483.73179
Generator,manure and slurry,EE0 0,biogas,742464.97209
Generator,manure and slurry,ES0 0,biogas,9350974.82258
Generator,manure and slurry,ES6 0,biogas,17763.20882
Generator,manure and slurry,FI1 0,biogas,343682.15819
Generator,manure and slurry,FR0 0,biogas,3792088.50198
Generator,manure and slurry,FR0 1,biogas,1989564.42969
Generator,manure and slurry,FR0 2,biogas,3142333.09625
Generator,manure and slurry,FR0 3,biogas,6637343.74473
Generator,manure and slurry,FR0 4,biogas,2407010.60733
Generator,manure and slurry,FR5 0,biogas,18211.61335
Generator,manure and slurry,GB2 0,biogas,6315046.60263
Generator,manure and slurry,GB2 1,biogas,6383775.41702
Generator,manure and slurry,GB3 0,biogas,1653562.04157
Generator,manure and slurry,GR0 0,biogas,640822.82896
Generator,manure and slurry,HR0 0,biogas,291973.70853
Generator,manure and slurry,HU0 0,biogas,5642185.54618
Generator,manure and slurry,IE3 0,biogas,1664247.35841
Generator,manure and slurry,IT0 0,biogas,1251748.04722
Generator,manure and slurry,IT0 1,biogas,9423796.71089
Generator,manure and slurry,IT4 0,biogas,180133.60435
Generator,manure and slurry,LT0 0,biogas,1210068.79866
Generator,manure and slurry,LU0 0,biogas,139480.23776
Generator,manure and slurry,LV0 0,biogas,723221.62999
Generator,manure and slurry,ME0 0,biogas,27329.55778
Generator,manure and slurry,MK0 0,biogas,64171.32786
Generator,manure and slurry,NL0 0,biogas,4302177.22175
Generator,manure and slurry,NO1 0,biogas,60.47347
Generator,manure and slurry,PL0 0,biogas,7135048.09781
Generator,manure and slurry,PT0 0,biogas,2029103.02956
Generator,manure and slurry,RO0 0,biogas,2181183.2058
Generator,manure and slurry,RS0 0,biogas,963266.99742
Generator,manure and slurry,SE1 0,biogas,1558743.03703
Generator,manure and slurry,SI0 0,biogas,137870.88056
Generator,manure and slurry,SK0 0,biogas,1228844.03604
Generator,manure and slurry,XK0 0,biogas,18363.10209
Generator,municipal solid waste,AL0 0,municipal solid waste,125777.63347
Generator,municipal solid waste,AT0 0,municipal solid waste,708634.88531
Generator,municipal solid waste,BA0 0,municipal solid waste,43.07932
Generator,municipal solid waste,BE0 0,municipal solid waste,3175991.31677
Generator,municipal solid waste,BG0 0,municipal solid waste,266809.37444
Generator,municipal solid waste,CH0 0,municipal solid waste,6664829.86984
Generator,municipal solid waste,CZ0 0,municipal solid waste,282138.10113
Generator,municipal solid waste,DE0 0,municipal solid waste,1740228.1998
Generator,municipal solid waste,DE0 1,municipal solid waste,962165.86346
Generator,municipal solid waste,DE0 2,municipal solid waste,2610562.48648
Generator,municipal solid waste,DE0 3,municipal solid waste,1222970.42727
Generator,municipal solid waste,DE0 4,municipal solid waste,2298410.14316
Generator,municipal solid waste,DE0 5,municipal solid waste,1630205.76404
Generator,municipal solid waste,DK0 0,municipal solid waste,1098592.40731
Generator,municipal solid waste,DK1 0,municipal solid waste,913922.03861
Generator,municipal solid waste,EE0 0,municipal solid waste,241279.6174
Generator,municipal solid waste,ES0 0,municipal solid waste,2508768.78777
Generator,municipal solid waste,ES6 0,municipal solid waste,62718.6898
Generator,municipal solid waste,FI1 0,municipal solid waste,1057066.36114
Generator,municipal solid waste,FR0 0,municipal solid waste,2673894.71688
Generator,municipal solid waste,FR0 1,municipal solid waste,1607792.12804
Generator,municipal solid waste,FR0 2,municipal solid waste,1099645.49024
Generator,municipal solid waste,FR0 3,municipal solid waste,1122046.80177
Generator,municipal solid waste,FR0 4,municipal solid waste,770695.89075
Generator,municipal solid waste,FR5 0,municipal solid waste,36656.34621
Generator,municipal solid waste,GB2 0,municipal solid waste,545466.37539
Generator,municipal solid waste,GB2 1,municipal solid waste,714293.543
Generator,municipal solid waste,GB3 0,municipal solid waste,42820.81848
Generator,municipal solid waste,GR0 0,municipal solid waste,217409.83914
Generator,municipal solid waste,HR0 0,municipal solid waste,7742.47132
Generator,municipal solid waste,HU0 0,municipal solid waste,827063.87828
Generator,municipal solid waste,IE3 0,municipal solid waste,155395.22728
Generator,municipal solid waste,IT0 0,municipal solid waste,1361907.76807
Generator,municipal solid waste,IT0 1,municipal solid waste,1505441.36143
Generator,municipal solid waste,IT4 0,municipal solid waste,79747.69057
Generator,municipal solid waste,LT0 0,municipal solid waste,113081.9051
Generator,municipal solid waste,LU0 0,municipal solid waste,11165.2164
Generator,municipal solid waste,LV0 0,municipal solid waste,63861.89797
Generator,municipal solid waste,ME0 0,municipal solid waste,41.30438
Generator,municipal solid waste,MK0 0,municipal solid waste,63564.7975
Generator,municipal solid waste,NL0 0,municipal solid waste,4292757.25675
Generator,municipal solid waste,NO1 0,municipal solid waste,1694294.4671
Generator,municipal solid waste,PL0 0,municipal solid waste,2221144.60488
Generator,municipal solid waste,PT0 0,municipal solid waste,1106989.16247
Generator,municipal solid waste,RO0 0,municipal solid waste,753791.32163
Generator,municipal solid waste,RS0 0,municipal solid waste,850028.37513
Generator,municipal solid waste,SE1 0,municipal solid waste,2410042.79607
Generator,municipal solid waste,SI0 0,municipal solid waste,87187.79802
Generator,municipal solid waste,SK0 0,municipal solid waste,358689.30758
Generator,municipal solid waste,XK0 0,municipal solid waste,58.30771
Generator,oil primary,EU,oil primary,5276177386.77953
Generator,rural heat vent,AL0 0,rural heat,-404.0787
Generator,rural heat vent,BA0 0,rural heat,-1167.15221
Generator,rural heat vent,ME0 0,rural heat,-615.21186
Generator,rural heat vent,MK0 0,rural heat,-795.2072
Generator,rural heat vent,RS0 0,rural heat,-1336.02701
Generator,rural heat vent,XK0 0,rural heat,-147.24402
Generator,rural solar thermal,AL0 0,rural heat,18.87844
Generator,rural solar thermal,AT0 0,rural heat,11.24834
Generator,rural solar thermal,BA0 0,rural heat,7.56484
Generator,rural solar thermal,BE0 0,rural heat,0.79803
Generator,rural solar thermal,BG0 0,rural heat,13.13331
Generator,rural solar thermal,CH0 0,rural heat,4.15816
Generator,rural solar thermal,CZ0 0,rural heat,4.88716
Generator,rural solar thermal,DE0 0,rural heat,4.17293
Generator,rural solar thermal,DE0 1,rural heat,4.54218
Generator,rural solar thermal,DE0 2,rural heat,3.53237
Generator,rural solar thermal,DE0 3,rural heat,7.13147
Generator,rural solar thermal,DE0 4,rural heat,5.32814
Generator,rural solar thermal,DE0 5,rural heat,4.86866
Generator,rural solar thermal,DK0 0,rural heat,1.35718
Generator,rural solar thermal,DK1 0,rural heat,1.5107
Generator,rural solar thermal,EE0 0,rural heat,3.1393
Generator,rural solar thermal,ES0 0,rural heat,27.60706
Generator,rural solar thermal,ES6 0,rural heat,38.74447
Generator,rural solar thermal,FI1 0,rural heat,1.60687
Generator,rural solar thermal,FR0 0,rural heat,2.00109
Generator,rural solar thermal,FR0 1,rural heat,9.05386
Generator,rural solar thermal,FR0 2,rural heat,7.9529
Generator,rural solar thermal,FR0 3,rural heat,3.56756
Generator,rural solar thermal,FR0 4,rural heat,3.6188
Generator,rural solar thermal,FR5 0,rural heat,41.28207
Generator,rural solar thermal,GB2 0,rural heat,1.36204
Generator,rural solar thermal,GB2 1,rural heat,3.19678
Generator,rural solar thermal,GB3 0,rural heat,1.57768
Generator,rural solar thermal,GR0 0,rural heat,31.60657
Generator,rural solar thermal,HR0 0,rural heat,16.96055
Generator,rural solar thermal,HU0 0,rural heat,10.42798
Generator,rural solar thermal,IE3 0,rural heat,1.68108
Generator,rural solar thermal,IT0 0,rural heat,19.83185
Generator,rural solar thermal,IT0 1,rural heat,14.20812
Generator,rural solar thermal,IT4 0,rural heat,29.78879
Generator,rural solar thermal,LT0 0,rural heat,2.53701
Generator,rural solar thermal,LU0 0,rural heat,4.42571
Generator,rural solar thermal,LV0 0,rural heat,3.43879
Generator,rural solar thermal,ME0 0,rural heat,12.20474
Generator,rural solar thermal,MK0 0,rural heat,9.42238
Generator,rural solar thermal,NL0 0,rural heat,1.40588
Generator,rural solar thermal,NO1 0,rural heat,1.54016
Generator,rural solar thermal,PL0 0,rural heat,5.69949
Generator,rural solar thermal,PT0 0,rural heat,17.76114
Generator,rural solar thermal,RO0 0,rural heat,16.64428
Generator,rural solar thermal,RS0 0,rural heat,7.76917
Generator,rural solar thermal,SE1 0,rural heat,1.65654
Generator,rural solar thermal,SI0 0,rural heat,9.05277
Generator,rural solar thermal,SK0 0,rural heat,7.40702
Generator,rural solar thermal,XK0 0,rural heat,2.22006
Generator,sewage sludge,AL0 0,biogas,224.23846
Generator,sewage sludge,AT0 0,biogas,172.08181
Generator,sewage sludge,BA0 0,biogas,219.26538
Generator,sewage sludge,BE0 0,biogas,163.02041
Generator,sewage sludge,BG0 0,biogas,6.59163
Generator,sewage sludge,CH0 0,biogas,207.26077
Generator,sewage sludge,CZ0 0,biogas,169.85486
Generator,sewage sludge,DE0 0,biogas,143.62428
Generator,sewage sludge,DE0 1,biogas,185.93934
Generator,sewage sludge,DE0 2,biogas,137.87575
Generator,sewage sludge,DE0 3,biogas,219.64247
Generator,sewage sludge,DE0 4,biogas,183.97276
Generator,sewage sludge,DE0 5,biogas,146.06971
Generator,sewage sludge,DK0 0,biogas,160.52566
Generator,sewage sludge,DK1 0,biogas,172.20631
Generator,sewage sludge,EE0 0,biogas,0.07429
Generator,sewage sludge,ES0 0,biogas,146.17565
Generator,sewage sludge,ES6 0,biogas,221.11997
Generator,sewage sludge,FI1 0,biogas,203.25972
Generator,sewage sludge,FR0 0,biogas,200.96515
Generator,sewage sludge,FR0 1,biogas,137.89988
Generator,sewage sludge,FR0 2,biogas,103.48231
Generator,sewage sludge,FR0 3,biogas,95.13464
Generator,sewage sludge,FR0 4,biogas,187.15983
Generator,sewage sludge,FR5 0,biogas,3.16095
Generator,sewage sludge,GB2 0,biogas,172.00402
Generator,sewage sludge,GB2 1,biogas,171.00121
Generator,sewage sludge,GB3 0,biogas,285.35997
Generator,sewage sludge,GR0 0,biogas,144.04669
Generator,sewage sludge,HR0 0,biogas,227.0102
Generator,sewage sludge,HU0 0,biogas,144.05054
Generator,sewage sludge,IE3 0,biogas,182.06997
Generator,sewage sludge,IT0 0,biogas,158.70654
Generator,sewage sludge,IT0 1,biogas,162.14795
Generator,sewage sludge,IT4 0,biogas,373.51086
Generator,sewage sludge,LT0 0,biogas,0.48183
Generator,sewage sludge,LU0 0,biogas,62.6601
Generator,sewage sludge,LV0 0,biogas,91.47473
Generator,sewage sludge,ME0 0,biogas,0.06753
Generator,sewage sludge,MK0 0,biogas,296.66369
Generator,sewage sludge,NL0 0,biogas,143.26317
Generator,sewage sludge,NO1 0,biogas,146.82444
Generator,sewage sludge,PL0 0,biogas,153.99663
Generator,sewage sludge,PT0 0,biogas,133.49482
Generator,sewage sludge,RO0 0,biogas,185.32949
Generator,sewage sludge,RS0 0,biogas,367.74234
Generator,sewage sludge,SE1 0,biogas,191.24572
Generator,sewage sludge,SI0 0,biogas,183.32701
Generator,sewage sludge,SK0 0,biogas,222.28063
Generator,sewage sludge,XK0 0,biogas,210.05669
Generator,solar-hsat,AL0 0,AC,8280522.78985
Generator,solar-hsat,AT0 0,AC,53023136.57735
Generator,solar-hsat,BA0 0,AC,10592454.97316
Generator,solar-hsat,BE0 0,AC,17224397.42847
Generator,solar-hsat,BG0 0,AC,16873764.29368
Generator,solar-hsat,CH0 0,AC,58692056.42056
Generator,solar-hsat,CZ0 0,AC,4414835.55918
Generator,solar-hsat,DE0 0,AC,3667469.15413
Generator,solar-hsat,DE0 1,AC,8501458.07357
Generator,solar-hsat,DE0 2,AC,9780088.38768
Generator,solar-hsat,DE0 3,AC,26516309.12993
Generator,solar-hsat,DE0 4,AC,26976475.01249
Generator,solar-hsat,DE0 5,AC,16623368.44397
Generator,solar-hsat,DK0 0,AC,256.25152
Generator,solar-hsat,DK1 0,AC,222346.15058
Generator,solar-hsat,EE0 0,AC,814223.23906
Generator,solar-hsat,ES0 0,AC,181287179.42074
Generator,solar-hsat,ES6 0,AC,2661558.52364
Generator,solar-hsat,FI1 0,AC,1743529.77393
Generator,solar-hsat,FR0 0,AC,75.20208
Generator,solar-hsat,FR0 1,AC,49289342.62364
Generator,solar-hsat,FR0 2,AC,1076.82261
Generator,solar-hsat,FR0 3,AC,111.22115
Generator,solar-hsat,FR0 4,AC,77.60972
Generator,solar-hsat,FR5 0,AC,3766281.55418
Generator,solar-hsat,GB2 0,AC,230.11623
Generator,solar-hsat,GB2 1,AC,22899359.93802
Generator,solar-hsat,GB3 0,AC,499.78523
Generator,solar-hsat,GR0 0,AC,35706196.32369
Generator,solar-hsat,HR0 0,AC,10925545.79144
Generator,solar-hsat,HU0 0,AC,25137672.86679
Generator,solar-hsat,IE3 0,AC,4604827.39053
Generator,solar-hsat,IT0 0,AC,111075215.81032
Generator,solar-hsat,IT0 1,AC,115015750.28212
Generator,solar-hsat,IT4 0,AC,12637389.28692
Generator,solar-hsat,LT0 0,AC,1545051.62985
Generator,solar-hsat,LU0 0,AC,6030412.75931
Generator,solar-hsat,LV0 0,AC,1706950.40357
Generator,solar-hsat,ME0 0,AC,9416325.45391
Generator,solar-hsat,MK0 0,AC,3818407.471
Generator,solar-hsat,NL0 0,AC,7801281.21844
Generator,solar-hsat,NO1 0,AC,105.92602
Generator,solar-hsat,PL0 0,AC,51865488.62151
Generator,solar-hsat,PT0 0,AC,17628586.62588
Generator,solar-hsat,RO0 0,AC,5441734.57355
Generator,solar-hsat,RS0 0,AC,2117421.31715
Generator,solar-hsat,SE1 0,AC,8530745.94145
Generator,solar-hsat,SI0 0,AC,190.60291
Generator,solar-hsat,SK0 0,AC,344.4481
Generator,solar-hsat,XK0 0,AC,2717.26783
Generator,solid biomass,AL0 0,solid biomass,135.34583
Generator,solid biomass,AT0 0,solid biomass,60.60197
Generator,solid biomass,BA0 0,solid biomass,124.68578
Generator,solid biomass,BE0 0,solid biomass,848071.78309
Generator,solid biomass,BG0 0,solid biomass,131.5237
Generator,solid biomass,CH0 0,solid biomass,43.63001
Generator,solid biomass,CZ0 0,solid biomass,2192923.08807
Generator,solid biomass,DE0 0,solid biomass,82.69671
Generator,solid biomass,DE0 1,solid biomass,62.36952
Generator,solid biomass,DE0 2,solid biomass,5952794.05223
Generator,solid biomass,DE0 3,solid biomass,66.96955
Generator,solid biomass,DE0 4,solid biomass,131.60096
Generator,solid biomass,DE0 5,solid biomass,84.95625
Generator,solid biomass,DK0 0,solid biomass,41.14879
Generator,solid biomass,DK1 0,solid biomass,410.86942
Generator,solid biomass,EE0 0,solid biomass,80.41455
Generator,solid biomass,ES0 0,solid biomass,99.42579
Generator,solid biomass,ES6 0,solid biomass,846.84811
Generator,solid biomass,FI1 0,solid biomass,48.95216
Generator,solid biomass,FR0 0,solid biomass,83.47878
Generator,solid biomass,FR0 1,solid biomass,95.91466
Generator,solid biomass,FR0 2,solid biomass,48.06669
Generator,solid biomass,FR0 3,solid biomass,66.80376
Generator,solid biomass,FR0 4,solid biomass,52.39525
Generator,solid biomass,FR5 0,solid biomass,125.24253
Generator,solid biomass,GB2 0,solid biomass,60.01803
Generator,solid biomass,GB2 1,solid biomass,62.97688
Generator,solid biomass,GB3 0,solid biomass,47.51904
Generator,solid biomass,GR0 0,solid biomass,1744179.69512
Generator,solid biomass,HR0 0,solid biomass,86.20479
Generator,solid biomass,HU0 0,solid biomass,151.51321
Generator,solid biomass,IE3 0,solid biomass,75.98562
Generator,solid biomass,IT0 0,solid biomass,4702465.4046
Generator,solid biomass,IT0 1,solid biomass,130.70867
Generator,solid biomass,IT4 0,solid biomass,1223064.54504
Generator,solid biomass,LT0 0,solid biomass,107.72682
Generator,solid biomass,LU0 0,solid biomass,92.56784
Generator,solid biomass,LV0 0,solid biomass,84.3205
Generator,solid biomass,ME0 0,solid biomass,123.26089
Generator,solid biomass,MK0 0,solid biomass,179.04872
Generator,solid biomass,NL0 0,solid biomass,110.85492
Generator,solid biomass,NO1 0,solid biomass,9704970.67737
Generator,solid biomass,PL0 0,solid biomass,15788055.95342
Generator,solid biomass,PT0 0,solid biomass,81.31864
Generator,solid biomass,RO0 0,solid biomass,148.19847
Generator,solid biomass,RS0 0,solid biomass,186.34432
Generator,solid biomass,SE1 0,solid biomass,42.80553
Generator,solid biomass,SI0 0,solid biomass,91.82152
Generator,solid biomass,SK0 0,solid biomass,114.58839
Generator,solid biomass,XK0 0,solid biomass,136.69924
Generator,straw,AL0 0,biogas,137150.38135
Generator,straw,AT0 0,biogas,2029614.73529
Generator,straw,BA0 0,biogas,255052.2666
Generator,straw,BE0 0,biogas,691059.67724
Generator,straw,BG0 0,biogas,2742382.47977
Generator,straw,CH0 0,biogas,4509.42314
Generator,straw,CZ0 0,biogas,3437220.56688
Generator,straw,DE0 0,biogas,5300559.4934
Generator,straw,DE0 1,biogas,2613906.89796
Generator,straw,DE0 2,biogas,2572840.47681
Generator,straw,DE0 3,biogas,2929475.44952
Generator,straw,DE0 4,biogas,2421025.09858
Generator,straw,DE0 5,biogas,2978187.09674
Generator,straw,DK0 0,biogas,1838330.8823
Generator,straw,DK1 0,biogas,467832.02816
Generator,straw,EE0 0,biogas,405107.47651
Generator,straw,ES0 0,biogas,8436075.57079
Generator,straw,ES6 0,biogas,78436.37472
Generator,straw,FI1 0,biogas,1274279.54095
Generator,straw,FR0 0,biogas,9056436.08784
Generator,straw,FR0 1,biogas,1310150.3909
Generator,straw,FR0 2,biogas,2911362.75519
Generator,straw,FR0 3,biogas,3464701.31061
Generator,straw,FR0 4,biogas,2949000.55621
Generator,straw,FR5 0,biogas,46652.34278
Generator,straw,GB2 0,biogas,1274616.29535
Generator,straw,GB2 1,biogas,5075666.76165
Generator,straw,GB3 0,biogas,7575.76127
Generator,straw,GR0 0,biogas,1735282.45948
Generator,straw,HR0 0,biogas,894268.76879
Generator,straw,HU0 0,biogas,4338233.48705
Generator,straw,IE3 0,biogas,22430.63774
Generator,straw,IT0 0,biogas,2899228.49809
Generator,straw,IT0 1,biogas,2720819.18148
Generator,straw,IT4 0,biogas,36064.60331
Generator,straw,LT0 0,biogas,1236708.92208
Generator,straw,LU0 0,biogas,39719.21014
Generator,straw,LV0 0,biogas,728899.06938
Generator,straw,ME0 0,biogas,2491.58441
Generator,straw,MK0 0,biogas,132675.54219
Generator,straw,NL0 0,biogas,424970.43143
Generator,straw,NO1 0,biogas,46.17819
Generator,straw,PL0 0,biogas,8065378.41098
Generator,straw,PT0 0,biogas,737776.54475
Generator,straw,RO0 0,biogas,5273920.74724
Generator,straw,RS0 0,biogas,2140997.32174
Generator,straw,SE1 0,biogas,1456748.68115
Generator,straw,SI0 0,biogas,66364.8614
Generator,straw,SK0 0,biogas,1246648.11405
Generator,straw,XK0 0,biogas,83770.41888
Generator,unsustainable biogas,AT0 0,biogas,1646958.0831
Generator,unsustainable biogas,BA0 0,biogas,12281.3361
Generator,unsustainable biogas,BE0 0,biogas,1777968.6375
Generator,unsustainable biogas,BG0 0,biogas,391105.0935
Generator,unsustainable biogas,CZ0 0,biogas,4460844.9567
Generator,unsustainable biogas,DE0 0,biogas,12420107.8394
Generator,unsustainable biogas,DE0 1,biogas,7513976.45589
Generator,unsustainable biogas,DE0 2,biogas,8752286.15787
Generator,unsustainable biogas,DE0 3,biogas,9445333.06926
Generator,unsustainable biogas,DE0 4,biogas,9243486.09688
Generator,unsustainable biogas,DE0 5,biogas,10912893.9399
Generator,unsustainable biogas,DK0 0,biogas,2213520.35818
Generator,unsustainable biogas,DK1 0,biogas,808089.12722
Generator,unsustainable biogas,EE0 0,biogas,106517.1327
Generator,unsustainable biogas,ES0 0,biogas,2216386.57312
Generator,unsustainable biogas,ES6 0,biogas,17348.09708
Generator,unsustainable biogas,FI1 0,biogas,1439350.7205
Generator,unsustainable biogas,FR0 0,biogas,2529626.65816
Generator,unsustainable biogas,FR0 1,biogas,864574.64836
Generator,unsustainable biogas,FR0 2,biogas,1496475.74696
Generator,unsustainable biogas,FR0 3,biogas,1432244.91864
Generator,unsustainable biogas,FR0 4,biogas,1124237.35508
Generator,unsustainable biogas,FR5 0,biogas,17541.15781
Generator,unsustainable biogas,GB2 0,biogas,7682872.84002
Generator,unsustainable biogas,GB2 1,biogas,12463407.29088
Generator,unsustainable biogas,GB3 0,biogas,924405.10131
Generator,unsustainable biogas,GR0 0,biogas,959352.2433
Generator,unsustainable biogas,HR0 0,biogas,630989.1951
Generator,unsustainable biogas,HU0 0,biogas,693915.4035
Generator,unsustainable biogas,IE3 0,biogas,388679.5407
Generator,unsustainable biogas,IT0 0,biogas,5103635.8761
Generator,unsustainable biogas,IT0 1,biogas,10095270.128
Generator,unsustainable biogas,IT4 0,biogas,253930.29038
Generator,unsustainable biogas,LT0 0,biogas,299202.7401
Generator,unsustainable biogas,LU0 0,biogas,138087.6981
Generator,unsustainable biogas,LV0 0,biogas,618938.1891
Generator,unsustainable biogas,MK0 0,biogas,145471.8177
Generator,unsustainable biogas,NL0 0,biogas,2734104.6645
Generator,unsustainable biogas,NO1 0,biogas,665676.13529
Generator,unsustainable biogas,PL0 0,biogas,2291310.7899
Generator,unsustainable biogas,PT0 0,biogas,615115.6407
Generator,unsustainable biogas,RO0 0,biogas,145617.6579
Generator,unsustainable biogas,RS0 0,biogas,218161.6437
Generator,unsustainable biogas,SE1 0,biogas,1393334.2995
Generator,unsustainable biogas,SI0 0,biogas,170441.1951
Generator,unsustainable biogas,SK0 0,biogas,1097063.7711
Generator,unsustainable bioliquids,AT0 0,unsustainable bioliquids,3052205.14005
Generator,unsustainable bioliquids,BE0 0,unsustainable bioliquids,3496518.82305
Generator,unsustainable bioliquids,BG0 0,unsustainable bioliquids,1265631.98685
Generator,unsustainable bioliquids,CZ0 0,unsustainable bioliquids,2145647.10525
Generator,unsustainable bioliquids,DE0 0,unsustainable bioliquids,5854314.90535
Generator,unsustainable bioliquids,DE0 1,unsustainable bioliquids,3541771.53216
Generator,unsustainable bioliquids,DE0 2,unsustainable bioliquids,4125458.48863
Generator,unsustainable bioliquids,DE0 3,unsustainable bioliquids,4452131.56706
Generator,unsustainable bioliquids,DE0 4,unsustainable bioliquids,4356989.41902
Generator,unsustainable bioliquids,DE0 5,unsustainable bioliquids,5143877.85367
Generator,unsustainable bioliquids,DK0 0,unsustainable bioliquids,19191.36052
Generator,unsustainable bioliquids,DK1 0,unsustainable bioliquids,7006.20098
Generator,unsustainable bioliquids,ES0 0,unsustainable bioliquids,15844516.99985
Generator,unsustainable bioliquids,ES6 0,unsustainable bioliquids,124017.80545
Generator,unsustainable bioliquids,FI1 0,unsustainable bioliquids,3128356.75185
Generator,unsustainable bioliquids,FR0 0,unsustainable bioliquids,6493389.29136
Generator,unsustainable bioliquids,FR0 1,unsustainable bioliquids,2219307.56148
Generator,unsustainable bioliquids,FR0 2,unsustainable bioliquids,3841357.15795
Generator,unsustainable bioliquids,FR0 3,unsustainable bioliquids,3676480.74076
Generator,unsustainable bioliquids,FR0 4,unsustainable bioliquids,2885845.07754
Generator,unsustainable bioliquids,FR5 0,unsustainable bioliquids,45026.91122
Generator,unsustainable bioliquids,GB2 0,unsustainable bioliquids,1640927.07764
Generator,unsustainable bioliquids,GB2 1,unsustainable bioliquids,2661965.4915
Generator,unsustainable bioliquids,GB3 0,unsustainable bioliquids,197436.76273
Generator,unsustainable bioliquids,GR0 0,unsustainable bioliquids,1383278.97345
Generator,unsustainable bioliquids,HR0 0,unsustainable bioliquids,1788.48945
Generator,unsustainable bioliquids,HU0 0,unsustainable bioliquids,3627467.97105
Generator,unsustainable bioliquids,IE3 0,unsustainable bioliquids,350814.79125
Generator,unsustainable bioliquids,IT0 0,unsustainable bioliquids,2690823.81932
Generator,unsustainable bioliquids,IT0 1,unsustainable bioliquids,5322596.28038
Generator,unsustainable bioliquids,IT4 0,unsustainable bioliquids,133881.35105
Generator,unsustainable bioliquids,LT0 0,unsustainable bioliquids,1216967.41485
Generator,unsustainable bioliquids,LV0 0,unsustainable bioliquids,589547.52285
Generator,unsustainable bioliquids,NL0 0,unsustainable bioliquids,13658449.03665
Generator,unsustainable bioliquids,NO1 0,unsustainable bioliquids,582078.96945
Generator,unsustainable bioliquids,PL0 0,unsustainable bioliquids,7528125.31185
Generator,unsustainable bioliquids,PT0 0,unsustainable bioliquids,2664546.53685
Generator,unsustainable bioliquids,RO0 0,unsustainable bioliquids,1681652.67105
Generator,unsustainable bioliquids,SE1 0,unsustainable bioliquids,3860336.39145
Generator,unsustainable bioliquids,SK0 0,unsustainable bioliquids,1316046.64125
Generator,unsustainable solid biomass,AL0 0,solid biomass,1228245.00963
Generator,unsustainable solid biomass,AT0 0,solid biomass,35823923.15006
Generator,unsustainable solid biomass,BA0 0,solid biomass,11142695.31458
Generator,unsustainable solid biomass,BE0 0,solid biomass,9171420.08701
Generator,unsustainable solid biomass,BG0 0,solid biomass,12438314.73212
Generator,unsustainable solid biomass,CH0 0,solid biomass,40.67001
Generator,unsustainable solid biomass,CZ0 0,solid biomass,25867264.71811
Generator,unsustainable solid biomass,DE0 0,solid biomass,20876348.47773
Generator,unsustainable solid biomass,DE0 1,solid biomass,12629890.83617
Generator,unsustainable solid biomass,DE0 2,solid biomass,14711525.48382
Generator,unsustainable solid biomass,DE0 3,solid biomass,15876204.77223
Generator,unsustainable solid biomass,DE0 4,solid biomass,15536993.82112
Generator,unsustainable solid biomass,DE0 5,solid biomass,18342965.48037
Generator,unsustainable solid biomass,DK0 0,solid biomass,8392246.34416
Generator,unsustainable solid biomass,DK1 0,solid biomass,3063975.39749
Generator,unsustainable solid biomass,EE0 0,solid biomass,13533299.10739
Generator,unsustainable solid biomass,ES0 0,solid biomass,38332188.40115
Generator,unsustainable solid biomass,ES6 0,solid biomass,300337.61449
Generator,unsustainable solid biomass,FI1 0,solid biomass,66247742.73491
Generator,unsustainable solid biomass,FR0 0,solid biomass,26947700.1616
Generator,unsustainable solid biomass,FR0 1,solid biomass,9210244.73884
Generator,unsustainable solid biomass,FR0 2,solid biomass,15941559.1823
Generator,unsustainable solid biomass,FR0 3,solid biomass,15257493.65064
Generator,unsustainable solid biomass,FR0 4,solid biomass,11976331.41231
Generator,unsustainable solid biomass,FR5 0,solid biomass,186965.50803
Generator,unsustainable solid biomass,GB2 0,solid biomass,13182214.12996
Generator,unsustainable solid biomass,GB2 1,solid biomass,21384570.81513
Generator,unsustainable solid biomass,GB3 0,solid biomass,1586123.07006
Generator,unsustainable solid biomass,GR0 0,solid biomass,5917800.31953
Generator,unsustainable solid biomass,HR0 0,solid biomass,11414011.48654
Generator,unsustainable solid biomass,HU0 0,solid biomass,15755765.25047
Generator,unsustainable solid biomass,IE3 0,solid biomass,1821583.76855
Generator,unsustainable solid biomass,IT0 0,solid biomass,18409205.26847
Generator,unsustainable solid biomass,IT0 1,solid biomass,36413926.56919
Generator,unsustainable solid biomass,IT4 0,solid biomass,916293.2046
Generator,unsustainable solid biomass,LT0 0,solid biomass,9576320.53276
Generator,unsustainable solid biomass,LU0 0,solid biomass,874845.06875
Generator,unsustainable solid biomass,LV0 0,solid biomass,18843592.25459
Generator,unsustainable solid biomass,ME0 0,solid biomass,1332922.20443
Generator,unsustainable solid biomass,MK0 0,solid biomass,1264079.67066
Generator,unsustainable solid biomass,NL0 0,solid biomass,11055504.27793
Generator,unsustainable solid biomass,NO1 0,solid biomass,7162495.59372
Generator,unsustainable solid biomass,PL0 0,solid biomass,69127316.72793
Generator,unsustainable solid biomass,PT0 0,solid biomass,21719039.48497
Generator,unsustainable solid biomass,RO0 0,solid biomass,26528366.74982
Generator,unsustainable solid biomass,RS0 0,solid biomass,9029266.57455
Generator,unsustainable solid biomass,SE1 0,solid biomass,72590114.01502
Generator,unsustainable solid biomass,SI0 0,solid biomass,4203284.98302
Generator,unsustainable solid biomass,SK0 0,solid biomass,10736448.80652
Generator,unsustainable solid biomass,XK0 0,solid biomass,2450249.57188
Generator,uranium,EU,uranium,1919348056.71298
Generator,urban central heat vent,AL0 0,urban central heat,-110137.43692
Generator,urban central heat vent,AT0 0,urban central heat,-16677.57808
Generator,urban central heat vent,BA0 0,urban central heat,-727266.00999
Generator,urban central heat vent,BE0 0,urban central heat,-585.28114
Generator,urban central heat vent,BG0 0,urban central heat,-743294.61209
Generator,urban central heat vent,CH0 0,urban central heat,-12154.92986
Generator,urban central heat vent,CZ0 0,urban central heat,-47.51756
Generator,urban central heat vent,DE0 0,urban central heat,-185.53077
Generator,urban central heat vent,DE0 1,urban central heat,-17002.94133
Generator,urban central heat vent,DE0 2,urban central heat,-1331.22739
Generator,urban central heat vent,DE0 3,urban central heat,-4951.40815
Generator,urban central heat vent,DE0 4,urban central heat,-602.51127
Generator,urban central heat vent,DE0 5,urban central heat,-223.01792
Generator,urban central heat vent,DK0 0,urban central heat,-3645.0793
Generator,urban central heat vent,DK1 0,urban central heat,-5162.95827
Generator,urban central heat vent,EE0 0,urban central heat,-229013.45406
Generator,urban central heat vent,ES0 0,urban central heat,-1598.52733
Generator,urban central heat vent,ES6 0,urban central heat,-318030.5052
Generator,urban central heat vent,FI1 0,urban central heat,-874214.74929
Generator,urban central heat vent,FR0 0,urban central heat,-2056.88648
Generator,urban central heat vent,FR0 1,urban central heat,-2340.35843
Generator,urban central heat vent,FR0 2,urban central heat,-582349.43181
Generator,urban central heat vent,FR0 3,urban central heat,-1226.75223
Generator,urban central heat vent,FR0 4,urban central heat,-23621.1181
Generator,urban central heat vent,GB2 0,urban central heat,-111896.92857
Generator,urban central heat vent,GB2 1,urban central heat,-1281.01016
Generator,urban central heat vent,GB3 0,urban central heat,-81066.24234
Generator,urban central heat vent,GR0 0,urban central heat,-3071.65335
Generator,urban central heat vent,HR0 0,urban central heat,-1045369.29373
Generator,urban central heat vent,HU0 0,urban central heat,-167.57988
Generator,urban central heat vent,IE3 0,urban central heat,-1603.58893
Generator,urban central heat vent,IT0 0,urban central heat,-6020.59669
Generator,urban central heat vent,IT0 1,urban central heat,-2239.19854
Generator,urban central heat vent,IT4 0,urban central heat,-3764.1088
Generator,urban central heat vent,LT0 0,urban central heat,-249133.82507
Generator,urban central heat vent,LU0 0,urban central heat,-81354.56522
Generator,urban central heat vent,LV0 0,urban central heat,-446084.90086
Generator,urban central heat vent,ME0 0,urban central heat,-59396.33582
Generator,urban central heat vent,MK0 0,urban central heat,-336719.75102
Generator,urban central heat vent,NL0 0,urban central heat,-1049.08977
Generator,urban central heat vent,NO1 0,urban central heat,-3427063.85378
Generator,urban central heat vent,PL0 0,urban central heat,-264.8457
Generator,urban central heat vent,PT0 0,urban central heat,-257405.57799
Generator,urban central heat vent,RO0 0,urban central heat,-1218.11224
Generator,urban central heat vent,RS0 0,urban central heat,-1524.95999
Generator,urban central heat vent,SE1 0,urban central heat,-8121049.72438
Generator,urban central heat vent,SI0 0,urban central heat,-1134.49279
Generator,urban central heat vent,SK0 0,urban central heat,-521.23183
Generator,urban central heat vent,XK0 0,urban central heat,-91.78739
Generator,urban central solar thermal,AL0 0,urban central heat,147.77507
Generator,urban central solar thermal,AT0 0,urban central heat,44.64198
Generator,urban central solar thermal,BA0 0,urban central heat,36.99876
Generator,urban central solar thermal,BE0 0,urban central heat,14.31967
Generator,urban central solar thermal,BG0 0,urban central heat,37.60118
Generator,urban central solar thermal,CH0 0,urban central heat,26.40691
Generator,urban central solar thermal,CZ0 0,urban central heat,64.26481
Generator,urban central solar thermal,DE0 0,urban central heat,17.23985
Generator,urban central solar thermal,DE0 1,urban central heat,19.83004
Generator,urban central solar thermal,DE0 2,urban central heat,15.07587
Generator,urban central solar thermal,DE0 3,urban central heat,33.17281
Generator,urban central solar thermal,DE0 4,urban central heat,25.19709
Generator,urban central solar thermal,DE0 5,urban central heat,27.58903
Generator,urban central solar thermal,DK0 0,urban central heat,10.23931
Generator,urban central solar thermal,DK1 0,urban central heat,12.15089
Generator,urban central solar thermal,EE0 0,urban central heat,8.53957
Generator,urban central solar thermal,ES0 0,urban central heat,290.65944
Generator,urban central solar thermal,ES6 0,urban central heat,36.34198
Generator,urban central solar thermal,FI1 0,urban central heat,6.39077
Generator,urban central solar thermal,FR0 0,urban central heat,15.13454
Generator,urban central solar thermal,FR0 1,urban central heat,61.25513
Generator,urban central solar thermal,FR0 2,urban central heat,29.59113
Generator,urban central solar thermal,FR0 3,urban central heat,16.92377
Generator,urban central solar thermal,FR0 4,urban central heat,16.70162
Generator,urban central solar thermal,GB2 0,urban central heat,7.19077
Generator,urban central solar thermal,GB2 1,urban central heat,11.84372
Generator,urban central solar thermal,GB3 0,urban central heat,5.95491
Generator,urban central solar thermal,GR0 0,urban central heat,101.67544
Generator,urban central solar thermal,HR0 0,urban central heat,62.82239
Generator,urban central solar thermal,HU0 0,urban central heat,128.98761
Generator,urban central solar thermal,IE3 0,urban central heat,9.66171
Generator,urban central solar thermal,IT0 0,urban central heat,64.77353
Generator,urban central solar thermal,IT0 1,urban central heat,54.00528
Generator,urban central solar thermal,IT4 0,urban central heat,100.25523
Generator,urban central solar thermal,LT0 0,urban central heat,10.67004
Generator,urban central solar thermal,LU0 0,urban central heat,12.19706
Generator,urban central solar thermal,LV0 0,urban central heat,9.27772
Generator,urban central solar thermal,ME0 0,urban central heat,71.50215
Generator,urban central solar thermal,MK0 0,urban central heat,48.36202
Generator,urban central solar thermal,NL0 0,urban central heat,15.37901
Generator,urban central solar thermal,NO1 0,urban central heat,6.91968
Generator,urban central solar thermal,PL0 0,urban central heat,37.85905
Generator,urban central solar thermal,PT0 0,urban central heat,43.20021
Generator,urban central solar thermal,RO0 0,urban central heat,71.48638
Generator,urban central solar thermal,RS0 0,urban central heat,44.24731
Generator,urban central solar thermal,SE1 0,urban central heat,7.73666
Generator,urban central solar thermal,SI0 0,urban central heat,46.83121
Generator,urban central solar thermal,SK0 0,urban central heat,41.15762
Generator,urban central solar thermal,XK0 0,urban central heat,31.9112
Generator,urban decentral heat vent,AL0 0,urban decentral heat,-402.87682
Generator,urban decentral heat vent,AT0 0,urban decentral heat,-157.02927
Generator,urban decentral heat vent,BA0 0,urban decentral heat,-1088.40512
Generator,urban decentral heat vent,BE0 0,urban decentral heat,-233.83052
Generator,urban decentral heat vent,BG0 0,urban decentral heat,-1120.93565
Generator,urban decentral heat vent,CH0 0,urban decentral heat,-935.40268
Generator,urban decentral heat vent,CZ0 0,urban decentral heat,-246.97662
Generator,urban decentral heat vent,DE0 0,urban decentral heat,-30.19797
Generator,urban decentral heat vent,DE0 1,urban decentral heat,-16.34791
Generator,urban decentral heat vent,DE0 2,urban decentral heat,-316.42904
Generator,urban decentral heat vent,DE0 3,urban decentral heat,-16.11271
Generator,urban decentral heat vent,DE0 4,urban decentral heat,-16.10464
Generator,urban decentral heat vent,DE0 5,urban decentral heat,-17.44424
Generator,urban decentral heat vent,DK0 0,urban decentral heat,-1392.78984
Generator,urban decentral heat vent,DK1 0,urban decentral heat,-1604.48971
Generator,urban decentral heat vent,EE0 0,urban decentral heat,-480.53227
Generator,urban decentral heat vent,ES0 0,urban decentral heat,-1388.70097
Generator,urban decentral heat vent,ES6 0,urban decentral heat,-119.15458
Generator,urban decentral heat vent,FI1 0,urban decentral heat,-176.3477
Generator,urban decentral heat vent,FR0 0,urban decentral heat,-1017.62233
Generator,urban decentral heat vent,FR0 1,urban decentral heat,-1092.91656
Generator,urban decentral heat vent,FR0 2,urban decentral heat,-972.1324
Generator,urban decentral heat vent,FR0 3,urban decentral heat,-1050.57111
Generator,urban decentral heat vent,FR0 4,urban decentral heat,-45188.30931
Generator,urban decentral heat vent,FR5 0,urban decentral heat,-174.37469
Generator,urban decentral heat vent,GB2 0,urban decentral heat,-308.50414
Generator,urban decentral heat vent,GB2 1,urban decentral heat,-278.0105
Generator,urban decentral heat vent,GB3 0,urban decentral heat,-542.21711
Generator,urban decentral heat vent,GR0 0,urban decentral heat,-1280.34127
Generator,urban decentral heat vent,HR0 0,urban decentral heat,-265.84432
Generator,urban decentral heat vent,HU0 0,urban decentral heat,-23.03353
Generator,urban decentral heat vent,IE3 0,urban decentral heat,-546.33967
Generator,urban decentral heat vent,IT0 0,urban decentral heat,-2326.8619
Generator,urban decentral heat vent,IT0 1,urban decentral heat,-952.90963
Generator,urban decentral heat vent,IT4 0,urban decentral heat,-1155.75888
Generator,urban decentral heat vent,LT0 0,urban decentral heat,-192.5549
Generator,urban decentral heat vent,LU0 0,urban decentral heat,-287.60985
Generator,urban decentral heat vent,LV0 0,urban decentral heat,-27.36088
Generator,urban decentral heat vent,ME0 0,urban decentral heat,-578.2364
Generator,urban decentral heat vent,MK0 0,urban decentral heat,-750.1693
Generator,urban decentral heat vent,NL0 0,urban decentral heat,-290.78572
Generator,urban decentral heat vent,NO1 0,urban decentral heat,-53.42952
Generator,urban decentral heat vent,PL0 0,urban decentral heat,-259.91307
Generator,urban decentral heat vent,PT0 0,urban decentral heat,-2539.99132
Generator,urban decentral heat vent,RO0 0,urban decentral heat,-123.7205
Generator,urban decentral heat vent,RS0 0,urban decentral heat,-1224.47953
Generator,urban decentral heat vent,SE1 0,urban decentral heat,-207.58843
Generator,urban decentral heat vent,SI0 0,urban decentral heat,-351.12666
Generator,urban decentral heat vent,SK0 0,urban decentral heat,-82.93905
Generator,urban decentral heat vent,XK0 0,urban decentral heat,-54.35295
Generator,urban decentral solar thermal,AL0 0,urban decentral heat,18.19255
Generator,urban decentral solar thermal,AT0 0,urban decentral heat,11.03047
Generator,urban decentral solar thermal,BA0 0,urban decentral heat,7.51622
Generator,urban decentral solar thermal,BE0 0,urban decentral heat,2.91027
Generator,urban decentral solar thermal,BG0 0,urban decentral heat,11.53862
Generator,urban decentral solar thermal,CH0 0,urban decentral heat,4.3917
Generator,urban decentral solar thermal,CZ0 0,urban decentral heat,5.00831
Generator,urban decentral solar thermal,DE0 0,urban decentral heat,3.57486
Generator,urban decentral solar thermal,DE0 1,urban decentral heat,4.50399
Generator,urban decentral solar thermal,DE0 2,urban decentral heat,3.21687
Generator,urban decentral solar thermal,DE0 3,urban decentral heat,6.65962
Generator,urban decentral solar thermal,DE0 4,urban decentral heat,5.30486
Generator,urban decentral solar thermal,DE0 5,urban decentral heat,4.62468
Generator,urban decentral solar thermal,DK0 0,urban decentral heat,2.77924
Generator,urban decentral solar thermal,DK1 0,urban decentral heat,3.59908
Generator,urban decentral solar thermal,EE0 0,urban decentral heat,2.24891
Generator,urban decentral solar thermal,ES0 0,urban decentral heat,70.18662
Generator,urban decentral solar thermal,ES6 0,urban decentral heat,10.56068
Generator,urban decentral solar thermal,FI1 0,urban decentral heat,1.74082
Generator,urban decentral solar thermal,FR0 0,urban decentral heat,3.04853
Generator,urban decentral solar thermal,FR0 1,urban decentral heat,11.08865
Generator,urban decentral solar thermal,FR0 2,urban decentral heat,7.49219
Generator,urban decentral solar thermal,FR0 3,urban decentral heat,3.82883
Generator,urban decentral solar thermal,FR0 4,urban decentral heat,3.70397
Generator,urban decentral solar thermal,GB2 0,urban decentral heat,1.48364
Generator,urban decentral solar thermal,GB2 1,urban decentral heat,3.08416
Generator,urban decentral solar thermal,GB3 0,urban decentral heat,1.59437
Generator,urban decentral solar thermal,GR0 0,urban decentral heat,19.9642
Generator,urban decentral solar thermal,HR0 0,urban decentral heat,11.54622
Generator,urban decentral solar thermal,HU0 0,urban decentral heat,8.58533
Generator,urban decentral solar thermal,IE3 0,urban decentral heat,2.18806
Generator,urban decentral solar thermal,IT0 0,urban decentral heat,19.81102
Generator,urban decentral solar thermal,IT0 1,urban decentral heat,17.66396
Generator,urban decentral solar thermal,IT4 0,urban decentral heat,23.15019
Generator,urban decentral solar thermal,LT0 0,urban decentral heat,2.00343
Generator,urban decentral solar thermal,LU0 0,urban decentral heat,2.97323
Generator,urban decentral solar thermal,LV0 0,urban decentral heat,2.4569
Generator,urban decentral solar thermal,ME0 0,urban decentral heat,12.0913
Generator,urban decentral solar thermal,MK0 0,urban decentral heat,9.27572
Generator,urban decentral solar thermal,NL0 0,urban decentral heat,3.23692
Generator,urban decentral solar thermal,NO1 0,urban decentral heat,1.57884
Generator,urban decentral solar thermal,PL0 0,urban decentral heat,4.31058
Generator,urban decentral solar thermal,PT0 0,urban decentral heat,11.97183
Generator,urban decentral solar thermal,RO0 0,urban decentral heat,11.45837
Generator,urban decentral solar thermal,RS0 0,urban decentral heat,7.63605
Generator,urban decentral solar thermal,SE1 0,urban decentral heat,2.47083
Generator,urban decentral solar thermal,SI0 0,urban decentral heat,9.24834
Generator,urban decentral solar thermal,SK0 0,urban decentral heat,6.65756
Generator,urban decentral solar thermal,XK0 0,urban decentral heat,0.01962
Line,AC,AL0 0,AC,-12707374.22619
Line,AC,AT0 0,AC,-29681972.99143
Line,AC,BA0 0,AC,-4649803.11181
Line,AC,BE0 0,AC,18277772.57776
Line,AC,BG0 0,AC,1773373.56321
Line,AC,CH0 0,AC,-35545641.22127
Line,AC,CZ0 0,AC,24922274.96942
Line,AC,DE0 0,AC,17162119.30745
Line,AC,DE0 1,AC,26972411.08709
Line,AC,DE0 2,AC,-10538737.03139
Line,AC,DE0 3,AC,18689794.54174
Line,AC,DE0 4,AC,88410626.57722
Line,AC,DE0 5,AC,-6961154.43864
Line,AC,DK0 0,AC,-46477945.23299
Line,AC,DK1 0,AC,-1251017.0272
Line,AC,EE0 0,AC,-4414757.7576
Line,AC,ES0 0,AC,-4294039.98511
Line,AC,FI1 0,AC,6586020.29876
Line,AC,FR0 0,AC,-28676119.99016
Line,AC,FR0 1,AC,-27117424.06227
Line,AC,FR0 2,AC,15421838.20869
Line,AC,FR0 3,AC,-28322876.80538
Line,AC,FR0 4,AC,-6928900.78024
Line,AC,GB2 0,AC,-31217271.41838
Line,AC,GB2 1,AC,30269447.28973
Line,AC,GB3 0,AC,-2005677.98282
Line,AC,GR0 0,AC,-21328392.26284
Line,AC,HR0 0,AC,-1956339.02971
Line,AC,HU0 0,AC,-1189044.47381
Line,AC,IE3 0,AC,2001516.33134
Line,AC,IT0 0,AC,-9599387.0348
Line,AC,IT0 1,AC,33500852.12927
Line,AC,LT0 0,AC,-4616583.38006
Line,AC,LU0 0,AC,1133388.08792
Line,AC,LV0 0,AC,217808.12553
Line,AC,ME0 0,AC,-8983031.37641
Line,AC,MK0 0,AC,425390.82663
Line,AC,NL0 0,AC,-40181516.76053
Line,AC,NO1 0,AC,-12551959.7337
Line,AC,PL0 0,AC,9855981.36149
Line,AC,PT0 0,AC,4114976.81761
Line,AC,RO0 0,AC,4382973.20733
Line,AC,RS0 0,AC,19113248.22006
Line,AC,SE1 0,AC,4764449.68421
Line,AC,SI0 0,AC,5499135.52497
Line,AC,SK0 0,AC,5283734.812
Line,AC,XK0 0,AC,5776250.59722
Link,BEV charger,AL0 0,EV battery,634985.72265
Link,BEV charger,AL0 0,low voltage,-705539.69183
Link,BEV charger,AT0 0,EV battery,6736246.14614
Link,BEV charger,AT0 0,low voltage,-7484717.94015
Link,BEV charger,BA0 0,EV battery,1057437.25389
Link,BEV charger,BA0 0,low voltage,-1174930.2821
Link,BEV charger,BE0 0,EV battery,8996045.0574
Link,BEV charger,BE0 0,low voltage,-9995605.61934
Link,BEV charger,BG0 0,EV battery,2513880.91284
Link,BEV charger,BG0 0,low voltage,-2793201.01427
Link,BEV charger,CH0 0,EV battery,3975141.67068
Link,BEV charger,CH0 0,low voltage,-4416824.07854
Link,BEV charger,CZ0 0,EV battery,6341642.86214
Link,BEV charger,CZ0 0,low voltage,-7046269.84682
Link,BEV charger,DE0 0,EV battery,8424066.35098
Link,BEV charger,DE0 0,low voltage,-9360073.72331
Link,BEV charger,DE0 1,EV battery,4253575.85539
Link,BEV charger,DE0 1,low voltage,-4726195.39488
Link,BEV charger,DE0 2,EV battery,12892075.65609
Link,BEV charger,DE0 2,low voltage,-14324528.50677
Link,BEV charger,DE0 3,EV battery,6075187.67114
Link,BEV charger,DE0 3,low voltage,-6750208.52349
Link,BEV charger,DE0 4,EV battery,11800131.63913
Link,BEV charger,DE0 4,low voltage,-13111257.37682
Link,BEV charger,DE0 5,EV battery,8008203.0671
Link,BEV charger,DE0 5,low voltage,-8898003.40789
Link,BEV charger,DK0 0,EV battery,2669440.69612
Link,BEV charger,DK0 0,low voltage,-2966045.21791
Link,BEV charger,DK1 0,EV battery,1540783.97047
Link,BEV charger,DK1 0,low voltage,-1711982.18942
Link,BEV charger,EE0 0,EV battery,757198.9296
Link,BEV charger,EE0 0,low voltage,-841332.14401
Link,BEV charger,ES0 0,EV battery,24908366.23552
Link,BEV charger,ES0 0,low voltage,-27675962.48391
Link,BEV charger,ES6 0,EV battery,407529.95017
Link,BEV charger,ES6 0,low voltage,-452811.05574
Link,BEV charger,FI1 0,EV battery,4206392.5278
Link,BEV charger,FI1 0,low voltage,-4673769.47534
Link,BEV charger,FR0 0,EV battery,15030400.14459
Link,BEV charger,FR0 0,low voltage,-16700444.6051
Link,BEV charger,FR0 1,EV battery,9483540.89877
Link,BEV charger,FR0 1,low voltage,-10537267.6653
Link,BEV charger,FR0 2,EV battery,6098273.9414
Link,BEV charger,FR0 2,low voltage,-6775859.93489
Link,BEV charger,FR0 3,EV battery,6323216.01323
Link,BEV charger,FR0 3,low voltage,-7025795.57025
Link,BEV charger,FR0 4,EV battery,4676265.1324
Link,BEV charger,FR0 4,low voltage,-5195850.14711
Link,BEV charger,FR5 0,EV battery,169976.85349
Link,BEV charger,FR5 0,low voltage,-188863.17054
Link,BEV charger,GB2 0,EV battery,10977906.01925
Link,BEV charger,GB2 0,low voltage,-12197673.35472
Link,BEV charger,GB2 1,EV battery,20154597.92799
Link,BEV charger,GB2 1,low voltage,-22393997.69776
Link,BEV charger,GB3 0,EV battery,846078.55527
Link,BEV charger,GB3 0,low voltage,-940087.28364
Link,BEV charger,GR0 0,EV battery,4812768.87727
Link,BEV charger,GR0 0,low voltage,-5347520.97475
Link,BEV charger,HR0 0,EV battery,1996060.68982
Link,BEV charger,HR0 0,low voltage,-2217845.21091
Link,BEV charger,HU0 0,EV battery,4301308.07095
Link,BEV charger,HU0 0,low voltage,-4779231.18994
Link,BEV charger,IE3 0,EV battery,3377112.96184
Link,BEV charger,IE3 0,low voltage,-3752347.73538
Link,BEV charger,IT0 0,EV battery,13971764.28533
Link,BEV charger,IT0 0,low voltage,-15524182.53926
Link,BEV charger,IT0 1,EV battery,18183770.59461
Link,BEV charger,IT0 1,low voltage,-20204189.54956
Link,BEV charger,IT4 0,EV battery,804004.79777
Link,BEV charger,IT4 0,low voltage,-893338.66418
Link,BEV charger,LT0 0,EV battery,2116315.36168
Link,BEV charger,LT0 0,low voltage,-2351461.51298
Link,BEV charger,LU0 0,EV battery,944280.98937
Link,BEV charger,LU0 0,low voltage,-1049201.0993
Link,BEV charger,LV0 0,EV battery,1008357.90647
Link,BEV charger,LV0 0,low voltage,-1120397.67385
Link,BEV charger,ME0 0,EV battery,213255.45305
Link,BEV charger,ME0 0,low voltage,-236950.50339
Link,BEV charger,MK0 0,EV battery,609855.26972
Link,BEV charger,MK0 0,low voltage,-677616.96636
Link,BEV charger,NL0 0,EV battery,11076756.17203
Link,BEV charger,NL0 0,low voltage,-12307506.85781
Link,BEV charger,NO1 0,EV battery,2869672.41946
Link,BEV charger,NO1 0,low voltage,-3188524.91051
Link,BEV charger,PL0 0,EV battery,19623561.06011
Link,BEV charger,PL0 0,low voltage,-21803956.73345
Link,BEV charger,PT0 0,EV battery,6005204.51777
Link,BEV charger,PT0 0,low voltage,-6672449.46419
Link,BEV charger,RO0 0,EV battery,6259283.63256
Link,BEV charger,RO0 0,low voltage,-6954759.59174
Link,BEV charger,RS0 0,EV battery,1810850.90199
Link,BEV charger,RS0 0,low voltage,-2012056.55777
Link,BEV charger,SE1 0,EV battery,6538085.57127
Link,BEV charger,SE1 0,low voltage,-7264539.52363
Link,BEV charger,SI0 0,EV battery,1779071.77469
Link,BEV charger,SI0 0,low voltage,-1976746.41632
Link,BEV charger,SK0 0,EV battery,2746765.32675
Link,BEV charger,SK0 0,low voltage,-3051961.47417
Link,BEV charger,XK0 0,EV battery,344045.13581
Link,BEV charger,XK0 0,low voltage,-382272.37312
Link,BOF,AL0 0,steel,85643.96796
Link,BOF,AL0 0,steel emission,41162.46081
Link,BOF,AT0 0,steel,5830510.85988
Link,BOF,AT0 0,steel emission,2802277.62101
Link,BOF,BA0 0,steel,703810.78238
Link,BOF,BA0 0,steel emission,338267.64966
Link,BOF,BE0 0,steel,4549870.60419
Link,BOF,BE0 0,steel emission,2186772.4594
Link,BOF,CH0 0,steel,526131.16124
Link,BOF,CH0 0,steel emission,252870.73711
Link,BOF,CZ0 0,steel,3649602.49907
Link,BOF,CZ0 0,steel emission,1754082.90191
Link,BOF,DE0 0,steel,5351490.09646
Link,BOF,DE0 0,steel emission,2572049.22463
Link,BOF,DE0 2,steel,12731739.83362
Link,BOF,DE0 2,steel emission,6119166.99405
Link,BOF,DE0 4,steel,4307172.83971
Link,BOF,DE0 4,steel emission,2070126.33174
Link,BOF,DE0 5,steel,1682713.76353
Link,BOF,DE0 5,steel emission,808750.93717
Link,BOF,ES0 0,steel,3681721.66616
Link,BOF,ES0 0,steel emission,1769520.11236
Link,BOF,EU,coal,-119413850.04689
Link,BOF,FI1 0,steel,2013144.88429
Link,BOF,FI1 0,steel emission,967563.73372
Link,BOF,FR0 0,steel,4972747.65417
Link,BOF,FR0 0,steel emission,2390016.89579
Link,BOF,FR0 1,steel,3764252.781
Link,BOF,FR0 1,steel emission,1809186.46436
Link,BOF,GB2 1,steel,2594833.36818
Link,BOF,GB2 1,steel emission,1247136.59791
Link,BOF,HU0 0,steel,1231228.3064
Link,BOF,HU0 0,steel emission,591756.64231
Link,BOF,IT0 0,steel,3612742.14874
Link,BOF,IT0 0,steel emission,1736366.96976
Link,BOF,ME0 0,steel,23722.81865
Link,BOF,ME0 0,steel emission,11401.73227
Link,BOF,MK0 0,steel,634560.90252
Link,BOF,MK0 0,steel emission,304984.56465
Link,BOF,NL0 0,steel,5780639.01945
Link,BOF,NL0 0,steel emission,2778308.06744
Link,BOF,NO1 0,steel,2188983.87362
Link,BOF,NO1 0,steel emission,1052075.99629
Link,BOF,PL0 0,steel,4272001.22551
Link,BOF,PL0 0,steel emission,2053222.04501
Link,BOF,RO0 0,steel,2026185.46674
Link,BOF,RO0 0,steel emission,973831.33758
Link,BOF,RS0 0,steel,1209138.49685
Link,BOF,RS0 0,steel emission,581139.77177
Link,BOF,SE1 0,steel,2713102.88842
Link,BOF,SE1 0,steel emission,1303979.64954
Link,BOF,SK0 0,steel,3176363.35896
Link,BOF,SK0 0,steel emission,1526633.28667
Link,BOF,XK0 0,steel,192133.57627
Link,BOF,XK0 0,steel emission,92343.81583
Link,CO2 pipeline,AL0 0,co2 stored,-605.96856
Link,CO2 pipeline,AT0 0,co2 stored,-573.61916
Link,CO2 pipeline,BA0 0,co2 stored,-22.37121
Link,CO2 pipeline,BE0 0,co2 stored,219.71083
Link,CO2 pipeline,BG0 0,co2 stored,756.175
Link,CO2 pipeline,CH0 0,co2 stored,-414.57516
Link,CO2 pipeline,CZ0 0,co2 stored,-199.11404
Link,CO2 pipeline,DE0 0,co2 stored,-707.12086
Link,CO2 pipeline,DE0 1,co2 stored,-1912.97481
Link,CO2 pipeline,DE0 2,co2 stored,1295.72417
Link,CO2 pipeline,DE0 3,co2 stored,-536.04472
Link,CO2 pipeline,DE0 4,co2 stored,41.32392
Link,CO2 pipeline,DE0 5,co2 stored,-243311.7558
Link,CO2 pipeline,DK0 0,co2 stored,1134.57168
Link,CO2 pipeline,DK1 0,co2 stored,243168.7994
Link,CO2 pipeline,EE0 0,co2 stored,-13.14481
Link,CO2 pipeline,ES0 0,co2 stored,-392.32963
Link,CO2 pipeline,ES6 0,co2 stored,422.85009
Link,CO2 pipeline,FI1 0,co2 stored,-184.05911
Link,CO2 pipeline,FR0 0,co2 stored,339.54489
Link,CO2 pipeline,FR0 1,co2 stored,354.01272
Link,CO2 pipeline,FR0 2,co2 stored,-489.07909
Link,CO2 pipeline,FR0 3,co2 stored,228.30625
Link,CO2 pipeline,FR0 4,co2 stored,-65.18779
Link,CO2 pipeline,FR5 0,co2 stored,118.16197
Link,CO2 pipeline,GB2 0,co2 stored,153.63072
Link,CO2 pipeline,GB2 1,co2 stored,-26.97389
Link,CO2 pipeline,GB3 0,co2 stored,-1034.1155
Link,CO2 pipeline,GR0 0,co2 stored,792.39126
Link,CO2 pipeline,HR0 0,co2 stored,-348.81645
Link,CO2 pipeline,HU0 0,co2 stored,-247.85035
Link,CO2 pipeline,IE3 0,co2 stored,885.19428
Link,CO2 pipeline,IT0 0,co2 stored,284.65655
Link,CO2 pipeline,IT0 1,co2 stored,759.83914
Link,CO2 pipeline,IT4 0,co2 stored,99.6076
Link,CO2 pipeline,LT0 0,co2 stored,26.11574
Link,CO2 pipeline,LU0 0,co2 stored,-152.23392
Link,CO2 pipeline,LV0 0,co2 stored,-4.49116
Link,CO2 pipeline,ME0 0,co2 stored,-237.24783
Link,CO2 pipeline,MK0 0,co2 stored,62.82028
Link,CO2 pipeline,NL0 0,co2 stored,763.57629
Link,CO2 pipeline,NO1 0,co2 stored,3596.02839
Link,CO2 pipeline,PL0 0,co2 stored,225.78286
Link,CO2 pipeline,PT0 0,co2 stored,37.82075
Link,CO2 pipeline,RO0 0,co2 stored,-492.91502
Link,CO2 pipeline,RS0 0,co2 stored,22.90259
Link,CO2 pipeline,SE1 0,co2 stored,-3353.97147
Link,CO2 pipeline,SI0 0,co2 stored,-239.61944
Link,CO2 pipeline,SK0 0,co2 stored,-271.47827
Link,CO2 pipeline,XK0 0,co2 stored,47.51064
Link,Combined-Cycle Gas,,co2,9380912.98114
Link,Combined-Cycle Gas,AL0 0,AC,48.52929
Link,Combined-Cycle Gas,AL0 0,gas,-83.67119
Link,Combined-Cycle Gas,AT0 0,AC,6566356.11211
Link,Combined-Cycle Gas,AT0 0,gas,-11321303.64156
Link,Combined-Cycle Gas,BA0 0,AC,44.31172
Link,Combined-Cycle Gas,BA0 0,gas,-76.39952
Link,Combined-Cycle Gas,BE0 0,AC,10778470.92345
Link,Combined-Cycle Gas,BE0 0,gas,-18583570.55767
Link,Combined-Cycle Gas,BG0 0,AC,367062.29674
Link,Combined-Cycle Gas,BG0 0,gas,-632866.02885
Link,Combined-Cycle Gas,CH0 0,AC,50802.95026
Link,Combined-Cycle Gas,CH0 0,gas,-87591.29356
Link,Combined-Cycle Gas,CZ0 0,AC,4981579.59389
Link,Combined-Cycle Gas,CZ0 0,gas,-8588930.33429
Link,Combined-Cycle Gas,DE0 0,AC,5931089.38589
Link,Combined-Cycle Gas,DE0 0,gas,-10226016.18257
Link,Combined-Cycle Gas,DE0 1,AC,4888740.31067
Link,Combined-Cycle Gas,DE0 1,gas,-8428862.60461
Link,Combined-Cycle Gas,DE0 2,AC,21892917.98714
Link,Combined-Cycle Gas,DE0 2,gas,-37746410.32266
Link,Combined-Cycle Gas,DE0 3,AC,7384376.36205
Link,Combined-Cycle Gas,DE0 3,gas,-12731683.38284
Link,Combined-Cycle Gas,DE0 4,AC,14821509.82779
Link,Combined-Cycle Gas,DE0 4,gas,-25554327.28929
Link,Combined-Cycle Gas,DE0 5,AC,9505456.85136
Link,Combined-Cycle Gas,DE0 5,gas,-16388718.70925
Link,Combined-Cycle Gas,DK0 0,AC,891569.68325
Link,Combined-Cycle Gas,DK0 0,gas,-1537189.10905
Link,Combined-Cycle Gas,DK1 0,AC,972181.30917
Link,Combined-Cycle Gas,DK1 0,gas,-1676174.67098
Link,Combined-Cycle Gas,EE0 0,AC,107652.14401
Link,Combined-Cycle Gas,EE0 0,gas,-185607.14485
Link,Combined-Cycle Gas,ES0 0,AC,8992578.68137
Link,Combined-Cycle Gas,ES0 0,gas,-15504446.00236
Link,Combined-Cycle Gas,ES6 0,AC,24.96281
Link,Combined-Cycle Gas,ES6 0,gas,-43.03932
Link,Combined-Cycle Gas,EU,co2,93984629.84358
Link,Combined-Cycle Gas,FI1 0,AC,225168.57559
Link,Combined-Cycle Gas,FI1 0,gas,-388221.68205
Link,Combined-Cycle Gas,FR0 0,AC,3673889.67706
Link,Combined-Cycle Gas,FR0 0,gas,-6334292.54666
Link,Combined-Cycle Gas,FR0 1,AC,2203385.7393
Link,Combined-Cycle Gas,FR0 1,gas,-3798940.92982
Link,Combined-Cycle Gas,FR0 2,AC,160383.90906
Link,Combined-Cycle Gas,FR0 2,gas,-276523.98115
Link,Combined-Cycle Gas,FR0 3,AC,1460825.86909
Link,Combined-Cycle Gas,FR0 3,gas,-2518665.29153
Link,Combined-Cycle Gas,FR0 4,AC,817235.62476
Link,Combined-Cycle Gas,FR0 4,gas,-1409026.93925
Link,Combined-Cycle Gas,FR5 0,AC,399899.37873
Link,Combined-Cycle Gas,FR5 0,gas,-689481.68746
Link,Combined-Cycle Gas,GB2 0,AC,888870.53361
Link,Combined-Cycle Gas,GB2 0,gas,-1532535.40277
Link,Combined-Cycle Gas,GB2 1,AC,25332312.91912
Link,Combined-Cycle Gas,GB2 1,gas,-43676401.58469
Link,Combined-Cycle Gas,GB3 0,AC,1258258.61322
Link,Combined-Cycle Gas,GB3 0,gas,-2169411.40211
Link,Combined-Cycle Gas,GR0 0,AC,1427693.80998
Link,Combined-Cycle Gas,GR0 0,gas,-2461541.05169
Link,Combined-Cycle Gas,HR0 0,AC,825961.818
Link,Combined-Cycle Gas,HR0 0,gas,-1424072.1
Link,Combined-Cycle Gas,HU0 0,AC,7886500.68754
Link,Combined-Cycle Gas,HU0 0,gas,-13597414.97852
Link,Combined-Cycle Gas,IE3 0,AC,3616899.34395
Link,Combined-Cycle Gas,IE3 0,gas,-6236033.35164
Link,Combined-Cycle Gas,IT0 0,AC,32414429.21992
Link,Combined-Cycle Gas,IT0 0,gas,-55886946.93089
Link,Combined-Cycle Gas,IT0 1,AC,64967240.37049
Link,Combined-Cycle Gas,IT0 1,gas,-112012483.39739
Link,Combined-Cycle Gas,IT4 0,AC,48.02757
Link,Combined-Cycle Gas,IT4 0,gas,-82.80616
Link,Combined-Cycle Gas,LT0 0,AC,969033.2611
Link,Combined-Cycle Gas,LT0 0,gas,-1670747.00189
Link,Combined-Cycle Gas,LU0 0,AC,810.22327
Link,Combined-Cycle Gas,LU0 0,gas,-1396.93668
Link,Combined-Cycle Gas,LV0 0,AC,348333.97618
Link,Combined-Cycle Gas,LV0 0,gas,-600575.821
Link,Combined-Cycle Gas,ME0 0,AC,53.51912
Link,Combined-Cycle Gas,ME0 0,gas,-92.27434
Link,Combined-Cycle Gas,MK0 0,AC,365898.70205
Link,Combined-Cycle Gas,MK0 0,gas,-630859.83112
Link,Combined-Cycle Gas,NL0 0,AC,18622740.1019
Link,Combined-Cycle Gas,NL0 0,gas,-32108172.58948
Link,Combined-Cycle Gas,NO1 0,AC,31.43565
Link,Combined-Cycle Gas,NO1 0,gas,-54.1994
Link,Combined-Cycle Gas,PL0 0,AC,18691673.849
Link,Combined-Cycle Gas,PL0 0,gas,-32227023.87759
Link,Combined-Cycle Gas,PT0 0,AC,9361612.48426
Link,Combined-Cycle Gas,PT0 0,gas,-16140711.17976
Link,Combined-Cycle Gas,RO0 0,AC,5129915.36278
Link,Combined-Cycle Gas,RO0 0,gas,-8844681.65996
Link,Combined-Cycle Gas,RS0 0,AC,243708.21732
Link,Combined-Cycle Gas,RS0 0,gas,-420186.58159
Link,Combined-Cycle Gas,SE1 0,AC,2586.76564
Link,Combined-Cycle Gas,SE1 0,gas,-4459.94076
Link,Combined-Cycle Gas,SI0 0,AC,366045.96529
Link,Combined-Cycle Gas,SI0 0,gas,-631113.73326
Link,Combined-Cycle Gas,SK0 0,AC,2993985.80695
Link,Combined-Cycle Gas,SK0 0,gas,-5162044.49475
Link,Combined-Cycle Gas,XK0 0,AC,57.7185
Link,Combined-Cycle Gas,XK0 0,gas,-99.51466
Link,DC,BE0 0,AC,2958450.1843
Link,DC,DE0 0,AC,7594082.38265
Link,DC,DE0 2,AC,-293426.28866
Link,DC,DE0 5,AC,3153448.22599
Link,DC,DK0 0,AC,2112948.54685
Link,DC,DK1 0,AC,-4758916.58275
Link,DC,EE0 0,AC,1167466.50362
Link,DC,ES0 0,AC,4182913.4978
Link,DC,ES6 0,AC,-2080740.83057
Link,DC,FI1 0,AC,1842973.67132
Link,DC,FR0 0,AC,1786094.73403
Link,DC,FR0 2,AC,-2627595.45599
Link,DC,FR0 3,AC,-145063.82503
Link,DC,FR5 0,AC,131583.69444
Link,DC,GB2 0,AC,293893.42951
Link,DC,GB2 1,AC,-5943754.01338
Link,DC,GB3 0,AC,255654.73963
Link,DC,GR0 0,AC,-1383469.76465
Link,DC,IE3 0,AC,290342.56952
Link,DC,IT0 0,AC,2626577.35507
Link,DC,IT0 1,AC,377509.21431
Link,DC,IT4 0,AC,-2940947.26072
Link,DC,LT0 0,AC,2228398.90336
Link,DC,ME0 0,AC,852108.83637
Link,DC,NL0 0,AC,3058988.06769
Link,DC,NO1 0,AC,-11637415.81918
Link,DC,PL0 0,AC,2294211.36445
Link,DC,SE1 0,AC,-11194535.24112
Link,EAF,AL0 0,AC,-3.85749
Link,EAF,AL0 0,hbi,-6.03204
Link,EAF,AL0 0,steel,6.03204
Link,EAF,AT0 0,AC,-12.24011
Link,EAF,AT0 0,hbi,-19.14012
Link,EAF,AT0 0,steel,19.14012
Link,EAF,BA0 0,AC,-5.89467
Link,EAF,BA0 0,hbi,-9.21762
Link,EAF,BA0 0,steel,9.21762
Link,EAF,BE0 0,AC,-12.40362
Link,EAF,BE0 0,hbi,-19.3958
Link,EAF,BE0 0,steel,19.3958
Link,EAF,CH0 0,AC,-5.65239
Link,EAF,CH0 0,hbi,-8.83876
Link,EAF,CH0 0,steel,8.83876
Link,EAF,CZ0 0,AC,-11.19184
Link,EAF,CZ0 0,hbi,-17.50092
Link,EAF,CZ0 0,steel,17.50092
Link,EAF,DE0 0,AC,-12.86896
Link,EAF,DE0 0,hbi,-20.12348
Link,EAF,DE0 0,steel,20.12348
Link,EAF,DE0 2,AC,-13.68592
Link,EAF,DE0 2,hbi,-21.40098
Link,EAF,DE0 2,steel,21.40098
Link,EAF,DE0 4,AC,-11.6609
Link,EAF,DE0 4,hbi,-18.23441
Link,EAF,DE0 4,steel,18.23441
Link,EAF,DE0 5,AC,-8.76613
Link,EAF,DE0 5,hbi,-13.70779
Link,EAF,DE0 5,steel,13.70779
Link,EAF,ES0 0,AC,-11.72449
Link,EAF,ES0 0,hbi,-18.33384
Link,EAF,ES0 0,steel,18.33384
Link,EAF,FI1 0,AC,-9.66649
Link,EAF,FI1 0,hbi,-15.11571
Link,EAF,FI1 0,steel,15.11571
Link,EAF,FR0 0,AC,-13.16583
Link,EAF,FR0 0,hbi,-20.58769
Link,EAF,FR0 0,steel,20.58769
Link,EAF,FR0 1,AC,-12.13588
Link,EAF,FR0 1,hbi,-18.97713
Link,EAF,FR0 1,steel,18.97713
Link,EAF,GB2 1,AC,-10.63605
Link,EAF,GB2 1,hbi,-16.63182
Link,EAF,GB2 1,steel,16.63182
Link,EAF,HU0 0,AC,-7.47806
Link,EAF,HU0 0,hbi,-11.69361
Link,EAF,HU0 0,steel,11.69361
Link,EAF,IT0 0,AC,-11.41588
Link,EAF,IT0 0,hbi,-17.85125
Link,EAF,IT0 0,steel,17.85125
Link,EAF,ME0 0,AC,-4.59247
Link,EAF,ME0 0,hbi,-7.18135
Link,EAF,ME0 0,steel,7.18135
Link,EAF,MK0 0,AC,-5.81784
Link,EAF,MK0 0,hbi,-9.09748
Link,EAF,MK0 0,steel,9.09748
Link,EAF,NL0 0,AC,-13.41706
Link,EAF,NL0 0,hbi,-20.98055
Link,EAF,NL0 0,steel,20.98055
Link,EAF,NO1 0,AC,-10.31282
Link,EAF,NO1 0,hbi,-16.12638
Link,EAF,NO1 0,steel,16.12638
Link,EAF,PL0 0,AC,-12.00628
Link,EAF,PL0 0,hbi,-18.77449
Link,EAF,PL0 0,steel,18.77449
Link,EAF,RO0 0,AC,-9.29402
Link,EAF,RO0 0,hbi,-14.53326
Link,EAF,RO0 0,steel,14.53326
Link,EAF,RS0 0,AC,-7.35626
Link,EAF,RS0 0,hbi,-11.50315
Link,EAF,RS0 0,steel,11.50315
Link,EAF,SE1 0,AC,-10.94285
Link,EAF,SE1 0,hbi,-17.11157
Link,EAF,SE1 0,steel,17.11157
Link,EAF,SK0 0,AC,-10.64194
Link,EAF,SK0 0,hbi,-16.64104
Link,EAF,SK0 0,steel,16.64104
Link,EAF,XK0 0,AC,-4.10798
Link,EAF,XK0 0,hbi,-6.42373
Link,EAF,XK0 0,steel,6.42373
Link,H2 DRI,AL0 0,AC,-2.4358
Link,H2 DRI,AL0 0,Hydrogen Storage,-4.96619
Link,H2 DRI,AL0 0,hbi,2.36485
Link,H2 DRI,AT0 0,AC,-6.9372
Link,H2 DRI,AT0 0,Hydrogen Storage,-14.1438
Link,H2 DRI,AT0 0,hbi,6.73514
Link,H2 DRI,BA0 0,AC,-3.38733
Link,H2 DRI,BA0 0,Hydrogen Storage,-6.9062
Link,H2 DRI,BA0 0,hbi,3.28867
Link,H2 DRI,BE0 0,AC,-6.82229
Link,H2 DRI,BE0 0,Hydrogen Storage,-13.90953
Link,H2 DRI,BE0 0,hbi,6.62358
Link,H2 DRI,CH0 0,AC,-3.2437
Link,H2 DRI,CH0 0,Hydrogen Storage,-6.61337
Link,H2 DRI,CH0 0,hbi,3.14923
Link,H2 DRI,CZ0 0,AC,-6.17808
Link,H2 DRI,CZ0 0,Hydrogen Storage,-12.59608
Link,H2 DRI,CZ0 0,hbi,5.99813
Link,H2 DRI,DE0 0,AC,-7.15615
Link,H2 DRI,DE0 0,Hydrogen Storage,-14.59021
Link,H2 DRI,DE0 0,hbi,6.94772
Link,H2 DRI,DE0 2,AC,-7.75978
Link,H2 DRI,DE0 2,Hydrogen Storage,-15.82092
Link,H2 DRI,DE0 2,hbi,7.53377
Link,H2 DRI,DE0 4,AC,-6.53085
Link,H2 DRI,DE0 4,Hydrogen Storage,-13.31532
Link,H2 DRI,DE0 4,hbi,6.34063
Link,H2 DRI,DE0 5,AC,-4.86763
Link,H2 DRI,DE0 5,Hydrogen Storage,-9.92429
Link,H2 DRI,DE0 5,hbi,4.72585
Link,H2 DRI,ES0 0,AC,-6.96935
Link,H2 DRI,ES0 0,Hydrogen Storage,-14.20936
Link,H2 DRI,ES0 0,hbi,6.76636
Link,H2 DRI,FI1 0,AC,-6.32887
Link,H2 DRI,FI1 0,Hydrogen Storage,-12.90351
Link,H2 DRI,FI1 0,hbi,6.14453
Link,H2 DRI,FR0 0,AC,-7.34852
Link,H2 DRI,FR0 0,Hydrogen Storage,-14.98242
Link,H2 DRI,FR0 0,hbi,7.13449
Link,H2 DRI,FR0 1,AC,-6.75808
Link,H2 DRI,FR0 1,Hydrogen Storage,-13.7786
Link,H2 DRI,FR0 1,hbi,6.56124
Link,H2 DRI,GB2 1,AC,-6.05963
Link,H2 DRI,GB2 1,Hydrogen Storage,-12.35458
Link,H2 DRI,GB2 1,hbi,5.88313
Link,H2 DRI,HU0 0,AC,-4.51678
Link,H2 DRI,HU0 0,Hydrogen Storage,-9.20898
Link,H2 DRI,HU0 0,hbi,4.38523
Link,H2 DRI,IT0 0,AC,-6.72245
Link,H2 DRI,IT0 0,Hydrogen Storage,-13.70597
Link,H2 DRI,IT0 0,hbi,6.52665
Link,H2 DRI,ME0 0,AC,-2.82568
Link,H2 DRI,ME0 0,Hydrogen Storage,-5.7611
Link,H2 DRI,ME0 0,hbi,2.74338
Link,H2 DRI,MK0 0,AC,-3.76675
Link,H2 DRI,MK0 0,Hydrogen Storage,-7.67977
Link,H2 DRI,MK0 0,hbi,3.65703
Link,H2 DRI,NL0 0,AC,-7.51455
Link,H2 DRI,NL0 0,Hydrogen Storage,-15.32093
Link,H2 DRI,NL0 0,hbi,7.29568
Link,H2 DRI,NO1 0,AC,-6.31425
Link,H2 DRI,NO1 0,Hydrogen Storage,-12.87372
Link,H2 DRI,NO1 0,hbi,6.13034
Link,H2 DRI,PL0 0,AC,-6.65154
Link,H2 DRI,PL0 0,Hydrogen Storage,-13.56139
Link,H2 DRI,PL0 0,hbi,6.4578
Link,H2 DRI,RO0 0,AC,-5.15771
Link,H2 DRI,RO0 0,Hydrogen Storage,-10.51573
Link,H2 DRI,RO0 0,hbi,5.00749
Link,H2 DRI,RS0 0,AC,-4.47303
Link,H2 DRI,RS0 0,Hydrogen Storage,-9.11977
Link,H2 DRI,RS0 0,hbi,4.34275
Link,H2 DRI,SE1 0,AC,-7.22583
Link,H2 DRI,SE1 0,Hydrogen Storage,-14.73228
Link,H2 DRI,SE1 0,hbi,7.01537
Link,H2 DRI,SK0 0,AC,-6.4053
Link,H2 DRI,SK0 0,Hydrogen Storage,-13.05934
Link,H2 DRI,SK0 0,hbi,6.21873
Link,H2 DRI,XK0 0,AC,-2.64659
Link,H2 DRI,XK0 0,Hydrogen Storage,-5.39596
Link,H2 DRI,XK0 0,hbi,2.56951
Link,H2 Electrolysis,AL0 0,AC,-47.55588
Link,H2 Electrolysis,AL0 0,Hydrogen Storage,29.56549
Link,H2 Electrolysis,AL0 0,urban central heat,2.59536
Link,H2 Electrolysis,AT0 0,AC,-38.12122
Link,H2 Electrolysis,AT0 0,Hydrogen Storage,23.69996
Link,H2 Electrolysis,AT0 0,urban central heat,2.08047
Link,H2 Electrolysis,BA0 0,AC,-40.71922
Link,H2 Electrolysis,BA0 0,Hydrogen Storage,25.31514
Link,H2 Electrolysis,BA0 0,urban central heat,2.22225
Link,H2 Electrolysis,BE0 0,AC,-49.22776
Link,H2 Electrolysis,BE0 0,Hydrogen Storage,30.6049
Link,H2 Electrolysis,BE0 0,urban central heat,2.68661
Link,H2 Electrolysis,BG0 0,AC,-44.12008
Link,H2 Electrolysis,BG0 0,Hydrogen Storage,27.42945
Link,H2 Electrolysis,BG0 0,urban central heat,2.40785
Link,H2 Electrolysis,CH0 0,AC,-42.81762
Link,H2 Electrolysis,CH0 0,Hydrogen Storage,26.61971
Link,H2 Electrolysis,CH0 0,urban central heat,2.33677
Link,H2 Electrolysis,CZ0 0,AC,-35.47902
Link,H2 Electrolysis,CZ0 0,Hydrogen Storage,22.05731
Link,H2 Electrolysis,CZ0 0,urban central heat,1.93627
Link,H2 Electrolysis,DE0 0,AC,-46.76574
Link,H2 Electrolysis,DE0 0,Hydrogen Storage,29.07426
Link,H2 Electrolysis,DE0 0,urban central heat,2.55224
Link,H2 Electrolysis,DE0 1,AC,-36.81306
Link,H2 Electrolysis,DE0 1,Hydrogen Storage,22.88668
Link,H2 Electrolysis,DE0 1,urban central heat,2.00907
Link,H2 Electrolysis,DE0 2,AC,-55.80108
Link,H2 Electrolysis,DE0 2,Hydrogen Storage,34.69153
Link,H2 Electrolysis,DE0 2,urban central heat,3.04534
Link,H2 Electrolysis,DE0 3,AC,-36.05446
Link,H2 Electrolysis,DE0 3,Hydrogen Storage,22.41506
Link,H2 Electrolysis,DE0 3,urban central heat,1.96767
Link,H2 Electrolysis,DE0 4,AC,-36.16129
Link,H2 Electrolysis,DE0 4,Hydrogen Storage,22.48148
Link,H2 Electrolysis,DE0 4,urban central heat,1.9735
Link,H2 Electrolysis,DE0 5,AC,-42.23459
Link,H2 Electrolysis,DE0 5,Hydrogen Storage,26.25725
Link,H2 Electrolysis,DE0 5,urban central heat,2.30495
Link,H2 Electrolysis,DK0 0,AC,-77.71718
Link,H2 Electrolysis,DK0 0,Hydrogen Storage,48.31677
Link,H2 Electrolysis,DK0 0,urban central heat,4.24142
Link,H2 Electrolysis,DK1 0,AC,-90.85068
Link,H2 Electrolysis,DK1 0,Hydrogen Storage,56.48187
Link,H2 Electrolysis,DK1 0,urban central heat,4.95818
Link,H2 Electrolysis,EE0 0,AC,-55.69477
Link,H2 Electrolysis,EE0 0,Hydrogen Storage,34.62544
Link,H2 Electrolysis,EE0 0,urban central heat,3.03954
Link,H2 Electrolysis,ES0 0,AC,-53.57221
Link,H2 Electrolysis,ES0 0,Hydrogen Storage,33.30584
Link,H2 Electrolysis,ES0 0,urban central heat,2.9237
Link,H2 Electrolysis,ES6 0,AC,-106.72249
Link,H2 Electrolysis,ES6 0,Hydrogen Storage,66.34937
Link,H2 Electrolysis,ES6 0,urban central heat,5.82438
Link,H2 Electrolysis,FI1 0,AC,-54.225
Link,H2 Electrolysis,FI1 0,Hydrogen Storage,33.71169
Link,H2 Electrolysis,FI1 0,urban central heat,2.95933
Link,H2 Electrolysis,FR0 0,AC,-55.8914
Link,H2 Electrolysis,FR0 0,Hydrogen Storage,34.74768
Link,H2 Electrolysis,FR0 0,urban central heat,3.05027
Link,H2 Electrolysis,FR0 1,AC,-52.24559
Link,H2 Electrolysis,FR0 1,Hydrogen Storage,32.48108
Link,H2 Electrolysis,FR0 1,urban central heat,2.8513
Link,H2 Electrolysis,FR0 2,AC,-52.21732
Link,H2 Electrolysis,FR0 2,Hydrogen Storage,32.46351
Link,H2 Electrolysis,FR0 2,urban central heat,2.84976
Link,H2 Electrolysis,FR0 3,AC,-58.21112
Link,H2 Electrolysis,FR0 3,Hydrogen Storage,36.18985
Link,H2 Electrolysis,FR0 3,urban central heat,3.17687
Link,H2 Electrolysis,FR0 4,AC,-53.85747
Link,H2 Electrolysis,FR0 4,Hydrogen Storage,33.48319
Link,H2 Electrolysis,FR0 4,urban central heat,2.93927
Link,H2 Electrolysis,FR5 0,AC,-44.01386
Link,H2 Electrolysis,FR5 0,Hydrogen Storage,27.36342
Link,H2 Electrolysis,GB2 0,AC,-69.95707
Link,H2 Electrolysis,GB2 0,Hydrogen Storage,43.49231
Link,H2 Electrolysis,GB2 0,urban central heat,3.81791
Link,H2 Electrolysis,GB2 1,AC,-66.31738
Link,H2 Electrolysis,GB2 1,Hydrogen Storage,41.22952
Link,H2 Electrolysis,GB2 1,urban central heat,3.61927
Link,H2 Electrolysis,GB3 0,AC,-72.18054
Link,H2 Electrolysis,GB3 0,Hydrogen Storage,44.87464
Link,H2 Electrolysis,GB3 0,urban central heat,3.93925
Link,H2 Electrolysis,GR0 0,AC,-50.64536
Link,H2 Electrolysis,GR0 0,Hydrogen Storage,31.48622
Link,H2 Electrolysis,GR0 0,urban central heat,2.76397
Link,H2 Electrolysis,HR0 0,AC,-39.77006
Link,H2 Electrolysis,HR0 0,Hydrogen Storage,24.72505
Link,H2 Electrolysis,HR0 0,urban central heat,2.17045
Link,H2 Electrolysis,HU0 0,AC,-38.59599
Link,H2 Electrolysis,HU0 0,Hydrogen Storage,23.99513
Link,H2 Electrolysis,HU0 0,urban central heat,2.10638
Link,H2 Electrolysis,IE3 0,AC,-77.10571
Link,H2 Electrolysis,IE3 0,Hydrogen Storage,47.93662
Link,H2 Electrolysis,IE3 0,urban central heat,4.20804
Link,H2 Electrolysis,IT0 0,AC,-47.92635
Link,H2 Electrolysis,IT0 0,Hydrogen Storage,29.79581
Link,H2 Electrolysis,IT0 0,urban central heat,2.61558
Link,H2 Electrolysis,IT0 1,AC,-40.15383
Link,H2 Electrolysis,IT0 1,Hydrogen Storage,24.96364
Link,H2 Electrolysis,IT0 1,urban central heat,2.1914
Link,H2 Electrolysis,IT4 0,AC,-52.78499
Link,H2 Electrolysis,IT4 0,Hydrogen Storage,32.81643
Link,H2 Electrolysis,IT4 0,urban central heat,2.88074
Link,H2 Electrolysis,LT0 0,AC,-51.45294
Link,H2 Electrolysis,LT0 0,Hydrogen Storage,31.98829
Link,H2 Electrolysis,LT0 0,urban central heat,2.80804
Link,H2 Electrolysis,LU0 0,AC,-47.438
Link,H2 Electrolysis,LU0 0,Hydrogen Storage,29.4922
Link,H2 Electrolysis,LU0 0,urban central heat,2.58893
Link,H2 Electrolysis,LV0 0,AC,-52.44987
Link,H2 Electrolysis,LV0 0,Hydrogen Storage,32.60809
Link,H2 Electrolysis,LV0 0,urban central heat,2.86245
Link,H2 Electrolysis,ME0 0,AC,-42.47116
Link,H2 Electrolysis,ME0 0,Hydrogen Storage,26.40432
Link,H2 Electrolysis,ME0 0,urban central heat,2.31786
Link,H2 Electrolysis,MK0 0,AC,-44.62206
Link,H2 Electrolysis,MK0 0,Hydrogen Storage,27.74154
Link,H2 Electrolysis,MK0 0,urban central heat,2.43525
Link,H2 Electrolysis,NL0 0,AC,-62.0465
Link,H2 Electrolysis,NL0 0,Hydrogen Storage,38.57431
Link,H2 Electrolysis,NL0 0,urban central heat,3.38619
Link,H2 Electrolysis,NO1 0,AC,-62.56181
Link,H2 Electrolysis,NO1 0,Hydrogen Storage,38.89467
Link,H2 Electrolysis,NO1 0,urban central heat,3.41431
Link,H2 Electrolysis,PL0 0,AC,-44.13185
Link,H2 Electrolysis,PL0 0,Hydrogen Storage,27.43677
Link,H2 Electrolysis,PL0 0,urban central heat,2.4085
Link,H2 Electrolysis,PT0 0,AC,-51.65326
Link,H2 Electrolysis,PT0 0,Hydrogen Storage,32.11283
Link,H2 Electrolysis,PT0 0,urban central heat,2.81898
Link,H2 Electrolysis,RO0 0,AC,-41.53533
Link,H2 Electrolysis,RO0 0,Hydrogen Storage,25.82251
Link,H2 Electrolysis,RO0 0,urban central heat,2.26679
Link,H2 Electrolysis,RS0 0,AC,-42.33184
Link,H2 Electrolysis,RS0 0,Hydrogen Storage,26.31771
Link,H2 Electrolysis,RS0 0,urban central heat,2.31026
Link,H2 Electrolysis,SE1 0,AC,-56.99114
Link,H2 Electrolysis,SE1 0,Hydrogen Storage,35.43139
Link,H2 Electrolysis,SE1 0,urban central heat,3.11029
Link,H2 Electrolysis,SI0 0,AC,-37.49299
Link,H2 Electrolysis,SI0 0,Hydrogen Storage,23.30939
Link,H2 Electrolysis,SI0 0,urban central heat,2.04618
Link,H2 Electrolysis,SK0 0,AC,-37.44298
Link,H2 Electrolysis,SK0 0,Hydrogen Storage,23.2783
Link,H2 Electrolysis,SK0 0,urban central heat,2.04345
Link,H2 Electrolysis,XK0 0,AC,-42.3522
Link,H2 Electrolysis,XK0 0,Hydrogen Storage,26.33036
Link,H2 Electrolysis,XK0 0,urban central heat,2.31137
Link,HVC to air,,co2,27027779.48626
Link,HVC to air,AL0 0,non-sequestered HVC,-4543765.1982
Link,HVC to air,AT0 0,non-sequestered HVC,-15858291.79801
Link,HVC to air,BA0 0,non-sequestered HVC,-5583071.50272
Link,HVC to air,BE0 0,non-sequestered HVC,-22685023.46707
Link,HVC to air,BG0 0,non-sequestered HVC,-11331013.01022
Link,HVC to air,CH0 0,non-sequestered HVC,-20204708.2701
Link,HVC to air,CZ0 0,non-sequestered HVC,-17736434.35433
Link,HVC to air,DE0 0,non-sequestered HVC,-24299774.19453
Link,HVC to air,DE0 1,non-sequestered HVC,-12330875.93804
Link,HVC to air,DE0 2,non-sequestered HVC,-37130395.29493
Link,HVC to air,DE0 3,non-sequestered HVC,-17438450.68827
Link,HVC to air,DE0 4,non-sequestered HVC,-33900822.70328
Link,HVC to air,DE0 5,non-sequestered HVC,-23115538.18554
Link,HVC to air,DK0 0,non-sequestered HVC,-5458582.21433
Link,HVC to air,DK1 0,non-sequestered HVC,-3432622.02824
Link,HVC to air,EE0 0,non-sequestered HVC,-2170174.21115
Link,HVC to air,ES0 0,non-sequestered HVC,-72230791.45197
Link,HVC to air,ES6 0,non-sequestered HVC,-1221472.58031
Link,HVC to air,EU,co2,206440061.8352
Link,HVC to air,FI1 0,non-sequestered HVC,-9619330.55588
Link,HVC to air,FR0 0,non-sequestered HVC,-41054397.78935
Link,HVC to air,FR0 1,non-sequestered HVC,-25802763.69801
Link,HVC to air,FR0 2,non-sequestered HVC,-16757245.16987
Link,HVC to air,FR0 3,non-sequestered HVC,-17297637.22691
Link,HVC to air,FR0 4,non-sequestered HVC,-12677104.33564
Link,HVC to air,FR5 0,non-sequestered HVC,-478746.48186
Link,HVC to air,GB2 0,non-sequestered HVC,-35975372.09926
Link,HVC to air,GB2 1,non-sequestered HVC,-66365705.6229
Link,HVC to air,GB3 0,non-sequestered HVC,-2784474.53869
Link,HVC to air,GR0 0,non-sequestered HVC,-13784140.20991
Link,HVC to air,HR0 0,non-sequestered HVC,-6252211.49211
Link,HVC to air,HU0 0,non-sequestered HVC,-16966308.76533
Link,HVC to air,IE3 0,non-sequestered HVC,-7608009.08213
Link,HVC to air,IT0 0,non-sequestered HVC,-40112089.66687
Link,HVC to air,IT0 1,non-sequestered HVC,-50694515.73285
Link,HVC to air,IT4 0,non-sequestered HVC,-2315402.82602
Link,HVC to air,LT0 0,non-sequestered HVC,-4536989.10773
Link,HVC to air,LU0 0,non-sequestered HVC,-879868.69293
Link,HVC to air,LV0 0,non-sequestered HVC,-2923798.86881
Link,HVC to air,ME0 0,non-sequestered HVC,-1043252.90306
Link,HVC to air,MK0 0,non-sequestered HVC,-3451522.76011
Link,HVC to air,NL0 0,non-sequestered HVC,-29864563.84475
Link,HVC to air,NO1 0,non-sequestered HVC,-9977097.61254
Link,HVC to air,PL0 0,non-sequestered HVC,-63150700.42731
Link,HVC to air,PT0 0,non-sequestered HVC,-15580239.4733
Link,HVC to air,RO0 0,non-sequestered HVC,-32380791.97461
Link,HVC to air,RS0 0,non-sequestered HVC,-12563095.22065
Link,HVC to air,SE1 0,non-sequestered HVC,-18372785.51523
Link,HVC to air,SI0 0,non-sequestered HVC,-3878282.82456
Link,HVC to air,SK0 0,non-sequestered HVC,-9523681.7536
Link,HVC to air,XK0 0,non-sequestered HVC,-2737907.6374
Link,Haber-Bosch,AL0 0,AC,-64.45683
Link,Haber-Bosch,AL0 0,Hydrogen Storage,-299.32159
Link,Haber-Bosch,AL0 0,urban central heat,60.37746
Link,Haber-Bosch,AT0 0,AC,-62.36819
Link,Haber-Bosch,AT0 0,Hydrogen Storage,-289.62243
Link,Haber-Bosch,AT0 0,urban central heat,58.421
Link,Haber-Bosch,BA0 0,AC,-49.91203
Link,Haber-Bosch,BA0 0,Hydrogen Storage,-231.77909
Link,Haber-Bosch,BA0 0,urban central heat,46.75317
Link,Haber-Bosch,BE0 0,AC,-415.71064
Link,Haber-Bosch,BE0 0,Hydrogen Storage,-1930.45735
Link,Haber-Bosch,BE0 0,urban central heat,389.40093
Link,Haber-Bosch,BG0 0,AC,-69.39889
Link,Haber-Bosch,BG0 0,Hydrogen Storage,-322.27129
Link,Haber-Bosch,BG0 0,urban central heat,65.00674
Link,Haber-Bosch,CH0 0,AC,-80.54049
Link,Haber-Bosch,CH0 0,Hydrogen Storage,-374.01011
Link,Haber-Bosch,CH0 0,urban central heat,75.4432
Link,Haber-Bosch,CZ0 0,AC,-103.94256
Link,Haber-Bosch,CZ0 0,Hydrogen Storage,-482.68352
Link,Haber-Bosch,CZ0 0,urban central heat,97.36419
Link,Haber-Bosch,DE0 0,AC,-194.18867
Link,Haber-Bosch,DE0 0,Hydrogen Storage,-901.76411
Link,Haber-Bosch,DE0 0,urban central heat,181.89875
Link,Haber-Bosch,DE0 1,AC,-59.87415
Link,Haber-Bosch,DE0 1,Hydrogen Storage,-278.04073
Link,Haber-Bosch,DE0 1,urban central heat,56.0848
Link,Haber-Bosch,DE0 2,AC,-904.74836
Link,Haber-Bosch,DE0 2,Hydrogen Storage,-4201.42749
Link,Haber-Bosch,DE0 2,urban central heat,847.48818
Link,Haber-Bosch,DE0 3,AC,-57.21457
Link,Haber-Bosch,DE0 3,Hydrogen Storage,-265.69029
Link,Haber-Bosch,DE0 3,urban central heat,53.59354
Link,Haber-Bosch,DE0 4,AC,-123.20471
Link,Haber-Bosch,DE0 4,Hydrogen Storage,-572.1322
Link,Haber-Bosch,DE0 4,urban central heat,115.40727
Link,Haber-Bosch,DE0 5,AC,-148.76295
Link,Haber-Bosch,DE0 5,Hydrogen Storage,-690.81832
Link,Haber-Bosch,DE0 5,urban central heat,139.34796
Link,Haber-Bosch,DK0 0,AC,-1068.82906
Link,Haber-Bosch,DK0 0,Hydrogen Storage,-4963.37767
Link,Haber-Bosch,DK0 0,urban central heat,1001.18446
Link,Haber-Bosch,DK1 0,AC,-2382058.75774
Link,Haber-Bosch,DK1 0,Hydrogen Storage,-11061691.3764
Link,Haber-Bosch,DK1 0,urban central heat,2231301.794
Link,Haber-Bosch,EE0 0,AC,-143.29874
Link,Haber-Bosch,EE0 0,Hydrogen Storage,-665.44391
Link,Haber-Bosch,EE0 0,urban central heat,134.22958
Link,Haber-Bosch,ES0 0,AC,-254.52954
Link,Haber-Bosch,ES0 0,Hydrogen Storage,-1181.97218
Link,Haber-Bosch,ES0 0,urban central heat,238.42074
Link,Haber-Bosch,ES6 0,AC,-531140.47576
Link,Haber-Bosch,ES6 0,Hydrogen Storage,-2466484.92666
Link,Haber-Bosch,ES6 0,urban central heat,497525.38328
Link,Haber-Bosch,EU,NH3,87300936.23891
Link,Haber-Bosch,FI1 0,AC,-202.45444
Link,Haber-Bosch,FI1 0,Hydrogen Storage,-940.14833
Link,Haber-Bosch,FI1 0,urban central heat,189.6414
Link,Haber-Bosch,FR0 0,AC,-2953.29915
Link,Haber-Bosch,FR0 0,Hydrogen Storage,-13714.39038
Link,Haber-Bosch,FR0 0,urban central heat,2766.38923
Link,Haber-Bosch,FR0 1,AC,-1383.60383
Link,Haber-Bosch,FR0 1,Hydrogen Storage,-6425.11378
Link,Haber-Bosch,FR0 1,urban central heat,1296.0376
Link,Haber-Bosch,FR0 2,AC,-104.48881
Link,Haber-Bosch,FR0 2,Hydrogen Storage,-485.22019
Link,Haber-Bosch,FR0 2,urban central heat,97.87587
Link,Haber-Bosch,FR0 3,AC,-877.67665
Link,Haber-Bosch,FR0 3,Hydrogen Storage,-4075.71318
Link,Haber-Bosch,FR0 3,urban central heat,822.1298
Link,Haber-Bosch,FR0 4,AC,-101.62024
Link,Haber-Bosch,FR0 4,Hydrogen Storage,-471.89925
Link,Haber-Bosch,FR0 4,urban central heat,95.18885
Link,Haber-Bosch,FR5 0,AC,-35.90831
Link,Haber-Bosch,FR5 0,Hydrogen Storage,-166.74929
Link,Haber-Bosch,GB2 0,AC,-1263573.68937
Link,Haber-Bosch,GB2 0,Hydrogen Storage,-5867723.51345
Link,Haber-Bosch,GB2 0,urban central heat,1183603.98575
Link,Haber-Bosch,GB2 1,AC,-2286164.95362
Link,Haber-Bosch,GB2 1,Hydrogen Storage,-10616384.28119
Link,Haber-Bosch,GB2 1,urban central heat,2141476.96644
Link,Haber-Bosch,GB3 0,AC,-121.62321
Link,Haber-Bosch,GB3 0,Hydrogen Storage,-564.78807
Link,Haber-Bosch,GB3 0,urban central heat,113.92585
Link,Haber-Bosch,GR0 0,AC,-287.86458
Link,Haber-Bosch,GR0 0,Hydrogen Storage,-1336.77186
Link,Haber-Bosch,GR0 0,urban central heat,269.64606
Link,Haber-Bosch,HR0 0,AC,-53.88292
Link,Haber-Bosch,HR0 0,Hydrogen Storage,-250.21896
Link,Haber-Bosch,HR0 0,urban central heat,50.47275
Link,Haber-Bosch,HU0 0,AC,-76.61018
Link,Haber-Bosch,HU0 0,Hydrogen Storage,-355.75871
Link,Haber-Bosch,HU0 0,urban central heat,71.76163
Link,Haber-Bosch,IE3 0,AC,-5028.49958
Link,Haber-Bosch,IE3 0,Hydrogen Storage,-23351.10763
Link,Haber-Bosch,IE3 0,urban central heat,4710.2533
Link,Haber-Bosch,IT0 0,AC,-143.59109
Link,Haber-Bosch,IT0 0,Hydrogen Storage,-666.8015
Link,Haber-Bosch,IT0 0,urban central heat,134.50343
Link,Haber-Bosch,IT0 1,AC,-119.16601
Link,Haber-Bosch,IT0 1,Hydrogen Storage,-553.37748
Link,Haber-Bosch,IT0 1,urban central heat,111.62417
Link,Haber-Bosch,IT4 0,AC,-97.15449
Link,Haber-Bosch,IT4 0,Hydrogen Storage,-451.16142
Link,Haber-Bosch,IT4 0,urban central heat,91.00573
Link,Haber-Bosch,LT0 0,AC,-164.64662
Link,Haber-Bosch,LT0 0,Hydrogen Storage,-764.57818
Link,Haber-Bosch,LT0 0,urban central heat,154.22638
Link,Haber-Bosch,LU0 0,AC,-94.48464
Link,Haber-Bosch,LU0 0,Hydrogen Storage,-438.76329
Link,Haber-Bosch,LU0 0,urban central heat,88.50485
Link,Haber-Bosch,LV0 0,AC,-130.3393
Link,Haber-Bosch,LV0 0,Hydrogen Storage,-605.26345
Link,Haber-Bosch,LV0 0,urban central heat,122.09032
Link,Haber-Bosch,ME0 0,AC,-55.71261
Link,Haber-Bosch,ME0 0,Hydrogen Storage,-258.71556
Link,Haber-Bosch,ME0 0,urban central heat,52.18664
Link,Haber-Bosch,MK0 0,AC,-63.17439
Link,Haber-Bosch,MK0 0,Hydrogen Storage,-293.36622
Link,Haber-Bosch,MK0 0,urban central heat,59.17617
Link,Haber-Bosch,NL0 0,AC,-2530166.37826
Link,Haber-Bosch,NL0 0,Hydrogen Storage,-11749466.51351
Link,Haber-Bosch,NL0 0,urban central heat,2370035.90301
Link,Haber-Bosch,NO1 0,AC,-12579647.52707
Link,Haber-Bosch,NO1 0,Hydrogen Storage,-58416769.99633
Link,Haber-Bosch,NO1 0,urban central heat,11783500.30363
Link,Haber-Bosch,PL0 0,AC,-202.67776
Link,Haber-Bosch,PL0 0,Hydrogen Storage,-941.18534
Link,Haber-Bosch,PL0 0,urban central heat,189.85058
Link,Haber-Bosch,PT0 0,AC,-95.47667
Link,Haber-Bosch,PT0 0,Hydrogen Storage,-443.37002
Link,Haber-Bosch,PT0 0,urban central heat,89.43409
Link,Haber-Bosch,RO0 0,AC,-78.92222
Link,Haber-Bosch,RO0 0,Hydrogen Storage,-366.49524
Link,Haber-Bosch,RO0 0,urban central heat,73.92735
Link,Haber-Bosch,RS0 0,AC,-55.76739
Link,Haber-Bosch,RS0 0,Hydrogen Storage,-258.96994
Link,Haber-Bosch,RS0 0,urban central heat,52.23795
Link,Haber-Bosch,SE1 0,AC,-253.79064
Link,Haber-Bosch,SE1 0,Hydrogen Storage,-1178.5409
Link,Haber-Bosch,SE1 0,urban central heat,237.7286
Link,Haber-Bosch,SI0 0,AC,-66.33061
Link,Haber-Bosch,SI0 0,Hydrogen Storage,-308.02294
Link,Haber-Bosch,SI0 0,urban central heat,62.13264
Link,Haber-Bosch,SK0 0,AC,-69.48838
Link,Haber-Bosch,SK0 0,Hydrogen Storage,-322.68686
Link,Haber-Bosch,SK0 0,urban central heat,65.09057
Link,Haber-Bosch,XK0 0,AC,-50.51496
Link,Haber-Bosch,XK0 0,Hydrogen Storage,-234.57897
Link,Haber-Bosch,XK0 0,urban central heat,47.31794
Link,OCGT methanol,,co2,9.37704
Link,OCGT methanol,AL0 0,AC,5.34632
Link,OCGT methanol,AT0 0,AC,5.44429
Link,OCGT methanol,BA0 0,AC,5.43321
Link,OCGT methanol,BE0 0,AC,5.34405
Link,OCGT methanol,BG0 0,AC,5.39534
Link,OCGT methanol,CH0 0,AC,5.34256
Link,OCGT methanol,CZ0 0,AC,5.52114
Link,OCGT methanol,DE0 0,AC,5.34061
Link,OCGT methanol,DE0 1,AC,5.46137
Link,OCGT methanol,DE0 2,AC,5.30484
Link,OCGT methanol,DE0 3,AC,5.49722
Link,OCGT methanol,DE0 4,AC,5.49724
Link,OCGT methanol,DE0 5,AC,5.40254
Link,OCGT methanol,DK0 0,AC,5.13047
Link,OCGT methanol,DK1 0,AC,5.03731
Link,OCGT methanol,EE0 0,AC,5.12552
Link,OCGT methanol,ES0 0,AC,5.27565
Link,OCGT methanol,ES6 0,AC,4.73587
Link,OCGT methanol,EU,co2,151.23764
Link,OCGT methanol,EU,methanol,-647.63986
Link,OCGT methanol,FI1 0,AC,5.03668
Link,OCGT methanol,FR0 0,AC,5.21091
Link,OCGT methanol,FR0 1,AC,5.2462
Link,OCGT methanol,FR0 2,AC,5.24134
Link,OCGT methanol,FR0 3,AC,5.18555
Link,OCGT methanol,FR0 4,AC,5.23349
Link,OCGT methanol,FR5 0,AC,5.40054
Link,OCGT methanol,GB2 0,AC,5.14293
Link,OCGT methanol,GB2 1,AC,5.17233
Link,OCGT methanol,GB3 0,AC,5.18711
Link,OCGT methanol,GR0 0,AC,5.30246
Link,OCGT methanol,HR0 0,AC,5.44616
Link,OCGT methanol,HU0 0,AC,5.47022
Link,OCGT methanol,IE3 0,AC,5.1822
Link,OCGT methanol,IT0 0,AC,5.3834
Link,OCGT methanol,IT0 1,AC,5.46106
Link,OCGT methanol,IT4 0,AC,5.3499
Link,OCGT methanol,LT0 0,AC,5.18128
Link,OCGT methanol,LU0 0,AC,6.02839
Link,OCGT methanol,LV0 0,AC,5.16209
Link,OCGT methanol,ME0 0,AC,5.40518
Link,OCGT methanol,MK0 0,AC,5.37406
Link,OCGT methanol,NL0 0,AC,5.24741
Link,OCGT methanol,NO1 0,AC,4.92344
Link,OCGT methanol,PL0 0,AC,5.44805
Link,OCGT methanol,PT0 0,AC,5.28421
Link,OCGT methanol,RO0 0,AC,5.41831
Link,OCGT methanol,RS0 0,AC,5.4269
Link,OCGT methanol,SE1 0,AC,4.99705
Link,OCGT methanol,SI0 0,AC,5.46122
Link,OCGT methanol,SK0 0,AC,5.48675
Link,OCGT methanol,XK0 0,AC,5.39998
Link,Open-Cycle Gas,,co2,29.60514
Link,Open-Cycle Gas,AL0 0,AC,23.02931
Link,Open-Cycle Gas,AL0 0,gas,-56.16905
Link,Open-Cycle Gas,AT0 0,AC,22.294
Link,Open-Cycle Gas,AT0 0,gas,-54.37562
Link,Open-Cycle Gas,BA0 0,AC,21.70914
Link,Open-Cycle Gas,BA0 0,gas,-52.94912
Link,Open-Cycle Gas,BE0 0,AC,23.64352
Link,Open-Cycle Gas,BE0 0,gas,-57.66712
Link,Open-Cycle Gas,BG0 0,AC,21.95121
Link,Open-Cycle Gas,BG0 0,gas,-53.53954
Link,Open-Cycle Gas,CH0 0,AC,18.87073
Link,Open-Cycle Gas,CH0 0,gas,-46.02618
Link,Open-Cycle Gas,CZ0 0,AC,23.71879
Link,Open-Cycle Gas,CZ0 0,gas,-57.8507
Link,Open-Cycle Gas,DE0 0,AC,24.49199
Link,Open-Cycle Gas,DE0 0,gas,-59.73656
Link,Open-Cycle Gas,DE0 1,AC,20.94169
Link,Open-Cycle Gas,DE0 1,gas,-51.07729
Link,Open-Cycle Gas,DE0 2,AC,24.15061
Link,Open-Cycle Gas,DE0 2,gas,-58.90392
Link,Open-Cycle Gas,DE0 3,AC,1069.78944
Link,Open-Cycle Gas,DE0 3,gas,-2609.24253
Link,Open-Cycle Gas,DE0 4,AC,20.51002
Link,Open-Cycle Gas,DE0 4,gas,-50.02443
Link,Open-Cycle Gas,DE0 5,AC,23.4315
Link,Open-Cycle Gas,DE0 5,gas,-57.14999
Link,Open-Cycle Gas,DK0 0,AC,20.56105
Link,Open-Cycle Gas,DK0 0,gas,-50.1489
Link,Open-Cycle Gas,DK1 0,AC,18.53788
Link,Open-Cycle Gas,DK1 0,gas,-45.21433
Link,Open-Cycle Gas,EE0 0,AC,19.02432
Link,Open-Cycle Gas,EE0 0,gas,-46.40077
Link,Open-Cycle Gas,ES0 0,AC,22.9983
Link,Open-Cycle Gas,ES0 0,gas,-56.09342
Link,Open-Cycle Gas,ES6 0,AC,14.04343
Link,Open-Cycle Gas,ES6 0,gas,-34.25227
Link,Open-Cycle Gas,EU,co2,61965.84429
Link,Open-Cycle Gas,FI1 0,AC,17.25266
Link,Open-Cycle Gas,FI1 0,gas,-42.07965
Link,Open-Cycle Gas,FR0 0,AC,20.1193
Link,Open-Cycle Gas,FR0 0,gas,-49.07147
Link,Open-Cycle Gas,FR0 1,AC,19.98389
Link,Open-Cycle Gas,FR0 1,gas,-48.74118
Link,Open-Cycle Gas,FR0 2,AC,19.42736
Link,Open-Cycle Gas,FR0 2,gas,-47.38381
Link,Open-Cycle Gas,FR0 3,AC,21.45537
Link,Open-Cycle Gas,FR0 3,gas,-52.33016
Link,Open-Cycle Gas,FR0 4,AC,18.0731
Link,Open-Cycle Gas,FR0 4,gas,-44.08072
Link,Open-Cycle Gas,FR5 0,AC,24.47778
Link,Open-Cycle Gas,FR5 0,gas,-59.70191
Link,Open-Cycle Gas,GB2 0,AC,19.96504
Link,Open-Cycle Gas,GB2 0,gas,-48.69521
Link,Open-Cycle Gas,GB2 1,AC,20.91723
Link,Open-Cycle Gas,GB2 1,gas,-51.01763
Link,Open-Cycle Gas,GB3 0,AC,20.4213
Link,Open-Cycle Gas,GB3 0,gas,-49.80806
Link,Open-Cycle Gas,GR0 0,AC,22.34333
Link,Open-Cycle Gas,GR0 0,gas,-54.49593
Link,Open-Cycle Gas,HR0 0,AC,21.01236
Link,Open-Cycle Gas,HR0 0,gas,-51.24965
Link,Open-Cycle Gas,HU0 0,AC,22.56143
Link,Open-Cycle Gas,HU0 0,gas,-55.02787
Link,Open-Cycle Gas,IE3 0,AC,22.0284
Link,Open-Cycle Gas,IE3 0,gas,-53.72781
Link,Open-Cycle Gas,IT0 0,AC,23.82051
Link,Open-Cycle Gas,IT0 0,gas,-58.09881
Link,Open-Cycle Gas,IT0 1,AC,22.73837
Link,Open-Cycle Gas,IT0 1,gas,-55.45945
Link,Open-Cycle Gas,IT4 0,AC,22.46693
Link,Open-Cycle Gas,IT4 0,gas,-54.79739
Link,Open-Cycle Gas,LT0 0,AC,17.83685
Link,Open-Cycle Gas,LT0 0,gas,-43.50452
Link,Open-Cycle Gas,LU0 0,AC,126281.84225
Link,Open-Cycle Gas,LU0 0,gas,-308004.4933
Link,Open-Cycle Gas,LV0 0,AC,17.65411
Link,Open-Cycle Gas,LV0 0,gas,-43.0588
Link,Open-Cycle Gas,ME0 0,AC,23.8102
Link,Open-Cycle Gas,ME0 0,gas,-58.07366
Link,Open-Cycle Gas,MK0 0,AC,23.53533
Link,Open-Cycle Gas,MK0 0,gas,-57.40325
Link,Open-Cycle Gas,NL0 0,AC,23.22595
Link,Open-Cycle Gas,NL0 0,gas,-56.64866
Link,Open-Cycle Gas,NO1 0,AC,16.03819
Link,Open-Cycle Gas,NO1 0,gas,-39.11754
Link,Open-Cycle Gas,PL0 0,AC,26.42587
Link,Open-Cycle Gas,PL0 0,gas,-64.45333
Link,Open-Cycle Gas,PT0 0,AC,23.08119
Link,Open-Cycle Gas,PT0 0,gas,-56.29559
Link,Open-Cycle Gas,RO0 0,AC,20.72221
Link,Open-Cycle Gas,RO0 0,gas,-50.54198
Link,Open-Cycle Gas,RS0 0,AC,21.57752
Link,Open-Cycle Gas,RS0 0,gas,-52.62809
Link,Open-Cycle Gas,SE1 0,AC,17.07956
Link,Open-Cycle Gas,SE1 0,gas,-41.65747
Link,Open-Cycle Gas,SI0 0,AC,21.66463
Link,Open-Cycle Gas,SI0 0,gas,-52.84057
Link,Open-Cycle Gas,SK0 0,AC,22.91953
Link,Open-Cycle Gas,SK0 0,gas,-55.90128
Link,Open-Cycle Gas,XK0 0,AC,24.24081
Link,Open-Cycle Gas,XK0 0,gas,-59.12393
Link,SMR,,co2,6461910.8759
Link,SMR,AL0 0,Hydrogen Storage,1594.71901
Link,SMR,AL0 0,gas,-2098.31449
Link,SMR,AT0 0,Hydrogen Storage,1278.12646
Link,SMR,AT0 0,gas,-1681.74535
Link,SMR,BA0 0,Hydrogen Storage,1281.28164
Link,SMR,BA0 0,gas,-1685.8969
Link,SMR,BE0 0,Hydrogen Storage,3178.26442
Link,SMR,BE0 0,gas,-4181.92686
Link,SMR,BG0 0,Hydrogen Storage,1328.43643
Link,SMR,BG0 0,gas,-1747.94266
Link,SMR,CH0 0,Hydrogen Storage,1397.96181
Link,SMR,CH0 0,gas,-1839.42344
Link,SMR,CZ0 0,Hydrogen Storage,1326.79822
Link,SMR,CZ0 0,gas,-1745.78714
Link,SMR,DE0 0,Hydrogen Storage,2473.04675
Link,SMR,DE0 0,gas,-3254.00888
Link,SMR,DE0 1,Hydrogen Storage,1101.4304
Link,SMR,DE0 1,gas,-1449.25052
Link,SMR,DE0 2,Hydrogen Storage,5941.34653
Link,SMR,DE0 2,gas,-7817.56122
Link,SMR,DE0 3,Hydrogen Storage,1006.40129
Link,SMR,DE0 3,gas,-1324.21222
Link,SMR,DE0 4,Hydrogen Storage,1343.77906
Link,SMR,DE0 4,gas,-1768.13034
Link,SMR,DE0 5,Hydrogen Storage,1976.28228
Link,SMR,DE0 5,gas,-2600.37142
Link,SMR,DK0 0,Hydrogen Storage,11535.2477
Link,SMR,DK0 0,gas,-15177.9575
Link,SMR,DK1 0,Hydrogen Storage,12176538.64539
Link,SMR,DK1 0,gas,-16021761.37552
Link,SMR,EE0 0,Hydrogen Storage,431961.13912
Link,SMR,EE0 0,gas,-568369.9199
Link,SMR,ES0 0,Hydrogen Storage,2638.53943
Link,SMR,ES0 0,gas,-3471.76241
Link,SMR,ES6 0,Hydrogen Storage,2468592.98529
Link,SMR,ES6 0,gas,-3248148.66485
Link,SMR,EU,co2,42028784.95582
Link,SMR,FI1 0,Hydrogen Storage,15240462.82508
Link,SMR,FI1 0,gas,-20053240.55931
Link,SMR,FR0 0,Hydrogen Storage,15812.10067
Link,SMR,FR0 0,gas,-20805.39561
Link,SMR,FR0 1,Hydrogen Storage,8385.47146
Link,SMR,FR0 1,gas,-11033.51508
Link,SMR,FR0 2,Hydrogen Storage,3178.78961
Link,SMR,FR0 2,gas,-4182.6179
Link,SMR,FR0 3,Hydrogen Storage,7163.71811
Link,SMR,FR0 3,gas,-9425.94488
Link,SMR,FR0 4,Hydrogen Storage,2149.29778
Link,SMR,FR0 4,gas,-2828.02339
Link,SMR,FR5 0,Hydrogen Storage,829.48103
Link,SMR,FR5 0,gas,-1091.42241
Link,SMR,GB2 0,Hydrogen Storage,13862689.55165
Link,SMR,GB2 0,gas,-18240380.98901
Link,SMR,GB2 1,Hydrogen Storage,10626197.83255
Link,SMR,GB2 1,gas,-13981839.25335
Link,SMR,GB3 0,Hydrogen Storage,314406.88694
Link,SMR,GB3 0,gas,-413693.27229
Link,SMR,GR0 0,Hydrogen Storage,2769.74173
Link,SMR,GR0 0,gas,-3644.39701
Link,SMR,HR0 0,Hydrogen Storage,1125.77201
Link,SMR,HR0 0,gas,-1481.27896
Link,SMR,HU0 0,Hydrogen Storage,1522.66632
Link,SMR,HU0 0,gas,-2003.50831
Link,SMR,IE3 0,Hydrogen Storage,26847.47531
Link,SMR,IE3 0,gas,-35325.62541
Link,SMR,IT0 0,Hydrogen Storage,1399.83326
Link,SMR,IT0 0,gas,-1841.88587
Link,SMR,IT0 1,Hydrogen Storage,1410.16779
Link,SMR,IT0 1,gas,-1855.48393
Link,SMR,IT4 0,Hydrogen Storage,1119.48163
Link,SMR,IT4 0,gas,-1473.00215
Link,SMR,LT0 0,Hydrogen Storage,11636.36392
Link,SMR,LT0 0,gas,-15311.00516
Link,SMR,LU0 0,Hydrogen Storage,1169.3832
Link,SMR,LU0 0,gas,-1538.66211
Link,SMR,LV0 0,Hydrogen Storage,14722.54265
Link,SMR,LV0 0,gas,-19371.76664
Link,SMR,ME0 0,Hydrogen Storage,1291.12883
Link,SMR,ME0 0,gas,-1698.85372
Link,SMR,MK0 0,Hydrogen Storage,1518.53207
Link,SMR,MK0 0,gas,-1998.06851
Link,SMR,NL0 0,Hydrogen Storage,11751456.67114
Link,SMR,NL0 0,gas,-15462442.98834
Link,SMR,NO1 0,Hydrogen Storage,58432815.03091
Link,SMR,NO1 0,gas,-76885282.93541
Link,SMR,PL0 0,Hydrogen Storage,2281.72601
Link,SMR,PL0 0,gas,-3002.27106
Link,SMR,PT0 0,Hydrogen Storage,1698.81552
Link,SMR,PT0 0,gas,-2235.28358
Link,SMR,RO0 0,Hydrogen Storage,1599.16356
Link,SMR,RO0 0,gas,-2104.16258
Link,SMR,RS0 0,Hydrogen Storage,1104.37682
Link,SMR,RS0 0,gas,-1453.12739
Link,SMR,SE1 0,Hydrogen Storage,60663026.39554
Link,SMR,SE1 0,gas,-79819771.57308
Link,SMR,SI0 0,Hydrogen Storage,1302.92402
Link,SMR,SI0 0,gas,-1714.37371
Link,SMR,SK0 0,Hydrogen Storage,1434.34508
Link,SMR,SK0 0,gas,-1887.29616
Link,SMR,XK0 0,Hydrogen Storage,4880.26908
Link,SMR,XK0 0,gas,-6421.40668
Link,Sabatier,AL0 0,Hydrogen Storage,-61.86734
Link,Sabatier,AL0 0,co2 stored,-9.79979
Link,Sabatier,AL0 0,gas,49.49387
Link,Sabatier,AL0 0,urban central heat,2.32003
Link,Sabatier,AT0 0,Hydrogen Storage,-61.64263
Link,Sabatier,AT0 0,co2 stored,-9.76419
Link,Sabatier,AT0 0,gas,49.3141
Link,Sabatier,AT0 0,urban central heat,2.3116
Link,Sabatier,BA0 0,Hydrogen Storage,-62.06324
Link,Sabatier,BA0 0,co2 stored,-9.83082
Link,Sabatier,BA0 0,gas,49.65059
Link,Sabatier,BA0 0,urban central heat,2.32737
Link,Sabatier,BE0 0,Hydrogen Storage,-60.93471
Link,Sabatier,BE0 0,co2 stored,-9.65206
Link,Sabatier,BE0 0,gas,48.74776
Link,Sabatier,BE0 0,urban central heat,2.28505
Link,Sabatier,BG0 0,Hydrogen Storage,-61.57714
Link,Sabatier,BG0 0,co2 stored,-9.75382
Link,Sabatier,BG0 0,gas,49.26171
Link,Sabatier,BG0 0,urban central heat,2.30914
Link,Sabatier,CH0 0,Hydrogen Storage,-62.28298
Link,Sabatier,CH0 0,co2 stored,-9.86562
Link,Sabatier,CH0 0,gas,49.82638
Link,Sabatier,CH0 0,urban central heat,2.33561
Link,Sabatier,CZ0 0,Hydrogen Storage,-62.62465
Link,Sabatier,CZ0 0,co2 stored,-9.91974
Link,Sabatier,CZ0 0,gas,50.09972
Link,Sabatier,CZ0 0,urban central heat,2.34842
Link,Sabatier,DE0 0,Hydrogen Storage,-62.14349
Link,Sabatier,DE0 0,co2 stored,-9.84353
Link,Sabatier,DE0 0,gas,49.71479
Link,Sabatier,DE0 0,urban central heat,2.33038
Link,Sabatier,DE0 1,Hydrogen Storage,-62.80344
Link,Sabatier,DE0 1,co2 stored,-9.94807
Link,Sabatier,DE0 1,gas,50.24276
Link,Sabatier,DE0 1,urban central heat,2.35513
Link,Sabatier,DE0 2,Hydrogen Storage,-60.77389
Link,Sabatier,DE0 2,co2 stored,-9.62658
Link,Sabatier,DE0 2,gas,48.61911
Link,Sabatier,DE0 2,urban central heat,2.27902
Link,Sabatier,DE0 3,Hydrogen Storage,-62.92041
Link,Sabatier,DE0 3,co2 stored,-9.96659
Link,Sabatier,DE0 3,gas,50.33633
Link,Sabatier,DE0 3,urban central heat,2.35952
Link,Sabatier,DE0 4,Hydrogen Storage,-62.83672
Link,Sabatier,DE0 4,co2 stored,-9.95334
Link,Sabatier,DE0 4,gas,50.26938
Link,Sabatier,DE0 4,urban central heat,2.35638
Link,Sabatier,DE0 5,Hydrogen Storage,-62.76335
Link,Sabatier,DE0 5,co2 stored,-9.94172
Link,Sabatier,DE0 5,gas,50.21068
Link,Sabatier,DE0 5,urban central heat,2.35363
Link,Sabatier,DK0 0,Hydrogen Storage,-61.47736
Link,Sabatier,DK0 0,co2 stored,-9.73801
Link,Sabatier,DK0 0,gas,49.18189
Link,Sabatier,DK0 0,urban central heat,2.3054
Link,Sabatier,DK1 0,Hydrogen Storage,-60.40565
Link,Sabatier,DK1 0,co2 stored,-9.56825
Link,Sabatier,DK1 0,gas,48.32452
Link,Sabatier,DK1 0,urban central heat,2.26521
Link,Sabatier,EE0 0,Hydrogen Storage,-61.98252
Link,Sabatier,EE0 0,co2 stored,-9.81803
Link,Sabatier,EE0 0,gas,49.58601
Link,Sabatier,EE0 0,urban central heat,2.32434
Link,Sabatier,ES0 0,Hydrogen Storage,-62.03977
Link,Sabatier,ES0 0,co2 stored,-9.8271
Link,Sabatier,ES0 0,gas,49.63181
Link,Sabatier,ES0 0,urban central heat,2.32649
Link,Sabatier,ES6 0,Hydrogen Storage,-57.11648
Link,Sabatier,ES6 0,co2 stored,-9.04725
Link,Sabatier,ES6 0,gas,45.69319
Link,Sabatier,ES6 0,urban central heat,2.14187
Link,Sabatier,FI1 0,Hydrogen Storage,-61.76146
Link,Sabatier,FI1 0,co2 stored,-9.78302
Link,Sabatier,FI1 0,gas,49.40917
Link,Sabatier,FI1 0,urban central heat,2.31605
Link,Sabatier,FR0 0,Hydrogen Storage,-61.348
Link,Sabatier,FR0 0,co2 stored,-9.71752
Link,Sabatier,FR0 0,gas,49.0784
Link,Sabatier,FR0 0,urban central heat,2.30055
Link,Sabatier,FR0 1,Hydrogen Storage,-61.91774
Link,Sabatier,FR0 1,co2 stored,-9.80777
Link,Sabatier,FR0 1,gas,49.53419
Link,Sabatier,FR0 1,urban central heat,2.32192
Link,Sabatier,FR0 2,Hydrogen Storage,-62.24628
Link,Sabatier,FR0 2,co2 stored,-9.85981
Link,Sabatier,FR0 2,gas,49.79703
Link,Sabatier,FR0 2,urban central heat,2.33424
Link,Sabatier,FR0 3,Hydrogen Storage,-61.42277
Link,Sabatier,FR0 3,co2 stored,-9.72937
Link,Sabatier,FR0 3,gas,49.13821
Link,Sabatier,FR0 3,urban central heat,2.30335
Link,Sabatier,FR0 4,Hydrogen Storage,-61.7819
Link,Sabatier,FR0 4,co2 stored,-9.78625
Link,Sabatier,FR0 4,gas,49.42552
Link,Sabatier,FR0 4,urban central heat,2.31682
Link,Sabatier,FR5 0,Hydrogen Storage,-59.95721
Link,Sabatier,FR5 0,co2 stored,-9.49722
Link,Sabatier,FR5 0,gas,47.96577
Link,Sabatier,GB2 0,Hydrogen Storage,-62.03348
Link,Sabatier,GB2 0,co2 stored,-9.8261
Link,Sabatier,GB2 0,gas,49.62678
Link,Sabatier,GB2 0,urban central heat,2.32626
Link,Sabatier,GB2 1,Hydrogen Storage,-62.4248
Link,Sabatier,GB2 1,co2 stored,-9.88809
Link,Sabatier,GB2 1,gas,49.93984
Link,Sabatier,GB2 1,urban central heat,2.34093
Link,Sabatier,GB3 0,Hydrogen Storage,-61.93167
Link,Sabatier,GB3 0,co2 stored,-9.80998
Link,Sabatier,GB3 0,gas,49.54534
Link,Sabatier,GB3 0,urban central heat,2.32244
Link,Sabatier,GR0 0,Hydrogen Storage,-62.29305
Link,Sabatier,GR0 0,co2 stored,-9.86722
Link,Sabatier,GR0 0,gas,49.83444
Link,Sabatier,GR0 0,urban central heat,2.33599
Link,Sabatier,HR0 0,Hydrogen Storage,-62.30431
Link,Sabatier,HR0 0,co2 stored,-9.869
Link,Sabatier,HR0 0,gas,49.84345
Link,Sabatier,HR0 0,urban central heat,2.33641
Link,Sabatier,HU0 0,Hydrogen Storage,-62.48281
Link,Sabatier,HU0 0,co2 stored,-9.89728
Link,Sabatier,HU0 0,gas,49.98625
Link,Sabatier,HU0 0,urban central heat,2.34311
Link,Sabatier,IE3 0,Hydrogen Storage,-60.84272
Link,Sabatier,IE3 0,co2 stored,-9.63749
Link,Sabatier,IE3 0,gas,48.67418
Link,Sabatier,IE3 0,urban central heat,2.2816
Link,Sabatier,IT0 0,Hydrogen Storage,-60.51437
Link,Sabatier,IT0 0,co2 stored,-9.58548
Link,Sabatier,IT0 0,gas,48.41149
Link,Sabatier,IT0 0,urban central heat,2.26929
Link,Sabatier,IT0 1,Hydrogen Storage,-61.87974
Link,Sabatier,IT0 1,co2 stored,-9.80175
Link,Sabatier,IT0 1,gas,49.50379
Link,Sabatier,IT0 1,urban central heat,2.32049
Link,Sabatier,IT4 0,Hydrogen Storage,-60.76398
Link,Sabatier,IT4 0,co2 stored,-9.62501
Link,Sabatier,IT4 0,gas,48.61119
Link,Sabatier,IT4 0,urban central heat,2.27865
Link,Sabatier,LT0 0,Hydrogen Storage,-61.55329
Link,Sabatier,LT0 0,co2 stored,-9.75004
Link,Sabatier,LT0 0,gas,49.24263
Link,Sabatier,LT0 0,urban central heat,2.30825
Link,Sabatier,LU0 0,Hydrogen Storage,-61.36446
Link,Sabatier,LU0 0,co2 stored,-9.72013
Link,Sabatier,LU0 0,gas,49.09157
Link,Sabatier,LU0 0,urban central heat,2.30117
Link,Sabatier,LV0 0,Hydrogen Storage,-61.41446
Link,Sabatier,LV0 0,co2 stored,-9.72805
Link,Sabatier,LV0 0,gas,49.13157
Link,Sabatier,LV0 0,urban central heat,2.30304
Link,Sabatier,ME0 0,Hydrogen Storage,-61.95468
Link,Sabatier,ME0 0,co2 stored,-9.81362
Link,Sabatier,ME0 0,gas,49.56375
Link,Sabatier,ME0 0,urban central heat,2.3233
Link,Sabatier,MK0 0,Hydrogen Storage,-61.816
Link,Sabatier,MK0 0,co2 stored,-9.79165
Link,Sabatier,MK0 0,gas,49.4528
Link,Sabatier,MK0 0,urban central heat,2.3181
Link,Sabatier,NL0 0,Hydrogen Storage,-61.20847
Link,Sabatier,NL0 0,co2 stored,-9.69542
Link,Sabatier,NL0 0,gas,48.96677
Link,Sabatier,NL0 0,urban central heat,2.29532
Link,Sabatier,NO1 0,Hydrogen Storage,-60.10668
Link,Sabatier,NO1 0,co2 stored,-9.5209
Link,Sabatier,NO1 0,gas,48.08535
Link,Sabatier,NO1 0,urban central heat,2.254
Link,Sabatier,PL0 0,Hydrogen Storage,-63.05645
Link,Sabatier,PL0 0,co2 stored,-9.98814
Link,Sabatier,PL0 0,gas,50.44516
Link,Sabatier,PL0 0,urban central heat,2.36462
Link,Sabatier,PT0 0,Hydrogen Storage,-61.45356
Link,Sabatier,PT0 0,co2 stored,-9.73424
Link,Sabatier,PT0 0,gas,49.16284
Link,Sabatier,PT0 0,urban central heat,2.30451
Link,Sabatier,RO0 0,Hydrogen Storage,-62.68143
Link,Sabatier,RO0 0,co2 stored,-9.92874
Link,Sabatier,RO0 0,gas,50.14515
Link,Sabatier,RO0 0,urban central heat,2.35055
Link,Sabatier,RS0 0,Hydrogen Storage,-61.85839
Link,Sabatier,RS0 0,co2 stored,-9.79837
Link,Sabatier,RS0 0,gas,49.48672
Link,Sabatier,RS0 0,urban central heat,2.31969
Link,Sabatier,SE1 0,Hydrogen Storage,-61.23301
Link,Sabatier,SE1 0,co2 stored,-9.69931
Link,Sabatier,SE1 0,gas,48.98641
Link,Sabatier,SE1 0,urban central heat,2.29624
Link,Sabatier,SI0 0,Hydrogen Storage,-61.76806
Link,Sabatier,SI0 0,co2 stored,-9.78406
Link,Sabatier,SI0 0,gas,49.41445
Link,Sabatier,SI0 0,urban central heat,2.3163
Link,Sabatier,SK0 0,Hydrogen Storage,-62.60934
Link,Sabatier,SK0 0,co2 stored,-9.91732
Link,Sabatier,SK0 0,gas,50.08747
Link,Sabatier,SK0 0,urban central heat,2.34785
Link,Sabatier,XK0 0,Hydrogen Storage,-61.25886
Link,Sabatier,XK0 0,co2 stored,-9.7034
Link,Sabatier,XK0 0,gas,49.00709
Link,Sabatier,XK0 0,urban central heat,2.29721
Link,agriculture machinery oil,,co2,173280.45903
Link,agriculture machinery oil,AL0 0,agriculture machinery oil,42899.38174
Link,agriculture machinery oil,AT0 0,agriculture machinery oil,833980.03092
Link,agriculture machinery oil,BA0 0,agriculture machinery oil,21772.65046
Link,agriculture machinery oil,BE0 0,agriculture machinery oil,1551298.65455
Link,agriculture machinery oil,BG0 0,agriculture machinery oil,357794.33974
Link,agriculture machinery oil,CZ0 0,agriculture machinery oil,1143887.94669
Link,agriculture machinery oil,DE0 0,agriculture machinery oil,1061730.80284
Link,agriculture machinery oil,DE0 1,agriculture machinery oil,535052.14953
Link,agriculture machinery oil,DE0 2,agriculture machinery oil,1624622.2929
Link,agriculture machinery oil,DE0 3,agriculture machinery oil,763157.43673
Link,agriculture machinery oil,DE0 4,agriculture machinery oil,1487322.02537
Link,agriculture machinery oil,DE0 5,agriculture machinery oil,1011175.05579
Link,agriculture machinery oil,DK0 0,agriculture machinery oil,791368.3202
Link,agriculture machinery oil,DK1 0,agriculture machinery oil,457163.80296
Link,agriculture machinery oil,EE0 0,agriculture machinery oil,219577.60048
Link,agriculture machinery oil,ES0 0,agriculture machinery oil,5473140.47398
Link,agriculture machinery oil,ES6 0,agriculture machinery oil,90963.19782
Link,agriculture machinery oil,EU,co2,13047783.49699
Link,agriculture machinery oil,EU,oil,-51423819.35443
Link,agriculture machinery oil,FI1 0,agriculture machinery oil,1414336.32791
Link,agriculture machinery oil,FR0 0,agriculture machinery oil,3081368.53079
Link,agriculture machinery oil,FR0 1,agriculture machinery oil,1942490.60326
Link,agriculture machinery oil,FR0 2,agriculture machinery oil,1257067.6636
Link,agriculture machinery oil,FR0 3,agriculture machinery oil,1298655.82545
Link,agriculture machinery oil,FR0 4,agriculture machinery oil,955905.25366
Link,agriculture machinery oil,FR5 0,agriculture machinery oil,35494.62811
Link,agriculture machinery oil,GB2 0,agriculture machinery oil,229998.05792
Link,agriculture machinery oil,GB2 1,agriculture machinery oil,426184.69154
Link,agriculture machinery oil,GB3 0,agriculture machinery oil,17798.03247
Link,agriculture machinery oil,GR0 0,agriculture machinery oil,577141.74051
Link,agriculture machinery oil,HR0 0,agriculture machinery oil,481289.05286
Link,agriculture machinery oil,HU0 0,agriculture machinery oil,1241631.73863
Link,agriculture machinery oil,IE3 0,agriculture machinery oil,493014.72267
Link,agriculture machinery oil,IT0 0,agriculture machinery oil,2406555.56833
Link,agriculture machinery oil,IT0 1,agriculture machinery oil,3054856.46174
Link,agriculture machinery oil,IT4 0,agriculture machinery oil,138847.11501
Link,agriculture machinery oil,LT0 0,agriculture machinery oil,189161.83568
Link,agriculture machinery oil,LU0 0,agriculture machinery oil,48099.56415
Link,agriculture machinery oil,LV0 0,agriculture machinery oil,388056.13528
Link,agriculture machinery oil,ME0 0,agriculture machinery oil,2728.32702
Link,agriculture machinery oil,MK0 0,agriculture machinery oil,11946.44496
Link,agriculture machinery oil,NL0 0,agriculture machinery oil,3850609.00935
Link,agriculture machinery oil,NO1 0,agriculture machinery oil,178165.20649
Link,agriculture machinery oil,PL0 0,agriculture machinery oil,6657418.74984
Link,agriculture machinery oil,PT0 0,agriculture machinery oil,921492.84538
Link,agriculture machinery oil,RO0 0,agriculture machinery oil,1026678.73324
Link,agriculture machinery oil,RS0 0,agriculture machinery oil,84288.83698
Link,agriculture machinery oil,SE1 0,agriculture machinery oil,1161952.5072
Link,agriculture machinery oil,SI0 0,agriculture machinery oil,149529.34523
Link,agriculture machinery oil,SK0 0,agriculture machinery oil,214002.0764
Link,agriculture machinery oil,XK0 0,agriculture machinery oil,20147.56008
Link,ammonia cracker,AL0 0,Hydrogen Storage,12.91182
Link,ammonia cracker,AT0 0,Hydrogen Storage,12.87145
Link,ammonia cracker,BA0 0,Hydrogen Storage,12.92212
Link,ammonia cracker,BE0 0,Hydrogen Storage,12.84904
Link,ammonia cracker,BG0 0,Hydrogen Storage,12.81572
Link,ammonia cracker,CH0 0,Hydrogen Storage,12.85953
Link,ammonia cracker,CZ0 0,Hydrogen Storage,12.87089
Link,ammonia cracker,DE0 0,Hydrogen Storage,12.8357
Link,ammonia cracker,DE0 1,Hydrogen Storage,12.89947
Link,ammonia cracker,DE0 2,Hydrogen Storage,12.85616
Link,ammonia cracker,DE0 3,Hydrogen Storage,12.92704
Link,ammonia cracker,DE0 4,Hydrogen Storage,12.89573
Link,ammonia cracker,DE0 5,Hydrogen Storage,12.83335
Link,ammonia cracker,DK0 0,Hydrogen Storage,12.85967
Link,ammonia cracker,DK1 0,Hydrogen Storage,12.90455
Link,ammonia cracker,EE0 0,Hydrogen Storage,12.92775
Link,ammonia cracker,ES0 0,Hydrogen Storage,12.8078
Link,ammonia cracker,ES6 0,Hydrogen Storage,12.91912
Link,ammonia cracker,EU,NH3,-939.36237
Link,ammonia cracker,FI1 0,Hydrogen Storage,12.96676
Link,ammonia cracker,FR0 0,Hydrogen Storage,12.85103
Link,ammonia cracker,FR0 1,Hydrogen Storage,12.84814
Link,ammonia cracker,FR0 2,Hydrogen Storage,12.83915
Link,ammonia cracker,FR0 3,Hydrogen Storage,12.83039
Link,ammonia cracker,FR0 4,Hydrogen Storage,12.89149
Link,ammonia cracker,FR5 0,Hydrogen Storage,12.84085
Link,ammonia cracker,GB2 0,Hydrogen Storage,12.87111
Link,ammonia cracker,GB2 1,Hydrogen Storage,12.87124
Link,ammonia cracker,GB3 0,Hydrogen Storage,12.91264
Link,ammonia cracker,GR0 0,Hydrogen Storage,12.82859
Link,ammonia cracker,HR0 0,Hydrogen Storage,12.8701
Link,ammonia cracker,HU0 0,Hydrogen Storage,12.81119
Link,ammonia cracker,IE3 0,Hydrogen Storage,12.92337
Link,ammonia cracker,IT0 0,Hydrogen Storage,12.79744
Link,ammonia cracker,IT0 1,Hydrogen Storage,12.80743
Link,ammonia cracker,IT4 0,Hydrogen Storage,12.95372
Link,ammonia cracker,LT0 0,Hydrogen Storage,12.85012
Link,ammonia cracker,LU0 0,Hydrogen Storage,12.84456
Link,ammonia cracker,LV0 0,Hydrogen Storage,12.86419
Link,ammonia cracker,ME0 0,Hydrogen Storage,12.92116
Link,ammonia cracker,MK0 0,Hydrogen Storage,12.86831
Link,ammonia cracker,NL0 0,Hydrogen Storage,12.86649
Link,ammonia cracker,NO1 0,Hydrogen Storage,12.84372
Link,ammonia cracker,PL0 0,Hydrogen Storage,12.80983
Link,ammonia cracker,PT0 0,Hydrogen Storage,12.82284
Link,ammonia cracker,RO0 0,Hydrogen Storage,12.80573
Link,ammonia cracker,RS0 0,Hydrogen Storage,12.92837
Link,ammonia cracker,SE1 0,Hydrogen Storage,12.92762
Link,ammonia cracker,SI0 0,Hydrogen Storage,12.82827
Link,ammonia cracker,SK0 0,Hydrogen Storage,12.80696
Link,ammonia cracker,XK0 0,Hydrogen Storage,12.92914
Link,battery charger,AL0 0,AC,-1004385.96448
Link,battery charger,AL0 0,Battery Storage,984093.24711
Link,battery charger,AT0 0,AC,-876.53312
Link,battery charger,AT0 0,Battery Storage,858.82356
Link,battery charger,BA0 0,AC,-1810.20072
Link,battery charger,BA0 0,Battery Storage,1773.62723
Link,battery charger,BE0 0,AC,-571.86334
Link,battery charger,BE0 0,Battery Storage,560.30936
Link,battery charger,BG0 0,AC,-9042.25712
Link,battery charger,BG0 0,Battery Storage,8859.56642
Link,battery charger,CH0 0,AC,-736.16842
Link,battery charger,CH0 0,Battery Storage,721.2948
Link,battery charger,CZ0 0,AC,-729.79544
Link,battery charger,CZ0 0,Battery Storage,715.05058
Link,battery charger,DE0 0,AC,-604.21494
Link,battery charger,DE0 0,Battery Storage,592.00732
Link,battery charger,DE0 1,AC,-642.66935
Link,battery charger,DE0 1,Battery Storage,629.68479
Link,battery charger,DE0 2,AC,-597.93697
Link,battery charger,DE0 2,Battery Storage,585.85619
Link,battery charger,DE0 3,AC,-761.52229
Link,battery charger,DE0 3,Battery Storage,746.13642
Link,battery charger,DE0 4,AC,-690.74399
Link,battery charger,DE0 4,Battery Storage,676.78813
Link,battery charger,DE0 5,AC,-645.12047
Link,battery charger,DE0 5,Battery Storage,632.08639
Link,battery charger,DK0 0,AC,-663.87295
Link,battery charger,DK0 0,Battery Storage,650.46
Link,battery charger,DK1 0,AC,-635.00996
Link,battery charger,DK1 0,Battery Storage,622.18016
Link,battery charger,EE0 0,AC,-562.61122
Link,battery charger,EE0 0,Battery Storage,551.24417
Link,battery charger,ES0 0,AC,-45224815.6391
Link,battery charger,ES0 0,Battery Storage,44311088.81089
Link,battery charger,ES6 0,AC,-637.48704
Link,battery charger,ES6 0,Battery Storage,624.60719
Link,battery charger,FI1 0,AC,-550.8858
Link,battery charger,FI1 0,Battery Storage,539.75564
Link,battery charger,FR0 0,AC,-625.83194
Link,battery charger,FR0 0,Battery Storage,613.18757
Link,battery charger,FR0 1,AC,-686.54535
Link,battery charger,FR0 1,Battery Storage,672.67432
Link,battery charger,FR0 2,AC,-639.09895
Link,battery charger,FR0 2,Battery Storage,626.18653
Link,battery charger,FR0 3,AC,-624.63159
Link,battery charger,FR0 3,Battery Storage,612.01147
Link,battery charger,FR0 4,AC,-669.47701
Link,battery charger,FR0 4,Battery Storage,655.95083
Link,battery charger,FR5 0,AC,-1139594.2413
Link,battery charger,FR5 0,Battery Storage,1116569.762
Link,battery charger,GB2 0,AC,-589.84263
Link,battery charger,GB2 0,Battery Storage,577.92539
Link,battery charger,GB2 1,AC,-587.23712
Link,battery charger,GB2 1,Battery Storage,575.37252
Link,battery charger,GB3 0,AC,-570.00175
Link,battery charger,GB3 0,Battery Storage,558.48537
Link,battery charger,GR0 0,AC,-7995744.56401
Link,battery charger,GR0 0,Battery Storage,7834197.71818
Link,battery charger,HR0 0,AC,-1549.8246
Link,battery charger,HR0 0,Battery Storage,1518.51179
Link,battery charger,HU0 0,AC,-1394.22385
Link,battery charger,HU0 0,Battery Storage,1366.05481
Link,battery charger,IE3 0,AC,-571.03096
Link,battery charger,IE3 0,Battery Storage,559.4938
Link,battery charger,IT0 0,AC,-20803869.79671
Link,battery charger,IT0 0,Battery Storage,20383546.27089
Link,battery charger,IT0 1,AC,-1575.78159
Link,battery charger,IT0 1,Battery Storage,1543.94434
Link,battery charger,IT4 0,AC,-5359389.93555
Link,battery charger,IT4 0,Battery Storage,5251108.26988
Link,battery charger,LT0 0,AC,-555.82724
Link,battery charger,LT0 0,Battery Storage,544.59725
Link,battery charger,LU0 0,AC,-760.64765
Link,battery charger,LU0 0,Battery Storage,745.27944
Link,battery charger,LV0 0,AC,-557.40679
Link,battery charger,LV0 0,Battery Storage,546.14488
Link,battery charger,ME0 0,AC,-4407.91128
Link,battery charger,ME0 0,Battery Storage,4318.85338
Link,battery charger,MK0 0,AC,-14565.07804
Link,battery charger,MK0 0,Battery Storage,14270.80371
Link,battery charger,NL0 0,AC,-607.43031
Link,battery charger,NL0 0,Battery Storage,595.15772
Link,battery charger,NO1 0,AC,-570.39513
Link,battery charger,NO1 0,Battery Storage,558.87081
Link,battery charger,PL0 0,AC,-673.98964
Link,battery charger,PL0 0,Battery Storage,660.37228
Link,battery charger,PT0 0,AC,-7479.81818
Link,battery charger,PT0 0,Battery Storage,7328.69516
Link,battery charger,RO0 0,AC,-1809.93123
Link,battery charger,RO0 0,Battery Storage,1773.3632
Link,battery charger,RS0 0,AC,-1995.11905
Link,battery charger,RS0 0,Battery Storage,1954.80946
Link,battery charger,SE1 0,AC,-558.02141
Link,battery charger,SE1 0,Battery Storage,546.74709
Link,battery charger,SI0 0,AC,-1319.05729
Link,battery charger,SI0 0,Battery Storage,1292.40692
Link,battery charger,SK0 0,AC,-1132.20703
Link,battery charger,SK0 0,Battery Storage,1109.3318
Link,battery charger,XK0 0,AC,-19545.42931
Link,battery charger,XK0 0,Battery Storage,19150.53145
Link,battery discharger,AL0 0,AC,964210.52709
Link,battery discharger,AL0 0,Battery Storage,-984093.24833
Link,battery discharger,AT0 0,AC,841.47392
Link,battery discharger,AT0 0,Battery Storage,-858.82573
Link,battery discharger,BA0 0,AC,1737.7927
Link,battery discharger,BA0 0,Battery Storage,-1773.62725
Link,battery discharger,BE0 0,AC,548.98891
Link,battery discharger,BE0 0,Battery Storage,-560.30946
Link,battery discharger,BG0 0,AC,8680.56696
Link,battery discharger,BG0 0,Battery Storage,-8859.56655
Link,battery discharger,CH0 0,AC,706.72188
Link,battery discharger,CH0 0,Battery Storage,-721.295
Link,battery discharger,CZ0 0,AC,700.6037
Link,battery discharger,CZ0 0,Battery Storage,-715.05066
Link,battery discharger,DE0 0,AC,580.04644
Link,battery discharger,DE0 0,Battery Storage,-592.00742
Link,battery discharger,DE0 1,AC,616.9628
Link,battery discharger,DE0 1,Battery Storage,-629.68502
Link,battery discharger,DE0 2,AC,574.01959
Link,battery discharger,DE0 2,Battery Storage,-585.85629
Link,battery discharger,DE0 3,AC,731.06141
Link,battery discharger,DE0 3,Battery Storage,-746.13642
Link,battery discharger,DE0 4,AC,663.11427
Link,battery discharger,DE0 4,Battery Storage,-676.78816
Link,battery discharger,DE0 5,AC,619.31563
Link,battery discharger,DE0 5,Battery Storage,-632.08637
Link,battery discharger,DK0 0,AC,637.31806
Link,battery discharger,DK0 0,Battery Storage,-650.46002
Link,battery discharger,DK1 0,AC,609.60963
Link,battery discharger,DK1 0,Battery Storage,-622.18022
Link,battery discharger,EE0 0,AC,540.10719
Link,battery discharger,EE0 0,Battery Storage,-551.24459
Link,battery discharger,ES0 0,AC,43415823.01366
Link,battery discharger,ES0 0,Battery Storage,-44311088.81102
Link,battery discharger,ES6 0,AC,611.9877
Link,battery discharger,ES6 0,Battery Storage,-624.60733
Link,battery discharger,FI1 0,AC,528.85144
Link,battery discharger,FI1 0,Battery Storage,-539.75675
Link,battery discharger,FR0 0,AC,600.79879
Link,battery discharger,FR0 0,Battery Storage,-613.18769
Link,battery discharger,FR0 1,AC,659.0836
Link,battery discharger,FR0 1,Battery Storage,-672.67438
Link,battery discharger,FR0 2,AC,613.5351
Link,battery discharger,FR0 2,Battery Storage,-626.18663
Link,battery discharger,FR0 3,AC,599.64657
Link,battery discharger,FR0 3,Battery Storage,-612.01171
Link,battery discharger,FR0 4,AC,642.69811
Link,battery discharger,FR0 4,Battery Storage,-655.95101
Link,battery discharger,FR5 0,AC,1094010.47215
Link,battery discharger,FR5 0,Battery Storage,-1116569.76252
Link,battery discharger,GB2 0,AC,566.24899
Link,battery discharger,GB2 0,Battery Storage,-577.92546
Link,battery discharger,GB2 1,AC,563.74775
Link,battery discharger,GB2 1,Battery Storage,-575.37263
Link,battery discharger,GB3 0,AC,547.20187
Link,battery discharger,GB3 0,Battery Storage,-558.48557
Link,battery discharger,GR0 0,AC,7675914.78229
Link,battery discharger,GR0 0,Battery Storage,-7834197.71904
Link,battery discharger,HR0 0,AC,1487.83179
Link,battery discharger,HR0 0,Battery Storage,-1518.51196
Link,battery discharger,HU0 0,AC,1338.45523
Link,battery discharger,HU0 0,Battery Storage,-1366.05515
Link,battery discharger,IE3 0,AC,548.20261
Link,battery discharger,IE3 0,Battery Storage,-559.50695
Link,battery discharger,IT0 0,AC,19971715.00509
Link,battery discharger,IT0 0,Battery Storage,-20383546.27115
Link,battery discharger,IT0 1,AC,1512.75028
Link,battery discharger,IT0 1,Battery Storage,-1543.94429
Link,battery discharger,IT4 0,AC,5145014.33901
Link,battery discharger,IT4 0,Battery Storage,-5251108.27078
Link,battery discharger,LT0 0,AC,533.59427
Link,battery discharger,LT0 0,Battery Storage,-544.59738
Link,battery discharger,LU0 0,AC,730.22192
Link,battery discharger,LU0 0,Battery Storage,-745.27962
Link,battery discharger,LV0 0,AC,535.11059
Link,battery discharger,LV0 0,Battery Storage,-546.14496
Link,battery discharger,ME0 0,AC,4231.59607
Link,battery discharger,ME0 0,Battery Storage,-4318.85465
Link,battery discharger,MK0 0,AC,13982.47606
Link,battery discharger,MK0 0,Battery Storage,-14270.80487
Link,battery discharger,NL0 0,AC,583.13328
Link,battery discharger,NL0 0,Battery Storage,-595.15791
Link,battery discharger,NO1 0,AC,547.57938
Link,battery discharger,NO1 0,Battery Storage,-558.87087
Link,battery discharger,PL0 0,AC,647.03016
Link,battery discharger,PL0 0,Battery Storage,-660.37239
Link,battery discharger,PT0 0,AC,7180.62658
Link,battery discharger,PT0 0,Battery Storage,-7328.69632
Link,battery discharger,RO0 0,AC,1737.53414
Link,battery discharger,RO0 0,Battery Storage,-1773.36335
Link,battery discharger,RS0 0,AC,1915.31443
Link,battery discharger,RS0 0,Battery Storage,-1954.8096
Link,battery discharger,SE1 0,AC,535.70158
Link,battery discharger,SE1 0,Battery Storage,-546.74814
Link,battery discharger,SI0 0,AC,1266.29507
Link,battery discharger,SI0 0,Battery Storage,-1292.407
Link,battery discharger,SK0 0,AC,1086.91896
Link,battery discharger,SK0 0,Battery Storage,-1109.33202
Link,battery discharger,XK0 0,AC,18763.61317
Link,battery discharger,XK0 0,Battery Storage,-19150.5325
Link,biogas to gas,,co2,-8272748.08242
Link,biogas to gas,AL0 0,biogas,-302462.62774
Link,biogas to gas,AL0 0,gas,302462.62774
Link,biogas to gas,AT0 0,biogas,-4128458.21899
Link,biogas to gas,AT0 0,gas,4128458.21899
Link,biogas to gas,BA0 0,biogas,-414561.39421
Link,biogas to gas,BA0 0,gas,414561.39421
Link,biogas to gas,BE0 0,biogas,-5988193.61624
Link,biogas to gas,BE0 0,gas,5988193.61624
Link,biogas to gas,BG0 0,biogas,-3692581.65678
Link,biogas to gas,BG0 0,gas,3692581.65678
Link,biogas to gas,CH0 0,biogas,-15367.85145
Link,biogas to gas,CH0 0,gas,15367.85145
Link,biogas to gas,CZ0 0,biogas,-12020582.73259
Link,biogas to gas,CZ0 0,gas,12020582.73259
Link,biogas to gas,DE0 0,biogas,-20794034.98719
Link,biogas to gas,DE0 0,gas,20794034.98719
Link,biogas to gas,DE0 1,biogas,-10933808.27705
Link,biogas to gas,DE0 1,gas,10933808.27705
Link,biogas to gas,DE0 2,biogas,-13463238.40512
Link,biogas to gas,DE0 2,gas,13463238.40512
Link,biogas to gas,DE0 3,biogas,-13179192.45283
Link,biogas to gas,DE0 3,gas,13179192.45283
Link,biogas to gas,DE0 4,biogas,-12288661.02541
Link,biogas to gas,DE0 4,gas,12288661.02541
Link,biogas to gas,DE0 5,biogas,-15834518.4904
Link,biogas to gas,DE0 5,gas,15834518.4904
Link,biogas to gas,DK0 0,biogas,-7131186.97825
Link,biogas to gas,DK0 0,gas,7131186.97825
Link,biogas to gas,DK1 0,biogas,-2132576.92518
Link,biogas to gas,DK1 0,gas,2132576.92518
Link,biogas to gas,EE0 0,biogas,-1254089.4873
Link,biogas to gas,EE0 0,gas,1254089.4873
Link,biogas to gas,ES0 0,biogas,-20003582.97384
Link,biogas to gas,ES0 0,gas,20003582.97384
Link,biogas to gas,ES6 0,biogas,-113768.63227
Link,biogas to gas,ES6 0,gas,113768.63227
Link,biogas to gas,EU,co2,-58548208.72262
Link,biogas to gas,FI1 0,biogas,-3057515.51107
Link,biogas to gas,FI1 0,gas,3057515.51107
Link,biogas to gas,FR0 0,biogas,-15378352.04483
Link,biogas to gas,FR0 0,gas,15378352.04483
Link,biogas to gas,FR0 1,biogas,-4164427.20053
Link,biogas to gas,FR0 1,gas,4164427.20053
Link,biogas to gas,FR0 2,biogas,-7550274.91242
Link,biogas to gas,FR0 2,gas,7550274.91242
Link,biogas to gas,FR0 3,biogas,-11534384.94032
Link,biogas to gas,FR0 3,gas,11534384.94032
Link,biogas to gas,FR0 4,biogas,-6480435.51015
Link,biogas to gas,FR0 4,gas,6480435.51015
Link,biogas to gas,FR5 0,biogas,-82408.10658
Link,biogas to gas,FR5 0,gas,82408.10658
Link,biogas to gas,GB2 0,biogas,-15272707.5737
Link,biogas to gas,GB2 0,gas,15272707.5737
Link,biogas to gas,GB2 1,biogas,-23923020.30239
Link,biogas to gas,GB2 1,gas,23923020.30239
Link,biogas to gas,GB3 0,biogas,-2585828.09573
Link,biogas to gas,GB3 0,gas,2585828.09573
Link,biogas to gas,GR0 0,biogas,-3335601.41014
Link,biogas to gas,GR0 0,gas,3335601.41014
Link,biogas to gas,HR0 0,biogas,-1817458.51432
Link,biogas to gas,HR0 0,gas,1817458.51432
Link,biogas to gas,HU0 0,biogas,-10674478.31895
Link,biogas to gas,HU0 0,gas,10674478.31895
Link,biogas to gas,IE3 0,biogas,-2075539.43853
Link,biogas to gas,IE3 0,gas,2075539.43853
Link,biogas to gas,IT0 0,biogas,-9254770.95964
Link,biogas to gas,IT0 0,gas,9254770.95964
Link,biogas to gas,IT0 1,biogas,-22240048.00001
Link,biogas to gas,IT0 1,gas,22240048.00001
Link,biogas to gas,IT4 0,biogas,-470501.84058
Link,biogas to gas,IT4 0,gas,470501.84058
Link,biogas to gas,LT0 0,biogas,-2745980.77435
Link,biogas to gas,LT0 0,gas,2745980.77435
Link,biogas to gas,LU0 0,biogas,-317349.63779
Link,biogas to gas,LU0 0,gas,317349.63779
Link,biogas to gas,LV0 0,biogas,-2071150.19488
Link,biogas to gas,LV0 0,gas,2071150.19488
Link,biogas to gas,ME0 0,biogas,-29821.09751
Link,biogas to gas,ME0 0,gas,29821.09751
Link,biogas to gas,MK0 0,biogas,-342615.18315
Link,biogas to gas,MK0 0,gas,342615.18315
Link,biogas to gas,NL0 0,biogas,-7461395.41253
Link,biogas to gas,NL0 0,gas,7461395.41253
Link,biogas to gas,NO1 0,biogas,-665929.44303
Link,biogas to gas,NO1 0,gas,665929.44303
Link,biogas to gas,PL0 0,biogas,-17491891.12702
Link,biogas to gas,PL0 0,gas,17491891.12702
Link,biogas to gas,PT0 0,biogas,-3382128.54153
Link,biogas to gas,PT0 0,gas,3382128.54153
Link,biogas to gas,RO0 0,biogas,-7600906.77212
Link,biogas to gas,RO0 0,gas,7600906.77212
Link,biogas to gas,RS0 0,biogas,-3322793.5369
Link,biogas to gas,RS0 0,gas,3322793.5369
Link,biogas to gas,SE1 0,biogas,-4409017.0951
Link,biogas to gas,SE1 0,gas,4409017.0951
Link,biogas to gas,SI0 0,biogas,-374860.09577
Link,biogas to gas,SI0 0,gas,374860.09577
Link,biogas to gas,SK0 0,biogas,-3572778.0335
Link,biogas to gas,SK0 0,gas,3572778.0335
Link,biogas to gas,XK0 0,biogas,-102343.46547
Link,biogas to gas,XK0 0,gas,102343.46547
Link,biomass to liquid,,co2,-719.93441
Link,biomass to liquid,AL0 0,solid biomass,-935054.52105
Link,biomass to liquid,AT0 0,solid biomass,-118.64966
Link,biomass to liquid,BA0 0,solid biomass,-9034092.4212
Link,biomass to liquid,BE0 0,solid biomass,-35.37354
Link,biomass to liquid,BG0 0,solid biomass,-234.32721
Link,biomass to liquid,CH0 0,solid biomass,-109.08763
Link,biomass to liquid,CZ0 0,solid biomass,-50.55822
Link,biomass to liquid,DE0 0,solid biomass,-64.42188
Link,biomass to liquid,DE0 1,solid biomass,-110.71421
Link,biomass to liquid,DE0 2,solid biomass,-35.4587
Link,biomass to liquid,DE0 3,solid biomass,-97.67542
Link,biomass to liquid,DE0 4,solid biomass,-43.78179
Link,biomass to liquid,DE0 5,solid biomass,-62.15168
Link,biomass to liquid,DK0 0,solid biomass,-129.70191
Link,biomass to liquid,DK1 0,solid biomass,-27.79925
Link,biomass to liquid,EE0 0,solid biomass,-11501030.58884
Link,biomass to liquid,ES0 0,solid biomass,-61.66743
Link,biomass to liquid,ES6 0,solid biomass,-32.42259
Link,biomass to liquid,EU,co2,-5072667.5806
Link,biomass to liquid,EU,oil,19722408.05784
Link,biomass to liquid,FI1 0,solid biomass,-346.00669
Link,biomass to liquid,FR0 0,solid biomass,-55.4646
Link,biomass to liquid,FR0 1,solid biomass,-49.42182
Link,biomass to liquid,FR0 2,solid biomass,-1539074.91413
Link,biomass to liquid,FR0 3,solid biomass,-79.47389
Link,biomass to liquid,FR0 4,solid biomass,-225.26252
Link,biomass to liquid,FR5 0,solid biomass,-41.28234
Link,biomass to liquid,GB2 0,solid biomass,-101.5605
Link,biomass to liquid,GB2 1,solid biomass,-90.1345
Link,biomass to liquid,GB3 0,solid biomass,-7109.87105
Link,biomass to liquid,GR0 0,solid biomass,-50.16988
Link,biomass to liquid,HR0 0,solid biomass,-3622727.35146
Link,biomass to liquid,HU0 0,solid biomass,-115.48849
Link,biomass to liquid,IE3 0,solid biomass,-83.93733
Link,biomass to liquid,IT0 0,solid biomass,-38.64042
Link,biomass to liquid,IT0 1,solid biomass,-45.89726
Link,biomass to liquid,IT4 0,solid biomass,-39.91496
Link,biomass to liquid,LT0 0,solid biomass,-234.08117
Link,biomass to liquid,LU0 0,solid biomass,-44.10605
Link,biomass to liquid,LV0 0,solid biomass,-11181284.29343
Link,biomass to liquid,ME0 0,solid biomass,-840590.74519
Link,biomass to liquid,MK0 0,solid biomass,-358.51536
Link,biomass to liquid,NL0 0,solid biomass,-42.74089
Link,biomass to liquid,NO1 0,solid biomass,-33.96834
Link,biomass to liquid,PL0 0,solid biomass,-52.05761
Link,biomass to liquid,PT0 0,solid biomass,-313.68995
Link,biomass to liquid,RO0 0,solid biomass,-168.57116
Link,biomass to liquid,RS0 0,solid biomass,-171.22652
Link,biomass to liquid,SE1 0,solid biomass,-11049517.79961
Link,biomass to liquid,SI0 0,solid biomass,-122.43443
Link,biomass to liquid,SK0 0,solid biomass,-110.18693
Link,biomass to liquid,XK0 0,solid biomass,-1739523.90143
Link,biomass-to-methanol,,co2,-18.76595
Link,biomass-to-methanol,AL0 0,solid biomass,-43.86885
Link,biomass-to-methanol,AT0 0,solid biomass,-39.72926
Link,biomass-to-methanol,BA0 0,solid biomass,-45.28628
Link,biomass-to-methanol,BE0 0,solid biomass,-24.50198
Link,biomass-to-methanol,BG0 0,solid biomass,-42.83565
Link,biomass-to-methanol,CH0 0,solid biomass,-40.62303
Link,biomass-to-methanol,CZ0 0,solid biomass,-30.23745
Link,biomass-to-methanol,DE0 0,solid biomass,-34.09938
Link,biomass-to-methanol,DE0 1,solid biomass,-40.53823
Link,biomass-to-methanol,DE0 2,solid biomass,-25.06118
Link,biomass-to-methanol,DE0 3,solid biomass,-38.48639
Link,biomass-to-methanol,DE0 4,solid biomass,-27.67732
Link,biomass-to-methanol,DE0 5,solid biomass,-33.54651
Link,biomass-to-methanol,DK0 0,solid biomass,-39.51687
Link,biomass-to-methanol,DK1 0,solid biomass,-21.45436
Link,biomass-to-methanol,EE0 0,solid biomass,-46.17743
Link,biomass-to-methanol,ES0 0,solid biomass,-34.46604
Link,biomass-to-methanol,ES6 0,solid biomass,-26.55448
Link,biomass-to-methanol,EU,co2,-257.35563
Link,biomass-to-methanol,EU,methanol,1112.511
Link,biomass-to-methanol,FI1 0,solid biomass,-41.44483
Link,biomass-to-methanol,FR0 0,solid biomass,-31.31756
Link,biomass-to-methanol,FR0 1,solid biomass,-28.21993
Link,biomass-to-methanol,FR0 2,solid biomass,-46.3504
Link,biomass-to-methanol,FR0 3,solid biomass,-36.16768
Link,biomass-to-methanol,FR0 4,solid biomass,-43.22194
Link,biomass-to-methanol,FR5 0,solid biomass,-28.11939
Link,biomass-to-methanol,GB2 0,solid biomass,-39.36336
Link,biomass-to-methanol,GB2 1,solid biomass,-37.82038
Link,biomass-to-methanol,GB3 0,solid biomass,-46.76574
Link,biomass-to-methanol,GR0 0,solid biomass,-27.36525
Link,biomass-to-methanol,HR0 0,solid biomass,-46.50789
Link,biomass-to-methanol,HU0 0,solid biomass,-38.49537
Link,biomass-to-methanol,IE3 0,solid biomass,-34.95853
Link,biomass-to-methanol,IT0 0,solid biomass,-25.16877
Link,biomass-to-methanol,IT0 1,solid biomass,-29.7591
Link,biomass-to-methanol,IT4 0,solid biomass,-25.19162
Link,biomass-to-methanol,LT0 0,solid biomass,-43.3522
Link,biomass-to-methanol,LU0 0,solid biomass,-31.46952
Link,biomass-to-methanol,LV0 0,solid biomass,-46.56364
Link,biomass-to-methanol,ME0 0,solid biomass,-43.74236
Link,biomass-to-methanol,MK0 0,solid biomass,-41.63129
Link,biomass-to-methanol,NL0 0,solid biomass,-28.06544
Link,biomass-to-methanol,NO1 0,solid biomass,-22.94622
Link,biomass-to-methanol,PL0 0,solid biomass,-30.52256
Link,biomass-to-methanol,PT0 0,solid biomass,-43.43801
Link,biomass-to-methanol,RO0 0,solid biomass,-41.07013
Link,biomass-to-methanol,RS0 0,solid biomass,-40.65248
Link,biomass-to-methanol,SE1 0,solid biomass,-45.68652
Link,biomass-to-methanol,SI0 0,solid biomass,-40.16811
Link,biomass-to-methanol,SK0 0,solid biomass,-39.82128
Link,biomass-to-methanol,XK0 0,solid biomass,-43.76032
Link,co2 sequestered,BG0 0,co2 sequestered,808.11573
Link,co2 sequestered,BG0 0,co2 stored,-808.11573
Link,co2 sequestered,DE0 0,co2 sequestered,681943.90406
Link,co2 sequestered,DE0 0,co2 stored,-681943.90406
Link,co2 sequestered,DE0 2,co2 sequestered,967.68945
Link,co2 sequestered,DE0 2,co2 stored,-967.68945
Link,co2 sequestered,DK0 0,co2 sequestered,280.31667
Link,co2 sequestered,DK0 0,co2 stored,-280.31667
Link,co2 sequestered,DK1 0,co2 sequestered,245.04877
Link,co2 sequestered,DK1 0,co2 stored,-245.04877
Link,co2 sequestered,EE0 0,co2 sequestered,137025.50409
Link,co2 sequestered,EE0 0,co2 stored,-137025.50409
Link,co2 sequestered,ES0 0,co2 sequestered,363.94961
Link,co2 sequestered,ES0 0,co2 stored,-363.94961
Link,co2 sequestered,GB2 0,co2 sequestered,707.21106
Link,co2 sequestered,GB2 0,co2 stored,-707.21106
Link,co2 sequestered,GB2 1,co2 sequestered,784.61293
Link,co2 sequestered,GB2 1,co2 stored,-784.61293
Link,co2 sequestered,GR0 0,co2 sequestered,543.5979
Link,co2 sequestered,GR0 0,co2 stored,-543.5979
Link,co2 sequestered,IE3 0,co2 sequestered,638.60845
Link,co2 sequestered,IE3 0,co2 stored,-638.60845
Link,co2 sequestered,IT0 0,co2 sequestered,173.58789
Link,co2 sequestered,IT0 0,co2 stored,-173.58789
Link,co2 sequestered,IT0 1,co2 sequestered,694.82366
Link,co2 sequestered,IT0 1,co2 stored,-694.82366
Link,co2 sequestered,LT0 0,co2 sequestered,285375.492
Link,co2 sequestered,LT0 0,co2 stored,-285375.492
Link,co2 sequestered,LV0 0,co2 sequestered,428529.65203
Link,co2 sequestered,LV0 0,co2 stored,-428529.65203
Link,co2 sequestered,NL0 0,co2 sequestered,400.60375
Link,co2 sequestered,NL0 0,co2 stored,-400.60375
Link,co2 sequestered,NO1 0,co2 sequestered,130.23798
Link,co2 sequestered,NO1 0,co2 stored,-130.23798
Link,co2 sequestered,PL0 0,co2 sequestered,1512169.96772
Link,co2 sequestered,PL0 0,co2 stored,-1512169.96772
Link,co2 sequestered,PT0 0,co2 sequestered,343.49852
Link,co2 sequestered,PT0 0,co2 stored,-343.49852
Link,co2 sequestered,SE1 0,co2 sequestered,297.89175
Link,co2 sequestered,SE1 0,co2 stored,-297.89175
Link,coal,,co2,51.12054
Link,coal,AL0 0,AC,14.04435
Link,coal,AT0 0,AC,14.65879
Link,coal,BA0 0,AC,14.63393
Link,coal,BE0 0,AC,14.01949
Link,coal,BG0 0,AC,27.20706
Link,coal,CH0 0,AC,13.96404
Link,coal,CZ0 0,AC,34.01989
Link,coal,DE0 0,AC,550911.38773
Link,coal,DE0 1,AC,2177.48027
Link,coal,DE0 2,AC,446322.50613
Link,coal,DE0 3,AC,34.9945
Link,coal,DE0 4,AC,17497.10554
Link,coal,DE0 5,AC,185253.25151
Link,coal,DK0 0,AC,91645.54009
Link,coal,DK1 0,AC,6365.96781
Link,coal,EE0 0,AC,12.49069
Link,coal,ES0 0,AC,24.43807
Link,coal,ES6 0,AC,14.80024
Link,coal,EU,co2,3303275.74768
Link,coal,EU,coal,-9828404.84446
Link,coal,FI1 0,AC,18.67485
Link,coal,FR0 0,AC,13.15392
Link,coal,FR0 1,AC,13.35735
Link,coal,FR0 2,AC,13.33229
Link,coal,FR0 3,AC,29076.9204
Link,coal,FR0 4,AC,13.31401
Link,coal,FR5 0,AC,14.47337
Link,coal,GB2 0,AC,12.72164
Link,coal,GB2 1,AC,28.35814
Link,coal,GB3 0,AC,13.06753
Link,coal,GR0 0,AC,13.76283
Link,coal,HR0 0,AC,14.73365
Link,coal,HU0 0,AC,29.35815
Link,coal,IE3 0,AC,23.5101
Link,coal,IT0 0,AC,27.21522
Link,coal,IT0 1,AC,28.93381
Link,coal,IT4 0,AC,26.54669
Link,coal,LT0 0,AC,12.85366
Link,coal,LU0 0,AC,17.1621
Link,coal,LV0 0,AC,12.72814
Link,coal,ME0 0,AC,14.4316
Link,coal,MK0 0,AC,14.2255
Link,coal,NL0 0,AC,510345.97385
Link,coal,NO1 0,AC,11.20802
Link,coal,PL0 0,AC,1658568.77879
Link,coal,PT0 0,AC,13.64851
Link,coal,RO0 0,AC,27.60446
Link,coal,RS0 0,AC,14.60323
Link,coal,SE1 0,AC,11.62994
Link,coal,SI0 0,AC,28.7736
Link,coal,SK0 0,AC,30.18424
Link,coal,XK0 0,AC,14.37487
Link,coal for industry,EU,co2,56197217.08474
Link,coal for industry,EU,coal,-167203859.22266
Link,coal for industry,EU,coal for industry,167203859.22266
Link,electricity distribution grid,AL0 0,AC,-3611591.67731
Link,electricity distribution grid,AL0 0,low voltage,3503178.69769
Link,electricity distribution grid,AT0 0,AC,-67312629.55118
Link,electricity distribution grid,AT0 0,low voltage,65293200.21207
Link,electricity distribution grid,BA0 0,AC,-12054715.35731
Link,electricity distribution grid,BA0 0,low voltage,11692872.49602
Link,electricity distribution grid,BE0 0,AC,-96129906.18544
Link,electricity distribution grid,BE0 0,low voltage,93245955.57655
Link,electricity distribution grid,BG0 0,AC,-38694424.52174
Link,electricity distribution grid,BG0 0,low voltage,37533376.14765
Link,electricity distribution grid,CH0 0,AC,-73464985.56303
Link,electricity distribution grid,CH0 0,low voltage,71260831.83147
Link,electricity distribution grid,CZ0 0,AC,-69554047.37069
Link,electricity distribution grid,CZ0 0,low voltage,67467371.9765
Link,electricity distribution grid,DE0 0,AC,-94458744.85549
Link,electricity distribution grid,DE0 0,low voltage,91624950.21357
Link,electricity distribution grid,DE0 1,AC,-50487679.25193
Link,electricity distribution grid,DE0 1,low voltage,48973006.06486
Link,electricity distribution grid,DE0 2,AC,-150775762.52374
Link,electricity distribution grid,DE0 2,low voltage,146252375.03622
Link,electricity distribution grid,DE0 3,AC,-69310557.0231
Link,electricity distribution grid,DE0 3,low voltage,67231196.42444
Link,electricity distribution grid,DE0 4,AC,-127787344.60335
Link,electricity distribution grid,DE0 4,low voltage,123953675.82117
Link,electricity distribution grid,DE0 5,AC,-83592710.39622
Link,electricity distribution grid,DE0 5,low voltage,81084895.4588
Link,electricity distribution grid,DK0 0,AC,-29224492.60201
Link,electricity distribution grid,DK0 0,low voltage,28347492.8095
Link,electricity distribution grid,DK1 0,AC,-21727844.05088
Link,electricity distribution grid,DK1 0,low voltage,21075682.30692
Link,electricity distribution grid,EE0 0,AC,-9342240.55541
Link,electricity distribution grid,EE0 0,low voltage,9061874.52055
Link,electricity distribution grid,ES0 0,AC,-296677037.94977
Link,electricity distribution grid,ES0 0,low voltage,287776554.52933
Link,electricity distribution grid,ES6 0,AC,-10179984.14316
Link,electricity distribution grid,ES6 0,low voltage,9874477.62669
Link,electricity distribution grid,FI1 0,AC,-80121066.33027
Link,electricity distribution grid,FI1 0,low voltage,77717376.80519
Link,electricity distribution grid,FR0 0,AC,-187918160.57456
Link,electricity distribution grid,FR0 0,low voltage,182280461.39543
Link,electricity distribution grid,FR0 1,AC,-125428418.58513
Link,electricity distribution grid,FR0 1,low voltage,121665359.04684
Link,electricity distribution grid,FR0 2,AC,-81746613.34774
Link,electricity distribution grid,FR0 2,low voltage,79294009.41259
Link,electricity distribution grid,FR0 3,AC,-78011220.56757
Link,electricity distribution grid,FR0 3,low voltage,75670667.37549
Link,electricity distribution grid,FR0 4,AC,-64929843.65506
Link,electricity distribution grid,FR0 4,low voltage,62981700.79288
Link,electricity distribution grid,FR5 0,AC,-4652210.41145
Link,electricity distribution grid,FR5 0,low voltage,4512344.45383
Link,electricity distribution grid,GB2 0,AC,-132128505.57045
Link,electricity distribution grid,GB2 0,low voltage,128164561.9196
Link,electricity distribution grid,GB2 1,AC,-221893834.96825
Link,electricity distribution grid,GB2 1,low voltage,215236920.43736
Link,electricity distribution grid,GB3 0,AC,-12392566.77148
Link,electricity distribution grid,GB3 0,low voltage,12020664.38481
Link,electricity distribution grid,GR0 0,AC,-53138563.98888
Link,electricity distribution grid,GR0 0,low voltage,51544187.81597
Link,electricity distribution grid,HR0 0,AC,-18986685.68005
Link,electricity distribution grid,HR0 0,low voltage,18417037.24264
Link,electricity distribution grid,HU0 0,AC,-45060824.74628
Link,electricity distribution grid,HU0 0,low voltage,43708973.02617
Link,electricity distribution grid,IE3 0,AC,-29943595.75561
Link,electricity distribution grid,IE3 0,low voltage,29045161.91518
Link,electricity distribution grid,IT0 0,AC,-145720651.3779
Link,electricity distribution grid,IT0 0,low voltage,141348667.38255
Link,electricity distribution grid,IT0 1,AC,-226028947.36463
Link,electricity distribution grid,IT0 1,low voltage,219247928.607
Link,electricity distribution grid,IT4 0,AC,-10747359.6943
Link,electricity distribution grid,IT4 0,low voltage,10424776.78624
Link,electricity distribution grid,LT0 0,AC,-12722748.21752
Link,electricity distribution grid,LT0 0,low voltage,12341032.91742
Link,electricity distribution grid,LU0 0,AC,-7295920.00097
Link,electricity distribution grid,LU0 0,low voltage,7076977.07382
Link,electricity distribution grid,LV0 0,AC,-7555274.43271
Link,electricity distribution grid,LV0 0,low voltage,7328588.61146
Link,electricity distribution grid,ME0 0,AC,-2980535.21379
Link,electricity distribution grid,ME0 0,low voltage,2891025.48269
Link,electricity distribution grid,MK0 0,AC,-6938861.69992
Link,electricity distribution grid,MK0 0,low voltage,6730552.42343
Link,electricity distribution grid,NL0 0,AC,-147135572.06179
Link,electricity distribution grid,NL0 0,low voltage,142721413.97012
Link,electricity distribution grid,NO1 0,AC,-93684235.48744
Link,electricity distribution grid,NO1 0,low voltage,90873674.82716
Link,electricity distribution grid,PL0 0,AC,-196540511.56948
Link,electricity distribution grid,PL0 0,low voltage,190644248.57888
Link,electricity distribution grid,PT0 0,AC,-62577872.13793
Link,electricity distribution grid,PT0 0,low voltage,60700105.93461
Link,electricity distribution grid,RO0 0,AC,-63913510.86623
Link,electricity distribution grid,RO0 0,low voltage,61996066.29065
Link,electricity distribution grid,RS0 0,AC,-35683564.49865
Link,electricity distribution grid,RS0 0,low voltage,34612772.05727
Link,electricity distribution grid,SE1 0,AC,-134606547.07409
Link,electricity distribution grid,SE1 0,low voltage,130568292.79914
Link,electricity distribution grid,SI0 0,AC,-14481276.37991
Link,electricity distribution grid,SI0 0,low voltage,14046787.13011
Link,electricity distribution grid,SK0 0,AC,-28836638.54883
Link,electricity distribution grid,SK0 0,low voltage,27971518.41831
Link,electricity distribution grid,XK0 0,AC,-6384309.7738
Link,electricity distribution grid,XK0 0,low voltage,6192490.85279
Link,gas DRI,AL0 0,gas,-10.38114
Link,gas DRI,AL0 0,hbi,3.73422
Link,gas DRI,AL0 0,steel emission,2.05546
Link,gas DRI,AT0 0,gas,-34.62505
Link,gas DRI,AT0 0,hbi,12.45505
Link,gas DRI,AT0 0,steel emission,6.85576
Link,gas DRI,BA0 0,gas,-16.61206
Link,gas DRI,BA0 0,hbi,5.97556
Link,gas DRI,BA0 0,steel emission,3.28919
Link,gas DRI,BE0 0,gas,-35.60906
Link,gas DRI,BE0 0,hbi,12.80902
Link,gas DRI,BE0 0,steel emission,7.05059
Link,gas DRI,CH0 0,gas,-15.9192
Link,gas DRI,CH0 0,hbi,5.72633
Link,gas DRI,CH0 0,steel emission,3.152
Link,gas DRI,CZ0 0,gas,-32.08005
Link,gas DRI,CZ0 0,hbi,11.53959
Link,gas DRI,CZ0 0,steel emission,6.35185
Link,gas DRI,DE0 0,gas,-36.7309
Link,gas DRI,DE0 0,hbi,13.21255
Link,gas DRI,DE0 0,steel emission,7.27272
Link,gas DRI,DE0 2,gas,-38.65312
Link,gas DRI,DE0 2,hbi,13.904
Link,gas DRI,DE0 2,steel emission,7.65332
Link,gas DRI,DE0 4,gas,-33.16701
Link,gas DRI,DE0 4,hbi,11.93058
Link,gas DRI,DE0 4,steel emission,6.56707
Link,gas DRI,DE0 5,gas,-25.07209
Link,gas DRI,DE0 5,hbi,9.01874
Link,gas DRI,DE0 5,steel emission,4.96427
Link,gas DRI,ES0 0,gas,-32.30608
Link,gas DRI,ES0 0,hbi,11.62089
Link,gas DRI,ES0 0,steel emission,6.3966
Link,gas DRI,FI1 0,gas,-25.12621
Link,gas DRI,FI1 0,hbi,9.03821
Link,gas DRI,FI1 0,steel emission,4.97499
Link,gas DRI,FR0 0,gas,-37.5022
Link,gas DRI,FR0 0,hbi,13.49
Link,gas DRI,FR0 0,steel emission,7.42544
Link,gas DRI,FR0 1,gas,-34.61848
Link,gas DRI,FR0 1,hbi,12.45269
Link,gas DRI,FR0 1,steel emission,6.85446
Link,gas DRI,GB2 1,gas,-30.00922
Link,gas DRI,GB2 1,hbi,10.79468
Link,gas DRI,GB2 1,steel emission,5.94183
Link,gas DRI,HU0 0,gas,-20.46579
Link,gas DRI,HU0 0,hbi,7.36179
Link,gas DRI,HU0 0,steel emission,4.05223
Link,gas DRI,IT0 0,gas,-31.63088
Link,gas DRI,IT0 0,hbi,11.37801
Link,gas DRI,IT0 0,steel emission,6.26291
Link,gas DRI,ME0 0,gas,-12.5239
Link,gas DRI,ME0 0,hbi,4.505
Link,gas DRI,ME0 0,steel emission,2.47973
Link,gas DRI,MK0 0,gas,-15.31078
Link,gas DRI,MK0 0,hbi,5.50748
Link,gas DRI,MK0 0,steel emission,3.03153
Link,gas DRI,NL0 0,gas,-38.14624
Link,gas DRI,NL0 0,hbi,13.72167
Link,gas DRI,NL0 0,steel emission,7.55295
Link,gas DRI,NO1 0,gas,-27.93749
Link,gas DRI,NO1 0,hbi,10.04946
Link,gas DRI,NO1 0,steel emission,5.53162
Link,gas DRI,PL0 0,gas,-34.34267
Link,gas DRI,PL0 0,hbi,12.35348
Link,gas DRI,PL0 0,steel emission,6.79985
Link,gas DRI,RO0 0,gas,-26.58394
Link,gas DRI,RO0 0,hbi,9.56257
Link,gas DRI,RO0 0,steel emission,5.26362
Link,gas DRI,RS0 0,gas,-20.0544
Link,gas DRI,RS0 0,hbi,7.21381
Link,gas DRI,RS0 0,steel emission,3.97077
Link,gas DRI,SE1 0,gas,-28.25378
Link,gas DRI,SE1 0,hbi,10.16323
Link,gas DRI,SE1 0,steel emission,5.59425
Link,gas DRI,SK0 0,gas,-29.12249
Link,gas DRI,SK0 0,hbi,10.47572
Link,gas DRI,SK0 0,steel emission,5.76625
Link,gas DRI,XK0 0,gas,-10.9011
Link,gas DRI,XK0 0,hbi,3.92126
Link,gas DRI,XK0 0,steel emission,2.15842
Link,gas for industry,,co2,1101380.54568
Link,gas for industry,AL0 0,gas,-58750.64489
Link,gas for industry,AL0 0,gas for industry,58750.64489
Link,gas for industry,AT0 0,gas,-2074175.64555
Link,gas for industry,AT0 0,gas for industry,2074175.64555
Link,gas for industry,BA0 0,gas,-338701.07066
Link,gas for industry,BA0 0,gas for industry,338701.07066
Link,gas for industry,BE0 0,gas,-5182382.8557
Link,gas for industry,BE0 0,gas for industry,5182382.8557
Link,gas for industry,BG0 0,gas,-1620000.0
Link,gas for industry,BG0 0,gas for industry,1620000.0
Link,gas for industry,CH0 0,gas,-1108054.2329
Link,gas for industry,CH0 0,gas for industry,1108054.2329
Link,gas for industry,CZ0 0,gas,-1443676.15552
Link,gas for industry,CZ0 0,gas for industry,1443676.15552
Link,gas for industry,DE0 0,gas,-4338466.33095
Link,gas for industry,DE0 0,gas for industry,4338466.33095
Link,gas for industry,DE0 1,gas,-590000.0
Link,gas for industry,DE0 1,gas for industry,590000.0
Link,gas for industry,DE0 2,gas,-6829567.82969
Link,gas for industry,DE0 2,gas for industry,6829567.82969
Link,gas for industry,DE0 3,gas,-1490000.0
Link,gas for industry,DE0 3,gas for industry,1490000.0
Link,gas for industry,DE0 4,gas,-4824688.0728
Link,gas for industry,DE0 4,gas for industry,4824688.0728
Link,gas for industry,DE0 5,gas,-7124563.00232
Link,gas for industry,DE0 5,gas for industry,7124563.00232
Link,gas for industry,DK0 0,gas,-1220000.0
Link,gas for industry,DK0 0,gas for industry,1220000.0
Link,gas for industry,DK1 0,gas,-190000.0
Link,gas for industry,DK1 0,gas for industry,190000.0
Link,gas for industry,EE0 0,gas,-20000.0
Link,gas for industry,EE0 0,gas for industry,20000.0
Link,gas for industry,ES0 0,gas,-13437995.63848
Link,gas for industry,ES0 0,gas for industry,13437995.63848
Link,gas for industry,EU,co2,20959890.57527
Link,gas for industry,FI1 0,gas,-891964.90222
Link,gas for industry,FI1 0,gas for industry,891964.90222
Link,gas for industry,FR0 0,gas,-4438172.38352
Link,gas for industry,FR0 0,gas for industry,4438172.38352
Link,gas for industry,FR0 1,gas,-3996330.49698
Link,gas for industry,FR0 1,gas for industry,3996330.49698
Link,gas for industry,FR0 2,gas,-620000.0
Link,gas for industry,FR0 2,gas for industry,620000.0
Link,gas for industry,FR0 3,gas,-1360000.0
Link,gas for industry,FR0 3,gas for industry,1360000.0
Link,gas for industry,FR0 4,gas,-3370000.0
Link,gas for industry,FR0 4,gas for industry,3370000.0
Link,gas for industry,GB2 0,gas,-4080000.0
Link,gas for industry,GB2 0,gas for industry,4080000.0
Link,gas for industry,GB2 1,gas,-1382528.00847
Link,gas for industry,GB2 1,gas for industry,1382528.00847
Link,gas for industry,GB3 0,gas,-100000.0
Link,gas for industry,GB3 0,gas for industry,100000.0
Link,gas for industry,GR0 0,gas,-450000.0
Link,gas for industry,GR0 0,gas for industry,450000.0
Link,gas for industry,HR0 0,gas,-690000.0
Link,gas for industry,HR0 0,gas for industry,690000.0
Link,gas for industry,HU0 0,gas,-746365.91459
Link,gas for industry,HU0 0,gas for industry,746365.91459
Link,gas for industry,IE3 0,gas,-550000.0
Link,gas for industry,IE3 0,gas for industry,550000.0
Link,gas for industry,IT0 0,gas,-3422568.66659
Link,gas for industry,IT0 0,gas for industry,3422568.66659
Link,gas for industry,IT0 1,gas,-10240000.0
Link,gas for industry,IT0 1,gas for industry,10240000.0
Link,gas for industry,IT4 0,gas,-250000.0
Link,gas for industry,IT4 0,gas for industry,250000.0
Link,gas for industry,LT0 0,gas,-20000.0
Link,gas for industry,LT0 0,gas for industry,20000.0
Link,gas for industry,LU0 0,gas,-1780000.0
Link,gas for industry,LU0 0,gas for industry,1780000.0
Link,gas for industry,LV0 0,gas,-30000.0
Link,gas for industry,LV0 0,gas for industry,30000.0
Link,gas for industry,ME0 0,gas,-11952.55892
Link,gas for industry,ME0 0,gas for industry,11952.55892
Link,gas for industry,MK0 0,gas,-299877.75726
Link,gas for industry,MK0 0,gas for industry,299877.75726
Link,gas for industry,NL0 0,gas,-3946936.15951
Link,gas for industry,NL0 0,gas for industry,3946936.15951
Link,gas for industry,NO1 0,gas,-2922387.75969
Link,gas for industry,NO1 0,gas for industry,2922387.75969
Link,gas for industry,PL0 0,gas,-4351209.05765
Link,gas for industry,PL0 0,gas for industry,4351209.05765
Link,gas for industry,PT0 0,gas,-1400000.0
Link,gas for industry,PT0 0,gas for industry,1400000.0
Link,gas for industry,RO0 0,gas,-4751455.78934
Link,gas for industry,RO0 0,gas for industry,4751455.78934
Link,gas for industry,RS0 0,gas,-920669.03133
Link,gas for industry,RS0 0,gas for industry,920669.03133
Link,gas for industry,SE1 0,gas,-737838.46172
Link,gas for industry,SE1 0,gas for industry,737838.46172
Link,gas for industry,SI0 0,gas,-1100000.0
Link,gas for industry,SI0 0,gas for industry,1100000.0
Link,gas for industry,SK0 0,gas,-586407.86772
Link,gas for industry,SK0 0,gas for industry,586407.86772
Link,gas for industry,XK0 0,gas,-82874.92192
Link,gas for industry,XK0 0,gas for industry,82874.92192
Link,gas pipeline,AT0 0,AC,-541.09943
Link,gas pipeline,AT0 0,gas,16027672.276
Link,gas pipeline,BA0 0,AC,-10125.64413
Link,gas pipeline,BA0 0,gas,-1643366.24336
Link,gas pipeline,BE0 0,AC,-63.35299
Link,gas pipeline,BE0 0,gas,5451.68446
Link,gas pipeline,BG0 0,AC,-15.9572
Link,gas pipeline,BG0 0,gas,-303.95883
Link,gas pipeline,CH0 0,AC,-45768.38874
Link,gas pipeline,CH0 0,gas,-11442534.23778
Link,gas pipeline,CZ0 0,AC,-45906.01575
Link,gas pipeline,CZ0 0,gas,33733502.59424
Link,gas pipeline,DE0 0,AC,-52672.71381
Link,gas pipeline,DE0 0,gas,-12861305.8469
Link,gas pipeline,DE0 1,AC,-28530.76682
Link,gas pipeline,DE0 1,gas,20367425.02637
Link,gas pipeline,DE0 2,AC,-146762.11045
Link,gas pipeline,DE0 2,gas,-31581472.19691
Link,gas pipeline,DE0 3,AC,-4.68975
Link,gas pipeline,DE0 3,gas,20119534.39716
Link,gas pipeline,DE0 4,AC,-12964.61741
Link,gas pipeline,DE0 4,gas,113432533.06171
Link,gas pipeline,DE0 5,AC,-38204.07651
Link,gas pipeline,DE0 5,gas,-8440879.84399
Link,gas pipeline,DK0 0,AC,-27954.30281
Link,gas pipeline,DK0 0,gas,-7272246.69621
Link,gas pipeline,DK1 0,AC,-3.31952
Link,gas pipeline,DK1 0,gas,7264539.94247
Link,gas pipeline,ES0 0,AC,-36734.56576
Link,gas pipeline,ES0 0,gas,-4589443.65767
Link,gas pipeline,ES6 0,AC,-14.67978
Link,gas pipeline,ES6 0,gas,2074185.0696
Link,gas pipeline,FR0 0,AC,-262761.21246
Link,gas pipeline,FR0 0,gas,-74527105.97166
Link,gas pipeline,FR0 1,AC,-164879.33488
Link,gas pipeline,FR0 1,gas,-30119227.09194
Link,gas pipeline,FR0 2,AC,-92.20208
Link,gas pipeline,FR0 2,gas,11402124.27424
Link,gas pipeline,FR0 3,AC,-20247.98456
Link,gas pipeline,FR0 3,gas,-3287999.69519
Link,gas pipeline,FR0 4,AC,-261350.82738
Link,gas pipeline,FR0 4,gas,15686985.35589
Link,gas pipeline,GB2 0,AC,-31432.6138
Link,gas pipeline,GB2 0,gas,-5580783.87185
Link,gas pipeline,GB2 1,AC,-237.76848
Link,gas pipeline,GB2 1,gas,-6960.85039
Link,gas pipeline,GB3 0,AC,-4.03721
Link,gas pipeline,GB3 0,gas,5575181.35099
Link,gas pipeline,HR0 0,AC,-8.20475
Link,gas pipeline,HR0 0,gas,20286019.60893
Link,gas pipeline,HU0 0,AC,-82299.18083
Link,gas pipeline,HU0 0,gas,-16137875.65506
Link,gas pipeline,IT0 0,AC,-88.93765
Link,gas pipeline,IT0 0,gas,-2737.04125
Link,gas pipeline,IT0 1,AC,-75108.31437
Link,gas pipeline,IT0 1,gas,-15605188.92263
Link,gas pipeline,LT0 0,AC,-6472.26969
Link,gas pipeline,LT0 0,gas,-2952905.00066
Link,gas pipeline,LU0 0,AC,-13704.20482
Link,gas pipeline,LU0 0,gas,-5818049.56673
Link,gas pipeline,LV0 0,AC,-8.98402
Link,gas pipeline,LV0 0,gas,2952905.00066
Link,gas pipeline,NL0 0,AC,-207.37815
Link,gas pipeline,NL0 0,gas,-2557.53088
Link,gas pipeline,NO1 0,AC,-54.48737
Link,gas pipeline,NO1 0,gas,18428.63311
Link,gas pipeline,PL0 0,AC,-188192.32796
Link,gas pipeline,PL0 0,gas,-37749178.75436
Link,gas pipeline,RO0 0,AC,-14.73714
Link,gas pipeline,RO0 0,gas,303.95883
Link,gas pipeline,RS0 0,AC,-5179.13774
Link,gas pipeline,RS0 0,gas,1643366.24336
Link,gas pipeline,SI0 0,AC,-34047.33734
Link,gas pipeline,SI0 0,gas,3977730.8496
Link,gas pipeline,SK0 0,AC,-25708.22922
Link,gas pipeline,SK0 0,gas,-4945766.69336
Link,gas pipeline new,AL0 0,gas,2488588.48804
Link,gas pipeline new,AT0 0,gas,88076.65439
Link,gas pipeline new,BA0 0,gas,11236687.87476
Link,gas pipeline new,BE0 0,gas,-11142969.16516
Link,gas pipeline new,BG0 0,gas,-21430837.61708
Link,gas pipeline new,CH0 0,gas,22679284.04399
Link,gas pipeline new,CZ0 0,gas,53027.38841
Link,gas pipeline new,DE0 1,gas,2449.34849
Link,gas pipeline new,DE0 3,gas,15214390.64329
Link,gas pipeline new,DE0 4,gas,-15216839.99179
Link,gas pipeline new,DK0 0,gas,-12284052.71447
Link,gas pipeline new,DK1 0,gas,12284052.71447
Link,gas pipeline new,EE0 0,gas,848145.9879
Link,gas pipeline new,ES0 0,gas,104.28189
Link,gas pipeline new,ES6 0,gas,1585014.13468
Link,gas pipeline new,FI1 0,gas,-5896.68062
Link,gas pipeline new,FR0 4,gas,2864.9828
Link,gas pipeline new,FR5 0,gas,1092576.90537
Link,gas pipeline new,GB2 0,gas,-25726.92833
Link,gas pipeline new,GB3 0,gas,25989.8994
Link,gas pipeline new,GR0 0,gas,-11253.7704
Link,gas pipeline new,HR0 0,gas,-10377657.25865
Link,gas pipeline new,HU0 0,gas,810.90396
Link,gas pipeline new,IE3 0,gas,-262.97108
Link,gas pipeline new,IT0 1,gas,-31772622.86577
Link,gas pipeline new,IT4 0,gas,6412882.79894
Link,gas pipeline new,LT0 0,gas,-4265.73687
Link,gas pipeline new,LU0 0,gas,11142969.16516
Link,gas pipeline new,LV0 0,gas,-838360.15289
Link,gas pipeline new,ME0 0,gas,1364194.73712
Link,gas pipeline new,MK0 0,gas,3559073.75736
Link,gas pipeline new,NO1 0,gas,-80332227.29671
Link,gas pipeline new,PL0 0,gas,376.58249
Link,gas pipeline new,PT0 0,gas,-104.28189
Link,gas pipeline new,RO0 0,gas,-168.80871
Link,gas pipeline new,RS0 0,gas,13286807.11118
Link,gas pipeline new,SE1 0,gas,80332227.29671
Link,gas pipeline new,SI0 0,gas,-299770.33813
Link,gas pipeline new,SK0 0,gas,-55002.51203
Link,gas pipeline new,XK0 0,gas,97423.38976
Link,heat100-200 industry electric boiler steam,AL0 0,AC,-51.83984
Link,heat100-200 industry electric boiler steam,AL0 0,heat100-200 industry,51.32144
Link,heat100-200 industry electric boiler steam,AT0 0,AC,-52.55826
Link,heat100-200 industry electric boiler steam,AT0 0,heat100-200 industry,52.03268
Link,heat100-200 industry electric boiler steam,BA0 0,AC,-30.40037
Link,heat100-200 industry electric boiler steam,BA0 0,heat100-200 industry,30.09636
Link,heat100-200 industry electric boiler steam,BE0 0,AC,-56.34392
Link,heat100-200 industry electric boiler steam,BE0 0,heat100-200 industry,55.78048
Link,heat100-200 industry electric boiler steam,BG0 0,AC,-32.77009
Link,heat100-200 industry electric boiler steam,BG0 0,heat100-200 industry,32.44239
Link,heat100-200 industry electric boiler steam,CH0 0,AC,-38.91778
Link,heat100-200 industry electric boiler steam,CH0 0,heat100-200 industry,38.5286
Link,heat100-200 industry electric boiler steam,CZ0 0,AC,-43.15426
Link,heat100-200 industry electric boiler steam,CZ0 0,heat100-200 industry,42.72272
Link,heat100-200 industry electric boiler steam,DE0 0,AC,-55.9356
Link,heat100-200 industry electric boiler steam,DE0 0,heat100-200 industry,55.37625
Link,heat100-200 industry electric boiler steam,DE0 1,AC,-38.35132
Link,heat100-200 industry electric boiler steam,DE0 1,heat100-200 industry,37.9678
Link,heat100-200 industry electric boiler steam,DE0 2,AC,-69.85502
Link,heat100-200 industry electric boiler steam,DE0 2,heat100-200 industry,69.15647
Link,heat100-200 industry electric boiler steam,DE0 3,AC,-43.31992
Link,heat100-200 industry electric boiler steam,DE0 3,heat100-200 industry,42.88672
Link,heat100-200 industry electric boiler steam,DE0 4,AC,-57.84313
Link,heat100-200 industry electric boiler steam,DE0 4,heat100-200 industry,57.2647
Link,heat100-200 industry electric boiler steam,DE0 5,AC,-57.46217
Link,heat100-200 industry electric boiler steam,DE0 5,heat100-200 industry,56.88755
Link,heat100-200 industry electric boiler steam,DK0 0,AC,-36.55756
Link,heat100-200 industry electric boiler steam,DK0 0,heat100-200 industry,36.19199
Link,heat100-200 industry electric boiler steam,DK1 0,AC,-42.67431
Link,heat100-200 industry electric boiler steam,DK1 0,heat100-200 industry,42.24757
Link,heat100-200 industry electric boiler steam,EE0 0,AC,-49.00714
Link,heat100-200 industry electric boiler steam,EE0 0,heat100-200 industry,48.51707
Link,heat100-200 industry electric boiler steam,ES0 0,AC,-71.85422
Link,heat100-200 industry electric boiler steam,ES0 0,heat100-200 industry,71.13568
Link,heat100-200 industry electric boiler steam,ES6 0,AC,-81.88541
Link,heat100-200 industry electric boiler steam,ES6 0,heat100-200 industry,81.06656
Link,heat100-200 industry electric boiler steam,FI1 0,AC,-42.04472
Link,heat100-200 industry electric boiler steam,FI1 0,heat100-200 industry,41.62428
Link,heat100-200 industry electric boiler steam,FR0 0,AC,-61.17247
Link,heat100-200 industry electric boiler steam,FR0 0,heat100-200 industry,60.56075
Link,heat100-200 industry electric boiler steam,FR0 1,AC,-50.59655
Link,heat100-200 industry electric boiler steam,FR0 1,heat100-200 industry,50.09058
Link,heat100-200 industry electric boiler steam,FR0 2,AC,-42.56778
Link,heat100-200 industry electric boiler steam,FR0 2,heat100-200 industry,42.1421
Link,heat100-200 industry electric boiler steam,FR0 3,AC,-44.5478
Link,heat100-200 industry electric boiler steam,FR0 3,heat100-200 industry,44.10232
Link,heat100-200 industry electric boiler steam,FR0 4,AC,-47.8015
Link,heat100-200 industry electric boiler steam,FR0 4,heat100-200 industry,47.32349
Link,heat100-200 industry electric boiler steam,FR5 0,AC,-57.61399
Link,heat100-200 industry electric boiler steam,FR5 0,heat100-200 industry,57.03785
Link,heat100-200 industry electric boiler steam,GB2 0,AC,-62.66482
Link,heat100-200 industry electric boiler steam,GB2 0,heat100-200 industry,62.03817
Link,heat100-200 industry electric boiler steam,GB2 1,AC,-65.68219
Link,heat100-200 industry electric boiler steam,GB2 1,heat100-200 industry,65.02537
Link,heat100-200 industry electric boiler steam,GB3 0,AC,-36.39943
Link,heat100-200 industry electric boiler steam,GB3 0,heat100-200 industry,36.03544
Link,heat100-200 industry electric boiler steam,GR0 0,AC,-41.95297
Link,heat100-200 industry electric boiler steam,GR0 0,heat100-200 industry,41.53344
Link,heat100-200 industry electric boiler steam,HR0 0,AC,-26.10383
Link,heat100-200 industry electric boiler steam,HR0 0,heat100-200 industry,25.84279
Link,heat100-200 industry electric boiler steam,HU0 0,AC,-42.66011
Link,heat100-200 industry electric boiler steam,HU0 0,heat100-200 industry,42.2335
Link,heat100-200 industry electric boiler steam,IE3 0,AC,-38.01407
Link,heat100-200 industry electric boiler steam,IE3 0,heat100-200 industry,37.63393
Link,heat100-200 industry electric boiler steam,IT0 0,AC,-49.2196
Link,heat100-200 industry electric boiler steam,IT0 0,heat100-200 industry,48.72741
Link,heat100-200 industry electric boiler steam,IT0 1,AC,-58.08734
Link,heat100-200 industry electric boiler steam,IT0 1,heat100-200 industry,57.50647
Link,heat100-200 industry electric boiler steam,IT4 0,AC,-38.20004
Link,heat100-200 industry electric boiler steam,IT4 0,heat100-200 industry,37.81803
Link,heat100-200 industry electric boiler steam,LT0 0,AC,-34.5612
Link,heat100-200 industry electric boiler steam,LT0 0,heat100-200 industry,34.21559
Link,heat100-200 industry electric boiler steam,LU0 0,AC,-36.36139
Link,heat100-200 industry electric boiler steam,LU0 0,heat100-200 industry,35.99777
Link,heat100-200 industry electric boiler steam,LV0 0,AC,-38.61596
Link,heat100-200 industry electric boiler steam,LV0 0,heat100-200 industry,38.2298
Link,heat100-200 industry electric boiler steam,ME0 0,AC,-55.90741
Link,heat100-200 industry electric boiler steam,ME0 0,heat100-200 industry,55.34834
Link,heat100-200 industry electric boiler steam,MK0 0,AC,-53.19501
Link,heat100-200 industry electric boiler steam,MK0 0,heat100-200 industry,52.66306
Link,heat100-200 industry electric boiler steam,NL0 0,AC,-71.82933
Link,heat100-200 industry electric boiler steam,NL0 0,heat100-200 industry,71.11104
Link,heat100-200 industry electric boiler steam,NO1 0,AC,-47.95893
Link,heat100-200 industry electric boiler steam,NO1 0,heat100-200 industry,47.47934
Link,heat100-200 industry electric boiler steam,PL0 0,AC,-58.37042
Link,heat100-200 industry electric boiler steam,PL0 0,heat100-200 industry,57.78671
Link,heat100-200 industry electric boiler steam,PT0 0,AC,-40.09409
Link,heat100-200 industry electric boiler steam,PT0 0,heat100-200 industry,39.69315
Link,heat100-200 industry electric boiler steam,RO0 0,AC,-43.24841
Link,heat100-200 industry electric boiler steam,RO0 0,heat100-200 industry,42.81592
Link,heat100-200 industry electric boiler steam,RS0 0,AC,-29.35267
Link,heat100-200 industry electric boiler steam,RS0 0,heat100-200 industry,29.05915
Link,heat100-200 industry electric boiler steam,SE1 0,AC,-43.69693
Link,heat100-200 industry electric boiler steam,SE1 0,heat100-200 industry,43.25996
Link,heat100-200 industry electric boiler steam,SI0 0,AC,-30.33073
Link,heat100-200 industry electric boiler steam,SI0 0,heat100-200 industry,30.02743
Link,heat100-200 industry electric boiler steam,SK0 0,AC,-36.56536
Link,heat100-200 industry electric boiler steam,SK0 0,heat100-200 industry,36.1997
Link,heat100-200 industry electric boiler steam,XK0 0,AC,-50.71933
Link,heat100-200 industry electric boiler steam,XK0 0,heat100-200 industry,50.21214
Link,heat100-200 industry gas,,co2,17.45928
Link,heat100-200 industry gas,AL0 0,gas,-37.61287
Link,heat100-200 industry gas,AL0 0,heat100-200 industry,34.97997
Link,heat100-200 industry gas,AT0 0,gas,-35.57913
Link,heat100-200 industry gas,AT0 0,heat100-200 industry,33.08859
Link,heat100-200 industry gas,BA0 0,gas,-28.29055
Link,heat100-200 industry gas,BA0 0,heat100-200 industry,26.31021
Link,heat100-200 industry gas,BE0 0,gas,-35.27373
Link,heat100-200 industry gas,BE0 0,heat100-200 industry,32.80457
Link,heat100-200 industry gas,BG0 0,gas,-24.38027
Link,heat100-200 industry gas,BG0 0,heat100-200 industry,22.67365
Link,heat100-200 industry gas,CH0 0,gas,-25.37569
Link,heat100-200 industry gas,CH0 0,heat100-200 industry,23.59939
Link,heat100-200 industry gas,CZ0 0,gas,-32.76823
Link,heat100-200 industry gas,CZ0 0,heat100-200 industry,30.47445
Link,heat100-200 industry gas,DE0 0,gas,-34.2953
Link,heat100-200 industry gas,DE0 0,heat100-200 industry,31.89463
Link,heat100-200 industry gas,DE0 1,gas,-27.91885
Link,heat100-200 industry gas,DE0 1,heat100-200 industry,25.96453
Link,heat100-200 industry gas,DE0 2,gas,-42.39559
Link,heat100-200 industry gas,DE0 2,heat100-200 industry,39.4279
Link,heat100-200 industry gas,DE0 3,gas,-31.06981
Link,heat100-200 industry gas,DE0 3,heat100-200 industry,28.89493
Link,heat100-200 industry gas,DE0 4,gas,-42.43397
Link,heat100-200 industry gas,DE0 4,heat100-200 industry,39.46359
Link,heat100-200 industry gas,DE0 5,gas,-37.64117
Link,heat100-200 industry gas,DE0 5,heat100-200 industry,35.00629
Link,heat100-200 industry gas,DK0 0,gas,-24.9022
Link,heat100-200 industry gas,DK0 0,heat100-200 industry,23.15905
Link,heat100-200 industry gas,DK1 0,gas,-25.46944
Link,heat100-200 industry gas,DK1 0,heat100-200 industry,23.68658
Link,heat100-200 industry gas,EE0 0,gas,-32.3018
Link,heat100-200 industry gas,EE0 0,heat100-200 industry,30.04068
Link,heat100-200 industry gas,ES0 0,gas,-42.6705
Link,heat100-200 industry gas,ES0 0,heat100-200 industry,39.68356
Link,heat100-200 industry gas,ES6 0,gas,-26.2826
Link,heat100-200 industry gas,ES6 0,heat100-200 industry,24.44282
Link,heat100-200 industry gas,EU,co2,1039.88398
Link,heat100-200 industry gas,FI1 0,gas,-24.49506
Link,heat100-200 industry gas,FI1 0,heat100-200 industry,22.78041
Link,heat100-200 industry gas,FR0 0,gas,-32.18262
Link,heat100-200 industry gas,FR0 0,heat100-200 industry,29.92984
Link,heat100-200 industry gas,FR0 1,gas,-28.87736
Link,heat100-200 industry gas,FR0 1,heat100-200 industry,26.85594
Link,heat100-200 industry gas,FR0 2,gas,-22.71106
Link,heat100-200 industry gas,FR0 2,heat100-200 industry,21.12129
Link,heat100-200 industry gas,FR0 3,gas,-24.82077
Link,heat100-200 industry gas,FR0 3,heat100-200 industry,23.08331
Link,heat100-200 industry gas,FR0 4,gas,-26.22408
Link,heat100-200 industry gas,FR0 4,heat100-200 industry,24.3884
Link,heat100-200 industry gas,FR5 0,gas,-52.10527
Link,heat100-200 industry gas,FR5 0,heat100-200 industry,48.4579
Link,heat100-200 industry gas,GB2 0,gas,-29.76807
Link,heat100-200 industry gas,GB2 0,heat100-200 industry,27.68431
Link,heat100-200 industry gas,GB2 1,gas,-31.36297
Link,heat100-200 industry gas,GB2 1,heat100-200 industry,29.16756
Link,heat100-200 industry gas,GB3 0,gas,-27.04717
Link,heat100-200 industry gas,GB3 0,heat100-200 industry,25.15387
Link,heat100-200 industry gas,GR0 0,gas,-61.63924
Link,heat100-200 industry gas,GR0 0,heat100-200 industry,57.32449
Link,heat100-200 industry gas,HR0 0,gas,-21.22781
Link,heat100-200 industry gas,HR0 0,heat100-200 industry,19.74186
Link,heat100-200 industry gas,HU0 0,gas,-31.37924
Link,heat100-200 industry gas,HU0 0,heat100-200 industry,29.1827
Link,heat100-200 industry gas,IE3 0,gas,-28.97587
Link,heat100-200 industry gas,IE3 0,heat100-200 industry,26.94756
Link,heat100-200 industry gas,IT0 0,gas,-32.94423
Link,heat100-200 industry gas,IT0 0,heat100-200 industry,30.63814
Link,heat100-200 industry gas,IT0 1,gas,-41.6647
Link,heat100-200 industry gas,IT0 1,heat100-200 industry,38.74817
Link,heat100-200 industry gas,IT4 0,gas,-37.46966
Link,heat100-200 industry gas,IT4 0,heat100-200 industry,34.84678
Link,heat100-200 industry gas,LT0 0,gas,-25.56192
Link,heat100-200 industry gas,LT0 0,heat100-200 industry,23.77259
Link,heat100-200 industry gas,LU0 0,gas,-3759.85523
Link,heat100-200 industry gas,LU0 0,heat100-200 industry,3496.66536
Link,heat100-200 industry gas,LV0 0,gas,-28.0782
Link,heat100-200 industry gas,LV0 0,heat100-200 industry,26.11272
Link,heat100-200 industry gas,ME0 0,gas,-38.99723
Link,heat100-200 industry gas,ME0 0,heat100-200 industry,36.26742
Link,heat100-200 industry gas,MK0 0,gas,-40.76015
Link,heat100-200 industry gas,MK0 0,heat100-200 industry,37.90694
Link,heat100-200 industry gas,NL0 0,gas,-40.75341
Link,heat100-200 industry gas,NL0 0,heat100-200 industry,37.90067
Link,heat100-200 industry gas,NO1 0,gas,-21.25951
Link,heat100-200 industry gas,NO1 0,heat100-200 industry,19.77134
Link,heat100-200 industry gas,PL0 0,gas,-40.01684
Link,heat100-200 industry gas,PL0 0,heat100-200 industry,37.21566
Link,heat100-200 industry gas,PT0 0,gas,-29.49362
Link,heat100-200 industry gas,PT0 0,heat100-200 industry,27.42906
Link,heat100-200 industry gas,RO0 0,gas,-29.1051
Link,heat100-200 industry gas,RO0 0,heat100-200 industry,27.06774
Link,heat100-200 industry gas,RS0 0,gas,-25.80811
Link,heat100-200 industry gas,RS0 0,heat100-200 industry,24.00154
Link,heat100-200 industry gas,SE1 0,gas,-25.69483
Link,heat100-200 industry gas,SE1 0,heat100-200 industry,23.89619
Link,heat100-200 industry gas,SI0 0,gas,-26.26322
Link,heat100-200 industry gas,SI0 0,heat100-200 industry,24.42479
Link,heat100-200 industry gas,SK0 0,gas,-29.33438
Link,heat100-200 industry gas,SK0 0,heat100-200 industry,27.28097
Link,heat100-200 industry gas,XK0 0,gas,-37.57887
Link,heat100-200 industry gas,XK0 0,heat100-200 industry,34.94835
Link,heat100-200 industry industrial heat pump high temperature,AL0 0,AC,-187.97418
Link,heat100-200 industry industrial heat pump high temperature,AL0 0,heat100-200 industry,573.32125
Link,heat100-200 industry industrial heat pump high temperature,AT0 0,AC,-4479992.91993
Link,heat100-200 industry industrial heat pump high temperature,AT0 0,heat100-200 industry,13663978.40578
Link,heat100-200 industry industrial heat pump high temperature,BA0 0,AC,-103.96509
Link,heat100-200 industry industrial heat pump high temperature,BA0 0,heat100-200 industry,317.09353
Link,heat100-200 industry industrial heat pump high temperature,BE0 0,AC,-5019627.53643
Link,heat100-200 industry industrial heat pump high temperature,BE0 0,heat100-200 industry,15309863.9861
Link,heat100-200 industry industrial heat pump high temperature,BG0 0,AC,-151.76035
Link,heat100-200 industry industrial heat pump high temperature,BG0 0,heat100-200 industry,462.86905
Link,heat100-200 industry industrial heat pump high temperature,CH0 0,AC,-1491623.29527
Link,heat100-200 industry industrial heat pump high temperature,CH0 0,heat100-200 industry,4549451.05056
Link,heat100-200 industry industrial heat pump high temperature,CZ0 0,AC,-2960609.99575
Link,heat100-200 industry industrial heat pump high temperature,CZ0 0,heat100-200 industry,9029860.48703
Link,heat100-200 industry industrial heat pump high temperature,DE0 0,AC,-4737646.64009
Link,heat100-200 industry industrial heat pump high temperature,DE0 0,heat100-200 industry,14449822.25228
Link,heat100-200 industry industrial heat pump high temperature,DE0 1,AC,-1122201.04257
Link,heat100-200 industry industrial heat pump high temperature,DE0 1,heat100-200 industry,3422713.17984
Link,heat100-200 industry industrial heat pump high temperature,DE0 2,AC,-9183552.93351
Link,heat100-200 industry industrial heat pump high temperature,DE0 2,heat100-200 industry,28009836.44719
Link,heat100-200 industry industrial heat pump high temperature,DE0 3,AC,-2790053.7269
Link,heat100-200 industry industrial heat pump high temperature,DE0 3,heat100-200 industry,8509663.86704
Link,heat100-200 industry industrial heat pump high temperature,DE0 4,AC,-7281910.01828
Link,heat100-200 industry industrial heat pump high temperature,DE0 4,heat100-200 industry,22209825.55574
Link,heat100-200 industry industrial heat pump high temperature,DE0 5,AC,-5593379.7871
Link,heat100-200 industry industrial heat pump high temperature,DE0 5,heat100-200 industry,17059808.35065
Link,heat100-200 industry industrial heat pump high temperature,DK0 0,AC,-606498.5198
Link,heat100-200 industry industrial heat pump high temperature,DK0 0,heat100-200 industry,1849820.4854
Link,heat100-200 industry industrial heat pump high temperature,DK1 0,AC,-265540.97571
Link,heat100-200 industry industrial heat pump high temperature,DK1 0,heat100-200 industry,809899.97591
Link,heat100-200 industry industrial heat pump high temperature,EE0 0,AC,-205590.68701
Link,heat100-200 industry industrial heat pump high temperature,EE0 0,heat100-200 industry,627051.59537
Link,heat100-200 industry industrial heat pump high temperature,ES0 0,AC,-10793370.20357
Link,heat100-200 industry industrial heat pump high temperature,ES0 0,heat100-200 industry,32919779.1209
Link,heat100-200 industry industrial heat pump high temperature,ES6 0,AC,-95025.39576
Link,heat100-200 industry industrial heat pump high temperature,ES6 0,heat100-200 industry,289827.45707
Link,heat100-200 industry industrial heat pump high temperature,FI1 0,AC,-868745.08492
Link,heat100-200 industry industrial heat pump high temperature,FI1 0,heat100-200 industry,2649672.50901
Link,heat100-200 industry industrial heat pump high temperature,FR0 0,AC,-5072078.05785
Link,heat100-200 industry industrial heat pump high temperature,FR0 0,heat100-200 industry,15469838.07643
Link,heat100-200 industry industrial heat pump high temperature,FR0 1,AC,-3337661.98085
Link,heat100-200 industry industrial heat pump high temperature,FR0 1,heat100-200 industry,10179869.04159
Link,heat100-200 industry industrial heat pump high temperature,FR0 2,AC,-122.82429
Link,heat100-200 industry industrial heat pump high temperature,FR0 2,heat100-200 industry,374.61407
Link,heat100-200 industry industrial heat pump high temperature,FR0 3,AC,-1816345.42494
Link,heat100-200 industry industrial heat pump high temperature,FR0 3,heat100-200 industry,5539853.54606
Link,heat100-200 industry industrial heat pump high temperature,FR0 4,AC,-2632645.80994
Link,heat100-200 industry industrial heat pump high temperature,FR0 4,heat100-200 industry,8029569.72032
Link,heat100-200 industry industrial heat pump high temperature,FR5 0,AC,-29434.59165
Link,heat100-200 industry industrial heat pump high temperature,FR5 0,heat100-200 industry,89775.50452
Link,heat100-200 industry industrial heat pump high temperature,GB2 0,AC,-4862229.22143
Link,heat100-200 industry industrial heat pump high temperature,GB2 0,heat100-200 industry,14829799.12536
Link,heat100-200 industry industrial heat pump high temperature,GB2 1,AC,-5662227.50789
Link,heat100-200 industry industrial heat pump high temperature,GB2 1,heat100-200 industry,17269793.89906
Link,heat100-200 industry industrial heat pump high temperature,GB3 0,AC,-203689.52192
Link,heat100-200 industry industrial heat pump high temperature,GB3 0,heat100-200 industry,621253.04186
Link,heat100-200 industry industrial heat pump high temperature,GR0 0,AC,-685187.03628
Link,heat100-200 industry industrial heat pump high temperature,GR0 0,heat100-200 industry,2089820.46065
Link,heat100-200 industry industrial heat pump high temperature,HR0 0,AC,-55.62896
Link,heat100-200 industry industrial heat pump high temperature,HR0 0,heat100-200 industry,169.66833
Link,heat100-200 industry industrial heat pump high temperature,HU0 0,AC,-2672016.23963
Link,heat100-200 industry industrial heat pump high temperature,HU0 0,heat100-200 industry,8149649.53088
Link,heat100-200 industry industrial heat pump high temperature,IE3 0,AC,-868803.68343
Link,heat100-200 industry industrial heat pump high temperature,IE3 0,heat100-200 industry,2649851.23447
Link,heat100-200 industry industrial heat pump high temperature,IT0 0,AC,-3704876.84591
Link,heat100-200 industry industrial heat pump high temperature,IT0 0,heat100-200 industry,11299874.38003
Link,heat100-200 industry industrial heat pump high temperature,IT0 1,AC,-6537645.05426
Link,heat100-200 industry industrial heat pump high temperature,IT0 1,heat100-200 industry,19939817.4155
Link,heat100-200 industry industrial heat pump high temperature,IT4 0,AC,-291759.60892
Link,heat100-200 industry industrial heat pump high temperature,IT4 0,heat100-200 industry,889866.8072
Link,heat100-200 industry industrial heat pump high temperature,LT0 0,AC,-288367.39305
Link,heat100-200 industry industrial heat pump high temperature,LT0 0,heat100-200 industry,879520.54881
Link,heat100-200 industry industrial heat pump high temperature,LU0 0,AC,-90588.27828
Link,heat100-200 industry industrial heat pump high temperature,LU0 0,heat100-200 industry,276294.24875
Link,heat100-200 industry industrial heat pump high temperature,LV0 0,AC,-515.63869
Link,heat100-200 industry industrial heat pump high temperature,LV0 0,heat100-200 industry,1572.69802
Link,heat100-200 industry industrial heat pump high temperature,ME0 0,AC,-143.65883
Link,heat100-200 industry industrial heat pump high temperature,ME0 0,heat100-200 industry,438.15942
Link,heat100-200 industry industrial heat pump high temperature,MK0 0,AC,-301.25034
Link,heat100-200 industry industrial heat pump high temperature,MK0 0,heat100-200 industry,918.81354
Link,heat100-200 industry industrial heat pump high temperature,NL0 0,AC,-9075351.70491
Link,heat100-200 industry industrial heat pump high temperature,NL0 0,heat100-200 industry,27679822.69997
Link,heat100-200 industry industrial heat pump high temperature,NO1 0,AC,-1940950.59101
Link,heat100-200 industry industrial heat pump high temperature,NO1 0,heat100-200 industry,5919899.30257
Link,heat100-200 industry industrial heat pump high temperature,PL0 0,AC,-5839286.53885
Link,heat100-200 industry industrial heat pump high temperature,PL0 0,heat100-200 industry,17809823.94349
Link,heat100-200 industry industrial heat pump high temperature,PT0 0,AC,-552782.72221
Link,heat100-200 industry industrial heat pump high temperature,PT0 0,heat100-200 industry,1685987.30273
Link,heat100-200 industry industrial heat pump high temperature,RO0 0,AC,-2373178.53096
Link,heat100-200 industry industrial heat pump high temperature,RO0 0,heat100-200 industry,7238194.51942
Link,heat100-200 industry industrial heat pump high temperature,RS0 0,AC,-411.65421
Link,heat100-200 industry industrial heat pump high temperature,RS0 0,heat100-200 industry,1255.54534
Link,heat100-200 industry industrial heat pump high temperature,SE1 0,AC,-629360.05819
Link,heat100-200 industry industrial heat pump high temperature,SE1 0,heat100-200 industry,1919548.17747
Link,heat100-200 industry industrial heat pump high temperature,SI0 0,AC,-606253.71154
Link,heat100-200 industry industrial heat pump high temperature,SI0 0,heat100-200 industry,1849073.82019
Link,heat100-200 industry industrial heat pump high temperature,SK0 0,AC,-766462.90928
Link,heat100-200 industry industrial heat pump high temperature,SK0 0,heat100-200 industry,2337711.87331
Link,heat100-200 industry industrial heat pump high temperature,XK0 0,AC,-158.91231
Link,heat100-200 industry industrial heat pump high temperature,XK0 0,heat100-200 industry,484.68256
Link,heat100-200 industry solid biomass,AL0 0,heat100-200 industry,229340.20069
Link,heat100-200 industry solid biomass,AL0 0,solid biomass,-257685.61876
Link,heat100-200 industry solid biomass,AT0 0,heat100-200 industry,275936.43237
Link,heat100-200 industry solid biomass,AT0 0,solid biomass,-310040.93525
Link,heat100-200 industry solid biomass,BA0 0,heat100-200 industry,459626.47381
Link,heat100-200 industry solid biomass,BA0 0,solid biomass,-516434.24024
Link,heat100-200 industry solid biomass,BE0 0,heat100-200 industry,47.40167
Link,heat100-200 industry solid biomass,BE0 0,solid biomass,-53.2603
Link,heat100-200 industry solid biomass,BG0 0,heat100-200 industry,2909481.96054
Link,heat100-200 industry solid biomass,BG0 0,solid biomass,-3269080.85454
Link,heat100-200 industry solid biomass,CH0 0,heat100-200 industry,486.79423
Link,heat100-200 industry solid biomass,CH0 0,solid biomass,-546.95981
Link,heat100-200 industry solid biomass,CZ0 0,heat100-200 industry,66.26365
Link,heat100-200 industry solid biomass,CZ0 0,solid biomass,-74.45353
Link,heat100-200 industry solid biomass,DE0 0,heat100-200 industry,90.44968
Link,heat100-200 industry solid biomass,DE0 0,solid biomass,-101.62885
Link,heat100-200 industry solid biomass,DE0 1,heat100-200 industry,1817222.86061
Link,heat100-200 industry solid biomass,DE0 1,solid biomass,-2041823.43889
Link,heat100-200 industry solid biomass,DE0 2,heat100-200 industry,54.94119
Link,heat100-200 industry solid biomass,DE0 2,solid biomass,-61.73167
Link,heat100-200 industry solid biomass,DE0 3,heat100-200 industry,264.32411
Link,heat100-200 industry solid biomass,DE0 3,solid biomass,-296.99338
Link,heat100-200 industry solid biomass,DE0 4,heat100-200 industry,77.68872
Link,heat100-200 industry solid biomass,DE0 4,solid biomass,-87.2907
Link,heat100-200 industry solid biomass,DE0 5,heat100-200 industry,99.72826
Link,heat100-200 industry solid biomass,DE0 5,solid biomass,-112.05423
Link,heat100-200 industry solid biomass,DK0 0,heat100-200 industry,120.13748
Link,heat100-200 industry solid biomass,DK0 0,solid biomass,-134.98593
Link,heat100-200 industry solid biomass,DK1 0,heat100-200 industry,34.06273
Link,heat100-200 industry solid biomass,DK1 0,solid biomass,-38.27273
Link,heat100-200 industry solid biomass,EE0 0,heat100-200 industry,2869.69372
Link,heat100-200 industry solid biomass,EE0 0,solid biomass,-3224.37496
Link,heat100-200 industry solid biomass,ES0 0,heat100-200 industry,110.00544
Link,heat100-200 industry solid biomass,ES0 0,solid biomass,-123.60161
Link,heat100-200 industry solid biomass,ES6 0,heat100-200 industry,66.97914
Link,heat100-200 industry solid biomass,ES6 0,solid biomass,-75.25746
Link,heat100-200 industry solid biomass,FI1 0,heat100-200 industry,262.90077
Link,heat100-200 industry solid biomass,FI1 0,solid biomass,-295.39412
Link,heat100-200 industry solid biomass,FR0 0,heat100-200 industry,71.40578
Link,heat100-200 industry solid biomass,FR0 0,solid biomass,-80.23121
Link,heat100-200 industry solid biomass,FR0 1,heat100-200 industry,53.98467
Link,heat100-200 industry solid biomass,FR0 1,solid biomass,-60.65693
Link,heat100-200 industry solid biomass,FR0 2,heat100-200 industry,5699562.09533
Link,heat100-200 industry solid biomass,FR0 2,solid biomass,-6404002.35431
Link,heat100-200 industry solid biomass,FR0 3,heat100-200 industry,79.21604
Link,heat100-200 industry solid biomass,FR0 3,solid biomass,-89.00679
Link,heat100-200 industry solid biomass,FR0 4,heat100-200 industry,358.54059
Link,heat100-200 industry solid biomass,FR0 4,solid biomass,-402.8546
Link,heat100-200 industry solid biomass,FR5 0,heat100-200 industry,118.83871
Link,heat100-200 industry solid biomass,FR5 0,solid biomass,-133.52664
Link,heat100-200 industry solid biomass,GB2 0,heat100-200 industry,111.10734
Link,heat100-200 industry solid biomass,GB2 0,solid biomass,-124.83971
Link,heat100-200 industry solid biomass,GB2 1,heat100-200 industry,111.85586
Link,heat100-200 industry solid biomass,GB2 1,solid biomass,-125.68074
Link,heat100-200 industry solid biomass,GB3 0,heat100-200 industry,138685.71442
Link,heat100-200 industry solid biomass,GB3 0,solid biomass,-155826.64542
Link,heat100-200 industry solid biomass,GR0 0,heat100-200 industry,80.49415
Link,heat100-200 industry solid biomass,GR0 0,solid biomass,-90.44287
Link,heat100-200 industry solid biomass,HR0 0,heat100-200 industry,1349784.71982
Link,heat100-200 industry solid biomass,HR0 0,solid biomass,-1516612.04474
Link,heat100-200 industry solid biomass,HU0 0,heat100-200 industry,278.99851
Link,heat100-200 industry solid biomass,HU0 0,solid biomass,-313.48147
Link,heat100-200 industry solid biomass,IE3 0,heat100-200 industry,84.01968
Link,heat100-200 industry solid biomass,IE3 0,solid biomass,-94.40413
Link,heat100-200 industry solid biomass,IT0 0,heat100-200 industry,46.20001
Link,heat100-200 industry solid biomass,IT0 0,solid biomass,-51.91012
Link,heat100-200 industry solid biomass,IT0 1,heat100-200 industry,86.30263
Link,heat100-200 industry solid biomass,IT0 1,solid biomass,-96.96925
Link,heat100-200 industry solid biomass,IT4 0,heat100-200 industry,60.35165
Link,heat100-200 industry solid biomass,IT4 0,solid biomass,-67.81084
Link,heat100-200 industry solid biomass,LT0 0,heat100-200 industry,421.4358
Link,heat100-200 industry solid biomass,LT0 0,solid biomass,-473.52338
Link,heat100-200 industry solid biomass,LU0 0,heat100-200 industry,173.0609
Link,heat100-200 industry solid biomass,LU0 0,solid biomass,-194.45045
Link,heat100-200 industry solid biomass,LV0 0,heat100-200 industry,448362.93225
Link,heat100-200 industry solid biomass,LV0 0,solid biomass,-503778.57556
Link,heat100-200 industry solid biomass,ME0 0,heat100-200 industry,109470.04623
Link,heat100-200 industry solid biomass,ME0 0,solid biomass,-123000.05195
Link,heat100-200 industry solid biomass,MK0 0,heat100-200 industry,208990.45186
Link,heat100-200 industry solid biomass,MK0 0,solid biomass,-234820.73243
Link,heat100-200 industry solid biomass,NL0 0,heat100-200 industry,68.26113
Link,heat100-200 industry solid biomass,NL0 0,solid biomass,-76.6979
Link,heat100-200 industry solid biomass,NO1 0,heat100-200 industry,33.39234
Link,heat100-200 industry solid biomass,NO1 0,solid biomass,-37.51948
Link,heat100-200 industry solid biomass,PL0 0,heat100-200 industry,81.02692
Link,heat100-200 industry solid biomass,PL0 0,solid biomass,-91.04148
Link,heat100-200 industry solid biomass,PT0 0,heat100-200 industry,2673945.387
Link,heat100-200 industry solid biomass,PT0 0,solid biomass,-3004433.01911
Link,heat100-200 industry solid biomass,RO0 0,heat100-200 industry,761735.56971
Link,heat100-200 industry solid biomass,RO0 0,solid biomass,-855882.66259
Link,heat100-200 industry solid biomass,RS0 0,heat100-200 industry,1848691.33956
Link,heat100-200 industry solid biomass,RS0 0,solid biomass,-2077181.2804
Link,heat100-200 industry solid biomass,SE1 0,heat100-200 industry,384.47977
Link,heat100-200 industry solid biomass,SE1 0,solid biomass,-431.99974
Link,heat100-200 industry solid biomass,SI0 0,heat100-200 industry,210871.70038
Link,heat100-200 industry solid biomass,SI0 0,solid biomass,-236934.49481
Link,heat100-200 industry solid biomass,SK0 0,heat100-200 industry,2372224.5916
Link,heat100-200 industry solid biomass,SK0 0,solid biomass,-2665420.88944
Link,heat100-200 industry solid biomass,XK0 0,heat100-200 industry,189429.97026
Link,heat100-200 industry solid biomass,XK0 0,solid biomass,-212842.66321
Link,heat200-500 industry gas,,co2,19.53773
Link,heat200-500 industry gas,AL0 0,gas,-25.41812
Link,heat200-500 industry gas,AL0 0,heat200-500 industry,25.41812
Link,heat200-500 industry gas,AT0 0,gas,-24.71943
Link,heat200-500 industry gas,AT0 0,heat200-500 industry,24.71943
Link,heat200-500 industry gas,BA0 0,gas,-23.97587
Link,heat200-500 industry gas,BA0 0,heat200-500 industry,23.97587
Link,heat200-500 industry gas,BE0 0,gas,-4529834.80267
Link,heat200-500 industry gas,BE0 0,heat200-500 industry,4529834.80267
Link,heat200-500 industry gas,BG0 0,gas,-20.55672
Link,heat200-500 industry gas,BG0 0,heat200-500 industry,20.55672
Link,heat200-500 industry gas,CH0 0,gas,-21.43014
Link,heat200-500 industry gas,CH0 0,heat200-500 industry,21.43014
Link,heat200-500 industry gas,CZ0 0,gas,-73.44394
Link,heat200-500 industry gas,CZ0 0,heat200-500 industry,73.44394
Link,heat200-500 industry gas,DE0 0,gas,-38.66545
Link,heat200-500 industry gas,DE0 0,heat200-500 industry,38.66545
Link,heat200-500 industry gas,DE0 1,gas,-22.16136
Link,heat200-500 industry gas,DE0 1,heat200-500 industry,22.16136
Link,heat200-500 industry gas,DE0 2,gas,-7749784.5699
Link,heat200-500 industry gas,DE0 2,heat200-500 industry,7749784.5699
Link,heat200-500 industry gas,DE0 3,gas,-25.30495
Link,heat200-500 industry gas,DE0 3,heat200-500 industry,25.30495
Link,heat200-500 industry gas,DE0 4,gas,-5128565.26763
Link,heat200-500 industry gas,DE0 4,heat200-500 industry,5128565.26763
Link,heat200-500 industry gas,DE0 5,gas,-42.53652
Link,heat200-500 industry gas,DE0 5,heat200-500 industry,42.53652
Link,heat200-500 industry gas,DK0 0,gas,-26.08311
Link,heat200-500 industry gas,DK0 0,heat200-500 industry,26.08311
Link,heat200-500 industry gas,DK1 0,gas,-289832.38071
Link,heat200-500 industry gas,DK1 0,heat200-500 industry,289832.38071
Link,heat200-500 industry gas,EE0 0,gas,-25.98187
Link,heat200-500 industry gas,EE0 0,heat200-500 industry,25.98187
Link,heat200-500 industry gas,ES0 0,gas,-44.11663
Link,heat200-500 industry gas,ES0 0,heat200-500 industry,44.11663
Link,heat200-500 industry gas,ES6 0,gas,-79187.92567
Link,heat200-500 industry gas,ES6 0,heat200-500 industry,79187.92567
Link,heat200-500 industry gas,EU,co2,5464351.81345
Link,heat200-500 industry gas,FI1 0,gas,-18.21231
Link,heat200-500 industry gas,FI1 0,heat200-500 industry,18.21231
Link,heat200-500 industry gas,FR0 0,gas,-54.39791
Link,heat200-500 industry gas,FR0 0,heat200-500 industry,54.39791
Link,heat200-500 industry gas,FR0 1,gas,-1400570.14216
Link,heat200-500 industry gas,FR0 1,heat200-500 industry,1400570.14216
Link,heat200-500 industry gas,FR0 2,gas,-18.17904
Link,heat200-500 industry gas,FR0 2,heat200-500 industry,18.17904
Link,heat200-500 industry gas,FR0 3,gas,-29.43816
Link,heat200-500 industry gas,FR0 3,heat200-500 industry,29.43816
Link,heat200-500 industry gas,FR0 4,gas,-20.34291
Link,heat200-500 industry gas,FR0 4,heat200-500 industry,20.34291
Link,heat200-500 industry gas,FR5 0,gas,-5691.19676
Link,heat200-500 industry gas,FR5 0,heat200-500 industry,5691.19676
Link,heat200-500 industry gas,GB2 0,gas,-34.88733
Link,heat200-500 industry gas,GB2 0,heat200-500 industry,34.88733
Link,heat200-500 industry gas,GB2 1,gas,-37.16392
Link,heat200-500 industry gas,GB2 1,heat200-500 industry,37.16392
Link,heat200-500 industry gas,GB3 0,gas,-26.62415
Link,heat200-500 industry gas,GB3 0,heat200-500 industry,26.62415
Link,heat200-500 industry gas,GR0 0,gas,-599109.2744
Link,heat200-500 industry gas,GR0 0,heat200-500 industry,599109.2744
Link,heat200-500 industry gas,HR0 0,gas,-21.04962
Link,heat200-500 industry gas,HR0 0,heat200-500 industry,21.04962
Link,heat200-500 industry gas,HU0 0,gas,-25.43282
Link,heat200-500 industry gas,HU0 0,heat200-500 industry,25.43282
Link,heat200-500 industry gas,IE3 0,gas,-50.40068
Link,heat200-500 industry gas,IE3 0,heat200-500 industry,50.40068
Link,heat200-500 industry gas,IT0 0,gas,-4329803.37954
Link,heat200-500 industry gas,IT0 0,heat200-500 industry,4329803.37954
Link,heat200-500 industry gas,IT0 1,gas,-92.24433
Link,heat200-500 industry gas,IT0 1,heat200-500 industry,92.24433
Link,heat200-500 industry gas,IT4 0,gas,-1009753.11885
Link,heat200-500 industry gas,IT4 0,heat200-500 industry,1009753.11885
Link,heat200-500 industry gas,LT0 0,gas,-26.07444
Link,heat200-500 industry gas,LT0 0,heat200-500 industry,26.07444
Link,heat200-500 industry gas,LU0 0,gas,-68.17822
Link,heat200-500 industry gas,LU0 0,heat200-500 industry,68.17822
Link,heat200-500 industry gas,LV0 0,gas,-24.98939
Link,heat200-500 industry gas,LV0 0,heat200-500 industry,24.98939
Link,heat200-500 industry gas,ME0 0,gas,-24.88573
Link,heat200-500 industry gas,ME0 0,heat200-500 industry,24.88573
Link,heat200-500 industry gas,MK0 0,gas,-27.04843
Link,heat200-500 industry gas,MK0 0,heat200-500 industry,27.04843
Link,heat200-500 industry gas,NL0 0,gas,-424586.96992
Link,heat200-500 industry gas,NL0 0,heat200-500 industry,424586.96992
Link,heat200-500 industry gas,NO1 0,gas,-2049887.44875
Link,heat200-500 industry gas,NO1 0,heat200-500 industry,2049887.44875
Link,heat200-500 industry gas,PL0 0,gas,-58.1946
Link,heat200-500 industry gas,PL0 0,heat200-500 industry,58.1946
Link,heat200-500 industry gas,PT0 0,gas,-19.92337
Link,heat200-500 industry gas,PT0 0,heat200-500 industry,19.92337
Link,heat200-500 industry gas,RO0 0,gas,-23.00059
Link,heat200-500 industry gas,RO0 0,heat200-500 industry,23.00059
Link,heat200-500 industry gas,RS0 0,gas,-22.7745
Link,heat200-500 industry gas,RS0 0,heat200-500 industry,22.7745
Link,heat200-500 industry gas,SE1 0,gas,-17.95966
Link,heat200-500 industry gas,SE1 0,heat200-500 industry,17.95966
Link,heat200-500 industry gas,SI0 0,gas,-24.12755
Link,heat200-500 industry gas,SI0 0,heat200-500 industry,24.12755
Link,heat200-500 industry gas,SK0 0,gas,-23.4523
Link,heat200-500 industry gas,SK0 0,heat200-500 industry,23.4523
Link,heat200-500 industry gas,XK0 0,gas,-25.25395
Link,heat200-500 industry gas,XK0 0,heat200-500 industry,25.25395
Link,heat200-500 industry hydrogen,AL0 0,Hydrogen Storage,-49.06401
Link,heat200-500 industry hydrogen,AL0 0,heat200-500 industry,49.06401
Link,heat200-500 industry hydrogen,AT0 0,Hydrogen Storage,-27.25925
Link,heat200-500 industry hydrogen,AT0 0,heat200-500 industry,27.25925
Link,heat200-500 industry hydrogen,BA0 0,Hydrogen Storage,-38.47197
Link,heat200-500 industry hydrogen,BA0 0,heat200-500 industry,38.47197
Link,heat200-500 industry hydrogen,BE0 0,Hydrogen Storage,-38.9675
Link,heat200-500 industry hydrogen,BE0 0,heat200-500 industry,38.9675
Link,heat200-500 industry hydrogen,BG0 0,Hydrogen Storage,-25.55199
Link,heat200-500 industry hydrogen,BG0 0,heat200-500 industry,25.55199
Link,heat200-500 industry hydrogen,CH0 0,Hydrogen Storage,-25.65844
Link,heat200-500 industry hydrogen,CH0 0,heat200-500 industry,25.65844
Link,heat200-500 industry hydrogen,CZ0 0,Hydrogen Storage,-34.04785
Link,heat200-500 industry hydrogen,CZ0 0,heat200-500 industry,34.04785
Link,heat200-500 industry hydrogen,DE0 0,Hydrogen Storage,-33.13631
Link,heat200-500 industry hydrogen,DE0 0,heat200-500 industry,33.13631
Link,heat200-500 industry hydrogen,DE0 1,Hydrogen Storage,-25.59696
Link,heat200-500 industry hydrogen,DE0 1,heat200-500 industry,25.59696
Link,heat200-500 industry hydrogen,DE0 2,Hydrogen Storage,-48.55168
Link,heat200-500 industry hydrogen,DE0 2,heat200-500 industry,48.55168
Link,heat200-500 industry hydrogen,DE0 3,Hydrogen Storage,-26.59638
Link,heat200-500 industry hydrogen,DE0 3,heat200-500 industry,26.59638
Link,heat200-500 industry hydrogen,DE0 4,Hydrogen Storage,-41.98706
Link,heat200-500 industry hydrogen,DE0 4,heat200-500 industry,41.98706
Link,heat200-500 industry hydrogen,DE0 5,Hydrogen Storage,-34.25724
Link,heat200-500 industry hydrogen,DE0 5,heat200-500 industry,34.25724
Link,heat200-500 industry hydrogen,DK0 0,Hydrogen Storage,-32.954
Link,heat200-500 industry hydrogen,DK0 0,heat200-500 industry,32.954
Link,heat200-500 industry hydrogen,DK1 0,Hydrogen Storage,-53.83293
Link,heat200-500 industry hydrogen,DK1 0,heat200-500 industry,53.83293
Link,heat200-500 industry hydrogen,EE0 0,Hydrogen Storage,-47.31036
Link,heat200-500 industry hydrogen,EE0 0,heat200-500 industry,47.31036
Link,heat200-500 industry hydrogen,ES0 0,Hydrogen Storage,-44.42738
Link,heat200-500 industry hydrogen,ES0 0,heat200-500 industry,44.42738
Link,heat200-500 industry hydrogen,ES6 0,Hydrogen Storage,-76.54429
Link,heat200-500 industry hydrogen,ES6 0,heat200-500 industry,76.54429
Link,heat200-500 industry hydrogen,FI1 0,Hydrogen Storage,-25.79763
Link,heat200-500 industry hydrogen,FI1 0,heat200-500 industry,25.79763
Link,heat200-500 industry hydrogen,FR0 0,Hydrogen Storage,-33.80875
Link,heat200-500 industry hydrogen,FR0 0,heat200-500 industry,33.80875
Link,heat200-500 industry hydrogen,FR0 1,Hydrogen Storage,-34.54799
Link,heat200-500 industry hydrogen,FR0 1,heat200-500 industry,34.54799
Link,heat200-500 industry hydrogen,FR0 2,Hydrogen Storage,-23.84701
Link,heat200-500 industry hydrogen,FR0 2,heat200-500 industry,23.84701
Link,heat200-500 industry hydrogen,FR0 3,Hydrogen Storage,-27.19723
Link,heat200-500 industry hydrogen,FR0 3,heat200-500 industry,27.19723
Link,heat200-500 industry hydrogen,FR0 4,Hydrogen Storage,-24.82637
Link,heat200-500 industry hydrogen,FR0 4,heat200-500 industry,24.82637
Link,heat200-500 industry hydrogen,FR5 0,Hydrogen Storage,-72.81366
Link,heat200-500 industry hydrogen,FR5 0,heat200-500 industry,72.81366
Link,heat200-500 industry hydrogen,GB2 0,Hydrogen Storage,-32.71791
Link,heat200-500 industry hydrogen,GB2 0,heat200-500 industry,32.71791
Link,heat200-500 industry hydrogen,GB2 1,Hydrogen Storage,-36.28584
Link,heat200-500 industry hydrogen,GB2 1,heat200-500 industry,36.28584
Link,heat200-500 industry hydrogen,GB3 0,Hydrogen Storage,-41.18703
Link,heat200-500 industry hydrogen,GB3 0,heat200-500 industry,41.18703
Link,heat200-500 industry hydrogen,GR0 0,Hydrogen Storage,-48.56858
Link,heat200-500 industry hydrogen,GR0 0,heat200-500 industry,48.56858
Link,heat200-500 industry hydrogen,HR0 0,Hydrogen Storage,-33.42176
Link,heat200-500 industry hydrogen,HR0 0,heat200-500 industry,33.42176
Link,heat200-500 industry hydrogen,HU0 0,Hydrogen Storage,-28.73345
Link,heat200-500 industry hydrogen,HU0 0,heat200-500 industry,28.73345
Link,heat200-500 industry hydrogen,IE3 0,Hydrogen Storage,-33.55692
Link,heat200-500 industry hydrogen,IE3 0,heat200-500 industry,33.55692
Link,heat200-500 industry hydrogen,IT0 0,Hydrogen Storage,-38.02406
Link,heat200-500 industry hydrogen,IT0 0,heat200-500 industry,38.02406
Link,heat200-500 industry hydrogen,IT0 1,Hydrogen Storage,-47.51238
Link,heat200-500 industry hydrogen,IT0 1,heat200-500 industry,47.51238
Link,heat200-500 industry hydrogen,IT4 0,Hydrogen Storage,-40.8897
Link,heat200-500 industry hydrogen,IT4 0,heat200-500 industry,40.8897
Link,heat200-500 industry hydrogen,LT0 0,Hydrogen Storage,-36.07832
Link,heat200-500 industry hydrogen,LT0 0,heat200-500 industry,36.07832
Link,heat200-500 industry hydrogen,LU0 0,Hydrogen Storage,-55.88786
Link,heat200-500 industry hydrogen,LU0 0,heat200-500 industry,55.88786
Link,heat200-500 industry hydrogen,LV0 0,Hydrogen Storage,-38.64892
Link,heat200-500 industry hydrogen,LV0 0,heat200-500 industry,38.64892
Link,heat200-500 industry hydrogen,ME0 0,Hydrogen Storage,-49.20008
Link,heat200-500 industry hydrogen,ME0 0,heat200-500 industry,49.20008
Link,heat200-500 industry hydrogen,MK0 0,Hydrogen Storage,-51.30542
Link,heat200-500 industry hydrogen,MK0 0,heat200-500 industry,51.30542
Link,heat200-500 industry hydrogen,NL0 0,Hydrogen Storage,-47.36167
Link,heat200-500 industry hydrogen,NL0 0,heat200-500 industry,47.36167
Link,heat200-500 industry hydrogen,NO1 0,Hydrogen Storage,-33.79501
Link,heat200-500 industry hydrogen,NO1 0,heat200-500 industry,33.79501
Link,heat200-500 industry hydrogen,PL0 0,Hydrogen Storage,-42.81843
Link,heat200-500 industry hydrogen,PL0 0,heat200-500 industry,42.81843
Link,heat200-500 industry hydrogen,PT0 0,Hydrogen Storage,-26.89708
Link,heat200-500 industry hydrogen,PT0 0,heat200-500 industry,26.89708
Link,heat200-500 industry hydrogen,RO0 0,Hydrogen Storage,-25.87863
Link,heat200-500 industry hydrogen,RO0 0,heat200-500 industry,25.87863
Link,heat200-500 industry hydrogen,RS0 0,Hydrogen Storage,-30.30871
Link,heat200-500 industry hydrogen,RS0 0,heat200-500 industry,30.30871
Link,heat200-500 industry hydrogen,SE1 0,Hydrogen Storage,-41.18653
Link,heat200-500 industry hydrogen,SE1 0,heat200-500 industry,41.18653
Link,heat200-500 industry hydrogen,SI0 0,Hydrogen Storage,-29.95438
Link,heat200-500 industry hydrogen,SI0 0,heat200-500 industry,29.95438
Link,heat200-500 industry hydrogen,SK0 0,Hydrogen Storage,-26.11013
Link,heat200-500 industry hydrogen,SK0 0,heat200-500 industry,26.11013
Link,heat200-500 industry hydrogen,XK0 0,Hydrogen Storage,-48.70951
Link,heat200-500 industry hydrogen,XK0 0,heat200-500 industry,48.70951
Link,heat200-500 industry solid biomass,AL0 0,heat200-500 industry,69925.51787
Link,heat200-500 industry solid biomass,AL0 0,solid biomass,-69925.51787
Link,heat200-500 industry solid biomass,AT0 0,heat200-500 industry,3309948.02132
Link,heat200-500 industry solid biomass,AT0 0,solid biomass,-3309948.02132
Link,heat200-500 industry solid biomass,BA0 0,heat200-500 industry,199937.55216
Link,heat200-500 industry solid biomass,BA0 0,solid biomass,-199937.55216
Link,heat200-500 industry solid biomass,BE0 0,heat200-500 industry,126.22983
Link,heat200-500 industry solid biomass,BE0 0,solid biomass,-126.22983
Link,heat200-500 industry solid biomass,BG0 0,heat200-500 industry,1089953.89128
Link,heat200-500 industry solid biomass,BG0 0,solid biomass,-1089953.89128
Link,heat200-500 industry solid biomass,CH0 0,heat200-500 industry,1269952.91142
Link,heat200-500 industry solid biomass,CH0 0,solid biomass,-1269952.91142
Link,heat200-500 industry solid biomass,CZ0 0,heat200-500 industry,3139892.50821
Link,heat200-500 industry solid biomass,CZ0 0,solid biomass,-3139892.50821
Link,heat200-500 industry solid biomass,DE0 0,heat200-500 industry,4309928.19824
Link,heat200-500 industry solid biomass,DE0 0,solid biomass,-4309928.19824
Link,heat200-500 industry solid biomass,DE0 1,heat200-500 industry,1419952.24167
Link,heat200-500 industry solid biomass,DE0 1,solid biomass,-1419952.24167
Link,heat200-500 industry solid biomass,DE0 2,heat200-500 industry,166.87842
Link,heat200-500 industry solid biomass,DE0 2,solid biomass,-166.87842
Link,heat200-500 industry solid biomass,DE0 3,heat200-500 industry,2399948.09867
Link,heat200-500 industry solid biomass,DE0 3,solid biomass,-2399948.09867
Link,heat200-500 industry solid biomass,DE0 4,heat200-500 industry,1392.7453
Link,heat200-500 industry solid biomass,DE0 4,solid biomass,-1392.7453
Link,heat200-500 industry solid biomass,DE0 5,heat200-500 industry,4559923.20624
Link,heat200-500 industry solid biomass,DE0 5,solid biomass,-4559923.20624
Link,heat200-500 industry solid biomass,DK0 0,heat200-500 industry,499940.96289
Link,heat200-500 industry solid biomass,DK0 0,solid biomass,-499940.96289
Link,heat200-500 industry solid biomass,DK1 0,heat200-500 industry,113.78636
Link,heat200-500 industry solid biomass,DK1 0,solid biomass,-113.78636
Link,heat200-500 industry solid biomass,EE0 0,heat200-500 industry,119926.70778
Link,heat200-500 industry solid biomass,EE0 0,solid biomass,-119926.70778
Link,heat200-500 industry solid biomass,ES0 0,heat200-500 industry,10379911.456
Link,heat200-500 industry solid biomass,ES0 0,solid biomass,-10379911.456
Link,heat200-500 industry solid biomass,ES6 0,heat200-500 industry,735.53004
Link,heat200-500 industry solid biomass,ES6 0,solid biomass,-735.53004
Link,heat200-500 industry solid biomass,FI1 0,heat200-500 industry,1509955.99006
Link,heat200-500 industry solid biomass,FI1 0,solid biomass,-1509955.99006
Link,heat200-500 industry solid biomass,FR0 0,heat200-500 industry,4129911.79335
Link,heat200-500 industry solid biomass,FR0 0,solid biomass,-4129911.79335
Link,heat200-500 industry solid biomass,FR0 1,heat200-500 industry,1649395.30985
Link,heat200-500 industry solid biomass,FR0 1,solid biomass,-1649395.30985
Link,heat200-500 industry solid biomass,FR0 2,heat200-500 industry,1529957.97395
Link,heat200-500 industry solid biomass,FR0 2,solid biomass,-1529957.97395
Link,heat200-500 industry solid biomass,FR0 3,heat200-500 industry,1379943.3646
Link,heat200-500 industry solid biomass,FR0 3,solid biomass,-1379943.3646
Link,heat200-500 industry solid biomass,FR0 4,heat200-500 industry,1859954.83072
Link,heat200-500 industry solid biomass,FR0 4,solid biomass,-1859954.83072
Link,heat200-500 industry solid biomass,FR5 0,heat200-500 industry,24235.98959
Link,heat200-500 industry solid biomass,FR5 0,solid biomass,-24235.98959
Link,heat200-500 industry solid biomass,GB2 0,heat200-500 industry,4299932.39476
Link,heat200-500 industry solid biomass,GB2 0,solid biomass,-4299932.39476
Link,heat200-500 industry solid biomass,GB2 1,heat200-500 industry,5729926.55024
Link,heat200-500 industry solid biomass,GB2 1,solid biomass,-5729926.55024
Link,heat200-500 industry solid biomass,GB3 0,heat200-500 industry,259932.18882
Link,heat200-500 industry solid biomass,GB3 0,solid biomass,-259932.18882
Link,heat200-500 industry solid biomass,GR0 0,heat200-500 industry,842.15702
Link,heat200-500 industry solid biomass,GR0 0,solid biomass,-842.15702
Link,heat200-500 industry solid biomass,HR0 0,heat200-500 industry,339945.52862
Link,heat200-500 industry solid biomass,HR0 0,solid biomass,-339945.52862
Link,heat200-500 industry solid biomass,HU0 0,heat200-500 industry,2209945.83373
Link,heat200-500 industry solid biomass,HU0 0,solid biomass,-2209945.83373
Link,heat200-500 industry solid biomass,IE3 0,heat200-500 industry,719916.0424
Link,heat200-500 industry solid biomass,IE3 0,solid biomass,-719916.0424
Link,heat200-500 industry solid biomass,IT0 0,heat200-500 industry,158.5964
Link,heat200-500 industry solid biomass,IT0 0,solid biomass,-158.5964
Link,heat200-500 industry solid biomass,IT0 1,heat200-500 industry,7869860.24329
Link,heat200-500 industry solid biomass,IT0 1,solid biomass,-7869860.24329
Link,heat200-500 industry solid biomass,IT4 0,heat200-500 industry,205.99145
Link,heat200-500 industry solid biomass,IT4 0,solid biomass,-205.99145
Link,heat200-500 industry solid biomass,LT0 0,heat200-500 industry,269937.84723
Link,heat200-500 industry solid biomass,LT0 0,solid biomass,-269937.84723
Link,heat200-500 industry solid biomass,LU0 0,heat200-500 industry,169875.93392
Link,heat200-500 industry solid biomass,LU0 0,solid biomass,-169875.93392
Link,heat200-500 industry solid biomass,LV0 0,heat200-500 industry,189936.36169
Link,heat200-500 industry solid biomass,LV0 0,solid biomass,-189936.36169
Link,heat200-500 industry solid biomass,ME0 0,heat200-500 industry,49925.91419
Link,heat200-500 industry solid biomass,ME0 0,solid biomass,-49925.91419
Link,heat200-500 industry solid biomass,MK0 0,heat200-500 industry,59921.64615
Link,heat200-500 industry solid biomass,MK0 0,solid biomass,-59921.64615
Link,heat200-500 industry solid biomass,NL0 0,heat200-500 industry,7375365.66841
Link,heat200-500 industry solid biomass,NL0 0,solid biomass,-7375365.66841
Link,heat200-500 industry solid biomass,NO1 0,heat200-500 industry,78.75624
Link,heat200-500 industry solid biomass,NO1 0,solid biomass,-78.75624
Link,heat200-500 industry solid biomass,PL0 0,heat200-500 industry,6709898.98697
Link,heat200-500 industry solid biomass,PL0 0,solid biomass,-6709898.98697
Link,heat200-500 industry solid biomass,PT0 0,heat200-500 industry,1679953.17955
Link,heat200-500 industry solid biomass,PT0 0,solid biomass,-1679953.17955
Link,heat200-500 industry solid biomass,RO0 0,heat200-500 industry,2239951.12078
Link,heat200-500 industry solid biomass,RO0 0,solid biomass,-2239951.12078
Link,heat200-500 industry solid biomass,RS0 0,heat200-500 industry,509946.91679
Link,heat200-500 industry solid biomass,RS0 0,solid biomass,-509946.91679
Link,heat200-500 industry solid biomass,SE1 0,heat200-500 industry,619940.8538
Link,heat200-500 industry solid biomass,SE1 0,solid biomass,-619940.8538
Link,heat200-500 industry solid biomass,SI0 0,heat200-500 industry,559945.91807
Link,heat200-500 industry solid biomass,SI0 0,solid biomass,-559945.91807
Link,heat200-500 industry solid biomass,SK0 0,heat200-500 industry,1309950.43756
Link,heat200-500 industry solid biomass,SK0 0,solid biomass,-1309950.43756
Link,heat200-500 industry solid biomass,XK0 0,heat200-500 industry,69926.03655
Link,heat200-500 industry solid biomass,XK0 0,solid biomass,-69926.03655
Link,heat<100 industry electric boiler steam,AL0 0,AC,-50.35553
Link,heat<100 industry electric boiler steam,AL0 0,heat<100 industry,49.85197
Link,heat<100 industry electric boiler steam,AT0 0,AC,-37.43252
Link,heat<100 industry electric boiler steam,AT0 0,heat<100 industry,37.05819
Link,heat<100 industry electric boiler steam,BA0 0,AC,-30.05307
Link,heat<100 industry electric boiler steam,BA0 0,heat<100 industry,29.75254
Link,heat<100 industry electric boiler steam,BE0 0,AC,-52.51898
Link,heat<100 industry electric boiler steam,BE0 0,heat<100 industry,51.99379
Link,heat<100 industry electric boiler steam,BG0 0,AC,-30.02706
Link,heat<100 industry electric boiler steam,BG0 0,heat<100 industry,29.72679
Link,heat<100 industry electric boiler steam,CH0 0,AC,-36.27797
Link,heat<100 industry electric boiler steam,CH0 0,heat<100 industry,35.91519
Link,heat<100 industry electric boiler steam,CZ0 0,AC,-42.40902
Link,heat<100 industry electric boiler steam,CZ0 0,heat<100 industry,41.98493
Link,heat<100 industry electric boiler steam,DE0 0,AC,-50.42054
Link,heat<100 industry electric boiler steam,DE0 0,heat<100 industry,49.91633
Link,heat<100 industry electric boiler steam,DE0 1,AC,-32.96936
Link,heat<100 industry electric boiler steam,DE0 1,heat<100 industry,32.63966
Link,heat<100 industry electric boiler steam,DE0 2,AC,-65.32248
Link,heat<100 industry electric boiler steam,DE0 2,heat<100 industry,64.66925
Link,heat<100 industry electric boiler steam,DE0 3,AC,-38.53799
Link,heat<100 industry electric boiler steam,DE0 3,heat<100 industry,38.15261
Link,heat<100 industry electric boiler steam,DE0 4,AC,-52.38941
Link,heat<100 industry electric boiler steam,DE0 4,heat<100 industry,51.86552
Link,heat<100 industry electric boiler steam,DE0 5,AC,-52.43112
Link,heat<100 industry electric boiler steam,DE0 5,heat<100 industry,51.90681
Link,heat<100 industry electric boiler steam,DK0 0,AC,-36.75441
Link,heat<100 industry electric boiler steam,DK0 0,heat<100 industry,36.38686
Link,heat<100 industry electric boiler steam,DK1 0,AC,-43.6625
Link,heat<100 industry electric boiler steam,DK1 0,heat<100 industry,43.22588
Link,heat<100 industry electric boiler steam,EE0 0,AC,-50.63784
Link,heat<100 industry electric boiler steam,EE0 0,heat<100 industry,50.13147
Link,heat<100 industry electric boiler steam,ES0 0,AC,-51.86937
Link,heat<100 industry electric boiler steam,ES0 0,heat<100 industry,51.35067
Link,heat<100 industry electric boiler steam,ES6 0,AC,-94.91134
Link,heat<100 industry electric boiler steam,ES6 0,heat<100 industry,93.96223
Link,heat<100 industry electric boiler steam,FI1 0,AC,-64.63141
Link,heat<100 industry electric boiler steam,FI1 0,heat<100 industry,63.9851
Link,heat<100 industry electric boiler steam,FR0 0,AC,-53.9902
Link,heat<100 industry electric boiler steam,FR0 0,heat<100 industry,53.4503
Link,heat<100 industry electric boiler steam,FR0 1,AC,-46.88279
Link,heat<100 industry electric boiler steam,FR0 1,heat<100 industry,46.41397
Link,heat<100 industry electric boiler steam,FR0 2,AC,-37.39059
Link,heat<100 industry electric boiler steam,FR0 2,heat<100 industry,37.01668
Link,heat<100 industry electric boiler steam,FR0 3,AC,-41.92016
Link,heat<100 industry electric boiler steam,FR0 3,heat<100 industry,41.50096
Link,heat<100 industry electric boiler steam,FR0 4,AC,-43.28095
Link,heat<100 industry electric boiler steam,FR0 4,heat<100 industry,42.84814
Link,heat<100 industry electric boiler steam,FR5 0,AC,-59.47511
Link,heat<100 industry electric boiler steam,FR5 0,heat<100 industry,58.88036
Link,heat<100 industry electric boiler steam,GB2 0,AC,-56.09676
Link,heat<100 industry electric boiler steam,GB2 0,heat<100 industry,55.53579
Link,heat<100 industry electric boiler steam,GB2 1,AC,-58.89791
Link,heat<100 industry electric boiler steam,GB2 1,heat<100 industry,58.30893
Link,heat<100 industry electric boiler steam,GB3 0,AC,-38.17154
Link,heat<100 industry electric boiler steam,GB3 0,heat<100 industry,37.78982
Link,heat<100 industry electric boiler steam,GR0 0,AC,-43.34611
Link,heat<100 industry electric boiler steam,GR0 0,heat<100 industry,42.91265
Link,heat<100 industry electric boiler steam,HR0 0,AC,-25.8221
Link,heat<100 industry electric boiler steam,HR0 0,heat<100 industry,25.56388
Link,heat<100 industry electric boiler steam,HU0 0,AC,-39.01933
Link,heat<100 industry electric boiler steam,HU0 0,heat<100 industry,38.62913
Link,heat<100 industry electric boiler steam,IE3 0,AC,-38.45927
Link,heat<100 industry electric boiler steam,IE3 0,heat<100 industry,38.07467
Link,heat<100 industry electric boiler steam,IT0 0,AC,-58.18725
Link,heat<100 industry electric boiler steam,IT0 0,heat<100 industry,57.60538
Link,heat<100 industry electric boiler steam,IT0 1,AC,-63.48612
Link,heat<100 industry electric boiler steam,IT0 1,heat<100 industry,62.85125
Link,heat<100 industry electric boiler steam,IT4 0,AC,-34.47208
Link,heat<100 industry electric boiler steam,IT4 0,heat<100 industry,34.12735
Link,heat<100 industry electric boiler steam,LT0 0,AC,-35.33781
Link,heat<100 industry electric boiler steam,LT0 0,heat<100 industry,34.98443
Link,heat<100 industry electric boiler steam,LU0 0,AC,-37.0947
Link,heat<100 industry electric boiler steam,LU0 0,heat<100 industry,36.72375
Link,heat<100 industry electric boiler steam,LV0 0,AC,-33.54208
Link,heat<100 industry electric boiler steam,LV0 0,heat<100 industry,33.20666
Link,heat<100 industry electric boiler steam,ME0 0,AC,-56.03703
Link,heat<100 industry electric boiler steam,ME0 0,heat<100 industry,55.47666
Link,heat<100 industry electric boiler steam,MK0 0,AC,-51.59653
Link,heat<100 industry electric boiler steam,MK0 0,heat<100 industry,51.08057
Link,heat<100 industry electric boiler steam,NL0 0,AC,-70.4709
Link,heat<100 industry electric boiler steam,NL0 0,heat<100 industry,69.76619
Link,heat<100 industry electric boiler steam,NO1 0,AC,-45.92797
Link,heat<100 industry electric boiler steam,NO1 0,heat<100 industry,45.46869
Link,heat<100 industry electric boiler steam,PL0 0,AC,-59.17991
Link,heat<100 industry electric boiler steam,PL0 0,heat<100 industry,58.58811
Link,heat<100 industry electric boiler steam,PT0 0,AC,-39.76701
Link,heat<100 industry electric boiler steam,PT0 0,heat<100 industry,39.36934
Link,heat<100 industry electric boiler steam,RO0 0,AC,-40.21533
Link,heat<100 industry electric boiler steam,RO0 0,heat<100 industry,39.81318
Link,heat<100 industry electric boiler steam,RS0 0,AC,-29.72099
Link,heat<100 industry electric boiler steam,RS0 0,heat<100 industry,29.42378
Link,heat<100 industry electric boiler steam,SE1 0,AC,-51.32318
Link,heat<100 industry electric boiler steam,SE1 0,heat<100 industry,50.80995
Link,heat<100 industry electric boiler steam,SI0 0,AC,-29.36384
Link,heat<100 industry electric boiler steam,SI0 0,heat<100 industry,29.0702
Link,heat<100 industry electric boiler steam,SK0 0,AC,-30.3514
Link,heat<100 industry electric boiler steam,SK0 0,heat<100 industry,30.04788
Link,heat<100 industry electric boiler steam,XK0 0,AC,-51.36353
Link,heat<100 industry electric boiler steam,XK0 0,heat<100 industry,50.84989
Link,heat<100 industry gas,,co2,17.76989
Link,heat<100 industry gas,AL0 0,gas,-35.90926
Link,heat<100 industry gas,AL0 0,heat<100 industry,33.39561
Link,heat<100 industry gas,AT0 0,gas,-27.45365
Link,heat<100 industry gas,AT0 0,heat<100 industry,25.53189
Link,heat<100 industry gas,BA0 0,gas,-27.34234
Link,heat<100 industry gas,BA0 0,heat<100 industry,25.42838
Link,heat<100 industry gas,BE0 0,gas,-38.77703
Link,heat<100 industry gas,BE0 0,heat<100 industry,36.06264
Link,heat<100 industry gas,BG0 0,gas,-24.71662
Link,heat<100 industry gas,BG0 0,heat<100 industry,22.98646
Link,heat<100 industry gas,CH0 0,gas,-25.04335
Link,heat<100 industry gas,CH0 0,heat<100 industry,23.29032
Link,heat<100 industry gas,CZ0 0,gas,-36.91724
Link,heat<100 industry gas,CZ0 0,heat<100 industry,34.33304
Link,heat<100 industry gas,DE0 0,gas,-36.46647
Link,heat<100 industry gas,DE0 0,heat<100 industry,33.91382
Link,heat<100 industry gas,DE0 1,gas,-25.26261
Link,heat<100 industry gas,DE0 1,heat<100 industry,23.49423
Link,heat<100 industry gas,DE0 2,gas,-7338.84738
Link,heat<100 industry gas,DE0 2,heat<100 industry,6825.12806
Link,heat<100 industry gas,DE0 3,gas,-30.94274
Link,heat<100 industry gas,DE0 3,heat<100 industry,28.77674
Link,heat<100 industry gas,DE0 4,gas,-42.23116
Link,heat<100 industry gas,DE0 4,heat<100 industry,39.27498
Link,heat<100 industry gas,DE0 5,gas,-40.40873
Link,heat<100 industry gas,DE0 5,heat<100 industry,37.58012
Link,heat<100 industry gas,DK0 0,gas,-27.50809
Link,heat<100 industry gas,DK0 0,heat<100 industry,25.58252
Link,heat<100 industry gas,DK1 0,gas,-30.00463
Link,heat<100 industry gas,DK1 0,heat<100 industry,27.90431
Link,heat<100 industry gas,EE0 0,gas,-32.76704
Link,heat<100 industry gas,EE0 0,heat<100 industry,30.47335
Link,heat<100 industry gas,ES0 0,gas,-32.4884
Link,heat<100 industry gas,ES0 0,heat<100 industry,30.21422
Link,heat<100 industry gas,ES6 0,gas,-30.99729
Link,heat<100 industry gas,ES6 0,heat<100 industry,28.82748
Link,heat<100 industry gas,EU,co2,2804.82821
Link,heat<100 industry gas,FI1 0,gas,-27.60741
Link,heat<100 industry gas,FI1 0,heat<100 industry,25.67489
Link,heat<100 industry gas,FR0 0,gas,-32.10662
Link,heat<100 industry gas,FR0 0,heat<100 industry,29.85915
Link,heat<100 industry gas,FR0 1,gas,-29.93706
Link,heat<100 industry gas,FR0 1,heat<100 industry,27.84147
Link,heat<100 industry gas,FR0 2,gas,-21.02786
Link,heat<100 industry gas,FR0 2,heat<100 industry,19.55591
Link,heat<100 industry gas,FR0 3,gas,-327.64387
Link,heat<100 industry gas,FR0 3,heat<100 industry,304.70879
Link,heat<100 industry gas,FR0 4,gas,-25.38857
Link,heat<100 industry gas,FR0 4,heat<100 industry,23.61137
Link,heat<100 industry gas,FR5 0,gas,-57.09039
Link,heat<100 industry gas,FR5 0,heat<100 industry,53.09406
Link,heat<100 industry gas,GB2 0,gas,-29.28643
Link,heat<100 industry gas,GB2 0,heat<100 industry,27.23638
Link,heat<100 industry gas,GB2 1,gas,-31.50301
Link,heat<100 industry gas,GB2 1,heat<100 industry,29.2978
Link,heat<100 industry gas,GB3 0,gas,-28.95749
Link,heat<100 industry gas,GB3 0,heat<100 industry,26.93047
Link,heat<100 industry gas,GR0 0,gas,-40.23897
Link,heat<100 industry gas,GR0 0,heat<100 industry,37.42224
Link,heat<100 industry gas,HR0 0,gas,-21.39683
Link,heat<100 industry gas,HR0 0,heat<100 industry,19.89905
Link,heat<100 industry gas,HU0 0,gas,-31.49548
Link,heat<100 industry gas,HU0 0,heat<100 industry,29.29079
Link,heat<100 industry gas,IE3 0,gas,-32.88009
Link,heat<100 industry gas,IE3 0,heat<100 industry,30.57849
Link,heat<100 industry gas,IT0 0,gas,-40.91476
Link,heat<100 industry gas,IT0 0,heat<100 industry,38.05073
Link,heat<100 industry gas,IT0 1,gas,-53.51246
Link,heat<100 industry gas,IT0 1,heat<100 industry,49.76659
Link,heat<100 industry gas,IT4 0,gas,-36.82623
Link,heat<100 industry gas,IT4 0,heat<100 industry,34.2484
Link,heat<100 industry gas,LT0 0,gas,-27.3873
Link,heat<100 industry gas,LT0 0,heat<100 industry,25.47019
Link,heat<100 industry gas,LU0 0,gas,-5058.98979
Link,heat<100 industry gas,LU0 0,heat<100 industry,4704.86051
Link,heat<100 industry gas,LV0 0,gas,-22.98239
Link,heat<100 industry gas,LV0 0,heat<100 industry,21.37362
Link,heat<100 industry gas,ME0 0,gas,-38.67481
Link,heat<100 industry gas,ME0 0,heat<100 industry,35.96757
Link,heat<100 industry gas,MK0 0,gas,-40.48463
Link,heat<100 industry gas,MK0 0,heat<100 industry,37.6507
Link,heat<100 industry gas,NL0 0,gas,-46.26767
Link,heat<100 industry gas,NL0 0,heat<100 industry,43.02893
Link,heat<100 industry gas,NO1 0,gas,-20.79446
Link,heat<100 industry gas,NO1 0,heat<100 industry,19.33885
Link,heat<100 industry gas,PL0 0,gas,-47.82797
Link,heat<100 industry gas,PL0 0,heat<100 industry,44.48001
Link,heat<100 industry gas,PT0 0,gas,-28.71444
Link,heat<100 industry gas,PT0 0,heat<100 industry,26.70443
Link,heat<100 industry gas,RO0 0,gas,-27.62998
Link,heat<100 industry gas,RO0 0,heat<100 industry,25.69588
Link,heat<100 industry gas,RS0 0,gas,-25.41035
Link,heat<100 industry gas,RS0 0,heat<100 industry,23.63163
Link,heat<100 industry gas,SE1 0,gas,-24.02434
Link,heat<100 industry gas,SE1 0,heat<100 industry,22.34264
Link,heat<100 industry gas,SI0 0,gas,-28.53965
Link,heat<100 industry gas,SI0 0,heat<100 industry,26.54188
Link,heat<100 industry gas,SK0 0,gas,-27.26411
Link,heat<100 industry gas,SK0 0,heat<100 industry,25.35562
Link,heat<100 industry gas,XK0 0,gas,-38.65652
Link,heat<100 industry gas,XK0 0,heat<100 industry,35.95056
Link,heat<100 industry industrial heat pump medium temperature,AL0 0,AC,-155.17575
Link,heat<100 industry industrial heat pump medium temperature,AL0 0,heat<100 industry,418.97452
Link,heat<100 industry industrial heat pump medium temperature,AT0 0,AC,-123.46112
Link,heat<100 industry industrial heat pump medium temperature,AT0 0,heat<100 industry,333.34502
Link,heat<100 industry industrial heat pump medium temperature,BA0 0,AC,-87.0605
Link,heat<100 industry industrial heat pump medium temperature,BA0 0,heat<100 industry,235.06334
Link,heat<100 industry industrial heat pump medium temperature,BE0 0,AC,-4462913.58798
Link,heat<100 industry industrial heat pump medium temperature,BE0 0,heat<100 industry,12049866.68753
Link,heat<100 industry industrial heat pump medium temperature,BG0 0,AC,-94.83557
Link,heat<100 industry industrial heat pump medium temperature,BG0 0,heat<100 industry,256.05605
Link,heat<100 industry industrial heat pump medium temperature,CH0 0,AC,-290.44879
Link,heat<100 industry industrial heat pump medium temperature,CH0 0,heat<100 industry,784.21174
Link,heat<100 industry industrial heat pump medium temperature,CZ0 0,AC,-2977722.91862
Link,heat<100 industry industrial heat pump medium temperature,CZ0 0,heat<100 industry,8039851.88027
Link,heat<100 industry industrial heat pump medium temperature,DE0 0,AC,-3870303.85891
Link,heat<100 industry industrial heat pump medium temperature,DE0 0,heat<100 industry,10449820.41905
Link,heat<100 industry industrial heat pump medium temperature,DE0 1,AC,-120.87669
Link,heat<100 industry industrial heat pump medium temperature,DE0 1,heat<100 industry,326.36705
Link,heat<100 industry industrial heat pump medium temperature,DE0 2,AC,-7152984.8817
Link,heat<100 industry industrial heat pump medium temperature,DE0 2,heat<100 industry,19313059.18058
Link,heat<100 industry industrial heat pump medium temperature,DE0 3,AC,-1371299.79042
Link,heat<100 industry industrial heat pump medium temperature,DE0 3,heat<100 industry,3702509.43413
Link,heat<100 industry industrial heat pump medium temperature,DE0 4,AC,-5311052.22148
Link,heat<100 industry industrial heat pump medium temperature,DE0 4,heat<100 industry,14339840.99801
Link,heat<100 industry industrial heat pump medium temperature,DE0 5,AC,-4618448.2225
Link,heat<100 industry industrial heat pump medium temperature,DE0 5,heat<100 industry,12469810.20076
Link,heat<100 industry industrial heat pump medium temperature,DK0 0,AC,-585110.47175
Link,heat<100 industry industrial heat pump medium temperature,DK0 0,heat<100 industry,1579798.27372
Link,heat<100 industry industrial heat pump medium temperature,DK1 0,AC,-274034.63124
Link,heat<100 industry industrial heat pump medium temperature,DK1 0,heat<100 industry,739893.50434
Link,heat<100 industry industrial heat pump medium temperature,EE0 0,AC,-457.85478
Link,heat<100 industry industrial heat pump medium temperature,EE0 0,heat<100 industry,1236.2079
Link,heat<100 industry industrial heat pump medium temperature,ES0 0,AC,-3770302.8382
Link,heat<100 industry industrial heat pump medium temperature,ES0 0,heat<100 industry,10179817.66313
Link,heat<100 industry industrial heat pump medium temperature,ES6 0,AC,-36963.34756
Link,heat<100 industry industrial heat pump medium temperature,ES6 0,heat<100 industry,99801.03841
Link,heat<100 industry industrial heat pump medium temperature,FI1 0,AC,-5133184.82063
Link,heat<100 industry industrial heat pump medium temperature,FI1 0,heat<100 industry,13859599.0157
Link,heat<100 industry industrial heat pump medium temperature,FR0 0,AC,-4025869.05757
Link,heat<100 industry industrial heat pump medium temperature,FR0 0,heat<100 industry,10869846.45545
Link,heat<100 industry industrial heat pump medium temperature,FR0 1,AC,-2892545.27831
Link,heat<100 industry industrial heat pump medium temperature,FR0 1,heat<100 industry,7809872.25145
Link,heat<100 industry industrial heat pump medium temperature,FR0 2,AC,-85.6506
Link,heat<100 industry industrial heat pump medium temperature,FR0 2,heat<100 industry,231.25661
Link,heat<100 industry industrial heat pump medium temperature,FR0 3,AC,-1514654.11653
Link,heat<100 industry industrial heat pump medium temperature,FR0 3,heat<100 industry,4089566.11463
Link,heat<100 industry industrial heat pump medium temperature,FR0 4,AC,-771550.52534
Link,heat<100 industry industrial heat pump medium temperature,FR0 4,heat<100 industry,2083186.41841
Link,heat<100 industry industrial heat pump medium temperature,FR5 0,AC,-25838.3685
Link,heat<100 industry industrial heat pump medium temperature,FR5 0,heat<100 industry,69763.59495
Link,heat<100 industry industrial heat pump medium temperature,GB2 0,AC,-3918445.84269
Link,heat<100 industry industrial heat pump medium temperature,GB2 0,heat<100 industry,10579803.77527
Link,heat<100 industry industrial heat pump medium temperature,GB2 1,AC,-4655482.48163
Link,heat<100 industry industrial heat pump medium temperature,GB2 1,heat<100 industry,12569802.7004
Link,heat<100 industry industrial heat pump medium temperature,GB3 0,AC,-323.53375
Link,heat<100 industry industrial heat pump medium temperature,GB3 0,heat<100 industry,873.54112
Link,heat<100 industry industrial heat pump medium temperature,GR0 0,AC,-374017.16704
Link,heat<100 industry industrial heat pump medium temperature,GR0 0,heat<100 industry,1009846.35101
Link,heat<100 industry industrial heat pump medium temperature,HR0 0,AC,-46.53026
Link,heat<100 industry industrial heat pump medium temperature,HR0 0,heat<100 industry,125.6317
Link,heat<100 industry industrial heat pump medium temperature,HU0 0,AC,-1492264.63255
Link,heat<100 industry industrial heat pump medium temperature,HU0 0,heat<100 industry,4029114.50788
Link,heat<100 industry industrial heat pump medium temperature,IE3 0,AC,-748086.88855
Link,heat<100 industry industrial heat pump medium temperature,IE3 0,heat<100 industry,2019834.59909
Link,heat<100 industry industrial heat pump medium temperature,IT0 0,AC,-6122167.35118
Link,heat<100 industry industrial heat pump medium temperature,IT0 0,heat<100 industry,16529851.84819
Link,heat<100 industry industrial heat pump medium temperature,IT0 1,AC,-10203627.16437
Link,heat<100 industry industrial heat pump medium temperature,IT0 1,heat<100 industry,27549793.3438
Link,heat<100 industry industrial heat pump medium temperature,IT4 0,AC,-581437.55257
Link,heat<100 industry industrial heat pump medium temperature,IT4 0,heat<100 industry,1569881.39195
Link,heat<100 industry industrial heat pump medium temperature,LT0 0,AC,-295938.00073
Link,heat<100 industry industrial heat pump medium temperature,LT0 0,heat<100 industry,799032.60197
Link,heat<100 industry industrial heat pump medium temperature,LU0 0,AC,-105578.0091
Link,heat<100 industry industrial heat pump medium temperature,LU0 0,heat<100 industry,285060.62456
Link,heat<100 industry industrial heat pump medium temperature,LV0 0,AC,-168.71024
Link,heat<100 industry industrial heat pump medium temperature,LV0 0,heat<100 industry,455.51764
Link,heat<100 industry industrial heat pump medium temperature,ME0 0,AC,-127.28334
Link,heat<100 industry industrial heat pump medium temperature,ME0 0,heat<100 industry,343.66503
Link,heat<100 industry industrial heat pump medium temperature,MK0 0,AC,-205.04457
Link,heat<100 industry industrial heat pump medium temperature,MK0 0,heat<100 industry,553.62033
Link,heat<100 industry industrial heat pump medium temperature,NL0 0,AC,-8740670.96238
Link,heat<100 industry industrial heat pump medium temperature,NL0 0,heat<100 industry,23599811.59844
Link,heat<100 industry industrial heat pump medium temperature,NO1 0,AC,-1703667.67447
Link,heat<100 industry industrial heat pump medium temperature,NO1 0,heat<100 industry,4599902.72107
Link,heat<100 industry industrial heat pump medium temperature,PL0 0,AC,-6433262.4183
Link,heat<100 industry industrial heat pump medium temperature,PL0 0,heat<100 industry,17369808.5294
Link,heat<100 industry industrial heat pump medium temperature,PT0 0,AC,-163.37885
Link,heat<100 industry industrial heat pump medium temperature,PT0 0,heat<100 industry,441.12291
Link,heat<100 industry industrial heat pump medium temperature,RO0 0,AC,-125.217
Link,heat<100 industry industrial heat pump medium temperature,RO0 0,heat<100 industry,338.0859
Link,heat<100 industry industrial heat pump medium temperature,RS0 0,AC,-117.74639
Link,heat<100 industry industrial heat pump medium temperature,RS0 0,heat<100 industry,317.91524
Link,heat<100 industry industrial heat pump medium temperature,SE1 0,AC,-2481292.01368
Link,heat<100 industry industrial heat pump medium temperature,SE1 0,heat<100 industry,6699488.43695
Link,heat<100 industry industrial heat pump medium temperature,SI0 0,AC,-193.08012
Link,heat<100 industry industrial heat pump medium temperature,SI0 0,heat<100 industry,521.31633
Link,heat<100 industry industrial heat pump medium temperature,SK0 0,AC,-128.29264
Link,heat<100 industry industrial heat pump medium temperature,SK0 0,heat<100 industry,346.39013
Link,heat<100 industry industrial heat pump medium temperature,XK0 0,AC,-138.14131
Link,heat<100 industry industrial heat pump medium temperature,XK0 0,heat<100 industry,372.98154
Link,heat<100 industry solid biomass,AL0 0,heat<100 industry,269497.61107
Link,heat<100 industry solid biomass,AL0 0,solid biomass,-302806.30457
Link,heat<100 industry solid biomass,AT0 0,heat<100 industry,5199604.02805
Link,heat<100 industry solid biomass,AT0 0,solid biomass,-5842251.71691
Link,heat<100 industry solid biomass,BA0 0,heat<100 industry,469709.70603
Link,heat<100 industry solid biomass,BA0 0,solid biomass,-527763.71464
Link,heat<100 industry solid biomass,BE0 0,heat<100 industry,45.23132
Link,heat<100 industry solid biomass,BE0 0,solid biomass,-50.82171
Link,heat<100 industry solid biomass,BG0 0,heat<100 industry,2059691.18125
Link,heat<100 industry solid biomass,BG0 0,solid biomass,-2314259.75421
Link,heat<100 industry solid biomass,CH0 0,heat<100 industry,3329156.558
Link,heat<100 industry solid biomass,CH0 0,solid biomass,-3740625.34606
Link,heat<100 industry solid biomass,CZ0 0,heat<100 industry,71.75205
Link,heat<100 industry solid biomass,CZ0 0,solid biomass,-80.62028
Link,heat<100 industry solid biomass,DE0 0,heat<100 industry,95.72605
Link,heat<100 industry solid biomass,DE0 0,solid biomass,-107.55736
Link,heat<100 industry solid biomass,DE0 1,heat<100 industry,3079617.4743
Link,heat<100 industry solid biomass,DE0 1,solid biomass,-3460244.35314
Link,heat<100 industry solid biomass,DE0 2,heat<100 industry,50.99731
Link,heat<100 industry solid biomass,DE0 2,solid biomass,-57.30035
Link,heat<100 industry solid biomass,DE0 3,heat<100 industry,1697423.61176
Link,heat<100 industry solid biomass,DE0 3,solid biomass,-1907217.5413
Link,heat<100 industry solid biomass,DE0 4,heat<100 industry,67.83674
Link,heat<100 industry solid biomass,DE0 4,solid biomass,-76.22106
Link,heat<100 industry solid biomass,DE0 5,heat<100 industry,100.28761
Link,heat<100 industry solid biomass,DE0 5,solid biomass,-112.68271
Link,heat<100 industry solid biomass,DK0 0,heat<100 industry,139.70718
Link,heat<100 industry solid biomass,DK0 0,solid biomass,-156.97436
Link,heat<100 industry solid biomass,DK1 0,heat<100 industry,35.34072
Link,heat<100 industry solid biomass,DK1 0,solid biomass,-39.70867
Link,heat<100 industry solid biomass,EE0 0,heat<100 industry,568683.04394
Link,heat<100 industry solid biomass,EE0 0,solid biomass,-638969.71229
Link,heat<100 industry solid biomass,ES0 0,heat<100 industry,100.72247
Link,heat<100 industry solid biomass,ES0 0,solid biomass,-113.17132
Link,heat<100 industry solid biomass,ES6 0,heat<100 industry,76.12237
Link,heat<100 industry solid biomass,ES6 0,solid biomass,-85.53076
Link,heat<100 industry solid biomass,FI1 0,heat<100 industry,311.14857
Link,heat<100 industry solid biomass,FI1 0,solid biomass,-349.60514
Link,heat<100 industry solid biomass,FR0 0,heat<100 industry,70.21036
Link,heat<100 industry solid biomass,FR0 0,solid biomass,-78.88804
Link,heat<100 industry solid biomass,FR0 1,heat<100 industry,53.46837
Link,heat<100 industry solid biomass,FR0 1,solid biomass,-60.07682
Link,heat<100 industry solid biomass,FR0 2,heat<100 industry,3599712.14605
Link,heat<100 industry solid biomass,FR0 2,solid biomass,-4044620.38882
Link,heat<100 industry solid biomass,FR0 3,heat<100 industry,87.63348
Link,heat<100 industry solid biomass,FR0 3,solid biomass,-98.46458
Link,heat<100 industry solid biomass,FR0 4,heat<100 industry,3316747.09732
Link,heat<100 industry solid biomass,FR0 4,solid biomass,-3726682.13182
Link,heat<100 industry solid biomass,FR5 0,heat<100 industry,124.27944
Link,heat<100 industry solid biomass,FR5 0,solid biomass,-139.63982
Link,heat<100 industry solid biomass,GB2 0,heat<100 industry,113.42782
Link,heat<100 industry solid biomass,GB2 0,solid biomass,-127.44699
Link,heat<100 industry solid biomass,GB2 1,heat<100 industry,109.66812
Link,heat<100 industry solid biomass,GB2 1,solid biomass,-123.22261
Link,heat<100 industry solid biomass,GB3 0,heat<100 industry,569061.68907
Link,heat<100 industry solid biomass,GB3 0,solid biomass,-639395.15626
Link,heat<100 industry solid biomass,GR0 0,heat<100 industry,73.13665
Link,heat<100 industry solid biomass,GR0 0,solid biomass,-82.17602
Link,heat<100 industry solid biomass,HR0 0,heat<100 industry,1469828.88062
Link,heat<100 industry solid biomass,HR0 0,solid biomass,-1651493.12429
Link,heat<100 industry solid biomass,HU0 0,heat<100 industry,1660817.52268
Link,heat<100 industry solid biomass,HU0 0,solid biomass,-1866087.10414
Link,heat<100 industry solid biomass,IE3 0,heat<100 industry,96.5932
Link,heat<100 industry solid biomass,IE3 0,solid biomass,-108.53169
Link,heat<100 industry solid biomass,IT0 0,heat<100 industry,52.4462
Link,heat<100 industry solid biomass,IT0 0,solid biomass,-58.92831
Link,heat<100 industry solid biomass,IT0 1,heat<100 industry,94.01361
Link,heat<100 industry solid biomass,IT0 1,solid biomass,-105.63327
Link,heat<100 industry solid biomass,IT4 0,heat<100 industry,50.06578
Link,heat<100 industry solid biomass,IT4 0,solid biomass,-56.25369
Link,heat<100 industry solid biomass,LT0 0,heat<100 industry,906.91866
Link,heat<100 industry solid biomass,LT0 0,solid biomass,-1019.00973
Link,heat<100 industry solid biomass,LU0 0,heat<100 industry,197.76643
Link,heat<100 industry solid biomass,LU0 0,solid biomass,-222.20947
Link,heat<100 industry solid biomass,LV0 0,heat<100 industry,1049489.87734
Link,heat<100 industry solid biomass,LV0 0,solid biomass,-1179202.10937
Link,heat<100 industry solid biomass,ME0 0,heat<100 industry,109564.72197
Link,heat<100 industry solid biomass,ME0 0,solid biomass,-123106.42918
Link,heat<100 industry solid biomass,MK0 0,heat<100 industry,259357.49361
Link,heat<100 industry solid biomass,MK0 0,solid biomass,-291412.91417
Link,heat<100 industry solid biomass,NL0 0,heat<100 industry,75.58168
Link,heat<100 industry solid biomass,NL0 0,solid biomass,-84.92324
Link,heat<100 industry solid biomass,NO1 0,heat<100 industry,32.42189
Link,heat<100 industry solid biomass,NO1 0,solid biomass,-36.42909
Link,heat<100 industry solid biomass,PL0 0,heat<100 industry,88.37773
Link,heat<100 industry solid biomass,PL0 0,solid biomass,-99.30083
Link,heat<100 industry solid biomass,PT0 0,heat<100 industry,4339492.62509
Link,heat<100 industry solid biomass,PT0 0,solid biomass,-4875834.41021
Link,heat<100 industry solid biomass,RO0 0,heat<100 industry,6379596.38029
Link,heat<100 industry solid biomass,RO0 0,solid biomass,-7168085.82055
Link,heat<100 industry solid biomass,RS0 0,heat<100 industry,2019628.97984
Link,heat<100 industry solid biomass,RS0 0,solid biomass,-2269246.04476
Link,heat<100 industry solid biomass,SE1 0,heat<100 industry,438.23367
Link,heat<100 industry solid biomass,SE1 0,solid biomass,-492.39738
Link,heat<100 industry solid biomass,SI0 0,heat<100 industry,909423.04684
Link,heat<100 industry solid biomass,SI0 0,solid biomass,-1021823.64814
Link,heat<100 industry solid biomass,SK0 0,heat<100 industry,2269598.15686
Link,heat<100 industry solid biomass,SK0 0,solid biomass,-2550110.28861
Link,heat<100 industry solid biomass,XK0 0,heat<100 industry,199540.04112
Link,heat<100 industry solid biomass,XK0 0,solid biomass,-224202.2934
Link,heat>500 industry gas,,co2,2227469.05047
Link,heat>500 industry gas,AL0 0,gas,-79919.88629
Link,heat>500 industry gas,AL0 0,heat>500 industry,79919.88629
Link,heat>500 industry gas,AT0 0,gas,-8069944.794
Link,heat>500 industry gas,AT0 0,heat>500 industry,8069944.794
Link,heat>500 industry gas,BA0 0,gas,-739957.64589
Link,heat>500 industry gas,BA0 0,heat>500 industry,739957.64589
Link,heat>500 industry gas,BE0 0,gas,-14949932.77119
Link,heat>500 industry gas,BE0 0,heat>500 industry,14949932.77119
Link,heat>500 industry gas,BG0 0,gas,-4179953.93356
Link,heat>500 industry gas,BG0 0,heat>500 industry,4179953.93356
Link,heat>500 industry gas,CH0 0,gas,-3159956.59204
Link,heat>500 industry gas,CH0 0,heat>500 industry,3159956.59204
Link,heat>500 industry gas,CZ0 0,gas,-7389946.30058
Link,heat>500 industry gas,CZ0 0,heat>500 industry,7389946.30058
Link,heat>500 industry gas,DE0 0,gas,-11419938.38783
Link,heat>500 industry gas,DE0 0,heat>500 industry,11419938.38783
Link,heat>500 industry gas,DE0 1,gas,-2709957.53467
Link,heat>500 industry gas,DE0 1,heat>500 industry,2709957.53467
Link,heat>500 industry gas,DE0 2,gas,-22809926.26754
Link,heat>500 industry gas,DE0 2,heat>500 industry,22809926.26754
Link,heat>500 industry gas,DE0 3,gas,-6909947.00286
Link,heat>500 industry gas,DE0 3,heat>500 industry,6909947.00286
Link,heat>500 industry gas,DE0 4,gas,-10529938.82671
Link,heat>500 industry gas,DE0 4,heat>500 industry,10529938.82671
Link,heat>500 industry gas,DE0 5,gas,-13509933.80644
Link,heat>500 industry gas,DE0 5,heat>500 industry,13509933.80644
Link,heat>500 industry gas,DK0 0,gas,-1409960.39271
Link,heat>500 industry gas,DK0 0,heat>500 industry,1409960.39271
Link,heat>500 industry gas,DK1 0,gas,-149928.73091
Link,heat>500 industry gas,DK1 0,heat>500 industry,149928.73091
Link,heat>500 industry gas,EE0 0,gas,-169932.50931
Link,heat>500 industry gas,EE0 0,heat>500 industry,169932.50931
Link,heat>500 industry gas,ES0 0,gas,-29219923.00342
Link,heat>500 industry gas,ES0 0,heat>500 industry,29219923.00342
Link,heat>500 industry gas,ES6 0,gas,-69919.28828
Link,heat>500 industry gas,ES6 0,heat>500 industry,69919.28828
Link,heat>500 industry gas,EU,co2,59258891.94931
Link,heat>500 industry gas,FI1 0,gas,-1439961.03947
Link,heat>500 industry gas,FI1 0,heat>500 industry,1439961.03947
Link,heat>500 industry gas,FR0 0,gas,-9779941.11022
Link,heat>500 industry gas,FR0 0,heat>500 industry,9779941.11022
Link,heat>500 industry gas,FR0 1,gas,-9249942.0276
Link,heat>500 industry gas,FR0 1,heat>500 industry,9249942.0276
Link,heat>500 industry gas,FR0 2,gas,-4019954.44058
Link,heat>500 industry gas,FR0 2,heat>500 industry,4019954.44058
Link,heat>500 industry gas,FR0 3,gas,-3589955.81106
Link,heat>500 industry gas,FR0 3,heat>500 industry,3589955.81106
Link,heat>500 industry gas,FR0 4,gas,-6709947.73068
Link,heat>500 industry gas,FR0 4,heat>500 industry,6709947.73068
Link,heat>500 industry gas,FR5 0,gas,-9928.58006
Link,heat>500 industry gas,FR5 0,heat>500 industry,9928.58006
Link,heat>500 industry gas,GB2 0,gas,-7469946.14857
Link,heat>500 industry gas,GB2 0,heat>500 industry,7469946.14857
Link,heat>500 industry gas,GB2 1,gas,-3529955.76488
Link,heat>500 industry gas,GB2 1,heat>500 industry,3529955.76488
Link,heat>500 industry gas,GB3 0,gas,-249941.77582
Link,heat>500 industry gas,GB3 0,heat>500 industry,249941.77582
Link,heat>500 industry gas,GR0 0,gas,-3589956.11108
Link,heat>500 industry gas,GR0 0,heat>500 industry,3589956.11108
Link,heat>500 industry gas,HR0 0,gas,-1059959.80785
Link,heat>500 industry gas,HR0 0,heat>500 industry,1059959.80785
Link,heat>500 industry gas,HU0 0,gas,-6609948.1554
Link,heat>500 industry gas,HU0 0,heat>500 industry,6609948.1554
Link,heat>500 industry gas,IE3 0,gas,-5129952.99152
Link,heat>500 industry gas,IE3 0,heat>500 industry,5129952.99152
Link,heat>500 industry gas,IT0 0,gas,-8669943.42071
Link,heat>500 industry gas,IT0 0,heat>500 industry,8669943.42071
Link,heat>500 industry gas,IT0 1,gas,-17889926.92886
Link,heat>500 industry gas,IT0 1,heat>500 industry,17889926.92886
Link,heat>500 industry gas,IT4 0,gas,-1769960.28074
Link,heat>500 industry gas,IT4 0,heat>500 industry,1769960.28074
Link,heat>500 industry gas,LT0 0,gas,-319946.58315
Link,heat>500 industry gas,LT0 0,heat>500 industry,319946.58315
Link,heat>500 industry gas,LU0 0,gas,-639955.84241
Link,heat>500 industry gas,LU0 0,heat>500 industry,639955.84241
Link,heat>500 industry gas,LV0 0,gas,-329947.18864
Link,heat>500 industry gas,LV0 0,heat>500 industry,329947.18864
Link,heat>500 industry gas,ME0 0,gas,-209937.62364
Link,heat>500 industry gas,ME0 0,heat>500 industry,209937.62364
Link,heat>500 industry gas,MK0 0,gas,-49917.47109
Link,heat>500 industry gas,MK0 0,heat>500 industry,49917.47109
Link,heat>500 industry gas,NL0 0,gas,-26489924.69952
Link,heat>500 industry gas,NL0 0,heat>500 industry,26489924.69952
Link,heat>500 industry gas,NO1 0,gas,-11209936.85156
Link,heat>500 industry gas,NO1 0,heat>500 industry,11209936.85156
Link,heat>500 industry gas,PL0 0,gas,-22529922.13025
Link,heat>500 industry gas,PL0 0,heat>500 industry,22529922.13025
Link,heat>500 industry gas,PT0 0,gas,-5079952.47879
Link,heat>500 industry gas,PT0 0,heat>500 industry,5079952.47879
Link,heat>500 industry gas,RO0 0,gas,-7979944.57767
Link,heat>500 industry gas,RO0 0,heat>500 industry,7979944.57767
Link,heat>500 industry gas,RS0 0,gas,-439951.58156
Link,heat>500 industry gas,RS0 0,heat>500 industry,439951.58156
Link,heat>500 industry gas,SE1 0,gas,-2259960.08731
Link,heat>500 industry gas,SE1 0,heat>500 industry,2259960.08731
Link,heat>500 industry gas,SI0 0,gas,-1229960.27049
Link,heat>500 industry gas,SI0 0,heat>500 industry,1229960.27049
Link,heat>500 industry gas,SK0 0,gas,-3409956.0577
Link,heat>500 industry gas,SK0 0,heat>500 industry,3409956.0577
Link,heat>500 industry gas,XK0 0,gas,-109923.52346
Link,heat>500 industry gas,XK0 0,heat>500 industry,109923.52346
Link,heat>500 industry hydrogen,AL0 0,Hydrogen Storage,-80.11371
Link,heat>500 industry hydrogen,AL0 0,heat>500 industry,80.11371
Link,heat>500 industry hydrogen,AT0 0,Hydrogen Storage,-55.206
Link,heat>500 industry hydrogen,AT0 0,heat>500 industry,55.206
Link,heat>500 industry hydrogen,BA0 0,Hydrogen Storage,-42.35411
Link,heat>500 industry hydrogen,BA0 0,heat>500 industry,42.35411
Link,heat>500 industry hydrogen,BE0 0,Hydrogen Storage,-67.22884
Link,heat>500 industry hydrogen,BE0 0,heat>500 industry,67.22884
Link,heat>500 industry hydrogen,BG0 0,Hydrogen Storage,-46.06644
Link,heat>500 industry hydrogen,BG0 0,heat>500 industry,46.06644
Link,heat>500 industry hydrogen,CH0 0,Hydrogen Storage,-43.40795
Link,heat>500 industry hydrogen,CH0 0,heat>500 industry,43.40795
Link,heat>500 industry hydrogen,CZ0 0,Hydrogen Storage,-53.69942
Link,heat>500 industry hydrogen,CZ0 0,heat>500 industry,53.69942
Link,heat>500 industry hydrogen,DE0 0,Hydrogen Storage,-61.6122
Link,heat>500 industry hydrogen,DE0 0,heat>500 industry,61.6122
Link,heat>500 industry hydrogen,DE0 1,Hydrogen Storage,-42.46534
Link,heat>500 industry hydrogen,DE0 1,heat>500 industry,42.46534
Link,heat>500 industry hydrogen,DE0 2,Hydrogen Storage,-73.73247
Link,heat>500 industry hydrogen,DE0 2,heat>500 industry,73.73247
Link,heat>500 industry hydrogen,DE0 3,Hydrogen Storage,-52.99714
Link,heat>500 industry hydrogen,DE0 3,heat>500 industry,52.99714
Link,heat>500 industry hydrogen,DE0 4,Hydrogen Storage,-61.17328
Link,heat>500 industry hydrogen,DE0 4,heat>500 industry,61.17328
Link,heat>500 industry hydrogen,DE0 5,Hydrogen Storage,-66.19354
Link,heat>500 industry hydrogen,DE0 5,heat>500 industry,66.19354
Link,heat>500 industry hydrogen,DK0 0,Hydrogen Storage,-39.60729
Link,heat>500 industry hydrogen,DK0 0,heat>500 industry,39.60729
Link,heat>500 industry hydrogen,DK1 0,Hydrogen Storage,-71.26909
Link,heat>500 industry hydrogen,DK1 0,heat>500 industry,71.26909
Link,heat>500 industry hydrogen,EE0 0,Hydrogen Storage,-67.49069
Link,heat>500 industry hydrogen,EE0 0,heat>500 industry,67.49069
Link,heat>500 industry hydrogen,ES0 0,Hydrogen Storage,-76.99661
Link,heat>500 industry hydrogen,ES0 0,heat>500 industry,76.99661
Link,heat>500 industry hydrogen,ES6 0,Hydrogen Storage,-80.71172
Link,heat>500 industry hydrogen,ES6 0,heat>500 industry,80.71172
Link,heat>500 industry hydrogen,FI1 0,Hydrogen Storage,-38.96053
Link,heat>500 industry hydrogen,FI1 0,heat>500 industry,38.96053
Link,heat>500 industry hydrogen,FR0 0,Hydrogen Storage,-58.88975
Link,heat>500 industry hydrogen,FR0 0,heat>500 industry,58.88975
Link,heat>500 industry hydrogen,FR0 1,Hydrogen Storage,-57.97241
Link,heat>500 industry hydrogen,FR0 1,heat>500 industry,57.97241
Link,heat>500 industry hydrogen,FR0 2,Hydrogen Storage,-45.55942
Link,heat>500 industry hydrogen,FR0 2,heat>500 industry,45.55942
Link,heat>500 industry hydrogen,FR0 3,Hydrogen Storage,-44.18894
Link,heat>500 industry hydrogen,FR0 3,heat>500 industry,44.18894
Link,heat>500 industry hydrogen,FR0 4,Hydrogen Storage,-52.26932
Link,heat>500 industry hydrogen,FR0 4,heat>500 industry,52.26932
Link,heat>500 industry hydrogen,FR5 0,Hydrogen Storage,-71.41994
Link,heat>500 industry hydrogen,FR5 0,heat>500 industry,71.41994
Link,heat>500 industry hydrogen,GB2 0,Hydrogen Storage,-53.85142
Link,heat>500 industry hydrogen,GB2 0,heat>500 industry,53.85142
Link,heat>500 industry hydrogen,GB2 1,Hydrogen Storage,-44.23512
Link,heat>500 industry hydrogen,GB2 1,heat>500 industry,44.23512
Link,heat>500 industry hydrogen,GB3 0,Hydrogen Storage,-58.22418
Link,heat>500 industry hydrogen,GB3 0,heat>500 industry,58.22418
Link,heat>500 industry hydrogen,GR0 0,Hydrogen Storage,-43.88892
Link,heat>500 industry hydrogen,GR0 0,heat>500 industry,43.88892
Link,heat>500 industry hydrogen,HR0 0,Hydrogen Storage,-40.19215
Link,heat>500 industry hydrogen,HR0 0,heat>500 industry,40.19215
Link,heat>500 industry hydrogen,HU0 0,Hydrogen Storage,-51.8446
Link,heat>500 industry hydrogen,HU0 0,heat>500 industry,51.8446
Link,heat>500 industry hydrogen,IE3 0,Hydrogen Storage,-47.00847
Link,heat>500 industry hydrogen,IE3 0,heat>500 industry,47.00847
Link,heat>500 industry hydrogen,IT0 0,Hydrogen Storage,-56.57929
Link,heat>500 industry hydrogen,IT0 0,heat>500 industry,56.57929
Link,heat>500 industry hydrogen,IT0 1,Hydrogen Storage,-73.07112
Link,heat>500 industry hydrogen,IT0 1,heat>500 industry,73.07112
Link,heat>500 industry hydrogen,IT4 0,Hydrogen Storage,-39.71926
Link,heat>500 industry hydrogen,IT4 0,heat>500 industry,39.71926
Link,heat>500 industry hydrogen,LT0 0,Hydrogen Storage,-53.41685
Link,heat>500 industry hydrogen,LT0 0,heat>500 industry,53.41685
Link,heat>500 industry hydrogen,LU0 0,Hydrogen Storage,-44.15759
Link,heat>500 industry hydrogen,LU0 0,heat>500 industry,44.15759
Link,heat>500 industry hydrogen,LV0 0,Hydrogen Storage,-52.81136
Link,heat>500 industry hydrogen,LV0 0,heat>500 industry,52.81136
Link,heat>500 industry hydrogen,ME0 0,Hydrogen Storage,-62.37636
Link,heat>500 industry hydrogen,ME0 0,heat>500 industry,62.37636
Link,heat>500 industry hydrogen,MK0 0,Hydrogen Storage,-82.52891
Link,heat>500 industry hydrogen,MK0 0,heat>500 industry,82.52891
Link,heat>500 industry hydrogen,NL0 0,Hydrogen Storage,-75.30048
Link,heat>500 industry hydrogen,NL0 0,heat>500 industry,75.30048
Link,heat>500 industry hydrogen,NO1 0,Hydrogen Storage,-63.14847
Link,heat>500 industry hydrogen,NO1 0,heat>500 industry,63.14847
Link,heat>500 industry hydrogen,PL0 0,Hydrogen Storage,-77.86976
Link,heat>500 industry hydrogen,PL0 0,heat>500 industry,77.86976
Link,heat>500 industry hydrogen,PT0 0,Hydrogen Storage,-47.52121
Link,heat>500 industry hydrogen,PT0 0,heat>500 industry,47.52121
Link,heat>500 industry hydrogen,RO0 0,Hydrogen Storage,-55.42234
Link,heat>500 industry hydrogen,RO0 0,heat>500 industry,55.42234
Link,heat>500 industry hydrogen,RS0 0,Hydrogen Storage,-48.41844
Link,heat>500 industry hydrogen,RS0 0,heat>500 industry,48.41844
Link,heat>500 industry hydrogen,SE1 0,Hydrogen Storage,-39.91269
Link,heat>500 industry hydrogen,SE1 0,heat>500 industry,39.91269
Link,heat>500 industry hydrogen,SI0 0,Hydrogen Storage,-39.7295
Link,heat>500 industry hydrogen,SI0 0,heat>500 industry,39.7295
Link,heat>500 industry hydrogen,SK0 0,Hydrogen Storage,-43.9423
Link,heat>500 industry hydrogen,SK0 0,heat>500 industry,43.9423
Link,heat>500 industry hydrogen,XK0 0,Hydrogen Storage,-76.47654
Link,heat>500 industry hydrogen,XK0 0,heat>500 industry,76.47654
Link,home battery charger,AL0 0,home battery,606.58302
Link,home battery charger,AL0 0,low voltage,-619.0912
Link,home battery charger,AT0 0,home battery,378.33146
Link,home battery charger,AT0 0,low voltage,-386.13293
Link,home battery charger,BA0 0,home battery,70522.31509
Link,home battery charger,BA0 0,low voltage,-71976.53644
Link,home battery charger,BE0 0,home battery,390.15133
Link,home battery charger,BE0 0,low voltage,-398.19653
Link,home battery charger,BG0 0,home battery,230815.56758
Link,home battery charger,BG0 0,low voltage,-235575.15219
Link,home battery charger,CH0 0,home battery,3555.82404
Link,home battery charger,CH0 0,low voltage,-3629.14771
Link,home battery charger,CZ0 0,home battery,398.42885
Link,home battery charger,CZ0 0,low voltage,-406.64474
Link,home battery charger,DE0 0,home battery,389.50784
Link,home battery charger,DE0 0,low voltage,-397.53977
Link,home battery charger,DE0 1,home battery,375.06406
Link,home battery charger,DE0 1,low voltage,-382.79816
Link,home battery charger,DE0 2,home battery,396.67434
Link,home battery charger,DE0 2,low voltage,-404.85405
Link,home battery charger,DE0 3,home battery,372.89047
Link,home battery charger,DE0 3,low voltage,-380.57974
Link,home battery charger,DE0 4,home battery,371.94997
Link,home battery charger,DE0 4,low voltage,-379.61984
Link,home battery charger,DE0 5,home battery,383.32257
Link,home battery charger,DE0 5,low voltage,-391.22696
Link,home battery charger,DK0 0,home battery,470.95786
Link,home battery charger,DK0 0,low voltage,-480.66935
Link,home battery charger,DK1 0,home battery,549.62975
Link,home battery charger,DK1 0,low voltage,-560.96351
Link,home battery charger,EE0 0,home battery,635.365
Link,home battery charger,EE0 0,low voltage,-648.46669
Link,home battery charger,ES0 0,home battery,410.40424
Link,home battery charger,ES0 0,low voltage,-418.86708
Link,home battery charger,ES6 0,home battery,669.07943
Link,home battery charger,ES6 0,low voltage,-682.87633
Link,home battery charger,FI1 0,home battery,589.96013
Link,home battery charger,FI1 0,low voltage,-602.12554
Link,home battery charger,FR0 0,home battery,1421.49789
Link,home battery charger,FR0 0,low voltage,-1450.81021
Link,home battery charger,FR0 1,home battery,1494.92988
Link,home battery charger,FR0 1,low voltage,-1525.75641
Link,home battery charger,FR0 2,home battery,1480.94909
Link,home battery charger,FR0 2,low voltage,-1511.48734
Link,home battery charger,FR0 3,home battery,1393.10842
Link,home battery charger,FR0 3,low voltage,-1421.83532
Link,home battery charger,FR0 4,home battery,1457.68333
Link,home battery charger,FR0 4,low voltage,-1487.74182
Link,home battery charger,FR5 0,home battery,60342.81941
Link,home battery charger,FR5 0,low voltage,-61587.13216
Link,home battery charger,GB2 0,home battery,411.96235
Link,home battery charger,GB2 0,low voltage,-420.45731
Link,home battery charger,GB2 1,home battery,408.80543
Link,home battery charger,GB2 1,low voltage,-417.2353
Link,home battery charger,GB3 0,home battery,408.23162
Link,home battery charger,GB3 0,low voltage,-416.64965
Link,home battery charger,GR0 0,home battery,613.74333
Link,home battery charger,GR0 0,low voltage,-626.39916
Link,home battery charger,HR0 0,home battery,385.17943
Link,home battery charger,HR0 0,low voltage,-393.12211
Link,home battery charger,HU0 0,home battery,381.70198
Link,home battery charger,HU0 0,low voltage,-389.57295
Link,home battery charger,IE3 0,home battery,408.41886
Link,home battery charger,IE3 0,low voltage,-416.84075
Link,home battery charger,IT0 0,home battery,895.80715
Link,home battery charger,IT0 0,low voltage,-914.27934
Link,home battery charger,IT0 1,home battery,496.37478
Link,home battery charger,IT0 1,low voltage,-506.61038
Link,home battery charger,IT4 0,home battery,407.72059
Link,home battery charger,IT4 0,low voltage,-416.12808
Link,home battery charger,LT0 0,home battery,399.36291
Link,home battery charger,LT0 0,low voltage,-407.59807
Link,home battery charger,LU0 0,home battery,390.61774
Link,home battery charger,LU0 0,low voltage,-398.67257
Link,home battery charger,LV0 0,home battery,401.2308
Link,home battery charger,LV0 0,low voltage,-409.50447
Link,home battery charger,ME0 0,home battery,606.82645
Link,home battery charger,ME0 0,low voltage,-619.33965
Link,home battery charger,MK0 0,home battery,20036.23953
Link,home battery charger,MK0 0,low voltage,-20449.40134
Link,home battery charger,NL0 0,home battery,402.88964
Link,home battery charger,NL0 0,low voltage,-411.19752
Link,home battery charger,NO1 0,home battery,564.48059
Link,home battery charger,NO1 0,low voltage,-576.12059
Link,home battery charger,PL0 0,home battery,386.07456
Link,home battery charger,PL0 0,low voltage,-394.0357
Link,home battery charger,PT0 0,home battery,1540.32582
Link,home battery charger,PT0 0,low voltage,-1572.08846
Link,home battery charger,RO0 0,home battery,388.11207
Link,home battery charger,RO0 0,low voltage,-396.11522
Link,home battery charger,RS0 0,home battery,575485.9886
Link,home battery charger,RS0 0,low voltage,-587352.92758
Link,home battery charger,SE1 0,home battery,584.93024
Link,home battery charger,SE1 0,low voltage,-596.99193
Link,home battery charger,SI0 0,home battery,380.72017
Link,home battery charger,SI0 0,low voltage,-388.5709
Link,home battery charger,SK0 0,home battery,378.0131
Link,home battery charger,SK0 0,low voltage,-385.80801
Link,home battery charger,XK0 0,home battery,4016.33212
Link,home battery charger,XK0 0,low voltage,-4099.15181
Link,home battery discharger,AL0 0,home battery,-606.58652
Link,home battery discharger,AL0 0,low voltage,594.33099
Link,home battery discharger,AT0 0,home battery,-378.33185
Link,home battery discharger,AT0 0,low voltage,370.68799
Link,home battery discharger,BA0 0,home battery,-70522.3155
Link,home battery discharger,BA0 0,low voltage,69097.47538
Link,home battery discharger,BE0 0,home battery,-390.15178
Link,home battery discharger,BE0 0,low voltage,382.26911
Link,home battery discharger,BG0 0,home battery,-230815.56802
Link,home battery discharger,BG0 0,low voltage,226152.14653
Link,home battery discharger,CH0 0,home battery,-3555.82453
Link,home battery discharger,CH0 0,low voltage,3483.98229
Link,home battery discharger,CZ0 0,home battery,-398.42938
Link,home battery discharger,CZ0 0,low voltage,390.37948
Link,home battery discharger,DE0 0,home battery,-389.50841
Link,home battery discharger,DE0 0,low voltage,381.63874
Link,home battery discharger,DE0 1,home battery,-375.06457
Link,home battery discharger,DE0 1,low voltage,367.48672
Link,home battery discharger,DE0 2,home battery,-396.67491
Link,home battery discharger,DE0 2,low voltage,388.66045
Link,home battery discharger,DE0 3,home battery,-372.89101
Link,home battery discharger,DE0 3,low voltage,365.35708
Link,home battery discharger,DE0 4,home battery,-371.95048
Link,home battery discharger,DE0 4,low voltage,364.43556
Link,home battery discharger,DE0 5,home battery,-383.3231
Link,home battery discharger,DE0 5,low voltage,375.5784
Link,home battery discharger,DK0 0,home battery,-470.95844
Link,home battery discharger,DK0 0,low voltage,461.44315
Link,home battery discharger,DK1 0,home battery,-549.63024
Link,home battery discharger,DK1 0,low voltage,538.52546
Link,home battery discharger,EE0 0,home battery,-635.36567
Link,home battery discharger,EE0 0,low voltage,622.52868
Link,home battery discharger,ES0 0,home battery,-410.40479
Link,home battery discharger,ES0 0,low voltage,402.11293
Link,home battery discharger,ES6 0,home battery,-669.07993
Link,home battery discharger,ES6 0,low voltage,655.56177
Link,home battery discharger,FI1 0,home battery,-589.96221
Link,home battery discharger,FI1 0,low voltage,578.04255
Link,home battery discharger,FR0 0,home battery,-1421.49847
Link,home battery discharger,FR0 0,low voltage,1392.77837
Link,home battery discharger,FR0 1,home battery,-1494.93044
Link,home battery discharger,FR0 1,low voltage,1464.72671
Link,home battery discharger,FR0 2,home battery,-1480.94964
Link,home battery discharger,FR0 2,low voltage,1451.02838
Link,home battery discharger,FR0 3,home battery,-1393.1089
Link,home battery discharger,FR0 3,low voltage,1364.96239
Link,home battery discharger,FR0 4,home battery,-1457.68384
Link,home battery discharger,FR0 4,low voltage,1428.23265
Link,home battery discharger,FR5 0,home battery,-60342.82097
Link,home battery discharger,FR5 0,low voltage,59123.64841
Link,home battery discharger,GB2 0,home battery,-411.96293
Link,home battery discharger,GB2 0,low voltage,403.63959
Link,home battery discharger,GB2 1,home battery,-408.80598
Link,home battery discharger,GB2 1,low voltage,400.54642
Link,home battery discharger,GB3 0,home battery,-408.23217
Link,home battery discharger,GB3 0,low voltage,399.98421
Link,home battery discharger,GR0 0,home battery,-613.74392
Link,home battery discharger,GR0 0,low voltage,601.34377
Link,home battery discharger,HR0 0,home battery,-385.17991
Link,home battery discharger,HR0 0,low voltage,377.39769
Link,home battery discharger,HU0 0,home battery,-381.7025
Link,home battery discharger,HU0 0,low voltage,373.99055
Link,home battery discharger,IE3 0,home battery,-408.41929
Link,home battery discharger,IE3 0,low voltage,400.16755
Link,home battery discharger,IT0 0,home battery,-895.80762
Link,home battery discharger,IT0 0,low voltage,877.70863
Link,home battery discharger,IT0 1,home battery,-496.37518
Link,home battery discharger,IT0 1,low voltage,486.34637
Link,home battery discharger,IT4 0,home battery,-407.72098
Link,home battery discharger,IT4 0,low voltage,399.48334
Link,home battery discharger,LT0 0,home battery,-399.36337
Link,home battery discharger,LT0 0,low voltage,391.29459
Link,home battery discharger,LU0 0,home battery,-390.61828
Link,home battery discharger,LU0 0,low voltage,382.72619
Link,home battery discharger,LV0 0,home battery,-401.23138
Link,home battery discharger,LV0 0,low voltage,393.12486
Link,home battery discharger,ME0 0,home battery,-606.82895
Link,home battery discharger,ME0 0,low voltage,594.56851
Link,home battery discharger,MK0 0,home battery,-20036.2432
Link,home battery discharger,MK0 0,low voltage,19631.42888
Link,home battery discharger,NL0 0,home battery,-402.8901
Link,home battery discharger,NL0 0,low voltage,394.75006
Link,home battery discharger,NO1 0,home battery,-564.48107
Link,home battery discharger,NO1 0,low voltage,553.07623
Link,home battery discharger,PL0 0,home battery,-386.07501
Link,home battery discharger,PL0 0,low voltage,378.27471
Link,home battery discharger,PT0 0,home battery,-1540.32708
Link,home battery discharger,PT0 0,low voltage,1509.20615
Link,home battery discharger,RO0 0,home battery,-388.11261
Link,home battery discharger,RO0 0,low voltage,380.27114
Link,home battery discharger,RS0 0,home battery,-575485.98914
Link,home battery discharger,RS0 0,low voltage,563858.811
Link,home battery discharger,SE1 0,home battery,-584.9309
Link,home battery discharger,SE1 0,low voltage,573.1129
Link,home battery discharger,SI0 0,home battery,-380.72054
Link,home battery discharger,SI0 0,low voltage,373.02843
Link,home battery discharger,SK0 0,home battery,-378.01366
Link,home battery discharger,SK0 0,low voltage,370.37623
Link,home battery discharger,XK0 0,home battery,-4016.33722
Link,home battery discharger,XK0 0,low voltage,3935.19073
Link,kerosene for aviation,,co2,38861859.178
Link,kerosene for aviation,AL0 0,kerosene for aviation,262779.85
Link,kerosene for aviation,AT0 0,kerosene for aviation,11463834.39258
Link,kerosene for aviation,BA0 0,kerosene for aviation,110252.4
Link,kerosene for aviation,BE0 0,kerosene for aviation,19821806.00001
Link,kerosene for aviation,BG0 0,kerosene for aviation,2853813.0
Link,kerosene for aviation,CH0 0,kerosene for aviation,22527777.77775
Link,kerosene for aviation,CZ0 0,kerosene for aviation,5544508.07171
Link,kerosene for aviation,DE0 0,kerosene for aviation,19996891.504
Link,kerosene for aviation,DE0 1,kerosene for aviation,10077299.96585
Link,kerosene for aviation,DE0 2,kerosene for aviation,30598524.25789
Link,kerosene for aviation,DE0 3,kerosene for aviation,14373489.42113
Link,kerosene for aviation,DE0 4,kerosene for aviation,28012578.22897
Link,kerosene for aviation,DE0 5,kerosene for aviation,19044712.4904
Link,kerosene for aviation,DK0 0,kerosene for aviation,7941414.90063
Link,kerosene for aviation,DK1 0,kerosene for aviation,4587658.29281
Link,kerosene for aviation,EE0 0,kerosene for aviation,796420.0
Link,kerosene for aviation,ES0 0,kerosene for aviation,83425426.96324
Link,kerosene for aviation,ES6 0,kerosene for aviation,1386524.54702
Link,kerosene for aviation,EU,co2,152396624.51187
Link,kerosene for aviation,EU,oil,-743906976.62339
Link,kerosene for aviation,FI1 0,kerosene for aviation,10550214.23181
Link,kerosene for aviation,FR0 0,kerosene for aviation,32869506.18704
Link,kerosene for aviation,FR0 1,kerosene for aviation,20720892.76696
Link,kerosene for aviation,FR0 2,kerosene for aviation,13409364.35655
Link,kerosene for aviation,FR0 3,kerosene for aviation,13852992.67608
Link,kerosene for aviation,FR0 4,kerosene for aviation,10196811.36338
Link,kerosene for aviation,FR5 0,kerosene for aviation,378627.51134
Link,kerosene for aviation,GB2 0,kerosene for aviation,51581997.11513
Link,kerosene for aviation,GB2 1,kerosene for aviation,95581057.19876
Link,kerosene for aviation,GB3 0,kerosene for aviation,3991590.48579
Link,kerosene for aviation,GR0 0,kerosene for aviation,15772219.52249
Link,kerosene for aviation,HR0 0,kerosene for aviation,2446289.74193
Link,kerosene for aviation,HU0 0,kerosene for aviation,3249150.0
Link,kerosene for aviation,IE3 0,kerosene for aviation,12989575.80875
Link,kerosene for aviation,IT0 0,kerosene for aviation,24406084.78068
Link,kerosene for aviation,IT0 1,kerosene for aviation,30980828.69105
Link,kerosene for aviation,IT4 0,kerosene for aviation,1408118.10249
Link,kerosene for aviation,LT0 0,kerosene for aviation,1434251.0
Link,kerosene for aviation,LU0 0,kerosene for aviation,6985345.0
Link,kerosene for aviation,LV0 0,kerosene for aviation,1824542.0
Link,kerosene for aviation,ME0 0,kerosene for aviation,293064.37
Link,kerosene for aviation,MK0 0,kerosene for aviation,325081.76
Link,kerosene for aviation,NL0 0,kerosene for aviation,46191767.99998
Link,kerosene for aviation,NO1 0,kerosene for aviation,10480490.79999
Link,kerosene for aviation,PL0 0,kerosene for aviation,12909273.50738
Link,kerosene for aviation,PT0 0,kerosene for aviation,18917125.87459
Link,kerosene for aviation,RO0 0,kerosene for aviation,2528753.26044
Link,kerosene for aviation,RS0 0,kerosene for aviation,1657054.03
Link,kerosene for aviation,SE1 0,kerosene for aviation,12271270.12679
Link,kerosene for aviation,SI0 0,kerosene for aviation,319825.0
Link,kerosene for aviation,SK0 0,kerosene for aviation,529222.0
Link,kerosene for aviation,XK0 0,kerosene for aviation,28877.29
Link,land transport oil,,co2,68483931.34764
Link,land transport oil,AL0 0,land transport oil,5414480.4752
Link,land transport oil,AT0 0,land transport oil,55646874.82005
Link,land transport oil,BA0 0,land transport oil,8941028.8911
Link,land transport oil,BE0 0,land transport oil,75183583.06001
Link,land transport oil,BG0 0,land transport oil,21331861.05866
Link,land transport oil,CH0 0,land transport oil,32509340.86552
Link,land transport oil,CZ0 0,land transport oil,52823815.54206
Link,land transport oil,DE0 0,land transport oil,70323609.6553
Link,land transport oil,DE0 1,land transport oil,35439113.57601
Link,land transport oil,DE0 2,land transport oil,107606658.5405
Link,land transport oil,DE0 3,land transport oil,50547639.32849
Link,land transport oil,DE0 4,land transport oil,98512592.14066
Link,land transport oil,DE0 5,land transport oil,66975055.94326
Link,land transport oil,DK0 0,land transport oil,22110878.36643
Link,land transport oil,DK1 0,land transport oil,12773184.09481
Link,land transport oil,EE0 0,land transport oil,6208884.89309
Link,land transport oil,ES0 0,land transport oil,212820449.50616
Link,land transport oil,ES6 0,land transport oil,3537060.43935
Link,land transport oil,EU,co2,580987637.43134
Link,land transport oil,EU,oil,-2526143791.43905
Link,land transport oil,FI1 0,land transport oil,33770154.89038
Link,land transport oil,FR0 0,land transport oil,126158410.74062
Link,land transport oil,FR0 1,land transport oil,79530093.50777
Link,land transport oil,FR0 2,land transport oil,51467280.5438
Link,land transport oil,FR0 3,land transport oil,53169996.83772
Link,land transport oil,FR0 4,land transport oil,39136989.43043
Link,land transport oil,FR5 0,land transport oil,1453232.81774
Link,land transport oil,GB2 0,land transport oil,90899870.05048
Link,land transport oil,GB2 1,land transport oil,168436783.4632
Link,land transport oil,GB3 0,land transport oil,7034141.30405
Link,land transport oil,GR0 0,land transport oil,41510651.80807
Link,land transport oil,HR0 0,land transport oil,17001131.71503
Link,land transport oil,HU0 0,land transport oil,36476728.68333
Link,land transport oil,IE3 0,land transport oil,28123263.49599
Link,land transport oil,IT0 0,land transport oil,120310491.85525
Link,land transport oil,IT0 1,land transport oil,152720879.707
Link,land transport oil,IT4 0,land transport oil,6941358.39583
Link,land transport oil,LT0 0,land transport oil,17499668.11818
Link,land transport oil,LU0 0,land transport oil,7859417.42682
Link,land transport oil,LV0 0,land transport oil,8304181.26351
Link,land transport oil,ME0 0,land transport oil,1791528.0868
Link,land transport oil,MK0 0,land transport oil,5168090.63071
Link,land transport oil,NL0 0,land transport oil,92686620.75396
Link,land transport oil,NO1 0,land transport oil,23029966.10109
Link,land transport oil,PL0 0,land transport oil,163776869.0908
Link,land transport oil,PT0 0,land transport oil,51603328.74272
Link,land transport oil,RO0 0,land transport oil,52705836.48067
Link,land transport oil,RS0 0,land transport oil,15387013.54293
Link,land transport oil,SE1 0,land transport oil,52693440.60148
Link,land transport oil,SI0 0,land transport oil,14918981.92025
Link,land transport oil,SK0 0,land transport oil,22964536.55857
Link,land transport oil,XK0 0,land transport oil,2906741.67719
Link,lignite,,co2,42.52957
Link,lignite,AL0 0,AC,12.40745
Link,lignite,AT0 0,AC,12.89552
Link,lignite,BA0 0,AC,21.80404
Link,lignite,BE0 0,AC,12.39263
Link,lignite,BG0 0,AC,21.33565
Link,lignite,CH0 0,AC,12.35406
Link,lignite,CZ0 0,AC,23.68823
Link,lignite,DE0 0,AC,12.4037
Link,lignite,DE0 1,AC,23.30341
Link,lignite,DE0 2,AC,14702.42777
Link,lignite,DE0 3,AC,22.79358
Link,lignite,DE0 4,AC,22.76509
Link,lignite,DE0 5,AC,23.33227
Link,lignite,DK0 0,AC,11.37
Link,lignite,DK1 0,AC,10.89661
Link,lignite,EE0 0,AC,11.19492
Link,lignite,ES0 0,AC,12.05588
Link,lignite,ES6 0,AC,9.40505
Link,lignite,EU,co2,19040.12071
Link,lignite,EU,lignite,-46897.64139
Link,lignite,FI1 0,AC,10.70038
Link,lignite,FR0 0,AC,11.70952
Link,lignite,FR0 1,AC,11.87419
Link,lignite,FR0 2,AC,11.85386
Link,lignite,FR0 3,AC,11.56936
Link,lignite,FR0 4,AC,19.49886
Link,lignite,FR5 0,AC,12.73653
Link,lignite,GB2 0,AC,11.36232
Link,lignite,GB2 1,AC,11.50762
Link,lignite,GB3 0,AC,11.62197
Link,lignite,GR0 0,AC,19.96038
Link,lignite,HR0 0,AC,12.9476
Link,lignite,HU0 0,AC,22.50054
Link,lignite,IE3 0,AC,18.83568
Link,lignite,IT0 0,AC,12.65611
Link,lignite,IT0 1,AC,13.02227
Link,lignite,IT4 0,AC,12.47372
Link,lignite,LT0 0,AC,11.48299
Link,lignite,LU0 0,AC,14.94515
Link,lignite,LV0 0,AC,11.38595
Link,lignite,ME0 0,AC,21.39034
Link,lignite,MK0 0,AC,20.95365
Link,lignite,NL0 0,AC,11.9563
Link,lignite,NO1 0,AC,10.16992
Link,lignite,PL0 0,AC,25.92514
Link,lignite,PT0 0,AC,12.09702
Link,lignite,RO0 0,AC,21.612
Link,lignite,RS0 0,AC,21.77354
Link,lignite,SE1 0,AC,10.51291
Link,lignite,SI0 0,AC,22.21808
Link,lignite,SK0 0,AC,22.83694
Link,lignite,XK0 0,AC,21.30495
Link,methanolisation,AL0 0,AC,-271.9091
Link,methanolisation,AL0 0,Hydrogen Storage,-1142.06771
Link,methanolisation,AL0 0,co2 stored,-248.88641
Link,methanolisation,AL0 0,urban central heat,25.08936
Link,methanolisation,AT0 0,AC,-206.38378
Link,methanolisation,AT0 0,Hydrogen Storage,-866.84944
Link,methanolisation,AT0 0,co2 stored,-188.90916
Link,methanolisation,AT0 0,urban central heat,19.04327
Link,methanolisation,BA0 0,AC,-181.17774
Link,methanolisation,BA0 0,Hydrogen Storage,-760.97951
Link,methanolisation,BA0 0,co2 stored,-165.83733
Link,methanolisation,BA0 0,urban central heat,16.71748
Link,methanolisation,BE0 0,AC,-264.32183
Link,methanolisation,BE0 0,Hydrogen Storage,-1110.1998
Link,methanolisation,BE0 0,co2 stored,-241.94156
Link,methanolisation,BE0 0,urban central heat,24.38928
Link,methanolisation,BG0 0,AC,-217.42738
Link,methanolisation,BG0 0,Hydrogen Storage,-913.23459
Link,methanolisation,BG0 0,co2 stored,-199.01769
Link,methanolisation,BG0 0,urban central heat,20.06227
Link,methanolisation,CH0 0,AC,-220.33952
Link,methanolisation,CH0 0,Hydrogen Storage,-925.46612
Link,methanolisation,CH0 0,co2 stored,-201.68326
Link,methanolisation,CH0 0,urban central heat,20.33098
Link,methanolisation,CZ0 0,AC,-170.48166
Link,methanolisation,CZ0 0,Hydrogen Storage,-716.054
Link,methanolisation,CZ0 0,co2 stored,-156.04689
Link,methanolisation,CZ0 0,urban central heat,15.73054
Link,methanolisation,DE0 0,AC,-343.25121
Link,methanolisation,DE0 0,Hydrogen Storage,-1441.71759
Link,methanolisation,DE0 0,co2 stored,-314.18795
Link,methanolisation,DE0 0,urban central heat,31.67218
Link,methanolisation,DE0 1,AC,-173.39794
Link,methanolisation,DE0 1,Hydrogen Storage,-728.30291
Link,methanolisation,DE0 1,co2 stored,-158.71624
Link,methanolisation,DE0 1,urban central heat,15.99962
Link,methanolisation,DE0 2,AC,-378.22741
Link,methanolisation,DE0 2,Hydrogen Storage,-1588.62399
Link,methanolisation,DE0 2,co2 stored,-346.2027
Link,methanolisation,DE0 2,urban central heat,34.89947
Link,methanolisation,DE0 3,AC,-150.82742
Link,methanolisation,DE0 3,Hydrogen Storage,-633.50262
Link,methanolisation,DE0 3,co2 stored,-138.05678
Link,methanolisation,DE0 3,urban central heat,13.91702
Link,methanolisation,DE0 4,AC,-149.44304
Link,methanolisation,DE0 4,Hydrogen Storage,-627.68797
Link,methanolisation,DE0 4,co2 stored,-136.78962
Link,methanolisation,DE0 4,urban central heat,13.78928
Link,methanolisation,DE0 5,AC,-274.13651
Link,methanolisation,DE0 5,Hydrogen Storage,-1151.42325
Link,methanolisation,DE0 5,co2 stored,-250.92523
Link,methanolisation,DE0 5,urban central heat,25.29489
Link,methanolisation,DK0 0,AC,-1547.31432
Link,methanolisation,DK0 0,Hydrogen Storage,-6499.0019
Link,methanolisation,DK0 0,co2 stored,-1416.30242
Link,methanolisation,DK0 0,urban central heat,142.77245
Link,methanolisation,DK1 0,AC,-265400.67013
Link,methanolisation,DK1 0,Hydrogen Storage,-1114731.14062
Link,methanolisation,DK1 0,co2 stored,-242929.05763
Link,methanolisation,DK1 0,urban central heat,24488.82119
Link,methanolisation,EE0 0,AC,-102654.26009
Link,methanolisation,EE0 0,Hydrogen Storage,-431166.58439
Link,methanolisation,EE0 0,co2 stored,-93962.4706
Link,methanolisation,EE0 0,urban central heat,9472.02514
Link,methanolisation,ES0 0,AC,-310.73452
Link,methanolisation,ES0 0,Hydrogen Storage,-1305.14156
Link,methanolisation,ES0 0,co2 stored,-284.42447
Link,methanolisation,ES0 0,urban central heat,28.67183
Link,methanolisation,ES6 0,AC,-469.73772
Link,methanolisation,ES6 0,Hydrogen Storage,-1972.98397
Link,methanolisation,ES6 0,co2 stored,-429.96479
Link,methanolisation,ES6 0,urban central heat,43.34323
Link,methanolisation,EU,methanol,75444994.49901
Link,methanolisation,FI1 0,AC,-3628278.43411
Link,methanolisation,FI1 0,Hydrogen Storage,-15239430.08624
Link,methanolisation,FI1 0,co2 stored,-3321070.21571
Link,methanolisation,FI1 0,urban central heat,334785.37096
Link,methanolisation,FR0 0,AC,-470.52188
Link,methanolisation,FR0 0,Hydrogen Storage,-1976.27756
Link,methanolisation,FR0 0,co2 stored,-430.68255
Link,methanolisation,FR0 0,urban central heat,43.41559
Link,methanolisation,FR0 1,AC,-437.47563
Link,methanolisation,FR0 1,Hydrogen Storage,-1837.4773
Link,methanolisation,FR0 1,co2 stored,-400.43434
Link,methanolisation,FR0 1,urban central heat,40.36637
Link,methanolisation,FR0 2,AC,-620.73027
Link,methanolisation,FR0 2,Hydrogen Storage,-2607.18016
Link,methanolisation,FR0 2,co2 stored,-568.17272
Link,methanolisation,FR0 2,urban central heat,57.27549
Link,methanolisation,FR0 3,AC,-715.25425
Link,methanolisation,FR0 3,Hydrogen Storage,-3004.19809
Link,methanolisation,FR0 3,co2 stored,-654.6933
Link,methanolisation,FR0 3,urban central heat,65.99732
Link,methanolisation,FR0 4,AC,-377.34334
Link,methanolisation,FR0 4,Hydrogen Storage,-1584.91075
Link,methanolisation,FR0 4,co2 stored,-345.39349
Link,methanolisation,FR0 4,urban central heat,34.8179
Link,methanolisation,FR5 0,AC,-118.75032
Link,methanolisation,FR5 0,Hydrogen Storage,-498.77296
Link,methanolisation,FR5 0,co2 stored,-108.69567
Link,methanolisation,GB2 0,AC,-1903458.85625
Link,methanolisation,GB2 0,Hydrogen Storage,-7994873.79169
Link,methanolisation,GB2 0,co2 stored,-1742292.00684
Link,methanolisation,GB2 0,urban central heat,175634.31001
Link,methanolisation,GB2 1,AC,-2312.36624
Link,methanolisation,GB2 1,Hydrogen Storage,-9712.35926
Link,methanolisation,GB2 1,co2 stored,-2116.57699
Link,methanolisation,GB2 1,urban central heat,213.36466
Link,methanolisation,GB3 0,AC,-74696.42646
Link,methanolisation,GB3 0,Hydrogen Storage,-313738.59238
Link,methanolisation,GB3 0,co2 stored,-68371.84126
Link,methanolisation,GB3 0,urban central heat,6892.32409
Link,methanolisation,GR0 0,AC,-314.91582
Link,methanolisation,GR0 0,Hydrogen Storage,-1322.70381
Link,methanolisation,GR0 0,co2 stored,-288.25174
Link,methanolisation,GR0 0,urban central heat,29.05764
Link,methanolisation,HR0 0,AC,-185.03877
Link,methanolisation,HR0 0,Hydrogen Storage,-777.19653
Link,methanolisation,HR0 0,co2 stored,-169.37144
Link,methanolisation,HR0 0,urban central heat,17.07374
Link,methanolisation,HU0 0,AC,-250.34636
Link,methanolisation,HU0 0,Hydrogen Storage,-1051.50028
Link,methanolisation,HU0 0,co2 stored,-229.1494
Link,methanolisation,HU0 0,urban central heat,23.09974
Link,methanolisation,IE3 0,AC,-813.29011
Link,methanolisation,IE3 0,Hydrogen Storage,-3415.96654
Link,methanolisation,IE3 0,co2 stored,-744.42841
Link,methanolisation,IE3 0,urban central heat,75.0432
Link,methanolisation,IT0 0,AC,-144.4847
Link,methanolisation,IT0 0,Hydrogen Storage,-606.86204
Link,methanolisation,IT0 0,co2 stored,-132.2511
Link,methanolisation,IT0 0,urban central heat,13.33177
Link,methanolisation,IT0 1,AC,-169.53067
Link,methanolisation,IT0 1,Hydrogen Storage,-712.0597
Link,methanolisation,IT0 1,co2 stored,-155.17642
Link,methanolisation,IT0 1,urban central heat,15.64279
Link,methanolisation,IT4 0,AC,-136.39099
Link,methanolisation,IT4 0,Hydrogen Storage,-572.86698
Link,methanolisation,IT4 0,co2 stored,-124.84269
Link,methanolisation,IT4 0,urban central heat,12.58495
Link,methanolisation,LT0 0,AC,-2563.11669
Link,methanolisation,LT0 0,Hydrogen Storage,-10765.55679
Link,methanolisation,LT0 0,co2 stored,-2346.09627
Link,methanolisation,LT0 0,urban central heat,236.50169
Link,methanolisation,LU0 0,AC,-145.59794
Link,methanolisation,LU0 0,Hydrogen Storage,-611.53786
Link,methanolisation,LU0 0,co2 stored,-133.27009
Link,methanolisation,LU0 0,urban central heat,13.43449
Link,methanolisation,LV0 0,AC,-3335.53626
Link,methanolisation,LV0 0,Hydrogen Storage,-14009.85963
Link,methanolisation,LV0 0,co2 stored,-3053.11467
Link,methanolisation,LV0 0,urban central heat,307.77372
Link,methanolisation,ME0 0,AC,-212.52694
Link,methanolisation,ME0 0,Hydrogen Storage,-892.65184
Link,methanolisation,ME0 0,co2 stored,-194.53217
Link,methanolisation,ME0 0,urban central heat,19.6101
Link,methanolisation,MK0 0,AC,-252.99261
Link,methanolisation,MK0 0,Hydrogen Storage,-1062.61505
Link,methanolisation,MK0 0,co2 stored,-231.5716
Link,methanolisation,MK0 0,urban central heat,23.34392
Link,methanolisation,NL0 0,AC,-438.65753
Link,methanolisation,NL0 0,Hydrogen Storage,-1842.44152
Link,methanolisation,NL0 0,co2 stored,-401.51617
Link,methanolisation,NL0 0,urban central heat,40.47543
Link,methanolisation,NO1 0,AC,-3791.96432
Link,methanolisation,NO1 0,Hydrogen Storage,-15926.94061
Link,methanolisation,NO1 0,co2 stored,-3470.89673
Link,methanolisation,NO1 0,urban central heat,349.88885
Link,methanolisation,PL0 0,AC,-281.77076
Link,methanolisation,PL0 0,Hydrogen Storage,-1183.4885
Link,methanolisation,PL0 0,co2 stored,-257.91308
Link,methanolisation,PL0 0,urban central heat,25.99931
Link,methanolisation,PT0 0,AC,-277.29966
Link,methanolisation,PT0 0,Hydrogen Storage,-1164.70906
Link,methanolisation,PT0 0,co2 stored,-253.82055
Link,methanolisation,PT0 0,urban central heat,25.58675
Link,methanolisation,RO0 0,AC,-265.8946
Link,methanolisation,RO0 0,Hydrogen Storage,-1116.80572
Link,methanolisation,RO0 0,co2 stored,-243.38116
Link,methanolisation,RO0 0,urban central heat,24.5344
Link,methanolisation,RS0 0,AC,-175.00006
Link,methanolisation,RS0 0,Hydrogen Storage,-735.03213
Link,methanolisation,RS0 0,co2 stored,-160.18272
Link,methanolisation,RS0 0,urban central heat,16.14745
Link,methanolisation,SE1 0,AC,-14442645.1168
Link,methanolisation,SE1 0,Hydrogen Storage,-60661739.31101
Link,methanolisation,SE1 0,co2 stored,-13219778.85781
Link,methanolisation,SE1 0,urban central heat,1332639.2643
Link,methanolisation,SI0 0,AC,-214.16973
Link,methanolisation,SI0 0,Hydrogen Storage,-899.55186
Link,methanolisation,SI0 0,co2 stored,-196.03587
Link,methanolisation,SI0 0,urban central heat,19.76168
Link,methanolisation,SK0 0,AC,-238.57728
Link,methanolisation,SK0 0,Hydrogen Storage,-1002.06801
Link,methanolisation,SK0 0,co2 stored,-218.37682
Link,methanolisation,SK0 0,urban central heat,22.0138
Link,methanolisation,XK0 0,AC,-197.67754
Link,methanolisation,XK0 0,Hydrogen Storage,-830.28168
Link,methanolisation,XK0 0,co2 stored,-180.94008
Link,methanolisation,XK0 0,urban central heat,18.23993
Link,municipal solid waste,,co2,-334893.50745
Link,municipal solid waste,AL0 0,municipal solid waste,-125777.63347
Link,municipal solid waste,AL0 0,non-sequestered HVC,125777.63347
Link,municipal solid waste,AT0 0,municipal solid waste,-708634.88531
Link,municipal solid waste,AT0 0,non-sequestered HVC,708634.88531
Link,municipal solid waste,BA0 0,municipal solid waste,-43.07932
Link,municipal solid waste,BA0 0,non-sequestered HVC,43.07932
Link,municipal solid waste,BE0 0,municipal solid waste,-3175991.31677
Link,municipal solid waste,BE0 0,non-sequestered HVC,3175991.31677
Link,municipal solid waste,BG0 0,municipal solid waste,-266809.37444
Link,municipal solid waste,BG0 0,non-sequestered HVC,266809.37444
Link,municipal solid waste,CH0 0,municipal solid waste,-6664829.86984
Link,municipal solid waste,CH0 0,non-sequestered HVC,6664829.86984
Link,municipal solid waste,CZ0 0,municipal solid waste,-282138.10113
Link,municipal solid waste,CZ0 0,non-sequestered HVC,282138.10113
Link,municipal solid waste,DE0 0,municipal solid waste,-1740228.1998
Link,municipal solid waste,DE0 0,non-sequestered HVC,1740228.1998
Link,municipal solid waste,DE0 1,municipal solid waste,-962165.86346
Link,municipal solid waste,DE0 1,non-sequestered HVC,962165.86346
Link,municipal solid waste,DE0 2,municipal solid waste,-2610562.48648
Link,municipal solid waste,DE0 2,non-sequestered HVC,2610562.48648
Link,municipal solid waste,DE0 3,municipal solid waste,-1222970.42727
Link,municipal solid waste,DE0 3,non-sequestered HVC,1222970.42727
Link,municipal solid waste,DE0 4,municipal solid waste,-2298410.14316
Link,municipal solid waste,DE0 4,non-sequestered HVC,2298410.14316
Link,municipal solid waste,DE0 5,municipal solid waste,-1630205.76404
Link,municipal solid waste,DE0 5,non-sequestered HVC,1630205.76404
Link,municipal solid waste,DK0 0,municipal solid waste,-1098592.40731
Link,municipal solid waste,DK0 0,non-sequestered HVC,1098592.40731
Link,municipal solid waste,DK1 0,municipal solid waste,-913922.03861
Link,municipal solid waste,DK1 0,non-sequestered HVC,913922.03861
Link,municipal solid waste,EE0 0,municipal solid waste,-241279.6174
Link,municipal solid waste,EE0 0,non-sequestered HVC,241279.6174
Link,municipal solid waste,ES0 0,municipal solid waste,-2508768.78777
Link,municipal solid waste,ES0 0,non-sequestered HVC,2508768.78777
Link,municipal solid waste,ES6 0,municipal solid waste,-62718.6898
Link,municipal solid waste,ES6 0,non-sequestered HVC,62718.6898
Link,municipal solid waste,EU,co2,-13642562.39136
Link,municipal solid waste,FI1 0,municipal solid waste,-1057066.36114
Link,municipal solid waste,FI1 0,non-sequestered HVC,1057066.36114
Link,municipal solid waste,FR0 0,municipal solid waste,-2673894.71688
Link,municipal solid waste,FR0 0,non-sequestered HVC,2673894.71688
Link,municipal solid waste,FR0 1,municipal solid waste,-1607792.12804
Link,municipal solid waste,FR0 1,non-sequestered HVC,1607792.12804
Link,municipal solid waste,FR0 2,municipal solid waste,-1099645.49024
Link,municipal solid waste,FR0 2,non-sequestered HVC,1099645.49024
Link,municipal solid waste,FR0 3,municipal solid waste,-1122046.80177
Link,municipal solid waste,FR0 3,non-sequestered HVC,1122046.80177
Link,municipal solid waste,FR0 4,municipal solid waste,-770695.89075
Link,municipal solid waste,FR0 4,non-sequestered HVC,770695.89075
Link,municipal solid waste,FR5 0,municipal solid waste,-36656.34621
Link,municipal solid waste,FR5 0,non-sequestered HVC,36656.34621
Link,municipal solid waste,GB2 0,municipal solid waste,-545466.37539
Link,municipal solid waste,GB2 0,non-sequestered HVC,545466.37539
Link,municipal solid waste,GB2 1,municipal solid waste,-714293.543
Link,municipal solid waste,GB2 1,non-sequestered HVC,714293.543
Link,municipal solid waste,GB3 0,municipal solid waste,-42820.81848
Link,municipal solid waste,GB3 0,non-sequestered HVC,42820.81848
Link,municipal solid waste,GR0 0,municipal solid waste,-217409.83914
Link,municipal solid waste,GR0 0,non-sequestered HVC,217409.83914
Link,municipal solid waste,HR0 0,municipal solid waste,-7742.47132
Link,municipal solid waste,HR0 0,non-sequestered HVC,7742.47132
Link,municipal solid waste,HU0 0,municipal solid waste,-827063.87828
Link,municipal solid waste,HU0 0,non-sequestered HVC,827063.87828
Link,municipal solid waste,IE3 0,municipal solid waste,-155395.22728
Link,municipal solid waste,IE3 0,non-sequestered HVC,155395.22728
Link,municipal solid waste,IT0 0,municipal solid waste,-1361907.76807
Link,municipal solid waste,IT0 0,non-sequestered HVC,1361907.76807
Link,municipal solid waste,IT0 1,municipal solid waste,-1505441.36143
Link,municipal solid waste,IT0 1,non-sequestered HVC,1505441.36143
Link,municipal solid waste,IT4 0,municipal solid waste,-79747.69057
Link,municipal solid waste,IT4 0,non-sequestered HVC,79747.69057
Link,municipal solid waste,LT0 0,municipal solid waste,-113081.9051
Link,municipal solid waste,LT0 0,non-sequestered HVC,113081.9051
Link,municipal solid waste,LU0 0,municipal solid waste,-11165.2164
Link,municipal solid waste,LU0 0,non-sequestered HVC,11165.2164
Link,municipal solid waste,LV0 0,municipal solid waste,-63861.89797
Link,municipal solid waste,LV0 0,non-sequestered HVC,63861.89797
Link,municipal solid waste,ME0 0,municipal solid waste,-41.30438
Link,municipal solid waste,ME0 0,non-sequestered HVC,41.30438
Link,municipal solid waste,MK0 0,municipal solid waste,-63564.7975
Link,municipal solid waste,MK0 0,non-sequestered HVC,63564.7975
Link,municipal solid waste,NL0 0,municipal solid waste,-4292757.25675
Link,municipal solid waste,NL0 0,non-sequestered HVC,4292757.25675
Link,municipal solid waste,NO1 0,municipal solid waste,-1694294.4671
Link,municipal solid waste,NO1 0,non-sequestered HVC,1694294.4671
Link,municipal solid waste,PL0 0,municipal solid waste,-2221144.60488
Link,municipal solid waste,PL0 0,non-sequestered HVC,2221144.60488
Link,municipal solid waste,PT0 0,municipal solid waste,-1106989.16247
Link,municipal solid waste,PT0 0,non-sequestered HVC,1106989.16247
Link,municipal solid waste,RO0 0,municipal solid waste,-753791.32163
Link,municipal solid waste,RO0 0,non-sequestered HVC,753791.32163
Link,municipal solid waste,RS0 0,municipal solid waste,-850028.37513
Link,municipal solid waste,RS0 0,non-sequestered HVC,850028.37513
Link,municipal solid waste,SE1 0,municipal solid waste,-2410042.79607
Link,municipal solid waste,SE1 0,non-sequestered HVC,2410042.79607
Link,municipal solid waste,SI0 0,municipal solid waste,-87187.79802
Link,municipal solid waste,SI0 0,non-sequestered HVC,87187.79802
Link,municipal solid waste,SK0 0,municipal solid waste,-358689.30758
Link,municipal solid waste,SK0 0,non-sequestered HVC,358689.30758
Link,municipal solid waste,XK0 0,municipal solid waste,-58.30771
Link,municipal solid waste,XK0 0,non-sequestered HVC,58.30771
Link,naphtha for industry,AL0 0,naphtha for industry,346809.75311
Link,naphtha for industry,AT0 0,naphtha for industry,14852958.91617
Link,naphtha for industry,BA0 0,naphtha for industry,793785.24301
Link,naphtha for industry,BE0 0,naphtha for industry,64181365.41196
Link,naphtha for industry,BG0 0,naphtha for industry,4520000.0
Link,naphtha for industry,CH0 0,naphtha for industry,10340403.3292
Link,naphtha for industry,CZ0 0,naphtha for industry,17479999.99996
Link,naphtha for industry,DE0 0,naphtha for industry,28615599.91138
Link,naphtha for industry,DE0 1,naphtha for industry,2320000.0
Link,naphtha for industry,DE0 2,naphtha for industry,53692070.53795
Link,naphtha for industry,DE0 3,naphtha for industry,9119999.99999
Link,naphtha for industry,DE0 4,naphtha for industry,32210081.56034
Link,naphtha for industry,DE0 5,naphtha for industry,40962032.62416
Link,naphtha for industry,DK0 0,naphtha for industry,4010000.0
Link,naphtha for industry,DK1 0,naphtha for industry,940000.0
Link,naphtha for industry,EE0 0,naphtha for industry,740000.0
Link,naphtha for industry,ES0 0,naphtha for industry,62101582.13098
Link,naphtha for industry,ES6 0,naphtha for industry,310000.0
Link,naphtha for industry,EU,oil,-853719686.91556
Link,naphtha for industry,FI1 0,naphtha for industry,22020293.72913
Link,naphtha for industry,FR0 0,naphtha for industry,33654081.32838
Link,naphtha for industry,FR0 1,naphtha for industry,30569972.55924
Link,naphtha for industry,FR0 2,naphtha for industry,6960000.0
Link,naphtha for industry,FR0 3,naphtha for industry,12389999.99997
Link,naphtha for industry,FR0 4,naphtha for industry,23420000.00004
Link,naphtha for industry,FR5 0,naphtha for industry,80000.0
Link,naphtha for industry,GB2 0,naphtha for industry,36240000.0
Link,naphtha for industry,GB2 1,naphtha for industry,20583351.24117
Link,naphtha for industry,GB3 0,naphtha for industry,1390000.0
Link,naphtha for industry,GR0 0,naphtha for industry,12340000.00003
Link,naphtha for industry,HR0 0,naphtha for industry,2960000.0
Link,naphtha for industry,HU0 0,naphtha for industry,19741596.03219
Link,naphtha for industry,IE3 0,naphtha for industry,3880000.0
Link,naphtha for industry,IT0 0,naphtha for industry,22669852.31342
Link,naphtha for industry,IT0 1,naphtha for industry,32280000.00001
Link,naphtha for industry,IT4 0,naphtha for industry,4040000.0
Link,naphtha for industry,LT0 0,naphtha for industry,470000.0
Link,naphtha for industry,LU0 0,naphtha for industry,370000.0
Link,naphtha for industry,LV0 0,naphtha for industry,590000.0
Link,naphtha for industry,ME0 0,naphtha for industry,199116.28162
Link,naphtha for industry,MK0 0,naphtha for industry,216364.64995
Link,naphtha for industry,NL0 0,naphtha for industry,109025913.73714
Link,naphtha for industry,NO1 0,naphtha for industry,21428467.76559
Link,naphtha for industry,PL0 0,naphtha for industry,28664416.79439
Link,naphtha for industry,PT0 0,naphtha for industry,14670000.00003
Link,naphtha for industry,RO0 0,naphtha for industry,13658825.49018
Link,naphtha for industry,RS0 0,naphtha for industry,1034963.68812
Link,naphtha for industry,SE1 0,naphtha for industry,22392115.06136
Link,naphtha for industry,SI0 0,naphtha for industry,1150000.0
Link,naphtha for industry,SK0 0,naphtha for industry,6870823.2192
Link,naphtha for industry,XK0 0,naphtha for industry,222843.60619
Link,nuclear,BE0 0,AC,12944730.29016
Link,nuclear,BG0 0,AC,12324771.42413
Link,nuclear,CH0 0,AC,18498234.46396
Link,nuclear,CZ0 0,AC,24675834.33789
Link,nuclear,ES0 0,AC,10955274.44882
Link,nuclear,ES6 0,AC,8142017.15371
Link,nuclear,EU,uranium,-1919348057.24934
Link,nuclear,FI1 0,AC,27165457.63265
Link,nuclear,FR0 0,AC,165317721.0394
Link,nuclear,FR0 1,AC,73650202.0734
Link,nuclear,FR0 2,AC,41699055.82349
Link,nuclear,FR0 3,AC,46677636.19168
Link,nuclear,FR0 4,AC,60939950.39993
Link,nuclear,GB2 0,AC,17971755.74343
Link,nuclear,GB2 1,AC,22069189.41152
Link,nuclear,HU0 0,AC,11714976.77444
Link,nuclear,RO0 0,AC,8012742.73963
Link,nuclear,SE1 0,AC,42600381.0267
Link,nuclear,SI0 0,AC,4315746.6081
Link,nuclear,SK0 0,AC,16031789.08022
Link,oil,,co2,15.40069
Link,oil,AL0 0,AC,7.31744
Link,oil,AT0 0,AC,7.49543
Link,oil,BA0 0,AC,7.48064
Link,oil,BE0 0,AC,7.30777
Link,oil,BG0 0,AC,7.413
Link,oil,CH0 0,AC,7.30707
Link,oil,CZ0 0,AC,7.64501
Link,oil,DE0 0,AC,7.3174
Link,oil,DE0 1,AC,7.53512
Link,oil,DE0 2,AC,7.25543
Link,oil,DE0 3,AC,7.60191
Link,oil,DE0 4,AC,7.59853
Link,oil,DE0 5,AC,7.4321
Link,oil,DK0 0,AC,6.93287
Link,oil,DK1 0,AC,6.75864
Link,oil,EE0 0,AC,6.89665
Link,oil,ES0 0,AC,7.19381
Link,oil,ES6 0,AC,6.18882
Link,oil,EU,co2,252.40567
Link,oil,EU,oil,-1041.64279
Link,oil,FI1 0,AC,6.72474
Link,oil,FR0 0,AC,7.07004
Link,oil,FR0 1,AC,7.13371
Link,oil,FR0 2,AC,7.12644
Link,oil,FR0 3,AC,7.022
Link,oil,FR0 4,AC,7.11378
Link,oil,FR5 0,AC,7.42204
Link,oil,GB2 0,AC,6.94236
Link,oil,GB2 1,AC,6.99487
Link,oil,GB3 0,AC,7.02832
Link,oil,GR0 0,AC,7.242
Link,oil,HR0 0,AC,7.50634
Link,oil,HU0 0,AC,7.55143
Link,oil,IE3 0,AC,7.0294
Link,oil,IT0 0,AC,7.39814
Link,oil,IT0 1,AC,7.52932
Link,oil,IT4 0,AC,7.33157
Link,oil,LT0 0,AC,7.00159
Link,oil,LU0 0,AC,10.47483
Link,oil,LV0 0,AC,6.96541
Link,oil,ME0 0,AC,7.42195
Link,oil,MK0 0,AC,7.36706
Link,oil,NL0 0,AC,7.14703
Link,oil,NO1 0,AC,6.51842
Link,oil,PL0 0,AC,7.53298
Link,oil,PT0 0,AC,7.20622
Link,oil,RO0 0,AC,7.46064
Link,oil,RS0 0,AC,7.46923
Link,oil,SE1 0,AC,6.65334
Link,oil,SI0 0,AC,7.52637
Link,oil,SK0 0,AC,7.58053
Link,oil,XK0 0,AC,7.40525
Link,oil refining,EU,co2,68590306.02813
Link,oil refining,EU,oil,5009392843.69071
Link,oil refining,EU,oil primary,-5276177386.77953
Link,rural air heat pump,AL0 0,low voltage,-23.62329
Link,rural air heat pump,AL0 0,rural heat,61.02288
Link,rural air heat pump,AT0 0,low voltage,-42.64221
Link,rural air heat pump,AT0 0,rural heat,96.86199
Link,rural air heat pump,BA0 0,low voltage,-13.27004
Link,rural air heat pump,BA0 0,rural heat,31.24438
Link,rural air heat pump,BE0 0,low voltage,-61.25424
Link,rural air heat pump,BE0 0,rural heat,158.56285
Link,rural air heat pump,BG0 0,low voltage,-33.61772
Link,rural air heat pump,BG0 0,rural heat,84.10311
Link,rural air heat pump,CH0 0,low voltage,-18.97828
Link,rural air heat pump,CH0 0,rural heat,41.53402
Link,rural air heat pump,CZ0 0,low voltage,-25.83171
Link,rural air heat pump,CZ0 0,rural heat,60.67214
Link,rural air heat pump,DE0 0,low voltage,-26.57699
Link,rural air heat pump,DE0 0,rural heat,64.83806
Link,rural air heat pump,DE0 1,low voltage,-20.70034
Link,rural air heat pump,DE0 1,rural heat,48.5967
Link,rural air heat pump,DE0 2,low voltage,-46.70976
Link,rural air heat pump,DE0 2,rural heat,116.09666
Link,rural air heat pump,DE0 3,low voltage,-39.7364
Link,rural air heat pump,DE0 3,rural heat,92.83357
Link,rural air heat pump,DE0 4,low voltage,-49.28167
Link,rural air heat pump,DE0 4,rural heat,121.08099
Link,rural air heat pump,DE0 5,low voltage,-17.22639
Link,rural air heat pump,DE0 5,rural heat,41.24847
Link,rural air heat pump,DK0 0,low voltage,-71.77076
Link,rural air heat pump,DK0 0,rural heat,178.57635
Link,rural air heat pump,DK1 0,low voltage,-79.17511
Link,rural air heat pump,DK1 0,rural heat,199.23047
Link,rural air heat pump,EE0 0,low voltage,-11.49156
Link,rural air heat pump,EE0 0,rural heat,24.55326
Link,rural air heat pump,ES0 0,low voltage,-71.55167
Link,rural air heat pump,ES0 0,rural heat,199.81734
Link,rural air heat pump,ES6 0,low voltage,-121.00328
Link,rural air heat pump,ES6 0,rural heat,381.70503
Link,rural air heat pump,FI1 0,low voltage,-16.08141
Link,rural air heat pump,FI1 0,rural heat,31.34654
Link,rural air heat pump,FR0 0,low voltage,-46.10848
Link,rural air heat pump,FR0 0,rural heat,118.50274
Link,rural air heat pump,FR0 1,low voltage,-53.33449
Link,rural air heat pump,FR0 1,rural heat,133.88815
Link,rural air heat pump,FR0 2,low voltage,-32.48007
Link,rural air heat pump,FR0 2,rural heat,82.34472
Link,rural air heat pump,FR0 3,low voltage,-43.09745
Link,rural air heat pump,FR0 3,rural heat,111.92487
Link,rural air heat pump,FR0 4,low voltage,-33.83934
Link,rural air heat pump,FR0 4,rural heat,81.70218
Link,rural air heat pump,FR5 0,low voltage,-66.69681
Link,rural air heat pump,FR5 0,rural heat,178.93771
Link,rural air heat pump,GB2 0,low voltage,-54.66605
Link,rural air heat pump,GB2 0,rural heat,134.3804
Link,rural air heat pump,GB2 1,low voltage,-27.63505
Link,rural air heat pump,GB2 1,rural heat,69.9113
Link,rural air heat pump,GB3 0,low voltage,-52.40071
Link,rural air heat pump,GB3 0,rural heat,131.45007
Link,rural air heat pump,GR0 0,low voltage,-58.2661
Link,rural air heat pump,GR0 0,rural heat,162.90573
Link,rural air heat pump,HR0 0,low voltage,-33.45144
Link,rural air heat pump,HR0 0,rural heat,83.69025
Link,rural air heat pump,HU0 0,low voltage,-23.75746
Link,rural air heat pump,HU0 0,rural heat,57.90056
Link,rural air heat pump,IE3 0,low voltage,-54.582
Link,rural air heat pump,IE3 0,rural heat,138.05261
Link,rural air heat pump,IT0 0,low voltage,-52.80553
Link,rural air heat pump,IT0 0,rural heat,142.95566
Link,rural air heat pump,IT0 1,low voltage,-55.2993
Link,rural air heat pump,IT0 1,rural heat,137.69746
Link,rural air heat pump,IT4 0,low voltage,-21.15644
Link,rural air heat pump,IT4 0,rural heat,58.067
Link,rural air heat pump,LT0 0,low voltage,-3.80652
Link,rural air heat pump,LT0 0,rural heat,8.42055
Link,rural air heat pump,LU0 0,low voltage,-22.64402
Link,rural air heat pump,LU0 0,rural heat,54.19623
Link,rural air heat pump,LV0 0,low voltage,-7.2651
Link,rural air heat pump,LV0 0,rural heat,16.13872
Link,rural air heat pump,ME0 0,low voltage,-23.46248
Link,rural air heat pump,ME0 0,rural heat,55.90149
Link,rural air heat pump,MK0 0,low voltage,-10.16905
Link,rural air heat pump,MK0 0,rural heat,23.91859
Link,rural air heat pump,NL0 0,low voltage,-90.7824
Link,rural air heat pump,NL0 0,rural heat,243.18565
Link,rural air heat pump,NO1 0,low voltage,-25.13416
Link,rural air heat pump,NO1 0,rural heat,49.85936
Link,rural air heat pump,PL0 0,low voltage,-22.8781
Link,rural air heat pump,PL0 0,rural heat,54.67485
Link,rural air heat pump,PT0 0,low voltage,-44.39303
Link,rural air heat pump,PT0 0,rural heat,123.57647
Link,rural air heat pump,RO0 0,low voltage,-26.04908
Link,rural air heat pump,RO0 0,rural heat,61.61688
Link,rural air heat pump,RS0 0,low voltage,-11.84193
Link,rural air heat pump,RS0 0,rural heat,27.97807
Link,rural air heat pump,SE1 0,low voltage,-25.09973
Link,rural air heat pump,SE1 0,rural heat,50.72675
Link,rural air heat pump,SI0 0,low voltage,-27.1618
Link,rural air heat pump,SI0 0,rural heat,64.26821
Link,rural air heat pump,SK0 0,low voltage,-32.20391
Link,rural air heat pump,SK0 0,rural heat,74.27932
Link,rural air heat pump,XK0 0,low voltage,-84.69069
Link,rural air heat pump,XK0 0,rural heat,229.19453
Link,rural biomass boiler,AL0 0,rural heat,567.76173
Link,rural biomass boiler,AL0 0,solid biomass,-660.18806
Link,rural biomass boiler,AT0 0,rural heat,7232033.70465
Link,rural biomass boiler,AT0 0,solid biomass,-8409341.51704
Link,rural biomass boiler,BA0 0,rural heat,1791.90467
Link,rural biomass boiler,BA0 0,solid biomass,-2083.61008
Link,rural biomass boiler,BE0 0,rural heat,637637.40869
Link,rural biomass boiler,BE0 0,solid biomass,-741438.84731
Link,rural biomass boiler,BG0 0,rural heat,2039133.88176
Link,rural biomass boiler,BG0 0,solid biomass,-2371085.90902
Link,rural biomass boiler,CH0 0,rural heat,6664.15416
Link,rural biomass boiler,CH0 0,solid biomass,-7749.01647
Link,rural biomass boiler,CZ0 0,rural heat,6457871.16005
Link,rural biomass boiler,CZ0 0,solid biomass,-7509152.51169
Link,rural biomass boiler,DE0 0,rural heat,2825131.5904
Link,rural biomass boiler,DE0 0,solid biomass,-3285036.73303
Link,rural biomass boiler,DE0 1,rural heat,2965603.37971
Link,rural biomass boiler,DE0 1,solid biomass,-3448376.02292
Link,rural biomass boiler,DE0 2,rural heat,1460669.38062
Link,rural biomass boiler,DE0 2,solid biomass,-1698452.76816
Link,rural biomass boiler,DE0 3,rural heat,2624284.30554
Link,rural biomass boiler,DE0 3,solid biomass,-3051493.37854
Link,rural biomass boiler,DE0 4,rural heat,1243716.54285
Link,rural biomass boiler,DE0 4,solid biomass,-1446182.02658
Link,rural biomass boiler,DE0 5,rural heat,3900970.94687
Link,rural biomass boiler,DE0 5,solid biomass,-4536012.72891
Link,rural biomass boiler,DK0 0,rural heat,1023973.19762
Link,rural biomass boiler,DK0 0,solid biomass,-1190666.50887
Link,rural biomass boiler,DK1 0,rural heat,444178.48494
Link,rural biomass boiler,DK1 0,solid biomass,-516486.61039
Link,rural biomass boiler,EE0 0,rural heat,1979551.43455
Link,rural biomass boiler,EE0 0,solid biomass,-2301803.99366
Link,rural biomass boiler,ES0 0,rural heat,4599767.88964
Link,rural biomass boiler,ES0 0,solid biomass,-5348567.31354
Link,rural biomass boiler,ES6 0,rural heat,53608.36176
Link,rural biomass boiler,ES6 0,solid biomass,-62335.30437
Link,rural biomass boiler,FI1 0,rural heat,4250504.98841
Link,rural biomass boiler,FI1 0,solid biomass,-4942447.66094
Link,rural biomass boiler,FR0 0,rural heat,3336762.98606
Link,rural biomass boiler,FR0 0,solid biomass,-3879956.96054
Link,rural biomass boiler,FR0 1,rural heat,2943147.62685
Link,rural biomass boiler,FR0 1,solid biomass,-3422264.68239
Link,rural biomass boiler,FR0 2,rural heat,5443544.27145
Link,rural biomass boiler,FR0 2,solid biomass,-6329702.64122
Link,rural biomass boiler,FR0 3,rural heat,2126752.1606
Link,rural biomass boiler,FR0 3,solid biomass,-2472967.62861
Link,rural biomass boiler,FR0 4,rural heat,3372006.82357
Link,rural biomass boiler,FR0 4,solid biomass,-3920938.16694
Link,rural biomass boiler,FR5 0,rural heat,325268.49475
Link,rural biomass boiler,FR5 0,solid biomass,-378219.17995
Link,rural biomass boiler,GB2 0,rural heat,341121.04703
Link,rural biomass boiler,GB2 0,solid biomass,-396652.38027
Link,rural biomass boiler,GB2 1,rural heat,275876.03278
Link,rural biomass boiler,GB2 1,solid biomass,-320786.08463
Link,rural biomass boiler,GB3 0,rural heat,75894.44108
Link,rural biomass boiler,GB3 0,solid biomass,-88249.35009
Link,rural biomass boiler,GR0 0,rural heat,2274322.68356
Link,rural biomass boiler,GR0 0,solid biomass,-2644561.25995
Link,rural biomass boiler,HR0 0,rural heat,1828224.28843
Link,rural biomass boiler,HR0 0,solid biomass,-2125842.19585
Link,rural biomass boiler,HU0 0,rural heat,3191993.69213
Link,rural biomass boiler,HU0 0,solid biomass,-3711620.57225
Link,rural biomass boiler,IE3 0,rural heat,181714.80031
Link,rural biomass boiler,IE3 0,solid biomass,-211296.27943
Link,rural biomass boiler,IT0 0,rural heat,15403191.55607
Link,rural biomass boiler,IT0 0,solid biomass,-17910687.8559
Link,rural biomass boiler,IT0 1,rural heat,12154894.9554
Link,rural biomass boiler,IT0 1,solid biomass,-14133598.78535
Link,rural biomass boiler,IT4 0,rural heat,1831366.11328
Link,rural biomass boiler,IT4 0,solid biomass,-2129495.48055
Link,rural biomass boiler,LT0 0,rural heat,4412614.89992
Link,rural biomass boiler,LT0 0,solid biomass,-5130947.55805
Link,rural biomass boiler,LU0 0,rural heat,41174.41973
Link,rural biomass boiler,LU0 0,solid biomass,-47877.23225
Link,rural biomass boiler,LV0 0,rural heat,3746850.2686
Link,rural biomass boiler,LV0 0,solid biomass,-4356802.6379
Link,rural biomass boiler,ME0 0,rural heat,24192.94962
Link,rural biomass boiler,ME0 0,solid biomass,-28131.33677
Link,rural biomass boiler,MK0 0,rural heat,349.03916
Link,rural biomass boiler,MK0 0,solid biomass,-405.85949
Link,rural biomass boiler,NL0 0,rural heat,527235.10807
Link,rural biomass boiler,NL0 0,solid biomass,-613064.07915
Link,rural biomass boiler,NO1 0,rural heat,3796073.32021
Link,rural biomass boiler,NO1 0,solid biomass,-4414038.74443
Link,rural biomass boiler,PL0 0,rural heat,27932132.70553
Link,rural biomass boiler,PL0 0,solid biomass,-32479224.07619
Link,rural biomass boiler,PT0 0,rural heat,2377308.00484
Link,rural biomass boiler,PT0 0,solid biomass,-2764311.63353
Link,rural biomass boiler,RO0 0,rural heat,14690473.31508
Link,rural biomass boiler,RO0 0,solid biomass,-17081945.71521
Link,rural biomass boiler,RS0 0,rural heat,420.97363
Link,rural biomass boiler,RS0 0,solid biomass,-489.50422
Link,rural biomass boiler,SE1 0,rural heat,904336.76575
Link,rural biomass boiler,SE1 0,solid biomass,-1051554.37878
Link,rural biomass boiler,SI0 0,rural heat,2720280.02923
Link,rural biomass boiler,SI0 0,solid biomass,-3163116.31306
Link,rural biomass boiler,SK0 0,rural heat,248836.73949
Link,rural biomass boiler,SK0 0,solid biomass,-289345.04592
Link,rural biomass boiler,XK0 0,rural heat,858.751
Link,rural biomass boiler,XK0 0,solid biomass,-998.54767
Link,rural gas boiler,,co2,6511811.49328
Link,rural gas boiler,AL0 0,gas,-1149146.49121
Link,rural gas boiler,AL0 0,rural heat,1126163.56138
Link,rural gas boiler,AT0 0,gas,-6188318.21561
Link,rural gas boiler,AT0 0,rural heat,6064551.8513
Link,rural gas boiler,BA0 0,gas,-4942458.13953
Link,rural gas boiler,BA0 0,rural heat,4843608.97674
Link,rural gas boiler,BE0 0,gas,-4619172.30238
Link,rural gas boiler,BE0 0,rural heat,4526788.85633
Link,rural gas boiler,BG0 0,gas,-57716.31955
Link,rural gas boiler,BG0 0,rural heat,56561.99315
Link,rural gas boiler,CH0 0,gas,-257887.87497
Link,rural gas boiler,CH0 0,rural heat,252730.11747
Link,rural gas boiler,CZ0 0,gas,-8157694.48454
Link,rural gas boiler,CZ0 0,rural heat,7994540.59485
Link,rural gas boiler,DE0 0,gas,-10300546.00306
Link,rural gas boiler,DE0 0,rural heat,10094535.083
Link,rural gas boiler,DE0 1,gas,-11092594.02016
Link,rural gas boiler,DE0 1,rural heat,10870742.13976
Link,rural gas boiler,DE0 2,gas,-5223953.43723
Link,rural gas boiler,DE0 2,rural heat,5119474.36849
Link,rural gas boiler,DE0 3,gas,-9763384.8977
Link,rural gas boiler,DE0 3,rural heat,9568117.19974
Link,rural gas boiler,DE0 4,gas,-4612757.76322
Link,rural gas boiler,DE0 4,rural heat,4520502.60795
Link,rural gas boiler,DE0 5,gas,-14490436.84413
Link,rural gas boiler,DE0 5,rural heat,14200628.10725
Link,rural gas boiler,DK0 0,gas,-677783.23555
Link,rural gas boiler,DK0 0,rural heat,664227.57084
Link,rural gas boiler,DK1 0,gas,-258525.69672
Link,rural gas boiler,DK1 0,rural heat,253355.18278
Link,rural gas boiler,EE0 0,gas,-149226.13784
Link,rural gas boiler,EE0 0,rural heat,146241.61508
Link,rural gas boiler,ES0 0,gas,-12075643.0991
Link,rural gas boiler,ES0 0,rural heat,11834130.23712
Link,rural gas boiler,ES6 0,gas,-67339.07515
Link,rural gas boiler,ES6 0,rural heat,65992.29365
Link,rural gas boiler,EU,co2,49403888.01864
Link,rural gas boiler,FI1 0,gas,-1984183.2985
Link,rural gas boiler,FI1 0,rural heat,1944499.63253
Link,rural gas boiler,FR0 0,gas,-4447087.92661
Link,rural gas boiler,FR0 0,rural heat,4358146.16808
Link,rural gas boiler,FR0 1,gas,-3991238.65003
Link,rural gas boiler,FR0 1,rural heat,3911413.87703
Link,rural gas boiler,FR0 2,gas,-7737707.00606
Link,rural gas boiler,FR0 2,rural heat,7582952.86594
Link,rural gas boiler,FR0 3,gas,-2799573.738
Link,rural gas boiler,FR0 3,rural heat,2743582.26324
Link,rural gas boiler,FR0 4,gas,-4766421.13221
Link,rural gas boiler,FR0 4,rural heat,4671092.70957
Link,rural gas boiler,FR5 0,gas,-468648.99664
Link,rural gas boiler,FR5 0,rural heat,459276.01671
Link,rural gas boiler,GB2 0,gas,-15243453.46195
Link,rural gas boiler,GB2 0,rural heat,14938584.39271
Link,rural gas boiler,GB2 1,gas,-14054405.79075
Link,rural gas boiler,GB2 1,rural heat,13773317.67493
Link,rural gas boiler,GB3 0,gas,-3590077.58204
Link,rural gas boiler,GB3 0,rural heat,3518276.03039
Link,rural gas boiler,GR0 0,gas,-557377.94661
Link,rural gas boiler,GR0 0,rural heat,546230.38768
Link,rural gas boiler,HR0 0,gas,-4261660.10272
Link,rural gas boiler,HR0 0,rural heat,4176426.90067
Link,rural gas boiler,HU0 0,gas,-13950016.94257
Link,rural gas boiler,HU0 0,rural heat,13671016.60372
Link,rural gas boiler,IE3 0,gas,-3581864.86767
Link,rural gas boiler,IE3 0,rural heat,3510227.57032
Link,rural gas boiler,IT0 0,gas,-29385639.2835
Link,rural gas boiler,IT0 0,rural heat,28797926.49783
Link,rural gas boiler,IT0 1,gas,-22950176.69545
Link,rural gas boiler,IT0 1,rural heat,22491173.16154
Link,rural gas boiler,IT4 0,gas,-3570423.69854
Link,rural gas boiler,IT4 0,rural heat,3499015.22457
Link,rural gas boiler,LT0 0,gas,-48.64796
Link,rural gas boiler,LT0 0,rural heat,47.675
Link,rural gas boiler,LU0 0,gas,-281157.22354
Link,rural gas boiler,LU0 0,rural heat,275534.07907
Link,rural gas boiler,LV0 0,gas,-1292206.07067
Link,rural gas boiler,LV0 0,rural heat,1266361.94925
Link,rural gas boiler,ME0 0,gas,-436384.22667
Link,rural gas boiler,ME0 0,rural heat,427656.54213
Link,rural gas boiler,MK0 0,gas,-1429682.31573
Link,rural gas boiler,MK0 0,rural heat,1401088.66942
Link,rural gas boiler,NL0 0,gas,-4723797.91153
Link,rural gas boiler,NL0 0,rural heat,4629321.9533
Link,rural gas boiler,NO1 0,gas,-121298.77198
Link,rural gas boiler,NO1 0,rural heat,118872.79654
Link,rural gas boiler,PL0 0,gas,-11981822.28035
Link,rural gas boiler,PL0 0,rural heat,11742185.83475
Link,rural gas boiler,PT0 0,gas,-1559412.71234
Link,rural gas boiler,PT0 0,rural heat,1528224.45809
Link,rural gas boiler,RO0 0,gas,-11342385.16552
Link,rural gas boiler,RO0 0,rural heat,11115537.46221
Link,rural gas boiler,RS0 0,gas,-8844360.3304
Link,rural gas boiler,RS0 0,rural heat,8667473.12379
Link,rural gas boiler,SE1 0,gas,-103219.18553
Link,rural gas boiler,SE1 0,rural heat,101154.80182
Link,rural gas boiler,SI0 0,gas,-355408.40645
Link,rural gas boiler,SI0 0,rural heat,348300.23832
Link,rural gas boiler,SK0 0,gas,-8506695.92731
Link,rural gas boiler,SK0 0,rural heat,8336562.00876
Link,rural gas boiler,XK0 0,gas,-102.454
Link,rural gas boiler,XK0 0,rural heat,100.40492
Link,rural ground heat pump,AL0 0,low voltage,-63.19935
Link,rural ground heat pump,AL0 0,rural heat,235.3754
Link,rural ground heat pump,AT0 0,low voltage,-1817741.50956
Link,rural ground heat pump,AT0 0,rural heat,6044075.84394
Link,rural ground heat pump,BA0 0,low voltage,-33.98604
Link,rural ground heat pump,BA0 0,rural heat,120.38612
Link,rural ground heat pump,BE0 0,low voltage,-373090.77789
Link,rural ground heat pump,BE0 0,rural heat,1344425.68263
Link,rural ground heat pump,BG0 0,low voltage,-416165.34141
Link,rural ground heat pump,BG0 0,rural heat,1543859.52308
Link,rural ground heat pump,CH0 0,low voltage,-3071369.53534
Link,rural ground heat pump,CH0 0,rural heat,9891574.74763
Link,rural ground heat pump,CZ0 0,low voltage,-1543382.0821
Link,rural ground heat pump,CZ0 0,rural heat,5338784.37209
Link,rural ground heat pump,DE0 0,low voltage,-1042445.15594
Link,rural ground heat pump,DE0 0,rural heat,3632709.2333
Link,rural ground heat pump,DE0 1,low voltage,-524900.69213
Link,rural ground heat pump,DE0 1,rural heat,1808130.05926
Link,rural ground heat pump,DE0 2,low voltage,-1684987.69673
Link,rural ground heat pump,DE0 2,rural heat,5955574.46009
Link,rural ground heat pump,DE0 3,low voltage,-754336.04786
Link,rural ground heat pump,DE0 3,rural heat,2588707.43059
Link,rural ground heat pump,DE0 4,low voltage,-1572952.91342
Link,rural ground heat pump,DE0 4,rural heat,5536834.65224
Link,rural ground heat pump,DE0 5,low voltage,-987467.60138
Link,rural ground heat pump,DE0 5,rural heat,3448519.77987
Link,rural ground heat pump,DK0 0,low voltage,-928856.75458
Link,rural ground heat pump,DK0 0,rural heat,3153881.88706
Link,rural ground heat pump,DK1 0,low voltage,-524774.91478
Link,rural ground heat pump,DK1 0,rural heat,1797932.50816
Link,rural ground heat pump,EE0 0,low voltage,-295896.33439
Link,rural ground heat pump,EE0 0,rural heat,934601.00086
Link,rural ground heat pump,ES0 0,low voltage,-3635495.99968
Link,rural ground heat pump,ES0 0,rural heat,14240505.18483
Link,rural ground heat pump,ES6 0,low voltage,-2024.98599
Link,rural ground heat pump,ES6 0,rural heat,8821.31143
Link,rural ground heat pump,FI1 0,low voltage,-2463887.5892
Link,rural ground heat pump,FI1 0,rural heat,7475085.21429
Link,rural ground heat pump,FR0 0,low voltage,-3109609.58773
Link,rural ground heat pump,FR0 0,rural heat,11339809.69614
Link,rural ground heat pump,FR0 1,low voltage,-2289999.54266
Link,rural ground heat pump,FR0 1,rural heat,8151382.11645
Link,rural ground heat pump,FR0 2,low voltage,-2905645.62555
Link,rural ground heat pump,FR0 2,rural heat,10667057.94227
Link,rural ground heat pump,FR0 3,low voltage,-1551457.00111
Link,rural ground heat pump,FR0 3,rural heat,5714292.63476
Link,rural ground heat pump,FR0 4,low voltage,-1947795.65906
Link,rural ground heat pump,FR0 4,rural heat,6899266.86491
Link,rural ground heat pump,FR5 0,low voltage,-150717.92027
Link,rural ground heat pump,FR5 0,rural heat,575133.69252
Link,rural ground heat pump,GB2 0,low voltage,-119360.6445
Link,rural ground heat pump,GB2 0,rural heat,403017.54463
Link,rural ground heat pump,GB2 1,low voltage,-221571.28839
Link,rural ground heat pump,GB2 1,rural heat,788079.3061
Link,rural ground heat pump,GB3 0,low voltage,-9310.93134
Link,rural ground heat pump,GB3 0,rural heat,32010.36531
Link,rural ground heat pump,GR0 0,low voltage,-400846.76548
Link,rural ground heat pump,GR0 0,rural heat,1600723.06488
Link,rural ground heat pump,HR0 0,low voltage,-275.65535
Link,rural ground heat pump,HR0 0,rural heat,1016.67769
Link,rural ground heat pump,HU0 0,low voltage,-77819.08314
Link,rural ground heat pump,HU0 0,rural heat,284491.56915
Link,rural ground heat pump,IE3 0,low voltage,-92736.47822
Link,rural ground heat pump,IE3 0,rural heat,322451.76688
Link,rural ground heat pump,IT0 0,low voltage,-859685.39672
Link,rural ground heat pump,IT0 0,rural heat,3380690.35592
Link,rural ground heat pump,IT0 1,low voltage,-1002647.19166
Link,rural ground heat pump,IT0 1,rural heat,3584164.0089
Link,rural ground heat pump,IT4 0,low voltage,-26118.69562
Link,rural ground heat pump,IT4 0,rural heat,104630.70056
Link,rural ground heat pump,LT0 0,low voltage,-76475.88526
Link,rural ground heat pump,LT0 0,rural heat,250525.61751
Link,rural ground heat pump,LU0 0,low voltage,-4550.53734
Link,rural ground heat pump,LU0 0,rural heat,15885.4172
Link,rural ground heat pump,LV0 0,low voltage,-14.51599
Link,rural ground heat pump,LV0 0,rural heat,47.08199
Link,rural ground heat pump,ME0 0,low voltage,-63.79701
Link,rural ground heat pump,ME0 0,rural heat,220.98749
Link,rural ground heat pump,MK0 0,low voltage,-25.29129
Link,rural ground heat pump,MK0 0,rural heat,89.62438
Link,rural ground heat pump,NL0 0,low voltage,-8883913.06251
Link,rural ground heat pump,NL0 0,rural heat,32353441.42081
Link,rural ground heat pump,NO1 0,low voltage,-1886176.75253
Link,rural ground heat pump,NO1 0,rural heat,5617639.57707
Link,rural ground heat pump,PL0 0,low voltage,-169813.91566
Link,rural ground heat pump,PL0 0,rural heat,586946.19613
Link,rural ground heat pump,PT0 0,low voltage,-1673409.74393
Link,rural ground heat pump,PT0 0,rural heat,6676238.42335
Link,rural ground heat pump,RO0 0,low voltage,-246.63587
Link,rural ground heat pump,RO0 0,rural heat,876.28095
Link,rural ground heat pump,RS0 0,low voltage,-35.48627
Link,rural ground heat pump,RS0 0,rural heat,128.04126
Link,rural ground heat pump,SE1 0,low voltage,-4413061.72023
Link,rural ground heat pump,SE1 0,rural heat,13331292.68295
Link,rural ground heat pump,SI0 0,low voltage,-125010.92202
Link,rural ground heat pump,SI0 0,rural heat,434784.29884
Link,rural ground heat pump,SK0 0,low voltage,-39983.48555
Link,rural ground heat pump,SK0 0,rural heat,137032.01127
Link,rural ground heat pump,XK0 0,low voltage,-63730.79258
Link,rural ground heat pump,XK0 0,rural heat,232491.70653
Link,rural oil boiler,,co2,541063.29804
Link,rural oil boiler,AT0 0,rural heat,9687959.41336
Link,rural oil boiler,BE0 0,rural heat,3177343.95856
Link,rural oil boiler,BG0 0,rural heat,1389092.69191
Link,rural oil boiler,CZ0 0,rural heat,923961.8492
Link,rural oil boiler,DE0 0,rural heat,9737658.44133
Link,rural oil boiler,DE0 1,rural heat,10204573.07899
Link,rural oil boiler,DE0 2,rural heat,5065928.29903
Link,rural oil boiler,DE0 3,rural heat,9089858.28393
Link,rural oil boiler,DE0 4,rural heat,4260414.76963
Link,rural oil boiler,DE0 5,rural heat,13457262.27753
Link,rural oil boiler,DK0 0,rural heat,590292.16865
Link,rural oil boiler,DK1 0,rural heat,258843.9541
Link,rural oil boiler,EE0 0,rural heat,102735.5948
Link,rural oil boiler,ES0 0,rural heat,4578495.41703
Link,rural oil boiler,ES6 0,rural heat,54282.22284
Link,rural oil boiler,EU,co2,44344767.42586
Link,rural oil boiler,EU,oil,-174585105.88837
Link,rural oil boiler,FI1 0,rural heat,1544761.49247
Link,rural oil boiler,FR0 0,rural heat,2915249.04467
Link,rural oil boiler,FR0 1,rural heat,2576892.44536
Link,rural oil boiler,FR0 2,rural heat,4783233.12043
Link,rural oil boiler,FR0 3,rural heat,1858250.21498
Link,rural oil boiler,FR0 4,rural heat,2947417.24068
Link,rural oil boiler,FR5 0,rural heat,288224.21994
Link,rural oil boiler,GB2 0,rural heat,931372.73297
Link,rural oil boiler,GB2 1,rural heat,754799.90688
Link,rural oil boiler,GB3 0,rural heat,207864.57615
Link,rural oil boiler,GR0 0,rural heat,4806396.23814
Link,rural oil boiler,HR0 0,rural heat,1394231.06651
Link,rural oil boiler,HU0 0,rural heat,814056.35788
Link,rural oil boiler,IE3 0,rural heat,5018985.89169
Link,rural oil boiler,IT0 0,rural heat,1304886.87149
Link,rural oil boiler,IT0 1,rural heat,1021948.9242
Link,rural oil boiler,IT4 0,rural heat,155647.78521
Link,rural oil boiler,LU0 0,rural heat,258830.46929
Link,rural oil boiler,LV0 0,rural heat,308984.24313
Link,rural oil boiler,NL0 0,rural heat,25293.72575
Link,rural oil boiler,PL0 0,rural heat,49151543.4087
Link,rural oil boiler,PT0 0,rural heat,66976.65294
Link,rural oil boiler,RO0 0,rural heat,228598.89725
Link,rural oil boiler,SE1 0,rural heat,75891.98961
Link,rural oil boiler,SI0 0,rural heat,910946.69426
Link,rural oil boiler,SK0 0,rural heat,196608.66806
Link,rural resistive heater,AL0 0,low voltage,-275117.82717
Link,rural resistive heater,AL0 0,rural heat,247606.04445
Link,rural resistive heater,AT0 0,low voltage,-243293.00101
Link,rural resistive heater,AT0 0,rural heat,218963.70091
Link,rural resistive heater,BA0 0,low voltage,-738239.91147
Link,rural resistive heater,BA0 0,rural heat,664415.92032
Link,rural resistive heater,BE0 0,low voltage,-305035.13648
Link,rural resistive heater,BE0 0,rural heat,274531.62283
Link,rural resistive heater,BG0 0,low voltage,-24128.04803
Link,rural resistive heater,BG0 0,rural heat,21715.24323
Link,rural resistive heater,CH0 0,low voltage,-42580.18686
Link,rural resistive heater,CH0 0,rural heat,38322.16818
Link,rural resistive heater,CZ0 0,low voltage,-385632.06973
Link,rural resistive heater,CZ0 0,rural heat,347068.86276
Link,rural resistive heater,DE0 0,low voltage,-671666.02104
Link,rural resistive heater,DE0 0,rural heat,604499.41893
Link,rural resistive heater,DE0 1,low voltage,-267388.82622
Link,rural resistive heater,DE0 1,rural heat,240649.9436
Link,rural resistive heater,DE0 2,low voltage,-472164.30319
Link,rural resistive heater,DE0 2,rural heat,424947.87287
Link,rural resistive heater,DE0 3,low voltage,-278798.28011
Link,rural resistive heater,DE0 3,rural heat,250918.45209
Link,rural resistive heater,DE0 4,low voltage,-141191.57722
Link,rural resistive heater,DE0 4,rural heat,127072.4195
Link,rural resistive heater,DE0 5,low voltage,-536237.3439
Link,rural resistive heater,DE0 5,rural heat,482613.60951
Link,rural resistive heater,DK0 0,low voltage,-216561.01539
Link,rural resistive heater,DK0 0,rural heat,194904.91386
Link,rural resistive heater,DK1 0,low voltage,-144302.97262
Link,rural resistive heater,DK1 0,rural heat,129872.67536
Link,rural resistive heater,EE0 0,low voltage,-253213.67269
Link,rural resistive heater,EE0 0,rural heat,227892.30542
Link,rural resistive heater,ES0 0,low voltage,-1731657.55777
Link,rural resistive heater,ES0 0,rural heat,1558491.80199
Link,rural resistive heater,ES6 0,low voltage,-283608.44891
Link,rural resistive heater,ES6 0,rural heat,255247.60402
Link,rural resistive heater,FI1 0,low voltage,-545792.15712
Link,rural resistive heater,FI1 0,rural heat,491212.94141
Link,rural resistive heater,FR0 0,low voltage,-997821.94348
Link,rural resistive heater,FR0 0,rural heat,898039.74913
Link,rural resistive heater,FR0 1,low voltage,-821145.83161
Link,rural resistive heater,FR0 1,rural heat,739031.24845
Link,rural resistive heater,FR0 2,low voltage,-1138796.76364
Link,rural resistive heater,FR0 2,rural heat,1024917.08728
Link,rural resistive heater,FR0 3,low voltage,-675598.82781
Link,rural resistive heater,FR0 3,rural heat,608038.94503
Link,rural resistive heater,FR0 4,low voltage,-1569425.9474
Link,rural resistive heater,FR0 4,rural heat,1412483.35266
Link,rural resistive heater,FR5 0,low voltage,-66771.40527
Link,rural resistive heater,FR5 0,rural heat,60094.26474
Link,rural resistive heater,GB2 0,low voltage,-6030553.34345
Link,rural resistive heater,GB2 0,rural heat,5427498.0091
Link,rural resistive heater,GB2 1,low voltage,-2983731.4075
Link,rural resistive heater,GB2 1,rural heat,2685358.26675
Link,rural resistive heater,GB3 0,low voltage,-1128967.91283
Link,rural resistive heater,GB3 0,rural heat,1016071.12155
Link,rural resistive heater,GR0 0,low voltage,-108762.40203
Link,rural resistive heater,GR0 0,rural heat,97886.16183
Link,rural resistive heater,HR0 0,low voltage,-972309.40703
Link,rural resistive heater,HR0 0,rural heat,875078.46633
Link,rural resistive heater,HU0 0,low voltage,-460735.4019
Link,rural resistive heater,HU0 0,rural heat,414661.86171
Link,rural resistive heater,IE3 0,low voltage,-1747674.21356
Link,rural resistive heater,IE3 0,rural heat,1572906.7922
Link,rural resistive heater,IT0 0,low voltage,-2219228.05182
Link,rural resistive heater,IT0 0,rural heat,1997305.24664
Link,rural resistive heater,IT0 1,low voltage,-1846442.45308
Link,rural resistive heater,IT0 1,rural heat,1661798.20777
Link,rural resistive heater,IT4 0,low voltage,-357353.34898
Link,rural resistive heater,IT4 0,rural heat,321618.01408
Link,rural resistive heater,LT0 0,low voltage,-1955.09006
Link,rural resistive heater,LT0 0,rural heat,1759.58105
Link,rural resistive heater,LU0 0,low voltage,-49142.01649
Link,rural resistive heater,LU0 0,rural heat,44227.81484
Link,rural resistive heater,LV0 0,low voltage,-25474.18613
Link,rural resistive heater,LV0 0,rural heat,22926.76751
Link,rural resistive heater,ME0 0,low voltage,-90975.98006
Link,rural resistive heater,ME0 0,rural heat,81878.38205
Link,rural resistive heater,MK0 0,low voltage,-246370.02474
Link,rural resistive heater,MK0 0,rural heat,221733.02226
Link,rural resistive heater,NL0 0,low voltage,-1644405.1757
Link,rural resistive heater,NL0 0,rural heat,1479964.65813
Link,rural resistive heater,NO1 0,low voltage,-223530.09216
Link,rural resistive heater,NO1 0,rural heat,201177.08294
Link,rural resistive heater,PL0 0,low voltage,-10701075.07888
Link,rural resistive heater,PL0 0,rural heat,9630967.571
Link,rural resistive heater,PT0 0,low voltage,-1024211.67359
Link,rural resistive heater,PT0 0,rural heat,921790.50623
Link,rural resistive heater,RO0 0,low voltage,-1012747.91798
Link,rural resistive heater,RO0 0,rural heat,911473.12619
Link,rural resistive heater,RS0 0,low voltage,-1190549.39138
Link,rural resistive heater,RS0 0,rural heat,1071494.45224
Link,rural resistive heater,SE1 0,low voltage,-923812.60255
Link,rural resistive heater,SE1 0,rural heat,831431.34229
Link,rural resistive heater,SI0 0,low voltage,-367591.00018
Link,rural resistive heater,SI0 0,rural heat,330831.90016
Link,rural resistive heater,SK0 0,low voltage,-845932.10846
Link,rural resistive heater,SK0 0,rural heat,761338.89761
Link,rural resistive heater,XK0 0,low voltage,-365.86364
Link,rural resistive heater,XK0 0,rural heat,329.27727
Link,shipping methanol,EU,co2,18711206.48989
Link,shipping methanol,EU,methanol,-75445455.68789
Link,shipping methanol,EU,shipping methanol,75445455.68789
Link,shipping oil,,co2,8178177.367
Link,shipping oil,AL0 0,shipping oil,681664.538
Link,shipping oil,AT0 0,shipping oil,426380.4
Link,shipping oil,BA0 0,shipping oil,29189.50553
Link,shipping oil,BE0 0,shipping oil,82277269.17103
Link,shipping oil,BG0 0,shipping oil,1547841.9335
Link,shipping oil,CH0 0,shipping oil,330555.55556
Link,shipping oil,CZ0 0,shipping oil,50713.55
Link,shipping oil,DE0 0,shipping oil,13952698.13681
Link,shipping oil,DE0 1,shipping oil,220834.52847
Link,shipping oil,DE0 2,shipping oil,673248.45709
Link,shipping oil,DE0 3,shipping oil,314981.47019
Link,shipping oil,DE0 4,shipping oil,613869.24329
Link,shipping oil,DE0 5,shipping oil,418829.43715
Link,shipping oil,DK0 0,shipping oil,7831345.14852
Link,shipping oil,DK1 0,shipping oil,686811.66747
Link,shipping oil,EE0 0,shipping oil,1867954.577
Link,shipping oil,ES0 0,shipping oil,81123093.355
Link,shipping oil,ES6 0,shipping oil,167724.68697
Link,shipping oil,EU,co2,118225779.68347
Link,shipping oil,EU,oil,-491652886.23285
Link,shipping oil,FI1 0,shipping oil,4623612.519
Link,shipping oil,FR0 0,shipping oil,2968542.70715
Link,shipping oil,FR0 1,shipping oil,6306905.31953
Link,shipping oil,FR0 2,shipping oil,716050.08133
Link,shipping oil,FR0 3,shipping oil,11018858.36745
Link,shipping oil,FR0 4,shipping oil,532869.85795
Link,shipping oil,FR5 0,shipping oil,19786.49805
Link,shipping oil,GB2 0,shipping oil,3979110.15238
Link,shipping oil,GB2 1,shipping oil,27551017.38316
Link,shipping oil,GB3 0,shipping oil,279197.11245
Link,shipping oil,GR0 0,shipping oil,31228505.3935
Link,shipping oil,HR0 0,shipping oil,741604.736
Link,shipping oil,HU0 0,shipping oil,50645.55
Link,shipping oil,IE3 0,shipping oil,2289225.8565
Link,shipping oil,IT0 0,shipping oil,11265864.24662
Link,shipping oil,IT0 1,shipping oil,20752597.48369
Link,shipping oil,IT4 0,shipping oil,171312.5902
Link,shipping oil,LT0 0,shipping oil,1975105.2625
Link,shipping oil,LU0 0,shipping oil,2992.85
Link,shipping oil,LV0 0,shipping oil,2909434.6465
Link,shipping oil,NL0 0,shipping oil,115708888.67233
Link,shipping oil,NO1 0,shipping oil,15590866.89751
Link,shipping oil,PL0 0,shipping oil,2745810.811
Link,shipping oil,PT0 0,shipping oil,10282079.93546
Link,shipping oil,RO0 0,shipping oil,768988.7355
Link,shipping oil,RS0 0,shipping oil,62387.3905
Link,shipping oil,SE1 0,shipping oil,21830647.60551
Link,shipping oil,SI0 0,shipping oil,1882663.8185
Link,shipping oil,SK0 0,shipping oil,182308.391
Link,solid biomass for industry,AL0 0,solid biomass,-120000.0
Link,solid biomass for industry,AL0 0,solid biomass for industry,120000.0
Link,solid biomass for industry,AT0 0,solid biomass,-16500000.00004
Link,solid biomass for industry,AT0 0,solid biomass for industry,16500000.00004
Link,solid biomass for industry,BA0 0,solid biomass,-670000.0
Link,solid biomass for industry,BA0 0,solid biomass for industry,670000.0
Link,solid biomass for industry,BE0 0,solid biomass,-9339999.99998
Link,solid biomass for industry,BE0 0,solid biomass for industry,9339999.99998
Link,solid biomass for industry,BG0 0,solid biomass,-3530000.0
Link,solid biomass for industry,BG0 0,solid biomass for industry,3530000.0
Link,solid biomass for industry,CH0 0,solid biomass,-2210000.0
Link,solid biomass for industry,CH0 0,solid biomass for industry,2210000.0
Link,solid biomass for industry,CZ0 0,solid biomass,-8830000.0
Link,solid biomass for industry,CZ0 0,solid biomass for industry,8830000.0
Link,solid biomass for industry,DE0 0,solid biomass,-6290000.0
Link,solid biomass for industry,DE0 0,solid biomass for industry,6290000.0
Link,solid biomass for industry,DE0 1,solid biomass,-3550000.0
Link,solid biomass for industry,DE0 1,solid biomass for industry,3550000.0
Link,solid biomass for industry,DE0 2,solid biomass,-13550000.00002
Link,solid biomass for industry,DE0 2,solid biomass for industry,13550000.00002
Link,solid biomass for industry,DE0 3,solid biomass,-6050000.0
Link,solid biomass for industry,DE0 3,solid biomass for industry,6050000.0
Link,solid biomass for industry,DE0 4,solid biomass,-9979999.99998
Link,solid biomass for industry,DE0 4,solid biomass for industry,9979999.99998
Link,solid biomass for industry,DE0 5,solid biomass,-6860000.0
Link,solid biomass for industry,DE0 5,solid biomass for industry,6860000.0
Link,solid biomass for industry,DK0 0,solid biomass,-2410000.0
Link,solid biomass for industry,DK0 0,solid biomass for industry,2410000.0
Link,solid biomass for industry,DK1 0,solid biomass,-630000.0
Link,solid biomass for industry,DK1 0,solid biomass for industry,630000.0
Link,solid biomass for industry,EE0 0,solid biomass,-370000.0
Link,solid biomass for industry,EE0 0,solid biomass for industry,370000.0
Link,solid biomass for industry,ES0 0,solid biomass,-26410000.00001
Link,solid biomass for industry,ES0 0,solid biomass for industry,26410000.00001
Link,solid biomass for industry,ES6 0,solid biomass,-230000.0
Link,solid biomass for industry,ES6 0,solid biomass for industry,230000.0
Link,solid biomass for industry,FI1 0,solid biomass,-49800000.00001
Link,solid biomass for industry,FI1 0,solid biomass for industry,49800000.00001
Link,solid biomass for industry,FR0 0,solid biomass,-6920000.0
Link,solid biomass for industry,FR0 0,solid biomass for industry,6920000.0
Link,solid biomass for industry,FR0 1,solid biomass,-4110000.0
Link,solid biomass for industry,FR0 1,solid biomass for industry,4110000.0
Link,solid biomass for industry,FR0 2,solid biomass,-3600000.0
Link,solid biomass for industry,FR0 2,solid biomass for industry,3600000.0
Link,solid biomass for industry,FR0 3,solid biomass,-2580000.0
Link,solid biomass for industry,FR0 3,solid biomass for industry,2580000.0
Link,solid biomass for industry,FR0 4,solid biomass,-4050000.0
Link,solid biomass for industry,FR0 4,solid biomass for industry,4050000.0
Link,solid biomass for industry,FR5 0,solid biomass,-30000.0
Link,solid biomass for industry,FR5 0,solid biomass for industry,30000.0
Link,solid biomass for industry,GB2 0,solid biomass,-6770000.0
Link,solid biomass for industry,GB2 0,solid biomass for industry,6770000.0
Link,solid biomass for industry,GB2 1,solid biomass,-8010000.0
Link,solid biomass for industry,GB2 1,solid biomass for industry,8010000.0
Link,solid biomass for industry,GB3 0,solid biomass,-160000.0
Link,solid biomass for industry,GB3 0,solid biomass for industry,160000.0
Link,solid biomass for industry,GR0 0,solid biomass,-1640000.0
Link,solid biomass for industry,GR0 0,solid biomass for industry,1640000.0
Link,solid biomass for industry,HR0 0,solid biomass,-690000.0
Link,solid biomass for industry,HR0 0,solid biomass for industry,690000.0
Link,solid biomass for industry,HU0 0,solid biomass,-4170000.0
Link,solid biomass for industry,HU0 0,solid biomass for industry,4170000.0
Link,solid biomass for industry,IE3 0,solid biomass,-2870000.0
Link,solid biomass for industry,IE3 0,solid biomass for industry,2870000.0
Link,solid biomass for industry,IT0 0,solid biomass,-3080000.0
Link,solid biomass for industry,IT0 0,solid biomass for industry,3080000.0
Link,solid biomass for industry,IT0 1,solid biomass,-4810000.0
Link,solid biomass for industry,IT0 1,solid biomass for industry,4810000.0
Link,solid biomass for industry,IT4 0,solid biomass,-220000.0
Link,solid biomass for industry,IT4 0,solid biomass for industry,220000.0
Link,solid biomass for industry,LT0 0,solid biomass,-1170000.0
Link,solid biomass for industry,LT0 0,solid biomass for industry,1170000.0
Link,solid biomass for industry,LU0 0,solid biomass,-270000.0
Link,solid biomass for industry,LU0 0,solid biomass for industry,270000.0
Link,solid biomass for industry,LV0 0,solid biomass,-5090000.0
Link,solid biomass for industry,LV0 0,solid biomass for industry,5090000.0
Link,solid biomass for industry,ME0 0,solid biomass,-240000.0
Link,solid biomass for industry,ME0 0,solid biomass for industry,240000.0
Link,solid biomass for industry,MK0 0,solid biomass,-60000.0
Link,solid biomass for industry,MK0 0,solid biomass for industry,60000.0
Link,solid biomass for industry,NL0 0,solid biomass,-2320000.0
Link,solid biomass for industry,NL0 0,solid biomass for industry,2320000.0
Link,solid biomass for industry,NO1 0,solid biomass,-7660000.0
Link,solid biomass for industry,NO1 0,solid biomass for industry,7660000.0
Link,solid biomass for industry,PL0 0,solid biomass,-31220000.00001
Link,solid biomass for industry,PL0 0,solid biomass for industry,31220000.00001
Link,solid biomass for industry,PT0 0,solid biomass,-13299999.99998
Link,solid biomass for industry,PT0 0,solid biomass for industry,13299999.99998
Link,solid biomass for industry,RO0 0,solid biomass,-4500000.0
Link,solid biomass for industry,RO0 0,solid biomass for industry,4500000.0
Link,solid biomass for industry,RS0 0,solid biomass,-1170000.0
Link,solid biomass for industry,RS0 0,solid biomass for industry,1170000.0
Link,solid biomass for industry,SE1 0,solid biomass,-50300000.0
Link,solid biomass for industry,SE1 0,solid biomass for industry,50300000.0
Link,solid biomass for industry,SI0 0,solid biomass,-1460000.0
Link,solid biomass for industry,SI0 0,solid biomass for industry,1460000.0
Link,solid biomass for industry,SK0 0,solid biomass,-6780000.0
Link,solid biomass for industry,SK0 0,solid biomass for industry,6780000.0
Link,solid biomass for industry,XK0 0,solid biomass,-100000.0
Link,solid biomass for industry,XK0 0,solid biomass for industry,100000.0
Link,solid biomass import,,co2,3.92097
Link,solid biomass import,AL0 0,solid biomass,31.56199
Link,solid biomass import,AT0 0,solid biomass,34.83992
Link,solid biomass import,BA0 0,solid biomass,31.52564
Link,solid biomass import,BE0 0,solid biomass,82.44955
Link,solid biomass import,BG0 0,solid biomass,33.3078
Link,solid biomass import,CH0 0,solid biomass,34.3255
Link,solid biomass import,CZ0 0,solid biomass,49.52549
Link,solid biomass import,DE0 0,solid biomass,41.64249
Link,solid biomass import,DE0 1,solid biomass,35.03039
Link,solid biomass import,DE0 2,solid biomass,75.71211
Link,solid biomass import,DE0 3,solid biomass,36.96067
Link,solid biomass import,DE0 4,solid biomass,60.14481
Link,solid biomass import,DE0 5,solid biomass,42.64719
Link,solid biomass import,DK0 0,solid biomass,36.1897
Link,solid biomass import,DK1 0,solid biomass,158.21623
Link,solid biomass import,EE0 0,solid biomass,31.52863
Link,solid biomass import,ES0 0,solid biomass,39.97985
Link,solid biomass import,ES6 0,solid biomass,62.47778
Link,solid biomass import,EU,co2,81.0122
Link,solid biomass import,EU,solid biomass import,-2316.14864
Link,solid biomass import,FI1 0,solid biomass,32.29769
Link,solid biomass import,FR0 0,solid biomass,47.08374
Link,solid biomass import,FR0 1,solid biomass,57.42692
Link,solid biomass import,FR0 2,solid biomass,31.50873
Link,solid biomass import,FR0 3,solid biomass,39.20904
Link,solid biomass import,FR0 4,solid biomass,33.1426
Link,solid biomass import,FR5 0,solid biomass,58.01488
Link,solid biomass import,GB2 0,solid biomass,36.8711
Link,solid biomass import,GB2 1,solid biomass,38.48056
Link,solid biomass import,GB3 0,solid biomass,31.57413
Link,solid biomass import,GR0 0,solid biomass,60.44733
Link,solid biomass import,HR0 0,solid biomass,31.50831
Link,solid biomass import,HU0 0,solid biomass,36.44853
Link,solid biomass import,IE3 0,solid biomass,41.64513
Link,solid biomass import,IT0 0,solid biomass,74.51898
Link,solid biomass import,IT0 1,solid biomass,50.61688
Link,solid biomass import,IT4 0,solid biomass,74.68048
Link,solid biomass import,LT0 0,solid biomass,33.21184
Link,solid biomass import,LU0 0,solid biomass,46.20213
Link,solid biomass import,LV0 0,solid biomass,31.5111
Link,solid biomass import,ME0 0,solid biomass,31.56727
Link,solid biomass import,MK0 0,solid biomass,32.78679
Link,solid biomass import,NL0 0,solid biomass,57.56662
Link,solid biomass import,NO1 0,solid biomass,108.78348
Link,solid biomass import,PL0 0,solid biomass,46.34914
Link,solid biomass import,PT0 0,solid biomass,32.79407
Link,solid biomass import,RO0 0,solid biomass,34.43614
Link,solid biomass import,RS0 0,solid biomass,34.15318
Link,solid biomass import,SE1 0,solid biomass,31.5464
Link,solid biomass import,SI0 0,solid biomass,34.90074
Link,solid biomass import,SK0 0,solid biomass,35.232
Link,solid biomass import,XK0 0,solid biomass,31.56696
Link,steel emission,,co2,1247142.53974
Link,steel emission,AL0 0,steel emission,-41164.51628
Link,steel emission,AT0 0,steel emission,-2802284.47677
Link,steel emission,BA0 0,steel emission,-338270.93885
Link,steel emission,BE0 0,steel emission,-2186779.50999
Link,steel emission,CH0 0,steel emission,-252873.88911
Link,steel emission,CZ0 0,steel emission,-1754089.25376
Link,steel emission,DE0 0,steel emission,-2572056.49735
Link,steel emission,DE0 2,steel emission,-6119174.64737
Link,steel emission,DE0 4,steel emission,-2070132.89881
Link,steel emission,DE0 5,steel emission,-808755.90144
Link,steel emission,ES0 0,steel emission,-1769526.50896
Link,steel emission,EU,co2,38887997.73072
Link,steel emission,FI1 0,steel emission,-967568.70871
Link,steel emission,FR0 0,steel emission,-2390024.32123
Link,steel emission,FR0 1,steel emission,-1809193.31882
Link,steel emission,GB2 1,steel emission,-1247142.53974
Link,steel emission,HU0 0,steel emission,-591760.69453
Link,steel emission,IT0 0,steel emission,-1736373.23267
Link,steel emission,ME0 0,steel emission,-11404.212
Link,steel emission,MK0 0,steel emission,-304987.59619
Link,steel emission,NL0 0,steel emission,-2778315.6204
Link,steel emission,NO1 0,steel emission,-1052081.52791
Link,steel emission,PL0 0,steel emission,-2053228.84486
Link,steel emission,RO0 0,steel emission,-973836.6012
Link,steel emission,RS0 0,steel emission,-581143.74255
Link,steel emission,SE1 0,steel emission,-1303985.24379
Link,steel emission,SK0 0,steel emission,-1526639.05293
Link,steel emission,XK0 0,steel emission,-92345.97424
Link,unsustainable bioliquids,,co2,-1157034.67122
Link,unsustainable bioliquids,AT0 0,unsustainable bioliquids,-3052205.14005
Link,unsustainable bioliquids,BE0 0,unsustainable bioliquids,-3496518.82305
Link,unsustainable bioliquids,BG0 0,unsustainable bioliquids,-1265631.98685
Link,unsustainable bioliquids,CZ0 0,unsustainable bioliquids,-2145647.10525
Link,unsustainable bioliquids,DE0 0,unsustainable bioliquids,-5854314.90535
Link,unsustainable bioliquids,DE0 1,unsustainable bioliquids,-3541771.53216
Link,unsustainable bioliquids,DE0 2,unsustainable bioliquids,-4125458.48863
Link,unsustainable bioliquids,DE0 3,unsustainable bioliquids,-4452131.56706
Link,unsustainable bioliquids,DE0 4,unsustainable bioliquids,-4356989.41902
Link,unsustainable bioliquids,DE0 5,unsustainable bioliquids,-5143877.85367
Link,unsustainable bioliquids,DK0 0,unsustainable bioliquids,-19191.36052
Link,unsustainable bioliquids,DK1 0,unsustainable bioliquids,-7006.20098
Link,unsustainable bioliquids,ES0 0,unsustainable bioliquids,-15844516.99985
Link,unsustainable bioliquids,ES6 0,unsustainable bioliquids,-124017.80545
Link,unsustainable bioliquids,EU,co2,-31450386.07152
Link,unsustainable bioliquids,EU,oil,126827774.18413
Link,unsustainable bioliquids,FI1 0,unsustainable bioliquids,-3128356.75185
Link,unsustainable bioliquids,FR0 0,unsustainable bioliquids,-6493389.29136
Link,unsustainable bioliquids,FR0 1,unsustainable bioliquids,-2219307.56148
Link,unsustainable bioliquids,FR0 2,unsustainable bioliquids,-3841357.15795
Link,unsustainable bioliquids,FR0 3,unsustainable bioliquids,-3676480.74076
Link,unsustainable bioliquids,FR0 4,unsustainable bioliquids,-2885845.07754
Link,unsustainable bioliquids,FR5 0,unsustainable bioliquids,-45026.91122
Link,unsustainable bioliquids,GB2 0,unsustainable bioliquids,-1640927.07764
Link,unsustainable bioliquids,GB2 1,unsustainable bioliquids,-2661965.4915
Link,unsustainable bioliquids,GB3 0,unsustainable bioliquids,-197436.76273
Link,unsustainable bioliquids,GR0 0,unsustainable bioliquids,-1383278.97345
Link,unsustainable bioliquids,HR0 0,unsustainable bioliquids,-1788.48945
Link,unsustainable bioliquids,HU0 0,unsustainable bioliquids,-3627467.97105
Link,unsustainable bioliquids,IE3 0,unsustainable bioliquids,-350814.79125
Link,unsustainable bioliquids,IT0 0,unsustainable bioliquids,-2690823.81932
Link,unsustainable bioliquids,IT0 1,unsustainable bioliquids,-5322596.28038
Link,unsustainable bioliquids,IT4 0,unsustainable bioliquids,-133881.35105
Link,unsustainable bioliquids,LT0 0,unsustainable bioliquids,-1216967.41485
Link,unsustainable bioliquids,LV0 0,unsustainable bioliquids,-589547.52285
Link,unsustainable bioliquids,NL0 0,unsustainable bioliquids,-13658449.03665
Link,unsustainable bioliquids,NO1 0,unsustainable bioliquids,-582078.96945
Link,unsustainable bioliquids,PL0 0,unsustainable bioliquids,-7528125.31185
Link,unsustainable bioliquids,PT0 0,unsustainable bioliquids,-2664546.53685
Link,unsustainable bioliquids,RO0 0,unsustainable bioliquids,-1681652.67105
Link,unsustainable bioliquids,SE1 0,unsustainable bioliquids,-3860336.39145
Link,unsustainable bioliquids,SK0 0,unsustainable bioliquids,-1316046.64125
Link,urban central air heat pump,AL0 0,low voltage,-105.19947
Link,urban central air heat pump,AL0 0,urban central heat,339.14986
Link,urban central air heat pump,AT0 0,low voltage,-60.08235
Link,urban central air heat pump,AT0 0,urban central heat,175.21698
Link,urban central air heat pump,BA0 0,low voltage,-53.01542
Link,urban central air heat pump,BA0 0,urban central heat,164.74237
Link,urban central air heat pump,BE0 0,low voltage,-2000846.0554
Link,urban central air heat pump,BE0 0,urban central heat,5942479.76855
Link,urban central air heat pump,BG0 0,low voltage,-66.06362
Link,urban central air heat pump,BG0 0,urban central heat,206.518
Link,urban central air heat pump,CH0 0,low voltage,-56.69418
Link,urban central air heat pump,CH0 0,urban central heat,158.80266
Link,urban central air heat pump,CZ0 0,low voltage,-121.22539
Link,urban central air heat pump,CZ0 0,urban central heat,322.05602
Link,urban central air heat pump,DE0 0,low voltage,-418684.579
Link,urban central air heat pump,DE0 0,urban central heat,1238864.44836
Link,urban central air heat pump,DE0 1,low voltage,-63.46285
Link,urban central air heat pump,DE0 1,urban central heat,186.52806
Link,urban central air heat pump,DE0 2,low voltage,-5503372.99114
Link,urban central air heat pump,DE0 2,urban central heat,16122490.38951
Link,urban central air heat pump,DE0 3,low voltage,-69.27979
Link,urban central air heat pump,DE0 3,urban central heat,205.03326
Link,urban central air heat pump,DE0 4,low voltage,-2473024.83845
Link,urban central air heat pump,DE0 4,urban central heat,7402064.45205
Link,urban central air heat pump,DE0 5,low voltage,-410518.81337
Link,urban central air heat pump,DE0 5,urban central heat,1227003.83622
Link,urban central air heat pump,DK0 0,low voltage,-3456651.23312
Link,urban central air heat pump,DK0 0,urban central heat,12473992.74473
Link,urban central air heat pump,DK1 0,low voltage,-1506968.82519
Link,urban central air heat pump,DK1 0,urban central heat,5294142.71154
Link,urban central air heat pump,EE0 0,low voltage,-93.15408
Link,urban central air heat pump,EE0 0,urban central heat,246.73506
Link,urban central air heat pump,ES0 0,low voltage,-763460.43504
Link,urban central air heat pump,ES0 0,urban central heat,2509016.7498
Link,urban central air heat pump,ES6 0,low voltage,-52.93211
Link,urban central air heat pump,ES6 0,urban central heat,182.09088
Link,urban central air heat pump,FI1 0,low voltage,-65.05124
Link,urban central air heat pump,FI1 0,urban central heat,155.39066
Link,urban central air heat pump,FR0 0,low voltage,-3209303.2355
Link,urban central air heat pump,FR0 0,urban central heat,9563647.16542
Link,urban central air heat pump,FR0 1,low voltage,-2242920.16181
Link,urban central air heat pump,FR0 1,urban central heat,6623889.92619
Link,urban central air heat pump,FR0 2,low voltage,-79.6558
Link,urban central air heat pump,FR0 2,urban central heat,246.77448
Link,urban central air heat pump,FR0 3,low voltage,-356185.11159
Link,urban central air heat pump,FR0 3,urban central heat,1109894.71957
Link,urban central air heat pump,FR0 4,low voltage,-76.63316
Link,urban central air heat pump,FR0 4,urban central heat,230.35421
Link,urban central air heat pump,GB2 0,low voltage,-1237268.10436
Link,urban central air heat pump,GB2 0,urban central heat,3539100.23687
Link,urban central air heat pump,GB2 1,low voltage,-4893030.06965
Link,urban central air heat pump,GB2 1,urban central heat,14630133.2678
Link,urban central air heat pump,GB3 0,low voltage,-251.63096
Link,urban central air heat pump,GB3 0,urban central heat,733.24043
Link,urban central air heat pump,GR0 0,low voltage,-513989.47425
Link,urban central air heat pump,GR0 0,urban central heat,1690166.40502
Link,urban central air heat pump,HR0 0,low voltage,-59.51228
Link,urban central air heat pump,HR0 0,urban central heat,190.62136
Link,urban central air heat pump,HU0 0,low voltage,-159.04774
Link,urban central air heat pump,HU0 0,urban central heat,502.49999
Link,urban central air heat pump,IE3 0,low voltage,-552824.30166
Link,urban central air heat pump,IE3 0,urban central heat,1649723.52841
Link,urban central air heat pump,IT0 0,low voltage,-2205801.61563
Link,urban central air heat pump,IT0 0,urban central heat,8029750.52622
Link,urban central air heat pump,IT0 1,low voltage,-2512006.10612
Link,urban central air heat pump,IT0 1,urban central heat,8463901.11621
Link,urban central air heat pump,IT4 0,low voltage,-49382.24479
Link,urban central air heat pump,IT4 0,urban central heat,182577.38199
Link,urban central air heat pump,LT0 0,low voltage,-102.71709
Link,urban central air heat pump,LT0 0,urban central heat,280.31461
Link,urban central air heat pump,LU0 0,low voltage,-81747.00281
Link,urban central air heat pump,LU0 0,urban central heat,236029.87152
Link,urban central air heat pump,LV0 0,low voltage,-74.77455
Link,urban central air heat pump,LV0 0,urban central heat,200.7288
Link,urban central air heat pump,ME0 0,low voltage,-59.80178
Link,urban central air heat pump,ME0 0,urban central heat,183.73761
Link,urban central air heat pump,MK0 0,low voltage,-66.50927
Link,urban central air heat pump,MK0 0,urban central heat,206.10931
Link,urban central air heat pump,NL0 0,low voltage,-2993291.22571
Link,urban central air heat pump,NL0 0,urban central heat,8836696.53252
Link,urban central air heat pump,NO1 0,low voltage,-121.28767
Link,urban central air heat pump,NO1 0,urban central heat,292.57054
Link,urban central air heat pump,PL0 0,low voltage,-199.63168
Link,urban central air heat pump,PL0 0,urban central heat,526.13535
Link,urban central air heat pump,PT0 0,low voltage,-125.97032
Link,urban central air heat pump,PT0 0,urban central heat,414.92616
Link,urban central air heat pump,RO0 0,low voltage,-103.36344
Link,urban central air heat pump,RO0 0,urban central heat,318.94708
Link,urban central air heat pump,RS0 0,low voltage,-73.89769
Link,urban central air heat pump,RS0 0,urban central heat,231.50355
Link,urban central air heat pump,SE1 0,low voltage,-88.05222
Link,urban central air heat pump,SE1 0,urban central heat,224.21531
Link,urban central air heat pump,SI0 0,low voltage,-75.75271
Link,urban central air heat pump,SI0 0,urban central heat,230.57
Link,urban central air heat pump,SK0 0,low voltage,-76.99142
Link,urban central air heat pump,SK0 0,urban central heat,233.39427
Link,urban central air heat pump,XK0 0,low voltage,-31.8464
Link,urban central air heat pump,XK0 0,urban central heat,105.94227
Link,urban central gas CHP,,co2,56.69279
Link,urban central gas CHP,AL0 0,AC,41.57933
Link,urban central gas CHP,AL0 0,gas,-101.413
Link,urban central gas CHP,AL0 0,urban central heat,41.57933
Link,urban central gas CHP,AT0 0,AC,51.28636
Link,urban central gas CHP,AT0 0,gas,-125.08868
Link,urban central gas CHP,AT0 0,urban central heat,51.28636
Link,urban central gas CHP,BA0 0,AC,44.93531
Link,urban central gas CHP,BA0 0,gas,-109.59831
Link,urban central gas CHP,BA0 0,urban central heat,44.93531
Link,urban central gas CHP,BE0 0,AC,68.10192
Link,urban central gas CHP,BE0 0,gas,-166.10226
Link,urban central gas CHP,BE0 0,urban central heat,68.10192
Link,urban central gas CHP,BG0 0,AC,53.2962
Link,urban central gas CHP,BG0 0,gas,-129.99073
Link,urban central gas CHP,BG0 0,urban central heat,53.2962
Link,urban central gas CHP,CH0 0,AC,45.18716
Link,urban central gas CHP,CH0 0,gas,-110.21259
Link,urban central gas CHP,CH0 0,urban central heat,45.18716
Link,urban central gas CHP,CZ0 0,AC,97.2853
Link,urban central gas CHP,CZ0 0,gas,-237.28122
Link,urban central gas CHP,CZ0 0,urban central heat,97.2853
Link,urban central gas CHP,DE0 0,AC,60.70714
Link,urban central gas CHP,DE0 0,gas,-148.06619
Link,urban central gas CHP,DE0 0,urban central heat,60.70714
Link,urban central gas CHP,DE0 1,AC,54.22284
Link,urban central gas CHP,DE0 1,gas,-132.25084
Link,urban central gas CHP,DE0 1,urban central heat,54.22284
Link,urban central gas CHP,DE0 2,AC,64.88302
Link,urban central gas CHP,DE0 2,gas,-158.25127
Link,urban central gas CHP,DE0 2,urban central heat,64.88302
Link,urban central gas CHP,DE0 3,AC,56.29857
Link,urban central gas CHP,DE0 3,gas,-137.31358
Link,urban central gas CHP,DE0 3,urban central heat,56.29857
Link,urban central gas CHP,DE0 4,AC,90.67679
Link,urban central gas CHP,DE0 4,gas,-221.1629
Link,urban central gas CHP,DE0 4,urban central heat,90.67679
Link,urban central gas CHP,DE0 5,AC,68.94122
Link,urban central gas CHP,DE0 5,gas,-168.14932
Link,urban central gas CHP,DE0 5,urban central heat,68.94122
Link,urban central gas CHP,DK0 0,AC,37.5299
Link,urban central gas CHP,DK0 0,gas,-91.53633
Link,urban central gas CHP,DK0 0,urban central heat,37.5299
Link,urban central gas CHP,DK1 0,AC,33.68393
Link,urban central gas CHP,DK1 0,gas,-82.15593
Link,urban central gas CHP,DK1 0,urban central heat,33.68393
Link,urban central gas CHP,EE0 0,AC,28.78465
Link,urban central gas CHP,EE0 0,gas,-70.20646
Link,urban central gas CHP,EE0 0,urban central heat,28.78465
Link,urban central gas CHP,ES0 0,AC,49.08909
Link,urban central gas CHP,ES0 0,gas,-119.72949
Link,urban central gas CHP,ES0 0,urban central heat,49.08909
Link,urban central gas CHP,ES6 0,AC,15.23111
Link,urban central gas CHP,ES6 0,gas,-37.14905
Link,urban central gas CHP,ES6 0,urban central heat,15.23111
Link,urban central gas CHP,EU,co2,78831.57305
Link,urban central gas CHP,FI1 0,AC,23.21796
Link,urban central gas CHP,FI1 0,gas,-56.62918
Link,urban central gas CHP,FI1 0,urban central heat,23.21796
Link,urban central gas CHP,FR0 0,AC,50.88959
Link,urban central gas CHP,FR0 0,gas,-124.12096
Link,urban central gas CHP,FR0 0,urban central heat,50.88959
Link,urban central gas CHP,FR0 1,AC,51.7147
Link,urban central gas CHP,FR0 1,gas,-126.13341
Link,urban central gas CHP,FR0 1,urban central heat,51.7147
Link,urban central gas CHP,FR0 2,AC,42.27978
Link,urban central gas CHP,FR0 2,gas,-103.12141
Link,urban central gas CHP,FR0 2,urban central heat,42.27978
Link,urban central gas CHP,FR0 3,AC,48.36411
Link,urban central gas CHP,FR0 3,gas,-117.96124
Link,urban central gas CHP,FR0 3,urban central heat,48.36411
Link,urban central gas CHP,FR0 4,AC,42.10259
Link,urban central gas CHP,FR0 4,gas,-102.68925
Link,urban central gas CHP,FR0 4,urban central heat,42.10259
Link,urban central gas CHP,GB2 0,AC,37.40397
Link,urban central gas CHP,GB2 0,gas,-91.22919
Link,urban central gas CHP,GB2 0,urban central heat,37.40397
Link,urban central gas CHP,GB2 1,AC,40.66834
Link,urban central gas CHP,GB2 1,gas,-99.19107
Link,urban central gas CHP,GB2 1,urban central heat,40.66834
Link,urban central gas CHP,GB3 0,AC,39.32186
Link,urban central gas CHP,GB3 0,gas,-95.90697
Link,urban central gas CHP,GB3 0,urban central heat,39.32186
Link,urban central gas CHP,GR0 0,AC,61.63245
Link,urban central gas CHP,GR0 0,gas,-150.32304
Link,urban central gas CHP,GR0 0,urban central heat,61.63245
Link,urban central gas CHP,HR0 0,AC,48.30323
Link,urban central gas CHP,HR0 0,gas,-117.81276
Link,urban central gas CHP,HR0 0,urban central heat,48.30323
Link,urban central gas CHP,HU0 0,AC,62.70103
Link,urban central gas CHP,HU0 0,gas,-152.92934
Link,urban central gas CHP,HU0 0,urban central heat,62.70103
Link,urban central gas CHP,IE3 0,AC,52.81947
Link,urban central gas CHP,IE3 0,gas,-128.82798
Link,urban central gas CHP,IE3 0,urban central heat,52.81947
Link,urban central gas CHP,IT0 0,AC,59.78712
Link,urban central gas CHP,IT0 0,gas,-145.82225
Link,urban central gas CHP,IT0 0,urban central heat,59.78712
Link,urban central gas CHP,IT0 1,AC,72.62874
Link,urban central gas CHP,IT0 1,gas,-177.14327
Link,urban central gas CHP,IT0 1,urban central heat,72.62874
Link,urban central gas CHP,IT4 0,AC,53.80786
Link,urban central gas CHP,IT4 0,gas,-131.23868
Link,urban central gas CHP,IT4 0,urban central heat,53.80786
Link,urban central gas CHP,LT0 0,AC,31.50527
Link,urban central gas CHP,LT0 0,gas,-76.84213
Link,urban central gas CHP,LT0 0,urban central heat,31.50527
Link,urban central gas CHP,LU0 0,AC,160935.54708
Link,urban central gas CHP,LU0 0,gas,-392525.72458
Link,urban central gas CHP,LU0 0,urban central heat,160935.54708
Link,urban central gas CHP,LV0 0,AC,28.89783
Link,urban central gas CHP,LV0 0,gas,-70.48252
Link,urban central gas CHP,LV0 0,urban central heat,28.89783
Link,urban central gas CHP,ME0 0,AC,44.11115
Link,urban central gas CHP,ME0 0,gas,-107.58817
Link,urban central gas CHP,ME0 0,urban central heat,44.11115
Link,urban central gas CHP,MK0 0,AC,47.85901
Link,urban central gas CHP,MK0 0,gas,-116.72928
Link,urban central gas CHP,MK0 0,urban central heat,47.85901
Link,urban central gas CHP,NL0 0,AC,55.53833
Link,urban central gas CHP,NL0 0,gas,-135.45935
Link,urban central gas CHP,NL0 0,urban central heat,55.53833
Link,urban central gas CHP,NO1 0,AC,19.72882
Link,urban central gas CHP,NO1 0,gas,-48.11908
Link,urban central gas CHP,NO1 0,urban central heat,19.72882
Link,urban central gas CHP,PL0 0,AC,115.63531
Link,urban central gas CHP,PL0 0,gas,-282.03733
Link,urban central gas CHP,PL0 0,urban central heat,115.63531
Link,urban central gas CHP,PT0 0,AC,51.0076
Link,urban central gas CHP,PT0 0,gas,-124.40879
Link,urban central gas CHP,PT0 0,urban central heat,51.0076
Link,urban central gas CHP,RO0 0,AC,49.24397
Link,urban central gas CHP,RO0 0,gas,-120.10724
Link,urban central gas CHP,RO0 0,urban central heat,49.24397
Link,urban central gas CHP,RS0 0,AC,45.24611
Link,urban central gas CHP,RS0 0,gas,-110.35637
Link,urban central gas CHP,RS0 0,urban central heat,45.24611
Link,urban central gas CHP,SE1 0,AC,22.7291
Link,urban central gas CHP,SE1 0,gas,-55.43683
Link,urban central gas CHP,SE1 0,urban central heat,22.7291
Link,urban central gas CHP,SI0 0,AC,59.90046
Link,urban central gas CHP,SI0 0,gas,-146.09868
Link,urban central gas CHP,SI0 0,urban central heat,59.90046
Link,urban central gas CHP,SK0 0,AC,68.24896
Link,urban central gas CHP,SK0 0,gas,-166.46087
Link,urban central gas CHP,SK0 0,urban central heat,68.24896
Link,urban central gas CHP,XK0 0,AC,29.92823
Link,urban central gas CHP,XK0 0,gas,-72.99568
Link,urban central gas CHP,XK0 0,urban central heat,29.92823
Link,urban central gas boiler,,co2,1811108.48599
Link,urban central gas boiler,AL0 0,gas,-57825.61707
Link,urban central gas boiler,AL0 0,urban central heat,60138.64176
Link,urban central gas boiler,AT0 0,gas,-2371109.77042
Link,urban central gas boiler,AT0 0,urban central heat,2465954.16124
Link,urban central gas boiler,BA0 0,gas,-360455.25463
Link,urban central gas boiler,BA0 0,urban central heat,374873.46482
Link,urban central gas boiler,BE0 0,gas,-6048711.07093
Link,urban central gas boiler,BE0 0,urban central heat,6290659.51377
Link,urban central gas boiler,BG0 0,gas,-933326.36659
Link,urban central gas boiler,BG0 0,urban central heat,970659.42125
Link,urban central gas boiler,CH0 0,gas,-1370650.61209
Link,urban central gas boiler,CH0 0,urban central heat,1425476.63657
Link,urban central gas boiler,CZ0 0,gas,-6909996.70943
Link,urban central gas boiler,CZ0 0,urban central heat,7186396.57781
Link,urban central gas boiler,DE0 0,gas,-6358160.93319
Link,urban central gas boiler,DE0 0,urban central heat,6612487.37052
Link,urban central gas boiler,DE0 1,gas,-1227527.09521
Link,urban central gas boiler,DE0 1,urban central heat,1276628.17902
Link,urban central gas boiler,DE0 2,gas,-14102475.23302
Link,urban central gas boiler,DE0 2,urban central heat,14666574.24234
Link,urban central gas boiler,DE0 3,gas,-2602456.06462
Link,urban central gas boiler,DE0 3,urban central heat,2706554.3072
Link,urban central gas boiler,DE0 4,gas,-19433649.04338
Link,urban central gas boiler,DE0 4,urban central heat,20210995.00512
Link,urban central gas boiler,DE0 5,gas,-5188257.34236
Link,urban central gas boiler,DE0 5,urban central heat,5395787.63606
Link,urban central gas boiler,DK0 0,gas,-3441880.63363
Link,urban central gas boiler,DK0 0,urban central heat,3579555.85897
Link,urban central gas boiler,DK1 0,gas,-1723447.79639
Link,urban central gas boiler,DK1 0,urban central heat,1792385.70824
Link,urban central gas boiler,EE0 0,gas,-881238.0859
Link,urban central gas boiler,EE0 0,urban central heat,916487.60934
Link,urban central gas boiler,ES0 0,gas,-4175044.20437
Link,urban central gas boiler,ES0 0,urban central heat,4342045.97254
Link,urban central gas boiler,ES6 0,gas,-37153.09374
Link,urban central gas boiler,ES6 0,urban central heat,38639.21749
Link,urban central gas boiler,EU,co2,37788413.8398
Link,urban central gas boiler,FI1 0,gas,-6815800.80128
Link,urban central gas boiler,FI1 0,urban central heat,7088432.83333
Link,urban central gas boiler,FR0 0,gas,-14690994.91635
Link,urban central gas boiler,FR0 0,urban central heat,15278634.713
Link,urban central gas boiler,FR0 1,gas,-9321570.19684
Link,urban central gas boiler,FR0 1,urban central heat,9694433.00471
Link,urban central gas boiler,FR0 2,gas,-1659799.87779
Link,urban central gas boiler,FR0 2,urban central heat,1726191.8729
Link,urban central gas boiler,FR0 3,gas,-3864350.90637
Link,urban central gas boiler,FR0 3,urban central heat,4018924.94262
Link,urban central gas boiler,FR0 4,gas,-1482659.9138
Link,urban central gas boiler,FR0 4,urban central heat,1541966.31035
Link,urban central gas boiler,GB2 0,gas,-2146729.24705
Link,urban central gas boiler,GB2 0,urban central heat,2232598.41693
Link,urban central gas boiler,GB2 1,gas,-6937408.5587
Link,urban central gas boiler,GB2 1,urban central heat,7214904.90104
Link,urban central gas boiler,GB3 0,gas,-62874.74974
Link,urban central gas boiler,GB3 0,urban central heat,65389.73973
Link,urban central gas boiler,GR0 0,gas,-2575181.71911
Link,urban central gas boiler,GR0 0,urban central heat,2678188.98787
Link,urban central gas boiler,HR0 0,gas,-612389.57261
Link,urban central gas boiler,HR0 0,urban central heat,636885.15552
Link,urban central gas boiler,HU0 0,gas,-2902801.56727
Link,urban central gas boiler,HU0 0,urban central heat,3018913.62996
Link,urban central gas boiler,IE3 0,gas,-523627.10911
Link,urban central gas boiler,IE3 0,urban central heat,544572.19348
Link,urban central gas boiler,IT0 0,gas,-7994234.22821
Link,urban central gas boiler,IT0 0,urban central heat,8314003.59734
Link,urban central gas boiler,IT0 1,gas,-12213249.60691
Link,urban central gas boiler,IT0 1,urban central heat,12701779.59119
Link,urban central gas boiler,IT4 0,gas,-136788.29977
Link,urban central gas boiler,IT4 0,urban central heat,142259.83177
Link,urban central gas boiler,LT0 0,gas,-1423029.49211
Link,urban central gas boiler,LT0 0,urban central heat,1479950.6718
Link,urban central gas boiler,LU0 0,gas,-416847.57212
Link,urban central gas boiler,LU0 0,urban central heat,433521.475
Link,urban central gas boiler,LV0 0,gas,-980063.19325
Link,urban central gas boiler,LV0 0,urban central heat,1019265.72098
Link,urban central gas boiler,ME0 0,gas,-24514.78788
Link,urban central gas boiler,ME0 0,urban central heat,25495.37939
Link,urban central gas boiler,MK0 0,gas,-309915.98501
Link,urban central gas boiler,MK0 0,urban central heat,322312.62441
Link,urban central gas boiler,NL0 0,gas,-6900369.89382
Link,urban central gas boiler,NL0 0,urban central heat,7176384.68958
Link,urban central gas boiler,NO1 0,gas,-1716222.02285
Link,urban central gas boiler,NO1 0,urban central heat,1784870.90376
Link,urban central gas boiler,PL0 0,gas,-21291874.64284
Link,urban central gas boiler,PL0 0,urban central heat,22143549.62856
Link,urban central gas boiler,PT0 0,gas,-1178543.77615
Link,urban central gas boiler,PT0 0,urban central heat,1225685.52719
Link,urban central gas boiler,RO0 0,gas,-2331678.34785
Link,urban central gas boiler,RO0 0,urban central heat,2424945.48176
Link,urban central gas boiler,RS0 0,gas,-1921724.66591
Link,urban central gas boiler,RS0 0,urban central heat,1998593.65254
Link,urban central gas boiler,SE1 0,gas,-8856720.99484
Link,urban central gas boiler,SE1 0,urban central heat,9210989.83464
Link,urban central gas boiler,SI0 0,gas,-398204.82086
Link,urban central gas boiler,SI0 0,urban central heat,414133.01369
Link,urban central gas boiler,SK0 0,gas,-1084011.02775
Link,urban central gas boiler,SK0 0,urban central heat,1127371.46886
Link,urban central gas boiler,XK0 0,gas,-40.08285
Link,urban central gas boiler,XK0 0,urban central heat,41.68617
Link,urban central resistive heater,AL0 0,low voltage,-16570.25868
Link,urban central resistive heater,AL0 0,urban central heat,16404.55609
Link,urban central resistive heater,AT0 0,low voltage,-146599.69822
Link,urban central resistive heater,AT0 0,urban central heat,145133.70124
Link,urban central resistive heater,BA0 0,low voltage,-46346.38384
Link,urban central resistive heater,BA0 0,urban central heat,45882.92
Link,urban central resistive heater,BE0 0,low voltage,-268302.57446
Link,urban central resistive heater,BE0 0,urban central heat,265619.54871
Link,urban central resistive heater,BG0 0,low voltage,-240300.78126
Link,urban central resistive heater,BG0 0,urban central heat,237897.77345
Link,urban central resistive heater,CH0 0,low voltage,-508330.69894
Link,urban central resistive heater,CH0 0,urban central heat,503247.39195
Link,urban central resistive heater,CZ0 0,low voltage,-219630.95346
Link,urban central resistive heater,CZ0 0,urban central heat,217434.64393
Link,urban central resistive heater,DE0 0,low voltage,-642420.52416
Link,urban central resistive heater,DE0 0,urban central heat,635996.31892
Link,urban central resistive heater,DE0 1,low voltage,-40638.32718
Link,urban central resistive heater,DE0 1,urban central heat,40231.94391
Link,urban central resistive heater,DE0 2,low voltage,-1832244.20116
Link,urban central resistive heater,DE0 2,urban central heat,1813921.75915
Link,urban central resistive heater,DE0 3,low voltage,-78762.64868
Link,urban central resistive heater,DE0 3,urban central heat,77975.02219
Link,urban central resistive heater,DE0 4,low voltage,-14343.46405
Link,urban central resistive heater,DE0 4,urban central heat,14200.0294
Link,urban central resistive heater,DE0 5,low voltage,-260389.7051
Link,urban central resistive heater,DE0 5,urban central heat,257785.80805
Link,urban central resistive heater,DK0 0,low voltage,-250011.17078
Link,urban central resistive heater,DK0 0,urban central heat,247511.05907
Link,urban central resistive heater,DK1 0,low voltage,-246015.55132
Link,urban central resistive heater,DK1 0,urban central heat,243555.39581
Link,urban central resistive heater,EE0 0,low voltage,-266273.34892
Link,urban central resistive heater,EE0 0,urban central heat,263610.61543
Link,urban central resistive heater,ES0 0,low voltage,-234230.14643
Link,urban central resistive heater,ES0 0,urban central heat,231887.84496
Link,urban central resistive heater,ES6 0,low voltage,-26845.0652
Link,urban central resistive heater,ES6 0,urban central heat,26576.61455
Link,urban central resistive heater,FI1 0,low voltage,-682.67055
Link,urban central resistive heater,FI1 0,urban central heat,675.84385
Link,urban central resistive heater,FR0 0,low voltage,-237815.36435
Link,urban central resistive heater,FR0 0,urban central heat,235437.21071
Link,urban central resistive heater,FR0 1,low voltage,-115014.34436
Link,urban central resistive heater,FR0 1,urban central heat,113864.20091
Link,urban central resistive heater,FR0 2,low voltage,-238774.3532
Link,urban central resistive heater,FR0 2,urban central heat,236386.60967
Link,urban central resistive heater,FR0 3,low voltage,-400557.26009
Link,urban central resistive heater,FR0 3,urban central heat,396551.68749
Link,urban central resistive heater,FR0 4,low voltage,-226556.7321
Link,urban central resistive heater,FR0 4,urban central heat,224291.16478
Link,urban central resistive heater,GB2 0,low voltage,-861277.08772
Link,urban central resistive heater,GB2 0,urban central heat,852664.31684
Link,urban central resistive heater,GB2 1,low voltage,-1441036.94715
Link,urban central resistive heater,GB2 1,urban central heat,1426626.57768
Link,urban central resistive heater,GB3 0,low voltage,-43048.26152
Link,urban central resistive heater,GB3 0,urban central heat,42617.77891
Link,urban central resistive heater,GR0 0,low voltage,-78700.83803
Link,urban central resistive heater,GR0 0,urban central heat,77913.82965
Link,urban central resistive heater,HR0 0,low voltage,-21009.18418
Link,urban central resistive heater,HR0 0,urban central heat,20799.09234
Link,urban central resistive heater,HU0 0,low voltage,-51705.80506
Link,urban central resistive heater,HU0 0,urban central heat,51188.74701
Link,urban central resistive heater,IE3 0,low voltage,-225145.49186
Link,urban central resistive heater,IE3 0,urban central heat,222894.03694
Link,urban central resistive heater,IT0 0,low voltage,-213.717
Link,urban central resistive heater,IT0 0,urban central heat,211.57983
Link,urban central resistive heater,IT0 1,low voltage,-149.47652
Link,urban central resistive heater,IT0 1,urban central heat,147.98175
Link,urban central resistive heater,IT4 0,low voltage,-3362.27557
Link,urban central resistive heater,IT4 0,urban central heat,3328.65282
Link,urban central resistive heater,LT0 0,low voltage,-92229.20139
Link,urban central resistive heater,LT0 0,urban central heat,91306.90937
Link,urban central resistive heater,LU0 0,low voltage,-113884.43956
Link,urban central resistive heater,LU0 0,urban central heat,112745.59516
Link,urban central resistive heater,LV0 0,low voltage,-59453.18073
Link,urban central resistive heater,LV0 0,urban central heat,58858.64892
Link,urban central resistive heater,ME0 0,low voltage,-6702.27965
Link,urban central resistive heater,ME0 0,urban central heat,6635.25686
Link,urban central resistive heater,MK0 0,low voltage,-50622.00512
Link,urban central resistive heater,MK0 0,urban central heat,50115.78507
Link,urban central resistive heater,NL0 0,low voltage,-1421551.50708
Link,urban central resistive heater,NL0 0,urban central heat,1407335.99201
Link,urban central resistive heater,NO1 0,low voltage,-11923.04567
Link,urban central resistive heater,NO1 0,urban central heat,11803.81521
Link,urban central resistive heater,PL0 0,low voltage,-1586810.25819
Link,urban central resistive heater,PL0 0,urban central heat,1570942.15561
Link,urban central resistive heater,PT0 0,low voltage,-239682.78948
Link,urban central resistive heater,PT0 0,urban central heat,237285.96159
Link,urban central resistive heater,RO0 0,low voltage,-148228.85332
Link,urban central resistive heater,RO0 0,urban central heat,146746.56479
Link,urban central resistive heater,RS0 0,low voltage,-231034.6767
Link,urban central resistive heater,RS0 0,urban central heat,228724.32993
Link,urban central resistive heater,SE1 0,low voltage,-366.65996
Link,urban central resistive heater,SE1 0,urban central heat,362.99336
Link,urban central resistive heater,SI0 0,low voltage,-28098.4707
Link,urban central resistive heater,SI0 0,urban central heat,27817.48599
Link,urban central resistive heater,SK0 0,low voltage,-33152.80712
Link,urban central resistive heater,SK0 0,urban central heat,32821.27905
Link,urban central resistive heater,XK0 0,low voltage,-10783.7784
Link,urban central resistive heater,XK0 0,urban central heat,10675.94062
Link,urban central solid biomass CHP,AL0 0,AC,126753.60613
Link,urban central solid biomass CHP,AL0 0,solid biomass,-469631.73815
Link,urban central solid biomass CHP,AL0 0,urban central heat,387211.3681
Link,urban central solid biomass CHP,AT0 0,AC,3584038.72767
Link,urban central solid biomass CHP,AT0 0,solid biomass,-13279135.70832
Link,urban central solid biomass CHP,AT0 0,urban central heat,10948647.39151
Link,urban central solid biomass CHP,BA0 0,AC,651935.0914
Link,urban central solid biomass CHP,BA0 0,solid biomass,-2415469.03076
Link,urban central solid biomass CHP,BA0 0,urban central heat,1991554.21586
Link,urban central solid biomass CHP,BE0 0,AC,22.22684
Link,urban central solid biomass CHP,BE0 0,solid biomass,-82.35212
Link,urban central solid biomass CHP,BE0 0,urban central heat,67.89932
Link,urban central solid biomass CHP,BG0 0,AC,1175246.11297
Link,urban central solid biomass CHP,BG0 0,solid biomass,-4354376.11326
Link,urban central solid biomass CHP,BG0 0,urban central heat,3590183.10538
Link,urban central solid biomass CHP,CH0 0,AC,2163011.468
Link,urban central solid biomass CHP,CH0 0,solid biomass,-8014121.77843
Link,urban central solid biomass CHP,CH0 0,urban central heat,6607643.40632
Link,urban central solid biomass CHP,CZ0 0,AC,3004576.2514
Link,urban central solid biomass CHP,CZ0 0,solid biomass,-11132183.2212
Link,urban central solid biomass CHP,CZ0 0,urban central heat,9178485.06588
Link,urban central solid biomass CHP,DE0 0,AC,2312635.4475
Link,urban central solid biomass CHP,DE0 0,solid biomass,-8568489.98704
Link,urban central solid biomass CHP,DE0 0,urban central heat,7064719.99432
Link,urban central solid biomass CHP,DE0 1,AC,1376779.43059
Link,urban central solid biomass CHP,DE0 1,solid biomass,-5101072.36233
Link,urban central solid biomass CHP,DE0 1,urban central heat,4205834.16275
Link,urban central solid biomass CHP,DE0 2,AC,23.99585
Link,urban central solid biomass CHP,DE0 2,solid biomass,-88.90646
Link,urban central solid biomass CHP,DE0 2,urban central heat,73.30338
Link,urban central solid biomass CHP,DE0 3,AC,2771434.93548
Link,urban central solid biomass CHP,DE0 3,solid biomass,-10268376.93768
Link,urban central solid biomass CHP,DE0 3,urban central heat,8466276.78512
Link,urban central solid biomass CHP,DE0 4,AC,792252.81674
Link,urban central solid biomass CHP,DE0 4,solid biomass,-2935356.86082
Link,urban central solid biomass CHP,DE0 4,urban central heat,2420201.73175
Link,urban central solid biomass CHP,DE0 5,AC,2120436.66286
Link,urban central solid biomass CHP,DE0 5,solid biomass,-7856378.89167
Link,urban central solid biomass CHP,DE0 5,urban central heat,6477584.39618
Link,urban central solid biomass CHP,DK0 0,AC,737928.49924
Link,urban central solid biomass CHP,DK0 0,solid biomass,-2734081.13836
Link,urban central solid biomass CHP,DK0 0,urban central heat,2254249.89858
Link,urban central solid biomass CHP,DK1 0,AC,9.00126
Link,urban central solid biomass CHP,DK1 0,solid biomass,-33.35037
Link,urban central solid biomass CHP,DK1 0,urban central heat,27.49738
Link,urban central solid biomass CHP,EE0 0,AC,776093.49169
Link,urban central solid biomass CHP,EE0 0,solid biomass,-2875485.33418
Link,urban central solid biomass CHP,EE0 0,urban central heat,2370837.65803
Link,urban central solid biomass CHP,ES0 0,AC,1918406.04716
Link,urban central solid biomass CHP,ES0 0,solid biomass,-7107840.11545
Link,urban central solid biomass CHP,ES0 0,urban central heat,5860414.17518
Link,urban central solid biomass CHP,ES6 0,AC,8.6665
Link,urban central solid biomass CHP,ES6 0,solid biomass,-32.11004
Link,urban central solid biomass CHP,ES6 0,urban central heat,26.47473
Link,urban central solid biomass CHP,FI1 0,AC,5560895.18849
Link,urban central solid biomass CHP,FI1 0,solid biomass,-20603539.04592
Link,urban central solid biomass CHP,FI1 0,urban central heat,16987617.94336
Link,urban central solid biomass CHP,FR0 0,AC,795313.64301
Link,urban central solid biomass CHP,FR0 0,solid biomass,-2946697.45466
Link,urban central solid biomass CHP,FR0 0,urban central heat,2429552.05137
Link,urban central solid biomass CHP,FR0 1,AC,66.95967
Link,urban central solid biomass CHP,FR0 1,solid biomass,-248.09065
Link,urban central solid biomass CHP,FR0 1,urban central heat,204.55074
Link,urban central solid biomass CHP,FR0 2,AC,1766726.63255
Link,urban central solid biomass CHP,FR0 2,solid biomass,-6545856.36365
Link,urban central solid biomass CHP,FR0 2,urban central heat,5397058.57183
Link,urban central solid biomass CHP,FR0 3,AC,1719579.21173
Link,urban central solid biomass CHP,FR0 3,solid biomass,-6371171.58848
Link,urban central solid biomass CHP,FR0 3,urban central heat,5253030.9747
Link,urban central solid biomass CHP,FR0 4,AC,1404313.34602
Link,urban central solid biomass CHP,FR0 4,solid biomass,-5203087.61032
Link,urban central solid biomass CHP,FR0 4,urban central heat,4289945.73471
Link,urban central solid biomass CHP,GB2 0,AC,790932.41231
Link,urban central solid biomass CHP,GB2 0,solid biomass,-2930464.66214
Link,urban central solid biomass CHP,GB2 0,urban central heat,2416168.11393
Link,urban central solid biomass CHP,GB2 1,AC,1992225.36857
Link,urban central solid biomass CHP,GB2 1,solid biomass,-7381346.30816
Link,urban central solid biomass CHP,GB2 1,urban central heat,6085920.03108
Link,urban central solid biomass CHP,GB3 0,AC,104003.4728
Link,urban central solid biomass CHP,GB3 0,solid biomass,-385340.76622
Link,urban central solid biomass CHP,GB3 0,urban central heat,317713.46175
Link,urban central solid biomass CHP,GR0 0,AC,46.01271
Link,urban central solid biomass CHP,GR0 0,solid biomass,-170.48058
Link,urban central solid biomass CHP,GR0 0,urban central heat,140.56124
Link,urban central solid biomass CHP,HR0 0,AC,921810.23187
Link,urban central solid biomass CHP,HR0 0,solid biomass,-3415376.92431
Link,urban central solid biomass CHP,HR0 0,urban central heat,2815978.27409
Link,urban central solid biomass CHP,HU0 0,AC,1873783.67226
Link,urban central solid biomass CHP,HU0 0,solid biomass,-6942510.8272
Link,urban central solid biomass CHP,HU0 0,urban central heat,5724100.17703
Link,urban central solid biomass CHP,IE3 0,AC,185308.29995
Link,urban central solid biomass CHP,IE3 0,solid biomass,-686581.32624
Link,urban central solid biomass CHP,IE3 0,urban central heat,566086.30349
Link,urban central solid biomass CHP,IT0 0,AC,21.90174
Link,urban central solid biomass CHP,IT0 0,solid biomass,-81.14761
Link,urban central solid biomass CHP,IT0 0,urban central heat,66.90621
Link,urban central solid biomass CHP,IT0 1,AC,1556592.59437
Link,urban central solid biomass CHP,IT0 1,solid biomass,-5767293.79165
Link,urban central solid biomass CHP,IT0 1,urban central heat,4755133.73121
Link,urban central solid biomass CHP,IT4 0,AC,23.29879
Link,urban central solid biomass CHP,IT4 0,solid biomass,-86.3238
Link,urban central solid biomass CHP,IT4 0,urban central heat,71.17397
Link,urban central solid biomass CHP,LT0 0,AC,1115244.23186
Link,urban central solid biomass CHP,LT0 0,solid biomass,-4132064.58636
Link,urban central solid biomass CHP,LT0 0,urban central heat,3406887.25145
Link,urban central solid biomass CHP,LU0 0,AC,170655.19677
Link,urban central solid biomass CHP,LU0 0,solid biomass,-632290.466
Link,urban central solid biomass CHP,LU0 0,urban central heat,521323.48921
Link,urban central solid biomass CHP,LV0 0,AC,966319.72905
Link,urban central solid biomass CHP,LV0 0,solid biomass,-3580287.99204
Link,urban central solid biomass CHP,LV0 0,urban central heat,2951947.44944
Link,urban central solid biomass CHP,ME0 0,AC,63670.68976
Link,urban central solid biomass CHP,ME0 0,solid biomass,-235904.74159
Link,urban central solid biomass CHP,ME0 0,urban central heat,194503.45944
Link,urban central solid biomass CHP,MK0 0,AC,390220.61302
Link,urban central solid biomass CHP,MK0 0,solid biomass,-1445797.01008
Link,urban central solid biomass CHP,MK0 0,urban central heat,1192059.63481
Link,urban central solid biomass CHP,NL0 0,AC,35.79154
Link,urban central solid biomass CHP,NL0 0,solid biomass,-132.61038
Link,urban central solid biomass CHP,NL0 0,urban central heat,109.33726
Link,urban central solid biomass CHP,NO1 0,AC,9.32712
Link,urban central solid biomass CHP,NO1 0,solid biomass,-34.55768
Link,urban central solid biomass CHP,NO1 0,urban central heat,28.49281
Link,urban central solid biomass CHP,PL0 0,AC,6377106.56745
Link,urban central solid biomass CHP,PL0 0,solid biomass,-23627664.19951
Link,urban central solid biomass CHP,PL0 0,urban central heat,19481009.1325
Link,urban central solid biomass CHP,PT0 0,AC,553086.34145
Link,urban central solid biomass CHP,PT0 0,solid biomass,-2049226.90422
Link,urban central solid biomass CHP,PT0 0,urban central heat,1689587.58253
Link,urban central solid biomass CHP,RO0 0,AC,2189804.39147
Link,urban central solid biomass CHP,RO0 0,solid biomass,-8113391.59494
Link,urban central solid biomass CHP,RO0 0,urban central heat,6689491.37003
Link,urban central solid biomass CHP,RS0 0,AC,1509480.15487
Link,urban central solid biomass CHP,RS0 0,solid biomass,-5592738.62493
Link,urban central solid biomass CHP,RS0 0,urban central heat,4611212.99626
Link,urban central solid biomass CHP,SE1 0,AC,3321849.617
Link,urban central solid biomass CHP,SE1 0,solid biomass,-12307705.13893
Link,urban central solid biomass CHP,SE1 0,urban central heat,10147702.88705
Link,urban central solid biomass CHP,SI0 0,AC,420847.62201
Link,urban central solid biomass CHP,SI0 0,solid biomass,-1559272.40465
Link,urban central solid biomass CHP,SI0 0,urban central heat,1285620.09763
Link,urban central solid biomass CHP,SK0 0,AC,1172447.16541
Link,urban central solid biomass CHP,SK0 0,solid biomass,-4344005.79995
Link,urban central solid biomass CHP,SK0 0,urban central heat,3581632.78206
Link,urban central solid biomass CHP,XK0 0,AC,18204.08827
Link,urban central solid biomass CHP,XK0 0,solid biomass,-67447.52972
Link,urban central solid biomass CHP,XK0 0,urban central heat,55610.48825
Link,urban central solid biomass CHP CC,,co2,-1815209.03286
Link,urban central solid biomass CHP CC,AL0 0,AC,601.32409
Link,urban central solid biomass CHP CC,AL0 0,co2 stored,864.49031
Link,urban central solid biomass CHP CC,AL0 0,solid biomass,-2619.42947
Link,urban central solid biomass CHP CC,AL0 0,urban central heat,2159.7196
Link,urban central solid biomass CHP CC,AT0 0,AC,537.15274
Link,urban central solid biomass CHP CC,AT0 0,co2 stored,772.23472
Link,urban central solid biomass CHP CC,AT0 0,solid biomass,-2339.89248
Link,urban central solid biomass CHP CC,AT0 0,urban central heat,1929.24135
Link,urban central solid biomass CHP CC,BA0 0,AC,137.72955
Link,urban central solid biomass CHP CC,BA0 0,co2 stored,198.00614
Link,urban central solid biomass CHP CC,BA0 0,solid biomass,-599.96406
Link,urban central solid biomass CHP CC,BA0 0,urban central heat,494.67037
Link,urban central solid biomass CHP CC,BE0 0,AC,22.14166
Link,urban central solid biomass CHP CC,BE0 0,co2 stored,31.83184
Link,urban central solid biomass CHP CC,BE0 0,solid biomass,-96.45135
Link,urban central solid biomass CHP CC,BE0 0,urban central heat,79.52414
Link,urban central solid biomass CHP CC,BG0 0,AC,181.31214
Link,urban central solid biomass CHP CC,BG0 0,co2 stored,260.66242
Link,urban central solid biomass CHP CC,BG0 0,solid biomass,-789.81431
Link,urban central solid biomass CHP CC,BG0 0,urban central heat,651.2019
Link,urban central solid biomass CHP CC,CH0 0,AC,435.50601
Link,urban central solid biomass CHP CC,CH0 0,co2 stored,626.10285
Link,urban central solid biomass CHP CC,CH0 0,solid biomass,-1897.10889
Link,urban central solid biomass CHP CC,CH0 0,urban central heat,1564.16628
Link,urban central solid biomass CHP CC,CZ0 0,AC,253.91794
Link,urban central solid biomass CHP CC,CZ0 0,co2 stored,365.04374
Link,urban central solid biomass CHP CC,CZ0 0,solid biomass,-1106.09261
Link,urban central solid biomass CHP CC,CZ0 0,urban central heat,911.97336
Link,urban central solid biomass CHP CC,DE0 0,AC,475065.24333
Link,urban central solid biomass CHP CC,DE0 0,co2 stored,682974.96659
Link,urban central solid biomass CHP CC,DE0 0,solid biomass,-2069432.98061
Link,urban central solid biomass CHP CC,DE0 0,urban central heat,1706247.49251
Link,urban central solid biomass CHP CC,DE0 1,AC,1447.93629
Link,urban central solid biomass CHP CC,DE0 1,co2 stored,2081.61774
Link,urban central solid biomass CHP CC,DE0 1,solid biomass,-6307.35915
Link,urban central solid biomass CHP CC,DE0 1,urban central heat,5200.41762
Link,urban central solid biomass CHP CC,DE0 2,AC,19.22608
Link,urban central solid biomass CHP CC,DE0 2,co2 stored,27.64026
Link,urban central solid biomass CHP CC,DE0 2,solid biomass,-83.75076
Link,urban central solid biomass CHP CC,DE0 2,urban central heat,69.0525
Link,urban central solid biomass CHP CC,DE0 3,AC,475.80753
Link,urban central solid biomass CHP CC,DE0 3,co2 stored,684.04211
Link,urban central solid biomass CHP CC,DE0 3,solid biomass,-2072.66644
Link,urban central solid biomass CHP CC,DE0 3,urban central heat,1708.91348
Link,urban central solid biomass CHP CC,DE0 4,AC,73.29818
Link,urban central solid biomass CHP CC,DE0 4,co2 stored,105.37674
Link,urban central solid biomass CHP CC,DE0 4,solid biomass,-319.29442
Link,urban central solid biomass CHP CC,DE0 4,urban central heat,263.25825
Link,urban central solid biomass CHP CC,DE0 5,AC,169424.7502
Link,urban central solid biomass CHP CC,DE0 5,co2 stored,243572.57184
Link,urban central solid biomass CHP CC,DE0 5,solid biomass,-738031.60877
Link,urban central solid biomass CHP CC,DE0 5,urban central heat,608507.06143
Link,urban central solid biomass CHP CC,DK0 0,AC,397.69929
Link,urban central solid biomass CHP CC,DK0 0,co2 stored,571.75023
Link,urban central solid biomass CHP CC,DK0 0,solid biomass,-1732.41895
Link,urban central solid biomass CHP CC,DK0 0,urban central heat,1428.37943
Link,urban central solid biomass CHP CC,DK1 0,AC,10.32505
Link,urban central solid biomass CHP CC,DK1 0,co2 stored,14.84375
Link,urban central solid biomass CHP CC,DK1 0,solid biomass,-44.97699
Link,urban central solid biomass CHP CC,DK1 0,urban central heat,37.08353
Link,urban central solid biomass CHP CC,EE0 0,AC,160687.00583
Link,urban central solid biomass CHP CC,EE0 0,co2 stored,231010.80111
Link,urban central solid biomass CHP CC,EE0 0,solid biomass,-699969.09707
Link,urban central solid biomass CHP CC,EE0 0,urban central heat,577124.52054
Link,urban central solid biomass CHP CC,ES0 0,AC,730.61024
Link,urban central solid biomass CHP CC,ES0 0,co2 stored,1050.35784
Link,urban central solid biomass CHP CC,ES0 0,solid biomass,-3182.61321
Link,urban central solid biomass CHP CC,ES0 0,urban central heat,2624.0646
Link,urban central solid biomass CHP CC,ES6 0,AC,11.22781
Link,urban central solid biomass CHP CC,ES6 0,co2 stored,16.14161
Link,urban central solid biomass CHP CC,ES6 0,solid biomass,-48.90951
Link,urban central solid biomass CHP CC,ES6 0,urban central heat,40.32589
Link,urban central solid biomass CHP CC,EU,co2,-19948791.70507
Link,urban central solid biomass CHP CC,FI1 0,AC,2310212.19721
Link,urban central solid biomass CHP CC,FI1 0,co2 stored,3321264.01662
Link,urban central solid biomass CHP CC,FI1 0,solid biomass,-10063521.54839
Link,urban central solid biomass CHP CC,FI1 0,urban central heat,8297373.51665
Link,urban central solid biomass CHP CC,FR0 0,AC,70.11587
Link,urban central solid biomass CHP CC,FR0 0,co2 stored,100.80171
Link,urban central solid biomass CHP CC,FR0 0,solid biomass,-305.43195
Link,urban central solid biomass CHP CC,FR0 0,urban central heat,251.82864
Link,urban central solid biomass CHP CC,FR0 1,AC,39.08827
Link,urban central solid biomass CHP CC,FR0 1,co2 stored,56.19504
Link,urban central solid biomass CHP CC,FR0 1,solid biomass,-170.27253
Link,urban central solid biomass CHP CC,FR0 1,urban central heat,140.3897
Link,urban central solid biomass CHP CC,FR0 2,AC,742.25151
Link,urban central solid biomass CHP CC,FR0 2,co2 stored,1067.09386
Link,urban central solid biomass CHP CC,FR0 2,solid biomass,-3233.32381
Link,urban central solid biomass CHP CC,FR0 2,urban central heat,2665.87548
Link,urban central solid biomass CHP CC,FR0 3,AC,303.34267
Link,urban central solid biomass CHP CC,FR0 3,co2 stored,436.09895
Link,urban central solid biomass CHP CC,FR0 3,solid biomass,-1321.39183
Link,urban central solid biomass CHP CC,FR0 3,urban central heat,1089.48756
Link,urban central solid biomass CHP CC,FR0 4,AC,292.3527
Link,urban central solid biomass CHP CC,FR0 4,co2 stored,420.29927
Link,urban central solid biomass CHP CC,FR0 4,solid biomass,-1273.51837
Link,urban central solid biomass CHP CC,FR0 4,urban central heat,1050.01589
Link,urban central solid biomass CHP CC,GB2 0,AC,1212299.21439
Link,urban central solid biomass CHP CC,GB2 0,co2 stored,1742855.38055
Link,urban central solid biomass CHP CC,GB2 0,solid biomass,-5280899.85924
Link,urban central solid biomass CHP CC,GB2 0,urban central heat,4354101.93395
Link,urban central solid biomass CHP CC,GB2 1,AC,2043.55819
Link,urban central solid biomass CHP CC,GB2 1,co2 stored,2937.91033
Link,urban central solid biomass CHP CC,GB2 1,solid biomass,-8901.94932
Link,urban central solid biomass CHP CC,GB2 1,urban central heat,7339.65721
Link,urban central solid biomass CHP CC,GB3 0,AC,48284.3559
Link,urban central solid biomass CHP CC,GB3 0,co2 stored,69415.74198
Link,urban central solid biomass CHP CC,GB3 0,solid biomass,-210331.61223
Link,urban central solid biomass CHP CC,GB3 0,urban central heat,173418.41428
Link,urban central solid biomass CHP CC,GR0 0,AC,34.19
Link,urban central solid biomass CHP CC,GR0 0,co2 stored,49.15307
Link,urban central solid biomass CHP CC,GR0 0,solid biomass,-148.93516
Link,urban central solid biomass CHP CC,GR0 0,urban central heat,122.79704
Link,urban central solid biomass CHP CC,HR0 0,AC,367.2843
Link,urban central solid biomass CHP CC,HR0 0,co2 stored,528.02428
Link,urban central solid biomass CHP CC,HR0 0,solid biomass,-1599.92814
Link,urban central solid biomass CHP CC,HR0 0,urban central heat,1319.14075
Link,urban central solid biomass CHP CC,HU0 0,AC,338.62767
Link,urban central solid biomass CHP CC,HU0 0,co2 stored,486.82623
Link,urban central solid biomass CHP CC,HU0 0,solid biomass,-1475.09691
Link,urban central solid biomass CHP CC,HU0 0,urban central heat,1216.2174
Link,urban central solid biomass CHP CC,IE3 0,AC,352.82823
Link,urban central solid biomass CHP CC,IE3 0,co2 stored,507.24159
Link,urban central solid biomass CHP CC,IE3 0,solid biomass,-1536.95601
Link,urban central solid biomass CHP CC,IE3 0,urban central heat,1267.22023
Link,urban central solid biomass CHP CC,IT0 0,AC,21.35085
Link,urban central solid biomass CHP CC,IT0 0,co2 stored,30.69494
Link,urban central solid biomass CHP CC,IT0 0,solid biomass,-93.00651
Link,urban central solid biomass CHP CC,IT0 0,urban central heat,76.68387
Link,urban central solid biomass CHP CC,IT0 1,AC,69.44659
Link,urban central solid biomass CHP CC,IT0 1,co2 stored,99.83952
Link,urban central solid biomass CHP CC,IT0 1,solid biomass,-302.51649
Link,urban central solid biomass CHP CC,IT0 1,urban central heat,249.42485
Link,urban central solid biomass CHP CC,IT4 0,AC,24.16992
Link,urban central solid biomass CHP CC,IT4 0,co2 stored,34.74775
Link,urban central solid biomass CHP CC,IT4 0,solid biomass,-105.28665
Link,urban central solid biomass CHP CC,IT4 0,urban central heat,86.80884
Link,urban central solid biomass CHP CC,LT0 0,AC,200122.6091
Link,urban central solid biomass CHP CC,LT0 0,co2 stored,287705.18193
Link,urban central solid biomass CHP CC,LT0 0,solid biomass,-871754.63422
Link,urban central solid biomass CHP CC,LT0 0,urban central heat,718761.69591
Link,urban central solid biomass CHP CC,LU0 0,AC,205.33201
Link,urban central solid biomass CHP CC,LU0 0,co2 stored,295.19445
Link,urban central solid biomass CHP CC,LU0 0,solid biomass,-894.44731
Link,urban central solid biomass CHP CC,LU0 0,urban central heat,737.47181
Link,urban central solid biomass CHP CC,LV0 0,AC,300211.14628
Link,urban central solid biomass CHP CC,LV0 0,co2 stored,431596.92375
Link,urban central solid biomass CHP CC,LV0 0,solid biomass,-1307750.5795
Link,urban central solid biomass CHP CC,LV0 0,urban central heat,1078240.35279
Link,urban central solid biomass CHP CC,ME0 0,AC,306.99849
Link,urban central solid biomass CHP CC,ME0 0,co2 stored,441.35471
Link,urban central solid biomass CHP CC,ME0 0,solid biomass,-1337.31693
Link,urban central solid biomass CHP CC,ME0 0,urban central heat,1102.61781
Link,urban central solid biomass CHP CC,MK0 0,AC,124.00302
Link,urban central solid biomass CHP CC,MK0 0,co2 stored,178.27227
Link,urban central solid biomass CHP CC,MK0 0,solid biomass,-540.16988
Link,urban central solid biomass CHP CC,MK0 0,urban central heat,445.37007
Link,urban central solid biomass CHP CC,NL0 0,AC,33.49905
Link,urban central solid biomass CHP CC,NL0 0,co2 stored,48.15973
Link,urban central solid biomass CHP CC,NL0 0,solid biomass,-145.92531
Link,urban central solid biomass CHP CC,NL0 0,urban central heat,120.31542
Link,urban central solid biomass CHP CC,NO1 0,AC,10.10466
Link,urban central solid biomass CHP CC,NO1 0,co2 stored,14.52691
Link,urban central solid biomass CHP CC,NO1 0,solid biomass,-44.01695
Link,urban central solid biomass CHP CC,NO1 0,urban central heat,36.29197
Link,urban central solid biomass CHP CC,PL0 0,AC,1051867.79945
Link,urban central solid biomass CHP CC,PL0 0,co2 stored,1512212.02829
Link,urban central solid biomass CHP CC,PL0 0,solid biomass,-4582044.14233
Link,urban central solid biomass CHP CC,PL0 0,urban central heat,3777895.39535
Link,urban central solid biomass CHP CC,PT0 0,AC,395.86775
Link,urban central solid biomass CHP CC,PT0 0,co2 stored,569.11712
Link,urban central solid biomass CHP CC,PT0 0,solid biomass,-1724.44055
Link,urban central solid biomass CHP CC,PT0 0,urban central heat,1421.80124
Link,urban central solid biomass CHP CC,RO0 0,AC,519.05464
Link,urban central solid biomass CHP CC,RO0 0,co2 stored,746.21609
Link,urban central solid biomass CHP CC,RO0 0,solid biomass,-2261.05532
Link,urban central solid biomass CHP CC,RO0 0,urban central heat,1864.24011
Link,urban central solid biomass CHP CC,RS0 0,AC,102.24754
Link,urban central solid biomass CHP CC,RS0 0,co2 stored,146.99562
Link,urban central solid biomass CHP CC,RS0 0,solid biomass,-445.40077
Link,urban central solid biomass CHP CC,RS0 0,urban central heat,367.23294
Link,urban central solid biomass CHP CC,SE1 0,AC,9197989.80729
Link,urban central solid biomass CHP CC,SE1 0,co2 stored,13223440.08442
Link,urban central solid biomass CHP CC,SE1 0,solid biomass,-40067388.06901
Link,urban central solid biomass CHP CC,SE1 0,urban central heat,33035561.4629
Link,urban central solid biomass CHP CC,SI0 0,AC,309.82241
Link,urban central solid biomass CHP CC,SI0 0,co2 stored,445.41451
Link,urban central solid biomass CHP CC,SI0 0,solid biomass,-1349.61824
Link,urban central solid biomass CHP CC,SI0 0,urban central heat,1112.76024
Link,urban central solid biomass CHP CC,SK0 0,AC,347.61902
Link,urban central solid biomass CHP CC,SK0 0,co2 stored,499.75259
Link,urban central solid biomass CHP CC,SK0 0,solid biomass,-1514.26413
Link,urban central solid biomass CHP CC,SK0 0,urban central heat,1248.51077
Link,urban central solid biomass CHP CC,XK0 0,AC,99.44603
Link,urban central solid biomass CHP CC,XK0 0,co2 stored,142.96805
Link,urban central solid biomass CHP CC,XK0 0,solid biomass,-433.19714
Link,urban central solid biomass CHP CC,XK0 0,urban central heat,357.17104
Link,urban decentral air heat pump,AL0 0,low voltage,-21.54466
Link,urban decentral air heat pump,AL0 0,urban decentral heat,55.29128
Link,urban decentral air heat pump,AT0 0,low voltage,-571863.70401
Link,urban decentral air heat pump,AT0 0,urban decentral heat,1281222.23047
Link,urban decentral air heat pump,BA0 0,low voltage,-13.21687
Link,urban decentral air heat pump,BA0 0,urban decentral heat,31.08355
Link,urban decentral air heat pump,BE0 0,low voltage,-153345.60045
Link,urban decentral air heat pump,BE0 0,urban decentral heat,368646.10661
Link,urban decentral air heat pump,BG0 0,low voltage,-654335.86745
Link,urban decentral air heat pump,BG0 0,urban decentral heat,1579288.34141
Link,urban decentral air heat pump,CH0 0,low voltage,-9538076.91854
Link,urban decentral air heat pump,CH0 0,urban decentral heat,20874609.64865
Link,urban decentral air heat pump,CZ0 0,low voltage,-538754.15314
Link,urban decentral air heat pump,CZ0 0,urban decentral heat,1230845.68513
Link,urban decentral air heat pump,DE0 0,low voltage,-406858.23962
Link,urban decentral air heat pump,DE0 0,urban decentral heat,976475.28249
Link,urban decentral air heat pump,DE0 1,low voltage,-199658.72775
Link,urban decentral air heat pump,DE0 1,urban decentral heat,464299.09248
Link,urban decentral air heat pump,DE0 2,low voltage,-637040.49347
Link,urban decentral air heat pump,DE0 2,urban decentral heat,1523899.86148
Link,urban decentral air heat pump,DE0 3,low voltage,-303796.94142
Link,urban decentral air heat pump,DE0 3,urban decentral heat,699254.41224
Link,urban decentral air heat pump,DE0 4,low voltage,-597420.13397
Link,urban decentral air heat pump,DE0 4,urban decentral heat,1404770.74504
Link,urban decentral air heat pump,DE0 5,low voltage,-365455.03589
Link,urban decentral air heat pump,DE0 5,urban decentral heat,863262.45554
Link,urban decentral air heat pump,DK0 0,low voltage,-946769.57569
Link,urban decentral air heat pump,DK0 0,urban decentral heat,2245585.58233
Link,urban decentral air heat pump,DK1 0,low voltage,-656588.04572
Link,urban decentral air heat pump,DK1 0,urban decentral heat,1560314.81988
Link,urban decentral air heat pump,EE0 0,low voltage,-224926.85527
Link,urban decentral air heat pump,EE0 0,urban decentral heat,462950.49113
Link,urban decentral air heat pump,ES0 0,low voltage,-833523.4445
Link,urban decentral air heat pump,ES0 0,urban decentral heat,2221926.69023
Link,urban decentral air heat pump,ES6 0,low voltage,-15664.59206
Link,urban decentral air heat pump,ES6 0,urban decentral heat,46173.51083
Link,urban decentral air heat pump,FI1 0,low voltage,-2470246.08137
Link,urban decentral air heat pump,FI1 0,urban decentral heat,4498509.27571
Link,urban decentral air heat pump,FR0 0,low voltage,-9305193.59847
Link,urban decentral air heat pump,FR0 0,urban decentral heat,22655281.36484
Link,urban decentral air heat pump,FR0 1,low voltage,-5828928.22106
Link,urban decentral air heat pump,FR0 1,urban decentral heat,14052823.79504
Link,urban decentral air heat pump,FR0 2,low voltage,-3211910.64554
Link,urban decentral air heat pump,FR0 2,urban decentral heat,8011414.17857
Link,urban decentral air heat pump,FR0 3,low voltage,-3983021.04666
Link,urban decentral air heat pump,FR0 3,urban decentral heat,9995984.47762
Link,urban decentral air heat pump,FR0 4,low voltage,-2524239.56038
Link,urban decentral air heat pump,FR0 4,urban decentral heat,5960329.51201
Link,urban decentral air heat pump,FR5 0,low voltage,-12.81878
Link,urban decentral air heat pump,FR5 0,urban decentral heat,40.19576
Link,urban decentral air heat pump,GB2 0,low voltage,-302325.05462
Link,urban decentral air heat pump,GB2 0,urban decentral heat,742418.25626
Link,urban decentral air heat pump,GB2 1,low voltage,-530964.39207
Link,urban decentral air heat pump,GB2 1,urban decentral heat,1339060.0715
Link,urban decentral air heat pump,GB3 0,low voltage,-23233.69674
Link,urban decentral air heat pump,GB3 0,urban decentral heat,58260.90283
Link,urban decentral air heat pump,GR0 0,low voltage,-19.65384
Link,urban decentral air heat pump,GR0 0,urban decentral heat,52.17151
Link,urban decentral air heat pump,HR0 0,low voltage,-18.30406
Link,urban decentral air heat pump,HR0 0,urban decentral heat,44.34278
Link,urban decentral air heat pump,HU0 0,low voltage,-29650.83163
Link,urban decentral air heat pump,HU0 0,urban decentral heat,69291.13342
Link,urban decentral air heat pump,IE3 0,low voltage,-54298.60116
Link,urban decentral air heat pump,IE3 0,urban decentral heat,136256.97352
Link,urban decentral air heat pump,IT0 0,low voltage,-11972344.54868
Link,urban decentral air heat pump,IT0 0,urban decentral heat,31780617.69796
Link,urban decentral air heat pump,IT0 1,low voltage,-15861686.88212
Link,urban decentral air heat pump,IT0 1,urban decentral heat,38412399.96574
Link,urban decentral air heat pump,IT4 0,low voltage,-315761.13696
Link,urban decentral air heat pump,IT4 0,urban decentral heat,858506.19644
Link,urban decentral air heat pump,LT0 0,low voltage,-8031.24371
Link,urban decentral air heat pump,LT0 0,urban decentral heat,16987.18227
Link,urban decentral air heat pump,LU0 0,low voltage,-18332.84757
Link,urban decentral air heat pump,LU0 0,urban decentral heat,42500.61841
Link,urban decentral air heat pump,LV0 0,low voltage,-4.2108
Link,urban decentral air heat pump,LV0 0,urban decentral heat,8.97556
Link,urban decentral air heat pump,ME0 0,low voltage,-23.40239
Link,urban decentral air heat pump,ME0 0,urban decentral heat,55.69354
Link,urban decentral air heat pump,MK0 0,low voltage,-10.01857
Link,urban decentral air heat pump,MK0 0,urban decentral heat,23.5136
Link,urban decentral air heat pump,NL0 0,low voltage,-1284712.81352
Link,urban decentral air heat pump,NL0 0,urban decentral heat,3156824.60986
Link,urban decentral air heat pump,NO1 0,low voltage,-8408335.01287
Link,urban decentral air heat pump,NO1 0,urban decentral heat,16616142.76743
Link,urban decentral air heat pump,PL0 0,low voltage,-12313.93858
Link,urban decentral air heat pump,PL0 0,urban decentral heat,28284.96605
Link,urban decentral air heat pump,PT0 0,low voltage,-1537460.24099
Link,urban decentral air heat pump,PT0 0,urban decentral heat,4167663.5081
Link,urban decentral air heat pump,RO0 0,low voltage,-18.59045
Link,urban decentral air heat pump,RO0 0,urban decentral heat,43.07999
Link,urban decentral air heat pump,RS0 0,low voltage,-11.66054
Link,urban decentral air heat pump,RS0 0,urban decentral heat,27.4771
Link,urban decentral air heat pump,SE1 0,low voltage,-5509588.56595
Link,urban decentral air heat pump,SE1 0,urban decentral heat,10704306.57092
Link,urban decentral air heat pump,SI0 0,low voltage,-33685.30198
Link,urban decentral air heat pump,SI0 0,urban decentral heat,78527.21012
Link,urban decentral air heat pump,SK0 0,low voltage,-71499.97658
Link,urban decentral air heat pump,SK0 0,urban decentral heat,162888.53919
Link,urban decentral air heat pump,XK0 0,low voltage,-104.17605
Link,urban decentral air heat pump,XK0 0,urban decentral heat,281.92775
Link,urban decentral biomass boiler,AL0 0,solid biomass,-556.15057
Link,urban decentral biomass boiler,AL0 0,urban decentral heat,478.28949
Link,urban decentral biomass boiler,AT0 0,solid biomass,-7914000.47873
Link,urban decentral biomass boiler,AT0 0,urban decentral heat,6806040.4117
Link,urban decentral biomass boiler,BA0 0,solid biomass,-1932.79951
Link,urban decentral biomass boiler,BA0 0,urban decentral heat,1662.20758
Link,urban decentral biomass boiler,BE0 0,solid biomass,-4773888.32745
Link,urban decentral biomass boiler,BE0 0,urban decentral heat,4105543.96161
Link,urban decentral biomass boiler,BG0 0,solid biomass,-2940403.56413
Link,urban decentral biomass boiler,BG0 0,urban decentral heat,2528747.06515
Link,urban decentral biomass boiler,CH0 0,solid biomass,-6155740.85719
Link,urban decentral biomass boiler,CH0 0,urban decentral heat,5293937.13719
Link,urban decentral biomass boiler,CZ0 0,solid biomass,-12083392.21126
Link,urban decentral biomass boiler,CZ0 0,urban decentral heat,10391717.30168
Link,urban decentral biomass boiler,DE0 0,solid biomass,-7205517.73094
Link,urban decentral biomass boiler,DE0 0,urban decentral heat,6196745.24861
Link,urban decentral biomass boiler,DE0 1,solid biomass,-2242160.85389
Link,urban decentral biomass boiler,DE0 1,urban decentral heat,1928258.33434
Link,urban decentral biomass boiler,DE0 2,solid biomass,-13462016.8392
Link,urban decentral biomass boiler,DE0 2,urban decentral heat,11577334.48172
Link,urban decentral biomass boiler,DE0 3,solid biomass,-4643209.79883
Link,urban decentral biomass boiler,DE0 3,urban decentral heat,3993160.42699
Link,urban decentral biomass boiler,DE0 4,solid biomass,-12492151.42543
Link,urban decentral biomass boiler,DE0 4,urban decentral heat,10743250.22587
Link,urban decentral biomass boiler,DE0 5,solid biomass,-5760341.21444
Link,urban decentral biomass boiler,DE0 5,urban decentral heat,4953893.44442
Link,urban decentral biomass boiler,DK0 0,solid biomass,-3684466.95504
Link,urban decentral biomass boiler,DK0 0,urban decentral heat,3168641.58133
Link,urban decentral biomass boiler,DK1 0,solid biomass,-2534808.69674
Link,urban decentral biomass boiler,DK1 0,urban decentral heat,2179935.4792
Link,urban decentral biomass boiler,EE0 0,solid biomass,-1954306.14567
Link,urban decentral biomass boiler,EE0 0,urban decentral heat,1680703.28528
Link,urban decentral biomass boiler,ES0 0,solid biomass,-9005493.85847
Link,urban decentral biomass boiler,ES0 0,urban decentral heat,7744724.71829
Link,urban decentral biomass boiler,ES6 0,solid biomass,-167574.06996
Link,urban decentral biomass boiler,ES6 0,urban decentral heat,144113.70017
Link,urban decentral biomass boiler,FI1 0,solid biomass,-11835705.81974
Link,urban decentral biomass boiler,FI1 0,urban decentral heat,10178707.00498
Link,urban decentral biomass boiler,FR0 0,solid biomass,-17485796.77344
Link,urban decentral biomass boiler,FR0 0,urban decentral heat,15037785.22516
Link,urban decentral biomass boiler,FR0 1,solid biomass,-10362967.95211
Link,urban decentral biomass boiler,FR0 1,urban decentral heat,8912152.43882
Link,urban decentral biomass boiler,FR0 2,solid biomass,-3691821.27924
Link,urban decentral biomass boiler,FR0 2,urban decentral heat,3174966.30015
Link,urban decentral biomass boiler,FR0 3,solid biomass,-6771655.98452
Link,urban decentral biomass boiler,FR0 3,urban decentral heat,5823624.14669
Link,urban decentral biomass boiler,FR0 4,solid biomass,-3484485.64496
Link,urban decentral biomass boiler,FR0 4,urban decentral heat,2996657.65467
Link,urban decentral biomass boiler,FR5 0,solid biomass,-22.8936
Link,urban decentral biomass boiler,FR5 0,urban decentral heat,19.6885
Link,urban decentral biomass boiler,GB2 0,solid biomass,-1141192.15367
Link,urban decentral biomass boiler,GB2 0,urban decentral heat,981425.25216
Link,urban decentral biomass boiler,GB2 1,solid biomass,-2457003.23889
Link,urban decentral biomass boiler,GB2 1,urban decentral heat,2113022.78544
Link,urban decentral biomass boiler,GB3 0,solid biomass,-40345.40417
Link,urban decentral biomass boiler,GB3 0,urban decentral heat,34697.04759
Link,urban decentral biomass boiler,GR0 0,solid biomass,-5863291.9729
Link,urban decentral biomass boiler,GR0 0,urban decentral heat,5042431.09669
Link,urban decentral biomass boiler,HR0 0,solid biomass,-1808956.9833
Link,urban decentral biomass boiler,HR0 0,urban decentral heat,1555703.00564
Link,urban decentral biomass boiler,HU0 0,solid biomass,-5117011.02302
Link,urban decentral biomass boiler,HU0 0,urban decentral heat,4400629.4798
Link,urban decentral biomass boiler,IE3 0,solid biomass,-298587.25329
Link,urban decentral biomass boiler,IE3 0,urban decentral heat,256785.03783
Link,urban decentral biomass boiler,IT0 0,solid biomass,-9521997.32453
Link,urban decentral biomass boiler,IT0 0,urban decentral heat,8188917.69909
Link,urban decentral biomass boiler,IT0 1,solid biomass,-17792034.49728
Link,urban decentral biomass boiler,IT0 1,urban decentral heat,15301149.66767
Link,urban decentral biomass boiler,IT4 0,solid biomass,-88455.84225
Link,urban decentral biomass boiler,IT4 0,urban decentral heat,76072.02433
Link,urban decentral biomass boiler,LT0 0,solid biomass,-4221271.5184
Link,urban decentral biomass boiler,LT0 0,urban decentral heat,3630293.50583
Link,urban decentral biomass boiler,LU0 0,solid biomass,-305630.04964
Link,urban decentral biomass boiler,LU0 0,urban decentral heat,262841.84269
Link,urban decentral biomass boiler,LV0 0,solid biomass,-3156658.81881
Link,urban decentral biomass boiler,LV0 0,urban decentral heat,2714726.58417
Link,urban decentral biomass boiler,ME0 0,solid biomass,-9896.16221
Link,urban decentral biomass boiler,ME0 0,urban decentral heat,8510.6995
Link,urban decentral biomass boiler,MK0 0,solid biomass,-394.28684
Link,urban decentral biomass boiler,MK0 0,urban decentral heat,339.08668
Link,urban decentral biomass boiler,NL0 0,solid biomass,-1943439.17781
Link,urban decentral biomass boiler,NL0 0,urban decentral heat,1671357.69292
Link,urban decentral biomass boiler,NO1 0,solid biomass,-14995362.13898
Link,urban decentral biomass boiler,NO1 0,urban decentral heat,12896011.43952
Link,urban decentral biomass boiler,PL0 0,solid biomass,-21126264.01228
Link,urban decentral biomass boiler,PL0 0,urban decentral heat,18168587.05056
Link,urban decentral biomass boiler,PT0 0,solid biomass,-2802399.31448
Link,urban decentral biomass boiler,PT0 0,urban decentral heat,2410063.41045
Link,urban decentral biomass boiler,RO0 0,solid biomass,-12634414.46432
Link,urban decentral biomass boiler,RO0 0,urban decentral heat,10865596.43932
Link,urban decentral biomass boiler,RS0 0,solid biomass,-462.65414
Link,urban decentral biomass boiler,RS0 0,urban decentral heat,397.88256
Link,urban decentral biomass boiler,SE1 0,solid biomass,-16408450.89642
Link,urban decentral biomass boiler,SE1 0,urban decentral heat,14111267.77092
Link,urban decentral biomass boiler,SI0 0,solid biomass,-2959530.38847
Link,urban decentral biomass boiler,SI0 0,urban decentral heat,2545196.13409
Link,urban decentral biomass boiler,SK0 0,solid biomass,-238460.91405
Link,urban decentral biomass boiler,SK0 0,urban decentral heat,205076.38608
Link,urban decentral biomass boiler,XK0 0,solid biomass,-293948.47802
Link,urban decentral biomass boiler,XK0 0,urban decentral heat,252795.69109
Link,urban decentral gas boiler,,co2,31946499.12156
Link,urban decentral gas boiler,AL0 0,gas,-1443009.2535
Link,urban decentral gas boiler,AL0 0,urban decentral heat,1414149.06843
Link,urban decentral gas boiler,AT0 0,gas,-5861569.2178
Link,urban decentral gas boiler,AT0 0,urban decentral heat,5744337.83344
Link,urban decentral gas boiler,BA0 0,gas,-3624339.47186
Link,urban decentral gas boiler,BA0 0,urban decentral heat,3551852.68243
Link,urban decentral gas boiler,BE0 0,gas,-30329713.89896
Link,urban decentral gas boiler,BE0 0,urban decentral heat,29723119.62098
Link,urban decentral gas boiler,BG0 0,gas,-74336.5672
Link,urban decentral gas boiler,BG0 0,urban decentral heat,72849.83585
Link,urban decentral gas boiler,CH0 0,gas,-5265943.56154
Link,urban decentral gas boiler,CH0 0,urban decentral heat,5160624.69031
Link,urban decentral gas boiler,CZ0 0,gas,-13314702.59135
Link,urban decentral gas boiler,CZ0 0,urban decentral heat,13048408.53952
Link,urban decentral gas boiler,DE0 0,gas,-23115545.93414
Link,urban decentral gas boiler,DE0 0,urban decentral heat,22653235.01546
Link,urban decentral gas boiler,DE0 1,gas,-7253083.77762
Link,urban decentral gas boiler,DE0 1,urban decentral heat,7108022.10207
Link,urban decentral gas boiler,DE0 2,gas,-42590125.71247
Link,urban decentral gas boiler,DE0 2,urban decentral heat,41738323.19822
Link,urban decentral gas boiler,DE0 3,gas,-15011538.48706
Link,urban decentral gas boiler,DE0 3,urban decentral heat,14711307.71732
Link,urban decentral gas boiler,DE0 4,gas,-40418320.90821
Link,urban decentral gas boiler,DE0 4,urban decentral heat,39609954.49005
Link,urban decentral gas boiler,DE0 5,gas,-18479070.13778
Link,urban decentral gas boiler,DE0 5,urban decentral heat,18109488.73503
Link,urban decentral gas boiler,DK0 0,gas,-2100422.23735
Link,urban decentral gas boiler,DK0 0,urban decentral heat,2058413.7926
Link,urban decentral gas boiler,DK1 0,gas,-1371364.52776
Link,urban decentral gas boiler,DK1 0,urban decentral heat,1343937.23721
Link,urban decentral gas boiler,EE0 0,gas,-127703.63826
Link,urban decentral gas boiler,EE0 0,urban decentral heat,125149.5655
Link,urban decentral gas boiler,ES0 0,gas,-21025756.35621
Link,urban decentral gas boiler,ES0 0,urban decentral heat,20605241.22909
Link,urban decentral gas boiler,ES6 0,gas,-271093.93904
Link,urban decentral gas boiler,ES6 0,urban decentral heat,265672.06026
Link,urban decentral gas boiler,EU,co2,94346574.75884
Link,urban decentral gas boiler,FI1 0,gas,-8260385.47361
Link,urban decentral gas boiler,FI1 0,urban decentral heat,8095177.76414
Link,urban decentral gas boiler,FR0 0,gas,-21923020.55999
Link,urban decentral gas boiler,FR0 0,urban decentral heat,21484560.14879
Link,urban decentral gas boiler,FR0 1,gas,-12900885.41498
Link,urban decentral gas boiler,FR0 1,urban decentral heat,12642867.70668
Link,urban decentral gas boiler,FR0 2,gas,-4634068.84985
Link,urban decentral gas boiler,FR0 2,urban decentral heat,4541387.47285
Link,urban decentral gas boiler,FR0 3,gas,-8245214.09629
Link,urban decentral gas boiler,FR0 3,urban decentral heat,8080309.81436
Link,urban decentral gas boiler,FR0 4,gas,-4429232.96606
Link,urban decentral gas boiler,FR0 4,urban decentral heat,4340648.30674
Link,urban decentral gas boiler,FR5 0,gas,-22.27725
Link,urban decentral gas boiler,FR5 0,urban decentral heat,21.8317
Link,urban decentral gas boiler,GB2 0,gas,-46354306.57333
Link,urban decentral gas boiler,GB2 0,urban decentral heat,45427220.44186
Link,urban decentral gas boiler,GB2 1,gas,-113390826.64225
Link,urban decentral gas boiler,GB2 1,urban decentral heat,111123010.10941
Link,urban decentral gas boiler,GB3 0,gas,-1600821.94383
Link,urban decentral gas boiler,GB3 0,urban decentral heat,1568805.50495
Link,urban decentral gas boiler,GR0 0,gas,-1310201.79405
Link,urban decentral gas boiler,GR0 0,urban decentral heat,1283997.75817
Link,urban decentral gas boiler,HR0 0,gas,-3676075.02806
Link,urban decentral gas boiler,HR0 0,urban decentral heat,3602553.5275
Link,urban decentral gas boiler,HU0 0,gas,-19557222.33143
Link,urban decentral gas boiler,HU0 0,urban decentral heat,19166077.88481
Link,urban decentral gas boiler,IE3 0,gas,-4797247.3957
Link,urban decentral gas boiler,IE3 0,urban decentral heat,4701302.44779
Link,urban decentral gas boiler,IT0 0,gas,-15743668.71962
Link,urban decentral gas boiler,IT0 0,urban decentral heat,15428795.34523
Link,urban decentral gas boiler,IT0 1,gas,-29166578.95666
Link,urban decentral gas boiler,IT0 1,urban decentral heat,28583247.37753
Link,urban decentral gas boiler,IT4 0,gas,-144691.92076
Link,urban decentral gas boiler,IT4 0,urban decentral heat,141798.08234
Link,urban decentral gas boiler,LT0 0,gas,-105.04793
Link,urban decentral gas boiler,LT0 0,urban decentral heat,102.94697
Link,urban decentral gas boiler,LU0 0,gas,-1812005.19241
Link,urban decentral gas boiler,LU0 0,urban decentral heat,1775765.08856
Link,urban decentral gas boiler,LV0 0,gas,-933390.65508
Link,urban decentral gas boiler,LV0 0,urban decentral heat,914722.84198
Link,urban decentral gas boiler,ME0 0,gas,-709204.49624
Link,urban decentral gas boiler,ME0 0,urban decentral heat,695020.40632
Link,urban decentral gas boiler,MK0 0,gas,-1179188.80438
Link,urban decentral gas boiler,MK0 0,urban decentral heat,1155605.02829
Link,urban decentral gas boiler,NL0 0,gas,-68774811.10459
Link,urban decentral gas boiler,NL0 0,urban decentral heat,67399314.88249
Link,urban decentral gas boiler,NO1 0,gas,-3260370.57703
Link,urban decentral gas boiler,NO1 0,urban decentral heat,3195163.16549
Link,urban decentral gas boiler,PL0 0,gas,-8399445.68634
Link,urban decentral gas boiler,PL0 0,urban decentral heat,8231456.77261
Link,urban decentral gas boiler,PT0 0,gas,-1662474.23041
Link,urban decentral gas boiler,PT0 0,urban decentral heat,1629224.7458
Link,urban decentral gas boiler,RO0 0,gas,-8568161.24477
Link,urban decentral gas boiler,RO0 0,urban decentral heat,8396798.01987
Link,urban decentral gas boiler,RS0 0,gas,-5704414.20166
Link,urban decentral gas boiler,RS0 0,urban decentral heat,5590325.91762
Link,urban decentral gas boiler,SE1 0,gas,-1614318.46552
Link,urban decentral gas boiler,SE1 0,urban decentral heat,1582032.09621
Link,urban decentral gas boiler,SI0 0,gas,-336190.5983
Link,urban decentral gas boiler,SI0 0,urban decentral heat,329466.78633
Link,urban decentral gas boiler,SK0 0,gas,-7077506.3349
Link,urban decentral gas boiler,SK0 0,urban decentral heat,6935956.2082
Link,urban decentral gas boiler,XK0 0,gas,-109.67538
Link,urban decentral gas boiler,XK0 0,urban decentral heat,107.48187
Link,urban decentral oil boiler,,co2,2444013.94235
Link,urban decentral oil boiler,AT0 0,urban decentral heat,9223667.03848
Link,urban decentral oil boiler,BE0 0,urban decentral heat,20617446.68989
Link,urban decentral oil boiler,BG0 0,urban decentral heat,1723141.48035
Link,urban decentral oil boiler,CZ0 0,urban decentral heat,1489518.54401
Link,urban decentral oil boiler,DE0 0,urban decentral heat,21362526.56348
Link,urban decentral oil boiler,DE0 1,urban decentral heat,6662467.72281
Link,urban decentral oil boiler,DE0 2,urban decentral heat,40167000.96237
Link,urban decentral oil boiler,DE0 3,urban decentral heat,13849626.41048
Link,urban decentral oil boiler,DE0 4,urban decentral heat,37272019.50882
Link,urban decentral oil boiler,DE0 5,urban decentral heat,17102137.87706
Link,urban decentral oil boiler,DK0 0,urban decentral heat,1837362.56641
Link,urban decentral oil boiler,DK1 0,urban decentral heat,1276163.30482
Link,urban decentral oil boiler,EE0 0,urban decentral heat,87240.29287
Link,urban decentral oil boiler,ES0 0,urban decentral heat,7804192.05273
Link,urban decentral oil boiler,ES6 0,urban decentral heat,146016.41036
Link,urban decentral oil boiler,EU,co2,78416434.78007
Link,urban decentral oil boiler,EU,oil,-314509718.87367
Link,urban decentral oil boiler,FI1 0,urban decentral heat,3700569.77998
Link,urban decentral oil boiler,FR0 0,urban decentral heat,13239255.94616
Link,urban decentral oil boiler,FR0 1,urban decentral heat,7846812.43015
Link,urban decentral oil boiler,FR0 2,urban decentral heat,2793399.21377
Link,urban decentral oil boiler,FR0 3,urban decentral heat,5121278.66307
Link,urban decentral oil boiler,FR0 4,urban decentral heat,2638581.19443
Link,urban decentral oil boiler,GB2 0,urban decentral heat,2679488.88784
Link,urban decentral oil boiler,GB2 1,urban decentral heat,5780948.07974
Link,urban decentral oil boiler,GB3 0,urban decentral heat,95037.7431
Link,urban decentral oil boiler,GR0 0,urban decentral heat,10764062.69515
Link,urban decentral oil boiler,HR0 0,urban decentral heat,1187001.3779
Link,urban decentral oil boiler,HU0 0,urban decentral heat,1126096.0609
Link,urban decentral oil boiler,IE3 0,urban decentral heat,7091581.79025
Link,urban decentral oil boiler,IT0 0,urban decentral heat,696386.0555
Link,urban decentral oil boiler,IT0 1,urban decentral heat,1299568.92932
Link,urban decentral oil boiler,IT4 0,urban decentral heat,6449.01322
Link,urban decentral oil boiler,LU0 0,urban decentral heat,1651467.45807
Link,urban decentral oil boiler,LV0 0,urban decentral heat,223876.08329
Link,urban decentral oil boiler,NL0 0,urban decentral heat,79774.46686
Link,urban decentral oil boiler,PL0 0,urban decentral heat,31980688.58592
Link,urban decentral oil boiler,PT0 0,urban decentral heat,67932.62226
Link,urban decentral oil boiler,RO0 0,urban decentral heat,169129.05052
Link,urban decentral oil boiler,SE1 0,urban decentral heat,1184223.40166
Link,urban decentral oil boiler,SI0 0,urban decentral heat,852517.19735
Link,urban decentral oil boiler,SK0 0,urban decentral heat,162092.83497
Link,urban decentral resistive heater,AL0 0,low voltage,-380044.41165
Link,urban decentral resistive heater,AL0 0,urban decentral heat,342039.97049
Link,urban decentral resistive heater,AT0 0,low voltage,-921109.9756
Link,urban decentral resistive heater,AT0 0,urban decentral heat,828998.97804
Link,urban decentral resistive heater,BA0 0,low voltage,-445501.1854
Link,urban decentral resistive heater,BA0 0,urban decentral heat,400951.06686
Link,urban decentral resistive heater,BE0 0,low voltage,-4702466.61239
Link,urban decentral resistive heater,BE0 0,urban decentral heat,4232219.95115
Link,urban decentral resistive heater,BG0 0,low voltage,-2208463.59341
Link,urban decentral resistive heater,BG0 0,urban decentral heat,1987617.23407
Link,urban decentral resistive heater,CH0 0,low voltage,-832042.29167
Link,urban decentral resistive heater,CH0 0,urban decentral heat,748838.06251
Link,urban decentral resistive heater,CZ0 0,low voltage,-4958704.34448
Link,urban decentral resistive heater,CZ0 0,urban decentral heat,4462833.91004
Link,urban decentral resistive heater,DE0 0,low voltage,-1012008.18542
Link,urban decentral resistive heater,DE0 0,urban decentral heat,910807.36688
Link,urban decentral resistive heater,DE0 1,low voltage,-362618.27221
Link,urban decentral resistive heater,DE0 1,urban decentral heat,326356.44499
Link,urban decentral resistive heater,DE0 2,low voltage,-2727947.90698
Link,urban decentral resistive heater,DE0 2,urban decentral heat,2455153.11628
Link,urban decentral resistive heater,DE0 3,low voltage,-456642.93527
Link,urban decentral resistive heater,DE0 3,urban decentral heat,410978.64174
Link,urban decentral resistive heater,DE0 4,low voltage,-927898.85336
Link,urban decentral resistive heater,DE0 4,urban decentral heat,835108.96803
Link,urban decentral resistive heater,DE0 5,low voltage,-957652.67031
Link,urban decentral resistive heater,DE0 5,urban decentral heat,861887.40328
Link,urban decentral resistive heater,DK0 0,low voltage,-2776160.9558
Link,urban decentral resistive heater,DK0 0,urban decentral heat,2498544.86022
Link,urban decentral resistive heater,DK1 0,low voltage,-2021187.10126
Link,urban decentral resistive heater,DK1 0,urban decentral heat,1819068.39114
Link,urban decentral resistive heater,EE0 0,low voltage,-616966.99287
Link,urban decentral resistive heater,EE0 0,urban decentral heat,555270.29358
Link,urban decentral resistive heater,ES0 0,low voltage,-28236152.8964
Link,urban decentral resistive heater,ES0 0,urban decentral heat,25412537.60676
Link,urban decentral resistive heater,ES6 0,low voltage,-673079.4304
Link,urban decentral resistive heater,ES6 0,urban decentral heat,605771.48736
Link,urban decentral resistive heater,FI1 0,low voltage,-3600871.15213
Link,urban decentral resistive heater,FI1 0,urban decentral heat,3240784.03692
Link,urban decentral resistive heater,FR0 0,low voltage,-32128727.66148
Link,urban decentral resistive heater,FR0 0,urban decentral heat,28915854.89534
Link,urban decentral resistive heater,FR0 1,low voltage,-19220913.02863
Link,urban decentral resistive heater,FR0 1,urban decentral heat,17298821.72576
Link,urban decentral resistive heater,FR0 2,low voltage,-7223525.95122
Link,urban decentral resistive heater,FR0 2,urban decentral heat,6501173.3561
Link,urban decentral resistive heater,FR0 3,low voltage,-12192983.08482
Link,urban decentral resistive heater,FR0 3,urban decentral heat,10973684.77634
Link,urban decentral resistive heater,FR0 4,low voltage,-6976653.51863
Link,urban decentral resistive heater,FR0 4,urban decentral heat,6278988.16677
Link,urban decentral resistive heater,FR5 0,low voltage,-102.95414
Link,urban decentral resistive heater,FR5 0,urban decentral heat,92.65873
Link,urban decentral resistive heater,GB2 0,low voltage,-14877388.32622
Link,urban decentral resistive heater,GB2 0,urban decentral heat,13389649.4936
Link,urban decentral resistive heater,GB2 1,low voltage,-17280291.58169
Link,urban decentral resistive heater,GB2 1,urban decentral heat,15552262.42352
Link,urban decentral resistive heater,GB3 0,low voltage,-577628.46159
Link,urban decentral resistive heater,GB3 0,urban decentral heat,519865.61543
Link,urban decentral resistive heater,GR0 0,low voltage,-3958362.85455
Link,urban decentral resistive heater,GR0 0,urban decentral heat,3562526.56909
Link,urban decentral resistive heater,HR0 0,low voltage,-772249.01191
Link,urban decentral resistive heater,HR0 0,urban decentral heat,695024.11072
Link,urban decentral resistive heater,HU0 0,low voltage,-289816.02998
Link,urban decentral resistive heater,HU0 0,urban decentral heat,260834.42698
Link,urban decentral resistive heater,IE3 0,low voltage,-2819306.47802
Link,urban decentral resistive heater,IE3 0,urban decentral heat,2537375.83021
Link,urban decentral resistive heater,IT0 0,low voltage,-9586300.69936
Link,urban decentral resistive heater,IT0 0,urban decentral heat,8627670.62942
Link,urban decentral resistive heater,IT0 1,low voltage,-19701731.6248
Link,urban decentral resistive heater,IT0 1,urban decentral heat,17731558.46232
Link,urban decentral resistive heater,IT4 0,low voltage,-237821.40938
Link,urban decentral resistive heater,IT4 0,urban decentral heat,214039.26844
Link,urban decentral resistive heater,LT0 0,low voltage,-1585.27092
Link,urban decentral resistive heater,LT0 0,urban decentral heat,1426.74383
Link,urban decentral resistive heater,LU0 0,low voltage,-320630.10493
Link,urban decentral resistive heater,LU0 0,urban decentral heat,288567.09444
Link,urban decentral resistive heater,LV0 0,low voltage,-21641.35686
Link,urban decentral resistive heater,LV0 0,urban decentral heat,19477.22117
Link,urban decentral resistive heater,ME0 0,low voltage,-142743.30988
Link,urban decentral resistive heater,ME0 0,urban decentral heat,128468.97889
Link,urban decentral resistive heater,MK0 0,low voltage,-180400.52597
Link,urban decentral resistive heater,MK0 0,urban decentral heat,162360.47338
Link,urban decentral resistive heater,NL0 0,low voltage,-5720066.38963
Link,urban decentral resistive heater,NL0 0,urban decentral heat,5148059.75067
Link,urban decentral resistive heater,NO1 0,low voltage,-6614393.67641
Link,urban decentral resistive heater,NO1 0,urban decentral heat,5952954.30877
Link,urban decentral resistive heater,PL0 0,low voltage,-6292144.38482
Link,urban decentral resistive heater,PL0 0,urban decentral heat,5662929.94634
Link,urban decentral resistive heater,PT0 0,low voltage,-6571884.14205
Link,urban decentral resistive heater,PT0 0,urban decentral heat,5914695.72785
Link,urban decentral resistive heater,RO0 0,low voltage,-553084.48649
Link,urban decentral resistive heater,RO0 0,urban decentral heat,497776.03784
Link,urban decentral resistive heater,RS0 0,low voltage,-850705.17009
Link,urban decentral resistive heater,RS0 0,urban decentral heat,765634.65308
Link,urban decentral resistive heater,SE1 0,low voltage,-12133739.68204
Link,urban decentral resistive heater,SE1 0,urban decentral heat,10920365.71384
Link,urban decentral resistive heater,SI0 0,low voltage,-381749.44067
Link,urban decentral resistive heater,SI0 0,urban decentral heat,343574.49661
Link,urban decentral resistive heater,SK0 0,low voltage,-723482.36511
Link,urban decentral resistive heater,SK0 0,urban decentral heat,651134.1286
Link,urban decentral resistive heater,XK0 0,low voltage,-574.98377
Link,urban decentral resistive heater,XK0 0,urban decentral heat,517.48539
Link,waste CHP,,co2,51.75005
Link,waste CHP,AL0 0,AC,10.29253
Link,waste CHP,AL0 0,non-sequestered HVC,-49.45952
Link,waste CHP,AL0 0,urban central heat,37.68321
Link,waste CHP,AT0 0,AC,14.73495
Link,waste CHP,AT0 0,non-sequestered HVC,-70.80708
Link,waste CHP,AT0 0,urban central heat,53.94792
Link,waste CHP,BA0 0,AC,9.88492
Link,waste CHP,BA0 0,non-sequestered HVC,-47.50079
Link,waste CHP,BA0 0,urban central heat,36.19085
Link,waste CHP,BE0 0,AC,24.35806
Link,waste CHP,BE0 0,non-sequestered HVC,-117.04978
Link,waste CHP,BE0 0,urban central heat,89.18023
Link,waste CHP,BG0 0,AC,12.79105
Link,waste CHP,BG0 0,non-sequestered HVC,-61.4659
Link,waste CHP,BG0 0,urban central heat,46.83087
Link,waste CHP,CH0 0,AC,14.32962
Link,waste CHP,CH0 0,non-sequestered HVC,-68.8593
Link,waste CHP,CH0 0,urban central heat,52.4639
Link,waste CHP,CZ0 0,AC,28.17093
Link,waste CHP,CZ0 0,non-sequestered HVC,-135.37208
Link,waste CHP,CZ0 0,urban central heat,103.13999
Link,waste CHP,DE0 0,AC,20.09205
Link,waste CHP,DE0 0,non-sequestered HVC,-96.54995
Link,waste CHP,DE0 0,urban central heat,73.56141
Link,waste CHP,DE0 1,AC,14.80867
Link,waste CHP,DE0 1,non-sequestered HVC,-71.1613
Link,waste CHP,DE0 1,urban central heat,54.21779
Link,waste CHP,DE0 2,AC,25.16723
Link,waste CHP,DE0 2,non-sequestered HVC,-120.93813
Link,waste CHP,DE0 2,urban central heat,92.14276
Link,waste CHP,DE0 3,AC,16.48322
Link,waste CHP,DE0 3,non-sequestered HVC,-79.20818
Link,waste CHP,DE0 3,urban central heat,60.34871
Link,waste CHP,DE0 4,AC,38.88416
Link,waste CHP,DE0 4,non-sequestered HVC,-186.85326
Link,waste CHP,DE0 4,urban central heat,142.3635
Link,waste CHP,DE0 5,AC,21.2792
Link,waste CHP,DE0 5,non-sequestered HVC,-102.25467
Link,waste CHP,DE0 5,urban central heat,77.90784
Link,waste CHP,DK0 0,AC,9.74193
Link,waste CHP,DK0 0,non-sequestered HVC,-46.81371
Link,waste CHP,DK0 0,urban central heat,35.66737
Link,waste CHP,DK1 0,AC,8.2933
Link,waste CHP,DK1 0,non-sequestered HVC,-39.85249
Link,waste CHP,DK1 0,urban central heat,30.36361
Link,waste CHP,EE0 0,AC,8.35028
Link,waste CHP,EE0 0,non-sequestered HVC,-40.12627
Link,waste CHP,EE0 0,urban central heat,30.57221
Link,waste CHP,ES0 0,AC,18.61947
Link,waste CHP,ES0 0,non-sequestered HVC,-89.47368
Link,waste CHP,ES0 0,urban central heat,68.17
Link,waste CHP,ES6 0,AC,4.69138
Link,waste CHP,ES6 0,non-sequestered HVC,-22.54387
Link,waste CHP,ES6 0,urban central heat,17.17617
Link,waste CHP,EU,co2,894.18799
Link,waste CHP,FI1 0,AC,11.36755
Link,waste CHP,FI1 0,non-sequestered HVC,-54.62544
Link,waste CHP,FI1 0,urban central heat,41.61912
Link,waste CHP,FR0 0,AC,22.26308
Link,waste CHP,FR0 0,non-sequestered HVC,-106.98261
Link,waste CHP,FR0 0,urban central heat,81.51005
Link,waste CHP,FR0 1,AC,23.66182
Link,waste CHP,FR0 1,non-sequestered HVC,-113.70411
Link,waste CHP,FR0 1,urban central heat,86.63116
Link,waste CHP,FR0 2,AC,12.75487
Link,waste CHP,FR0 2,non-sequestered HVC,-61.29205
Link,waste CHP,FR0 2,urban central heat,46.69841
Link,waste CHP,FR0 3,AC,16.7152
Link,waste CHP,FR0 3,non-sequestered HVC,-80.32294
Link,waste CHP,FR0 3,urban central heat,61.19804
Link,waste CHP,FR0 4,AC,13.13305
Link,waste CHP,FR0 4,non-sequestered HVC,-63.10932
Link,waste CHP,FR0 4,urban central heat,48.08299
Link,waste CHP,FR5 0,AC,4.24453
Link,waste CHP,FR5 0,non-sequestered HVC,-20.39658
Link,waste CHP,GB2 0,AC,16.22537
Link,waste CHP,GB2 0,non-sequestered HVC,-77.96909
Link,waste CHP,GB2 0,urban central heat,59.40465
Link,waste CHP,GB2 1,AC,17.55128
Link,waste CHP,GB2 1,non-sequestered HVC,-84.34061
Link,waste CHP,GB2 1,urban central heat,64.25911
Link,waste CHP,GB3 0,AC,8.11049
Link,waste CHP,GB3 0,non-sequestered HVC,-38.97402
Link,waste CHP,GB3 0,urban central heat,29.6943
Link,waste CHP,GR0 0,AC,22.37373
Link,waste CHP,GR0 0,non-sequestered HVC,-107.51434
Link,waste CHP,GR0 0,urban central heat,81.91517
Link,waste CHP,HR0 0,AC,10.60734
Link,waste CHP,HR0 0,non-sequestered HVC,-50.97232
Link,waste CHP,HR0 0,urban central heat,38.83581
Link,waste CHP,HU0 0,AC,16.08651
Link,waste CHP,HU0 0,non-sequestered HVC,-77.30182
Link,waste CHP,HU0 0,urban central heat,58.89626
Link,waste CHP,IE3 0,AC,16.37871
Link,waste CHP,IE3 0,non-sequestered HVC,-78.70594
Link,waste CHP,IE3 0,urban central heat,59.96605
Link,waste CHP,IT0 0,AC,21.39484
Link,waste CHP,IT0 0,non-sequestered HVC,-102.81038
Link,waste CHP,IT0 0,urban central heat,78.33123
Link,waste CHP,IT0 1,AC,27.3959
Link,waste CHP,IT0 1,non-sequestered HVC,-131.64775
Link,waste CHP,IT0 1,urban central heat,100.30242
Link,waste CHP,IT4 0,AC,11.84015
Link,waste CHP,IT4 0,non-sequestered HVC,-56.89645
Link,waste CHP,IT4 0,urban central heat,43.3494
Link,waste CHP,LT0 0,AC,9.95618
Link,waste CHP,LT0 0,non-sequestered HVC,-47.84325
Link,waste CHP,LT0 0,urban central heat,36.45178
Link,waste CHP,LU0 0,AC,12.33774
Link,waste CHP,LU0 0,non-sequestered HVC,-59.28756
Link,waste CHP,LU0 0,urban central heat,45.17119
Link,waste CHP,LV0 0,AC,8.35169
Link,waste CHP,LV0 0,non-sequestered HVC,-40.13306
Link,waste CHP,LV0 0,urban central heat,30.57738
Link,waste CHP,ME0 0,AC,7.49994
Link,waste CHP,ME0 0,non-sequestered HVC,-36.04007
Link,waste CHP,ME0 0,urban central heat,27.45893
Link,waste CHP,MK0 0,AC,9.73541
Link,waste CHP,MK0 0,non-sequestered HVC,-46.78239
Link,waste CHP,MK0 0,urban central heat,35.6435
Link,waste CHP,NL0 0,AC,21.39666
Link,waste CHP,NL0 0,non-sequestered HVC,-102.81911
Link,waste CHP,NL0 0,urban central heat,78.33788
Link,waste CHP,NO1 0,AC,9.68514
Link,waste CHP,NO1 0,non-sequestered HVC,-46.54078
Link,waste CHP,NO1 0,urban central heat,35.45942
Link,waste CHP,PL0 0,AC,27.25755
Link,waste CHP,PL0 0,non-sequestered HVC,-130.98295
Link,waste CHP,PL0 0,urban central heat,99.79591
Link,waste CHP,PT0 0,AC,13.1423
Link,waste CHP,PT0 0,non-sequestered HVC,-63.15378
Link,waste CHP,PT0 0,urban central heat,48.11687
Link,waste CHP,RO0 0,AC,15.37728
Link,waste CHP,RO0 0,non-sequestered HVC,-73.8937
Link,waste CHP,RO0 0,urban central heat,56.29961
Link,waste CHP,RS0 0,AC,13.40365
Link,waste CHP,RS0 0,non-sequestered HVC,-64.40965
Link,waste CHP,RS0 0,urban central heat,49.07371
Link,waste CHP,SE1 0,AC,12.16939
Link,waste CHP,SE1 0,non-sequestered HVC,-58.47855
Link,waste CHP,SE1 0,urban central heat,44.55481
Link,waste CHP,SI0 0,AC,10.74468
Link,waste CHP,SI0 0,non-sequestered HVC,-51.63231
Link,waste CHP,SI0 0,urban central heat,39.33866
Link,waste CHP,SK0 0,AC,13.88284
Link,waste CHP,SK0 0,non-sequestered HVC,-66.71234
Link,waste CHP,SK0 0,urban central heat,50.82813
Link,waste CHP,XK0 0,AC,7.63642
Link,waste CHP,XK0 0,non-sequestered HVC,-36.69591
Link,waste CHP,XK0 0,urban central heat,27.95861
Load,H2 for industry,BA0 0,Hydrogen Storage,-177.0
Load,H2 for industry,XK0 0,Hydrogen Storage,-3663.0
Load,NH3,EU,NH3,-87300000.0
Load,agriculture electricity,AL0 0,low voltage,-85798.76348
Load,agriculture electricity,AT0 0,low voltage,-714494.79218
Load,agriculture electricity,BA0 0,low voltage,-43545.30092
Load,agriculture electricity,BE0 0,low voltage,-1205990.47002
Load,agriculture electricity,BG0 0,low voltage,-230887.1039
Load,agriculture electricity,CZ0 0,low voltage,-709493.13383
Load,agriculture electricity,DE0 0,low voltage,-609546.39196
Load,agriculture electricity,DE0 1,low voltage,-307176.83464
Load,agriculture electricity,DE0 2,low voltage,-932705.96867
Load,agriculture electricity,DE0 3,low voltage,-438133.52764
Load,agriculture electricity,DE0 4,low voltage,-853881.01373
Load,agriculture electricity,DE0 5,low voltage,-580522.01674
Load,agriculture electricity,DK0 0,low voltage,-705298.73519
Load,agriculture electricity,DK1 0,low voltage,-407442.45602
Load,agriculture electricity,EE0 0,low voltage,-103098.23217
Load,agriculture electricity,ES0 0,low voltage,-3652592.82808
Load,agriculture electricity,ES6 0,low voltage,-60705.82796
Load,agriculture electricity,FI1 0,low voltage,-951485.88405
Load,agriculture electricity,FR0 0,low voltage,-2053788.88187
Load,agriculture electricity,FR0 1,low voltage,-1294705.76604
Load,agriculture electricity,FR0 2,low voltage,-837858.75187
Load,agriculture electricity,FR0 3,low voltage,-865578.02776
Load,agriculture electricity,FR0 4,low voltage,-637128.4585
Load,agriculture electricity,FR5 0,low voltage,-23657.82342
Load,agriculture electricity,GB2 0,low voltage,-459996.11583
Load,agriculture electricity,GB2 1,low voltage,-852369.38307
Load,agriculture electricity,GB3 0,low voltage,-35596.06495
Load,agriculture electricity,GR0 0,low voltage,-961118.06212
Load,agriculture electricity,HR0 0,low voltage,-119437.90737
Load,agriculture electricity,HU0 0,low voltage,-741103.49213
Load,agriculture electricity,IE3 0,low voltage,-358929.60966
Load,agriculture electricity,IT0 0,low voltage,-1725278.75689
Load,agriculture electricity,IT0 1,low voltage,-2190050.80462
Load,agriculture electricity,IT4 0,low voltage,-99540.597
Load,agriculture electricity,LT0 0,low voltage,-142711.73871
Load,agriculture electricity,LU0 0,low voltage,-23787.06055
Load,agriculture electricity,LV0 0,low voltage,-148380.95546
Load,agriculture electricity,ME0 0,low voltage,-5456.65404
Load,agriculture electricity,MK0 0,low voltage,-23892.88991
Load,agriculture electricity,NL0 0,low voltage,-7161190.83362
Load,agriculture electricity,NO1 0,low voltage,-356330.41298
Load,agriculture electricity,PL0 0,low voltage,-1473035.8883
Load,agriculture electricity,PT0 0,low voltage,-667296.12856
Load,agriculture electricity,RO0 0,low voltage,-554892.92974
Load,agriculture electricity,RS0 0,low voltage,-168577.67396
Load,agriculture electricity,SE1 0,low voltage,-702605.47146
Load,agriculture electricity,SI0 0,low voltage,-13990.7192
Load,agriculture electricity,SK0 0,low voltage,-194501.53782
Load,agriculture electricity,XK0 0,low voltage,-40295.12016
Load,agriculture heat,AL0 0,rural heat,-85798.76348
Load,agriculture heat,AT0 0,rural heat,-3679919.14599
Load,agriculture heat,BA0 0,rural heat,-43545.30092
Load,agriculture heat,BE0 0,rural heat,-6609539.22088
Load,agriculture heat,BG0 0,rural heat,-1344209.21661
Load,agriculture heat,CZ0 0,rural heat,-4520959.97279
Load,agriculture heat,DE0 0,rural heat,-4231325.37305
Load,agriculture heat,DE0 1,rural heat,-2132348.17165
Load,agriculture heat,DE0 2,rural heat,-6474621.92033
Load,agriculture heat,DE0 3,rural heat,-3041418.23616
Load,agriculture heat,DE0 4,rural heat,-5927437.92209
Load,agriculture heat,DE0 5,rural heat,-4029845.09702
Load,agriculture heat,DK0 0,rural heat,-2998001.65899
Load,agriculture heat,DK1 0,rural heat,-1731908.90349
Load,agriculture heat,EE0 0,rural heat,-776846.56686
Load,agriculture heat,ES0 0,rural heat,-18904916.6563
Load,agriculture heat,ES6 0,rural heat,-314198.34405
Load,agriculture heat,FI1 0,rural heat,-6178480.46013
Load,agriculture heat,FR0 0,rural heat,-11010208.19542
Load,agriculture heat,FR0 1,rural heat,-6940820.53017
Load,agriculture heat,FR0 2,rural heat,-4491697.94319
Load,agriculture heat,FR0 3,rural heat,-4640298.90276
Load,agriculture heat,FR0 4,rural heat,-3415597.8919
Load,agriculture heat,FR5 0,rural heat,-126827.81739
Load,agriculture heat,GB2 0,rural heat,-459996.11583
Load,agriculture heat,GB2 1,rural heat,-852369.38307
Load,agriculture heat,GB3 0,rural heat,-35596.06495
Load,agriculture heat,GR0 0,rural heat,-3857312.45687
Load,agriculture heat,HR0 0,rural heat,-1764526.9869
Load,agriculture heat,HU0 0,rural heat,-4835912.03061
Load,agriculture heat,IE3 0,rural heat,-1591774.945
Load,agriculture heat,IT0 0,rural heat,-8098777.35043
Load,agriculture heat,IT0 1,rural heat,-10280503.24154
Load,agriculture heat,IT4 0,rural heat,-467261.95937
Load,agriculture heat,LT0 0,rural heat,-893825.58993
Load,agriculture heat,LU0 0,rural heat,-163219.81114
Load,agriculture heat,LV0 0,rural heat,-1499504.77398
Load,agriculture heat,ME0 0,rural heat,-5456.65404
Load,agriculture heat,MK0 0,rural heat,-23892.88991
Load,agriculture heat,NL0 0,rural heat,-33378547.14769
Load,agriculture heat,NO1 0,rural heat,-356330.41298
Load,agriculture heat,PL0 0,rural heat,-29571886.61201
Load,agriculture heat,PT0 0,rural heat,-3041446.18069
Load,agriculture heat,RO0 0,rural heat,-3873886.60377
Load,agriculture heat,RS0 0,rural heat,-168577.67396
Load,agriculture heat,SE1 0,rural heat,-4477624.51413
Load,agriculture heat,SI0 0,rural heat,-540489.59035
Load,agriculture heat,SK0 0,rural heat,-881956.30939
Load,agriculture heat,XK0 0,rural heat,-40295.12016
Load,agriculture machinery electric,AL0 0,low voltage,-18385.44932
Load,agriculture machinery electric,AT0 0,low voltage,-357420.01325
Load,agriculture machinery electric,BA0 0,low voltage,-9331.13591
Load,agriculture machinery electric,BE0 0,low voltage,-664842.28052
Load,agriculture machinery electric,BG0 0,low voltage,-153340.43132
Load,agriculture machinery electric,CZ0 0,low voltage,-490237.69144
Load,agriculture machinery electric,DE0 0,low voltage,-455027.48693
Load,agriculture machinery electric,DE0 1,low voltage,-229308.06409
Load,agriculture machinery electric,DE0 2,low voltage,-696266.69696
Load,agriculture machinery electric,DE0 3,low voltage,-327067.47288
Load,agriculture machinery electric,DE0 4,low voltage,-637423.72516
Load,agriculture machinery electric,DE0 5,low voltage,-433360.7382
Load,agriculture machinery electric,DK0 0,low voltage,-339157.85151
Load,agriculture machinery electric,DK1 0,low voltage,-195927.34412
Load,agriculture machinery electric,EE0 0,low voltage,-94104.68592
Load,agriculture machinery electric,ES0 0,low voltage,-2345631.63171
Load,agriculture machinery electric,ES6 0,low voltage,-38984.22764
Load,agriculture machinery electric,FI1 0,low voltage,-606144.14053
Load,agriculture machinery electric,FR0 0,low voltage,-1320586.51319
Load,agriculture machinery electric,FR0 1,low voltage,-832495.97282
Load,agriculture machinery electric,FR0 2,low voltage,-538743.2844
Load,agriculture machinery electric,FR0 3,low voltage,-556566.78234
Load,agriculture machinery electric,FR0 4,low voltage,-409673.68014
Load,agriculture machinery electric,FR5 0,low voltage,-15211.98348
Load,agriculture machinery electric,GB2 0,low voltage,-98570.59625
Load,agriculture machinery electric,GB2 1,low voltage,-182650.58209
Load,agriculture machinery electric,GB3 0,low voltage,-7627.7282
Load,agriculture machinery electric,GR0 0,low voltage,-247346.46022
Load,agriculture machinery electric,HR0 0,low voltage,-206266.73694
Load,agriculture machinery electric,HU0 0,low voltage,-532127.88798
Load,agriculture machinery electric,IE3 0,low voltage,-211292.024
Load,agriculture machinery electric,IT0 0,low voltage,-1031380.95786
Load,agriculture machinery electric,IT0 1,low voltage,-1309224.19789
Load,agriculture machinery electric,IT4 0,low voltage,-59505.90643
Load,agriculture machinery electric,LT0 0,low voltage,-81069.35815
Load,agriculture machinery electric,LU0 0,low voltage,-20614.09892
Load,agriculture machinery electric,LV0 0,low voltage,-166309.77226
Load,agriculture machinery electric,ME0 0,low voltage,-1169.28301
Load,agriculture machinery electric,MK0 0,low voltage,-5119.90498
Load,agriculture machinery electric,NL0 0,low voltage,-1650261.004
Load,agriculture machinery electric,NO1 0,low voltage,-76356.51707
Load,agriculture machinery electric,PL0 0,low voltage,-2853179.46422
Load,agriculture machinery electric,PT0 0,low voltage,-394925.50516
Load,agriculture machinery electric,RO0 0,low voltage,-440005.17139
Load,agriculture machinery electric,RS0 0,low voltage,-36123.78728
Load,agriculture machinery electric,SE1 0,low voltage,-497979.64594
Load,agriculture machinery electric,SI0 0,low voltage,-64084.0051
Load,agriculture machinery electric,SK0 0,low voltage,-91715.1756
Load,agriculture machinery electric,XK0 0,low voltage,-8634.66861
Load,agriculture machinery oil,AL0 0,agriculture machinery oil,-42899.38174
Load,agriculture machinery oil,AT0 0,agriculture machinery oil,-833980.03092
Load,agriculture machinery oil,BA0 0,agriculture machinery oil,-21772.65046
Load,agriculture machinery oil,BE0 0,agriculture machinery oil,-1551298.65455
Load,agriculture machinery oil,BG0 0,agriculture machinery oil,-357794.33974
Load,agriculture machinery oil,CZ0 0,agriculture machinery oil,-1143887.94669
Load,agriculture machinery oil,DE0 0,agriculture machinery oil,-1061730.80284
Load,agriculture machinery oil,DE0 1,agriculture machinery oil,-535052.14953
Load,agriculture machinery oil,DE0 2,agriculture machinery oil,-1624622.2929
Load,agriculture machinery oil,DE0 3,agriculture machinery oil,-763157.43673
Load,agriculture machinery oil,DE0 4,agriculture machinery oil,-1487322.02536
Load,agriculture machinery oil,DE0 5,agriculture machinery oil,-1011175.0558
Load,agriculture machinery oil,DK0 0,agriculture machinery oil,-791368.3202
Load,agriculture machinery oil,DK1 0,agriculture machinery oil,-457163.80296
Load,agriculture machinery oil,EE0 0,agriculture machinery oil,-219577.60049
Load,agriculture machinery oil,ES0 0,agriculture machinery oil,-5473140.47398
Load,agriculture machinery oil,ES6 0,agriculture machinery oil,-90963.19782
Load,agriculture machinery oil,FI1 0,agriculture machinery oil,-1414336.32791
Load,agriculture machinery oil,FR0 0,agriculture machinery oil,-3081368.53079
Load,agriculture machinery oil,FR0 1,agriculture machinery oil,-1942490.60326
Load,agriculture machinery oil,FR0 2,agriculture machinery oil,-1257067.6636
Load,agriculture machinery oil,FR0 3,agriculture machinery oil,-1298655.82545
Load,agriculture machinery oil,FR0 4,agriculture machinery oil,-955905.25366
Load,agriculture machinery oil,FR5 0,agriculture machinery oil,-35494.62811
Load,agriculture machinery oil,GB2 0,agriculture machinery oil,-229998.05792
Load,agriculture machinery oil,GB2 1,agriculture machinery oil,-426184.69154
Load,agriculture machinery oil,GB3 0,agriculture machinery oil,-17798.03247
Load,agriculture machinery oil,GR0 0,agriculture machinery oil,-577141.74051
Load,agriculture machinery oil,HR0 0,agriculture machinery oil,-481289.05286
Load,agriculture machinery oil,HU0 0,agriculture machinery oil,-1241631.73863
Load,agriculture machinery oil,IE3 0,agriculture machinery oil,-493014.72267
Load,agriculture machinery oil,IT0 0,agriculture machinery oil,-2406555.56833
Load,agriculture machinery oil,IT0 1,agriculture machinery oil,-3054856.46174
Load,agriculture machinery oil,IT4 0,agriculture machinery oil,-138847.11501
Load,agriculture machinery oil,LT0 0,agriculture machinery oil,-189161.83568
Load,agriculture machinery oil,LU0 0,agriculture machinery oil,-48099.56415
Load,agriculture machinery oil,LV0 0,agriculture machinery oil,-388056.13528
Load,agriculture machinery oil,ME0 0,agriculture machinery oil,-2728.32702
Load,agriculture machinery oil,MK0 0,agriculture machinery oil,-11946.44496
Load,agriculture machinery oil,NL0 0,agriculture machinery oil,-3850609.00934
Load,agriculture machinery oil,NO1 0,agriculture machinery oil,-178165.20649
Load,agriculture machinery oil,PL0 0,agriculture machinery oil,-6657418.74984
Load,agriculture machinery oil,PT0 0,agriculture machinery oil,-921492.84538
Load,agriculture machinery oil,RO0 0,agriculture machinery oil,-1026678.73324
Load,agriculture machinery oil,RS0 0,agriculture machinery oil,-84288.83698
Load,agriculture machinery oil,SE1 0,agriculture machinery oil,-1161952.5072
Load,agriculture machinery oil,SI0 0,agriculture machinery oil,-149529.34523
Load,agriculture machinery oil,SK0 0,agriculture machinery oil,-214002.0764
Load,agriculture machinery oil,XK0 0,agriculture machinery oil,-20147.56008
Load,coal for industry,EU,coal for industry,-167203859.22261
Load,electricity,AL0 0,low voltage,-1361484.13385
Load,electricity,AT0 0,low voltage,-24655841.58314
Load,electricity,BA0 0,low voltage,-6861985.90664
Load,electricity,BE0 0,low voltage,-35596353.43491
Load,electricity,BG0 0,low voltage,-21003031.4494
Load,electricity,CH0 0,low voltage,-42491387.45091
Load,electricity,CZ0 0,low voltage,-27025104.54187
Load,electricity,DE0 0,low voltage,-38936177.5943
Load,electricity,DE0 1,low voltage,-30735021.61364
Load,electricity,DE0 2,low voltage,-48341053.53547
Load,electricity,DE0 3,low voltage,-38163325.97259
Load,electricity,DE0 4,low voltage,-58294217.62737
Load,electricity,DE0 5,low voltage,-28185255.41442
Load,electricity,DK0 0,low voltage,-9651889.47788
Load,electricity,DK1 0,low voltage,-11460391.46848
Load,electricity,EE0 0,low voltage,-4255931.83963
Load,electricity,ES0 0,low voltage,-143377758.97764
Load,electricity,ES6 0,low voltage,-7760552.91285
Load,electricity,FI1 0,low voltage,-23964392.61379
Load,electricity,FR0 0,low voltage,-71517066.02947
Load,electricity,FR0 1,low voltage,-47761854.31913
Load,electricity,FR0 2,low voltage,-42782721.66996
Load,electricity,FR0 3,low voltage,-35462824.86389
Load,electricity,FR0 4,low voltage,-27014207.26726
Load,electricity,FR5 0,low voltage,-3814476.45166
Load,electricity,GB2 0,low voltage,-58990077.98471
Load,electricity,GB2 1,low voltage,-119237232.93303
Load,electricity,GB3 0,low voltage,-7424843.52496
Load,electricity,GR0 0,low voltage,-27997437.18089
Load,electricity,HR0 0,low voltage,-10627517.2913
Load,electricity,HU0 0,low voltage,-19136585.08365
Load,electricity,IE3 0,low voltage,-12760535.90786
Load,electricity,IT0 0,low voltage,-52474161.88289
Load,electricity,IT0 1,low voltage,-82299724.9293
Load,electricity,IT4 0,low voltage,-4712554.86676
Load,electricity,LT0 0,low voltage,-6585390.94026
Load,electricity,LU0 0,low voltage,-2385049.43489
Load,electricity,LV0 0,low voltage,-3936814.49911
Load,electricity,ME0 0,low voltage,-2026832.42309
Load,electricity,MK0 0,low voltage,-4135600.30298
Load,electricity,NL0 0,low voltage,-62074408.03842
Load,electricity,NO1 0,low voltage,-53317935.11665
Load,electricity,PL0 0,low voltage,-89891680.808
Load,electricity,PT0 0,low voltage,-25238553.17214
Load,electricity,RO0 0,low voltage,-31031937.01608
Load,electricity,RS0 0,low voltage,-24020097.96258
Load,electricity,SE1 0,low voltage,-50022462.07595
Load,electricity,SI0 0,low voltage,-4725712.56154
Load,electricity,SK0 0,low voltage,-10929165.02775
Load,electricity,XK0 0,low voltage,-4935448.77825
Load,gas for industry,AL0 0,gas for industry,-58750.64489
Load,gas for industry,AT0 0,gas for industry,-2074175.64555
Load,gas for industry,BA0 0,gas for industry,-338701.07066
Load,gas for industry,BE0 0,gas for industry,-5182382.8557
Load,gas for industry,BG0 0,gas for industry,-1620000.0
Load,gas for industry,CH0 0,gas for industry,-1108054.2329
Load,gas for industry,CZ0 0,gas for industry,-1443676.15553
Load,gas for industry,DE0 0,gas for industry,-4338466.33095
Load,gas for industry,DE0 1,gas for industry,-590000.0
Load,gas for industry,DE0 2,gas for industry,-6829567.82969
Load,gas for industry,DE0 3,gas for industry,-1490000.0
Load,gas for industry,DE0 4,gas for industry,-4824688.0728
Load,gas for industry,DE0 5,gas for industry,-7124563.00233
Load,gas for industry,DK0 0,gas for industry,-1220000.0
Load,gas for industry,DK1 0,gas for industry,-190000.0
Load,gas for industry,EE0 0,gas for industry,-20000.0
Load,gas for industry,ES0 0,gas for industry,-13437995.63848
Load,gas for industry,FI1 0,gas for industry,-891964.90221
Load,gas for industry,FR0 0,gas for industry,-4438172.38352
Load,gas for industry,FR0 1,gas for industry,-3996330.49698
Load,gas for industry,FR0 2,gas for industry,-620000.0
Load,gas for industry,FR0 3,gas for industry,-1360000.0
Load,gas for industry,FR0 4,gas for industry,-3370000.0
Load,gas for industry,GB2 0,gas for industry,-4080000.0
Load,gas for industry,GB2 1,gas for industry,-1382528.00847
Load,gas for industry,GB3 0,gas for industry,-100000.0
Load,gas for industry,GR0 0,gas for industry,-450000.0
Load,gas for industry,HR0 0,gas for industry,-690000.0
Load,gas for industry,HU0 0,gas for industry,-746365.91459
Load,gas for industry,IE3 0,gas for industry,-550000.0
Load,gas for industry,IT0 0,gas for industry,-3422568.6666
Load,gas for industry,IT0 1,gas for industry,-10240000.0
Load,gas for industry,IT4 0,gas for industry,-250000.0
Load,gas for industry,LT0 0,gas for industry,-20000.0
Load,gas for industry,LU0 0,gas for industry,-1780000.0
Load,gas for industry,LV0 0,gas for industry,-30000.0
Load,gas for industry,ME0 0,gas for industry,-11952.55892
Load,gas for industry,MK0 0,gas for industry,-299877.75726
Load,gas for industry,NL0 0,gas for industry,-3946936.1595
Load,gas for industry,NO1 0,gas for industry,-2922387.75969
Load,gas for industry,PL0 0,gas for industry,-4351209.05765
Load,gas for industry,PT0 0,gas for industry,-1400000.0
Load,gas for industry,RO0 0,gas for industry,-4751455.78934
Load,gas for industry,RS0 0,gas for industry,-920669.03133
Load,gas for industry,SE1 0,gas for industry,-737838.46172
Load,gas for industry,SI0 0,gas for industry,-1100000.0
Load,gas for industry,SK0 0,gas for industry,-586407.86772
Load,gas for industry,XK0 0,gas for industry,-82874.92192
Load,heat100-200 industry,AL0 0,heat100-200 industry,-230000.0
Load,heat100-200 industry,AT0 0,heat100-200 industry,-13940000.0
Load,heat100-200 industry,BA0 0,heat100-200 industry,-460000.0
Load,heat100-200 industry,BE0 0,heat100-200 industry,-15310000.0
Load,heat100-200 industry,BG0 0,heat100-200 industry,-2910000.0
Load,heat100-200 industry,CH0 0,heat100-200 industry,-4550000.0
Load,heat100-200 industry,CZ0 0,heat100-200 industry,-9030000.0
Load,heat100-200 industry,DE0 0,heat100-200 industry,-14450000.0
Load,heat100-200 industry,DE0 1,heat100-200 industry,-5240000.0
Load,heat100-200 industry,DE0 2,heat100-200 industry,-28010000.0
Load,heat100-200 industry,DE0 3,heat100-200 industry,-8510000.0
Load,heat100-200 industry,DE0 4,heat100-200 industry,-22210000.0
Load,heat100-200 industry,DE0 5,heat100-200 industry,-17060000.0
Load,heat100-200 industry,DK0 0,heat100-200 industry,-1850000.0
Load,heat100-200 industry,DK1 0,heat100-200 industry,-810000.0
Load,heat100-200 industry,EE0 0,heat100-200 industry,-630000.0
Load,heat100-200 industry,ES0 0,heat100-200 industry,-32920000.0
Load,heat100-200 industry,ES6 0,heat100-200 industry,-290000.0
Load,heat100-200 industry,FI1 0,heat100-200 industry,-2650000.0
Load,heat100-200 industry,FR0 0,heat100-200 industry,-15470000.0
Load,heat100-200 industry,FR0 1,heat100-200 industry,-10180000.0
Load,heat100-200 industry,FR0 2,heat100-200 industry,-5700000.0
Load,heat100-200 industry,FR0 3,heat100-200 industry,-5540000.0
Load,heat100-200 industry,FR0 4,heat100-200 industry,-8030000.0
Load,heat100-200 industry,FR5 0,heat100-200 industry,-90000.0
Load,heat100-200 industry,GB2 0,heat100-200 industry,-14830000.0
Load,heat100-200 industry,GB2 1,heat100-200 industry,-17270000.0
Load,heat100-200 industry,GB3 0,heat100-200 industry,-760000.0
Load,heat100-200 industry,GR0 0,heat100-200 industry,-2090000.0
Load,heat100-200 industry,HR0 0,heat100-200 industry,-1350000.0
Load,heat100-200 industry,HU0 0,heat100-200 industry,-8150000.0
Load,heat100-200 industry,IE3 0,heat100-200 industry,-2650000.0
Load,heat100-200 industry,IT0 0,heat100-200 industry,-11300000.0
Load,heat100-200 industry,IT0 1,heat100-200 industry,-19940000.0
Load,heat100-200 industry,IT4 0,heat100-200 industry,-890000.0
Load,heat100-200 industry,LT0 0,heat100-200 industry,-880000.0
Load,heat100-200 industry,LU0 0,heat100-200 industry,-280000.0
Load,heat100-200 industry,LV0 0,heat100-200 industry,-450000.0
Load,heat100-200 industry,ME0 0,heat100-200 industry,-110000.0
Load,heat100-200 industry,MK0 0,heat100-200 industry,-210000.0
Load,heat100-200 industry,NL0 0,heat100-200 industry,-27680000.0
Load,heat100-200 industry,NO1 0,heat100-200 industry,-5920000.0
Load,heat100-200 industry,PL0 0,heat100-200 industry,-17810000.0
Load,heat100-200 industry,PT0 0,heat100-200 industry,-4360000.0
Load,heat100-200 industry,RO0 0,heat100-200 industry,-8000000.0
Load,heat100-200 industry,RS0 0,heat100-200 industry,-1850000.0
Load,heat100-200 industry,SE1 0,heat100-200 industry,-1920000.0
Load,heat100-200 industry,SI0 0,heat100-200 industry,-2060000.0
Load,heat100-200 industry,SK0 0,heat100-200 industry,-4710000.0
Load,heat100-200 industry,XK0 0,heat100-200 industry,-190000.0
Load,heat200-500 industry,AL0 0,heat200-500 industry,-70000.0
Load,heat200-500 industry,AT0 0,heat200-500 industry,-3310000.0
Load,heat200-500 industry,BA0 0,heat200-500 industry,-200000.0
Load,heat200-500 industry,BE0 0,heat200-500 industry,-4530000.0
Load,heat200-500 industry,BG0 0,heat200-500 industry,-1090000.0
Load,heat200-500 industry,CH0 0,heat200-500 industry,-1270000.0
Load,heat200-500 industry,CZ0 0,heat200-500 industry,-3140000.0
Load,heat200-500 industry,DE0 0,heat200-500 industry,-4310000.0
Load,heat200-500 industry,DE0 1,heat200-500 industry,-1420000.0
Load,heat200-500 industry,DE0 2,heat200-500 industry,-7750000.0
Load,heat200-500 industry,DE0 3,heat200-500 industry,-2400000.0
Load,heat200-500 industry,DE0 4,heat200-500 industry,-5130000.0
Load,heat200-500 industry,DE0 5,heat200-500 industry,-4560000.0
Load,heat200-500 industry,DK0 0,heat200-500 industry,-500000.0
Load,heat200-500 industry,DK1 0,heat200-500 industry,-290000.0
Load,heat200-500 industry,EE0 0,heat200-500 industry,-120000.0
Load,heat200-500 industry,ES0 0,heat200-500 industry,-10380000.0
Load,heat200-500 industry,ES6 0,heat200-500 industry,-80000.0
Load,heat200-500 industry,FI1 0,heat200-500 industry,-1510000.0
Load,heat200-500 industry,FR0 0,heat200-500 industry,-4130000.0
Load,heat200-500 industry,FR0 1,heat200-500 industry,-3050000.0
Load,heat200-500 industry,FR0 2,heat200-500 industry,-1530000.0
Load,heat200-500 industry,FR0 3,heat200-500 industry,-1380000.0
Load,heat200-500 industry,FR0 4,heat200-500 industry,-1860000.0
Load,heat200-500 industry,FR5 0,heat200-500 industry,-30000.0
Load,heat200-500 industry,GB2 0,heat200-500 industry,-4300000.0
Load,heat200-500 industry,GB2 1,heat200-500 industry,-5730000.0
Load,heat200-500 industry,GB3 0,heat200-500 industry,-260000.0
Load,heat200-500 industry,GR0 0,heat200-500 industry,-600000.0
Load,heat200-500 industry,HR0 0,heat200-500 industry,-340000.0
Load,heat200-500 industry,HU0 0,heat200-500 industry,-2210000.0
Load,heat200-500 industry,IE3 0,heat200-500 industry,-720000.0
Load,heat200-500 industry,IT0 0,heat200-500 industry,-4330000.0
Load,heat200-500 industry,IT0 1,heat200-500 industry,-7870000.0
Load,heat200-500 industry,IT4 0,heat200-500 industry,-1010000.0
Load,heat200-500 industry,LT0 0,heat200-500 industry,-270000.0
Load,heat200-500 industry,LU0 0,heat200-500 industry,-170000.0
Load,heat200-500 industry,LV0 0,heat200-500 industry,-190000.0
Load,heat200-500 industry,ME0 0,heat200-500 industry,-50000.0
Load,heat200-500 industry,MK0 0,heat200-500 industry,-60000.0
Load,heat200-500 industry,NL0 0,heat200-500 industry,-7800000.0
Load,heat200-500 industry,NO1 0,heat200-500 industry,-2050000.0
Load,heat200-500 industry,PL0 0,heat200-500 industry,-6710000.0
Load,heat200-500 industry,PT0 0,heat200-500 industry,-1680000.0
Load,heat200-500 industry,RO0 0,heat200-500 industry,-2240000.0
Load,heat200-500 industry,RS0 0,heat200-500 industry,-510000.0
Load,heat200-500 industry,SE1 0,heat200-500 industry,-620000.0
Load,heat200-500 industry,SI0 0,heat200-500 industry,-560000.0
Load,heat200-500 industry,SK0 0,heat200-500 industry,-1310000.0
Load,heat200-500 industry,XK0 0,heat200-500 industry,-70000.0
Load,heat<100 industry,AL0 0,heat<100 industry,-270000.0
Load,heat<100 industry,AT0 0,heat<100 industry,-5200000.0
Load,heat<100 industry,BA0 0,heat<100 industry,-470000.0
Load,heat<100 industry,BE0 0,heat<100 industry,-12050000.0
Load,heat<100 industry,BG0 0,heat<100 industry,-2060000.0
Load,heat<100 industry,CH0 0,heat<100 industry,-3330000.0
Load,heat<100 industry,CZ0 0,heat<100 industry,-8040000.0
Load,heat<100 industry,DE0 0,heat<100 industry,-10450000.0
Load,heat<100 industry,DE0 1,heat<100 industry,-3080000.0
Load,heat<100 industry,DE0 2,heat<100 industry,-19320000.0
Load,heat<100 industry,DE0 3,heat<100 industry,-5400000.0
Load,heat<100 industry,DE0 4,heat<100 industry,-14340000.0
Load,heat<100 industry,DE0 5,heat<100 industry,-12470000.0
Load,heat<100 industry,DK0 0,heat<100 industry,-1580000.0
Load,heat<100 industry,DK1 0,heat<100 industry,-740000.0
Load,heat<100 industry,EE0 0,heat<100 industry,-570000.0
Load,heat<100 industry,ES0 0,heat<100 industry,-10180000.0
Load,heat<100 industry,ES6 0,heat<100 industry,-100000.0
Load,heat<100 industry,FI1 0,heat<100 industry,-13860000.0
Load,heat<100 industry,FR0 0,heat<100 industry,-10870000.0
Load,heat<100 industry,FR0 1,heat<100 industry,-7810000.0
Load,heat<100 industry,FR0 2,heat<100 industry,-3600000.0
Load,heat<100 industry,FR0 3,heat<100 industry,-4090000.0
Load,heat<100 industry,FR0 4,heat<100 industry,-5400000.0
Load,heat<100 industry,FR5 0,heat<100 industry,-70000.0
Load,heat<100 industry,GB2 0,heat<100 industry,-10580000.0
Load,heat<100 industry,GB2 1,heat<100 industry,-12570000.0
Load,heat<100 industry,GB3 0,heat<100 industry,-570000.0
Load,heat<100 industry,GR0 0,heat<100 industry,-1010000.0
Load,heat<100 industry,HR0 0,heat<100 industry,-1470000.0
Load,heat<100 industry,HU0 0,heat<100 industry,-5690000.0
Load,heat<100 industry,IE3 0,heat<100 industry,-2020000.0
Load,heat<100 industry,IT0 0,heat<100 industry,-16530000.0
Load,heat<100 industry,IT0 1,heat<100 industry,-27550000.0
Load,heat<100 industry,IT4 0,heat<100 industry,-1570000.0
Load,heat<100 industry,LT0 0,heat<100 industry,-800000.0
Load,heat<100 industry,LU0 0,heat<100 industry,-290000.0
Load,heat<100 industry,LV0 0,heat<100 industry,-1050000.0
Load,heat<100 industry,ME0 0,heat<100 industry,-110000.0
Load,heat<100 industry,MK0 0,heat<100 industry,-260000.0
Load,heat<100 industry,NL0 0,heat<100 industry,-23600000.0
Load,heat<100 industry,NO1 0,heat<100 industry,-4600000.0
Load,heat<100 industry,PL0 0,heat<100 industry,-17370000.0
Load,heat<100 industry,PT0 0,heat<100 industry,-4340000.0
Load,heat<100 industry,RO0 0,heat<100 industry,-6380000.0
Load,heat<100 industry,RS0 0,heat<100 industry,-2020000.0
Load,heat<100 industry,SE1 0,heat<100 industry,-6700000.0
Load,heat<100 industry,SI0 0,heat<100 industry,-910000.0
Load,heat<100 industry,SK0 0,heat<100 industry,-2270000.0
Load,heat<100 industry,XK0 0,heat<100 industry,-200000.0
Load,heat>500 industry,AL0 0,heat>500 industry,-80000.0
Load,heat>500 industry,AT0 0,heat>500 industry,-8070000.0
Load,heat>500 industry,BA0 0,heat>500 industry,-740000.0
Load,heat>500 industry,BE0 0,heat>500 industry,-14950000.0
Load,heat>500 industry,BG0 0,heat>500 industry,-4180000.0
Load,heat>500 industry,CH0 0,heat>500 industry,-3160000.0
Load,heat>500 industry,CZ0 0,heat>500 industry,-7390000.0
Load,heat>500 industry,DE0 0,heat>500 industry,-11420000.0
Load,heat>500 industry,DE0 1,heat>500 industry,-2710000.0
Load,heat>500 industry,DE0 2,heat>500 industry,-22810000.0
Load,heat>500 industry,DE0 3,heat>500 industry,-6910000.0
Load,heat>500 industry,DE0 4,heat>500 industry,-10530000.0
Load,heat>500 industry,DE0 5,heat>500 industry,-13510000.0
Load,heat>500 industry,DK0 0,heat>500 industry,-1410000.0
Load,heat>500 industry,DK1 0,heat>500 industry,-150000.0
Load,heat>500 industry,EE0 0,heat>500 industry,-170000.0
Load,heat>500 industry,ES0 0,heat>500 industry,-29220000.0
Load,heat>500 industry,ES6 0,heat>500 industry,-70000.0
Load,heat>500 industry,FI1 0,heat>500 industry,-1440000.0
Load,heat>500 industry,FR0 0,heat>500 industry,-9780000.0
Load,heat>500 industry,FR0 1,heat>500 industry,-9250000.0
Load,heat>500 industry,FR0 2,heat>500 industry,-4020000.0
Load,heat>500 industry,FR0 3,heat>500 industry,-3590000.0
Load,heat>500 industry,FR0 4,heat>500 industry,-6710000.0
Load,heat>500 industry,FR5 0,heat>500 industry,-10000.0
Load,heat>500 industry,GB2 0,heat>500 industry,-7470000.0
Load,heat>500 industry,GB2 1,heat>500 industry,-3530000.0
Load,heat>500 industry,GB3 0,heat>500 industry,-250000.0
Load,heat>500 industry,GR0 0,heat>500 industry,-3590000.0
Load,heat>500 industry,HR0 0,heat>500 industry,-1060000.0
Load,heat>500 industry,HU0 0,heat>500 industry,-6610000.0
Load,heat>500 industry,IE3 0,heat>500 industry,-5130000.0
Load,heat>500 industry,IT0 0,heat>500 industry,-8670000.0
Load,heat>500 industry,IT0 1,heat>500 industry,-17890000.0
Load,heat>500 industry,IT4 0,heat>500 industry,-1770000.0
Load,heat>500 industry,LT0 0,heat>500 industry,-320000.0
Load,heat>500 industry,LU0 0,heat>500 industry,-640000.0
Load,heat>500 industry,LV0 0,heat>500 industry,-330000.0
Load,heat>500 industry,ME0 0,heat>500 industry,-210000.0
Load,heat>500 industry,MK0 0,heat>500 industry,-50000.0
Load,heat>500 industry,NL0 0,heat>500 industry,-26490000.0
Load,heat>500 industry,NO1 0,heat>500 industry,-11210000.0
Load,heat>500 industry,PL0 0,heat>500 industry,-22530000.0
Load,heat>500 industry,PT0 0,heat>500 industry,-5080000.0
Load,heat>500 industry,RO0 0,heat>500 industry,-7980000.0
Load,heat>500 industry,RS0 0,heat>500 industry,-440000.0
Load,heat>500 industry,SE1 0,heat>500 industry,-2260000.0
Load,heat>500 industry,SI0 0,heat>500 industry,-1230000.0
Load,heat>500 industry,SK0 0,heat>500 industry,-3410000.0
Load,heat>500 industry,XK0 0,heat>500 industry,-110000.0
Load,industry electricity,AL0 0,low voltage,-660000.0
Load,industry electricity,AT0 0,low voltage,-28380000.0
Load,industry electricity,BA0 0,low voltage,-2370000.0
Load,industry electricity,BE0 0,low voltage,-37980000.0
Load,industry electricity,BG0 0,low voltage,-9800000.0
Load,industry electricity,CH0 0,low voltage,-10360000.0
Load,industry electricity,CZ0 0,low voltage,-24550000.0
Load,industry electricity,DE0 0,low voltage,-38070000.0
Load,industry electricity,DE0 1,low voltage,-11580000.0
Load,industry electricity,DE0 2,low voltage,-69100000.0
Load,industry electricity,DE0 3,low voltage,-19680000.0
Load,industry electricity,DE0 4,low voltage,-45330000.0
Load,industry electricity,DE0 5,low voltage,-39470000.0
Load,industry electricity,DK0 0,low voltage,-6110000.0
Load,industry electricity,DK1 0,low voltage,-2200000.0
Load,industry electricity,EE0 0,low voltage,-2110000.0
Load,industry electricity,ES0 0,low voltage,-75290000.0
Load,industry electricity,ES6 0,low voltage,-560000.0
Load,industry electricity,FI1 0,low voltage,-38440000.0
Load,industry electricity,FR0 0,low voltage,-41700000.0
Load,industry electricity,FR0 1,low voltage,-30720000.0
Load,industry electricity,FR0 2,low voltage,-13640000.0
Load,industry electricity,FR0 3,low voltage,-12600000.0
Load,industry electricity,FR0 4,low voltage,-16480000.0
Load,industry electricity,FR5 0,low voltage,-250000.0
Load,industry electricity,GB2 0,low voltage,-32990000.0
Load,industry electricity,GB2 1,low voltage,-45220000.0
Load,industry electricity,GB3 0,low voltage,-1830000.0
Load,industry electricity,GR0 0,low voltage,-11930000.0
Load,industry electricity,HR0 0,low voltage,-3480000.0
Load,industry electricity,HU0 0,low voltage,-17610000.0
Load,industry electricity,IE3 0,low voltage,-6470000.0
Load,industry electricity,IT0 0,low voltage,-43750000.0
Load,industry electricity,IT0 1,low voltage,-72320000.0
Load,industry electricity,IT4 0,low voltage,-3670000.0
Load,industry electricity,LT0 0,low voltage,-3000000.0
Load,industry electricity,LU0 0,low voltage,-3010000.0
Load,industry electricity,LV0 0,low voltage,-1850000.0
Load,industry electricity,ME0 0,low voltage,-380000.0
Load,industry electricity,MK0 0,low voltage,-1410000.0
Load,industry electricity,NL0 0,low voltage,-37580000.0
Load,industry electricity,NO1 0,low voltage,-16790000.0
Load,industry electricity,PL0 0,low voltage,-55860000.0
Load,industry electricity,PT0 0,low voltage,-16680000.0
Load,industry electricity,RO0 0,low voltage,-21300000.0
Load,industry electricity,RS0 0,low voltage,-6080000.0
Load,industry electricity,SE1 0,low voltage,-49100000.0
Load,industry electricity,SI0 0,low voltage,-6330000.0
Load,industry electricity,SK0 0,low voltage,-11990000.0
Load,industry electricity,XK0 0,low voltage,-750000.0
Load,kerosene for aviation,AL0 0,kerosene for aviation,-262779.85
Load,kerosene for aviation,AT0 0,kerosene for aviation,-11463834.39255
Load,kerosene for aviation,BA0 0,kerosene for aviation,-110252.4
Load,kerosene for aviation,BE0 0,kerosene for aviation,-19821806.0
Load,kerosene for aviation,BG0 0,kerosene for aviation,-2853813.0
Load,kerosene for aviation,CH0 0,kerosene for aviation,-22527777.77778
Load,kerosene for aviation,CZ0 0,kerosene for aviation,-5544508.07171
Load,kerosene for aviation,DE0 0,kerosene for aviation,-19996891.50401
Load,kerosene for aviation,DE0 1,kerosene for aviation,-10077299.96584
Load,kerosene for aviation,DE0 2,kerosene for aviation,-30598524.25793
Load,kerosene for aviation,DE0 3,kerosene for aviation,-14373489.42112
Load,kerosene for aviation,DE0 4,kerosene for aviation,-28012578.229
Load,kerosene for aviation,DE0 5,kerosene for aviation,-19044712.4904
Load,kerosene for aviation,DK0 0,kerosene for aviation,-7941414.90063
Load,kerosene for aviation,DK1 0,kerosene for aviation,-4587658.29281
Load,kerosene for aviation,EE0 0,kerosene for aviation,-796420.0
Load,kerosene for aviation,ES0 0,kerosene for aviation,-83425426.96325
Load,kerosene for aviation,ES6 0,kerosene for aviation,-1386524.54702
Load,kerosene for aviation,FI1 0,kerosene for aviation,-10550214.23183
Load,kerosene for aviation,FR0 0,kerosene for aviation,-32869506.18701
Load,kerosene for aviation,FR0 1,kerosene for aviation,-20720892.76696
Load,kerosene for aviation,FR0 2,kerosene for aviation,-13409364.35654
Load,kerosene for aviation,FR0 3,kerosene for aviation,-13852992.67612
Load,kerosene for aviation,FR0 4,kerosene for aviation,-10196811.36337
Load,kerosene for aviation,FR5 0,kerosene for aviation,-378627.51134
Load,kerosene for aviation,GB2 0,kerosene for aviation,-51581997.11514
Load,kerosene for aviation,GB2 1,kerosene for aviation,-95581057.19907
Load,kerosene for aviation,GB3 0,kerosene for aviation,-3991590.48579
Load,kerosene for aviation,GR0 0,kerosene for aviation,-15772219.52247
Load,kerosene for aviation,HR0 0,kerosene for aviation,-2446289.74193
Load,kerosene for aviation,HU0 0,kerosene for aviation,-3249150.0
Load,kerosene for aviation,IE3 0,kerosene for aviation,-12989575.80879
Load,kerosene for aviation,IT0 0,kerosene for aviation,-24406084.78065
Load,kerosene for aviation,IT0 1,kerosene for aviation,-30980828.69106
Load,kerosene for aviation,IT4 0,kerosene for aviation,-1408118.10249
Load,kerosene for aviation,LT0 0,kerosene for aviation,-1434251.0
Load,kerosene for aviation,LU0 0,kerosene for aviation,-6985345.0
Load,kerosene for aviation,LV0 0,kerosene for aviation,-1824542.0
Load,kerosene for aviation,ME0 0,kerosene for aviation,-293064.37
Load,kerosene for aviation,MK0 0,kerosene for aviation,-325081.76
Load,kerosene for aviation,NL0 0,kerosene for aviation,-46191768.0
Load,kerosene for aviation,NO1 0,kerosene for aviation,-10480490.8
Load,kerosene for aviation,PL0 0,kerosene for aviation,-12909273.50741
Load,kerosene for aviation,PT0 0,kerosene for aviation,-18917125.87455
Load,kerosene for aviation,RO0 0,kerosene for aviation,-2528753.26044
Load,kerosene for aviation,RS0 0,kerosene for aviation,-1657054.03
Load,kerosene for aviation,SE1 0,kerosene for aviation,-12271270.12683
Load,kerosene for aviation,SI0 0,kerosene for aviation,-319825.0
Load,kerosene for aviation,SK0 0,kerosene for aviation,-529222.0
Load,kerosene for aviation,XK0 0,kerosene for aviation,-28877.29
Load,land transport EV,AL0 0,EV battery,-634985.69729
Load,land transport EV,AT0 0,EV battery,-6736246.12089
Load,land transport EV,BA0 0,EV battery,-1057437.22864
Load,land transport EV,BE0 0,EV battery,-8996045.03215
Load,land transport EV,BG0 0,EV battery,-2513880.8876
Load,land transport EV,CH0 0,EV battery,-3975141.64544
Load,land transport EV,CZ0 0,EV battery,-6341642.8369
Load,land transport EV,DE0 0,EV battery,-8424066.32573
Load,land transport EV,DE0 1,EV battery,-4253575.83015
Load,land transport EV,DE0 2,EV battery,-12892075.63085
Load,land transport EV,DE0 3,EV battery,-6075187.6459
Load,land transport EV,DE0 4,EV battery,-11800131.61389
Load,land transport EV,DE0 5,EV battery,-8008203.04186
Load,land transport EV,DK0 0,EV battery,-2669440.67087
Load,land transport EV,DK1 0,EV battery,-1540783.94523
Load,land transport EV,EE0 0,EV battery,-757198.90434
Load,land transport EV,ES0 0,EV battery,-24908366.21028
Load,land transport EV,ES6 0,EV battery,-407529.92492
Load,land transport EV,FI1 0,EV battery,-4206392.50229
Load,land transport EV,FR0 0,EV battery,-15030400.11935
Load,land transport EV,FR0 1,EV battery,-9483540.87352
Load,land transport EV,FR0 2,EV battery,-6098273.91615
Load,land transport EV,FR0 3,EV battery,-6323215.98798
Load,land transport EV,FR0 4,EV battery,-4676265.10715
Load,land transport EV,FR5 0,EV battery,-169976.80877
Load,land transport EV,GB2 0,EV battery,-10977905.99401
Load,land transport EV,GB2 1,EV battery,-20154597.90276
Load,land transport EV,GB3 0,EV battery,-846078.53004
Load,land transport EV,GR0 0,EV battery,-4812768.85203
Load,land transport EV,HR0 0,EV battery,-1996060.66457
Load,land transport EV,HU0 0,EV battery,-4301308.0457
Load,land transport EV,IE3 0,EV battery,-3377112.9366
Load,land transport EV,IT0 0,EV battery,-13971764.26009
Load,land transport EV,IT0 1,EV battery,-18183770.56936
Load,land transport EV,IT4 0,EV battery,-804004.77252
Load,land transport EV,LT0 0,EV battery,-2116315.33644
Load,land transport EV,LU0 0,EV battery,-944280.96412
Load,land transport EV,LV0 0,EV battery,-1008357.88122
Load,land transport EV,ME0 0,EV battery,-213255.42496
Load,land transport EV,MK0 0,EV battery,-609855.24404
Load,land transport EV,NL0 0,EV battery,-11076756.14678
Load,land transport EV,NO1 0,EV battery,-2869672.39421
Load,land transport EV,PL0 0,EV battery,-19623561.03486
Load,land transport EV,PT0 0,EV battery,-6005204.49216
Load,land transport EV,RO0 0,EV battery,-6259283.60732
Load,land transport EV,RS0 0,EV battery,-1810850.87655
Load,land transport EV,SE1 0,EV battery,-6538085.54601
Load,land transport EV,SI0 0,EV battery,-1779071.74945
Load,land transport EV,SK0 0,EV battery,-2746765.30151
Load,land transport EV,XK0 0,EV battery,-344045.10969
Load,land transport oil,AL0 0,land transport oil,-5414480.4752
Load,land transport oil,AT0 0,land transport oil,-55646874.82006
Load,land transport oil,BA0 0,land transport oil,-8941028.8911
Load,land transport oil,BE0 0,land transport oil,-75183583.06001
Load,land transport oil,BG0 0,land transport oil,-21331861.05866
Load,land transport oil,CH0 0,land transport oil,-32509340.86552
Load,land transport oil,CZ0 0,land transport oil,-52823815.54206
Load,land transport oil,DE0 0,land transport oil,-70323609.65531
Load,land transport oil,DE0 1,land transport oil,-35439113.57601
Load,land transport oil,DE0 2,land transport oil,-107606658.54051
Load,land transport oil,DE0 3,land transport oil,-50547639.3285
Load,land transport oil,DE0 4,land transport oil,-98512592.14065
Load,land transport oil,DE0 5,land transport oil,-66975055.94327
Load,land transport oil,DK0 0,land transport oil,-22110878.36643
Load,land transport oil,DK1 0,land transport oil,-12773184.09481
Load,land transport oil,EE0 0,land transport oil,-6208884.89309
Load,land transport oil,ES0 0,land transport oil,-212820449.50616
Load,land transport oil,ES6 0,land transport oil,-3537060.43935
Load,land transport oil,FI1 0,land transport oil,-33770154.89037
Load,land transport oil,FR0 0,land transport oil,-126158410.74062
Load,land transport oil,FR0 1,land transport oil,-79530093.50777
Load,land transport oil,FR0 2,land transport oil,-51467280.5438
Load,land transport oil,FR0 3,land transport oil,-53169996.83772
Load,land transport oil,FR0 4,land transport oil,-39136989.43043
Load,land transport oil,FR5 0,land transport oil,-1453232.81774
Load,land transport oil,GB2 0,land transport oil,-90899870.05048
Load,land transport oil,GB2 1,land transport oil,-168436783.4632
Load,land transport oil,GB3 0,land transport oil,-7034141.30405
Load,land transport oil,GR0 0,land transport oil,-41510651.80807
Load,land transport oil,HR0 0,land transport oil,-17001131.71503
Load,land transport oil,HU0 0,land transport oil,-36476728.68333
Load,land transport oil,IE3 0,land transport oil,-28123263.49599
Load,land transport oil,IT0 0,land transport oil,-120310491.85525
Load,land transport oil,IT0 1,land transport oil,-152720879.70702
Load,land transport oil,IT4 0,land transport oil,-6941358.39583
Load,land transport oil,LT0 0,land transport oil,-17499668.11818
Load,land transport oil,LU0 0,land transport oil,-7859417.42682
Load,land transport oil,LV0 0,land transport oil,-8304181.26351
Load,land transport oil,ME0 0,land transport oil,-1791528.0868
Load,land transport oil,MK0 0,land transport oil,-5168090.63071
Load,land transport oil,NL0 0,land transport oil,-92686620.75397
Load,land transport oil,NO1 0,land transport oil,-23029966.10109
Load,land transport oil,PL0 0,land transport oil,-163776869.0908
Load,land transport oil,PT0 0,land transport oil,-51603328.74271
Load,land transport oil,RO0 0,land transport oil,-52705836.48066
Load,land transport oil,RS0 0,land transport oil,-15387013.54293
Load,land transport oil,SE1 0,land transport oil,-52693440.60148
Load,land transport oil,SI0 0,land transport oil,-14918981.92025
Load,land transport oil,SK0 0,land transport oil,-22964536.55857
Load,land transport oil,XK0 0,land transport oil,-2906741.67719
Load,naphtha for industry,AL0 0,naphtha for industry,-346809.75311
Load,naphtha for industry,AT0 0,naphtha for industry,-14852958.91619
Load,naphtha for industry,BA0 0,naphtha for industry,-793785.24301
Load,naphtha for industry,BE0 0,naphtha for industry,-64181365.41194
Load,naphtha for industry,BG0 0,naphtha for industry,-4520000.0
Load,naphtha for industry,CH0 0,naphtha for industry,-10340403.32921
Load,naphtha for industry,CZ0 0,naphtha for industry,-17480000.0
Load,naphtha for industry,DE0 0,naphtha for industry,-28615599.91142
Load,naphtha for industry,DE0 1,naphtha for industry,-2320000.0
Load,naphtha for industry,DE0 2,naphtha for industry,-53692070.53799
Load,naphtha for industry,DE0 3,naphtha for industry,-9120000.0
Load,naphtha for industry,DE0 4,naphtha for industry,-32210081.56034
Load,naphtha for industry,DE0 5,naphtha for industry,-40962032.62414
Load,naphtha for industry,DK0 0,naphtha for industry,-4010000.0
Load,naphtha for industry,DK1 0,naphtha for industry,-940000.0
Load,naphtha for industry,EE0 0,naphtha for industry,-740000.0
Load,naphtha for industry,ES0 0,naphtha for industry,-62101582.13102
Load,naphtha for industry,ES6 0,naphtha for industry,-310000.0
Load,naphtha for industry,FI1 0,naphtha for industry,-22020293.72911
Load,naphtha for industry,FR0 0,naphtha for industry,-33654081.3284
Load,naphtha for industry,FR0 1,naphtha for industry,-30569972.55923
Load,naphtha for industry,FR0 2,naphtha for industry,-6960000.0
Load,naphtha for industry,FR0 3,naphtha for industry,-12390000.0
Load,naphtha for industry,FR0 4,naphtha for industry,-23420000.0
Load,naphtha for industry,FR5 0,naphtha for industry,-80000.0
Load,naphtha for industry,GB2 0,naphtha for industry,-36240000.0
Load,naphtha for industry,GB2 1,naphtha for industry,-20583351.24118
Load,naphtha for industry,GB3 0,naphtha for industry,-1390000.0
Load,naphtha for industry,GR0 0,naphtha for industry,-12340000.0
Load,naphtha for industry,HR0 0,naphtha for industry,-2960000.0
Load,naphtha for industry,HU0 0,naphtha for industry,-19741596.03217
Load,naphtha for industry,IE3 0,naphtha for industry,-3880000.0
Load,naphtha for industry,IT0 0,naphtha for industry,-22669852.31341
Load,naphtha for industry,IT0 1,naphtha for industry,-32280000.0
Load,naphtha for industry,IT4 0,naphtha for industry,-4040000.0
Load,naphtha for industry,LT0 0,naphtha for industry,-470000.0
Load,naphtha for industry,LU0 0,naphtha for industry,-370000.0
Load,naphtha for industry,LV0 0,naphtha for industry,-590000.0
Load,naphtha for industry,ME0 0,naphtha for industry,-199116.28162
Load,naphtha for industry,MK0 0,naphtha for industry,-216364.64995
Load,naphtha for industry,NL0 0,naphtha for industry,-109025913.73707
Load,naphtha for industry,NO1 0,naphtha for industry,-21428467.76558
Load,naphtha for industry,PL0 0,naphtha for industry,-28664416.79439
Load,naphtha for industry,PT0 0,naphtha for industry,-14670000.0
Load,naphtha for industry,RO0 0,naphtha for industry,-13658825.49021
Load,naphtha for industry,RS0 0,naphtha for industry,-1034963.68813
Load,naphtha for industry,SE1 0,naphtha for industry,-22392115.06138
Load,naphtha for industry,SI0 0,naphtha for industry,-1150000.0
Load,naphtha for industry,SK0 0,naphtha for industry,-6870823.2192
Load,naphtha for industry,XK0 0,naphtha for industry,-222843.60619
Load,rural heat,AL0 0,rural heat,-1288449.61386
Load,rural heat,AT0 0,rural heat,-25567702.52183
Load,rural heat,BA0 0,rural heat,-5465263.38512
Load,rural heat,BE0 0,rural heat,-3351322.9812
Load,rural heat,BG0 0,rural heat,-3704757.75685
Load,rural heat,CH0 0,rural heat,-10188286.84839
Load,rural heat,CZ0 0,rural heat,-16541031.00032
Load,rural heat,DE0 0,rural heat,-22663254.41384
Load,rural heat,DE0 1,rural heat,-23957386.32242
Load,rural heat,DE0 2,rural heat,-11551741.71912
Load,rural heat,DE0 3,rural heat,-21080550.59076
Load,rural heat,DE0 4,rural heat,-9761209.04379
Load,rural heat,DE0 5,rural heat,-31460177.89718
Load,rural heat,DK0 0,rural heat,-2628100.31192
Load,rural heat,DK1 0,rural heat,-1150600.51704
Load,rural heat,EE0 0,rural heat,-2613623.87454
Load,rural heat,ES0 0,rural heat,-17904945.91527
Load,rural heat,ES6 0,rural heat,-124051.75476
Load,rural heat,FI1 0,rural heat,-9527420.66945
Load,rural heat,FR0 0,rural heat,-11836584.64968
Load,rural heat,FR0 1,rural heat,-11379661.38721
Load,rural heat,FR0 2,rural heat,-25008922.39257
Load,rural heat,FR0 3,rural heat,-8409478.90472
Load,rural heat,FR0 4,rural heat,-15110721.15725
Load,rural heat,FR5 0,rural heat,-1579139.81301
Load,rural heat,GB2 0,rural heat,-21581385.39708
Load,rural heat,GB2 1,rural heat,-17424824.71999
Load,rural heat,GB3 0,rural heat,-4814051.33144
Load,rural heat,GR0 0,rural heat,-5466861.3003
Load,rural heat,HR0 0,rural heat,-6510240.62271
Load,rural heat,HU0 0,rural heat,-13540352.71718
Load,rural heat,IE3 0,rural heat,-9014045.50233
Load,rural heat,IT0 0,rural heat,-42783381.42039
Load,rural heat,IT0 1,rural heat,-30632883.92144
Load,rural heat,IT4 0,rural heat,-5443926.19211
Load,rural heat,LT0 0,rural heat,-3770923.29932
Load,rural heat,LU0 0,rural heat,-472249.14831
Load,rural heat,LV0 0,rural heat,-3845657.56354
Load,rural heat,ME0 0,rural heat,-527944.90484
Load,rural heat,MK0 0,rural heat,-1598605.42914
Load,rural heat,NL0 0,rural heat,-5636688.51463
Load,rural heat,NO1 0,rural heat,-9377423.6756
Load,rural heat,PL0 0,rural heat,-69471655.67083
Load,rural heat,PT0 0,rural heat,-8525821.24962
Load,rural heat,RO0 0,rural heat,-23073014.66678
Load,rural heat,RS0 0,rural heat,-9569638.46445
Load,rural heat,SE1 0,rural heat,-10766315.42744
Load,rural heat,SI0 0,rural heat,-4203747.00842
Load,rural heat,SK0 0,rural heat,-8798487.18862
Load,rural heat,XK0 0,rural heat,-193568.92371
Load,shipping methanol,EU,shipping methanol,-75445455.68786
Load,shipping oil,AL0 0,shipping oil,-681664.538
Load,shipping oil,AT0 0,shipping oil,-426380.4
Load,shipping oil,BA0 0,shipping oil,-29189.50553
Load,shipping oil,BE0 0,shipping oil,-82277269.171
Load,shipping oil,BG0 0,shipping oil,-1547841.9335
Load,shipping oil,CH0 0,shipping oil,-330555.55556
Load,shipping oil,CZ0 0,shipping oil,-50713.55
Load,shipping oil,DE0 0,shipping oil,-13952698.13682
Load,shipping oil,DE0 1,shipping oil,-220834.52847
Load,shipping oil,DE0 2,shipping oil,-673248.45709
Load,shipping oil,DE0 3,shipping oil,-314981.47019
Load,shipping oil,DE0 4,shipping oil,-613869.24329
Load,shipping oil,DE0 5,shipping oil,-418829.43715
Load,shipping oil,DK0 0,shipping oil,-7831345.14853
Load,shipping oil,DK1 0,shipping oil,-686811.66747
Load,shipping oil,EE0 0,shipping oil,-1867954.577
Load,shipping oil,ES0 0,shipping oil,-81123093.35503
Load,shipping oil,ES6 0,shipping oil,-167724.68697
Load,shipping oil,FI1 0,shipping oil,-4623612.519
Load,shipping oil,FR0 0,shipping oil,-2968542.70715
Load,shipping oil,FR0 1,shipping oil,-6306905.31953
Load,shipping oil,FR0 2,shipping oil,-716050.08133
Load,shipping oil,FR0 3,shipping oil,-11018858.36749
Load,shipping oil,FR0 4,shipping oil,-532869.85795
Load,shipping oil,FR5 0,shipping oil,-19786.49805
Load,shipping oil,GB2 0,shipping oil,-3979110.15239
Load,shipping oil,GB2 1,shipping oil,-27551017.38317
Load,shipping oil,GB3 0,shipping oil,-279197.11245
Load,shipping oil,GR0 0,shipping oil,-31228505.3935
Load,shipping oil,HR0 0,shipping oil,-741604.736
Load,shipping oil,HU0 0,shipping oil,-50645.55
Load,shipping oil,IE3 0,shipping oil,-2289225.8565
Load,shipping oil,IT0 0,shipping oil,-11265864.24663
Load,shipping oil,IT0 1,shipping oil,-20752597.48367
Load,shipping oil,IT4 0,shipping oil,-171312.5902
Load,shipping oil,LT0 0,shipping oil,-1975105.2625
Load,shipping oil,LU0 0,shipping oil,-2992.85
Load,shipping oil,LV0 0,shipping oil,-2909434.6465
Load,shipping oil,NL0 0,shipping oil,-115708888.672
Load,shipping oil,NO1 0,shipping oil,-15590866.8975
Load,shipping oil,PL0 0,shipping oil,-2745810.811
Load,shipping oil,PT0 0,shipping oil,-10282079.9355
Load,shipping oil,RO0 0,shipping oil,-768988.7355
Load,shipping oil,RS0 0,shipping oil,-62387.3905
Load,shipping oil,SE1 0,shipping oil,-21830647.6055
Load,shipping oil,SI0 0,shipping oil,-1882663.8185
Load,shipping oil,SK0 0,shipping oil,-182308.391
Load,solid biomass for industry,AL0 0,solid biomass for industry,-120000.0
Load,solid biomass for industry,AT0 0,solid biomass for industry,-16500000.0
Load,solid biomass for industry,BA0 0,solid biomass for industry,-670000.0
Load,solid biomass for industry,BE0 0,solid biomass for industry,-9340000.0
Load,solid biomass for industry,BG0 0,solid biomass for industry,-3530000.0
Load,solid biomass for industry,CH0 0,solid biomass for industry,-2210000.0
Load,solid biomass for industry,CZ0 0,solid biomass for industry,-8830000.0
Load,solid biomass for industry,DE0 0,solid biomass for industry,-6290000.0
Load,solid biomass for industry,DE0 1,solid biomass for industry,-3550000.0
Load,solid biomass for industry,DE0 2,solid biomass for industry,-13550000.0
Load,solid biomass for industry,DE0 3,solid biomass for industry,-6050000.0
Load,solid biomass for industry,DE0 4,solid biomass for industry,-9980000.0
Load,solid biomass for industry,DE0 5,solid biomass for industry,-6860000.0
Load,solid biomass for industry,DK0 0,solid biomass for industry,-2410000.0
Load,solid biomass for industry,DK1 0,solid biomass for industry,-630000.0
Load,solid biomass for industry,EE0 0,solid biomass for industry,-370000.0
Load,solid biomass for industry,ES0 0,solid biomass for industry,-26410000.0
Load,solid biomass for industry,ES6 0,solid biomass for industry,-230000.0
Load,solid biomass for industry,FI1 0,solid biomass for industry,-49800000.0
Load,solid biomass for industry,FR0 0,solid biomass for industry,-6920000.0
Load,solid biomass for industry,FR0 1,solid biomass for industry,-4110000.0
Load,solid biomass for industry,FR0 2,solid biomass for industry,-3600000.0
Load,solid biomass for industry,FR0 3,solid biomass for industry,-2580000.0
Load,solid biomass for industry,FR0 4,solid biomass for industry,-4050000.0
Load,solid biomass for industry,FR5 0,solid biomass for industry,-30000.0
Load,solid biomass for industry,GB2 0,solid biomass for industry,-6770000.0
Load,solid biomass for industry,GB2 1,solid biomass for industry,-8010000.0
Load,solid biomass for industry,GB3 0,solid biomass for industry,-160000.0
Load,solid biomass for industry,GR0 0,solid biomass for industry,-1640000.0
Load,solid biomass for industry,HR0 0,solid biomass for industry,-690000.0
Load,solid biomass for industry,HU0 0,solid biomass for industry,-4170000.0
Load,solid biomass for industry,IE3 0,solid biomass for industry,-2870000.0
Load,solid biomass for industry,IT0 0,solid biomass for industry,-3080000.0
Load,solid biomass for industry,IT0 1,solid biomass for industry,-4810000.0
Load,solid biomass for industry,IT4 0,solid biomass for industry,-220000.0
Load,solid biomass for industry,LT0 0,solid biomass for industry,-1170000.0
Load,solid biomass for industry,LU0 0,solid biomass for industry,-270000.0
Load,solid biomass for industry,LV0 0,solid biomass for industry,-5090000.0
Load,solid biomass for industry,ME0 0,solid biomass for industry,-240000.0
Load,solid biomass for industry,MK0 0,solid biomass for industry,-60000.0
Load,solid biomass for industry,NL0 0,solid biomass for industry,-2320000.0
Load,solid biomass for industry,NO1 0,solid biomass for industry,-7660000.0
Load,solid biomass for industry,PL0 0,solid biomass for industry,-31220000.0
Load,solid biomass for industry,PT0 0,solid biomass for industry,-13300000.0
Load,solid biomass for industry,RO0 0,solid biomass for industry,-4500000.0
Load,solid biomass for industry,RS0 0,solid biomass for industry,-1170000.0
Load,solid biomass for industry,SE1 0,solid biomass for industry,-50300000.0
Load,solid biomass for industry,SI0 0,solid biomass for industry,-1460000.0
Load,solid biomass for industry,SK0 0,solid biomass for industry,-6780000.0
Load,solid biomass for industry,XK0 0,solid biomass for industry,-100000.0
Load,steel,AL0 0,steel,-85650.0
Load,steel,AT0 0,steel,-5830530.0
Load,steel,BA0 0,steel,-703820.0
Load,steel,BE0 0,steel,-4549890.0
Load,steel,CH0 0,steel,-526140.0
Load,steel,CZ0 0,steel,-3649620.0
Load,steel,DE0 0,steel,-5351510.21994
Load,steel,DE0 2,steel,-12731761.23462
Load,steel,DE0 4,steel,-4307191.07412
Load,steel,DE0 5,steel,-1682727.47132
Load,steel,ES0 0,steel,-3681740.0
Load,steel,FI1 0,steel,-2013160.0
Load,steel,FR0 0,steel,-4972768.24187
Load,steel,FR0 1,steel,-3764271.75813
Load,steel,GB2 1,steel,-2594850.0
Load,steel,HU0 0,steel,-1231240.0
Load,steel,IT0 0,steel,-3612760.0
Load,steel,ME0 0,steel,-23730.0
Load,steel,MK0 0,steel,-634570.0
Load,steel,NL0 0,steel,-5780660.0
Load,steel,NO1 0,steel,-2189000.0
Load,steel,PL0 0,steel,-4272020.0
Load,steel,RO0 0,steel,-2026200.0
Load,steel,RS0 0,steel,-1209150.0
Load,steel,SE1 0,steel,-2713120.0
Load,steel,SK0 0,steel,-3176380.0
Load,steel,XK0 0,steel,-192140.0
Load,urban central heat,AL0 0,urban central heat,-356433.26428
Load,urban central heat,AT0 0,urban central heat,-13545393.7805
Load,urban central heat,BA0 0,urban central heat,-1685890.06418
Load,urban central heat,BE0 0,urban central heat,-12498911.26757
Load,urban central heat,BG0 0,urban central heat,-4056530.82887
Load,urban central heat,CH0 0,urban central heat,-8526159.91259
Load,urban central heat,CZ0 0,urban central heat,-16583884.792
Load,urban central heat,DE0 0,urban central heat,-17258499.98302
Load,urban central heat,DE0 1,urban central heat,-5511282.93691
Load,urban central heat,DE0 2,urban central heat,-32602857.2686
Load,urban central heat,DE0 3,urban central heat,-11247990.23826
Load,urban central heat,DE0 4,urban central heat,-30047513.65715
Load,urban central heat,DE0 5,urban central heat,-13966789.38514
Load,urban central heat,DK0 0,urban central heat,-18554326.71485
Load,urban central heat,DK1 0,urban central heat,-9580859.39692
Load,urban central heat,EE0 0,urban central heat,-3908973.06677
Load,urban central heat,ES0 0,urban central heat,-12945070.44208
Load,urban central heat,ES6 0,urban central heat,-245079.56515
Load,urban central heat,FI1 0,urban central heat,-31835092.15312
Load,urban central heat,FR0 0,urban central heat,-27508428.70295
Load,urban central heat,FR0 1,urban central heat,-16431732.81573
Load,urban central heat,FR0 2,urban central heat,-6780479.10007
Load,urban central heat,FR0 3,urban central heat,-10779285.07022
Load,urban central heat,FR0 4,urban central heat,-6034104.54592
Load,urban central heat,GB2 0,urban central heat,-14642084.4503
Load,urban central heat,GB2 1,urban central heat,-31505456.40601
Load,urban central heat,GB3 0,urban central heat,-525893.78491
Load,urban central heat,GR0 0,urban central heat,-4444009.78958
Load,urban central heat,HR0 0,urban central heat,-2430024.93439
Load,urban central heat,HU0 0,urban central heat,-8796103.49422
Load,urban central heat,IE3 0,urban central heat,-2987853.77611
Load,urban central heat,IT0 0,urban central heat,-16338444.2114
Load,urban central heat,IT0 1,urban central heat,-25919331.27814
Load,urban central heat,IT4 0,urban central heat,-324865.73856
Load,urban central heat,LT0 0,urban central heat,-5448527.42737
Load,urban central heat,LU0 0,urban central heat,-1384103.01633
Load,urban central heat,LV0 0,urban central heat,-4662931.7207
Load,urban central heat,ME0 0,urban central heat,-168743.45941
Load,urban central heat,MK0 0,urban central heat,-1228638.75936
Load,urban central heat,NL0 0,urban central heat,-19789829.02629
Load,urban central heat,NO1 0,urban central heat,-10153886.09719
Load,urban central heat,PL0 0,urban central heat,-46974131.442
Load,urban central heat,PT0 0,urban central heat,-2897252.51695
Load,urban central heat,RO0 0,urban central heat,-9262428.52674
Load,urban central heat,RS0 0,urban central heat,-6837816.24289
Load,urban central heat,SE1 0,urban central heat,-45606748.94646
Load,urban central heat,SI0 0,urban central heat,-1728011.68753
Load,urban central heat,SK0 0,urban central heat,-4743037.84274
Load,urban central heat,XK0 0,urban central heat,-66859.25621
Load,urban decentral heat,AL0 0,urban decentral heat,-1756337.82397
Load,urban decentral heat,AT0 0,urban decentral heat,-23884120.33064
Load,urban decentral heat,BA0 0,urban decentral heat,-3953416.05436
Load,urban decentral heat,BE0 0,urban decentral heat,-59046745.26656
Load,urban decentral heat,BG0 0,urban decentral heat,-7890534.41104
Load,urban decentral heat,CH0 0,urban decentral heat,-32077078.41571
Load,urban decentral heat,CZ0 0,urban decentral heat,-30623081.86388
Load,urban decentral heat,DE0 0,urban decentral heat,-52099762.69918
Load,urban decentral heat,DE0 1,urban decentral heat,-16489391.7022
Load,urban decentral heat,DE0 2,urban decentral heat,-97461398.25688
Load,urban decentral heat,DE0 3,urban decentral heat,-33664318.00632
Load,urban decentral heat,DE0 4,urban decentral heat,-89865092.99181
Load,urban decentral heat,DE0 5,urban decentral heat,-41890656.94185
Load,urban decentral heat,DK0 0,urban decentral heat,-11807158.22047
Load,urban decentral heat,DK1 0,urban decentral heat,-8177818.18673
Load,urban decentral heat,EE0 0,urban decentral heat,-2910835.47711
Load,urban decentral heat,ES0 0,urban decentral heat,-63787303.62764
Load,urban decentral heat,ES6 0,urban decentral heat,-1207638.43699
Load,urban decentral heat,FI1 0,urban decentral heat,-29713573.09766
Load,urban decentral heat,FR0 0,urban decentral heat,-101331722.86167
Load,urban decentral heat,FR0 1,urban decentral heat,-60752396.12119
Load,urban decentral heat,FR0 2,urban decentral heat,-25021375.73744
Load,urban decentral heat,FR0 3,urban decentral heat,-39993834.99196
Load,urban decentral heat,FR0 4,urban decentral heat,-22170020.08846
Load,urban decentral heat,GB2 0,urban decentral heat,-63219895.16838
Load,urban decentral heat,GB2 1,urban decentral heat,-135908028.40083
Load,urban decentral heat,GB3 0,urban decentral heat,-2276126.05099
Load,urban decentral heat,GR0 0,urban decentral heat,-20651809.73142
Load,urban decentral heat,HR0 0,urban decentral heat,-7040071.92921
Load,urban decentral heat,HU0 0,urban decentral heat,-25022914.39882
Load,urban decentral heat,IE3 0,urban decentral heat,-14722757.73733
Load,urban decentral heat,IT0 0,urban decentral heat,-64720080.2396
Load,urban decentral heat,IT0 1,urban decentral heat,-101326989.00936
Load,urban decentral heat,IT4 0,urban decentral heat,-1295731.81118
Load,urban decentral heat,LT0 0,urban decentral heat,-3648619.72157
Load,urban decentral heat,LU0 0,urban decentral heat,-4020857.31994
Load,urban decentral heat,LV0 0,urban decentral heat,-3872786.66055
Load,urban decentral heat,ME0 0,urban decentral heat,-831489.51013
Load,urban decentral heat,MK0 0,urban decentral heat,-1317587.10501
Load,urban decentral heat,NL0 0,urban decentral heat,-77455043.7092
Load,urban decentral heat,NO1 0,urban decentral heat,-38660219.72411
Load,urban decentral heat,PL0 0,urban decentral heat,-64071691.57147
Load,urban decentral heat,PT0 0,urban decentral heat,-14187051.81008
Load,urban decentral heat,RO0 0,urban decentral heat,-19929230.21887
Load,urban decentral heat,RS0 0,urban decentral heat,-6355168.99714
Load,urban decentral heat,SE1 0,urban decentral heat,-38501990.26005
Load,urban decentral heat,SI0 0,urban decentral heat,-4148939.7923
Load,urban decentral heat,SK0 0,urban decentral heat,-8117071.66963
Load,urban decentral heat,XK0 0,urban decentral heat,-253648.08373
StorageUnit,Pumped Hydro Storage,AT0 0,AC,-3207466.09445
StorageUnit,Pumped Hydro Storage,BA0 0,AC,-800.07053
StorageUnit,Pumped Hydro Storage,BE0 0,AC,-271823.22712
StorageUnit,Pumped Hydro Storage,BG0 0,AC,-570215.80029
StorageUnit,Pumped Hydro Storage,CH0 0,AC,-3294827.42681
StorageUnit,Pumped Hydro Storage,CZ0 0,AC,-149053.71547
StorageUnit,Pumped Hydro Storage,DE0 0,AC,-91447.06773
StorageUnit,Pumped Hydro Storage,DE0 1,AC,-632700.77126
StorageUnit,Pumped Hydro Storage,DE0 2,AC,-428100.75771
StorageUnit,Pumped Hydro Storage,DE0 3,AC,-226879.63204
StorageUnit,Pumped Hydro Storage,DE0 4,AC,-653977.04182
StorageUnit,Pumped Hydro Storage,DE0 5,AC,-269720.17444
StorageUnit,Pumped Hydro Storage,ES0 0,AC,-5255053.55104
StorageUnit,Pumped Hydro Storage,ES6 0,AC,-391030.54716
StorageUnit,Pumped Hydro Storage,FR0 0,AC,-267832.85892
StorageUnit,Pumped Hydro Storage,FR0 1,AC,-2040498.44582
StorageUnit,Pumped Hydro Storage,FR0 2,AC,-606339.18653
StorageUnit,Pumped Hydro Storage,GB3 0,AC,-177099.18811
StorageUnit,Pumped Hydro Storage,GR0 0,AC,-365881.4308
StorageUnit,Pumped Hydro Storage,HR0 0,AC,-154100.1462
StorageUnit,Pumped Hydro Storage,IE3 0,AC,-79822.18566
StorageUnit,Pumped Hydro Storage,IT0 0,AC,-1540551.87862
StorageUnit,Pumped Hydro Storage,IT0 1,AC,-2951749.77766
StorageUnit,Pumped Hydro Storage,IT4 0,AC,-157650.74618
StorageUnit,Pumped Hydro Storage,LT0 0,AC,-347497.80283
StorageUnit,Pumped Hydro Storage,LU0 0,AC,-450179.36359
StorageUnit,Pumped Hydro Storage,ME0 0,AC,-126971.83822
StorageUnit,Pumped Hydro Storage,NO1 0,AC,-4574.21701
StorageUnit,Pumped Hydro Storage,PL0 0,AC,-970712.02624
StorageUnit,Pumped Hydro Storage,PT0 0,AC,-2467124.96742
StorageUnit,Pumped Hydro Storage,RS0 0,AC,-246790.16917
StorageUnit,Pumped Hydro Storage,SE1 0,AC,-17596.82732
StorageUnit,Pumped Hydro Storage,SI0 0,AC,-71397.69917
StorageUnit,Pumped Hydro Storage,SK0 0,AC,-325527.72823
StorageUnit,Reservoir & Dam,AL0 0,AC,7262546.69599
StorageUnit,Reservoir & Dam,AT0 0,AC,17715706.99856
StorageUnit,Reservoir & Dam,BA0 0,AC,4954808.83446
StorageUnit,Reservoir & Dam,BE0 0,AC,57709.87368
StorageUnit,Reservoir & Dam,BG0 0,AC,2632129.15894
StorageUnit,Reservoir & Dam,CH0 0,AC,23715916.14785
StorageUnit,Reservoir & Dam,CZ0 0,AC,1958447.99728
StorageUnit,Reservoir & Dam,ES0 0,AC,19833919.40247
StorageUnit,Reservoir & Dam,ES6 0,AC,1835676.2551
StorageUnit,Reservoir & Dam,FI1 0,AC,6052167.57388
StorageUnit,Reservoir & Dam,FR0 1,AC,15218227.03583
StorageUnit,Reservoir & Dam,FR0 2,AC,11583572.80074
StorageUnit,Reservoir & Dam,FR0 4,AC,448887.93733
StorageUnit,Reservoir & Dam,FR5 0,AC,435847.68523
StorageUnit,Reservoir & Dam,GB2 0,AC,96690.25563
StorageUnit,Reservoir & Dam,GB3 0,AC,172707.88824
StorageUnit,Reservoir & Dam,GR0 0,AC,4061651.65172
StorageUnit,Reservoir & Dam,HR0 0,AC,6199450.23086
StorageUnit,Reservoir & Dam,HU0 0,AC,114399.67424
StorageUnit,Reservoir & Dam,IE3 0,AC,3707.16958
StorageUnit,Reservoir & Dam,IT0 0,AC,2142083.88007
StorageUnit,Reservoir & Dam,IT0 1,AC,9954697.93756
StorageUnit,Reservoir & Dam,IT4 0,AC,229190.24887
StorageUnit,Reservoir & Dam,ME0 0,AC,1694116.65342
StorageUnit,Reservoir & Dam,MK0 0,AC,956090.49737
StorageUnit,Reservoir & Dam,NO1 0,AC,118845635.02176
StorageUnit,Reservoir & Dam,PL0 0,AC,907741.42396
StorageUnit,Reservoir & Dam,PT0 0,AC,3359285.60764
StorageUnit,Reservoir & Dam,RO0 0,AC,9409887.60587
StorageUnit,Reservoir & Dam,RS0 0,AC,3627401.71097
StorageUnit,Reservoir & Dam,SE1 0,AC,52733404.53673
StorageUnit,Reservoir & Dam,SI0 0,AC,2349369.66493
StorageUnit,Reservoir & Dam,SK0 0,AC,696587.31789
StorageUnit,Reservoir & Dam,XK0 0,AC,171054.02591
StorageUnit,rural heat vent,AT0 0,rural heat,-70.95665
StorageUnit,rural heat vent,BE0 0,rural heat,-24.68784
StorageUnit,rural heat vent,BG0 0,rural heat,-1493.59608
StorageUnit,rural heat vent,CH0 0,rural heat,-1050.03123
StorageUnit,rural heat vent,CZ0 0,rural heat,-301.42513
StorageUnit,rural heat vent,DE0 0,rural heat,-22.99108
StorageUnit,rural heat vent,DE0 1,rural heat,-17.24613
StorageUnit,rural heat vent,DE0 2,rural heat,-350.37068
StorageUnit,rural heat vent,DE0 3,rural heat,-16.81002
StorageUnit,rural heat vent,DE0 4,rural heat,-20.43542
StorageUnit,rural heat vent,DE0 5,rural heat,-17.84397
StorageUnit,rural heat vent,DK0 0,rural heat,-1357.70065
StorageUnit,rural heat vent,DK1 0,rural heat,-1874.12597
StorageUnit,rural heat vent,EE0 0,rural heat,-579.20188
StorageUnit,rural heat vent,ES0 0,rural heat,-1755.38344
StorageUnit,rural heat vent,ES6 0,rural heat,-122.14437
StorageUnit,rural heat vent,FI1 0,rural heat,-196.09294
StorageUnit,rural heat vent,FR0 0,rural heat,-1335.30281
StorageUnit,rural heat vent,FR0 1,rural heat,-1528.33877
StorageUnit,rural heat vent,FR0 2,rural heat,-1175.24923
StorageUnit,rural heat vent,FR0 3,rural heat,-1253.90357
StorageUnit,rural heat vent,FR0 4,rural heat,-776033.26322
StorageUnit,rural heat vent,FR5 0,rural heat,-2249.27804
StorageUnit,rural heat vent,GB2 0,rural heat,-347.95598
StorageUnit,rural heat vent,GB2 1,rural heat,-310.19246
StorageUnit,rural heat vent,GB3 0,rural heat,-602.16584
StorageUnit,rural heat vent,GR0 0,rural heat,-1579.2912
StorageUnit,rural heat vent,HR0 0,rural heat,-310.44082
StorageUnit,rural heat vent,HU0 0,rural heat,-23.66535
StorageUnit,rural heat vent,IE3 0,rural heat,-606.10776
StorageUnit,rural heat vent,IT0 0,rural heat,-2004.54464
StorageUnit,rural heat vent,IT0 1,rural heat,-744.00042
StorageUnit,rural heat vent,IT4 0,rural heat,-1177.54201
StorageUnit,rural heat vent,LT0 0,rural heat,-209.8418
StorageUnit,rural heat vent,LU0 0,rural heat,-241.86262
StorageUnit,rural heat vent,LV0 0,rural heat,-27.55048
StorageUnit,rural heat vent,NL0 0,rural heat,-265.79529
StorageUnit,rural heat vent,NO1 0,rural heat,-60.0877
StorageUnit,rural heat vent,PL0 0,rural heat,-293.80759
StorageUnit,rural heat vent,PT0 0,rural heat,-3411.95276
StorageUnit,rural heat vent,RO0 0,rural heat,-136.07228
StorageUnit,rural heat vent,SE1 0,rural heat,-220.02415
StorageUnit,rural heat vent,SI0 0,rural heat,-979.88303
StorageUnit,rural heat vent,SK0 0,rural heat,-16.51353
Store,Battery Storage,AL0 0,Battery Storage,0.00122
Store,Battery Storage,AT0 0,Battery Storage,0.00217
Store,Battery Storage,BA0 0,Battery Storage,2e-05
Store,Battery Storage,BE0 0,Battery Storage,0.0001
Store,Battery Storage,BG0 0,Battery Storage,0.00013
Store,Battery Storage,CH0 0,Battery Storage,0.0002
Store,Battery Storage,CZ0 0,Battery Storage,8e-05
Store,Battery Storage,DE0 0,Battery Storage,0.0001
Store,Battery Storage,DE0 1,Battery Storage,0.00023
Store,Battery Storage,DE0 2,Battery Storage,0.0001
Store,Battery Storage,DE0 4,Battery Storage,4e-05
Store,Battery Storage,DE0 5,Battery Storage,-3e-05
Store,Battery Storage,DK0 0,Battery Storage,2e-05
Store,Battery Storage,DK1 0,Battery Storage,6e-05
Store,Battery Storage,EE0 0,Battery Storage,0.00042
Store,Battery Storage,ES0 0,Battery Storage,0.00014
Store,Battery Storage,ES6 0,Battery Storage,0.00014
Store,Battery Storage,FI1 0,Battery Storage,0.0011
Store,Battery Storage,FR0 0,Battery Storage,0.00013
Store,Battery Storage,FR0 1,Battery Storage,6e-05
Store,Battery Storage,FR0 2,Battery Storage,0.0001
Store,Battery Storage,FR0 3,Battery Storage,0.00024
Store,Battery Storage,FR0 4,Battery Storage,0.00018
Store,Battery Storage,FR5 0,Battery Storage,0.00052
Store,Battery Storage,GB2 0,Battery Storage,7e-05
Store,Battery Storage,GB2 1,Battery Storage,0.00011
Store,Battery Storage,GB3 0,Battery Storage,0.0002
Store,Battery Storage,GR0 0,Battery Storage,0.00087
Store,Battery Storage,HR0 0,Battery Storage,0.00017
Store,Battery Storage,HU0 0,Battery Storage,0.00034
Store,Battery Storage,IE3 0,Battery Storage,0.01315
Store,Battery Storage,IT0 0,Battery Storage,0.00026
Store,Battery Storage,IT0 1,Battery Storage,-5e-05
Store,Battery Storage,IT4 0,Battery Storage,0.0009
Store,Battery Storage,LT0 0,Battery Storage,0.00012
Store,Battery Storage,LU0 0,Battery Storage,0.00018
Store,Battery Storage,LV0 0,Battery Storage,8e-05
Store,Battery Storage,ME0 0,Battery Storage,0.00127
Store,Battery Storage,MK0 0,Battery Storage,0.00117
Store,Battery Storage,NL0 0,Battery Storage,0.00019
Store,Battery Storage,NO1 0,Battery Storage,6e-05
Store,Battery Storage,PL0 0,Battery Storage,0.00011
Store,Battery Storage,PT0 0,Battery Storage,0.00115
Store,Battery Storage,RO0 0,Battery Storage,0.00016
Store,Battery Storage,RS0 0,Battery Storage,0.00014
Store,Battery Storage,SE1 0,Battery Storage,0.00105
Store,Battery Storage,SI0 0,Battery Storage,8e-05
Store,Battery Storage,SK0 0,Battery Storage,0.00022
Store,Battery Storage,XK0 0,Battery Storage,0.00106
Store,EV battery,AL0 0,EV battery,-0.02536
Store,EV battery,AT0 0,EV battery,-0.02525
Store,EV battery,BA0 0,EV battery,-0.02525
Store,EV battery,BE0 0,EV battery,-0.02525
Store,EV battery,BG0 0,EV battery,-0.02524
Store,EV battery,CH0 0,EV battery,-0.02524
Store,EV battery,CZ0 0,EV battery,-0.02524
Store,EV battery,DE0 0,EV battery,-0.02525
Store,EV battery,DE0 1,EV battery,-0.02525
Store,EV battery,DE0 2,EV battery,-0.02525
Store,EV battery,DE0 3,EV battery,-0.02524
Store,EV battery,DE0 4,EV battery,-0.02525
Store,EV battery,DE0 5,EV battery,-0.02525
Store,EV battery,DK0 0,EV battery,-0.02525
Store,EV battery,DK1 0,EV battery,-0.02525
Store,EV battery,EE0 0,EV battery,-0.02527
Store,EV battery,ES0 0,EV battery,-0.02525
Store,EV battery,ES6 0,EV battery,-0.02524
Store,EV battery,FI1 0,EV battery,-0.02551
Store,EV battery,FR0 0,EV battery,-0.02524
Store,EV battery,FR0 1,EV battery,-0.02524
Store,EV battery,FR0 2,EV battery,-0.02524
Store,EV battery,FR0 3,EV battery,-0.02524
Store,EV battery,FR0 4,EV battery,-0.02524
Store,EV battery,FR5 0,EV battery,-0.04472
Store,EV battery,GB2 0,EV battery,-0.02524
Store,EV battery,GB2 1,EV battery,-0.02523
Store,EV battery,GB3 0,EV battery,-0.02523
Store,EV battery,GR0 0,EV battery,-0.02524
Store,EV battery,HR0 0,EV battery,-0.02525
Store,EV battery,HU0 0,EV battery,-0.02525
Store,EV battery,IE3 0,EV battery,-0.02524
Store,EV battery,IT0 0,EV battery,-0.02524
Store,EV battery,IT0 1,EV battery,-0.02525
Store,EV battery,IT4 0,EV battery,-0.02524
Store,EV battery,LT0 0,EV battery,-0.02525
Store,EV battery,LU0 0,EV battery,-0.02524
Store,EV battery,LV0 0,EV battery,-0.02525
Store,EV battery,ME0 0,EV battery,-0.02809
Store,EV battery,MK0 0,EV battery,-0.02568
Store,EV battery,NL0 0,EV battery,-0.02525
Store,EV battery,NO1 0,EV battery,-0.02526
Store,EV battery,PL0 0,EV battery,-0.02525
Store,EV battery,PT0 0,EV battery,-0.02561
Store,EV battery,RO0 0,EV battery,-0.02525
Store,EV battery,RS0 0,EV battery,-0.02544
Store,EV battery,SE1 0,EV battery,-0.02525
Store,EV battery,SI0 0,EV battery,-0.02525
Store,EV battery,SK0 0,EV battery,-0.02525
Store,EV battery,XK0 0,EV battery,-0.02612
Store,co2 sequestered,BG0 0,co2 sequestered,-808.11573
Store,co2 sequestered,DE0 0,co2 sequestered,-681943.90406
Store,co2 sequestered,DE0 2,co2 sequestered,-967.68945
Store,co2 sequestered,DK0 0,co2 sequestered,-280.31667
Store,co2 sequestered,DK1 0,co2 sequestered,-245.04877
Store,co2 sequestered,EE0 0,co2 sequestered,-137025.50409
Store,co2 sequestered,ES0 0,co2 sequestered,-363.94961
Store,co2 sequestered,GB2 0,co2 sequestered,-707.21106
Store,co2 sequestered,GB2 1,co2 sequestered,-784.61293
Store,co2 sequestered,GR0 0,co2 sequestered,-543.5979
Store,co2 sequestered,IE3 0,co2 sequestered,-638.60845
Store,co2 sequestered,IT0 0,co2 sequestered,-173.58789
Store,co2 sequestered,IT0 1,co2 sequestered,-694.82366
Store,co2 sequestered,LT0 0,co2 sequestered,-285375.492
Store,co2 sequestered,LV0 0,co2 sequestered,-428529.65203
Store,co2 sequestered,NL0 0,co2 sequestered,-400.60375
Store,co2 sequestered,NO1 0,co2 sequestered,-130.23798
Store,co2 sequestered,PL0 0,co2 sequestered,-1512169.96772
Store,co2 sequestered,PT0 0,co2 sequestered,-343.49852
Store,co2 sequestered,SE1 0,co2 sequestered,-297.89175
Store,home battery,AL0 0,home battery,0.00351
Store,home battery,AT0 0,home battery,0.00039
Store,home battery,BA0 0,home battery,0.00041
Store,home battery,BE0 0,home battery,0.00045
Store,home battery,BG0 0,home battery,0.00044
Store,home battery,CH0 0,home battery,0.0005
Store,home battery,CZ0 0,home battery,0.00053
Store,home battery,DE0 0,home battery,0.00058
Store,home battery,DE0 1,home battery,0.0005
Store,home battery,DE0 2,home battery,0.00057
Store,home battery,DE0 3,home battery,0.00054
Store,home battery,DE0 4,home battery,0.00052
Store,home battery,DE0 5,home battery,0.00053
Store,home battery,DK0 0,home battery,0.00058
Store,home battery,DK1 0,home battery,0.0005
Store,home battery,EE0 0,home battery,0.00067
Store,home battery,ES0 0,home battery,0.00055
Store,home battery,ES6 0,home battery,0.0005
Store,home battery,FI1 0,home battery,0.00208
Store,home battery,FR0 0,home battery,0.00059
Store,home battery,FR0 1,home battery,0.00056
Store,home battery,FR0 2,home battery,0.00055
Store,home battery,FR0 3,home battery,0.00049
Store,home battery,FR0 4,home battery,0.00051
Store,home battery,FR5 0,home battery,0.00157
Store,home battery,GB2 0,home battery,0.00058
Store,home battery,GB2 1,home battery,0.00054
Store,home battery,GB3 0,home battery,0.00055
Store,home battery,GR0 0,home battery,0.00059
Store,home battery,HR0 0,home battery,0.00048
Store,home battery,HU0 0,home battery,0.00052
Store,home battery,IE3 0,home battery,0.00044
Store,home battery,IT0 0,home battery,0.00047
Store,home battery,IT0 1,home battery,0.00041
Store,home battery,IT4 0,home battery,0.00039
Store,home battery,LT0 0,home battery,0.00046
Store,home battery,LU0 0,home battery,0.00053
Store,home battery,LV0 0,home battery,0.00057
Store,home battery,ME0 0,home battery,0.0025
Store,home battery,MK0 0,home battery,0.00367
Store,home battery,NL0 0,home battery,0.00045
Store,home battery,NO1 0,home battery,0.00048
Store,home battery,PL0 0,home battery,0.00045
Store,home battery,PT0 0,home battery,0.00125
Store,home battery,RO0 0,home battery,0.00054
Store,home battery,RS0 0,home battery,0.00053
Store,home battery,SE1 0,home battery,0.00066
Store,home battery,SI0 0,home battery,0.00037
Store,home battery,SK0 0,home battery,0.00055
Store,home battery,XK0 0,home battery,0.0051
Store,non-sequestered HVC,AL0 0,non-sequestered HVC,4418037.02426
Store,non-sequestered HVC,AT0 0,non-sequestered HVC,15149727.7338
Store,non-sequestered HVC,BA0 0,non-sequestered HVC,5583075.93822
Store,non-sequestered HVC,BE0 0,non-sequestered HVC,19509149.2141
Store,non-sequestered HVC,BG0 0,non-sequestered HVC,11064265.1157
Store,non-sequestered HVC,CH0 0,non-sequestered HVC,13539947.2736
Store,non-sequestered HVC,CZ0 0,non-sequestered HVC,17454431.6393
Store,non-sequestered HVC,DE0 0,non-sequestered HVC,22559642.5587
Store,non-sequestered HVC,DE0 1,non-sequestered HVC,11368781.2499
Store,non-sequestered HVC,DE0 2,non-sequestered HVC,34519953.761
Store,non-sequestered HVC,DE0 3,non-sequestered HVC,16215559.4832
Store,non-sequestered HVC,DE0 4,non-sequestered HVC,31602599.4274
Store,non-sequestered HVC,DE0 5,non-sequestered HVC,21485434.6902
Store,non-sequestered HVC,DK0 0,non-sequestered HVC,4360036.63476
Store,non-sequestered HVC,DK1 0,non-sequestered HVC,2518739.85615
Store,non-sequestered HVC,EE0 0,non-sequestered HVC,1928934.72075
Store,non-sequestered HVC,ES0 0,non-sequestered HVC,69722112.149
Store,non-sequestered HVC,ES6 0,non-sequestered HVC,1158776.44842
Store,non-sequestered HVC,FI1 0,non-sequestered HVC,8562318.82018
Store,non-sequestered HVC,FR0 0,non-sequestered HVC,38380610.0691
Store,non-sequestered HVC,FR0 1,non-sequestered HVC,24195085.2881
Store,non-sequestered HVC,FR0 2,non-sequestered HVC,15657660.9857
Store,non-sequestered HVC,FR0 3,non-sequestered HVC,16175670.7621
Store,non-sequestered HVC,FR0 4,non-sequestered HVC,11906471.5685
Store,non-sequestered HVC,FR5 0,non-sequestered HVC,442110.53222
Store,non-sequestered HVC,GB2 0,non-sequestered HVC,35429983.7172
Store,non-sequestered HVC,GB2 1,non-sequestered HVC,65651496.445
Store,non-sequestered HVC,GB3 0,non-sequestered HVC,2741692.7189
Store,non-sequestered HVC,GR0 0,non-sequestered HVC,13566837.8851
Store,non-sequestered HVC,HR0 0,non-sequestered HVC,6244520.00713
Store,non-sequestered HVC,HU0 0,non-sequestered HVC,16139322.2029
Store,non-sequestered HVC,IE3 0,non-sequestered HVC,7452692.56078
Store,non-sequestered HVC,IT0 0,non-sequestered HVC,38750284.7232
Store,non-sequestered HVC,IT0 1,non-sequestered HVC,49189206.0332
Store,non-sequestered HVC,IT4 0,non-sequestered HVC,2235712.0319
Store,non-sequestered HVC,LT0 0,non-sequestered HVC,4423955.0609
Store,non-sequestered HVC,LU0 0,non-sequestered HVC,868762.77828
Store,non-sequestered HVC,LV0 0,non-sequestered HVC,2859977.11909
Store,non-sequestered HVC,ME0 0,non-sequestered HVC,1043247.63876
Store,non-sequestered HVC,MK0 0,non-sequestered HVC,3388004.745
Store,non-sequestered HVC,NL0 0,non-sequestered HVC,25571909.4213
Store,non-sequestered HVC,NO1 0,non-sequestered HVC,8282849.70024
Store,non-sequestered HVC,PL0 0,non-sequestered HVC,60929686.8194
Store,non-sequestered HVC,PT0 0,non-sequestered HVC,14473313.4646
Store,non-sequestered HVC,RO0 0,non-sequestered HVC,31627074.5607
Store,non-sequestered HVC,RS0 0,non-sequestered HVC,11713131.2692
Store,non-sequestered HVC,SE1 0,non-sequestered HVC,15962801.1977
Store,non-sequestered HVC,SI0 0,non-sequestered HVC,3791146.67288
Store,non-sequestered HVC,SK0 0,non-sequestered HVC,9165059.17238
Store,non-sequestered HVC,XK0 0,non-sequestered HVC,2737886.02561
Store,solid biomass import,EU,solid biomass import,2312.75662
