cost,component,location,carrier,0
capital,Generator,AL0 0,Offshore Wind (AC),3303.55146
capital,Generator,AL0 0,Offshore Wind (Floating),3179.55111
capital,Generator,AL0 0,Onshore Wind,27078625.86122
capital,Generator,AL0 0,Run of River,14853811.92575
capital,Generator,AL0 0,Solar,15419935.25429
capital,Generator,AL0 0,rural solar thermal,2359.99971
capital,Generator,AL0 0,solar-hsat,333104448.64589
capital,Generator,AL0 0,urban central solar thermal,5758.12708
capital,Generator,AL0 0,urban decentral solar thermal,2249.74787
capital,Generator,AT0 0,Onshore Wind,374354020.95936
capital,Generator,AT0 0,Run of River,1376313648.03682
capital,Generator,AT0 0,Solar,20184840.03653
capital,Generator,AT0 0,rural solar thermal,853.18422
capital,Generator,AT0 0,solar-hsat,2292131488.90807
capital,Generator,AT0 0,urban central solar thermal,2559.43278
capital,Generator,AT0 0,urban decentral solar thermal,1168.79625
capital,Generator,BA0 0,Offshore Wind (AC),814.02189
capital,Generator,BA0 0,Offshore Wind (Floating),690.4496
capital,Generator,BA0 0,Onshore Wind,50338509.37018
capital,Generator,BA0 0,Solar,13985361.50152
capital,Generator,BA0 0,rural solar thermal,1093.80648
capital,Generator,BA0 0,solar-hsat,404479502.38094
capital,Generator,BA0 0,urban central solar thermal,2291.43792
capital,Generator,BA0 0,urban decentral solar thermal,1098.96969
capital,Generator,BE0 0,Offshore Wind (AC),460339539.53252
capital,Generator,BE0 0,Offshore Wind (DC),192304769.8102
capital,Generator,BE0 0,Offshore Wind (Floating),1230.05083
capital,Generator,BE0 0,Onshore Wind,1723277621.41208
capital,Generator,BE0 0,Run of River,18186779.19648
capital,Generator,BE0 0,Solar,25347270.61877
capital,Generator,BE0 0,rural solar thermal,55.88677
capital,Generator,BE0 0,solar-hsat,886549256.55662
capital,Generator,BE0 0,urban central solar thermal,1067.48148
capital,Generator,BE0 0,urban decentral solar thermal,533.35085
capital,Generator,BG0 0,Offshore Wind (AC),20817.19887
capital,Generator,BG0 0,Offshore Wind (DC),3494349.04865
capital,Generator,BG0 0,Offshore Wind (Floating),5058.89082
capital,Generator,BG0 0,Onshore Wind,70358822.41947
capital,Generator,BG0 0,Run of River,34022009.05814
capital,Generator,BG0 0,Solar,125929195.41034
capital,Generator,BG0 0,rural solar thermal,831.98169
capital,Generator,BG0 0,solar-hsat,807722269.0483
capital,Generator,BG0 0,urban central solar thermal,1556.97303
capital,Generator,BG0 0,urban decentral solar thermal,1127.86964
capital,Generator,CH0 0,Onshore Wind,6364662.98178
capital,Generator,CH0 0,Run of River,1295123214.9052
capital,Generator,CH0 0,Solar,5068510.81689
capital,Generator,CH0 0,rural solar thermal,383.67865
capital,Generator,CH0 0,solar-hsat,2462333227.09364
capital,Generator,CH0 0,urban central solar thermal,1695.86236
capital,Generator,CH0 0,urban decentral solar thermal,411.78828
capital,Generator,CZ0 0,Onshore Wind,1644677926.75253
capital,Generator,CZ0 0,Run of River,12396579.18494
capital,Generator,CZ0 0,Solar,68151200.77603
capital,Generator,CZ0 0,rural solar thermal,563.36999
capital,Generator,CZ0 0,solar-hsat,119461305.40712
capital,Generator,CZ0 0,urban central solar thermal,2734.78611
capital,Generator,CZ0 0,urban decentral solar thermal,763.57614
capital,Generator,DE0 0,Offshore Wind (AC),464757892.81506
capital,Generator,DE0 0,Offshore Wind (DC),359314228.89563
capital,Generator,DE0 0,Offshore Wind (Floating),1297.65738
capital,Generator,DE0 0,Onshore Wind,2602895166.23559
capital,Generator,DE0 0,Run of River,22970095.01057
capital,Generator,DE0 0,Solar,136919304.95937
capital,Generator,DE0 0,rural solar thermal,482.90025
capital,Generator,DE0 0,solar-hsat,323600702.80214
capital,Generator,DE0 0,urban central solar thermal,1129.81199
capital,Generator,DE0 0,urban decentral solar thermal,534.90934
capital,Generator,DE0 1,Onshore Wind,390671622.43317
capital,Generator,DE0 1,Run of River,72178052.77618
capital,Generator,DE0 1,Solar,199217540.69835
capital,Generator,DE0 1,rural solar thermal,566.93001
capital,Generator,DE0 1,solar-hsat,531249161.43523
capital,Generator,DE0 1,urban central solar thermal,1322.82388
capital,Generator,DE0 1,urban decentral solar thermal,672.83076
capital,Generator,DE0 2,Offshore Wind (AC),1156810252.44729
capital,Generator,DE0 2,Offshore Wind (DC),4753542256.51979
capital,Generator,DE0 2,Offshore Wind (Floating),2001.17727
capital,Generator,DE0 2,Onshore Wind,818604419.517
capital,Generator,DE0 2,Run of River,132010325.87154
capital,Generator,DE0 2,Solar,84733530.28153
capital,Generator,DE0 2,rural solar thermal,295.20092
capital,Generator,DE0 2,solar-hsat,893740675.52509
capital,Generator,DE0 2,urban central solar thermal,1100.38609
capital,Generator,DE0 2,urban decentral solar thermal,495.04891
capital,Generator,DE0 3,Onshore Wind,52769409.9497
capital,Generator,DE0 3,Run of River,940688192.41467
capital,Generator,DE0 3,Solar,232334234.82048
capital,Generator,DE0 3,rural solar thermal,699.51647
capital,Generator,DE0 3,solar-hsat,1238227455.66235
capital,Generator,DE0 3,urban central solar thermal,2047.61853
capital,Generator,DE0 3,urban decentral solar thermal,820.98316
capital,Generator,DE0 4,Onshore Wind,332001329.78831
capital,Generator,DE0 4,Run of River,269690009.68602
capital,Generator,DE0 4,Solar,115970616.28586
capital,Generator,DE0 4,rural solar thermal,490.47117
capital,Generator,DE0 4,solar-hsat,1356934119.60164
capital,Generator,DE0 4,urban central solar thermal,1634.33452
capital,Generator,DE0 4,urban decentral solar thermal,712.21631
capital,Generator,DE0 5,Offshore Wind (AC),429579817.82711
capital,Generator,DE0 5,Offshore Wind (DC),57939019.41848
capital,Generator,DE0 5,Offshore Wind (Floating),1447.55863
capital,Generator,DE0 5,Onshore Wind,2999014101.62132
capital,Generator,DE0 5,Run of River,29117199.61962
capital,Generator,DE0 5,Solar,566940312.86519
capital,Generator,DE0 5,rural solar thermal,591.81398
capital,Generator,DE0 5,solar-hsat,709330343.64079
capital,Generator,DE0 5,urban central solar thermal,1288.25654
capital,Generator,DE0 5,urban decentral solar thermal,710.153
capital,Generator,DK0 0,Offshore Wind (AC),329699851.51522
capital,Generator,DK0 0,Offshore Wind (DC),38507.24697
capital,Generator,DK0 0,Offshore Wind (Floating),4585.3656
capital,Generator,DK0 0,Onshore Wind,2270005708.13775
capital,Generator,DK0 0,Solar,85748807.52041
capital,Generator,DK0 0,rural solar thermal,127.93117
capital,Generator,DK0 0,solar-hsat,15378.54808
capital,Generator,DK0 0,urban central solar thermal,872.96194
capital,Generator,DK0 0,urban decentral solar thermal,418.57075
capital,Generator,DK1 0,Offshore Wind (AC),220812113.21489
capital,Generator,DK1 0,Offshore Wind (DC),4076.99439
capital,Generator,DK1 0,Offshore Wind (Floating),3629.54788
capital,Generator,DK1 0,Onshore Wind,705529290.79045
capital,Generator,DK1 0,Solar,28221670.88689
capital,Generator,DK1 0,rural solar thermal,110.15216
capital,Generator,DK1 0,solar-hsat,57732582.63772
capital,Generator,DK1 0,urban central solar thermal,953.29179
capital,Generator,DK1 0,urban decentral solar thermal,486.63908
capital,Generator,EE0 0,Offshore Wind (AC),30273.16724
capital,Generator,EE0 0,Offshore Wind (DC),21155.0919
capital,Generator,EE0 0,Offshore Wind (Floating),4451.08765
capital,Generator,EE0 0,Onshore Wind,448021827.89776
capital,Generator,EE0 0,Solar,23011943.44832
capital,Generator,EE0 0,rural solar thermal,462.10074
capital,Generator,EE0 0,solar-hsat,39476333.0514
capital,Generator,EE0 0,urban central solar thermal,774.88617
capital,Generator,EE0 0,urban decentral solar thermal,511.64595
capital,Generator,ES0 0,Offshore Wind (AC),4025846.32561
capital,Generator,ES0 0,Offshore Wind (Floating),4948.33061
capital,Generator,ES0 0,Onshore Wind,3578968281.19519
capital,Generator,ES0 0,Run of River,40062148.34745
capital,Generator,ES0 0,Solar,1920329899.68582
capital,Generator,ES0 0,rural solar thermal,632.96894
capital,Generator,ES0 0,solar-hsat,6393170183.14332
capital,Generator,ES0 0,urban central solar thermal,6154.17942
capital,Generator,ES0 0,urban decentral solar thermal,12910.85215
capital,Generator,ES6 0,Offshore Wind (AC),2648.81992
capital,Generator,ES6 0,Offshore Wind (Floating),2958.56781
capital,Generator,ES6 0,Onshore Wind,5378.23262
capital,Generator,ES6 0,Run of River,45303586.30495
capital,Generator,ES6 0,Solar,14173694.44885
capital,Generator,ES6 0,rural solar thermal,1930.32735
capital,Generator,ES6 0,solar-hsat,72793980.60866
capital,Generator,ES6 0,urban central solar thermal,1579.9947
capital,Generator,ES6 0,urban decentral solar thermal,1230.71453
capital,Generator,FI1 0,Offshore Wind (AC),40738.11495
capital,Generator,FI1 0,Offshore Wind (DC),1208282499.98431
capital,Generator,FI1 0,Offshore Wind (Floating),4761.0572
capital,Generator,FI1 0,Onshore Wind,1095689866.06837
capital,Generator,FI1 0,Run of River,453195348.92122
capital,Generator,FI1 0,Solar,8236225.22705
capital,Generator,FI1 0,rural solar thermal,214.34657
capital,Generator,FI1 0,solar-hsat,78550110.4599
capital,Generator,FI1 0,urban central solar thermal,776.02893
capital,Generator,FI1 0,urban decentral solar thermal,374.69638
capital,Generator,FR0 0,Offshore Wind (AC),740631170.25407
capital,Generator,FR0 0,Offshore Wind (DC),639737174.77769
capital,Generator,FR0 0,Offshore Wind (Floating),1327.90965
capital,Generator,FR0 0,Onshore Wind,1598174431.98078
capital,Generator,FR0 0,Solar,80758808.68018
capital,Generator,FR0 0,rural solar thermal,175.57562
capital,Generator,FR0 0,solar-hsat,4160.09493
capital,Generator,FR0 0,urban central solar thermal,1134.36537
capital,Generator,FR0 0,urban decentral solar thermal,491.3386
capital,Generator,FR0 1,Offshore Wind (AC),371828605.22661
capital,Generator,FR0 1,Offshore Wind (Floating),6831.18132
capital,Generator,FR0 1,Onshore Wind,135485274.28904
capital,Generator,FR0 1,Run of River,1275325841.55478
capital,Generator,FR0 1,Solar,161606805.42638
capital,Generator,FR0 1,rural solar thermal,550.13306
capital,Generator,FR0 1,solar-hsat,1654331965.17557
capital,Generator,FR0 1,urban central solar thermal,2726.20668
capital,Generator,FR0 1,urban decentral solar thermal,1105.79935
capital,Generator,FR0 2,Offshore Wind (AC),12889.9919
capital,Generator,FR0 2,Offshore Wind (DC),66615774.37599
capital,Generator,FR0 2,Offshore Wind (Floating),4495.61186
capital,Generator,FR0 2,Onshore Wind,322018332.78532
capital,Generator,FR0 2,Run of River,387114376.07396
capital,Generator,FR0 2,Solar,241433773.41804
capital,Generator,FR0 2,rural solar thermal,745.73454
capital,Generator,FR0 2,solar-hsat,33206.19349
capital,Generator,FR0 2,urban central solar thermal,1421.17849
capital,Generator,FR0 2,urban decentral solar thermal,919.20703
capital,Generator,FR0 3,Offshore Wind (AC),2793609541.82937
capital,Generator,FR0 3,Offshore Wind (DC),777726514.41368
capital,Generator,FR0 3,Offshore Wind (Floating),5504.98421
capital,Generator,FR0 3,Onshore Wind,404524907.23795
capital,Generator,FR0 3,Solar,45458467.2556
capital,Generator,FR0 3,rural solar thermal,339.78104
capital,Generator,FR0 3,solar-hsat,5129.7828
capital,Generator,FR0 3,urban central solar thermal,1201.78365
capital,Generator,FR0 3,urban decentral solar thermal,591.24289
capital,Generator,FR0 4,Onshore Wind,410448158.62242
capital,Generator,FR0 4,Run of River,454890285.96669
capital,Generator,FR0 4,Solar,56506316.89334
capital,Generator,FR0 4,rural solar thermal,398.26529
capital,Generator,FR0 4,solar-hsat,4322.69467
capital,Generator,FR0 4,urban central solar thermal,1114.98536
capital,Generator,FR0 4,urban decentral solar thermal,542.89553
capital,Generator,FR5 0,Offshore Wind (AC),2920.01493
capital,Generator,FR5 0,Offshore Wind (Floating),3349.54921
capital,Generator,FR5 0,Onshore Wind,1967407.117
capital,Generator,FR5 0,Solar,5869.86143
capital,Generator,FR5 0,rural solar thermal,1381.87837
capital,Generator,FR5 0,solar-hsat,154251262.951
capital,Generator,GB2 0,Offshore Wind (AC),2229230245.05676
capital,Generator,GB2 0,Offshore Wind (DC),3399399257.87586
capital,Generator,GB2 0,Offshore Wind (Floating),6630.40316
capital,Generator,GB2 0,Onshore Wind,1344694306.86069
capital,Generator,GB2 0,Run of River,885889663.85156
capital,Generator,GB2 0,Solar,84832500.1149
capital,Generator,GB2 0,rural solar thermal,167.74591
capital,Generator,GB2 0,solar-hsat,15584.24264
capital,Generator,GB2 0,urban central solar thermal,870.15899
capital,Generator,GB2 0,urban decentral solar thermal,186.88116
capital,Generator,GB2 1,Offshore Wind (AC),3261250412.37727
capital,Generator,GB2 1,Offshore Wind (DC),2473322918.10445
capital,Generator,GB2 1,Offshore Wind (Floating),5147.76871
capital,Generator,GB2 1,Onshore Wind,1697436835.37749
capital,Generator,GB2 1,Solar,513690214.80414
capital,Generator,GB2 1,rural solar thermal,408.22752
capital,Generator,GB2 1,solar-hsat,1285361263.22758
capital,Generator,GB2 1,urban central solar thermal,1045.07191
capital,Generator,GB2 1,urban decentral solar thermal,414.41654
capital,Generator,GB3 0,Offshore Wind (AC),32956529.22517
capital,Generator,GB3 0,Offshore Wind (DC),545324765.90337
capital,Generator,GB3 0,Offshore Wind (Floating),5576.35094
capital,Generator,GB3 0,Onshore Wind,145379174.13953
capital,Generator,GB3 0,Run of River,234671738.20448
capital,Generator,GB3 0,Solar,12435449.47943
capital,Generator,GB3 0,rural solar thermal,207.12249
capital,Generator,GB3 0,solar-hsat,37710.1857
capital,Generator,GB3 0,urban central solar thermal,687.02612
capital,Generator,GB3 0,urban decentral solar thermal,210.90681
capital,Generator,GR0 0,Offshore Wind (AC),6080.63432
capital,Generator,GR0 0,Offshore Wind (DC),1403863226.51502
capital,Generator,GR0 0,Offshore Wind (Floating),5351.25485
capital,Generator,GR0 0,Onshore Wind,581562280.41015
capital,Generator,GR0 0,Run of River,31772365.34325
capital,Generator,GR0 0,Solar,218146008.10263
capital,Generator,GR0 0,rural solar thermal,2282.50092
capital,Generator,GR0 0,solar-hsat,1193516332.75063
capital,Generator,GR0 0,urban central solar thermal,3689.91777
capital,Generator,GR0 0,urban decentral solar thermal,2156.81264
capital,Generator,HR0 0,Offshore Wind (AC),5610.95919
capital,Generator,HR0 0,Offshore Wind (DC),6966.3344
capital,Generator,HR0 0,Offshore Wind (Floating),3448.88549
capital,Generator,HR0 0,Onshore Wind,131921068.51104
capital,Generator,HR0 0,Run of River,84182201.03601
capital,Generator,HR0 0,Solar,4256967.01885
capital,Generator,HR0 0,rural solar thermal,1425.50051
capital,Generator,HR0 0,solar-hsat,424432037.91552
capital,Generator,HR0 0,urban central solar thermal,1932.11492
capital,Generator,HR0 0,urban decentral solar thermal,1516.43824
capital,Generator,HU0 0,Onshore Wind,36915157.09596
capital,Generator,HU0 0,Run of River,6070956.3265
capital,Generator,HU0 0,Solar,135338081.44393
capital,Generator,HU0 0,rural solar thermal,991.62875
capital,Generator,HU0 0,solar-hsat,1158158114.70579
capital,Generator,HU0 0,urban central solar thermal,4026.9224
capital,Generator,HU0 0,urban decentral solar thermal,1157.97724
capital,Generator,IE3 0,Offshore Wind (AC),5043130.38692
capital,Generator,IE3 0,Offshore Wind (DC),226500965.40827
capital,Generator,IE3 0,Offshore Wind (Floating),5927.27038
capital,Generator,IE3 0,Onshore Wind,550272317.3209
capital,Generator,IE3 0,Run of River,66564800.33115
capital,Generator,IE3 0,Solar,64208503.40094
capital,Generator,IE3 0,rural solar thermal,200.29772
capital,Generator,IE3 0,solar-hsat,307024312.64585
capital,Generator,IE3 0,urban central solar thermal,950.85084
capital,Generator,IE3 0,urban decentral solar thermal,290.12362
capital,Generator,IT0 0,Offshore Wind (AC),6051231.36222
capital,Generator,IT0 0,Offshore Wind (DC),378263542.54943
capital,Generator,IT0 0,Offshore Wind (Floating),4295.63626
capital,Generator,IT0 0,Onshore Wind,1015581848.25116
capital,Generator,IT0 0,Run of River,543612536.03769
capital,Generator,IT0 0,Solar,194414959.71264
capital,Generator,IT0 0,rural solar thermal,1706.02088
capital,Generator,IT0 0,solar-hsat,4843492918.78284
capital,Generator,IT0 0,urban central solar thermal,2708.59627
capital,Generator,IT0 0,urban decentral solar thermal,3007.95836
capital,Generator,IT0 1,Offshore Wind (AC),5262.64361
capital,Generator,IT0 1,Offshore Wind (DC),5931.55727
capital,Generator,IT0 1,Offshore Wind (Floating),3430.3987
capital,Generator,IT0 1,Onshore Wind,18746775.63921
capital,Generator,IT0 1,Run of River,1762900939.28859
capital,Generator,IT0 1,Solar,72004771.83528
capital,Generator,IT0 1,rural solar thermal,903.9463
capital,Generator,IT0 1,solar-hsat,4900455954.58038
capital,Generator,IT0 1,urban central solar thermal,2806.60414
capital,Generator,IT0 1,urban decentral solar thermal,2428.658
capital,Generator,IT4 0,Offshore Wind (AC),9518.51933
capital,Generator,IT4 0,Offshore Wind (Floating),4521.03556
capital,Generator,IT4 0,Onshore Wind,137128202.24037
capital,Generator,IT4 0,Run of River,18490222.31421
capital,Generator,IT4 0,Solar,22587906.03797
capital,Generator,IT4 0,rural solar thermal,4774.5756
capital,Generator,IT4 0,solar-hsat,462400461.30121
capital,Generator,IT4 0,urban central solar thermal,3276.74849
capital,Generator,IT4 0,urban decentral solar thermal,3182.87817
capital,Generator,LT0 0,Offshore Wind (AC),30728.67972
capital,Generator,LT0 0,Offshore Wind (DC),425245307.68409
capital,Generator,LT0 0,Offshore Wind (Floating),4243.92454
capital,Generator,LT0 0,Onshore Wind,138285188.95555
capital,Generator,LT0 0,Run of River,31125207.56225
capital,Generator,LT0 0,Solar,15686978.06881
capital,Generator,LT0 0,rural solar thermal,449.84243
capital,Generator,LT0 0,solar-hsat,102042537.33452
capital,Generator,LT0 0,urban central solar thermal,985.66019
capital,Generator,LT0 0,urban decentral solar thermal,523.62517
capital,Generator,LU0 0,Onshore Wind,100763830.21554
capital,Generator,LU0 0,Solar,2832666.13381
capital,Generator,LU0 0,rural solar thermal,567.29493
capital,Generator,LU0 0,solar-hsat,301402443.67803
capital,Generator,LU0 0,urban central solar thermal,970.81449
capital,Generator,LU0 0,urban decentral solar thermal,594.57915
capital,Generator,LV0 0,Offshore Wind (AC),28648.74021
capital,Generator,LV0 0,Offshore Wind (DC),52954440.77948
capital,Generator,LV0 0,Offshore Wind (Floating),4754.67447
capital,Generator,LV0 0,Onshore Wind,11572286.58668
capital,Generator,LV0 0,Run of River,473380508.2809
capital,Generator,LV0 0,Solar,2303865.56594
capital,Generator,LV0 0,rural solar thermal,479.26243
capital,Generator,LV0 0,solar-hsat,67395084.37746
capital,Generator,LV0 0,urban central solar thermal,800.85474
capital,Generator,LV0 0,urban decentral solar thermal,528.30207
capital,Generator,ME0 0,Offshore Wind (AC),1631.12367
capital,Generator,ME0 0,Offshore Wind (Floating),2742.95948
capital,Generator,ME0 0,Onshore Wind,13655170.23939
capital,Generator,ME0 0,Run of River,1651793.1934
capital,Generator,ME0 0,Solar,167576.58193
capital,Generator,ME0 0,rural solar thermal,1006.13558
capital,Generator,ME0 0,solar-hsat,442569352.08227
capital,Generator,ME0 0,urban central solar thermal,3375.935
capital,Generator,ME0 0,urban decentral solar thermal,1040.00994
capital,Generator,MK0 0,Onshore Wind,8447583.52411
capital,Generator,MK0 0,Run of River,59045443.2567
capital,Generator,MK0 0,Solar,15545588.62645
capital,Generator,MK0 0,rural solar thermal,1138.41249
capital,Generator,MK0 0,solar-hsat,149886141.62177
capital,Generator,MK0 0,urban central solar thermal,1960.12445
capital,Generator,MK0 0,urban decentral solar thermal,1144.93062
capital,Generator,NL0 0,Offshore Wind (AC),1174437636.71327
capital,Generator,NL0 0,Offshore Wind (DC),7003860284.98883
capital,Generator,NL0 0,Offshore Wind (Floating),1647.00707
capital,Generator,NL0 0,Onshore Wind,583728724.46106
capital,Generator,NL0 0,Solar,248278276.3125
capital,Generator,NL0 0,rural solar thermal,14.45215
capital,Generator,NL0 0,solar-hsat,410272976.11428
capital,Generator,NL0 0,urban central solar thermal,1084.81227
capital,Generator,NL0 0,urban decentral solar thermal,526.39621
capital,Generator,NO1 0,Offshore Wind (AC),28255949.97324
capital,Generator,NO1 0,Offshore Wind (DC),415601276.7766
capital,Generator,NO1 0,Offshore Wind (Floating),5105.1553
capital,Generator,NO1 0,Onshore Wind,639792423.64896
capital,Generator,NO1 0,Run of River,275042056.92383
capital,Generator,NO1 0,Solar,73345.12791
capital,Generator,NO1 0,rural solar thermal,209.89868
capital,Generator,NO1 0,solar-hsat,7745.93521
capital,Generator,NO1 0,urban central solar thermal,855.85716
capital,Generator,NO1 0,urban decentral solar thermal,220.33105
capital,Generator,PL0 0,Offshore Wind (AC),1049262078.04536
capital,Generator,PL0 0,Offshore Wind (DC),1301263841.39256
capital,Generator,PL0 0,Offshore Wind (Floating),7868.45675
capital,Generator,PL0 0,Onshore Wind,3673987743.0883
capital,Generator,PL0 0,Run of River,56210389.48212
capital,Generator,PL0 0,Solar,137290958.65896
capital,Generator,PL0 0,rural solar thermal,548.15962
capital,Generator,PL0 0,solar-hsat,2471141297.2402
capital,Generator,PL0 0,urban central solar thermal,1566.77197
capital,Generator,PL0 0,urban decentral solar thermal,692.11989
capital,Generator,PT0 0,Offshore Wind (AC),1139897973.31421
capital,Generator,PT0 0,Offshore Wind (Floating),5671.98466
capital,Generator,PT0 0,Onshore Wind,616510150.65331
capital,Generator,PT0 0,Run of River,781982318.70502
capital,Generator,PT0 0,Solar,183054266.30002
capital,Generator,PT0 0,rural solar thermal,1393.86386
capital,Generator,PT0 0,solar-hsat,365587124.89976
capital,Generator,PT0 0,urban central solar thermal,1652.30372
capital,Generator,PT0 0,urban decentral solar thermal,1486.67242
capital,Generator,RO0 0,Offshore Wind (AC),338196610.0952
capital,Generator,RO0 0,Offshore Wind (DC),585849016.01982
capital,Generator,RO0 0,Offshore Wind (Floating),5798.6087
capital,Generator,RO0 0,Onshore Wind,637742744.95749
capital,Generator,RO0 0,Run of River,1085206556.13942
capital,Generator,RO0 0,Solar,106116893.45912
capital,Generator,RO0 0,rural solar thermal,1423.68897
capital,Generator,RO0 0,solar-hsat,298109508.98621
capital,Generator,RO0 0,urban central solar thermal,2910.26041
capital,Generator,RO0 0,urban decentral solar thermal,1393.71229
capital,Generator,RS0 0,Onshore Wind,89347691.54873
capital,Generator,RS0 0,Run of River,526478263.35986
capital,Generator,RS0 0,Solar,1864116.07825
capital,Generator,RS0 0,rural solar thermal,894.78677
capital,Generator,RS0 0,solar-hsat,39630768.67012
capital,Generator,RS0 0,urban central solar thermal,1981.1397
capital,Generator,RS0 0,urban decentral solar thermal,903.09709
capital,Generator,SE1 0,Offshore Wind (AC),36685940.00887
capital,Generator,SE1 0,Offshore Wind (DC),109036214.06077
capital,Generator,SE1 0,Offshore Wind (Floating),4674.13666
capital,Generator,SE1 0,Onshore Wind,1919544734.70257
capital,Generator,SE1 0,Run of River,394149905.66452
capital,Generator,SE1 0,Solar,14943542.41421
capital,Generator,SE1 0,rural solar thermal,180.40773
capital,Generator,SE1 0,solar-hsat,476537683.3128
capital,Generator,SE1 0,urban central solar thermal,850.78368
capital,Generator,SE1 0,urban decentral solar thermal,379.91664
capital,Generator,SI0 0,Offshore Wind (AC),1409.26288
capital,Generator,SI0 0,Offshore Wind (Floating),735.85433
capital,Generator,SI0 0,Onshore Wind,2126.91919
capital,Generator,SI0 0,Run of River,155445758.14368
capital,Generator,SI0 0,Solar,1570822.40984
capital,Generator,SI0 0,rural solar thermal,860.8213
capital,Generator,SI0 0,solar-hsat,11374.98982
capital,Generator,SI0 0,urban central solar thermal,2396.33323
capital,Generator,SI0 0,urban decentral solar thermal,1122.96006
capital,Generator,SK0 0,Onshore Wind,8699.56638
capital,Generator,SK0 0,Run of River,375255980.16312
capital,Generator,SK0 0,Solar,23519868.94426
capital,Generator,SK0 0,rural solar thermal,767.9841
capital,Generator,SK0 0,solar-hsat,17919.86474
capital,Generator,SK0 0,urban central solar thermal,1899.81675
capital,Generator,SK0 0,urban decentral solar thermal,901.14061
capital,Generator,XK0 0,Onshore Wind,15622327.84307
capital,Generator,XK0 0,Run of River,9306745.23148
capital,Generator,XK0 0,Solar,8644605.72686
capital,Generator,XK0 0,rural solar thermal,126.04449
capital,Generator,XK0 0,solar-hsat,19199843.68605
capital,Generator,XK0 0,urban central solar thermal,1240.79689
capital,Generator,XK0 0,urban decentral solar thermal,1.50996
capital,Line,AL0 0,AC,79383299.72642
capital,Line,AT0 0,AC,452246931.39839
capital,Line,BA0 0,AC,128859045.24615
capital,Line,BE0 0,AC,132294395.04691
capital,Line,BG0 0,AC,240709785.26156
capital,Line,CH0 0,AC,495733044.13378
capital,Line,CZ0 0,AC,243022348.25193
capital,Line,DE0 0,AC,582820005.69249
capital,Line,DE0 1,AC,465191429.65178
capital,Line,DE0 2,AC,289218374.52188
capital,Line,DE0 3,AC,130297548.45686
capital,Line,DE0 4,AC,65855244.42637
capital,Line,DE0 5,AC,122467637.92028
capital,Line,DK1 0,AC,92018255.13598
capital,Line,EE0 0,AC,34479190.53832
capital,Line,ES0 0,AC,380252192.80472
capital,Line,FI1 0,AC,164747361.63609
capital,Line,FR0 0,AC,861062076.98221
capital,Line,FR0 1,AC,437004111.69808
capital,Line,FR0 2,AC,175983166.83606
capital,Line,FR0 4,AC,3451633.76
capital,Line,GB2 0,AC,457480582.84278
capital,Line,GB3 0,AC,47856526.08134
capital,Line,GR0 0,AC,48987285.47571
capital,Line,HR0 0,AC,183894692.23639
capital,Line,HU0 0,AC,273318958.65242
capital,Line,IT0 0,AC,280957341.92612
capital,Line,IT0 1,AC,38683404.46554
capital,Line,LT0 0,AC,107375434.77326
capital,Line,ME0 0,AC,53440462.96271
capital,Line,MK0 0,AC,37466027.51957
capital,Line,NO1 0,AC,128929177.92303
capital,Line,PL0 0,AC,51242287.83323
capital,Line,RO0 0,AC,110192312.03459
capital,Line,RS0 0,AC,20274705.30248
capital,Link,AL0 0,CO2 pipeline,11319.09592
capital,Link,AL0 0,Combined-Cycle Gas,1710.43959
capital,Link,AL0 0,EAF,1708.81804
capital,Link,AL0 0,H2 DRI,1502.44014
capital,Link,AL0 0,H2 Electrolysis,4674.39592
capital,Link,AL0 0,Haber-Bosch,6051.02836
capital,Link,AL0 0,Open-Cycle Gas,1396.20766
capital,Link,AL0 0,SMR,13065.98678
capital,Link,AL0 0,Sabatier,818.91732
capital,Link,AL0 0,battery charger,23653421.79451
capital,Link,AL0 0,biogas to gas,7295868.36556
capital,Link,AL0 0,biomass to liquid,3960.87842
capital,Link,AL0 0,biomass-to-methanol,5250.30785
capital,Link,AL0 0,electricity distribution grid,32920806.1811
capital,Link,AL0 0,gas DRI,1581.34575
capital,Link,AL0 0,gas pipeline new,988206.23754
capital,Link,AL0 0,heat100-200 industry electric boiler steam,313.53965
capital,Link,AL0 0,heat100-200 industry gas,142652.94515
capital,Link,AL0 0,heat100-200 industry industrial heat pump high temperature,12139.03384
capital,Link,AL0 0,heat100-200 industry solid biomass,2280296.42406
capital,Link,AL0 0,heat200-500 industry gas,14687.98893
capital,Link,AL0 0,heat200-500 industry hydrogen,75.01859
capital,Link,AL0 0,heat200-500 industry solid biomass,221080.23019
capital,Link,AL0 0,heat<100 industry electric boiler steam,315.60843
capital,Link,AL0 0,heat<100 industry gas,167446.01798
capital,Link,AL0 0,heat<100 industry industrial heat pump medium temperature,4968.13
capital,Link,AL0 0,heat<100 industry solid biomass,2683705.02194
capital,Link,AL0 0,heat>500 industry gas,16905.96465
capital,Link,AL0 0,heat>500 industry hydrogen,125.45134
capital,Link,AL0 0,home battery charger,4348.60262
capital,Link,AL0 0,methanolisation,8685.9
capital,Link,AL0 0,rural air heat pump,6811.48726
capital,Link,AL0 0,rural biomass boiler,43815496.71713
capital,Link,AL0 0,rural gas boiler,10095618.21
capital,Link,AL0 0,rural ground heat pump,37090.21978
capital,Link,AL0 0,rural resistive heater,1506468.93781
capital,Link,AL0 0,urban central air heat pump,10305.49883
capital,Link,AL0 0,urban central gas CHP,1667.69727
capital,Link,AL0 0,urban central gas boiler,464238.3359
capital,Link,AL0 0,urban central resistive heater,141082.11264
capital,Link,AL0 0,urban central solid biomass CHP,8934535.55939
capital,Link,AL0 0,urban central solid biomass CHP CC,39418.836
capital,Link,AL0 0,urban decentral air heat pump,6347.34251
capital,Link,AL0 0,urban decentral biomass boiler,58310.7353
capital,Link,AL0 0,urban decentral gas boiler,32597403.68268
capital,Link,AL0 0,urban decentral resistive heater,4937875.20007
capital,Link,AL0 0,waste CHP,2930.05899
capital,Link,AT0 0,CO2 pipeline,20509.35463
capital,Link,AT0 0,Combined-Cycle Gas,352633019.2896
capital,Link,AT0 0,EAF,2441.8181
capital,Link,AT0 0,H2 DRI,1813.76888
capital,Link,AT0 0,H2 Electrolysis,3244.23465
capital,Link,AT0 0,Haber-Bosch,5397.69791
capital,Link,AT0 0,Open-Cycle Gas,1403.16839
capital,Link,AT0 0,SMR,10465.23253
capital,Link,AT0 0,Sabatier,816.79615
capital,Link,AT0 0,battery charger,28738.53115
capital,Link,AT0 0,biogas to gas,105768732.58643
capital,Link,AT0 0,biomass to liquid,2483.19883
capital,Link,AT0 0,biomass-to-methanol,4659.05362
capital,Link,AT0 0,electricity distribution grid,489027798.52372
capital,Link,AT0 0,gas DRI,2128.0336
capital,Link,AT0 0,gas pipeline,11817541.81551
capital,Link,AT0 0,gas pipeline new,8636.0422
capital,Link,AT0 0,heat100-200 industry electric boiler steam,388.29567
capital,Link,AT0 0,heat100-200 industry gas,8644451.72392
capital,Link,AT0 0,heat100-200 industry industrial heat pump high temperature,168981271.72003
capital,Link,AT0 0,heat100-200 industry solid biomass,3188.0372
capital,Link,AT0 0,heat200-500 industry gas,694125.36261
capital,Link,AT0 0,heat200-500 industry hydrogen,62.10748
capital,Link,AT0 0,heat200-500 industry solid biomass,10446646.62103
capital,Link,AT0 0,heat<100 industry electric boiler steam,273.38372
capital,Link,AT0 0,heat<100 industry gas,3224667.40992
capital,Link,AT0 0,heat<100 industry industrial heat pump medium temperature,13252714.25409
capital,Link,AT0 0,heat<100 industry solid biomass,39411760.44362
capital,Link,AT0 0,heat>500 industry gas,1692415.90592
capital,Link,AT0 0,heat>500 industry hydrogen,134.43678
capital,Link,AT0 0,home battery charger,4212.79176
capital,Link,AT0 0,methanolisation,6291.44351
capital,Link,AT0 0,rural air heat pump,7174.01001
capital,Link,AT0 0,rural biomass boiler,303486292.12624
capital,Link,AT0 0,rural gas boiler,206924205.43043
capital,Link,AT0 0,rural ground heat pump,359062675.0128
capital,Link,AT0 0,rural resistive heater,4419060.79166
capital,Link,AT0 0,urban central air heat pump,5924.25493
capital,Link,AT0 0,urban central gas CHP,1793.98942
capital,Link,AT0 0,urban central gas boiler,13145816.02135
capital,Link,AT0 0,urban central resistive heater,3991606.17016
capital,Link,AT0 0,urban central solid biomass CHP,310759271.99948
capital,Link,AT0 0,urban central solid biomass CHP CC,67076.39666
capital,Link,AT0 0,urban decentral air heat pump,113343461.88276
capital,Link,AT0 0,urban decentral biomass boiler,312570280.54169
capital,Link,AT0 0,urban decentral gas boiler,213117885.78363
capital,Link,AT0 0,urban decentral resistive heater,4050438.78181
capital,Link,AT0 0,waste CHP,3625.59226
capital,Link,BA0 0,CO2 pipeline,8261.19942
capital,Link,BA0 0,Combined-Cycle Gas,1700.601
capital,Link,BA0 0,EAF,1983.60186
capital,Link,BA0 0,H2 DRI,1595.4827
capital,Link,BA0 0,H2 Electrolysis,3578.16832
capital,Link,BA0 0,Haber-Bosch,4989.44734
capital,Link,BA0 0,Open-Cycle Gas,1400.38347
capital,Link,BA0 0,SMR,11383.06098
capital,Link,BA0 0,Sabatier,814.94981
capital,Link,BA0 0,battery charger,3076236.22317
capital,Link,BA0 0,biogas to gas,10077965.90256
capital,Link,BA0 0,biomass to liquid,3367.77688
capital,Link,BA0 0,biomass-to-methanol,5106.88368
capital,Link,BA0 0,electricity distribution grid,84248950.03416
capital,Link,BA0 0,gas DRI,1811.38341
capital,Link,BA0 0,gas pipeline,3487367.17429
capital,Link,BA0 0,gas pipeline new,2959460.41559
capital,Link,BA0 0,heat100-200 industry electric boiler steam,205.82921
capital,Link,BA0 0,heat100-200 industry gas,285270.85104
capital,Link,BA0 0,heat100-200 industry industrial heat pump high temperature,127354.00806
capital,Link,BA0 0,heat100-200 industry solid biomass,4475632.43629
capital,Link,BA0 0,heat200-500 industry gas,41954.59414
capital,Link,BA0 0,heat200-500 industry hydrogen,65.22396
capital,Link,BA0 0,heat200-500 industry solid biomass,631383.69914
capital,Link,BA0 0,heat<100 industry electric boiler steam,205.51838
capital,Link,BA0 0,heat<100 industry gas,291472.77034
capital,Link,BA0 0,heat<100 industry industrial heat pump medium temperature,4387.16358
capital,Link,BA0 0,heat<100 industry solid biomass,4675497.56688
capital,Link,BA0 0,heat>500 industry gas,155293.18934
capital,Link,BA0 0,heat>500 industry hydrogen,90.00223
capital,Link,BA0 0,home battery charger,6303.66275
capital,Link,BA0 0,methanolisation,6118.60539
capital,Link,BA0 0,rural air heat pump,4053.7156
capital,Link,BA0 0,rural biomass boiler,348840990.43544
capital,Link,BA0 0,rural gas boiler,188381.12536
capital,Link,BA0 0,rural ground heat pump,15070.77059
capital,Link,BA0 0,rural resistive heater,315925.37859
capital,Link,BA0 0,urban central air heat pump,5252.74912
capital,Link,BA0 0,urban central gas CHP,1758.54167
capital,Link,BA0 0,urban central gas boiler,2961487.90556
capital,Link,BA0 0,urban central resistive heater,401803.47473
capital,Link,BA0 0,urban central solid biomass CHP,45189650.21366
capital,Link,BA0 0,urban central solid biomass CHP CC,21895.42047
capital,Link,BA0 0,urban decentral air heat pump,4063.2816
capital,Link,BA0 0,urban decentral biomass boiler,159399304.22357
capital,Link,BA0 0,urban decentral gas boiler,37973979.44981
capital,Link,BA0 0,urban decentral resistive heater,3976665.05402
capital,Link,BA0 0,waste CHP,3026.65231
capital,Link,BE0 0,CO2 pipeline,16635.72463
capital,Link,BE0 0,Combined-Cycle Gas,532145071.53207
capital,Link,BE0 0,DC,23219324.12346
capital,Link,BE0 0,EAF,2493.04099
capital,Link,BE0 0,H2 DRI,1839.94775
capital,Link,BE0 0,H2 Electrolysis,4703.88181
capital,Link,BE0 0,Haber-Bosch,15894.87601
capital,Link,BE0 0,Open-Cycle Gas,1397.60248
capital,Link,BE0 0,SMR,18743.49397
capital,Link,BE0 0,Sabatier,821.89497
capital,Link,BE0 0,battery charger,5186.60972
capital,Link,BE0 0,biogas to gas,168960938.32052
capital,Link,BE0 0,biomass to liquid,1826.40066
capital,Link,BE0 0,biomass-to-methanol,3358.62069
capital,Link,BE0 0,electricity distribution grid,677023957.57635
capital,Link,BE0 0,gas DRI,2159.57059
capital,Link,BE0 0,gas pipeline,18821571.77033
capital,Link,BE0 0,gas pipeline new,1705244.54595
capital,Link,BE0 0,heat100-200 industry electric boiler steam,432.20786
capital,Link,BE0 0,heat100-200 industry gas,9494013.29232
capital,Link,BE0 0,heat100-200 industry industrial heat pump high temperature,185591630.78331
capital,Link,BE0 0,heat100-200 industry solid biomass,677.65183
capital,Link,BE0 0,heat200-500 industry gas,949960.26393
capital,Link,BE0 0,heat200-500 industry hydrogen,84.98534
capital,Link,BE0 0,heat200-500 industry solid biomass,14296938.58673
capital,Link,BE0 0,heat<100 industry electric boiler steam,407.04743
capital,Link,BE0 0,heat<100 industry gas,7472412.29394
capital,Link,BE0 0,heat<100 industry industrial heat pump medium temperature,128645728.83028
capital,Link,BE0 0,heat<100 industry solid biomass,671.60537
capital,Link,BE0 0,heat>500 industry gas,3135164.90496
capital,Link,BE0 0,heat>500 industry hydrogen,165.09338
capital,Link,BE0 0,home battery charger,4263.76242
capital,Link,BE0 0,methanolisation,7608.83698
capital,Link,BE0 0,rural air heat pump,8039.02283
capital,Link,BE0 0,rural biomass boiler,20149409.10996
capital,Link,BE0 0,rural gas boiler,118215354.23709
capital,Link,BE0 0,rural ground heat pump,55172667.32959
capital,Link,BE0 0,rural resistive heater,4848688.11998
capital,Link,BE0 0,urban central air heat pump,144889202.3124
capital,Link,BE0 0,urban central gas CHP,2003.66097
capital,Link,BE0 0,urban central gas boiler,29646476.21778
capital,Link,BE0 0,urban central resistive heater,3988705.24514
capital,Link,BE0 0,urban central solid biomass CHP,10934.50158
capital,Link,BE0 0,urban central solid biomass CHP CC,6428.24349
capital,Link,BE0 0,urban decentral air heat pump,41147917.7372
capital,Link,BE0 0,urban decentral biomass boiler,266481315.13342
capital,Link,BE0 0,urban decentral gas boiler,1563429621.88831
capital,Link,BE0 0,urban decentral resistive heater,18653276.67
capital,Link,BE0 0,waste CHP,6955.56524
capital,Link,BG0 0,CO2 pipeline,11477.37502
capital,Link,BG0 0,Combined-Cycle Gas,9745351.58151
capital,Link,BG0 0,H2 Electrolysis,4117.54926
capital,Link,BG0 0,Haber-Bosch,5812.32423
capital,Link,BG0 0,Open-Cycle Gas,1397.83671
capital,Link,BG0 0,SMR,11558.37736
capital,Link,BG0 0,Sabatier,816.62546
capital,Link,BG0 0,battery charger,49729304.46584
capital,Link,BG0 0,biogas to gas,88318040.59355
capital,Link,BG0 0,biomass to liquid,3112.39998
capital,Link,BG0 0,biomass-to-methanol,5269.96487
capital,Link,BG0 0,electricity distribution grid,314933638.7692
capital,Link,BG0 0,gas pipeline,4651416.62342
capital,Link,BG0 0,gas pipeline new,4296510.15574
capital,Link,BG0 0,heat100-200 industry electric boiler steam,240.66208
capital,Link,BG0 0,heat100-200 industry gas,1804578.19158
capital,Link,BG0 0,heat100-200 industry industrial heat pump high temperature,6566736.13117
capital,Link,BG0 0,heat100-200 industry solid biomass,23578456.57956
capital,Link,BG0 0,heat200-500 industry gas,228577.65576
capital,Link,BG0 0,heat200-500 industry hydrogen,52.74346
capital,Link,BG0 0,heat200-500 industry solid biomass,3440247.18001
capital,Link,BG0 0,heat<100 industry electric boiler steam,220.45909
capital,Link,BG0 0,heat<100 industry gas,1277464.83172
capital,Link,BG0 0,heat<100 industry industrial heat pump medium temperature,3433.90822
capital,Link,BG0 0,heat<100 industry solid biomass,20505848.48431
capital,Link,BG0 0,heat>500 industry gas,876672.1892
capital,Link,BG0 0,heat>500 industry hydrogen,108.78938
capital,Link,BG0 0,home battery charger,6346229.55271
capital,Link,BG0 0,methanolisation,7485.98819
capital,Link,BG0 0,rural air heat pump,6703.12344
capital,Link,BG0 0,rural biomass boiler,101145902.72138
capital,Link,BG0 0,rural gas boiler,2527510.63897
capital,Link,BG0 0,rural ground heat pump,99975772.38088
capital,Link,BG0 0,rural resistive heater,7364062.97941
capital,Link,BG0 0,urban central air heat pump,4161.39273
capital,Link,BG0 0,urban central gas CHP,1727.17564
capital,Link,BG0 0,urban central gas boiler,6084686.31065
capital,Link,BG0 0,urban central resistive heater,2001142.15259
capital,Link,BG0 0,urban central solid biomass CHP,103750473.74998
capital,Link,BG0 0,urban central solid biomass CHP CC,18174.66809
capital,Link,BG0 0,urban decentral air heat pump,171487196.56543
capital,Link,BG0 0,urban decentral biomass boiler,157562315.54839
capital,Link,BG0 0,urban decentral gas boiler,3937286.81176
capital,Link,BG0 0,urban decentral resistive heater,11199616.21953
capital,Link,BG0 0,waste CHP,3188.88894
capital,Link,CH0 0,CO2 pipeline,11111.98125
capital,Link,CH0 0,Combined-Cycle Gas,5763459.49534
capital,Link,CH0 0,EAF,1945.11047
capital,Link,CH0 0,H2 DRI,1582.6312
capital,Link,CH0 0,H2 Electrolysis,3718.64028
capital,Link,CH0 0,Haber-Bosch,7810.49072
capital,Link,CH0 0,Open-Cycle Gas,1391.81973
capital,Link,CH0 0,SMR,11888.69413
capital,Link,CH0 0,Sabatier,819.04049
capital,Link,CH0 0,battery charger,7562.82331
capital,Link,CH0 0,biogas to gas,368881.91401
capital,Link,CH0 0,biomass to liquid,2071.5012
capital,Link,CH0 0,biomass-to-methanol,4109.84471
capital,Link,CH0 0,electricity distribution grid,639603702.033
capital,Link,CH0 0,gas DRI,1777.33107
capital,Link,CH0 0,gas pipeline,6573997.11064
capital,Link,CH0 0,gas pipeline new,3494874.88526
capital,Link,CH0 0,heat100-200 industry electric boiler steam,273.17891
capital,Link,CH0 0,heat100-200 industry gas,2821575.39282
capital,Link,CH0 0,heat100-200 industry industrial heat pump high temperature,55155397.2904
capital,Link,CH0 0,heat100-200 industry solid biomass,832.21905
capital,Link,CH0 0,heat200-500 industry gas,266333.14309
capital,Link,CH0 0,heat200-500 industry hydrogen,59.48691
capital,Link,CH0 0,heat200-500 industry solid biomass,4008311.60294
capital,Link,CH0 0,heat<100 industry electric boiler steam,258.0303
capital,Link,CH0 0,heat<100 industry gas,2065015.52176
capital,Link,CH0 0,heat<100 industry industrial heat pump medium temperature,35550234.88593
capital,Link,CH0 0,heat<100 industry solid biomass,934.70204
capital,Link,CH0 0,heat>500 industry gas,662774.01536
capital,Link,CH0 0,heat>500 industry hydrogen,100.45403
capital,Link,CH0 0,home battery charger,201650.86276
capital,Link,CH0 0,methanolisation,6335.30276
capital,Link,CH0 0,rural air heat pump,4370.52612
capital,Link,CH0 0,rural biomass boiler,134177.29553
capital,Link,CH0 0,rural gas boiler,6854867.40346
capital,Link,CH0 0,rural ground heat pump,640595258.10724
capital,Link,CH0 0,rural resistive heater,737813.73443
capital,Link,CH0 0,urban central air heat pump,7036.97578
capital,Link,CH0 0,urban central gas CHP,1802.70179
capital,Link,CH0 0,urban central gas boiler,11114185.1843
capital,Link,CH0 0,urban central resistive heater,6098839.11194
capital,Link,CH0 0,urban central solid biomass CHP,169744014.98284
capital,Link,CH0 0,urban central solid biomass CHP CC,21303.93207
capital,Link,CH0 0,urban decentral air heat pump,1936735614.22713
capital,Link,CH0 0,urban decentral biomass boiler,378164534.96186
capital,Link,CH0 0,urban decentral gas boiler,59194319.63405
capital,Link,CH0 0,urban decentral resistive heater,4652295.96045
capital,Link,CH0 0,waste CHP,4395.00904
capital,Link,CZ0 0,CO2 pipeline,12648.49698
capital,Link,CZ0 0,Combined-Cycle Gas,165355914.50645
capital,Link,CZ0 0,EAF,2418.56853
capital,Link,CZ0 0,H2 DRI,1799.24401
capital,Link,CZ0 0,H2 Electrolysis,3019.44838
capital,Link,CZ0 0,Haber-Bosch,6273.19196
capital,Link,CZ0 0,Open-Cycle Gas,1405.52328
capital,Link,CZ0 0,SMR,10437.18205
capital,Link,CZ0 0,Sabatier,824.42565
capital,Link,CZ0 0,battery charger,10591.35392
capital,Link,CZ0 0,biogas to gas,288461968.9334
capital,Link,CZ0 0,biomass to liquid,2053.11637
capital,Link,CZ0 0,biomass-to-methanol,3988.63
capital,Link,CZ0 0,electricity distribution grid,497205884.82219
capital,Link,CZ0 0,gas DRI,2115.18816
capital,Link,CZ0 0,gas pipeline,15837300.93355
capital,Link,CZ0 0,gas pipeline new,4964.36962
capital,Link,CZ0 0,heat100-200 industry electric boiler steam,326.44648
capital,Link,CZ0 0,heat100-200 industry gas,5599678.72423
capital,Link,CZ0 0,heat100-200 industry industrial heat pump high temperature,109463063.66146
capital,Link,CZ0 0,heat100-200 industry solid biomass,1101.66288
capital,Link,CZ0 0,heat200-500 industry gas,658468.29516
capital,Link,CZ0 0,heat200-500 industry hydrogen,67.31839
capital,Link,CZ0 0,heat200-500 industry solid biomass,9910097.31892
capital,Link,CZ0 0,heat<100 industry electric boiler steam,317.83831
capital,Link,CZ0 0,heat<100 industry gas,4985780.77134
capital,Link,CZ0 0,heat<100 industry industrial heat pump medium temperature,85834190.11799
capital,Link,CZ0 0,heat<100 industry solid biomass,1239.36382
capital,Link,CZ0 0,heat>500 industry gas,1549818.50211
capital,Link,CZ0 0,heat>500 industry hydrogen,129.62235
capital,Link,CZ0 0,home battery charger,4281.77897
capital,Link,CZ0 0,methanolisation,5615.19101
capital,Link,CZ0 0,rural air heat pump,6082.17577
capital,Link,CZ0 0,rural biomass boiler,335984988.96149
capital,Link,CZ0 0,rural gas boiler,339623930.79443
capital,Link,CZ0 0,rural ground heat pump,381309824.59371
capital,Link,CZ0 0,rural resistive heater,11284100.39129
capital,Link,CZ0 0,urban central air heat pump,6477.82657
capital,Link,CZ0 0,urban central gas CHP,1962.61591
capital,Link,CZ0 0,urban central gas boiler,35552459.49833
capital,Link,CZ0 0,urban central resistive heater,2689550.12685
capital,Link,CZ0 0,urban central solid biomass CHP,359639137.93221
capital,Link,CZ0 0,urban central solid biomass CHP CC,66545.97122
capital,Link,CZ0 0,urban decentral air heat pump,153577101.25252
capital,Link,CZ0 0,urban decentral biomass boiler,647169340.18781
capital,Link,CZ0 0,urban decentral gas boiler,654178616.3828
capital,Link,CZ0 0,urban decentral resistive heater,22963143.97443
capital,Link,CZ0 0,waste CHP,4866.575
capital,Link,DE0 0,CO2 pipeline,32849.47049
capital,Link,DE0 0,Combined-Cycle Gas,309046501.63115
capital,Link,DE0 0,DC,169790742.32792
capital,Link,DE0 0,EAF,2492.74974
capital,Link,DE0 0,H2 DRI,1842.35372
capital,Link,DE0 0,H2 Electrolysis,4105.71139
capital,Link,DE0 0,Haber-Bosch,10556.26277
capital,Link,DE0 0,Open-Cycle Gas,1400.19
capital,Link,DE0 0,SMR,15753.57792
capital,Link,DE0 0,Sabatier,821.90714
capital,Link,DE0 0,battery charger,5844.47405
capital,Link,DE0 0,biogas to gas,500337078.52511
capital,Link,DE0 0,biomass to liquid,2022.77205
capital,Link,DE0 0,biomass-to-methanol,3952.72713
capital,Link,DE0 0,electricity distribution grid,710091274.00536
capital,Link,DE0 0,gas DRI,2159.4386
capital,Link,DE0 0,gas pipeline,22398167.55046
capital,Link,DE0 0,heat100-200 industry electric boiler steam,425.49658
capital,Link,DE0 0,heat100-200 industry gas,8960753.99074
capital,Link,DE0 0,heat100-200 industry industrial heat pump high temperature,175166149.48646
capital,Link,DE0 0,heat100-200 industry solid biomass,938.48
capital,Link,DE0 0,heat200-500 industry gas,903833.87724
capital,Link,DE0 0,heat200-500 industry hydrogen,75.1244
capital,Link,DE0 0,heat200-500 industry solid biomass,13602672.62949
capital,Link,DE0 0,heat<100 industry electric boiler steam,382.75447
capital,Link,DE0 0,heat<100 industry gas,6480237.79635
capital,Link,DE0 0,heat<100 industry industrial heat pump medium temperature,111563756.35537
capital,Link,DE0 0,heat<100 industry solid biomass,953.97159
capital,Link,DE0 0,heat>500 industry gas,2394918.30736
capital,Link,DE0 0,heat>500 industry hydrogen,151.81102
capital,Link,DE0 0,home battery charger,4263.13604
capital,Link,DE0 0,methanolisation,8697.37889
capital,Link,DE0 0,rural air heat pump,7165.22661
capital,Link,DE0 0,rural biomass boiler,152062929.72848
capital,Link,DE0 0,rural gas boiler,445412931.58674
capital,Link,DE0 0,rural ground heat pump,265205330.55807
capital,Link,DE0 0,rural resistive heater,8367665.66614
capital,Link,DE0 0,urban central air heat pump,78677428.38654
capital,Link,DE0 0,urban central gas CHP,1936.70578
capital,Link,DE0 0,urban central gas boiler,30890504.18765
capital,Link,DE0 0,urban central resistive heater,7775220.73525
capital,Link,DE0 0,urban central solid biomass CHP,244233054.43964
capital,Link,DE0 0,urban central solid biomass CHP CC,16622.79805
capital,Link,DE0 0,urban decentral air heat pump,107366990.9611
capital,Link,DE0 0,urban decentral biomass boiler,379071163.13118
capital,Link,DE0 0,urban decentral gas boiler,1110350815.62437
capital,Link,DE0 0,urban decentral resistive heater,16258678.87965
capital,Link,DE0 0,waste CHP,4771.81269
capital,Link,DE0 1,CO2 pipeline,18579.98586
capital,Link,DE0 1,Combined-Cycle Gas,213505949.61343
capital,Link,DE0 1,H2 Electrolysis,2921.15014
capital,Link,DE0 1,Haber-Bosch,4812.61786
capital,Link,DE0 1,Open-Cycle Gas,1394.42677
capital,Link,DE0 1,SMR,8850.58158
capital,Link,DE0 1,Sabatier,832.58662
capital,Link,DE0 1,battery charger,8561.54573
capital,Link,DE0 1,biogas to gas,263163918.8926
capital,Link,DE0 1,biomass to liquid,2546.456
capital,Link,DE0 1,biomass-to-methanol,4930.37985
capital,Link,DE0 1,electricity distribution grid,360782822.0501
capital,Link,DE0 1,gas pipeline,8036863.96094
capital,Link,DE0 1,gas pipeline new,6082.83044
capital,Link,DE0 1,heat100-200 industry electric boiler steam,267.92943
capital,Link,DE0 1,heat100-200 industry gas,3249400.15271
capital,Link,DE0 1,heat100-200 industry industrial heat pump high temperature,63019186.61447
capital,Link,DE0 1,heat100-200 industry solid biomass,412354.74744
capital,Link,DE0 1,heat200-500 industry gas,297796.09204
capital,Link,DE0 1,heat200-500 industry hydrogen,53.67973
capital,Link,DE0 1,heat200-500 industry solid biomass,4481743.25118
capital,Link,DE0 1,heat<100 industry electric boiler steam,229.01979
capital,Link,DE0 1,heat<100 industry gas,1909983.51749
capital,Link,DE0 1,heat<100 industry industrial heat pump medium temperature,3277.55214
capital,Link,DE0 1,heat<100 industry solid biomass,30660835.88416
capital,Link,DE0 1,heat>500 industry gas,568406.61817
capital,Link,DE0 1,heat>500 industry hydrogen,98.24478
capital,Link,DE0 1,home battery charger,4171.27771
capital,Link,DE0 1,methanolisation,5453.6783
capital,Link,DE0 1,rural air heat pump,4347.90065
capital,Link,DE0 1,rural biomass boiler,163869005.30169
capital,Link,DE0 1,rural gas boiler,479994527.12081
capital,Link,DE0 1,rural ground heat pump,135948592.52582
capital,Link,DE0 1,rural resistive heater,4142477.55448
capital,Link,DE0 1,urban central air heat pump,4689.67517
capital,Link,DE0 1,urban central gas CHP,1882.47808
capital,Link,DE0 1,urban central gas boiler,9088192.61152
capital,Link,DE0 1,urban central resistive heater,1063077.86641
capital,Link,DE0 1,urban central solid biomass CHP,135997452.30272
capital,Link,DE0 1,urban central solid biomass CHP CC,298748.98158
capital,Link,DE0 1,urban decentral air heat pump,51230675.77386
capital,Link,DE0 1,urban decentral biomass boiler,113551400.07198
capital,Link,DE0 1,urban decentral gas boiler,332607441.42014
capital,Link,DE0 1,urban decentral resistive heater,2194460.43859
capital,Link,DE0 1,waste CHP,3480.29509
capital,Link,DE0 2,CO2 pipeline,14466.80613
capital,Link,DE0 2,Combined-Cycle Gas,1035661019.11636
capital,Link,DE0 2,EAF,2516.06414
capital,Link,DE0 2,H2 DRI,1856.3599
capital,Link,DE0 2,H2 Electrolysis,5131.27833
capital,Link,DE0 2,Haber-Bosch,17916.53133
capital,Link,DE0 2,Open-Cycle Gas,1394.43087
capital,Link,DE0 2,SMR,22228.82273
capital,Link,DE0 2,Sabatier,822.95293
capital,Link,DE0 2,battery charger,5475.71577
capital,Link,DE0 2,biogas to gas,326507889.85402
capital,Link,DE0 2,biomass to liquid,1820.6862
capital,Link,DE0 2,biomass-to-methanol,3397.57754
capital,Link,DE0 2,electricity distribution grid,1133915634.298
capital,Link,DE0 2,gas DRI,2170.92977
capital,Link,DE0 2,gas pipeline,30205086.21893
capital,Link,DE0 2,heat100-200 industry electric boiler steam,478.92699
capital,Link,DE0 2,heat100-200 industry gas,17369526.29815
capital,Link,DE0 2,heat100-200 industry industrial heat pump high temperature,339545198.96256
capital,Link,DE0 2,heat100-200 industry solid biomass,723.69002
capital,Link,DE0 2,heat200-500 industry gas,1625185.48164
capital,Link,DE0 2,heat200-500 industry hydrogen,103.87087
capital,Link,DE0 2,heat200-500 industry solid biomass,24459419.75696
capital,Link,DE0 2,heat<100 industry electric boiler steam,479.19355
capital,Link,DE0 2,heat<100 industry gas,11980787.04876
capital,Link,DE0 2,heat<100 industry industrial heat pump medium temperature,206260719.04138
capital,Link,DE0 2,heat<100 industry solid biomass,740.66726
capital,Link,DE0 2,heat>500 industry gas,4783419.16739
capital,Link,DE0 2,heat>500 industry hydrogen,173.97152
capital,Link,DE0 2,home battery charger,4289.42522
capital,Link,DE0 2,methanolisation,10646.87575
capital,Link,DE0 2,rural air heat pump,8195.75451
capital,Link,DE0 2,rural biomass boiler,63086082.1568
capital,Link,DE0 2,rural gas boiler,184787685.24291
capital,Link,DE0 2,rural ground heat pump,339941550.91213
capital,Link,DE0 2,rural resistive heater,5187456.20283
capital,Link,DE0 2,urban central air heat pump,384976143.12702
capital,Link,DE0 2,urban central gas CHP,1972.65337
capital,Link,DE0 2,urban central gas boiler,66467305.53618
capital,Link,DE0 2,urban central resistive heater,11595001.02636
capital,Link,DE0 2,urban central solid biomass CHP,43734.22374
capital,Link,DE0 2,urban central solid biomass CHP CC,6228.51646
capital,Link,DE0 2,urban decentral air heat pump,158432740.70757
capital,Link,DE0 2,urban decentral biomass boiler,685742325.15328
capital,Link,DE0 2,urban decentral gas boiler,2008632214.99812
capital,Link,DE0 2,urban decentral resistive heater,33429406.56836
capital,Link,DE0 2,waste CHP,7487.62956
capital,Link,DE0 3,CO2 pipeline,6915.25735
capital,Link,DE0 3,Combined-Cycle Gas,350046802.45958
capital,Link,DE0 3,H2 Electrolysis,2986.19477
capital,Link,DE0 3,Haber-Bosch,4733.78408
capital,Link,DE0 3,Open-Cycle Gas,1112349.38239
capital,Link,DE0 3,SMR,8528.76092
capital,Link,DE0 3,Sabatier,833.88435
capital,Link,DE0 3,battery charger,17160.79598
capital,Link,DE0 3,biogas to gas,317318240.84937
capital,Link,DE0 3,biomass to liquid,2353.1268
capital,Link,DE0 3,biomass-to-methanol,4611.07263
capital,Link,DE0 3,electricity distribution grid,512567196.90017
capital,Link,DE0 3,gas pipeline,3317522.45066
capital,Link,DE0 3,gas pipeline new,5288827.80475
capital,Link,DE0 3,heat100-200 industry electric boiler steam,316.78638
capital,Link,DE0 3,heat100-200 industry gas,5277216.07312
capital,Link,DE0 3,heat100-200 industry industrial heat pump high temperature,103158062.37325
capital,Link,DE0 3,heat100-200 industry solid biomass,2362.44254
capital,Link,DE0 3,heat200-500 industry gas,503288.8965
capital,Link,DE0 3,heat200-500 industry hydrogen,58.49048
capital,Link,DE0 3,heat200-500 industry solid biomass,7574656.84874
capital,Link,DE0 3,heat<100 industry electric boiler steam,270.79819
capital,Link,DE0 3,heat<100 industry gas,3348630.51505
capital,Link,DE0 3,heat<100 industry industrial heat pump medium temperature,57645590.17019
capital,Link,DE0 3,heat<100 industry solid biomass,5064.55949
capital,Link,DE0 3,heat>500 industry gas,1449161.2717
capital,Link,DE0 3,heat>500 industry hydrogen,127.02446
capital,Link,DE0 3,home battery charger,4189.96014
capital,Link,DE0 3,methanolisation,4897.75262
capital,Link,DE0 3,rural air heat pump,7342.99208
capital,Link,DE0 3,rural biomass boiler,126342373.23973
capital,Link,DE0 3,rural gas boiler,370073935.50035
capital,Link,DE0 3,rural ground heat pump,170681894.6738
capital,Link,DE0 3,rural resistive heater,4394692.99436
capital,Link,DE0 3,urban central air heat pump,6485.22241
capital,Link,DE0 3,urban central gas CHP,1879.2744
capital,Link,DE0 3,urban central gas boiler,15586512.45901
capital,Link,DE0 3,urban central resistive heater,2546563.05788
capital,Link,DE0 3,urban central solid biomass CHP,261326158.11452
capital,Link,DE0 3,urban central solid biomass CHP CC,85140.60437
capital,Link,DE0 3,urban decentral air heat pump,66612705.52978
capital,Link,DE0 3,urban decentral biomass boiler,211651890.74152
capital,Link,DE0 3,urban decentral gas boiler,619957075.00432
capital,Link,DE0 3,urban decentral resistive heater,4988821.63264
capital,Link,DE0 3,waste CHP,3868.65682
capital,Link,DE0 4,CO2 pipeline,3496.07399
capital,Link,DE0 4,Combined-Cycle Gas,612158848.7553
capital,Link,DE0 4,EAF,2413.89751
capital,Link,DE0 4,H2 DRI,1797.90147
capital,Link,DE0 4,H2 Electrolysis,2948.96583
capital,Link,DE0 4,Haber-Bosch,6526.1171
capital,Link,DE0 4,Open-Cycle Gas,1396.05803
capital,Link,DE0 4,SMR,9996.56932
capital,Link,DE0 4,Sabatier,834.89026
capital,Link,DE0 4,battery charger,12525.17631
capital,Link,DE0 4,biogas to gas,297870740.90788
capital,Link,DE0 4,biomass to liquid,1847.84601
capital,Link,DE0 4,biomass-to-methanol,3435.22362
capital,Link,DE0 4,electricity distribution grid,930591273.29926
capital,Link,DE0 4,gas DRI,2111.11226
capital,Link,DE0 4,gas pipeline,13851172.13292
capital,Link,DE0 4,heat100-200 industry electric boiler steam,392.12912
capital,Link,DE0 4,heat100-200 industry gas,13772829.85794
capital,Link,DE0 4,heat100-200 industry industrial heat pump high temperature,269235630.75531
capital,Link,DE0 4,heat100-200 industry solid biomass,817.67523
capital,Link,DE0 4,heat200-500 industry gas,1075780.24319
capital,Link,DE0 4,heat200-500 industry hydrogen,86.55217
capital,Link,DE0 4,heat200-500 industry solid biomass,16190589.40204
capital,Link,DE0 4,heat<100 industry electric boiler steam,385.75863
capital,Link,DE0 4,heat<100 industry gas,8892510.66503
capital,Link,DE0 4,heat<100 industry industrial heat pump medium temperature,153093812.91193
capital,Link,DE0 4,heat<100 industry solid biomass,833.49553
capital,Link,DE0 4,heat>500 industry gas,2208282.14781
capital,Link,DE0 4,heat>500 industry hydrogen,148.35961
capital,Link,DE0 4,home battery charger,4184.00439
capital,Link,DE0 4,methanolisation,4846.88614
capital,Link,DE0 4,rural air heat pump,7802.30372
capital,Link,DE0 4,rural biomass boiler,49806808.37473
capital,Link,DE0 4,rural gas boiler,145890892.4797
capital,Link,DE0 4,rural ground heat pump,300882718.46485
capital,Link,DE0 4,rural resistive heater,3003723.48968
capital,Link,DE0 4,urban central air heat pump,89051680.7956
capital,Link,DE0 4,urban central gas CHP,2021.95468
capital,Link,DE0 4,urban central gas boiler,56838983.38332
capital,Link,DE0 4,urban central resistive heater,3736854.24221
capital,Link,DE0 4,urban central solid biomass CHP,420253761.2648
capital,Link,DE0 4,urban central solid biomass CHP CC,9201.07945
capital,Link,DE0 4,urban decentral air heat pump,136727927.34047
capital,Link,DE0 4,urban decentral biomass boiler,595839847.03718
capital,Link,DE0 4,urban decentral gas boiler,1745295671.33096
capital,Link,DE0 4,urban decentral resistive heater,11436357.33488
capital,Link,DE0 4,waste CHP,9912.55792
capital,Link,DE0 5,CO2 pipeline,16944.55794
capital,Link,DE0 5,Combined-Cycle Gas,370546001.18755
capital,Link,DE0 5,EAF,2321.78073
capital,Link,DE0 5,H2 DRI,1736.45428
capital,Link,DE0 5,H2 Electrolysis,3666.69313
capital,Link,DE0 5,Haber-Bosch,9591.22383
capital,Link,DE0 5,Open-Cycle Gas,1399.92173
capital,Link,DE0 5,SMR,13948.07107
capital,Link,DE0 5,Sabatier,822.31242
capital,Link,DE0 5,battery charger,7466.52652
capital,Link,DE0 5,biogas to gas,381529173.70666
capital,Link,DE0 5,biomass to liquid,1937.55846
capital,Link,DE0 5,biomass-to-methanol,3726.48574
capital,Link,DE0 5,electricity distribution grid,616408086.07664
capital,Link,DE0 5,gas DRI,2064.75044
capital,Link,DE0 5,gas pipeline,17413353.45327
capital,Link,DE0 5,heat100-200 industry electric boiler steam,425.27595
capital,Link,DE0 5,heat100-200 industry gas,10579218.06206
capital,Link,DE0 5,heat100-200 industry industrial heat pump high temperature,206805523.48129
capital,Link,DE0 5,heat100-200 industry solid biomass,854.58432
capital,Link,DE0 5,heat200-500 industry gas,956251.06471
capital,Link,DE0 5,heat200-500 industry hydrogen,79.96422
capital,Link,DE0 5,heat200-500 industry solid biomass,14391666.44559
capital,Link,DE0 5,heat<100 industry electric boiler steam,397.82861
capital,Link,DE0 5,heat<100 industry gas,7732899.39685
capital,Link,DE0 5,heat<100 industry industrial heat pump medium temperature,133129494.95225
capital,Link,DE0 5,heat<100 industry solid biomass,869.40475
capital,Link,DE0 5,heat>500 industry gas,2833193.35571
capital,Link,DE0 5,heat>500 industry hydrogen,162.47272
capital,Link,DE0 5,home battery charger,4246.09652
capital,Link,DE0 5,methanolisation,7283.04906
capital,Link,DE0 5,rural air heat pump,5065.83577
capital,Link,DE0 5,rural biomass boiler,234001503.84743
capital,Link,DE0 5,rural gas boiler,685422121.02907
capital,Link,DE0 5,rural ground heat pump,279745686.27197
capital,Link,DE0 5,rural resistive heater,7734010.21492
capital,Link,DE0 5,urban central air heat pump,48230373.59217
capital,Link,DE0 5,urban central gas CHP,2045.10312
capital,Link,DE0 5,urban central gas boiler,27860791.15756
capital,Link,DE0 5,urban central resistive heater,7786053.75522
capital,Link,DE0 5,urban central solid biomass CHP,198740880.90914
capital,Link,DE0 5,urban central solid biomass CHP CC,12183.71714
capital,Link,DE0 5,urban decentral air heat pump,109358802.9707
capital,Link,DE0 5,urban decentral biomass boiler,326041587.55027
capital,Link,DE0 5,urban decentral gas boiler,955020001.18809
capital,Link,DE0 5,urban decentral resistive heater,8219695.67688
capital,Link,DE0 5,waste CHP,5587.13229
capital,Link,DK0 0,CO2 pipeline,13674.95359
capital,Link,DK0 0,Combined-Cycle Gas,81231901.23134
capital,Link,DK0 0,DC,180332203.15189
capital,Link,DK0 0,H2 Electrolysis,11390.76418
capital,Link,DK0 0,Haber-Bosch,28171.11245
capital,Link,DK0 0,Open-Cycle Gas,1389.41384
capital,Link,DK0 0,SMR,43005.22127
capital,Link,DK0 0,Sabatier,814.07974
capital,Link,DK0 0,battery charger,5910.96215
capital,Link,DK0 0,biogas to gas,170824776.44313
capital,Link,DK0 0,biomass to liquid,2289.96388
capital,Link,DK0 0,biomass-to-methanol,4422.70512
capital,Link,DK0 0,electricity distribution grid,236392807.90294
capital,Link,DK0 0,gas pipeline,42660271.15443
capital,Link,DK0 0,gas pipeline new,2097747.16272
capital,Link,DK0 0,heat100-200 industry electric boiler steam,263.92936
capital,Link,DK0 0,heat100-200 industry gas,1147239.88567
capital,Link,DK0 0,heat100-200 industry industrial heat pump high temperature,22425130.02964
capital,Link,DK0 0,heat100-200 industry solid biomass,861.20921
capital,Link,DK0 0,heat200-500 industry gas,104866.51141
capital,Link,DK0 0,heat200-500 industry hydrogen,61.83789
capital,Link,DK0 0,heat200-500 industry solid biomass,1578184.01605
capital,Link,DK0 0,heat<100 industry electric boiler steam,259.7173
capital,Link,DK0 0,heat<100 industry gas,979807.22003
capital,Link,DK0 0,heat<100 industry industrial heat pump medium temperature,16867139.83839
capital,Link,DK0 0,heat<100 industry solid biomass,929.90784
capital,Link,DK0 0,heat>500 industry gas,295790.73847
capital,Link,DK0 0,heat>500 industry hydrogen,89.95106
capital,Link,DK0 0,home battery charger,4899.66676
capital,Link,DK0 0,methanolisation,27052.36394
capital,Link,DK0 0,rural air heat pump,10002.01486
capital,Link,DK0 0,rural biomass boiler,33101606.15028
capital,Link,DK0 0,rural gas boiler,21672343.61559
capital,Link,DK0 0,rural ground heat pump,147002292.65209
capital,Link,DK0 0,rural resistive heater,1318812.09832
capital,Link,DK0 0,urban central air heat pump,209993546.03149
capital,Link,DK0 0,urban central gas CHP,1705.80744
capital,Link,DK0 0,urban central gas boiler,31630970.63657
capital,Link,DK0 0,urban central resistive heater,1985036.74185
capital,Link,DK0 0,urban central solid biomass CHP,65510655.98119
capital,Link,DK0 0,urban central solid biomass CHP CC,13348.68054
capital,Link,DK0 0,urban decentral air heat pump,211827733.01703
capital,Link,DK0 0,urban decentral biomass boiler,166910189.34718
capital,Link,DK0 0,urban decentral gas boiler,109279741.89688
capital,Link,DK0 0,urban decentral resistive heater,8840460.37433
capital,Link,DK0 0,waste CHP,2886.36643
capital,Link,DK1 0,CO2 pipeline,3062.53743
capital,Link,DK1 0,Combined-Cycle Gas,108770596.20329
capital,Link,DK1 0,DC,20024525.49238
capital,Link,DK1 0,H2 Electrolysis,13952.83079
capital,Link,DK1 0,Haber-Bosch,179426438.69844
capital,Link,DK1 0,Open-Cycle Gas,1382.35596
capital,Link,DK1 0,SMR,114566784.03256
capital,Link,DK1 0,Sabatier,807.47634
capital,Link,DK1 0,battery charger,5031.88949
capital,Link,DK1 0,biogas to gas,51225833.75342
capital,Link,DK1 0,biomass to liquid,1741.6808
capital,Link,DK1 0,biomass-to-methanol,2980.97174
capital,Link,DK1 0,electricity distribution grid,171341306.60683
capital,Link,DK1 0,heat100-200 industry electric boiler steam,273.70873
capital,Link,DK1 0,heat100-200 industry gas,502304.34915
capital,Link,DK1 0,heat100-200 industry industrial heat pump high temperature,9818498.62773
capital,Link,DK1 0,heat100-200 industry solid biomass,389.86792
capital,Link,DK1 0,heat200-500 industry gas,62025.66687
capital,Link,DK1 0,heat200-500 industry hydrogen,99.42884
capital,Link,DK1 0,heat200-500 industry solid biomass,1484.58015
capital,Link,DK1 0,heat<100 industry electric boiler steam,281.43945
capital,Link,DK1 0,heat<100 industry gas,458893.79554
capital,Link,DK1 0,heat<100 industry industrial heat pump medium temperature,7899803.33738
capital,Link,DK1 0,heat<100 industry solid biomass,402.82706
capital,Link,DK1 0,heat>500 industry gas,31582.96687
capital,Link,DK1 0,heat>500 industry hydrogen,118.00089
capital,Link,DK1 0,home battery charger,5565.53186
capital,Link,DK1 0,methanolisation,57291.92492
capital,Link,DK1 0,rural air heat pump,10109.42736
capital,Link,DK1 0,rural biomass boiler,13346304.31157
capital,Link,DK1 0,rural gas boiler,8738116.56526
capital,Link,DK1 0,rural ground heat pump,76627229.42983
capital,Link,DK1 0,rural resistive heater,592471.06997
capital,Link,DK1 0,urban central air heat pump,104838932.00799
capital,Link,DK1 0,urban central gas CHP,1709.06738
capital,Link,DK1 0,urban central gas boiler,22620305.3792
capital,Link,DK1 0,urban central resistive heater,1688938.4255
capital,Link,DK1 0,urban central solid biomass CHP,2005.30348
capital,Link,DK1 0,urban central solid biomass CHP CC,3102.38433
capital,Link,DK1 0,urban decentral air heat pump,144104453.55711
capital,Link,DK1 0,urban decentral biomass boiler,115903953.03065
capital,Link,DK1 0,urban decentral gas boiler,75884846.34495
capital,Link,DK1 0,urban decentral resistive heater,6352325.12586
capital,Link,DK1 0,waste CHP,2694.73142
capital,Link,EE0 0,CO2 pipeline,5999.47494
capital,Link,EE0 0,Combined-Cycle Gas,22634293.15104
capital,Link,EE0 0,DC,45728772.79243
capital,Link,EE0 0,H2 Electrolysis,4637.27352
capital,Link,EE0 0,Haber-Bosch,8462.72872
capital,Link,EE0 0,Open-Cycle Gas,1386.22739
capital,Link,EE0 0,SMR,10480221.98348
capital,Link,EE0 0,Sabatier,818.21483
capital,Link,EE0 0,battery charger,4348.83952
capital,Link,EE0 0,biogas to gas,29995795.9064
capital,Link,EE0 0,biomass to liquid,151695877.56117
capital,Link,EE0 0,biomass-to-methanol,6233.15158
capital,Link,EE0 0,electricity distribution grid,81515596.48379
capital,Link,EE0 0,gas pipeline new,1704863.19086
capital,Link,EE0 0,heat100-200 industry electric boiler steam,305.55239
capital,Link,EE0 0,heat100-200 industry gas,390686.70126
capital,Link,EE0 0,heat100-200 industry industrial heat pump high temperature,8513.3542
capital,Link,EE0 0,heat100-200 industry solid biomass,6265483.83935
capital,Link,EE0 0,heat200-500 industry gas,25178.14242
capital,Link,EE0 0,heat200-500 industry hydrogen,70.87765
capital,Link,EE0 0,heat200-500 industry solid biomass,378904.79029
capital,Link,EE0 0,heat<100 industry electric boiler steam,311.51397
capital,Link,EE0 0,heat<100 industry gas,353480.27899
capital,Link,EE0 0,heat<100 industry industrial heat pump medium temperature,4751.79734
capital,Link,EE0 0,heat<100 industry solid biomass,5670610.66832
capital,Link,EE0 0,heat>500 industry gas,35777.53522
capital,Link,EE0 0,heat>500 industry hydrogen,114.53303
capital,Link,EE0 0,home battery charger,7428.71482
capital,Link,EE0 0,methanolisation,8980462.03186
capital,Link,EE0 0,rural air heat pump,3405.29387
capital,Link,EE0 0,rural biomass boiler,116113701.34955
capital,Link,EE0 0,rural gas boiler,8170029.12065
capital,Link,EE0 0,rural ground heat pump,81582086.22252
capital,Link,EE0 0,rural resistive heater,1113116.74873
capital,Link,EE0 0,urban central air heat pump,4944.70505
capital,Link,EE0 0,urban central gas CHP,1622.56034
capital,Link,EE0 0,urban central gas boiler,8252116.04316
capital,Link,EE0 0,urban central resistive heater,2519639.82032
capital,Link,EE0 0,urban central solid biomass CHP,79875884.99714
capital,Link,EE0 0,urban central solid biomass CHP CC,21277938.25112
capital,Link,EE0 0,urban decentral air heat pump,79927902.04914
capital,Link,EE0 0,urban decentral biomass boiler,120646504.9343
capital,Link,EE0 0,urban decentral gas boiler,8488967.68565
capital,Link,EE0 0,urban decentral resistive heater,3344092.69993
capital,Link,EE0 0,waste CHP,2491.42926
capital,Link,ES0 0,CO2 pipeline,12889.49099
capital,Link,ES0 0,Combined-Cycle Gas,1990311476.66349
capital,Link,ES0 0,DC,22990955.73546
capital,Link,ES0 0,EAF,2507.74915
capital,Link,ES0 0,H2 DRI,1854.7721
capital,Link,ES0 0,H2 Electrolysis,6066.87561
capital,Link,ES0 0,Haber-Bosch,18993.63482
capital,Link,ES0 0,Open-Cycle Gas,1399.85652
capital,Link,ES0 0,SMR,19572.38124
capital,Link,ES0 0,Sabatier,808.65039
capital,Link,ES0 0,battery charger,441004376.18701
capital,Link,ES0 0,biogas to gas,481205703.55209
capital,Link,ES0 0,biomass to liquid,1908.03085
capital,Link,ES0 0,biomass-to-methanol,3747.07973
capital,Link,ES0 0,electricity distribution grid,2202109885.60342
capital,Link,ES0 0,gas DRI,2164.4985
capital,Link,ES0 0,gas pipeline,16166939.51152
capital,Link,ES0 0,gas pipeline new,2621.96923
capital,Link,ES0 0,heat100-200 industry electric boiler steam,496.94491
capital,Link,ES0 0,heat100-200 industry gas,20414215.42394
capital,Link,ES0 0,heat100-200 industry industrial heat pump high temperature,399065697.67319
capital,Link,ES0 0,heat100-200 industry solid biomass,824.54859
capital,Link,ES0 0,heat200-500 industry gas,2176700.49097
capital,Link,ES0 0,heat200-500 industry hydrogen,106.83105
capital,Link,ES0 0,heat200-500 industry solid biomass,32759862.73438
capital,Link,ES0 0,heat<100 industry electric boiler steam,397.05499
capital,Link,ES0 0,heat<100 industry gas,6312815.32487
capital,Link,ES0 0,heat<100 industry industrial heat pump medium temperature,108681360.16141
capital,Link,ES0 0,heat<100 industry solid biomass,794.7408
capital,Link,ES0 0,heat>500 industry gas,6127598.50175
capital,Link,ES0 0,heat>500 industry hydrogen,176.28946
capital,Link,ES0 0,home battery charger,4378.7976
capital,Link,ES0 0,methanolisation,6940.82126
capital,Link,ES0 0,rural air heat pump,8707.93593
capital,Link,ES0 0,rural biomass boiler,150348546.93644
capital,Link,ES0 0,rural gas boiler,343717956.87443
capital,Link,ES0 0,rural ground heat pump,558123336.649
capital,Link,ES0 0,rural resistive heater,64678264.35787
capital,Link,ES0 0,urban central air heat pump,51528164.88045
capital,Link,ES0 0,urban central gas CHP,1853.45705
capital,Link,ES0 0,urban central gas boiler,19402665.25434
capital,Link,ES0 0,urban central resistive heater,3697346.02929
capital,Link,ES0 0,urban central solid biomass CHP,172968353.82693
capital,Link,ES0 0,urban central solid biomass CHP CC,13864.87166
capital,Link,ES0 0,urban decentral air heat pump,170033226.50351
capital,Link,ES0 0,urban decentral biomass boiler,401748551.47694
capital,Link,ES0 0,urban decentral gas boiler,918453780.26362
capital,Link,ES0 0,urban decentral resistive heater,170540829.25031
capital,Link,ES0 0,waste CHP,4880.51608
capital,Link,ES6 0,Combined-Cycle Gas,972177574.45503
capital,Link,ES6 0,H2 Electrolysis,78859.4614
capital,Link,ES6 0,Haber-Bosch,41261822.49883
capital,Link,ES6 0,Open-Cycle Gas,1368.9823
capital,Link,ES6 0,SMR,26321627.5706
capital,Link,ES6 0,Sabatier,763.71952
capital,Link,ES6 0,battery charger,4399.48546
capital,Link,ES6 0,biogas to gas,2786332.64141
capital,Link,ES6 0,biomass to liquid,1815.71726
capital,Link,ES6 0,biomass-to-methanol,3531.10893
capital,Link,ES6 0,electricity distribution grid,84856287.35605
capital,Link,ES6 0,gas pipeline,10706829.76057
capital,Link,ES6 0,gas pipeline new,1709390.62742
capital,Link,ES6 0,heat100-200 industry electric boiler steam,424.39076
capital,Link,ES6 0,heat100-200 industry gas,179839.24326
capital,Link,ES6 0,heat100-200 industry industrial heat pump high temperature,3514433.02856
capital,Link,ES6 0,heat100-200 industry solid biomass,610.50753
capital,Link,ES6 0,heat200-500 industry gas,16784.17837
capital,Link,ES6 0,heat200-500 industry hydrogen,95.97177
capital,Link,ES6 0,heat200-500 industry solid biomass,252575.55786
capital,Link,ES6 0,heat<100 industry electric boiler steam,448.78262
capital,Link,ES6 0,heat<100 industry gas,62021.68097
capital,Link,ES6 0,heat<100 industry industrial heat pump medium temperature,1066645.03679
capital,Link,ES6 0,heat<100 industry solid biomass,616.4141
capital,Link,ES6 0,heat>500 industry gas,14808.9205
capital,Link,ES6 0,heat>500 industry hydrogen,125.79842
capital,Link,ES6 0,home battery charger,6528.01191
capital,Link,ES6 0,methanolisation,8961.33223
capital,Link,ES6 0,rural air heat pump,17995.77933
capital,Link,ES6 0,rural biomass boiler,2284593.40544
capital,Link,ES6 0,rural gas boiler,5222902.33998
capital,Link,ES6 0,rural ground heat pump,7800764.17983
capital,Link,ES6 0,rural resistive heater,980354.99965
capital,Link,ES6 0,urban central air heat pump,6963.50296
capital,Link,ES6 0,urban central gas CHP,1530.24953
capital,Link,ES6 0,urban central gas boiler,878469.50541
capital,Link,ES6 0,urban central resistive heater,152813.31996
capital,Link,ES6 0,urban central solid biomass CHP,2054.34704
capital,Link,ES6 0,urban central solid biomass CHP CC,3254.14512
capital,Link,ES6 0,urban decentral air heat pump,6071378.25204
capital,Link,ES6 0,urban decentral biomass boiler,16331849.79431
capital,Link,ES6 0,urban decentral gas boiler,37336909.18644
capital,Link,ES6 0,urban decentral resistive heater,6936742.84175
capital,Link,ES6 0,waste CHP,2048.79027
capital,Link,EU,BOF,15784809881.57242
capital,Link,EU,OCGT methanol,66768.14931
capital,Link,EU,ammonia cracker,74852.75109
capital,Link,EU,coal,20296298128.50001
capital,Link,EU,lignite,17957035771.12268
capital,Link,EU,nuclear,76509097852.66687
capital,Link,EU,oil,67620.09317
capital,Link,EU,rural oil boiler,1283100906.1847
capital,Link,EU,urban decentral oil boiler,2788316961.51102
capital,Link,FI1 0,CO2 pipeline,6348.06896
capital,Link,FI1 0,Combined-Cycle Gas,283934151.99382
capital,Link,FI1 0,DC,39460326.07501
capital,Link,FI1 0,EAF,2439.47535
capital,Link,FI1 0,H2 DRI,1863.63138
capital,Link,FI1 0,H2 Electrolysis,3758.55597
capital,Link,FI1 0,Haber-Bosch,20495278.31061
capital,Link,FI1 0,Open-Cycle Gas,1378.97541
capital,Link,FI1 0,SMR,141275977.98562
capital,Link,FI1 0,Sabatier,812.60766
capital,Link,FI1 0,battery charger,4161.72224
capital,Link,FI1 0,biogas to gas,79629537.17327
capital,Link,FI1 0,biomass to liquid,2412.13953
capital,Link,FI1 0,biomass-to-methanol,4372.07862
capital,Link,FI1 0,electricity distribution grid,802665153.74767
capital,Link,FI1 0,gas DRI,2072.46909
capital,Link,FI1 0,heat100-200 industry electric boiler steam,322.96237
capital,Link,FI1 0,heat100-200 industry gas,1643325.73522
capital,Link,FI1 0,heat100-200 industry industrial heat pump high temperature,32122647.22735
capital,Link,FI1 0,heat100-200 industry solid biomass,1116.27822
capital,Link,FI1 0,heat200-500 industry gas,316662.89115
capital,Link,FI1 0,heat200-500 industry hydrogen,58.61148
capital,Link,FI1 0,heat200-500 industry solid biomass,4765781.37365
capital,Link,FI1 0,heat<100 industry electric boiler steam,511.05492
capital,Link,FI1 0,heat<100 industry gas,8594838.88814
capital,Link,FI1 0,heat<100 industry industrial heat pump medium temperature,147968797.09474
capital,Link,FI1 0,heat<100 industry solid biomass,1213.96955
capital,Link,FI1 0,heat>500 industry gas,302083.46819
capital,Link,FI1 0,heat>500 industry hydrogen,89.02795
capital,Link,FI1 0,home battery charger,7085.8968
capital,Link,FI1 0,methanolisation,109899108.32334
capital,Link,FI1 0,rural air heat pump,3777.72572
capital,Link,FI1 0,rural biomass boiler,177969373.67851
capital,Link,FI1 0,rural gas boiler,14406368.77557
capital,Link,FI1 0,rural ground heat pump,489134534.11414
capital,Link,FI1 0,rural resistive heater,20778317.42349
capital,Link,FI1 0,urban central air heat pump,6517.05604
capital,Link,FI1 0,urban central gas CHP,1634.01893
capital,Link,FI1 0,urban central gas boiler,67841515.89622
capital,Link,FI1 0,urban central resistive heater,12906451.38168
capital,Link,FI1 0,urban central solid biomass CHP,503477615.78084
capital,Link,FI1 0,urban central solid biomass CHP CC,259968420.49321
capital,Link,FI1 0,urban decentral air heat pump,728179123.47128
capital,Link,FI1 0,urban decentral biomass boiler,607077252.34148
capital,Link,FI1 0,urban decentral gas boiler,24404915.60317
capital,Link,FI1 0,urban decentral resistive heater,82029809.2515
capital,Link,FI1 0,waste CHP,3295.61084
capital,Link,FR0 0,CO2 pipeline,14129.8102
capital,Link,FR0 0,Combined-Cycle Gas,373569509.20132
capital,Link,FR0 0,EAF,2549.13414
capital,Link,FR0 0,H2 DRI,1872.32517
capital,Link,FR0 0,H2 Electrolysis,6109.89674
capital,Link,FR0 0,Haber-Bosch,277384685.15798
capital,Link,FR0 0,Open-Cycle Gas,1389.41584
capital,Link,FR0 0,SMR,177041221.31901
capital,Link,FR0 0,Sabatier,816.09754
capital,Link,FR0 0,battery charger,4774.22355
capital,Link,FR0 0,biogas to gas,367822336.97738
capital,Link,FR0 0,biomass to liquid,1889.22787
capital,Link,FR0 0,biomass-to-methanol,3534.79215
capital,Link,FR0 0,electricity distribution grid,1808541054.55054
capital,Link,FR0 0,gas DRI,2192.93087
capital,Link,FR0 0,gas pipeline,68453861.2305
capital,Link,FR0 0,heat100-200 industry electric boiler steam,486.92619
capital,Link,FR0 0,heat100-200 industry gas,9593222.51456
capital,Link,FR0 0,heat100-200 industry industrial heat pump high temperature,187531119.44215
capital,Link,FR0 0,heat100-200 industry solid biomass,687.31913
capital,Link,FR0 0,heat200-500 industry gas,866083.97487
capital,Link,FR0 0,heat200-500 industry hydrogen,79.70888
capital,Link,FR0 0,heat200-500 industry solid biomass,13034549.85201
capital,Link,FR0 0,heat<100 industry electric boiler steam,427.78513
capital,Link,FR0 0,heat<100 industry gas,6740729.26529
capital,Link,FR0 0,heat<100 industry industrial heat pump medium temperature,116047940.23201
capital,Link,FR0 0,heat<100 industry solid biomass,666.92892
capital,Link,FR0 0,heat>500 industry gas,2051006.49053
capital,Link,FR0 0,heat>500 industry hydrogen,144.25378
capital,Link,FR0 0,home battery charger,18597.28508
capital,Link,FR0 0,methanolisation,12982.34928
capital,Link,FR0 0,rural air heat pump,7538.30506
capital,Link,FR0 0,rural biomass boiler,136134288.19701
capital,Link,FR0 0,rural gas boiler,167895791.40835
capital,Link,FR0 0,rural ground heat pump,600717111.56939
capital,Link,FR0 0,rural resistive heater,25213115.62821
capital,Link,FR0 0,urban central air heat pump,223498018.83629
capital,Link,FR0 0,urban central gas CHP,1949.95284
capital,Link,FR0 0,urban central gas boiler,86084145.75169
capital,Link,FR0 0,urban central resistive heater,4600342.22295
capital,Link,FR0 0,urban central solid biomass CHP,79322126.10389
capital,Link,FR0 0,urban central solid biomass CHP CC,6066.97199
capital,Link,FR0 0,urban decentral air heat pump,2449003190.89582
capital,Link,FR0 0,urban decentral biomass boiler,980162562.94722
capital,Link,FR0 0,urban decentral gas boiler,1208844380.01913
capital,Link,FR0 0,urban decentral resistive heater,188555892.30294
capital,Link,FR0 0,waste CHP,5600.78059
capital,Link,FR0 1,CO2 pipeline,8014.36729
capital,Link,FR0 1,Combined-Cycle Gas,245413970.36306
capital,Link,FR0 1,EAF,2518.82503
capital,Link,FR0 1,H2 DRI,1855.54294
capital,Link,FR0 1,H2 Electrolysis,5322.95409
capital,Link,FR0 1,Haber-Bosch,60035.84442
capital,Link,FR0 1,Open-Cycle Gas,1390.28786
capital,Link,FR0 1,SMR,51069.82729
capital,Link,FR0 1,Sabatier,819.13351
capital,Link,FR0 1,battery charger,5307.26466
capital,Link,FR0 1,biogas to gas,99603342.92446
capital,Link,FR0 1,biomass to liquid,1854.88506
capital,Link,FR0 1,biomass-to-methanol,3352.51229
capital,Link,FR0 1,electricity distribution grid,1081239796.95573
capital,Link,FR0 1,gas DRI,2176.33853
capital,Link,FR0 1,gas pipeline,21926857.87791
capital,Link,FR0 1,heat100-200 industry electric boiler steam,394.1296
capital,Link,FR0 1,heat100-200 industry gas,6312814.95244
capital,Link,FR0 1,heat100-200 industry industrial heat pump high temperature,123404232.15495
capital,Link,FR0 1,heat100-200 industry solid biomass,583.1111
capital,Link,FR0 1,heat200-500 industry gas,639593.57129
capital,Link,FR0 1,heat200-500 industry hydrogen,78.39186
capital,Link,FR0 1,heat200-500 industry solid biomass,9625982.0011
capital,Link,FR0 1,heat<100 industry electric boiler steam,362.60334
capital,Link,FR0 1,heat<100 industry gas,4843175.38129
capital,Link,FR0 1,heat<100 industry industrial heat pump medium temperature,83379302.45394
capital,Link,FR0 1,heat<100 industry solid biomass,570.26986
capital,Link,FR0 1,heat>500 industry gas,1939864.27607
capital,Link,FR0 1,heat>500 industry hydrogen,141.26491
capital,Link,FR0 1,home battery charger,15803.42735
capital,Link,FR0 1,methanolisation,11630.50442
capital,Link,FR0 1,rural air heat pump,7937.91852
capital,Link,FR0 1,rural biomass boiler,112752538.95144
capital,Link,FR0 1,rural gas boiler,139058844.11102
capital,Link,FR0 1,rural ground heat pump,417293516.7885
capital,Link,FR0 1,rural resistive heater,21567363.99875
capital,Link,FR0 1,urban central air heat pump,158736981.79838
capital,Link,FR0 1,urban central gas CHP,1886.13942
capital,Link,FR0 1,urban central gas boiler,42088729.88801
capital,Link,FR0 1,urban central resistive heater,29476.83505
capital,Link,FR0 1,urban central solid biomass CHP,17837.88621
capital,Link,FR0 1,urban central solid biomass CHP CC,5788.45119
capital,Link,FR0 1,urban decentral air heat pump,1233200382.63281
capital,Link,FR0 1,urban decentral biomass boiler,470247529.49717
capital,Link,FR0 1,urban decentral gas boiler,579961023.54824
capital,Link,FR0 1,urban decentral resistive heater,90236481.05931
capital,Link,FR0 1,waste CHP,6641.45462
capital,Link,FR0 2,CO2 pipeline,3315.0742
capital,Link,FR0 2,Combined-Cycle Gas,17206456.2164
capital,Link,FR0 2,DC,78516758.93583
capital,Link,FR0 2,H2 Electrolysis,5504.73929
capital,Link,FR0 2,Haber-Bosch,7916.13386
capital,Link,FR0 2,Open-Cycle Gas,1389.34051
capital,Link,FR0 2,SMR,18460.71604
capital,Link,FR0 2,Sabatier,817.28878
capital,Link,FR0 2,battery charger,4916.96764
capital,Link,FR0 2,biogas to gas,180583780.24099
capital,Link,FR0 2,biomass to liquid,7675.06771
capital,Link,FR0 2,biomass-to-methanol,6141.73552
capital,Link,FR0 2,electricity distribution grid,750834993.33492
capital,Link,FR0 2,gas pipeline,64004471.04187
capital,Link,FR0 2,heat100-200 industry electric boiler steam,318.10822
capital,Link,FR0 2,heat100-200 industry gas,3534699.95805
capital,Link,FR0 2,heat100-200 industry industrial heat pump high temperature,4729.95816
capital,Link,FR0 2,heat100-200 industry solid biomass,56744053.40153
capital,Link,FR0 2,heat200-500 industry gas,320855.00556
capital,Link,FR0 2,heat200-500 industry hydrogen,50.45082
capital,Link,FR0 2,heat200-500 industry solid biomass,4828916.39305
capital,Link,FR0 2,heat<100 industry electric boiler steam,274.79051
capital,Link,FR0 2,heat<100 industry gas,2232446.58797
capital,Link,FR0 2,heat<100 industry industrial heat pump medium temperature,2668.08326
capital,Link,FR0 2,heat<100 industry solid biomass,35838324.81106
capital,Link,FR0 2,heat>500 industry gas,843119.44856
capital,Link,FR0 2,heat>500 industry hydrogen,107.00281
capital,Link,FR0 2,home battery charger,17778.52488
capital,Link,FR0 2,methanolisation,12369.38783
capital,Link,FR0 2,rural air heat pump,7311.31482
capital,Link,FR0 2,rural biomass boiler,327709430.24644
capital,Link,FR0 2,rural gas boiler,404167347.34442
capital,Link,FR0 2,rural ground heat pump,802782027.96103
capital,Link,FR0 2,rural resistive heater,65959986.841
capital,Link,FR0 2,urban central air heat pump,4592.67946
capital,Link,FR0 2,urban central gas CHP,1825.86204
capital,Link,FR0 2,urban central gas boiler,14694203.07024
capital,Link,FR0 2,urban central resistive heater,2181408.7869
capital,Link,FR0 2,urban central solid biomass CHP,187834062.21874
capital,Link,FR0 2,urban central solid biomass CHP CC,74109.63878
capital,Link,FR0 2,urban decentral air heat pump,868924044.53986
capital,Link,FR0 2,urban decentral biomass boiler,217137873.43189
capital,Link,FR0 2,urban decentral gas boiler,267798330.51181
capital,Link,FR0 2,urban decentral resistive heater,40479627.612
capital,Link,FR0 2,waste CHP,3051.56098
capital,Link,FR0 3,CO2 pipeline,5321.30995
capital,Link,FR0 3,Combined-Cycle Gas,169652379.5687
capital,Link,FR0 3,DC,49492073.28417
capital,Link,FR0 3,H2 Electrolysis,6893.19743
capital,Link,FR0 3,Haber-Bosch,19130204.19671
capital,Link,FR0 3,Open-Cycle Gas,1389.93014
capital,Link,FR0 3,SMR,12227479.6013
capital,Link,FR0 3,Sabatier,815.61537
capital,Link,FR0 3,battery charger,4749.42685
capital,Link,FR0 3,biogas to gas,409102404.79271
capital,Link,FR0 3,biomass to liquid,2073.76417
capital,Link,FR0 3,biomass-to-methanol,4094.21251
capital,Link,FR0 3,electricity distribution grid,777682316.9379
capital,Link,FR0 3,gas pipeline,21884890.96173
capital,Link,FR0 3,heat100-200 industry electric boiler steam,339.42331
capital,Link,FR0 3,heat100-200 industry gas,3435474.73404
capital,Link,FR0 3,heat100-200 industry industrial heat pump high temperature,67156533.61785
capital,Link,FR0 3,heat100-200 industry solid biomass,726.14904
capital,Link,FR0 3,heat200-500 industry gas,289402.77857
capital,Link,FR0 3,heat200-500 industry hydrogen,57.95223
capital,Link,FR0 3,heat200-500 industry solid biomass,4355482.96852
capital,Link,FR0 3,heat<100 industry electric boiler steam,316.34128
capital,Link,FR0 3,heat<100 industry gas,2536379.27843
capital,Link,FR0 3,heat<100 industry industrial heat pump medium temperature,43664179.37057
capital,Link,FR0 3,heat<100 industry solid biomass,731.39483
capital,Link,FR0 3,heat>500 industry gas,752947.08982
capital,Link,FR0 3,heat>500 industry hydrogen,103.56821
capital,Link,FR0 3,home battery charger,18459.67716
capital,Link,FR0 3,methanolisation,17129.3351
capital,Link,FR0 3,rural air heat pump,8338.26149
capital,Link,FR0 3,rural biomass boiler,108854511.3977
capital,Link,FR0 3,rural gas boiler,134251367.39274
capital,Link,FR0 3,rural ground heat pump,363714028.90842
capital,Link,FR0 3,rural resistive heater,20897156.46848
capital,Link,FR0 3,urban central air heat pump,31366524.65329
capital,Link,FR0 3,urban central gas CHP,1862.12464
capital,Link,FR0 3,urban central gas boiler,31477298.79087
capital,Link,FR0 3,urban central resistive heater,6270568.0092
capital,Link,FR0 3,urban central solid biomass CHP,163813843.70717
capital,Link,FR0 3,urban central solid biomass CHP CC,10869.18854
capital,Link,FR0 3,urban decentral air heat pump,1099350126.13702
capital,Link,FR0 3,urban decentral biomass boiler,415638409.3504
capital,Link,FR0 3,urban decentral gas boiler,512611044.59299
capital,Link,FR0 3,urban decentral resistive heater,79157086.24546
capital,Link,FR0 3,waste CHP,4051.91588
capital,Link,FR0 4,CO2 pipeline,2698.37392
capital,Link,FR0 4,Combined-Cycle Gas,128156288.87653
capital,Link,FR0 4,H2 Electrolysis,6610.95701
capital,Link,FR0 4,Haber-Bosch,7290.58844
capital,Link,FR0 4,Open-Cycle Gas,1385.84437
capital,Link,FR0 4,SMR,17335.65543
capital,Link,FR0 4,Sabatier,815.2198
capital,Link,FR0 4,battery charger,5151.64024
capital,Link,FR0 4,biogas to gas,154996029.5407
capital,Link,FR0 4,biomass to liquid,3880.29881
capital,Link,FR0 4,biomass-to-methanol,5665.56503
capital,Link,FR0 4,electricity distribution grid,563075154.7397
capital,Link,FR0 4,gas pipeline,93289786.40961
capital,Link,FR0 4,heat100-200 industry electric boiler steam,366.99566
capital,Link,FR0 4,heat100-200 industry gas,4979579.41386
capital,Link,FR0 4,heat100-200 industry industrial heat pump high temperature,97337561.86082
capital,Link,FR0 4,heat100-200 industry solid biomass,3890.80787
capital,Link,FR0 4,heat200-500 industry gas,390054.82588
capital,Link,FR0 4,heat200-500 industry hydrogen,52.56058
capital,Link,FR0 4,heat200-500 industry solid biomass,5870399.10911
capital,Link,FR0 4,heat<100 industry electric boiler steam,322.32813
capital,Link,FR0 4,heat<100 industry gas,3348633.19059
capital,Link,FR0 4,heat<100 industry industrial heat pump medium temperature,34324481.97272
capital,Link,FR0 4,heat<100 industry solid biomass,21752899.16231
capital,Link,FR0 4,heat>500 industry gas,1407220.5254
capital,Link,FR0 4,heat>500 industry hydrogen,125.97138
capital,Link,FR0 4,home battery charger,15212.05406
capital,Link,FR0 4,methanolisation,12239.44005
capital,Link,FR0 4,rural air heat pump,6791.94446
capital,Link,FR0 4,rural biomass boiler,171871655.89474
capital,Link,FR0 4,rural gas boiler,211971047.62725
capital,Link,FR0 4,rural ground heat pump,470598004.66241
capital,Link,FR0 4,rural resistive heater,34403815.11789
capital,Link,FR0 4,urban central air heat pump,4214.65443
capital,Link,FR0 4,urban central gas CHP,1800.7351
capital,Link,FR0 4,urban central gas boiler,10694295.23263
capital,Link,FR0 4,urban central resistive heater,2393995.65083
capital,Link,FR0 4,urban central solid biomass CHP,156115765.93971
capital,Link,FR0 4,urban central solid biomass CHP CC,21230.37903
capital,Link,FR0 4,urban decentral air heat pump,619542742.88733
capital,Link,FR0 4,urban decentral biomass boiler,177380645.52345
capital,Link,FR0 4,urban decentral gas boiler,218765340.12934
capital,Link,FR0 4,urban decentral resistive heater,33657877.43281
capital,Link,FR0 4,waste CHP,3108.08701
capital,Link,FR5 0,CO2 pipeline,6121.33172
capital,Link,FR5 0,Combined-Cycle Gas,24206151.06855
capital,Link,FR5 0,DC,11220855.84172
capital,Link,FR5 0,H2 Electrolysis,4847.42075
capital,Link,FR5 0,Haber-Bosch,3895.16481
capital,Link,FR5 0,Open-Cycle Gas,1405.04583
capital,Link,FR5 0,SMR,7880.83271
capital,Link,FR5 0,Sabatier,800.07015
capital,Link,FR5 0,battery charger,15787919.37532
capital,Link,FR5 0,biogas to gas,1972300.019
capital,Link,FR5 0,biomass to liquid,1811.65816
capital,Link,FR5 0,biomass-to-methanol,3355.84065
capital,Link,FR5 0,electricity distribution grid,40020132.12009
capital,Link,FR5 0,gas pipeline new,8985336.30038
capital,Link,FR5 0,heat100-200 industry electric boiler steam,299.64146
capital,Link,FR5 0,heat100-200 industry gas,55814.10405
capital,Link,FR5 0,heat100-200 industry industrial heat pump high temperature,1089977.61933
capital,Link,FR5 0,heat100-200 industry solid biomass,740.98136
capital,Link,FR5 0,heat200-500 industry gas,6303.63365
capital,Link,FR5 0,heat200-500 industry hydrogen,97.78776
capital,Link,FR5 0,heat200-500 industry solid biomass,94673.57058
capital,Link,FR5 0,heat<100 industry electric boiler steam,307.16601
capital,Link,FR5 0,heat<100 industry gas,43422.1109
capital,Link,FR5 0,heat<100 industry industrial heat pump medium temperature,746426.19931
capital,Link,FR5 0,heat<100 industry solid biomass,766.83048
capital,Link,FR5 0,heat>500 industry gas,2211.08614
capital,Link,FR5 0,heat>500 industry hydrogen,110.81837
capital,Link,FR5 0,home battery charger,448669.76665
capital,Link,FR5 0,methanolisation,4989.06287
capital,Link,FR5 0,rural air heat pump,12551.12739
capital,Link,FR5 0,rural biomass boiler,19552049.29846
capital,Link,FR5 0,rural gas boiler,24113739.70582
capital,Link,FR5 0,rural ground heat pump,42678569.72065
capital,Link,FR5 0,rural resistive heater,3995309.17704
capital,Link,FR5 0,urban decentral air heat pump,1919.92085
capital,Link,FR5 0,urban decentral biomass boiler,1568.18933
capital,Link,FR5 0,urban decentral gas boiler,1509.35726
capital,Link,FR5 0,urban decentral resistive heater,1454.16617
capital,Link,FR5 0,waste CHP,1828.7179
capital,Link,GB2 0,CO2 pipeline,11838.95583
capital,Link,GB2 0,Combined-Cycle Gas,521404302.45961
capital,Link,GB2 0,DC,21181658.5042
capital,Link,GB2 0,H2 Electrolysis,8043.59606
capital,Link,GB2 0,Haber-Bosch,61142307.93501
capital,Link,GB2 0,Open-Cycle Gas,1389.4108
capital,Link,GB2 0,SMR,39098361.39085
capital,Link,GB2 0,Sabatier,822.06391
capital,Link,GB2 0,battery charger,4648.27021
capital,Link,GB2 0,biogas to gas,365383186.00065
capital,Link,GB2 0,biomass to liquid,2412.11811
capital,Link,GB2 0,biomass-to-methanol,4864.88287
capital,Link,GB2 0,electricity distribution grid,1173963463.28844
capital,Link,GB2 0,gas pipeline,71839559.09284
capital,Link,GB2 0,gas pipeline new,2622.30526
capital,Link,GB2 0,heat100-200 industry electric boiler steam,499.49907
capital,Link,GB2 0,heat100-200 industry gas,9196421.14255
capital,Link,GB2 0,heat100-200 industry industrial heat pump high temperature,179772261.71914
capital,Link,GB2 0,heat100-200 industry solid biomass,1185.19951
capital,Link,GB2 0,heat200-500 industry gas,901736.96592
capital,Link,GB2 0,heat200-500 industry hydrogen,73.93795
capital,Link,GB2 0,heat200-500 industry solid biomass,13571017.56229
capital,Link,GB2 0,heat<100 industry electric boiler steam,438.37812
capital,Link,GB2 0,heat<100 industry gas,6560852.25403
capital,Link,GB2 0,heat<100 industry industrial heat pump medium temperature,112951343.06103
capital,Link,GB2 0,heat<100 industry solid biomass,1203.56022
capital,Link,GB2 0,heat>500 industry gas,1566594.93181
capital,Link,GB2 0,heat>500 industry hydrogen,129.89299
capital,Link,GB2 0,home battery charger,4342.02266
capital,Link,GB2 0,methanolisation,74458.43709
capital,Link,GB2 0,rural air heat pump,11146.56121
capital,Link,GB2 0,rural biomass boiler,14835335.98386
capital,Link,GB2 0,rural gas boiler,647217887.81018
capital,Link,GB2 0,rural ground heat pump,24488496.22806
capital,Link,GB2 0,rural resistive heater,25518287.83938
capital,Link,GB2 0,urban central air heat pump,80988738.1842
capital,Link,GB2 0,urban central gas CHP,1680.06308
capital,Link,GB2 0,urban central gas boiler,13446475.91008
capital,Link,GB2 0,urban central resistive heater,6982065.94945
capital,Link,GB2 0,urban central solid biomass CHP,163279553.40538
capital,Link,GB2 0,urban central solid biomass CHP CC,231011.7565
capital,Link,GB2 0,urban decentral air heat pump,52148379.09809
capital,Link,GB2 0,urban decentral biomass boiler,43286723.60598
capital,Link,GB2 0,urban decentral gas boiler,1888460217.75071
capital,Link,GB2 0,urban decentral resistive heater,73708015.52962
capital,Link,GB2 0,waste CHP,3744.13557
capital,Link,GB2 1,CO2 pipeline,2760.24849
capital,Link,GB2 1,Combined-Cycle Gas,2700242282.40225
capital,Link,GB2 1,DC,336043079.24158
capital,Link,GB2 1,EAF,2498.74804
capital,Link,GB2 1,H2 DRI,1836.20829
capital,Link,GB2 1,H2 Electrolysis,6880.00569
capital,Link,GB2 1,Haber-Bosch,23346271.51684
capital,Link,GB2 1,Open-Cycle Gas,1391.39009
capital,Link,GB2 1,SMR,14916811.7847
capital,Link,GB2 1,Sabatier,815.47571
capital,Link,GB2 1,battery charger,4699.51724
capital,Link,GB2 1,biogas to gas,572308348.24364
capital,Link,GB2 1,biomass to liquid,2171.86894
capital,Link,GB2 1,biomass-to-methanol,4375.83819
capital,Link,GB2 1,electricity distribution grid,1923416556.9534
capital,Link,GB2 1,gas DRI,2171.59254
capital,Link,GB2 1,gas pipeline,83822228.1183
capital,Link,GB2 1,heat100-200 industry electric boiler steam,520.77613
capital,Link,GB2 1,heat100-200 industry gas,10709436.62153
capital,Link,GB2 1,heat100-200 industry industrial heat pump high temperature,209350946.51188
capital,Link,GB2 1,heat100-200 industry solid biomass,983.56058
capital,Link,GB2 1,heat200-500 industry gas,1201607.76748
capital,Link,GB2 1,heat200-500 industry hydrogen,80.89153
capital,Link,GB2 1,heat200-500 industry solid biomass,18084242.68654
capital,Link,GB2 1,heat<100 industry electric boiler steam,462.22116
capital,Link,GB2 1,heat<100 industry gas,7794926.67095
capital,Link,GB2 1,heat<100 industry industrial heat pump medium temperature,134196935.72164
capital,Link,GB2 1,heat<100 industry solid biomass,975.17936
capital,Link,GB2 1,heat>500 industry gas,740363.92416
capital,Link,GB2 1,heat>500 industry hydrogen,103.46914
capital,Link,GB2 1,home battery charger,4328.13661
capital,Link,GB2 1,methanolisation,17634.06681
capital,Link,GB2 1,rural air heat pump,7086.46891
capital,Link,GB2 1,rural biomass boiler,15075217.47212
capital,Link,GB2 1,rural gas boiler,657683143.89383
capital,Link,GB2 1,rural ground heat pump,57039090.33174
capital,Link,GB2 1,rural resistive heater,16121875.47222
capital,Link,GB2 1,urban central air heat pump,306408246.82338
capital,Link,GB2 1,urban central gas CHP,1735.11433
capital,Link,GB2 1,urban central gas boiler,53860149.61865
capital,Link,GB2 1,urban central resistive heater,12028582.16722
capital,Link,GB2 1,urban central solid biomass CHP,179726595.05326
capital,Link,GB2 1,urban central solid biomass CHP CC,22244.9707
capital,Link,GB2 1,urban decentral air heat pump,124219764.75708
capital,Link,GB2 1,urban decentral biomass boiler,119606481.90485
capital,Link,GB2 1,urban decentral gas boiler,5218045258.36705
capital,Link,GB2 1,urban decentral resistive heater,122447007.51373
capital,Link,GB2 1,waste CHP,4150.19883
capital,Link,GB3 0,CO2 pipeline,4081.91974
capital,Link,GB3 0,Combined-Cycle Gas,366810676.41305
capital,Link,GB3 0,DC,16041627.32214
capital,Link,GB3 0,H2 Electrolysis,8842.64786
capital,Link,GB3 0,Haber-Bosch,8995.95332
capital,Link,GB3 0,Open-Cycle Gas,1392.95397
capital,Link,GB3 0,SMR,48491.72336
capital,Link,GB3 0,Sabatier,822.63567
capital,Link,GB3 0,battery charger,4495.59041
capital,Link,GB3 0,biogas to gas,61848710.74402
capital,Link,GB3 0,biomass to liquid,6301.5235
capital,Link,GB3 0,biomass-to-methanol,6268.82487
capital,Link,GB3 0,electricity distribution grid,107832560.98935
capital,Link,GB3 0,gas pipeline,6485038.20645
capital,Link,GB3 0,gas pipeline new,2635.01843
capital,Link,GB3 0,heat100-200 industry electric boiler steam,242.0791
capital,Link,GB3 0,heat100-200 industry gas,471296.09428
capital,Link,GB3 0,heat100-200 industry industrial heat pump high temperature,7864877.88664
capital,Link,GB3 0,heat100-200 industry solid biomass,1107734.90134
capital,Link,GB3 0,heat200-500 industry gas,54526.06713
capital,Link,GB3 0,heat200-500 industry hydrogen,65.15705
capital,Link,GB3 0,heat200-500 industry solid biomass,820737.51669
capital,Link,GB3 0,heat<100 industry electric boiler steam,246.15758
capital,Link,GB3 0,heat<100 industry gas,353480.28348
capital,Link,GB3 0,heat<100 industry industrial heat pump medium temperature,5707.25211
capital,Link,GB3 0,heat<100 industry solid biomass,5669872.55261
capital,Link,GB3 0,heat>500 industry gas,52551.05714
capital,Link,GB3 0,heat>500 industry hydrogen,106.88111
capital,Link,GB3 0,home battery charger,4334.35257
capital,Link,GB3 0,methanolisation,43072.79087
capital,Link,GB3 0,rural air heat pump,11617.76756
capital,Link,GB3 0,rural biomass boiler,3526067.39012
capital,Link,GB3 0,rural gas boiler,153830954.08085
capital,Link,GB3 0,rural ground heat pump,2020831.18443
capital,Link,GB3 0,rural resistive heater,6189915.10255
capital,Link,GB3 0,urban central air heat pump,9462.9493
capital,Link,GB3 0,urban central gas CHP,1685.18085
capital,Link,GB3 0,urban central gas boiler,372730.54461
capital,Link,GB3 0,urban central resistive heater,364786.83702
capital,Link,GB3 0,urban central solid biomass CHP,11245839.32201
capital,Link,GB3 0,urban central solid biomass CHP CC,152537.36924
capital,Link,GB3 0,urban decentral air heat pump,4196189.56069
capital,Link,GB3 0,urban decentral biomass boiler,1620567.17355
capital,Link,GB3 0,urban decentral gas boiler,70700121.94257
capital,Link,GB3 0,urban decentral resistive heater,2856401.98497
capital,Link,GB3 0,waste CHP,2449.61775
capital,Link,GR0 0,CO2 pipeline,6334.26194
capital,Link,GR0 0,Combined-Cycle Gas,812212501.5745
capital,Link,GR0 0,H2 Electrolysis,4930.71277
capital,Link,GR0 0,Haber-Bosch,17466.52098
capital,Link,GR0 0,Open-Cycle Gas,1395.43878
capital,Link,GR0 0,SMR,22318.25469
capital,Link,GR0 0,Sabatier,822.15073
capital,Link,GR0 0,battery charger,88817744.37696
capital,Link,GR0 0,biogas to gas,80720215.82952
capital,Link,GR0 0,biomass to liquid,2003.48702
capital,Link,GR0 0,biomass-to-methanol,3649.96266
capital,Link,GR0 0,electricity distribution grid,420187461.70948
capital,Link,GR0 0,gas pipeline new,16798.40975
capital,Link,GR0 0,heat100-200 industry electric boiler steam,267.50685
capital,Link,GR0 0,heat100-200 industry gas,1296067.98736
capital,Link,GR0 0,heat100-200 industry industrial heat pump high temperature,25334736.735
capital,Link,GR0 0,heat100-200 industry solid biomass,678.66387
capital,Link,GR0 0,heat200-500 industry gas,125833.54167
capital,Link,GR0 0,heat200-500 industry hydrogen,74.72537
capital,Link,GR0 0,heat200-500 industry solid biomass,1893750.82046
capital,Link,GR0 0,heat<100 industry electric boiler steam,298.53362
capital,Link,GR0 0,heat<100 industry gas,626326.80851
capital,Link,GR0 0,heat<100 industry industrial heat pump medium temperature,10781955.20304
capital,Link,GR0 0,heat<100 industry solid biomass,814.4399
capital,Link,GR0 0,heat>500 industry gas,752948.18851
capital,Link,GR0 0,heat>500 industry hydrogen,101.68211
capital,Link,GR0 0,home battery charger,6242.80091
capital,Link,GR0 0,methanolisation,10598.33914
capital,Link,GR0 0,rural air heat pump,10611.28994
capital,Link,GR0 0,rural biomass boiler,110693083.23505
capital,Link,GR0 0,rural gas boiler,24154654.19048
capital,Link,GR0 0,rural ground heat pump,88545518.15522
capital,Link,GR0 0,rural resistive heater,7936081.13914
capital,Link,GR0 0,urban central air heat pump,40050057.69904
capital,Link,GR0 0,urban central gas CHP,1772.09464
capital,Link,GR0 0,urban central gas boiler,11382121.0706
capital,Link,GR0 0,urban central resistive heater,1806840.68142
capital,Link,GR0 0,urban central solid biomass CHP,17853645.36822
capital,Link,GR0 0,urban central solid biomass CHP CC,8703.80497
capital,Link,GR0 0,urban decentral air heat pump,6674.05082
capital,Link,GR0 0,urban decentral biomass boiler,366606159.38552
capital,Link,GR0 0,urban decentral gas boiler,79998178.2534
capital,Link,GR0 0,urban decentral resistive heater,26283552.28102
capital,Link,GR0 0,waste CHP,5160.98156
capital,Link,HR0 0,CO2 pipeline,7999.87986
capital,Link,HR0 0,Combined-Cycle Gas,81294764.05311
capital,Link,HR0 0,H2 Electrolysis,3431.25505
capital,Link,HR0 0,Haber-Bosch,4539.44246
capital,Link,HR0 0,Open-Cycle Gas,1397.85139
capital,Link,HR0 0,SMR,8881.22961
capital,Link,HR0 0,Sabatier,817.91662
capital,Link,HR0 0,battery charger,9592661.90589
capital,Link,HR0 0,biogas to gas,43540164.52206
capital,Link,HR0 0,biomass to liquid,41854043.06762
capital,Link,HR0 0,biomass-to-methanol,6362.63036
capital,Link,HR0 0,electricity distribution grid,143248250.64538
capital,Link,HR0 0,gas pipeline,3320220.82253
capital,Link,HR0 0,gas pipeline new,7053.86105
capital,Link,HR0 0,heat100-200 industry electric boiler steam,173.96412
capital,Link,HR0 0,heat100-200 industry gas,837185.95493
capital,Link,HR0 0,heat100-200 industry industrial heat pump high temperature,1548.1333
capital,Link,HR0 0,heat100-200 industry solid biomass,13439149.45239
capital,Link,HR0 0,heat200-500 industry gas,71318.22843
capital,Link,HR0 0,heat200-500 industry hydrogen,56.79619
capital,Link,HR0 0,heat200-500 industry solid biomass,1073240.15615
capital,Link,HR0 0,heat<100 industry electric boiler steam,175.08164
capital,Link,HR0 0,heat<100 industry gas,911601.88106
capital,Link,HR0 0,heat<100 industry industrial heat pump medium temperature,1122.1851
capital,Link,HR0 0,heat<100 industry solid biomass,14634039.02221
capital,Link,HR0 0,heat>500 industry gas,222395.22045
capital,Link,HR0 0,heat>500 industry hydrogen,89.67767
capital,Link,HR0 0,home battery charger,4271.20333
capital,Link,HR0 0,methanolisation,5659.70131
capital,Link,HR0 0,rural air heat pump,8075.24332
capital,Link,HR0 0,rural biomass boiler,104363212.03885
capital,Link,HR0 0,rural gas boiler,195679247.3154
capital,Link,HR0 0,rural ground heat pump,50281036.78677
capital,Link,HR0 0,rural resistive heater,3920691.20802
capital,Link,HR0 0,urban central air heat pump,3409.28678
capital,Link,HR0 0,urban central gas CHP,1728.20607
capital,Link,HR0 0,urban central gas boiler,4296101.41501
capital,Link,HR0 0,urban central resistive heater,447913.06616
capital,Link,HR0 0,urban central solid biomass CHP,79306207.93174
capital,Link,HR0 0,urban central solid biomass CHP CC,44433.22098
capital,Link,HR0 0,urban decentral air heat pump,6237.89857
capital,Link,HR0 0,urban decentral biomass boiler,106759292.28643
capital,Link,HR0 0,urban decentral gas boiler,200171857.0214
capital,Link,HR0 0,urban decentral resistive heater,4010703.0682
capital,Link,HR0 0,waste CHP,2740.2803
capital,Link,HU0 0,CO2 pipeline,10719.36937
capital,Link,HU0 0,Combined-Cycle Gas,217613671.8305
capital,Link,HU0 0,EAF,2174.26316
capital,Link,HU0 0,H2 DRI,1705.12921
capital,Link,HU0 0,H2 Electrolysis,3357.24768
capital,Link,HU0 0,Haber-Bosch,5755.11235
capital,Link,HU0 0,Open-Cycle Gas,1403.87784
capital,Link,HU0 0,SMR,10792.47263
capital,Link,HU0 0,Sabatier,823.63202
capital,Link,HU0 0,battery charger,44150411.40246
capital,Link,HU0 0,biogas to gas,255908454.68541
capital,Link,HU0 0,biomass to liquid,2401.65995
capital,Link,HU0 0,biomass-to-methanol,4620.51292
capital,Link,HU0 0,electricity distribution grid,354890096.9055
capital,Link,HU0 0,gas DRI,1924.01924
capital,Link,HU0 0,gas pipeline,6009224.82986
capital,Link,HU0 0,gas pipeline new,2633.43871
capital,Link,HU0 0,heat100-200 industry electric boiler steam,313.60568
capital,Link,HU0 0,heat100-200 industry gas,5053982.40734
capital,Link,HU0 0,heat100-200 industry industrial heat pump high temperature,98793994.01396
capital,Link,HU0 0,heat100-200 industry solid biomass,2379.00219
capital,Link,HU0 0,heat200-500 industry gas,463442.64132
capital,Link,HU0 0,heat200-500 industry hydrogen,61.4223
capital,Link,HU0 0,heat200-500 industry solid biomass,6975007.12403
capital,Link,HU0 0,heat<100 industry electric boiler steam,279.68721
capital,Link,HU0 0,heat<100 industry gas,3528500.76695
capital,Link,HU0 0,heat<100 industry industrial heat pump medium temperature,60741249.26886
capital,Link,HU0 0,heat<100 industry solid biomass,5449.18952
capital,Link,HU0 0,heat>500 industry gas,1386250.41445
capital,Link,HU0 0,heat>500 industry hydrogen,125.63837
capital,Link,HU0 0,home battery charger,4271.1111
capital,Link,HU0 0,methanolisation,6517.89498
capital,Link,HU0 0,rural air heat pump,5297.29397
capital,Link,HU0 0,rural biomass boiler,159349444.26831
capital,Link,HU0 0,rural gas boiler,553108224.86125
capital,Link,HU0 0,rural ground heat pump,18623451.75272
capital,Link,HU0 0,rural resistive heater,6825283.56636
capital,Link,HU0 0,urban central air heat pump,10406.75493
capital,Link,HU0 0,urban central gas CHP,1849.53222
capital,Link,HU0 0,urban central gas boiler,16465624.64575
capital,Link,HU0 0,urban central resistive heater,1276138.92462
capital,Link,HU0 0,urban central solid biomass CHP,219501036.15482
capital,Link,HU0 0,urban central solid biomass CHP CC,27088.51603
capital,Link,HU0 0,urban decentral air heat pump,7611166.4534
capital,Link,HU0 0,urban decentral biomass boiler,275423890.40437
capital,Link,HU0 0,urban decentral gas boiler,956007219.26227
capital,Link,HU0 0,urban decentral resistive heater,4105087.72973
capital,Link,HU0 0,waste CHP,3719.11175
capital,Link,IE3 0,Combined-Cycle Gas,459914870.80085
capital,Link,IE3 0,H2 Electrolysis,9462.13183
capital,Link,IE3 0,Haber-Bosch,79059.0116
capital,Link,IE3 0,Open-Cycle Gas,1396.51628
capital,Link,IE3 0,SMR,67664.96659
capital,Link,IE3 0,Sabatier,824.05052
capital,Link,IE3 0,battery charger,4513.25358
capital,Link,IE3 0,biogas to gas,49642683.91749
capital,Link,IE3 0,biomass to liquid,2122.08962
capital,Link,IE3 0,biomass-to-methanol,4021.68967
capital,Link,IE3 0,electricity distribution grid,236095196.25046
capital,Link,IE3 0,heat100-200 industry electric boiler steam,277.07971
capital,Link,IE3 0,heat100-200 industry gas,1643325.70251
capital,Link,IE3 0,heat100-200 industry industrial heat pump high temperature,32123139.19472
capital,Link,IE3 0,heat100-200 industry solid biomass,715.97524
capital,Link,IE3 0,heat200-500 industry gas,151012.4859
capital,Link,IE3 0,heat200-500 industry hydrogen,68.85764
capital,Link,IE3 0,heat200-500 industry solid biomass,2272442.29508
capital,Link,IE3 0,heat<100 industry electric boiler steam,281.15732
capital,Link,IE3 0,heat<100 industry gas,1252663.89971
capital,Link,IE3 0,heat<100 industry industrial heat pump medium temperature,21564746.35698
capital,Link,IE3 0,heat<100 industry solid biomass,784.27372
capital,Link,IE3 0,heat>500 industry gas,1075893.67472
capital,Link,IE3 0,heat>500 industry hydrogen,112.22142
capital,Link,IE3 0,home battery charger,4313.3566
capital,Link,IE3 0,methanolisation,16582.56641
capital,Link,IE3 0,rural air heat pump,12332.30059
capital,Link,IE3 0,rural biomass boiler,8222437.621
capital,Link,IE3 0,rural gas boiler,149027671.76373
capital,Link,IE3 0,rural ground heat pump,19743086.78786
capital,Link,IE3 0,rural resistive heater,7127399.14992
capital,Link,IE3 0,urban central air heat pump,27983723.07892
capital,Link,IE3 0,urban central gas CHP,1813.03628
capital,Link,IE3 0,urban central gas boiler,4028191.0284
capital,Link,IE3 0,urban central resistive heater,1456850.44897
capital,Link,IE3 0,urban central solid biomass CHP,15403171.46685
capital,Link,IE3 0,urban central solid biomass CHP CC,14044.34549
capital,Link,IE3 0,urban decentral air heat pump,10841047.0006
capital,Link,IE3 0,urban decentral biomass boiler,13012809.96487
capital,Link,IE3 0,urban decentral gas boiler,235850834.212
capital,Link,IE3 0,urban decentral resistive heater,10337130.43333
capital,Link,IE3 0,waste CHP,4094.11535
capital,Link,IT0 0,CO2 pipeline,9588.47599
capital,Link,IT0 0,Combined-Cycle Gas,1887433830.47108
capital,Link,IT0 0,DC,90865988.72062
capital,Link,IT0 0,EAF,2475.88558
capital,Link,IT0 0,H2 DRI,1837.46277
capital,Link,IT0 0,H2 Electrolysis,5441.43946
capital,Link,IT0 0,Haber-Bosch,9427.90839
capital,Link,IT0 0,Open-Cycle Gas,1402.52568
capital,Link,IT0 0,SMR,12359.11055
capital,Link,IT0 0,Sabatier,813.15271
capital,Link,IT0 0,battery charger,439610982.57298
capital,Link,IT0 0,biogas to gas,221595048.94967
capital,Link,IT0 0,biomass to liquid,1850.62186
capital,Link,IT0 0,biomass-to-methanol,3390.75917
capital,Link,IT0 0,electricity distribution grid,1149073123.85153
capital,Link,IT0 0,gas DRI,2144.49384
capital,Link,IT0 0,gas pipeline,9911401.74958
capital,Link,IT0 0,heat100-200 industry electric boiler steam,387.89615
capital,Link,IT0 0,heat100-200 industry gas,7007334.58946
capital,Link,IT0 0,heat100-200 industry industrial heat pump high temperature,136981138.43079
capital,Link,IT0 0,heat100-200 industry solid biomass,675.40092
capital,Link,IT0 0,heat200-500 industry gas,908027.81226
capital,Link,IT0 0,heat200-500 industry hydrogen,83.88795
capital,Link,IT0 0,heat200-500 industry solid biomass,13665748.64196
capital,Link,IT0 0,heat<100 industry electric boiler steam,451.43192
capital,Link,IT0 0,heat<100 industry gas,10250543.56006
capital,Link,IT0 0,heat<100 industry industrial heat pump medium temperature,176474426.03107
capital,Link,IT0 0,heat<100 industry solid biomass,760.46838
capital,Link,IT0 0,heat>500 industry gas,1818238.22915
capital,Link,IT0 0,heat>500 industry hydrogen,138.1218
capital,Link,IT0 0,home battery charger,7550.09862
capital,Link,IT0 0,methanolisation,5946.50574
capital,Link,IT0 0,rural air heat pump,10223.69681
capital,Link,IT0 0,rural biomass boiler,921088460.05187
capital,Link,IT0 0,rural gas boiler,1438492205.141
capital,Link,IT0 0,rural ground heat pump,234211735.1854
capital,Link,IT0 0,rural resistive heater,17394523.06298
capital,Link,IT0 0,urban central air heat pump,193004392.06776
capital,Link,IT0 0,urban central gas CHP,1964.39601
capital,Link,IT0 0,urban central gas boiler,46268546.35342
capital,Link,IT0 0,urban central resistive heater,1584.49436
capital,Link,IT0 0,urban central solid biomass CHP,10600.3207
capital,Link,IT0 0,urban central solid biomass CHP CC,6236.87903
capital,Link,IT0 0,urban decentral air heat pump,2874802793.64485
capital,Link,IT0 0,urban decentral biomass boiler,558327216.6984
capital,Link,IT0 0,urban decentral gas boiler,871956803.25154
capital,Link,IT0 0,urban decentral resistive heater,46855148.41009
capital,Link,IT0 0,waste CHP,5722.32244
capital,Link,IT0 1,CO2 pipeline,6792.65704
capital,Link,IT0 1,Combined-Cycle Gas,2295130148.11817
capital,Link,IT0 1,H2 Electrolysis,3714.9658
capital,Link,IT0 1,Haber-Bosch,7186.82526
capital,Link,IT0 1,Open-Cycle Gas,1406.36866
capital,Link,IT0 1,SMR,10918.22913
capital,Link,IT0 1,Sabatier,821.43415
capital,Link,IT0 1,battery charger,107515505.25683
capital,Link,IT0 1,biogas to gas,532194816.74031
capital,Link,IT0 1,biomass to liquid,1844.49022
capital,Link,IT0 1,biomass-to-methanol,3413.0186
capital,Link,IT0 1,electricity distribution grid,1658890735.68375
capital,Link,IT0 1,gas pipeline,82550567.52671
capital,Link,IT0 1,heat100-200 industry electric boiler steam,405.46206
capital,Link,IT0 1,heat100-200 industry gas,12365198.75067
capital,Link,IT0 1,heat100-200 industry industrial heat pump high temperature,241717961.0266
capital,Link,IT0 1,heat100-200 industry solid biomass,767.94154
capital,Link,IT0 1,heat200-500 industry gas,1650349.70611
capital,Link,IT0 1,heat200-500 industry hydrogen,106.82525
capital,Link,IT0 1,heat200-500 industry solid biomass,24838129.83098
capital,Link,IT0 1,heat<100 industry electric boiler steam,427.64361
capital,Link,IT0 1,heat<100 industry gas,17084283.98835
capital,Link,IT0 1,heat<100 industry industrial heat pump medium temperature,294124829.12031
capital,Link,IT0 1,heat<100 industry solid biomass,833.18661
capital,Link,IT0 1,heat>500 industry gas,3751684.71585
capital,Link,IT0 1,heat>500 industry hydrogen,172.77828
capital,Link,IT0 1,home battery charger,5406.62253
capital,Link,IT0 1,methanolisation,5400.86852
capital,Link,IT0 1,rural air heat pump,8086.65905
capital,Link,IT0 1,rural biomass boiler,487535290.83604
capital,Link,IT0 1,rural gas boiler,761398873.19759
capital,Link,IT0 1,rural ground heat pump,192754225.78589
capital,Link,IT0 1,rural resistive heater,18175054.55783
capital,Link,IT0 1,urban central air heat pump,132951989.95073
capital,Link,IT0 1,urban central gas CHP,2103.65026
capital,Link,IT0 1,urban central gas boiler,41497534.66981
capital,Link,IT0 1,urban central resistive heater,2218.50856
capital,Link,IT0 1,urban central solid biomass CHP,299377227.52202
capital,Link,IT0 1,urban central solid biomass CHP CC,6909.75388
capital,Link,IT0 1,urban decentral air heat pump,3052479711.97723
capital,Link,IT0 1,urban decentral biomass boiler,745381592.56624
capital,Link,IT0 1,urban decentral gas boiler,1164085380.79148
capital,Link,IT0 1,urban decentral resistive heater,68987485.77988
capital,Link,IT0 1,waste CHP,7997.75571
capital,Link,IT4 0,Combined-Cycle Gas,1766.23098
capital,Link,IT4 0,DC,64110410.9741
capital,Link,IT4 0,H2 Electrolysis,6232.62038
capital,Link,IT4 0,Haber-Bosch,7561.54781
capital,Link,IT4 0,Open-Cycle Gas,1399.71871
capital,Link,IT4 0,SMR,11697.173
capital,Link,IT4 0,Sabatier,807.54742
capital,Link,IT4 0,battery charger,54296942.21271
capital,Link,IT4 0,biogas to gas,11260059.30746
capital,Link,IT4 0,biomass to liquid,1891.38679
capital,Link,IT4 0,biomass-to-methanol,3417.20021
capital,Link,IT4 0,electricity distribution grid,79418922.4437
capital,Link,IT4 0,heat100-200 industry electric boiler steam,263.79883
capital,Link,IT4 0,heat100-200 industry gas,551915.55372
capital,Link,IT4 0,heat100-200 industry industrial heat pump high temperature,10788071.4031
capital,Link,IT4 0,heat100-200 industry solid biomass,670.43687
capital,Link,IT4 0,heat200-500 industry gas,211806.63465
capital,Link,IT4 0,heat200-500 industry hydrogen,303.10859
capital,Link,IT4 0,heat200-500 industry solid biomass,3187484.20765
capital,Link,IT4 0,heat<100 industry electric boiler steam,251.63282
capital,Link,IT4 0,heat<100 industry gas,973606.01503
capital,Link,IT4 0,heat<100 industry industrial heat pump medium temperature,16760748.79299
capital,Link,IT4 0,heat<100 industry solid biomass,626.4252
capital,Link,IT4 0,heat>500 industry gas,371286.32837
capital,Link,IT4 0,heat>500 industry hydrogen,90.91534
capital,Link,IT4 0,home battery charger,4380.20767
capital,Link,IT4 0,methanolisation,5982.60111
capital,Link,IT4 0,rural air heat pump,9046.23239
capital,Link,IT4 0,rural biomass boiler,143184892.20312
capital,Link,IT4 0,rural gas boiler,223616254.31344
capital,Link,IT4 0,rural ground heat pump,9481616.61303
capital,Link,IT4 0,rural resistive heater,1805657.0668
capital,Link,IT4 0,urban central air heat pump,4725803.84753
capital,Link,IT4 0,urban central gas CHP,1827.91207
capital,Link,IT4 0,urban central gas boiler,915949.80591
capital,Link,IT4 0,urban central resistive heater,104886.67689
capital,Link,IT4 0,urban central solid biomass CHP,5510.04691
capital,Link,IT4 0,urban central solid biomass CHP CC,6375.9063
capital,Link,IT4 0,urban decentral air heat pump,96272403.6617
capital,Link,IT4 0,urban decentral biomass boiler,6362606.24631
capital,Link,IT4 0,urban decentral gas boiler,9936678.05716
capital,Link,IT4 0,urban decentral resistive heater,1520887.82891
capital,Link,IT4 0,waste CHP,3575.80713
capital,Link,LT0 0,CO2 pipeline,8454.88361
capital,Link,LT0 0,Combined-Cycle Gas,120297033.40557
capital,Link,LT0 0,DC,49763675.72641
capital,Link,LT0 0,H2 Electrolysis,4373.38516
capital,Link,LT0 0,Haber-Bosch,19365.94729
capital,Link,LT0 0,Open-Cycle Gas,1385.76383
capital,Link,LT0 0,SMR,581245.01206
capital,Link,LT0 0,Sabatier,820.90884
capital,Link,LT0 0,battery charger,4356.83276
capital,Link,LT0 0,biogas to gas,67981311.90844
capital,Link,LT0 0,biomass to liquid,2407.2782
capital,Link,LT0 0,biomass-to-methanol,4729.52277
capital,Link,LT0 0,electricity distribution grid,90433040.59731
capital,Link,LT0 0,gas pipeline,2535034.01006
capital,Link,LT0 0,gas pipeline new,6044.73071
capital,Link,LT0 0,heat100-200 industry electric boiler steam,230.01022
capital,Link,LT0 0,heat100-200 industry gas,545714.03437
capital,Link,LT0 0,heat100-200 industry industrial heat pump high temperature,10666085.51792
capital,Link,LT0 0,heat100-200 industry solid biomass,1311.45885
capital,Link,LT0 0,heat200-500 industry gas,56622.13639
capital,Link,LT0 0,heat200-500 industry hydrogen,65.699
capital,Link,LT0 0,heat200-500 industry solid biomass,852297.4856
capital,Link,LT0 0,heat<100 industry electric boiler steam,236.17875
capital,Link,LT0 0,heat<100 industry gas,496102.27202
capital,Link,LT0 0,heat<100 industry industrial heat pump medium temperature,8539297.17913
capital,Link,LT0 0,heat<100 industry solid biomass,1516.97604
capital,Link,LT0 0,heat>500 industry gas,67227.62242
capital,Link,LT0 0,heat>500 industry hydrogen,100.97796
capital,Link,LT0 0,home battery charger,4250.63395
capital,Link,LT0 0,methanolisation,488396.0699
capital,Link,LT0 0,rural air heat pump,1272.36198
capital,Link,LT0 0,rural biomass boiler,305889302.59146
capital,Link,LT0 0,rural gas boiler,1882.80201
capital,Link,LT0 0,rural ground heat pump,24937379.75044
capital,Link,LT0 0,rural resistive heater,142314.67641
capital,Link,LT0 0,urban central air heat pump,2103642.90199
capital,Link,LT0 0,urban central gas CHP,1669.69946
capital,Link,LT0 0,urban central gas boiler,14875424.21156
capital,Link,LT0 0,urban central resistive heater,2797071.76985
capital,Link,LT0 0,urban central solid biomass CHP,103988829.45131
capital,Link,LT0 0,urban central solid biomass CHP CC,18720022.50493
capital,Link,LT0 0,urban decentral air heat pump,3637680.25602
capital,Link,LT0 0,urban decentral biomass boiler,298503903.65752
capital,Link,LT0 0,urban decentral gas boiler,2758.76524
capital,Link,LT0 0,urban decentral resistive heater,144273.03084
capital,Link,LT0 0,waste CHP,3071.73407
capital,Link,LU0 0,Combined-Cycle Gas,27861964.85293
capital,Link,LU0 0,H2 Electrolysis,4898.83439
capital,Link,LU0 0,Haber-Bosch,7455.99713
capital,Link,LU0 0,Open-Cycle Gas,10915971.35871
capital,Link,LU0 0,SMR,10329.91567
capital,Link,LU0 0,Sabatier,825.96134
capital,Link,LU0 0,battery charger,9063.52467
capital,Link,LU0 0,biogas to gas,7591477.49651
capital,Link,LU0 0,biomass to liquid,1826.89486
capital,Link,LU0 0,biomass-to-methanol,3566.23743
capital,Link,LU0 0,electricity distribution grid,58967879.33944
capital,Link,LU0 0,gas pipeline,2722504.25282
capital,Link,LU0 0,heat100-200 industry electric boiler steam,209.07698
capital,Link,LU0 0,heat100-200 industry gas,173644.25559
capital,Link,LU0 0,heat100-200 industry industrial heat pump high temperature,3393087.55068
capital,Link,LU0 0,heat100-200 industry solid biomass,958.58703
capital,Link,LU0 0,heat200-500 industry gas,35664.12373
capital,Link,LU0 0,heat200-500 industry hydrogen,83.94007
capital,Link,LU0 0,heat200-500 industry solid biomass,536645.92819
capital,Link,LU0 0,heat<100 industry electric boiler steam,213.12784
capital,Link,LU0 0,heat<100 industry gas,179839.90476
capital,Link,LU0 0,heat<100 industry industrial heat pump medium temperature,3094947.8804
capital,Link,LU0 0,heat<100 industry solid biomass,1041.76303
capital,Link,LU0 0,heat>500 industry gas,134324.89213
capital,Link,LU0 0,heat>500 industry hydrogen,91.70286
capital,Link,LU0 0,home battery charger,4502.44889
capital,Link,LU0 0,methanolisation,5322.31439
capital,Link,LU0 0,rural air heat pump,6533.92143
capital,Link,LU0 0,rural biomass boiler,2232541.49566
capital,Link,LU0 0,rural gas boiler,12352115.76839
capital,Link,LU0 0,rural ground heat pump,1200859.98222
capital,Link,LU0 0,rural resistive heater,379832.79609
capital,Link,LU0 0,urban central air heat pump,9705796.88922
capital,Link,LU0 0,urban central gas CHP,239717.99335
capital,Link,LU0 0,urban central gas boiler,2554478.70621
capital,Link,LU0 0,urban central resistive heater,1170630.7933
capital,Link,LU0 0,urban central solid biomass CHP,13401753.66728
capital,Link,LU0 0,urban central solid biomass CHP CC,11825.00848
capital,Link,LU0 0,urban decentral air heat pump,5695239.12578
capital,Link,LU0 0,urban decentral biomass boiler,17850600.09401
capital,Link,LU0 0,urban decentral gas boiler,98763082.04116
capital,Link,LU0 0,urban decentral resistive heater,2371325.70548
capital,Link,LU0 0,waste CHP,3920.01029
capital,Link,LV0 0,Combined-Cycle Gas,113905109.4906
capital,Link,LV0 0,H2 Electrolysis,4352.80155
capital,Link,LV0 0,Haber-Bosch,8304.74963
capital,Link,LV0 0,Open-Cycle Gas,1384.50275
capital,Link,LV0 0,SMR,221154.50757
capital,Link,LV0 0,Sabatier,818.04042
capital,Link,LV0 0,battery charger,4341.7741
capital,Link,LV0 0,biogas to gas,49537726.64316
capital,Link,LV0 0,biomass to liquid,155268452.90868
capital,Link,LV0 0,biomass-to-methanol,6426.17721
capital,Link,LV0 0,electricity distribution grid,57596253.34274
capital,Link,LV0 0,gas pipeline,2539116.37222
capital,Link,LV0 0,heat100-200 industry electric boiler steam,237.41139
capital,Link,LV0 0,heat100-200 industry gas,279073.95493
capital,Link,LV0 0,heat100-200 industry industrial heat pump high temperature,4706.80189
capital,Link,LV0 0,heat100-200 industry solid biomass,4476531.65685
capital,Link,LV0 0,heat200-500 industry gas,39856.66312
capital,Link,LV0 0,heat200-500 industry hydrogen,61.83948
capital,Link,LV0 0,heat200-500 industry solid biomass,599836.60649
capital,Link,LV0 0,heat<100 industry electric boiler steam,224.63888
capital,Link,LV0 0,heat<100 industry gas,651133.56274
capital,Link,LV0 0,heat<100 industry industrial heat pump medium temperature,2600.92084
capital,Link,LV0 0,heat<100 industry solid biomass,10451312.28045
capital,Link,LV0 0,heat>500 industry gas,69324.35969
capital,Link,LV0 0,heat>500 industry hydrogen,100.25683
capital,Link,LV0 0,home battery charger,4259.42093
capital,Link,LV0 0,methanolisation,185771.36585
capital,Link,LV0 0,rural air heat pump,2409.39664
capital,Link,LV0 0,rural biomass boiler,213807611.23631
capital,Link,LV0 0,rural gas boiler,58472634.80708
capital,Link,LV0 0,rural ground heat pump,5162.09333
capital,Link,LV0 0,rural resistive heater,1421709.79516
capital,Link,LV0 0,urban central air heat pump,4513.91809
capital,Link,LV0 0,urban central gas CHP,1626.20872
capital,Link,LV0 0,urban central gas boiler,11009922.6187
capital,Link,LV0 0,urban central resistive heater,1371788.32944
capital,Link,LV0 0,urban central solid biomass CHP,96395819.86787
capital,Link,LV0 0,urban central solid biomass CHP CC,37436009.24268
capital,Link,LV0 0,urban decentral air heat pump,1610.59037
capital,Link,LV0 0,urban decentral biomass boiler,200011537.09784
capital,Link,LV0 0,urban decentral gas boiler,54699650.29916
capital,Link,LV0 0,urban decentral resistive heater,978894.69677
capital,Link,LV0 0,waste CHP,2473.11358
capital,Link,ME0 0,CO2 pipeline,5288.58299
capital,Link,ME0 0,Combined-Cycle Gas,1759.1238
capital,Link,ME0 0,EAF,1714.64884
capital,Link,ME0 0,H2 DRI,1503.54087
capital,Link,ME0 0,H2 Electrolysis,4102.10188
capital,Link,ME0 0,Haber-Bosch,5644.34904
capital,Link,ME0 0,Open-Cycle Gas,1400.15745
capital,Link,ME0 0,SMR,11068.83881
capital,Link,ME0 0,Sabatier,819.8821
capital,Link,ME0 0,battery charger,27691664.49453
capital,Link,ME0 0,biogas to gas,714556.41497
capital,Link,ME0 0,biomass to liquid,2747.11917
capital,Link,ME0 0,biomass-to-methanol,4661.02808
capital,Link,ME0 0,electricity distribution grid,23341016.54316
capital,Link,ME0 0,gas DRI,1586.98585
capital,Link,ME0 0,heat100-200 industry electric boiler steam,330.58343
capital,Link,ME0 0,heat100-200 industry gas,68227.80214
capital,Link,ME0 0,heat100-200 industry industrial heat pump high temperature,1329415.3128
capital,Link,ME0 0,heat100-200 industry solid biomass,3456.13319
capital,Link,ME0 0,heat200-500 industry gas,10499.76174
capital,Link,ME0 0,heat200-500 industry hydrogen,77.1563
capital,Link,ME0 0,heat200-500 industry solid biomass,157939.36908
capital,Link,ME0 0,heat<100 industry electric boiler steam,340.89076
capital,Link,ME0 0,heat<100 industry gas,68227.79989
capital,Link,ME0 0,heat<100 industry industrial heat pump medium temperature,1167066.70832
capital,Link,ME0 0,heat<100 industry solid biomass,7228.15317
capital,Link,ME0 0,heat>500 industry gas,44166.0759
capital,Link,ME0 0,heat>500 industry hydrogen,109.9119
capital,Link,ME0 0,home battery charger,6092.45956
capital,Link,ME0 0,methanolisation,6916.22957
capital,Link,ME0 0,rural air heat pump,5879.96683
capital,Link,ME0 0,rural biomass boiler,25142548.73605
capital,Link,ME0 0,rural gas boiler,286471.37808
capital,Link,ME0 0,rural ground heat pump,28940.42797
capital,Link,ME0 0,rural resistive heater,53275.6691
capital,Link,ME0 0,urban central air heat pump,7433.93069
capital,Link,ME0 0,urban central gas CHP,1712.58479
capital,Link,ME0 0,urban central gas boiler,151640.51166
capital,Link,ME0 0,urban central resistive heater,97670.74335
capital,Link,ME0 0,urban central solid biomass CHP,4005759.96185
capital,Link,ME0 0,urban central solid biomass CHP CC,19811.00226
capital,Link,ME0 0,urban decentral air heat pump,5921.37443
capital,Link,ME0 0,urban decentral biomass boiler,24664400.42001
capital,Link,ME0 0,urban decentral gas boiler,6191046.63537
capital,Link,ME0 0,urban decentral resistive heater,721744.16902
capital,Link,ME0 0,waste CHP,2732.53217
capital,Link,MK0 0,CO2 pipeline,5377.1233
capital,Link,MK0 0,Combined-Cycle Gas,23053446.54912
capital,Link,MK0 0,EAF,1988.3543
capital,Link,MK0 0,H2 DRI,1639.54109
capital,Link,MK0 0,H2 Electrolysis,4298.50546
capital,Link,MK0 0,Haber-Bosch,5707.11069
capital,Link,MK0 0,Open-Cycle Gas,1398.39684
capital,Link,MK0 0,SMR,12367.05909
capital,Link,MK0 0,Sabatier,818.73765
capital,Link,MK0 0,battery charger,2541507.74538
capital,Link,MK0 0,biogas to gas,8199685.81253
capital,Link,MK0 0,biomass to liquid,3157.0728
capital,Link,MK0 0,biomass-to-methanol,4927.02955
capital,Link,MK0 0,electricity distribution grid,65722094.31584
capital,Link,MK0 0,gas DRI,1770.14568
capital,Link,MK0 0,gas pipeline new,501651.87034
capital,Link,MK0 0,heat100-200 industry electric boiler steam,309.37779
capital,Link,MK0 0,heat100-200 industry gas,130240.27325
capital,Link,MK0 0,heat100-200 industry industrial heat pump high temperature,2537295.72884
capital,Link,MK0 0,heat100-200 industry solid biomass,7285.21128
capital,Link,MK0 0,heat200-500 industry gas,12591.22736
capital,Link,MK0 0,heat200-500 industry hydrogen,76.60016
capital,Link,MK0 0,heat200-500 industry solid biomass,189500.12653
capital,Link,MK0 0,heat<100 industry electric boiler steam,313.81283
capital,Link,MK0 0,heat<100 industry gas,161251.67216
capital,Link,MK0 0,heat<100 industry industrial heat pump medium temperature,8025.19337
capital,Link,MK0 0,heat<100 industry solid biomass,2581453.58443
capital,Link,MK0 0,heat>500 industry gas,10616.15679
capital,Link,MK0 0,heat>500 industry hydrogen,124.14259
capital,Link,MK0 0,home battery charger,24195.47573
capital,Link,MK0 0,methanolisation,8007.65596
capital,Link,MK0 0,rural air heat pump,3389.52975
capital,Link,MK0 0,rural biomass boiler,7705484.20429
capital,Link,MK0 0,rural gas boiler,40950948.28315
capital,Link,MK0 0,rural ground heat pump,12998.68247
capital,Link,MK0 0,rural resistive heater,4411887.25973
capital,Link,MK0 0,urban central air heat pump,4583.8203
capital,Link,MK0 0,urban central gas CHP,1729.41739
capital,Link,MK0 0,urban central gas boiler,2299728.91939
capital,Link,MK0 0,urban central resistive heater,461222.48258
capital,Link,MK0 0,urban central solid biomass CHP,33786626.68745
capital,Link,MK0 0,urban central solid biomass CHP CC,14953.60492
capital,Link,MK0 0,urban decentral air heat pump,3363.49422
capital,Link,MK0 0,urban decentral biomass boiler,285422.48183
capital,Link,MK0 0,urban decentral gas boiler,35938923.5057
capital,Link,MK0 0,urban decentral resistive heater,3890420.74754
capital,Link,MK0 0,waste CHP,2895.76902
capital,Link,NL0 0,CO2 pipeline,2710.85965
capital,Link,NL0 0,Combined-Cycle Gas,1094826178.94949
capital,Link,NL0 0,DC,70406187.00672
capital,Link,NL0 0,EAF,2541.30075
capital,Link,NL0 0,H2 DRI,1870.90581
capital,Link,NL0 0,H2 Electrolysis,6992.54489
capital,Link,NL0 0,Haber-Bosch,55734.14241
capital,Link,NL0 0,Open-Cycle Gas,1394.89401
capital,Link,NL0 0,SMR,52777.29246
capital,Link,NL0 0,Sabatier,816.25666
capital,Link,NL0 0,battery charger,5396.55357
capital,Link,NL0 0,biogas to gas,179207980.39803
capital,Link,NL0 0,biomass to liquid,1819.33057
capital,Link,NL0 0,biomass-to-methanol,3311.841
capital,Link,NL0 0,electricity distribution grid,1194619851.33379
capital,Link,NL0 0,gas DRI,2185.92889
capital,Link,NL0 0,gas pipeline,42931588.67236
capital,Link,NL0 0,heat100-200 industry electric boiler steam,517.81392
capital,Link,NL0 0,heat100-200 industry gas,17164899.64145
capital,Link,NL0 0,heat100-200 industry industrial heat pump high temperature,335544845.50208
capital,Link,NL0 0,heat100-200 industry solid biomass,650.65521
capital,Link,NL0 0,heat200-500 industry gas,1635670.76224
capital,Link,NL0 0,heat200-500 industry hydrogen,111.19355
capital,Link,NL0 0,heat200-500 industry solid biomass,24617164.473
capital,Link,NL0 0,heat<100 industry electric boiler steam,529.09825
capital,Link,NL0 0,heat<100 industry gas,14634886.35804
capital,Link,NL0 0,heat<100 industry industrial heat pump medium temperature,251954375.78266
capital,Link,NL0 0,heat<100 industry solid biomass,662.34351
capital,Link,NL0 0,heat>500 industry gas,5555115.59666
capital,Link,NL0 0,heat>500 industry hydrogen,175.23631
capital,Link,NL0 0,home battery charger,4337.57691
capital,Link,NL0 0,methanolisation,17658.86166
capital,Link,NL0 0,rural air heat pump,8263.3219
capital,Link,NL0 0,rural biomass boiler,11547210.89408
capital,Link,NL0 0,rural gas boiler,383193866.87589
capital,Link,NL0 0,rural ground heat pump,1093213092.94354
capital,Link,NL0 0,rural resistive heater,47310.61257
capital,Link,NL0 0,urban central air heat pump,253918234.15146
capital,Link,NL0 0,urban central gas CHP,1873.33073
capital,Link,NL0 0,urban central gas boiler,40998387.4113
capital,Link,NL0 0,urban central resistive heater,9279565.93019
capital,Link,NL0 0,urban central solid biomass CHP,4016.64461
capital,Link,NL0 0,urban central solid biomass CHP CC,4975.27612
capital,Link,NL0 0,urban decentral air heat pump,333328571.15995
capital,Link,NL0 0,urban decentral biomass boiler,106081921.72225
capital,Link,NL0 0,urban decentral gas boiler,3520325571.53888
capital,Link,NL0 0,urban decentral resistive heater,63709821.06127
capital,Link,NL0 0,waste CHP,5488.63443
capital,Link,NO1 0,CO2 pipeline,20702.60193
capital,Link,NO1 0,Combined-Cycle Gas,78905596.2964
capital,Link,NO1 0,DC,136411573.39264
capital,Link,NO1 0,EAF,2508.23318
capital,Link,NO1 0,H2 DRI,1872.47483
capital,Link,NO1 0,H2 Electrolysis,4039.94988
capital,Link,NO1 0,Haber-Bosch,986410969.39309
capital,Link,NO1 0,Open-Cycle Gas,1373.30831
capital,Link,NO1 0,SMR,629650056.29741
capital,Link,NO1 0,Sabatier,799.54994
capital,Link,NO1 0,battery charger,4184.03734
capital,Link,NO1 0,biogas to gas,16995516.23682
capital,Link,NO1 0,biomass to liquid,1781.57643
capital,Link,NO1 0,biomass-to-methanol,3184.87882
capital,Link,NO1 0,electricity distribution grid,820294921.16559
capital,Link,NO1 0,gas DRI,2146.41186
capital,Link,NO1 0,gas pipeline,28954989.67369
capital,Link,NO1 0,gas pipeline new,45603817.63455
capital,Link,NO1 0,heat100-200 industry electric boiler steam,382.49621
capital,Link,NO1 0,heat100-200 industry gas,3671122.69979
capital,Link,NO1 0,heat100-200 industry industrial heat pump high temperature,71763266.5026
capital,Link,NO1 0,heat100-200 industry solid biomass,442.06564
capital,Link,NO1 0,heat200-500 industry gas,429896.72024
capital,Link,NO1 0,heat200-500 industry hydrogen,77.4967
capital,Link,NO1 0,heat200-500 industry solid biomass,6469811.10669
capital,Link,NO1 0,heat<100 industry electric boiler steam,358.3508
capital,Link,NO1 0,heat<100 industry gas,2852599.90421
capital,Link,NO1 0,heat<100 industry industrial heat pump medium temperature,49109216.86676
capital,Link,NO1 0,heat<100 industry solid biomass,427.23567
capital,Link,NO1 0,heat>500 industry gas,2350880.31298
capital,Link,NO1 0,heat>500 industry hydrogen,154.17105
capital,Link,NO1 0,home battery charger,6123.97503
capital,Link,NO1 0,methanolisation,105493.52357
capital,Link,NO1 0,rural air heat pump,4684.86634
capital,Link,NO1 0,rural biomass boiler,163858502.98534
capital,Link,NO1 0,rural gas boiler,5301.71113
capital,Link,NO1 0,rural ground heat pump,379393540.46285
capital,Link,NO1 0,rural resistive heater,1226863.12666
capital,Link,NO1 0,urban central air heat pump,10331.56683
capital,Link,NO1 0,urban central gas CHP,1544.60088
capital,Link,NO1 0,urban central gas boiler,8694861.49624
capital,Link,NO1 0,urban central resistive heater,5194484.8098
capital,Link,NO1 0,urban central solid biomass CHP,1877.31289
capital,Link,NO1 0,urban central solid biomass CHP CC,2826.76998
capital,Link,NO1 0,urban decentral air heat pump,1601848577.56023
capital,Link,NO1 0,urban decentral biomass boiler,570579084.51274
capital,Link,NO1 0,urban decentral gas boiler,5198.88961
capital,Link,NO1 0,urban decentral resistive heater,33648356.89909
capital,Link,NO1 0,waste CHP,2700.18659
capital,Link,PL0 0,CO2 pipeline,5749.69318
capital,Link,PL0 0,Combined-Cycle Gas,655711228.04395
capital,Link,PL0 0,DC,56388208.23462
capital,Link,PL0 0,EAF,2464.20026
capital,Link,PL0 0,H2 DRI,1826.70967
capital,Link,PL0 0,H2 Electrolysis,4056.23645
capital,Link,PL0 0,Haber-Bosch,9981.21098
capital,Link,PL0 0,Open-Cycle Gas,1402.71445
capital,Link,PL0 0,SMR,15192.78294
capital,Link,PL0 0,Sabatier,824.60275
capital,Link,PL0 0,battery charger,7373.85459
capital,Link,PL0 0,biogas to gas,420587641.14675
capital,Link,PL0 0,biomass to liquid,2051.46057
capital,Link,PL0 0,biomass-to-methanol,3967.5444
capital,Link,PL0 0,electricity distribution grid,1438599064.17523
capital,Link,PL0 0,gas DRI,2141.6073
capital,Link,PL0 0,gas pipeline,23087118.89751
capital,Link,PL0 0,heat100-200 industry electric boiler steam,426.67808
capital,Link,PL0 0,heat100-200 industry gas,11044294.42577
capital,Link,PL0 0,heat100-200 industry industrial heat pump high temperature,215896835.79394
capital,Link,PL0 0,heat100-200 industry solid biomass,1243.10258
capital,Link,PL0 0,heat200-500 industry gas,1407109.87554
capital,Link,PL0 0,heat200-500 industry hydrogen,86.90045
capital,Link,PL0 0,heat200-500 industry solid biomass,21177184.29189
capital,Link,PL0 0,heat<100 industry electric boiler steam,440.5191
capital,Link,PL0 0,heat<100 industry gas,10771446.64338
capital,Link,PL0 0,heat<100 industry industrial heat pump medium temperature,185441696.16202
capital,Link,PL0 0,heat<100 industry solid biomass,1430.02412
capital,Link,PL0 0,heat>500 industry gas,4724696.93829
capital,Link,PL0 0,heat>500 industry hydrogen,174.98359
capital,Link,PL0 0,home battery charger,4275.52483
capital,Link,PL0 0,methanolisation,8590.8323
capital,Link,PL0 0,rural air heat pump,6436.76453
capital,Link,PL0 0,rural biomass boiler,1445046935.73858
capital,Link,PL0 0,rural gas boiler,531829904.1857
capital,Link,PL0 0,rural ground heat pump,48585664.19849
capital,Link,PL0 0,rural resistive heater,42192994.38824
capital,Link,PL0 0,urban central air heat pump,7758.65462
capital,Link,PL0 0,urban central gas CHP,2069.39505
capital,Link,PL0 0,urban central gas boiler,97101413.6176
capital,Link,PL0 0,urban central resistive heater,19191976.29575
capital,Link,PL0 0,urban central solid biomass CHP,998804868.08461
capital,Link,PL0 0,urban central solid biomass CHP CC,96628.23181
capital,Link,PL0 0,urban decentral air heat pump,3961241.21268
capital,Link,PL0 0,urban decentral biomass boiler,1227806836.03752
capital,Link,PL0 0,urban decentral gas boiler,451877635.12653
capital,Link,PL0 0,urban decentral resistive heater,35864238.34309
capital,Link,PL0 0,waste CHP,4664.81712
capital,Link,PT0 0,Combined-Cycle Gas,458028727.57348
capital,Link,PT0 0,H2 Electrolysis,5901.03498
capital,Link,PT0 0,Haber-Bosch,7227.58778
capital,Link,PT0 0,Open-Cycle Gas,1399.74642
capital,Link,PT0 0,SMR,13095.3596
capital,Link,PT0 0,Sabatier,809.25615
capital,Link,PT0 0,battery charger,36832.91795
capital,Link,PT0 0,biogas to gas,82050156.76844
capital,Link,PT0 0,biomass to liquid,4028.40923
capital,Link,PT0 0,biomass-to-methanol,5534.00938
capital,Link,PT0 0,electricity distribution grid,528006594.33824
capital,Link,PT0 0,heat100-200 industry electric boiler steam,292.0426
capital,Link,PT0 0,heat100-200 industry gas,2703737.14632
capital,Link,PT0 0,heat100-200 industry industrial heat pump high temperature,31160671.88037
capital,Link,PT0 0,heat100-200 industry solid biomass,17815997.16408
capital,Link,PT0 0,heat200-500 industry gas,352308.65802
capital,Link,PT0 0,heat200-500 industry hydrogen,55.869
capital,Link,PT0 0,heat200-500 industry solid biomass,5302318.7962
capital,Link,PT0 0,heat<100 industry electric boiler steam,290.80698
capital,Link,PT0 0,heat<100 industry gas,2691330.87112
capital,Link,PT0 0,heat<100 industry industrial heat pump medium temperature,4720.19903
capital,Link,PT0 0,heat<100 industry solid biomass,43203787.50385
capital,Link,PT0 0,heat>500 industry gas,1065407.61627
capital,Link,PT0 0,heat>500 industry hydrogen,112.21076
capital,Link,PT0 0,home battery charger,12325.53588
capital,Link,PT0 0,methanolisation,8370.1664
capital,Link,PT0 0,rural air heat pump,10501.61668
capital,Link,PT0 0,rural biomass boiler,154601460.5275
capital,Link,PT0 0,rural gas boiler,89226428.20776
capital,Link,PT0 0,rural ground heat pump,559244907.74247
capital,Link,PT0 0,rural resistive heater,103110300.44197
capital,Link,PT0 0,urban central air heat pump,6269.03425
capital,Link,PT0 0,urban central gas CHP,1816.38809
capital,Link,PT0 0,urban central gas boiler,6909759.15002
capital,Link,PT0 0,urban central resistive heater,2256295.71372
capital,Link,PT0 0,urban central solid biomass CHP,69367417.47144
capital,Link,PT0 0,urban central solid biomass CHP CC,53825.28216
capital,Link,PT0 0,urban decentral air heat pump,483575690.50496
capital,Link,PT0 0,urban decentral biomass boiler,200069479.19364
capital,Link,PT0 0,urban decentral gas boiler,115467764.41132
capital,Link,PT0 0,urban decentral resistive heater,108781747.24155
capital,Link,PT0 0,waste CHP,3122.60075
capital,Link,RO0 0,CO2 pipeline,2646.34324
capital,Link,RO0 0,Combined-Cycle Gas,132190800.8499
capital,Link,RO0 0,EAF,2379.11985
capital,Link,RO0 0,H2 DRI,1768.10719
capital,Link,RO0 0,H2 Electrolysis,3721.33284
capital,Link,RO0 0,Haber-Bosch,6653.69985
capital,Link,RO0 0,Open-Cycle Gas,1394.82272
capital,Link,RO0 0,SMR,12159.37028
capital,Link,RO0 0,Sabatier,825.51951
capital,Link,RO0 0,battery charger,61982.0412
capital,Link,RO0 0,biogas to gas,181838607.542
capital,Link,RO0 0,biomass to liquid,2680.63758
capital,Link,RO0 0,biomass-to-methanol,4916.28673
capital,Link,RO0 0,electricity distribution grid,461376418.27072
capital,Link,RO0 0,gas DRI,2099.79669
capital,Link,RO0 0,heat100-200 industry electric boiler steam,325.80671
capital,Link,RO0 0,heat100-200 industry gas,4960980.0075
capital,Link,RO0 0,heat100-200 industry industrial heat pump high temperature,96974857.58428
capital,Link,RO0 0,heat100-200 industry solid biomass,3073.73192
capital,Link,RO0 0,heat200-500 industry gas,469733.78526
capital,Link,RO0 0,heat200-500 industry hydrogen,57.1169
capital,Link,RO0 0,heat200-500 industry solid biomass,7069685.13253
capital,Link,RO0 0,heat<100 industry electric boiler steam,305.6349
capital,Link,RO0 0,heat<100 industry gas,3956363.08852
capital,Link,RO0 0,heat<100 industry industrial heat pump medium temperature,18643543.23638
capital,Link,RO0 0,heat<100 industry solid biomass,46132469.79698
capital,Link,RO0 0,heat>500 industry gas,1673542.4205
capital,Link,RO0 0,heat>500 industry hydrogen,133.99708
capital,Link,RO0 0,home battery charger,4269.10469
capital,Link,RO0 0,methanolisation,7351.73693
capital,Link,RO0 0,rural air heat pump,6402.93484
capital,Link,RO0 0,rural biomass boiler,798923468.41182
capital,Link,RO0 0,rural gas boiler,501640939.504
capital,Link,RO0 0,rural ground heat pump,20140551.44478
capital,Link,RO0 0,rural resistive heater,6540742.90958
capital,Link,RO0 0,urban central air heat pump,9945.07794
capital,Link,RO0 0,urban central gas CHP,1713.08502
capital,Link,RO0 0,urban central gas boiler,14688518.58322
capital,Link,RO0 0,urban central resistive heater,3284147.05507
capital,Link,RO0 0,urban central solid biomass CHP,233709787.88596
capital,Link,RO0 0,urban central solid biomass CHP CC,38620.22382
capital,Link,RO0 0,urban decentral air heat pump,5859.04487
capital,Link,RO0 0,urban decentral biomass boiler,663687318.79944
capital,Link,RO0 0,urban decentral gas boiler,416726686.97701
capital,Link,RO0 0,urban decentral resistive heater,3888457.8564
capital,Link,RO0 0,waste CHP,3644.03615
capital,Link,RS0 0,CO2 pipeline,2675.84816
capital,Link,RS0 0,Combined-Cycle Gas,31331727.25042
capital,Link,RS0 0,EAF,2169.6354
capital,Link,RS0 0,H2 DRI,1705.37233
capital,Link,RS0 0,H2 Electrolysis,3848.20783
capital,Link,RS0 0,Haber-Bosch,5356.4109
capital,Link,RS0 0,Open-Cycle Gas,1398.93425
capital,Link,RS0 0,SMR,9753.22253
capital,Link,RS0 0,Sabatier,819.00352
capital,Link,RS0 0,battery charger,3564696.47078
capital,Link,RS0 0,biogas to gas,79473690.36516
capital,Link,RS0 0,biomass to liquid,2421.70074
capital,Link,RS0 0,biomass-to-methanol,4520.91123
capital,Link,RS0 0,electricity distribution grid,330858441.84581
capital,Link,RS0 0,gas DRI,1918.338
capital,Link,RS0 0,gas pipeline new,902010.47607
capital,Link,RS0 0,heat100-200 industry electric boiler steam,211.09864
capital,Link,RS0 0,heat100-200 industry gas,1147239.73648
capital,Link,RS0 0,heat100-200 industry industrial heat pump high temperature,22424244.69375
capital,Link,RS0 0,heat100-200 industry solid biomass,1723.26347
capital,Link,RS0 0,heat200-500 industry gas,106962.16829
capital,Link,RS0 0,heat200-500 industry hydrogen,58.97286
capital,Link,RS0 0,heat200-500 industry solid biomass,1609743.62607
capital,Link,RS0 0,heat<100 industry electric boiler steam,221.0836
capital,Link,RS0 0,heat<100 industry gas,1252663.71817
capital,Link,RS0 0,heat<100 industry industrial heat pump medium temperature,21563126.4674
capital,Link,RS0 0,heat<100 industry solid biomass,2482.04719
capital,Link,RS0 0,heat>500 industry gas,92388.46827
capital,Link,RS0 0,heat>500 industry hydrogen,95.5288
capital,Link,RS0 0,home battery charger,1561469.47197
capital,Link,RS0 0,methanolisation,5979.17158
capital,Link,RS0 0,rural air heat pump,3632.42316
capital,Link,RS0 0,rural biomass boiler,396250014.68834
capital,Link,RS0 0,rural gas boiler,108495915.5325
capital,Link,RS0 0,rural ground heat pump,19777.7019
capital,Link,RS0 0,rural resistive heater,9465860.17254
capital,Link,RS0 0,urban central air heat pump,6292.96685
capital,Link,RS0 0,urban central gas CHP,1751.96071
capital,Link,RS0 0,urban central gas boiler,15312851.4647
capital,Link,RS0 0,urban central resistive heater,1694389.28668
capital,Link,RS0 0,urban central solid biomass CHP,167292679.37116
capital,Link,RS0 0,urban central solid biomass CHP CC,12830.55342
capital,Link,RS0 0,urban decentral air heat pump,3605.86778
capital,Link,RS0 0,urban decentral biomass boiler,255800.61791
capital,Link,RS0 0,urban decentral gas boiler,187793796.90162
capital,Link,RS0 0,urban decentral resistive heater,15907685.64821
capital,Link,RS0 0,waste CHP,3615.25988
capital,Link,SE1 0,Combined-Cycle Gas,5239454.97621
capital,Link,SE1 0,DC,26495334.15163
capital,Link,SE1 0,EAF,2532.8634
capital,Link,SE1 0,H2 DRI,1887.51185
capital,Link,SE1 0,H2 Electrolysis,3927.78992
capital,Link,SE1 0,Haber-Bosch,15143.88124
capital,Link,SE1 0,Open-Cycle Gas,1376.45126
capital,Link,SE1 0,SMR,739474142.90033
capital,Link,SE1 0,Sabatier,809.74089
capital,Link,SE1 0,battery charger,4177.47467
capital,Link,SE1 0,biogas to gas,108615904.46712
capital,Link,SE1 0,biomass to liquid,69735575.58351
capital,Link,SE1 0,biomass-to-methanol,6180.46577
capital,Link,SE1 0,electricity distribution grid,1147753578.49561
capital,Link,SE1 0,gas DRI,2157.53559
capital,Link,SE1 0,heat100-200 industry electric boiler steam,336.67933
capital,Link,SE1 0,heat100-200 industry gas,1190657.26295
capital,Link,SE1 0,heat100-200 industry industrial heat pump high temperature,23269814.60803
capital,Link,SE1 0,heat100-200 industry solid biomass,4222.32964
capital,Link,SE1 0,heat200-500 industry gas,130029.76053
capital,Link,SE1 0,heat200-500 industry hydrogen,56.0213
capital,Link,SE1 0,heat200-500 industry solid biomass,1956934.35972
capital,Link,SE1 0,heat<100 industry electric boiler steam,392.02149
capital,Link,SE1 0,heat<100 industry gas,4154800.76635
capital,Link,SE1 0,heat<100 industry industrial heat pump medium temperature,71522228.11744
capital,Link,SE1 0,heat<100 industry solid biomass,6980.30151
capital,Link,SE1 0,heat>500 industry gas,474043.21846
capital,Link,SE1 0,heat>500 industry hydrogen,91.51567
capital,Link,SE1 0,home battery charger,6787.80353
capital,Link,SE1 0,methanolisation,633921919.81506
capital,Link,SE1 0,rural air heat pump,4966.16628
capital,Link,SE1 0,rural biomass boiler,36199558.54929
capital,Link,SE1 0,rural gas boiler,3449240.82383
capital,Link,SE1 0,rural ground heat pump,852595686.68713
capital,Link,SE1 0,rural resistive heater,3312225.49565
capital,Link,SE1 0,urban central air heat pump,5201.4275
capital,Link,SE1 0,urban central gas CHP,1588.7533
capital,Link,SE1 0,urban central gas boiler,72017138.41633
capital,Link,SE1 0,urban central resistive heater,13503221.00046
capital,Link,SE1 0,urban central solid biomass CHP,341671537.07082
capital,Link,SE1 0,urban central solid biomass CHP CC,1499806119.72306
capital,Link,SE1 0,urban decentral air heat pump,1316374971.63017
capital,Link,SE1 0,urban decentral biomass boiler,714866825.67406
capital,Link,SE1 0,urban decentral gas boiler,68115411.8318
capital,Link,SE1 0,urban decentral resistive heater,48009768.06981
capital,Link,SE1 0,waste CHP,2964.3205
capital,Link,SI0 0,Combined-Cycle Gas,20329100.09542
capital,Link,SI0 0,H2 Electrolysis,3325.11816
capital,Link,SI0 0,Haber-Bosch,5453.69339
capital,Link,SI0 0,Open-Cycle Gas,1400.02478
capital,Link,SI0 0,SMR,9907.63708
capital,Link,SI0 0,Sabatier,821.4098
capital,Link,SI0 0,battery charger,64190.10806
capital,Link,SI0 0,biogas to gas,9107682.6746
capital,Link,SI0 0,biomass to liquid,2398.43096
capital,Link,SI0 0,biomass-to-methanol,4743.01145
capital,Link,SI0 0,electricity distribution grid,101016960.81524
capital,Link,SI0 0,gas pipeline,3321347.86477
capital,Link,SI0 0,heat100-200 industry electric boiler steam,210.69147
capital,Link,SI0 0,heat100-200 industry gas,1277464.87031
capital,Link,SI0 0,heat100-200 industry industrial heat pump high temperature,24968485.45877
capital,Link,SI0 0,heat100-200 industry solid biomass,3005.05226
capital,Link,SI0 0,heat200-500 industry gas,117445.14329
capital,Link,SI0 0,heat200-500 industry hydrogen,57.66396
capital,Link,SI0 0,heat200-500 industry solid biomass,1767548.17542
capital,Link,SI0 0,heat<100 industry electric boiler steam,197.43505
capital,Link,SI0 0,heat<100 industry gas,564318.73783
capital,Link,SI0 0,heat<100 industry industrial heat pump medium temperature,780852.79505
capital,Link,SI0 0,heat<100 industry solid biomass,8332187.96426
capital,Link,SI0 0,heat>500 industry gas,258044.16854
capital,Link,SI0 0,heat>500 industry hydrogen,89.82297
capital,Link,SI0 0,home battery charger,4227.46104
capital,Link,SI0 0,methanolisation,5996.71128
capital,Link,SI0 0,rural air heat pump,6510.99319
capital,Link,SI0 0,rural biomass boiler,142736714.77149
capital,Link,SI0 0,rural gas boiler,15082419.46597
capital,Link,SI0 0,rural ground heat pump,54465139.69426
capital,Link,SI0 0,rural resistive heater,1631964.9342
capital,Link,SI0 0,urban central air heat pump,6930.13234
capital,Link,SI0 0,urban central gas CHP,1818.79973
capital,Link,SI0 0,urban central gas boiler,2481747.95724
capital,Link,SI0 0,urban central resistive heater,583872.1574
capital,Link,SI0 0,urban central solid biomass CHP,42577674.11405
capital,Link,SI0 0,urban central solid biomass CHP CC,30398.90599
capital,Link,SI0 0,urban decentral air heat pump,8699594.83483
capital,Link,SI0 0,urban decentral biomass boiler,145968016.99687
capital,Link,SI0 0,urban decentral gas boiler,15423858.28683
capital,Link,SI0 0,urban decentral resistive heater,1785705.95004
capital,Link,SI0 0,waste CHP,3063.73598
capital,Link,SK0 0,Combined-Cycle Gas,81511680.78427
capital,Link,SK0 0,EAF,2418.58942
capital,Link,SK0 0,H2 DRI,1803.57896
capital,Link,SK0 0,H2 Electrolysis,3220.9051
capital,Link,SK0 0,Haber-Bosch,5310.71437
capital,Link,SK0 0,Open-Cycle Gas,1405.36257
capital,Link,SK0 0,SMR,10164.1219
capital,Link,SK0 0,Sabatier,819.60335
capital,Link,SK0 0,battery charger,34200.72353
capital,Link,SK0 0,biogas to gas,85452685.46142
capital,Link,SK0 0,biomass to liquid,2382.25034
capital,Link,SK0 0,biomass-to-methanol,4832.33799
capital,Link,SK0 0,electricity distribution grid,210856042.66012
capital,Link,SK0 0,gas DRI,2111.00872
capital,Link,SK0 0,heat100-200 industry electric boiler steam,256.4841
capital,Link,SK0 0,heat100-200 industry gas,2920816.2811
capital,Link,SK0 0,heat100-200 industry industrial heat pump high temperature,46622942.16585
capital,Link,SK0 0,heat100-200 industry solid biomass,8601645.35953
capital,Link,SK0 0,heat200-500 industry gas,274728.16901
capital,Link,SK0 0,heat200-500 industry hydrogen,54.84939
capital,Link,SK0 0,heat200-500 industry solid biomass,4134565.99193
capital,Link,SK0 0,heat<100 industry electric boiler steam,209.58748
capital,Link,SK0 0,heat<100 industry gas,1407690.82674
capital,Link,SK0 0,heat<100 industry industrial heat pump medium temperature,3307.37945
capital,Link,SK0 0,heat<100 industry solid biomass,22596655.26379
capital,Link,SK0 0,heat>500 industry gas,715199.88246
capital,Link,SK0 0,heat>500 industry hydrogen,103.02241
capital,Link,SK0 0,home battery charger,4221.67983
capital,Link,SK0 0,methanolisation,6258.53598
capital,Link,SK0 0,rural air heat pump,6803.40371
capital,Link,SK0 0,rural biomass boiler,12985709.66658
capital,Link,SK0 0,rural gas boiler,352189241.72972
capital,Link,SK0 0,rural ground heat pump,46887957.70813
capital,Link,SK0 0,rural resistive heater,3073802.64778
capital,Link,SK0 0,urban central air heat pump,5235.45927
capital,Link,SK0 0,urban central gas CHP,1881.73382
capital,Link,SK0 0,urban central gas boiler,6794097.48183
capital,Link,SK0 0,urban central resistive heater,1005639.03276
capital,Link,SK0 0,urban central solid biomass CHP,121703288.01993
capital,Link,SK0 0,urban central solid biomass CHP CC,38999.4371
capital,Link,SK0 0,urban decentral air heat pump,16822609.5463
capital,Link,SK0 0,urban decentral biomass boiler,11478982.03607
capital,Link,SK0 0,urban decentral gas boiler,311324839.60569
capital,Link,SK0 0,urban decentral resistive heater,2533368.99496
capital,Link,SK0 0,waste CHP,3387.1573
capital,Link,XK0 0,Combined-Cycle Gas,1760.12387
capital,Link,XK0 0,EAF,1767.09017
capital,Link,XK0 0,H2 DRI,1531.53017
capital,Link,XK0 0,H2 Electrolysis,4025.36054
capital,Link,XK0 0,Haber-Bosch,4463.53788
capital,Link,XK0 0,Open-Cycle Gas,1399.75882
capital,Link,XK0 0,SMR,47639.18025
capital,Link,XK0 0,Sabatier,812.17923
capital,Link,XK0 0,battery charger,11706350.41787
capital,Link,XK0 0,biogas to gas,2494503.99707
capital,Link,XK0 0,biomass to liquid,26724685.45245
capital,Link,XK0 0,biomass-to-methanol,5974.67075
capital,Link,XK0 0,electricity distribution grid,51486806.60449
capital,Link,XK0 0,gas DRI,1620.20106
capital,Link,XK0 0,heat100-200 industry electric boiler steam,281.72672
capital,Link,XK0 0,heat100-200 industry gas,117835.74756
capital,Link,XK0 0,heat100-200 industry industrial heat pump high temperature,3189.54841
capital,Link,XK0 0,heat100-200 industry solid biomass,1889129.95742
capital,Link,XK0 0,heat200-500 industry gas,14687.98384
capital,Link,XK0 0,heat200-500 industry hydrogen,72.13089
capital,Link,XK0 0,heat200-500 industry solid biomass,221086.2437
capital,Link,XK0 0,heat<100 industry electric boiler steam,284.84372
capital,Link,XK0 0,heat<100 industry gas,124038.60004
capital,Link,XK0 0,heat<100 industry industrial heat pump medium temperature,2317.9271
capital,Link,XK0 0,heat<100 industry solid biomass,1989108.95138
capital,Link,XK0 0,heat>500 industry gas,23196.72278
capital,Link,XK0 0,heat>500 industry hydrogen,121.40902
capital,Link,XK0 0,home battery charger,79268.82637
capital,Link,XK0 0,methanolisation,6617.32362
capital,Link,XK0 0,rural air heat pump,5704.31703
capital,Link,XK0 0,rural biomass boiler,17044.06383
capital,Link,XK0 0,rural gas boiler,2962.07102
capital,Link,XK0 0,rural ground heat pump,4846491.98666
capital,Link,XK0 0,rural resistive heater,2668.57311
capital,Link,XK0 0,urban central air heat pump,2287.98476
capital,Link,XK0 0,urban central gas CHP,1455.45314
capital,Link,XK0 0,urban central gas boiler,1331.78122
capital,Link,XK0 0,urban central resistive heater,53906.47959
capital,Link,XK0 0,urban central solid biomass CHP,1007259.69544
capital,Link,XK0 0,urban central solid biomass CHP CC,14995.85009
capital,Link,XK0 0,urban decentral air heat pump,6337.14513
capital,Link,XK0 0,urban decentral biomass boiler,3699782.82686
capital,Link,XK0 0,urban decentral gas boiler,1908.32825
capital,Link,XK0 0,urban decentral resistive heater,3856.4366
capital,Link,XK0 0,waste CHP,2206.07081
capital,StorageUnit,AL0 0,Reservoir & Dam,308888750.57444
capital,StorageUnit,AT0 0,Pumped Hydro Storage,968906199.16096
capital,StorageUnit,AT0 0,Reservoir & Dam,795309515.52648
capital,StorageUnit,BA0 0,Pumped Hydro Storage,80387443.22041
capital,StorageUnit,BA0 0,Reservoir & Dam,324016205.79865
capital,StorageUnit,BE0 0,Pumped Hydro Storage,238969944.84614
capital,StorageUnit,BE0 0,Reservoir & Dam,2326790.57208
capital,StorageUnit,BG0 0,Pumped Hydro Storage,157851706.68736
capital,StorageUnit,BG0 0,Reservoir & Dam,351720641.91216
capital,StorageUnit,CH0 0,Pumped Hydro Storage,933142921.86461
capital,StorageUnit,CH0 0,Reservoir & Dam,1910456916.79149
capital,StorageUnit,CZ0 0,Pumped Hydro Storage,214672758.22305
capital,StorageUnit,CZ0 0,Reservoir & Dam,122953307.34807
capital,StorageUnit,DE0 0,Pumped Hydro Storage,58463595.06939
capital,StorageUnit,DE0 1,Pumped Hydro Storage,283200943.09336
capital,StorageUnit,DE0 2,Pumped Hydro Storage,380652813.52212
capital,StorageUnit,DE0 3,Pumped Hydro Storage,107885064.36636
capital,StorageUnit,DE0 4,Pumped Hydro Storage,310204181.4635
capital,StorageUnit,DE0 5,Pumped Hydro Storage,182662194.84493
capital,StorageUnit,ES0 0,Pumped Hydro Storage,1369939056.52681
capital,StorageUnit,ES0 0,Reservoir & Dam,2495507959.01041
capital,StorageUnit,ES6 0,Pumped Hydro Storage,250735743.35386
capital,StorageUnit,ES6 0,Reservoir & Dam,230966826.77735
capital,StorageUnit,FI1 0,Reservoir & Dam,213940218.20706
capital,StorageUnit,FR0 0,Pumped Hydro Storage,147620577.55022
capital,StorageUnit,FR0 1,Pumped Hydro Storage,640779271.834
capital,StorageUnit,FR0 1,Reservoir & Dam,860935785.39339
capital,StorageUnit,FR0 2,Pumped Hydro Storage,168265534.55909
capital,StorageUnit,FR0 2,Reservoir & Dam,655378064.4141
capital,StorageUnit,FR0 4,Reservoir & Dam,25395124.10827
capital,StorageUnit,FR5 0,Reservoir & Dam,24657347.05265
capital,StorageUnit,GB2 0,Reservoir & Dam,14524549.40005
capital,StorageUnit,GB3 0,Pumped Hydro Storage,80387443.22041
capital,StorageUnit,GB3 0,Reservoir & Dam,25943220.31204
capital,StorageUnit,GR0 0,Pumped Hydro Storage,127706415.4797
capital,StorageUnit,GR0 0,Reservoir & Dam,468804952.96269
capital,StorageUnit,HR0 0,Pumped Hydro Storage,44889079.08922
capital,StorageUnit,HR0 0,Reservoir & Dam,265352456.70155
capital,StorageUnit,HU0 0,Reservoir & Dam,5115564.56857
capital,StorageUnit,IE3 0,Pumped Hydro Storage,71617903.96001
capital,StorageUnit,IE3 0,Reservoir & Dam,182698.73459
capital,StorageUnit,IT0 0,Pumped Hydro Storage,437746168.08208
capital,StorageUnit,IT0 0,Reservoir & Dam,133187377.51746
capital,StorageUnit,IT0 1,Pumped Hydro Storage,901782684.07192
capital,StorageUnit,IT0 1,Reservoir & Dam,618946773.05027
capital,StorageUnit,IT4 0,Pumped Hydro Storage,43847696.30204
capital,StorageUnit,IT4 0,Reservoir & Dam,14250501.29816
capital,StorageUnit,LT0 0,Pumped Hydro Storage,164428861.13267
capital,StorageUnit,LU0 0,Pumped Hydro Storage,236412162.56186
capital,StorageUnit,ME0 0,Pumped Hydro Storage,56088511.5197
capital,StorageUnit,ME0 0,Reservoir & Dam,63023938.18354
capital,StorageUnit,MK0 0,Reservoir & Dam,67781230.53358
capital,StorageUnit,NO1 0,Pumped Hydro Storage,42806313.51487
capital,StorageUnit,NO1 0,Reservoir & Dam,5530456951.94381
capital,StorageUnit,PL0 0,Pumped Hydro Storage,465516375.74004
capital,StorageUnit,PL0 0,Reservoir & Dam,24297768.01451
capital,StorageUnit,PT0 0,Pumped Hydro Storage,716727135.80383
capital,StorageUnit,PT0 0,Reservoir & Dam,211820912.88579
capital,StorageUnit,RO0 0,Reservoir & Dam,812998407.00966
capital,StorageUnit,RS0 0,Pumped Hydro Storage,112177023.0394
capital,StorageUnit,RS0 0,Reservoir & Dam,144350270.20102
capital,StorageUnit,SE1 0,Pumped Hydro Storage,16808283.58245
capital,StorageUnit,SE1 0,Reservoir & Dam,1987613629.76376
capital,StorageUnit,SI0 0,Pumped Hydro Storage,32885772.22653
capital,StorageUnit,SI0 0,Reservoir & Dam,105269183.88448
capital,StorageUnit,SK0 0,Pumped Hydro Storage,150273363.17649
capital,StorageUnit,SK0 0,Reservoir & Dam,51594122.64874
capital,StorageUnit,XK0 0,Reservoir & Dam,6394455.71071
capital,Store,AL0 0,Battery Storage,102872142.7211
capital,Store,AL0 0,H2 Store,2647.10675
capital,Store,AL0 0,co2 stored,2623.17204
capital,Store,AL0 0,gas,15480.37896
capital,Store,AL0 0,home battery,5845.88978
capital,Store,AT0 0,Battery Storage,87968.61786
capital,Store,AT0 0,H2 Store,2652.5021
capital,Store,AT0 0,co2 stored,2626.81223
capital,Store,AT0 0,gas,1558087448.34971
capital,Store,AT0 0,home battery,4927.08325
capital,Store,BA0 0,Battery Storage,9453699.23959
capital,Store,BA0 0,H2 Store,2633.38934
capital,Store,BA0 0,co2 stored,2622.27179
capital,Store,BA0 0,gas,20016.28561
capital,Store,BA0 0,home battery,10134.71006
capital,Store,BE0 0,Battery Storage,9984.19019
capital,Store,BE0 0,H2 Store,2667.2812
capital,Store,BE0 0,co2 stored,2634.70204
capital,Store,BE0 0,gas,9733966.89394
capital,Store,BE0 0,home battery,4219.76855
capital,Store,BG0 0,Battery Storage,228961030.4017
capital,Store,BG0 0,H2 Store,2651.06475
capital,Store,BG0 0,co2 sequestered,9062.61465
capital,Store,BG0 0,co2 stored,2623.83493
capital,Store,BG0 0,gas,101394916.00871
capital,Store,BG0 0,home battery,10178236.12657
capital,Store,CH0 0,Battery Storage,21539.26031
capital,Store,CH0 0,H2 Store,2639.42371
capital,Store,CH0 0,co2 stored,2628.85234
capital,Store,CH0 0,gas,181745.16346
capital,Store,CH0 0,home battery,323839.87968
capital,Store,CZ0 0,Battery Storage,32009.33799
capital,Store,CZ0 0,H2 Store,2650.48267
capital,Store,CZ0 0,co2 stored,2626.26404
capital,Store,CZ0 0,gas,655370297.84409
capital,Store,CZ0 0,home battery,6169.98218
capital,Store,DE0 0,Battery Storage,14306.29864
capital,Store,DE0 0,H2 Store,2665.99838
capital,Store,DE0 0,co2 sequestered,11416.38341
capital,Store,DE0 0,co2 stored,2652.86505
capital,Store,DE0 0,gas,1646934991.81114
capital,Store,DE0 0,home battery,4412.68136
capital,Store,DE0 1,Battery Storage,25053.219
capital,Store,DE0 1,H2 Store,2636.04698
capital,Store,DE0 1,co2 stored,2672.14963
capital,Store,DE0 1,gas,619966870.45849
capital,Store,DE0 1,home battery,4391.10499
capital,Store,DE0 2,Battery Storage,12604.10591
capital,Store,DE0 2,H2 Store,2695.90146
capital,Store,DE0 2,co2 sequestered,13182.48468
capital,Store,DE0 2,co2 stored,2645.19768
capital,Store,DE0 2,gas,1124457368.13833
capital,Store,DE0 2,home battery,4534.85802
capital,Store,DE0 3,Battery Storage,52257.86101
capital,Store,DE0 3,H2 Store,2644.33633
capital,Store,DE0 3,co2 stored,2633.33656
capital,Store,DE0 3,gas,604674152.35882
capital,Store,DE0 3,home battery,4834.44433
capital,Store,DE0 4,Battery Storage,37821.16042
capital,Store,DE0 4,H2 Store,2641.57394
capital,Store,DE0 4,co2 stored,2630.49771
capital,Store,DE0 4,gas,107937827.55441
capital,Store,DE0 4,home battery,4675.5741
capital,Store,DE0 5,Battery Storage,21672.88531
capital,Store,DE0 5,H2 Store,2655.51937
capital,Store,DE0 5,co2 stored,2632.3178
capital,Store,DE0 5,gas,617642973.62103
capital,Store,DE0 5,home battery,4683.62559
capital,Store,DK0 0,Battery Storage,11895.46228
capital,Store,DK0 0,H2 Store,2912.24865
capital,Store,DK0 0,co2 sequestered,5252.5866
capital,Store,DK0 0,co2 stored,2699.9008
capital,Store,DK0 0,gas,67934714.10236
capital,Store,DK0 0,home battery,7860.06362
capital,Store,DK1 0,Battery Storage,7861.68456
capital,Store,DK1 0,H2 Store,3437.92539
capital,Store,DK1 0,co2 sequestered,4387.4876
capital,Store,DK1 0,co2 stored,2730.84157
capital,Store,DK1 0,gas,121674128.73177
capital,Store,DK1 0,home battery,8978.98252
capital,Store,EE0 0,Battery Storage,5341.45006
capital,Store,EE0 0,H2 Store,2677.30341
capital,Store,EE0 0,co2 sequestered,82477.87083
capital,Store,EE0 0,co2 stored,2624.15622
capital,Store,EE0 0,gas,951775.47974
capital,Store,EE0 0,home battery,11855.86825
capital,Store,ES0 0,Battery Storage,2031915310.65469
capital,Store,ES0 0,H2 Store,2638.1098
capital,Store,ES0 0,co2 sequestered,3937.09651
capital,Store,ES0 0,co2 stored,2671.48586
capital,Store,ES0 0,gas,739155175.03942
capital,Store,ES0 0,home battery,5568.39207
capital,Store,ES6 0,Battery Storage,2905.86863
capital,Store,ES6 0,H2 Store,2622.91367
capital,Store,ES6 0,co2 stored,2633.69348
capital,Store,ES6 0,gas,114589.11694
capital,Store,ES6 0,home battery,10324.91605
capital,Store,EU,ammonia store,1048.7598
capital,Store,EU,methanol,0.0
capital,Store,EU,uranium,13121228610.73397
capital,Store,FI1 0,Battery Storage,3144.36491
capital,Store,FI1 0,H2 Store,2649.45129
capital,Store,FI1 0,co2 stored,3832.62918
capital,Store,FI1 0,gas,3445092.43306
capital,Store,FI1 0,home battery,11207.434
capital,Store,FR0 0,Battery Storage,7634.32697
capital,Store,FR0 0,H2 Store,2645.07948
capital,Store,FR0 0,co2 stored,2631.03227
capital,Store,FR0 0,gas,1806247337.06156
capital,Store,FR0 0,home battery,29324.6114
capital,Store,FR0 1,Battery Storage,10793.59523
capital,Store,FR0 1,H2 Store,2648.69623
capital,Store,FR0 1,co2 stored,2628.3391
capital,Store,FR0 1,gas,146008899.3494
capital,Store,FR0 1,home battery,25414.14736
capital,Store,FR0 2,Battery Storage,8315.12372
capital,Store,FR0 2,H2 Store,2643.78417
capital,Store,FR0 2,co2 stored,2629.27944
capital,Store,FR0 2,gas,588091906.47125
capital,Store,FR0 2,home battery,28650.95315
capital,Store,FR0 3,Battery Storage,7393.89842
capital,Store,FR0 3,H2 Store,2650.62635
capital,Store,FR0 3,co2 stored,2631.95527
capital,Store,FR0 3,gas,259734.35128
capital,Store,FR0 3,home battery,28818.83016
capital,Store,FR0 4,Battery Storage,9511.87478
capital,Store,FR0 4,H2 Store,2657.44737
capital,Store,FR0 4,co2 stored,2630.68618
capital,Store,FR0 4,gas,256202116.08069
capital,Store,FR0 4,home battery,24576.9196
capital,Store,FR5 0,Battery Storage,70079507.35882
capital,Store,FR5 0,H2 Store,2629.52294
capital,Store,FR5 0,co2 stored,2623.31945
capital,Store,FR5 0,gas,20548.20053
capital,Store,FR5 0,home battery,1231197.9393
capital,Store,GB2 0,Battery Storage,6873.5449
capital,Store,GB2 0,H2 Store,3864.07113
capital,Store,GB2 0,co2 sequestered,11531.55547
capital,Store,GB2 0,co2 stored,3101.71369
capital,Store,GB2 0,gas,586814203.18418
capital,Store,GB2 0,home battery,3790.1806
capital,Store,GB2 1,Battery Storage,7096.41268
capital,Store,GB2 1,H2 Store,2827.81677
capital,Store,GB2 1,co2 sequestered,5632.64064
capital,Store,GB2 1,co2 stored,2753.25961
capital,Store,GB2 1,gas,1806245640.38507
capital,Store,GB2 1,home battery,3818.38614
capital,Store,GB3 0,Battery Storage,6574.61572
capital,Store,GB3 0,H2 Store,3375.16601
capital,Store,GB3 0,co2 stored,2719.9952
capital,Store,GB3 0,gas,83830651.63336
capital,Store,GB3 0,home battery,3983.22154
capital,Store,GR0 0,Battery Storage,401927241.30426
capital,Store,GR0 0,H2 Store,2638.98119
capital,Store,GR0 0,co2 sequestered,10618.41887
capital,Store,GR0 0,co2 stored,2651.75649
capital,Store,GR0 0,gas,83830598.94689
capital,Store,GR0 0,home battery,10162.18934
capital,Store,HR0 0,Battery Storage,29468436.88374
capital,Store,HR0 0,H2 Store,2643.21966
capital,Store,HR0 0,co2 stored,2622.33026
capital,Store,HR0 0,gas,179142038.83801
capital,Store,HR0 0,home battery,5643.52761
capital,Store,HU0 0,Battery Storage,135618626.9977
capital,Store,HU0 0,H2 Store,2655.8071
capital,Store,HU0 0,co2 stored,2622.28486
capital,Store,HU0 0,gas,1593551651.2098
capital,Store,HU0 0,home battery,5734.08045
capital,Store,IE3 0,Battery Storage,6686.08171
capital,Store,IE3 0,H2 Store,2699.35305
capital,Store,IE3 0,co2 sequestered,8998.67371
capital,Store,IE3 0,co2 stored,2696.91084
capital,Store,IE3 0,gas,167661129.15028
capital,Store,IE3 0,home battery,3778.13458
capital,Store,IT0 0,Battery Storage,1743560315.1933
capital,Store,IT0 0,H2 Store,2634.24109
capital,Store,IT0 0,co2 sequestered,4704.75018
capital,Store,IT0 0,co2 stored,2669.06061
capital,Store,IT0 0,gas,862076584.3867
capital,Store,IT0 0,home battery,12532.95596
capital,Store,IT0 1,Battery Storage,330258913.83229
capital,Store,IT0 1,H2 Store,2635.492
capital,Store,IT0 1,co2 sequestered,10732.24484
capital,Store,IT0 1,co2 stored,2642.34438
capital,Store,IT0 1,gas,1806247222.36336
capital,Store,IT0 1,home battery,8938.18746
capital,Store,IT4 0,Battery Storage,228201313.75729
capital,Store,IT4 0,H2 Store,2633.06678
capital,Store,IT4 0,co2 stored,2623.97245
capital,Store,IT4 0,gas,792866.94453
capital,Store,IT4 0,home battery,6251.88251
capital,Store,LT0 0,Battery Storage,5725.56802
capital,Store,LT0 0,H2 Store,2679.65548
capital,Store,LT0 0,co2 sequestered,5348668.7212
capital,Store,LT0 0,co2 stored,5457.90587
capital,Store,LT0 0,gas,30786.71348
capital,Store,LT0 0,home battery,3322.05038
capital,Store,LU0 0,Battery Storage,26331.62719
capital,Store,LU0 0,H2 Store,2680.00192
capital,Store,LU0 0,co2 stored,2633.14225
capital,Store,LU0 0,gas,105941.44825
capital,Store,LU0 0,home battery,6427.85821
capital,Store,LV0 0,Battery Storage,5521.91936
capital,Store,LV0 0,H2 Store,2675.21667
capital,Store,LV0 0,co2 sequestered,11642891.26024
capital,Store,LV0 0,co2 stored,2618.21444
capital,Store,LV0 0,gas,435998333.96743
capital,Store,LV0 0,home battery,3371.50587
capital,Store,ME0 0,Battery Storage,116660950.1419
capital,Store,ME0 0,H2 Store,2647.03434
capital,Store,ME0 0,co2 stored,2622.85825
capital,Store,ME0 0,gas,7364.3713
capital,Store,ME0 0,home battery,9848.07198
capital,Store,MK0 0,Battery Storage,7873447.12149
capital,Store,MK0 0,H2 Store,2648.48291
capital,Store,MK0 0,co2 stored,2622.73223
capital,Store,MK0 0,gas,15253.01931
capital,Store,MK0 0,home battery,38884.33085
capital,Store,NL0 0,Battery Storage,11151.60501
capital,Store,NL0 0,H2 Store,2812.88545
capital,Store,NL0 0,co2 sequestered,7767.72309
capital,Store,NL0 0,co2 stored,2653.91252
capital,Store,NL0 0,gas,1806247863.34382
capital,Store,NL0 0,home battery,4576.6715
capital,Store,NO1 0,Battery Storage,2725.03779
capital,Store,NO1 0,H2 Store,2623.8509
capital,Store,NO1 0,co2 sequestered,3419.64491
capital,Store,NO1 0,co2 stored,2678.30291
capital,Store,NO1 0,gas,2623.98638
capital,Store,NO1 0,home battery,9748.52084
capital,Store,PL0 0,Battery Storage,21874.94813
capital,Store,PL0 0,H2 Store,2683.92112
capital,Store,PL0 0,co2 sequestered,29464.14981
capital,Store,PL0 0,co2 stored,2629.34538
capital,Store,PL0 0,gas,1806250142.24574
capital,Store,PL0 0,home battery,5069.0129
capital,Store,PT0 0,Battery Storage,124242.12162
capital,Store,PT0 0,H2 Store,2645.41435
capital,Store,PT0 0,co2 sequestered,6123.79808
capital,Store,PT0 0,co2 stored,2679.60201
capital,Store,PT0 0,gas,83830618.75326
capital,Store,PT0 0,home battery,19890.91015
capital,Store,RO0 0,Battery Storage,196169.08537
capital,Store,RO0 0,H2 Store,2635.44094
capital,Store,RO0 0,co2 stored,2622.31236
capital,Store,RO0 0,gas,925471108.62996
capital,Store,RO0 0,home battery,5501.52971
capital,Store,RS0 0,Battery Storage,10984521.12275
capital,Store,RS0 0,H2 Store,2644.82807
capital,Store,RS0 0,co2 stored,2621.81556
capital,Store,RS0 0,gas,83830427.23943
capital,Store,RS0 0,home battery,2504293.55117
capital,Store,SE1 0,Battery Storage,3029.01167
capital,Store,SE1 0,H2 Store,2638.51395
capital,Store,SE1 0,co2 sequestered,5418.4204
capital,Store,SE1 0,co2 stored,2672.54926
capital,Store,SE1 0,gas,63879208.61695
capital,Store,SE1 0,home battery,10901.93169
capital,Store,SI0 0,Battery Storage,198074.08806
capital,Store,SI0 0,H2 Store,2645.49062
capital,Store,SI0 0,co2 stored,2623.78901
capital,Store,SI0 0,gas,695987.07584
capital,Store,SI0 0,home battery,5311.09196
capital,Store,SK0 0,Battery Storage,105910.38439
capital,Store,SK0 0,H2 Store,2655.25906
capital,Store,SK0 0,co2 stored,2622.33629
capital,Store,SK0 0,gas,608405907.71964
capital,Store,SK0 0,home battery,5347.02679
capital,Store,XK0 0,Battery Storage,43403865.97067
capital,Store,XK0 0,H2 Store,2635.88566
capital,Store,XK0 0,co2 stored,2622.63541
capital,Store,XK0 0,gas,2970.41342
capital,Store,XK0 0,home battery,127944.36457
marginal,Generator,,co2-ets,17722100285.8567
marginal,Generator,AL0 0,Offshore Wind (AC),0.40793
marginal,Generator,AL0 0,Offshore Wind (Floating),0.34822
marginal,Generator,AL0 0,Onshore Wind,2115.56415
marginal,Generator,AL0 0,Run of River,2128.43636
marginal,Generator,AL0 0,Solar,8300.72598
marginal,Generator,AL0 0,forest residues,6443429.29504
marginal,Generator,AL0 0,industry wood,3919358.32106
marginal,Generator,AL0 0,landscape care,711.71828
marginal,Generator,AL0 0,manure and slurry,3204224.98448
marginal,Generator,AL0 0,municipal solid waste,1629.29542
marginal,Generator,AL0 0,rural heat vent,4.11164
marginal,Generator,AL0 0,rural solar thermal,0.35348
marginal,Generator,AL0 0,sewage sludge,59190.67806
marginal,Generator,AL0 0,solar-hsat,193495.58296
marginal,Generator,AL0 0,solid biomass,4573.54435
marginal,Generator,AL0 0,straw,1633514.65483
marginal,Generator,AL0 0,unsustainable solid biomass,17852715.36328
marginal,Generator,AL0 0,urban central heat vent,776.58336
marginal,Generator,AL0 0,urban central solar thermal,1.90981
marginal,Generator,AL0 0,urban decentral heat vent,3.74302
marginal,Generator,AL0 0,urban decentral solar thermal,0.32329
marginal,Generator,AT0 0,Onshore Wind,89310.98008
marginal,Generator,AT0 0,Run of River,204514.7002
marginal,Generator,AT0 0,Solar,8074.9514
marginal,Generator,AT0 0,forest residues,138825251.94901
marginal,Generator,AT0 0,gas,384497743.68924
marginal,Generator,AT0 0,industry wood,78666919.80166
marginal,Generator,AT0 0,landscape care,4082377.10842
marginal,Generator,AT0 0,manure and slurry,8767748.82631
marginal,Generator,AT0 0,municipal solid waste,7345.79324
marginal,Generator,AT0 0,rural solar thermal,0.10762
marginal,Generator,AT0 0,sewage sludge,6322187.4841
marginal,Generator,AT0 0,solar-hsat,1072152.7954
marginal,Generator,AT0 0,solid biomass,3035.02582
marginal,Generator,AT0 0,straw,24171675.55627
marginal,Generator,AT0 0,unsustainable biogas,102843192.74396
marginal,Generator,AT0 0,unsustainable bioliquids,420166567.60251
marginal,Generator,AT0 0,unsustainable solid biomass,520609888.20537
marginal,Generator,AT0 0,urban central heat vent,7489.79883
marginal,Generator,AT0 0,urban central solar thermal,0.55603
marginal,Generator,AT0 0,urban decentral heat vent,2.3322
marginal,Generator,AT0 0,urban decentral solar thermal,0.13406
marginal,Generator,BA0 0,Offshore Wind (AC),0.08114
marginal,Generator,BA0 0,Offshore Wind (Floating),0.02821
marginal,Generator,BA0 0,Onshore Wind,4055.39363
marginal,Generator,BA0 0,Solar,6405.24184
marginal,Generator,BA0 0,forest residues,8076280.7437
marginal,Generator,BA0 0,industry wood,13287579.87607
marginal,Generator,BA0 0,landscape care,1550.56979
marginal,Generator,BA0 0,manure and slurry,2853433.75313
marginal,Generator,BA0 0,municipal solid waste,469.44387
marginal,Generator,BA0 0,rural heat vent,6.13618
marginal,Generator,BA0 0,rural solar thermal,0.10393
marginal,Generator,BA0 0,sewage sludge,149922.11546
marginal,Generator,BA0 0,solar-hsat,215749.74732
marginal,Generator,BA0 0,solid biomass,5658.87299
marginal,Generator,BA0 0,straw,3037590.48478
marginal,Generator,BA0 0,unsustainable biogas,766899.0043
marginal,Generator,BA0 0,unsustainable solid biomass,161930048.28794
marginal,Generator,BA0 0,urban central heat vent,4525.90173
marginal,Generator,BA0 0,urban central solar thermal,0.57428
marginal,Generator,BA0 0,urban decentral heat vent,5.38392
marginal,Generator,BA0 0,urban decentral solar thermal,0.10947
marginal,Generator,BE0 0,Offshore Wind (AC),246837.80169
marginal,Generator,BE0 0,Offshore Wind (DC),96310.84577
marginal,Generator,BE0 0,Offshore Wind (Floating),0.24107
marginal,Generator,BE0 0,Onshore Wind,947244.25585
marginal,Generator,BE0 0,Run of River,2833.12541
marginal,Generator,BE0 0,Solar,9543.91465
marginal,Generator,BE0 0,forest residues,41724387.46727
marginal,Generator,BE0 0,gas,1754507886.10998
marginal,Generator,BE0 0,industry wood,11815353.9313
marginal,Generator,BE0 0,landscape care,5046218.61996
marginal,Generator,BE0 0,manure and slurry,68302241.4928
marginal,Generator,BE0 0,municipal solid waste,31697.77071
marginal,Generator,BE0 0,rural solar thermal,0.00637
marginal,Generator,BE0 0,sewage sludge,23150805.46728
marginal,Generator,BE0 0,solar-hsat,349249.14461
marginal,Generator,BE0 0,solid biomass,225849480.08842
marginal,Generator,BE0 0,straw,8230609.06164
marginal,Generator,BE0 0,unsustainable biogas,111024827.65927
marginal,Generator,BE0 0,unsustainable bioliquids,481333983.39246
marginal,Generator,BE0 0,unsustainable solid biomass,133295220.48911
marginal,Generator,BE0 0,urban central heat vent,11.93981
marginal,Generator,BE0 0,urban central solar thermal,0.12243
marginal,Generator,BE0 0,urban decentral heat vent,3.75416
marginal,Generator,BE0 0,urban decentral solar thermal,0.02676
marginal,Generator,BG0 0,Offshore Wind (AC),5.95117
marginal,Generator,BG0 0,Offshore Wind (DC),1240.73318
marginal,Generator,BG0 0,Offshore Wind (Floating),0.82656
marginal,Generator,BG0 0,Onshore Wind,15576.84437
marginal,Generator,BG0 0,Run of River,1568.64693
marginal,Generator,BG0 0,Solar,65041.62913
marginal,Generator,BG0 0,forest residues,65872487.31861
marginal,Generator,BG0 0,gas,264313197.74172
marginal,Generator,BG0 0,industry wood,19931512.62708
marginal,Generator,BG0 0,landscape care,4458487.17137
marginal,Generator,BG0 0,manure and slurry,10852423.14541
marginal,Generator,BG0 0,municipal solid waste,2957.0416
marginal,Generator,BG0 0,rural solar thermal,0.11332
marginal,Generator,BG0 0,sewage sludge,142.04175
marginal,Generator,BG0 0,solar-hsat,468931.17449
marginal,Generator,BG0 0,solid biomass,4217.38444
marginal,Generator,BG0 0,straw,32663896.74086
marginal,Generator,BG0 0,unsustainable biogas,24422926.19397
marginal,Generator,BG0 0,unsustainable bioliquids,174228532.28837
marginal,Generator,BG0 0,unsustainable solid biomass,180754370.55435
marginal,Generator,BG0 0,urban central heat vent,8362.03581
marginal,Generator,BG0 0,urban central solar thermal,0.33923
marginal,Generator,BG0 0,urban decentral heat vent,9.48482
marginal,Generator,BG0 0,urban decentral solar thermal,0.12726
marginal,Generator,CH0 0,Onshore Wind,549.72372
marginal,Generator,CH0 0,Run of River,115788.80392
marginal,Generator,CH0 0,Solar,2216.46756
marginal,Generator,CH0 0,forest residues,173386040.41845
marginal,Generator,CH0 0,industry wood,76653034.86543
marginal,Generator,CH0 0,landscape care,16176.15442
marginal,Generator,CH0 0,manure and slurry,206756.92048
marginal,Generator,CH0 0,municipal solid waste,73311.93559
marginal,Generator,CH0 0,rural solar thermal,0.0405
marginal,Generator,CH0 0,sewage sludge,4463.3161
marginal,Generator,CH0 0,solar-hsat,1252521.83291
marginal,Generator,CH0 0,solid biomass,3288.45323
marginal,Generator,CH0 0,straw,53709.86627
marginal,Generator,CH0 0,unsustainable solid biomass,2988.54932
marginal,Generator,CH0 0,urban central heat vent,8.73391
marginal,Generator,CH0 0,urban central solar thermal,0.31808
marginal,Generator,CH0 0,urban decentral heat vent,6.80216
marginal,Generator,CH0 0,urban decentral solar thermal,0.04443
marginal,Generator,CZ0 0,Onshore Wind,585393.65166
marginal,Generator,CZ0 0,Run of River,1320.13
marginal,Generator,CZ0 0,Solar,28530.81377
marginal,Generator,CZ0 0,forest residues,105287291.76366
marginal,Generator,CZ0 0,industry wood,51907075.57026
marginal,Generator,CZ0 0,landscape care,9266133.5753
marginal,Generator,CZ0 0,manure and slurry,80014313.33359
marginal,Generator,CZ0 0,municipal solid waste,3112.06207
marginal,Generator,CZ0 0,rural solar thermal,0.04666
marginal,Generator,CZ0 0,sewage sludge,867448.29725
marginal,Generator,CZ0 0,solar-hsat,55099.27411
marginal,Generator,CZ0 0,solid biomass,217114662.64897
marginal,Generator,CZ0 0,straw,40935301.12661
marginal,Generator,CZ0 0,unsustainable biogas,278560953.8969
marginal,Generator,CZ0 0,unsustainable bioliquids,295370935.84174
marginal,Generator,CZ0 0,unsustainable solid biomass,375902720.89569
marginal,Generator,CZ0 0,urban central heat vent,1.20305
marginal,Generator,CZ0 0,urban central solar thermal,0.55598
marginal,Generator,CZ0 0,urban decentral heat vent,2.00993
marginal,Generator,CZ0 0,urban decentral solar thermal,0.05133
marginal,Generator,DE0 0,Offshore Wind (AC),237497.78367
marginal,Generator,DE0 0,Offshore Wind (DC),201307.80133
marginal,Generator,DE0 0,Offshore Wind (Floating),0.21816
marginal,Generator,DE0 0,Onshore Wind,1398169.17203
marginal,Generator,DE0 0,Run of River,3335.27064
marginal,Generator,DE0 0,Solar,54101.4809
marginal,Generator,DE0 0,forest residues,86036353.76687
marginal,Generator,DE0 0,gas,1098569617.57691
marginal,Generator,DE0 0,industry wood,37419634.05362
marginal,Generator,DE0 0,landscape care,3005611.52964
marginal,Generator,DE0 0,manure and slurry,59648880.49939
marginal,Generator,DE0 0,municipal solid waste,18417.60618
marginal,Generator,DE0 0,rural solar thermal,0.03951
marginal,Generator,DE0 0,sewage sludge,2699303.63592
marginal,Generator,DE0 0,solar-hsat,131784.42271
marginal,Generator,DE0 0,solid biomass,5610.18326
marginal,Generator,DE0 0,straw,63127032.72879
marginal,Generator,DE0 0,unsustainable biogas,775566398.29191
marginal,Generator,DE0 0,unsustainable bioliquids,805908838.87754
marginal,Generator,DE0 0,unsustainable solid biomass,303406337.09383
marginal,Generator,DE0 0,urban central heat vent,7.97186
marginal,Generator,DE0 0,urban central solar thermal,0.13871
marginal,Generator,DE0 0,urban decentral heat vent,3.02466
marginal,Generator,DE0 0,urban decentral solar thermal,0.03352
marginal,Generator,DE0 1,Onshore Wind,138222.24307
marginal,Generator,DE0 1,Run of River,8849.71427
marginal,Generator,DE0 1,Solar,84493.5219
marginal,Generator,DE0 1,forest residues,69555759.22824
marginal,Generator,DE0 1,industry wood,29259222.34634
marginal,Generator,DE0 1,landscape care,2349222.47285
marginal,Generator,DE0 1,manure and slurry,15638931.10515
marginal,Generator,DE0 1,municipal solid waste,10094.16481
marginal,Generator,DE0 1,rural solar thermal,0.04086
marginal,Generator,DE0 1,sewage sludge,1492488.07553
marginal,Generator,DE0 1,solar-hsat,228040.20071
marginal,Generator,DE0 1,solid biomass,2908.19011
marginal,Generator,DE0 1,straw,31131756.55133
marginal,Generator,DE0 1,unsustainable biogas,469209808.5281
marginal,Generator,DE0 1,unsustainable bioliquids,487564752.16106
marginal,Generator,DE0 1,unsustainable solid biomass,183544115.06064
marginal,Generator,DE0 1,urban central heat vent,10136.49435
marginal,Generator,DE0 1,urban central solar thermal,0.18996
marginal,Generator,DE0 1,urban decentral heat vent,1.88442
marginal,Generator,DE0 1,urban decentral solar thermal,0.04262
marginal,Generator,DE0 2,Offshore Wind (AC),623866.67269
marginal,Generator,DE0 2,Offshore Wind (DC),2578804.60084
marginal,Generator,DE0 2,Offshore Wind (Floating),0.46172
marginal,Generator,DE0 2,Onshore Wind,397311.94367
marginal,Generator,DE0 2,Run of River,17046.44386
marginal,Generator,DE0 2,Solar,32373.39801
marginal,Generator,DE0 2,forest residues,60828778.06021
marginal,Generator,DE0 2,gas,2912151779.5428
marginal,Generator,DE0 2,industry wood,29224921.59515
marginal,Generator,DE0 2,landscape care,2349265.52467
marginal,Generator,DE0 2,manure and slurry,41497153.88794
marginal,Generator,DE0 2,municipal solid waste,26282.12126
marginal,Generator,DE0 2,rural solar thermal,0.02707
marginal,Generator,DE0 2,sewage sludge,4051520.72649
marginal,Generator,DE0 2,solar-hsat,381559.81076
marginal,Generator,DE0 2,solid biomass,556288352.37038
marginal,Generator,DE0 2,straw,30643914.63139
marginal,Generator,DE0 2,unsustainable biogas,546532943.18081
marginal,Generator,DE0 2,unsustainable bioliquids,567915258.61929
marginal,Generator,DE0 2,unsustainable solid biomass,213811213.19691
marginal,Generator,DE0 2,urban central heat vent,16.66398
marginal,Generator,DE0 2,urban central solar thermal,0.13439
marginal,Generator,DE0 2,urban decentral heat vent,6.04003
marginal,Generator,DE0 2,urban decentral solar thermal,0.02791
marginal,Generator,DE0 3,Onshore Wind,13590.31214
marginal,Generator,DE0 3,Run of River,127530.4362
marginal,Generator,DE0 3,Solar,101658.90323
marginal,Generator,DE0 3,forest residues,102410955.27648
marginal,Generator,DE0 3,industry wood,41048168.97682
marginal,Generator,DE0 3,landscape care,3291792.54532
marginal,Generator,DE0 3,manure and slurry,15608811.71321
marginal,Generator,DE0 3,municipal solid waste,12502.00264
marginal,Generator,DE0 3,rural solar thermal,0.06758
marginal,Generator,DE0 3,sewage sludge,1898700.45117
marginal,Generator,DE0 3,solar-hsat,575934.33202
marginal,Generator,DE0 3,solid biomass,3415.72596
marginal,Generator,DE0 3,straw,34890748.96485
marginal,Generator,DE0 3,unsustainable biogas,589809202.63713
marginal,Generator,DE0 3,unsustainable bioliquids,612884509.32366
marginal,Generator,DE0 3,unsustainable solid biomass,230720655.3454
marginal,Generator,DE0 3,urban central heat vent,5795.95593
marginal,Generator,DE0 3,urban central solar thermal,0.42032
marginal,Generator,DE0 3,urban decentral heat vent,1.81997
marginal,Generator,DE0 3,urban decentral solar thermal,0.06043
marginal,Generator,DE0 4,Onshore Wind,100041.13419
marginal,Generator,DE0 4,Run of River,33382.42585
marginal,Generator,DE0 4,Solar,48740.43567
marginal,Generator,DE0 4,forest residues,86922137.59101
marginal,Generator,DE0 4,industry wood,40436383.91924
marginal,Generator,DE0 4,landscape care,3244359.87852
marginal,Generator,DE0 4,manure and slurry,12110985.49626
marginal,Generator,DE0 4,municipal solid waste,25251.55795
marginal,Generator,DE0 4,rural solar thermal,0.05642
marginal,Generator,DE0 4,sewage sludge,3563262.0185
marginal,Generator,DE0 4,solar-hsat,628157.35161
marginal,Generator,DE0 4,solid biomass,872251252.56814
marginal,Generator,DE0 4,straw,28834415.88956
marginal,Generator,DE0 4,unsustainable biogas,577213831.27192
marginal,Generator,DE0 4,unsustainable bioliquids,599785343.94189
marginal,Generator,DE0 4,unsustainable solid biomass,225804526.78384
marginal,Generator,DE0 4,urban central heat vent,6.45064
marginal,Generator,DE0 4,urban central solar thermal,0.26459
marginal,Generator,DE0 4,urban decentral heat vent,1.79687
marginal,Generator,DE0 4,urban decentral solar thermal,0.05071
marginal,Generator,DE0 5,Offshore Wind (AC),208005.58788
marginal,Generator,DE0 5,Offshore Wind (DC),30699.12467
marginal,Generator,DE0 5,Offshore Wind (Floating),0.29222
marginal,Generator,DE0 5,Onshore Wind,1399248.55394
marginal,Generator,DE0 5,Run of River,4329.20474
marginal,Generator,DE0 5,Solar,230703.94424
marginal,Generator,DE0 5,forest residues,97049980.64481
marginal,Generator,DE0 5,gas,1334877677.45625
marginal,Generator,DE0 5,industry wood,40174163.57547
marginal,Generator,DE0 5,landscape care,3229053.56259
marginal,Generator,DE0 5,manure and slurry,37720408.36431
marginal,Generator,DE0 5,municipal solid waste,16171.78377
marginal,Generator,DE0 5,rural solar thermal,0.04036
marginal,Generator,DE0 5,sewage sludge,2528921.91015
marginal,Generator,DE0 5,solar-hsat,298754.29472
marginal,Generator,DE0 5,solid biomass,7972.17083
marginal,Generator,DE0 5,straw,35470787.43248
marginal,Generator,DE0 5,unsustainable biogas,681456450.9761
marginal,Generator,DE0 5,unsustainable bioliquids,708107207.10596
marginal,Generator,DE0 5,unsustainable solid biomass,266575433.16893
marginal,Generator,DE0 5,urban central heat vent,8.09521
marginal,Generator,DE0 5,urban central solar thermal,0.18821
marginal,Generator,DE0 5,urban decentral heat vent,3.12114
marginal,Generator,DE0 5,urban decentral solar thermal,0.04113
marginal,Generator,DK0 0,Offshore Wind (AC),136815.29815
marginal,Generator,DK0 0,Offshore Wind (DC),16.91969
marginal,Generator,DK0 0,Offshore Wind (Floating),1.06085
marginal,Generator,DK0 0,Onshore Wind,1609305.87347
marginal,Generator,DK0 0,Solar,32956.62285
marginal,Generator,DK0 0,forest residues,17048177.03854
marginal,Generator,DK0 0,gas,430887397.28618
marginal,Generator,DK0 0,industry wood,6143621.04073
marginal,Generator,DK0 0,landscape care,1932620.64405
marginal,Generator,DK0 0,manure and slurry,59766715.24446
marginal,Generator,DK0 0,municipal solid waste,10620.69718
marginal,Generator,DK0 0,rural solar thermal,0.01342
marginal,Generator,DK0 0,sewage sludge,241269.33243
marginal,Generator,DK0 0,solar-hsat,5.4166
marginal,Generator,DK0 0,solid biomass,2737.05814
marginal,Generator,DK0 0,straw,21895462.7719
marginal,Generator,DK0 0,unsustainable biogas,138222725.71973
marginal,Generator,DK0 0,unsustainable bioliquids,2641886.71366
marginal,Generator,DK0 0,unsustainable solid biomass,121969509.17698
marginal,Generator,DK0 0,urban central heat vent,35.81192
marginal,Generator,DK0 0,urban central solar thermal,0.09732
marginal,Generator,DK0 0,urban decentral heat vent,13.81474
marginal,Generator,DK0 0,urban decentral solar thermal,0.02532
marginal,Generator,DK1 0,Offshore Wind (AC),93589.69722
marginal,Generator,DK1 0,Offshore Wind (DC),1.36069
marginal,Generator,DK1 0,Offshore Wind (Floating),0.7669
marginal,Generator,DK1 0,Onshore Wind,615507.89165
marginal,Generator,DK1 0,Solar,11799.55513
marginal,Generator,DK1 0,forest residues,4453795.94611
marginal,Generator,DK1 0,industry wood,1980320.70302
marginal,Generator,DK1 0,landscape care,634475.90594
marginal,Generator,DK1 0,manure and slurry,16624995.14669
marginal,Generator,DK1 0,municipal solid waste,10628.27445
marginal,Generator,DK1 0,rural solar thermal,0.01507
marginal,Generator,DK1 0,sewage sludge,200627.88948
marginal,Generator,DK1 0,solar-hsat,27294.00805
marginal,Generator,DK1 0,solid biomass,71229.80642
marginal,Generator,DK1 0,straw,5571914.4919
marginal,Generator,DK1 0,unsustainable biogas,50460560.96647
marginal,Generator,DK1 0,unsustainable bioliquids,964474.17736
marginal,Generator,DK1 0,unsustainable solid biomass,44541235.748
marginal,Generator,DK1 0,urban central heat vent,41.58304
marginal,Generator,DK1 0,urban central solar thermal,0.12001
marginal,Generator,DK1 0,urban decentral heat vent,14.04627
marginal,Generator,DK1 0,urban decentral solar thermal,0.03765
marginal,Generator,EE0 0,Offshore Wind (AC),13.92793
marginal,Generator,EE0 0,Offshore Wind (DC),9.09688
marginal,Generator,EE0 0,Offshore Wind (Floating),0.97789
marginal,Generator,EE0 0,Onshore Wind,259377.90377
marginal,Generator,EE0 0,Solar,8152.10574
marginal,Generator,EE0 0,forest residues,46336224.57996
marginal,Generator,EE0 0,industry wood,28509074.03837
marginal,Generator,EE0 0,landscape care,1909921.41666
marginal,Generator,EE0 0,manure and slurry,14411989.19228
marginal,Generator,EE0 0,municipal solid waste,3189.08697
marginal,Generator,EE0 0,rural solar thermal,0.02813
marginal,Generator,EE0 0,sewage sludge,1.85068
marginal,Generator,EE0 0,solar-hsat,16726.95859
marginal,Generator,EE0 0,solid biomass,2544.67154
marginal,Generator,EE0 0,straw,4825152.61074
marginal,Generator,EE0 0,unsustainable biogas,6651483.27261
marginal,Generator,EE0 0,unsustainable solid biomass,196664303.66252
marginal,Generator,EE0 0,urban central heat vent,5958.86312
marginal,Generator,EE0 0,urban central solar thermal,0.0844
marginal,Generator,EE0 0,urban decentral heat vent,4.34031
marginal,Generator,EE0 0,urban decentral solar thermal,0.02075
marginal,Generator,ES0 0,Offshore Wind (AC),1148.67001
marginal,Generator,ES0 0,Offshore Wind (Floating),0.78853
marginal,Generator,ES0 0,Onshore Wind,900632.53727
marginal,Generator,ES0 0,Run of River,1977.63119
marginal,Generator,ES0 0,Solar,825489.73431
marginal,Generator,ES0 0,forest residues,155899271.6604
marginal,Generator,ES0 0,gas,1807227219.60626
marginal,Generator,ES0 0,industry wood,56074132.33684
marginal,Generator,ES0 0,landscape care,22171742.01657
marginal,Generator,ES0 0,manure and slurry,181500765.67896
marginal,Generator,ES0 0,municipal solid waste,24500.15652
marginal,Generator,ES0 0,rural solar thermal,0.14372
marginal,Generator,ES0 0,sewage sludge,2492376.62158
marginal,Generator,ES0 0,solar-hsat,4216759.57259
marginal,Generator,ES0 0,solid biomass,9419.92901
marginal,Generator,ES0 0,straw,100481203.64514
marginal,Generator,ES0 0,unsustainable biogas,138401803.82768
marginal,Generator,ES0 0,unsustainable bioliquids,2181179844.63278
marginal,Generator,ES0 0,unsustainable solid biomass,557027187.14744
marginal,Generator,ES0 0,urban central heat vent,27.76243
marginal,Generator,ES0 0,urban central solar thermal,1.79331
marginal,Generator,ES0 0,urban decentral heat vent,13.40531
marginal,Generator,ES0 0,urban decentral solar thermal,2.25034
marginal,Generator,ES6 0,Offshore Wind (AC),0.49144
marginal,Generator,ES6 0,Offshore Wind (Floating),0.31489
marginal,Generator,ES6 0,Onshore Wind,1.70861
marginal,Generator,ES6 0,Run of River,2308.30377
marginal,Generator,ES6 0,Solar,8534.38123
marginal,Generator,ES6 0,forest residues,1175796.47864
marginal,Generator,ES6 0,industry wood,491787.74497
marginal,Generator,ES6 0,landscape care,174249.57544
marginal,Generator,ES6 0,manure and slurry,344793.82151
marginal,Generator,ES6 0,municipal solid waste,1336.86811
marginal,Generator,ES6 0,rural solar thermal,0.49623
marginal,Generator,ES6 0,sewage sludge,62290.72858
marginal,Generator,ES6 0,solar-hsat,51751.47064
marginal,Generator,ES6 0,solid biomass,3126083.11664
marginal,Generator,ES6 0,straw,934242.7248
marginal,Generator,ES6 0,unsustainable biogas,1083300.61135
marginal,Generator,ES6 0,unsustainable bioliquids,17072362.26786
marginal,Generator,ES6 0,unsustainable solid biomass,4374258.89595
marginal,Generator,ES6 0,urban central heat vent,3223.94177
marginal,Generator,ES6 0,urban central solar thermal,0.4204
marginal,Generator,ES6 0,urban decentral heat vent,11.47619
marginal,Generator,ES6 0,urban decentral solar thermal,0.12503
marginal,Generator,EU,co2-ets,158035968691.8806
marginal,Generator,EU,coal,2914132371.19396
marginal,Generator,EU,lignite,11732.29027
marginal,Generator,EU,oil primary,279724131809.9367
marginal,Generator,EU,uranium,6565301339.37718
marginal,Generator,FI1 0,Offshore Wind (AC),20.27949
marginal,Generator,FI1 0,Offshore Wind (DC),619903.7257
marginal,Generator,FI1 0,Offshore Wind (Floating),1.12716
marginal,Generator,FI1 0,Onshore Wind,470740.21555
marginal,Generator,FI1 0,Run of River,76005.20403
marginal,Generator,FI1 0,Solar,2785.55221
marginal,Generator,FI1 0,forest residues,233625206.83771
marginal,Generator,FI1 0,gas,551178233.24874
marginal,Generator,FI1 0,industry wood,126203257.28003
marginal,Generator,FI1 0,landscape care,7501140.94197
marginal,Generator,FI1 0,manure and slurry,6671113.45834
marginal,Generator,FI1 0,municipal solid waste,10365.15927
marginal,Generator,FI1 0,rural solar thermal,0.01772
marginal,Generator,FI1 0,sewage sludge,5850616.72525
marginal,Generator,FI1 0,solar-hsat,31260.40849
marginal,Generator,FI1 0,solid biomass,2740.83287
marginal,Generator,FI1 0,straw,15177318.36574
marginal,Generator,FI1 0,unsustainable biogas,89879854.92129
marginal,Generator,FI1 0,unsustainable bioliquids,430649345.62687
marginal,Generator,FI1 0,unsustainable solid biomass,962739185.85495
marginal,Generator,FI1 0,urban central heat vent,4944.71779
marginal,Generator,FI1 0,urban central solar thermal,0.06815
marginal,Generator,FI1 0,urban decentral heat vent,2.11523
marginal,Generator,FI1 0,urban decentral solar thermal,0.01858
marginal,Generator,FR0 0,Offshore Wind (AC),347956.75797
marginal,Generator,FR0 0,Offshore Wind (DC),302509.40579
marginal,Generator,FR0 0,Offshore Wind (Floating),0.27729
marginal,Generator,FR0 0,Onshore Wind,721092.43286
marginal,Generator,FR0 0,Solar,32073.37002
marginal,Generator,FR0 0,forest residues,38254762.93514
marginal,Generator,FR0 0,gas,2912395872.898
marginal,Generator,FR0 0,industry wood,39845390.33475
marginal,Generator,FR0 0,landscape care,7637289.34054
marginal,Generator,FR0 0,manure and slurry,73607896.76993
marginal,Generator,FR0 0,municipal solid waste,25150.58777
marginal,Generator,FR0 0,rural solar thermal,0.02052
marginal,Generator,FR0 0,sewage sludge,14967.11583
marginal,Generator,FR0 0,solar-hsat,1.32139
marginal,Generator,FR0 0,solid biomass,9151.38391
marginal,Generator,FR0 0,straw,107857559.55743
marginal,Generator,FR0 0,unsustainable biogas,157962219.65663
marginal,Generator,FR0 0,unsustainable bioliquids,893890313.66058
marginal,Generator,FR0 0,unsustainable solid biomass,391614835.5722
marginal,Generator,FR0 0,urban central heat vent,20.66478
marginal,Generator,FR0 0,urban central solar thermal,0.13601
marginal,Generator,FR0 0,urban decentral heat vent,8.50851
marginal,Generator,FR0 0,urban decentral solar thermal,0.02746
marginal,Generator,FR0 1,Offshore Wind (AC),145351.58291
marginal,Generator,FR0 1,Offshore Wind (Floating),1.57642
marginal,Generator,FR0 1,Onshore Wind,41550.8592
marginal,Generator,FR0 1,Run of River,136654.65789
marginal,Generator,FR0 1,Solar,73876.71463
marginal,Generator,FR0 1,forest residues,48949344.86183
marginal,Generator,FR0 1,gas,1180958868.41012
marginal,Generator,FR0 1,industry wood,48023727.21903
marginal,Generator,FR0 1,landscape care,9205609.94471
marginal,Generator,FR0 1,manure and slurry,38616658.63722
marginal,Generator,FR0 1,municipal solid waste,17753.67915
marginal,Generator,FR0 1,rural solar thermal,0.0883
marginal,Generator,FR0 1,sewage sludge,2968.36377
marginal,Generator,FR0 1,solar-hsat,857807.00006
marginal,Generator,FR0 1,solid biomass,59034904.22806
marginal,Generator,FR0 1,straw,15603591.01274
marginal,Generator,FR0 1,unsustainable biogas,53988547.69722
marginal,Generator,FR0 1,unsustainable bioliquids,305510426.87163
marginal,Generator,FR0 1,unsustainable solid biomass,133865298.83222
marginal,Generator,FR0 1,urban central heat vent,21.29158
marginal,Generator,FR0 1,urban central solar thermal,0.66279
marginal,Generator,FR0 1,urban decentral heat vent,8.63512
marginal,Generator,FR0 1,urban decentral solar thermal,0.14219
marginal,Generator,FR0 2,Offshore Wind (AC),3.90825
marginal,Generator,FR0 2,Offshore Wind (DC),26479.28582
marginal,Generator,FR0 2,Offshore Wind (Floating),0.73123
marginal,Generator,FR0 2,Onshore Wind,103128.3534
marginal,Generator,FR0 2,Run of River,42655.71729
marginal,Generator,FR0 2,Solar,119988.8556
marginal,Generator,FR0 2,forest residues,94732405.70015
marginal,Generator,FR0 2,industry wood,77521590.94675
marginal,Generator,FR0 2,landscape care,14897274.46956
marginal,Generator,FR0 2,manure and slurry,60994166.9899
marginal,Generator,FR0 2,municipal solid waste,11397.08259
marginal,Generator,FR0 2,rural solar thermal,0.07499
marginal,Generator,FR0 2,sewage sludge,2227.15812
marginal,Generator,FR0 2,solar-hsat,14.79477
marginal,Generator,FR0 2,solid biomass,2148.29846
marginal,Generator,FR0 2,straw,34673050.00367
marginal,Generator,FR0 2,unsustainable biogas,93446124.25581
marginal,Generator,FR0 2,unsustainable bioliquids,528802518.8235
marginal,Generator,FR0 2,unsustainable solid biomass,231681645.49599
marginal,Generator,FR0 2,urban central heat vent,12613.87018
marginal,Generator,FR0 2,urban central solar thermal,0.25238
marginal,Generator,FR0 2,urban decentral heat vent,8.30257
marginal,Generator,FR0 2,urban decentral solar thermal,0.08695
marginal,Generator,FR0 3,Offshore Wind (AC),1289053.19386
marginal,Generator,FR0 3,Offshore Wind (DC),360928.35391
marginal,Generator,FR0 3,Offshore Wind (Floating),1.21958
marginal,Generator,FR0 3,Onshore Wind,186553.705
marginal,Generator,FR0 3,Solar,19144.86453
marginal,Generator,FR0 3,forest residues,20661696.52246
marginal,Generator,FR0 3,gas,198991261.30149
marginal,Generator,FR0 3,industry wood,19979572.66523
marginal,Generator,FR0 3,landscape care,3833510.04539
marginal,Generator,FR0 3,manure and slurry,236940742.40507
marginal,Generator,FR0 3,municipal solid waste,12179.3033
marginal,Generator,FR0 3,rural solar thermal,0.03721
marginal,Generator,FR0 3,sewage sludge,2047.63605
marginal,Generator,FR0 3,solar-hsat,1.67597
marginal,Generator,FR0 3,solid biomass,4430.30648
marginal,Generator,FR0 3,straw,41265685.70474
marginal,Generator,FR0 3,unsustainable biogas,89437673.73356
marginal,Generator,FR0 3,unsustainable bioliquids,506105034.42012
marginal,Generator,FR0 3,unsustainable solid biomass,221718338.86256
marginal,Generator,FR0 3,urban central heat vent,18.47723
marginal,Generator,FR0 3,urban central solar thermal,0.17681
marginal,Generator,FR0 3,urban decentral heat vent,9.60965
marginal,Generator,FR0 3,urban decentral solar thermal,0.03877
marginal,Generator,FR0 4,Onshore Wind,140961.45
marginal,Generator,FR0 4,Run of River,46574.69405
marginal,Generator,FR0 4,Solar,18941.9395
marginal,Generator,FR0 4,forest residues,49937169.97316
marginal,Generator,FR0 4,industry wood,47116267.24861
marginal,Generator,FR0 4,landscape care,9051303.2554
marginal,Generator,FR0 4,manure and slurry,46721912.47903
marginal,Generator,FR0 4,municipal solid waste,8988.36993
marginal,Generator,FR0 4,rural solar thermal,0.03432
marginal,Generator,FR0 4,sewage sludge,4029.57732
marginal,Generator,FR0 4,solar-hsat,1.39922
marginal,Generator,FR0 4,solid biomass,2322.38613
marginal,Generator,FR0 4,straw,35121560.44891
marginal,Generator,FR0 4,unsustainable biogas,70204063.47118
marginal,Generator,FR0 4,unsustainable bioliquids,397270441.12959
marginal,Generator,FR0 4,unsustainable solid biomass,174057192.34416
marginal,Generator,FR0 4,urban central heat vent,5749.12009
marginal,Generator,FR0 4,urban central solar thermal,0.13887
marginal,Generator,FR0 4,urban decentral heat vent,653.06372
marginal,Generator,FR0 4,urban decentral solar thermal,0.03959
marginal,Generator,FR5 0,Offshore Wind (AC),0.44515
marginal,Generator,FR5 0,Offshore Wind (Floating),0.33478
marginal,Generator,FR5 0,Onshore Wind,487.89753
marginal,Generator,FR5 0,Solar,2.21579
marginal,Generator,FR5 0,forest residues,1128752.91957
marginal,Generator,FR5 0,industry wood,1152537.01097
marginal,Generator,FR5 0,landscape care,228358.20828
marginal,Generator,FR5 0,manure and slurry,353476.64717
marginal,Generator,FR5 0,municipal solid waste,1165.31326
marginal,Generator,FR5 0,rural solar thermal,0.18053
marginal,Generator,FR5 0,sewage sludge,68.24352
marginal,Generator,FR5 0,solar-hsat,85850.14228
marginal,Generator,FR5 0,solid biomass,233394.88163
marginal,Generator,FR5 0,straw,555653.48944
marginal,Generator,FR5 0,unsustainable biogas,1095361.85905
marginal,Generator,FR5 0,unsustainable bioliquids,6198406.53532
marginal,Generator,FR5 0,unsustainable solid biomass,2728356.29707
marginal,Generator,FR5 0,urban decentral heat vent,1.5579
marginal,Generator,GB2 0,Offshore Wind (AC),1239810.91582
marginal,Generator,GB2 0,Offshore Wind (DC),1966049.88683
marginal,Generator,GB2 0,Offshore Wind (Floating),1.76181
marginal,Generator,GB2 0,Onshore Wind,807639.81598
marginal,Generator,GB2 0,Run of River,39875.67102
marginal,Generator,GB2 0,Solar,29454.99778
marginal,Generator,GB2 0,forest residues,47697960.70293
marginal,Generator,GB2 0,gas,1221891907.88537
marginal,Generator,GB2 0,industry wood,27510144.77503
marginal,Generator,GB2 0,landscape care,9017423.32468
marginal,Generator,GB2 0,manure and slurry,122578281.02331
marginal,Generator,GB2 0,municipal solid waste,5543.40614
marginal,Generator,GB2 0,rural solar thermal,0.01313
marginal,Generator,GB2 0,sewage sludge,92891.35425
marginal,Generator,GB2 0,solar-hsat,4.72661
marginal,Generator,GB2 0,solid biomass,3111.97024
marginal,Generator,GB2 0,straw,15179695.43104
marginal,Generator,GB2 0,unsustainable biogas,479754198.98679
marginal,Generator,GB2 0,unsustainable bioliquids,225892064.47081
marginal,Generator,GB2 0,unsustainable solid biomass,191573706.79381
marginal,Generator,GB2 0,urban central heat vent,3500.44116
marginal,Generator,GB2 0,urban central solar thermal,0.07774
marginal,Generator,GB2 0,urban decentral heat vent,9.28429
marginal,Generator,GB2 0,urban decentral solar thermal,0.01504
marginal,Generator,GB2 1,Offshore Wind (AC),1768294.90065
marginal,Generator,GB2 1,Offshore Wind (DC),1255654.43411
marginal,Generator,GB2 1,Offshore Wind (Floating),1.25277
marginal,Generator,GB2 1,Onshore Wind,1162538.53352
marginal,Generator,GB2 1,Solar,191559.60845
marginal,Generator,GB2 1,forest residues,16396595.20065
marginal,Generator,GB2 1,gas,2722515589.65835
marginal,Generator,GB2 1,industry wood,8793977.66037
marginal,Generator,GB2 1,landscape care,2928623.49126
marginal,Generator,GB2 1,manure and slurry,123916324.89792
marginal,Generator,GB2 1,municipal solid waste,7053.69709
marginal,Generator,GB2 1,rural solar thermal,0.02784
marginal,Generator,GB2 1,sewage sludge,121647.96384
marginal,Generator,GB2 1,solar-hsat,524905.5034
marginal,Generator,GB2 1,solid biomass,3923.25015
marginal,Generator,GB2 1,straw,60453987.00063
marginal,Generator,GB2 1,unsustainable biogas,778290935.44937
marginal,Generator,GB2 1,unsustainable bioliquids,366450600.65678
marginal,Generator,GB2 1,unsustainable solid biomass,310767718.66609
marginal,Generator,GB2 1,urban central heat vent,20.5751
marginal,Generator,GB2 1,urban central solar thermal,0.11629
marginal,Generator,GB2 1,urban decentral heat vent,8.5117
marginal,Generator,GB2 1,urban decentral solar thermal,0.02813
marginal,Generator,GB3 0,Offshore Wind (AC),14623.37769
marginal,Generator,GB3 0,Offshore Wind (DC),258448.54834
marginal,Generator,GB3 0,Offshore Wind (Floating),1.47916
marginal,Generator,GB3 0,Onshore Wind,99119.49556
marginal,Generator,GB3 0,Run of River,9828.38726
marginal,Generator,GB3 0,Solar,3975.36594
marginal,Generator,GB3 0,forest residues,2369726.15552
marginal,Generator,GB3 0,industry wood,1251554.83342
marginal,Generator,GB3 0,landscape care,405026.95071
marginal,Generator,GB3 0,manure and slurry,32095664.51629
marginal,Generator,GB3 0,municipal solid waste,1125.12831
marginal,Generator,GB3 0,rural solar thermal,0.01609
marginal,Generator,GB3 0,sewage sludge,7285.9547
marginal,Generator,GB3 0,solar-hsat,11.21034
marginal,Generator,GB3 0,solid biomass,2169.19082
marginal,Generator,GB3 0,straw,90229.09187
marginal,Generator,GB3 0,unsustainable biogas,57724353.77239
marginal,Generator,GB3 0,unsustainable bioliquids,27179370.15981
marginal,Generator,GB3 0,unsustainable solid biomass,23052064.33818
marginal,Generator,GB3 0,urban central heat vent,988.92427
marginal,Generator,GB3 0,urban central solar thermal,0.05632
marginal,Generator,GB3 0,urban decentral heat vent,9.63454
marginal,Generator,GB3 0,urban decentral solar thermal,0.01474
marginal,Generator,GR0 0,Offshore Wind (AC),1.23431
marginal,Generator,GR0 0,Offshore Wind (DC),562759.15216
marginal,Generator,GR0 0,Offshore Wind (Floating),0.96829
marginal,Generator,GR0 0,Onshore Wind,171298.92765
marginal,Generator,GR0 0,Run of River,1756.18081
marginal,Generator,GR0 0,Solar,122819.18982
marginal,Generator,GR0 0,forest residues,11637341.7452
marginal,Generator,GR0 0,gas,100046605.47462
marginal,Generator,GR0 0,industry wood,9214433.32514
marginal,Generator,GR0 0,landscape care,5155025.51962
marginal,Generator,GR0 0,manure and slurry,12438030.45846
marginal,Generator,GR0 0,municipal solid waste,2907.14628
marginal,Generator,GR0 0,rural solar thermal,0.38379
marginal,Generator,GR0 0,sewage sludge,848684.53267
marginal,Generator,GR0 0,solar-hsat,774422.44571
marginal,Generator,GR0 0,solid biomass,112840772.01846
marginal,Generator,GR0 0,straw,20668378.50665
marginal,Generator,GR0 0,unsustainable biogas,59907219.06887
marginal,Generator,GR0 0,unsustainable bioliquids,190424283.35439
marginal,Generator,GR0 0,unsustainable solid biomass,86011753.64824
marginal,Generator,GR0 0,urban central heat vent,27.5551
marginal,Generator,GR0 0,urban central solar thermal,0.99087
marginal,Generator,GR0 0,urban decentral heat vent,11.77446
marginal,Generator,GR0 0,urban decentral solar thermal,0.26707
marginal,Generator,HR0 0,Offshore Wind (AC),0.98333
marginal,Generator,HR0 0,Offshore Wind (DC),1.34137
marginal,Generator,HR0 0,Offshore Wind (Floating),0.35482
marginal,Generator,HR0 0,Onshore Wind,22957.54468
marginal,Generator,HR0 0,Run of River,10856.82967
marginal,Generator,HR0 0,Solar,1969.9207
marginal,Generator,HR0 0,forest residues,22164543.3163
marginal,Generator,HR0 0,industry wood,16494663.3304
marginal,Generator,HR0 0,landscape care,1698388.81184
marginal,Generator,HR0 0,manure and slurry,5667271.63202
marginal,Generator,HR0 0,municipal solid waste,589.95458
marginal,Generator,HR0 0,rural solar thermal,0.16473
marginal,Generator,HR0 0,sewage sludge,67920.98263
marginal,Generator,HR0 0,solar-hsat,231798.17933
marginal,Generator,HR0 0,solid biomass,2649.22091
marginal,Generator,HR0 0,straw,10650617.83733
marginal,Generator,HR0 0,unsustainable biogas,39402423.83616
marginal,Generator,HR0 0,unsustainable bioliquids,246204.77534
marginal,Generator,HR0 0,unsustainable solid biomass,165874018.04415
marginal,Generator,HR0 0,urban central heat vent,15437.99227
marginal,Generator,HR0 0,urban central solar thermal,0.41795
marginal,Generator,HR0 0,urban decentral heat vent,3.22439
marginal,Generator,HR0 0,urban decentral solar thermal,0.12357
marginal,Generator,HU0 0,Onshore Wind,10027.35848
marginal,Generator,HU0 0,Run of River,853.69585
marginal,Generator,HU0 0,Solar,64220.52939
marginal,Generator,HU0 0,forest residues,63368683.21995
marginal,Generator,HU0 0,gas,1013535772.79812
marginal,Generator,HU0 0,industry wood,27341265.11997
marginal,Generator,HU0 0,landscape care,5070356.20775
marginal,Generator,HU0 0,manure and slurry,109516349.78666
marginal,Generator,HU0 0,municipal solid waste,8547.34118
marginal,Generator,HU0 0,rural solar thermal,0.10959
marginal,Generator,HU0 0,sewage sludge,544520.39214
marginal,Generator,HU0 0,solar-hsat,621182.03858
marginal,Generator,HU0 0,solid biomass,6820.5231
marginal,Generator,HU0 0,straw,51669445.68415
marginal,Generator,HU0 0,unsustainable biogas,43331526.32821
marginal,Generator,HU0 0,unsustainable bioliquids,499361405.5136
marginal,Generator,HU0 0,unsustainable solid biomass,228987219.87123
marginal,Generator,HU0 0,urban central heat vent,3773.70437
marginal,Generator,HU0 0,urban central solar thermal,1.02915
marginal,Generator,HU0 0,urban decentral heat vent,0.37388
marginal,Generator,HU0 0,urban decentral solar thermal,0.08671
marginal,Generator,IE3 0,Offshore Wind (AC),2387.31515
marginal,Generator,IE3 0,Offshore Wind (DC),129015.62595
marginal,Generator,IE3 0,Offshore Wind (Floating),1.54225
marginal,Generator,IE3 0,Onshore Wind,341726.44941
marginal,Generator,IE3 0,Run of River,8966.91011
marginal,Generator,IE3 0,Solar,22673.70884
marginal,Generator,IE3 0,forest residues,18319792.67656
marginal,Generator,IE3 0,gas,397836104.85737
marginal,Generator,IE3 0,industry wood,10539219.3997
marginal,Generator,IE3 0,landscape care,3818195.70406
marginal,Generator,IE3 0,manure and slurry,32303611.13567
marginal,Generator,IE3 0,municipal solid waste,2172.49865
marginal,Generator,IE3 0,rural solar thermal,0.01491
marginal,Generator,IE3 0,sewage sludge,3919.8883
marginal,Generator,IE3 0,solar-hsat,116556.87565
marginal,Generator,IE3 0,solid biomass,5658.90921
marginal,Generator,IE3 0,straw,267151.7171
marginal,Generator,IE3 0,unsustainable biogas,24270899.65811
marginal,Generator,IE3 0,unsustainable bioliquids,48293586.56069
marginal,Generator,IE3 0,unsustainable solid biomass,26476470.70981
marginal,Generator,IE3 0,urban central heat vent,27.22847
marginal,Generator,IE3 0,urban central solar thermal,0.10397
marginal,Generator,IE3 0,urban decentral heat vent,11.26352
marginal,Generator,IE3 0,urban decentral solar thermal,0.02335
marginal,Generator,IT0 0,Offshore Wind (AC),1263.96036
marginal,Generator,IT0 0,Offshore Wind (DC),108858.30333
marginal,Generator,IT0 0,Offshore Wind (Floating),0.52738
marginal,Generator,IT0 0,Onshore Wind,189865.65546
marginal,Generator,IT0 0,Run of River,53670.1977
marginal,Generator,IT0 0,Solar,56441.58356
marginal,Generator,IT0 0,forest residues,54067930.61529
marginal,Generator,IT0 0,gas,1713717275.32364
marginal,Generator,IT0 0,industry wood,26253956.7949
marginal,Generator,IT0 0,landscape care,4147284.03548
marginal,Generator,IT0 0,manure and slurry,24295658.84503
marginal,Generator,IT0 0,municipal solid waste,15162.48418
marginal,Generator,IT0 0,rural solar thermal,0.23333
marginal,Generator,IT0 0,sewage sludge,223114.05613
marginal,Generator,IT0 0,solar-hsat,2701603.51519
marginal,Generator,IT0 0,solid biomass,364766417.20258
marginal,Generator,IT0 0,straw,34532570.16903
marginal,Generator,IT0 0,unsustainable biogas,318701815.88213
marginal,Generator,IT0 0,unsustainable bioliquids,370420736.19501
marginal,Generator,IT0 0,unsustainable solid biomass,267551243.88255
marginal,Generator,IT0 0,urban central heat vent,54.20943
marginal,Generator,IT0 0,urban central solar thermal,0.71518
marginal,Generator,IT0 0,urban decentral heat vent,19.94125
marginal,Generator,IT0 0,urban decentral solar thermal,0.30668
marginal,Generator,IT0 1,Offshore Wind (AC),0.80977
marginal,Generator,IT0 1,Offshore Wind (DC),1.04215
marginal,Generator,IT0 1,Offshore Wind (Floating),0.34248
marginal,Generator,IT0 1,Onshore Wind,2605.30214
marginal,Generator,IT0 1,Run of River,190378.7463
marginal,Generator,IT0 1,Solar,34961.68007
marginal,Generator,IT0 1,forest residues,104385667.07859
marginal,Generator,IT0 1,gas,4025521883.86332
marginal,Generator,IT0 1,industry wood,48368726.16609
marginal,Generator,IT0 1,landscape care,7653450.39445
marginal,Generator,IT0 1,manure and slurry,182923510.20528
marginal,Generator,IT0 1,municipal solid waste,16072.11869
marginal,Generator,IT0 1,rural solar thermal,0.12383
marginal,Generator,IT0 1,sewage sludge,247086.7637
marginal,Generator,IT0 1,solar-hsat,2614487.41742
marginal,Generator,IT0 1,solid biomass,276478968.19287
marginal,Generator,IT0 1,straw,32406347.24729
marginal,Generator,IT0 1,unsustainable biogas,630391344.08589
marginal,Generator,IT0 1,unsustainable bioliquids,732716807.37173
marginal,Generator,IT0 1,unsustainable solid biomass,529161713.50496
marginal,Generator,IT0 1,urban central heat vent,25.66437
marginal,Generator,IT0 1,urban central solar thermal,0.59286
marginal,Generator,IT0 1,urban decentral heat vent,9.97761
marginal,Generator,IT0 1,urban decentral solar thermal,0.31846
marginal,Generator,IT4 0,Offshore Wind (AC),2.14295
marginal,Generator,IT4 0,Offshore Wind (Floating),0.61727
marginal,Generator,IT4 0,Onshore Wind,33711.38126
marginal,Generator,IT4 0,Run of River,1865.26769
marginal,Generator,IT4 0,Solar,6882.20819
marginal,Generator,IT4 0,forest residues,2165039.40267
marginal,Generator,IT4 0,industry wood,1068649.48323
marginal,Generator,IT4 0,landscape care,171235.79046
marginal,Generator,IT4 0,manure and slurry,3496440.39178
marginal,Generator,IT4 0,municipal solid waste,1442.96413
marginal,Generator,IT4 0,rural solar thermal,0.5028
marginal,Generator,IT4 0,sewage sludge,13061.95284
marginal,Generator,IT4 0,solar-hsat,270104.09651
marginal,Generator,IT4 0,solid biomass,89676880.19895
marginal,Generator,IT4 0,straw,429533.01049
marginal,Generator,IT4 0,unsustainable biogas,15856695.56666
marginal,Generator,IT4 0,unsustainable bioliquids,18430266.74865
marginal,Generator,IT4 0,unsustainable solid biomass,13325694.21651
marginal,Generator,IT4 0,urban central heat vent,40.98056
marginal,Generator,IT4 0,urban central solar thermal,1.0389
marginal,Generator,IT4 0,urban decentral heat vent,11.49157
marginal,Generator,IT4 0,urban decentral solar thermal,0.32131
marginal,Generator,LT0 0,Offshore Wind (AC),14.17019
marginal,Generator,LT0 0,Offshore Wind (DC),215932.51464
marginal,Generator,LT0 0,Offshore Wind (Floating),0.99436
marginal,Generator,LT0 0,Onshore Wind,63431.04148
marginal,Generator,LT0 0,Run of River,4384.65063
marginal,Generator,LT0 0,Solar,6110.0141
marginal,Generator,LT0 0,forest residues,46189379.37485
marginal,Generator,LT0 0,gas,13554753.13429
marginal,Generator,LT0 0,industry wood,21904866.15392
marginal,Generator,LT0 0,landscape care,3198798.76984
marginal,Generator,LT0 0,manure and slurry,25355620.9477
marginal,Generator,LT0 0,municipal solid waste,1706.29585
marginal,Generator,LT0 0,rural solar thermal,0.02635
marginal,Generator,LT0 0,sewage sludge,10.61632
marginal,Generator,LT0 0,solar-hsat,41192.28413
marginal,Generator,LT0 0,solid biomass,6446.03218
marginal,Generator,LT0 0,straw,14728397.51315
marginal,Generator,LT0 0,unsustainable biogas,18683578.64273
marginal,Generator,LT0 0,unsustainable bioliquids,167529669.8171
marginal,Generator,LT0 0,unsustainable solid biomass,139173427.98654
marginal,Generator,LT0 0,urban central heat vent,1352.64385
marginal,Generator,LT0 0,urban central solar thermal,0.13005
marginal,Generator,LT0 0,urban decentral heat vent,3.94295
marginal,Generator,LT0 0,urban decentral solar thermal,0.02115
marginal,Generator,LU0 0,Onshore Wind,40409.21111
marginal,Generator,LU0 0,Solar,1003.78139
marginal,Generator,LU0 0,forest residues,3936575.79594
marginal,Generator,LU0 0,industry wood,2176414.41767
marginal,Generator,LU0 0,landscape care,106825.47443
marginal,Generator,LU0 0,manure and slurry,2707372.41554
marginal,Generator,LU0 0,municipal solid waste,896.08714
marginal,Generator,LU0 0,rural solar thermal,0.04383
marginal,Generator,LU0 0,sewage sludge,1348.48633
marginal,Generator,LU0 0,solar-hsat,123577.04855
marginal,Generator,LU0 0,solid biomass,9097.04175
marginal,Generator,LU0 0,straw,473088.27526
marginal,Generator,LU0 0,unsustainable biogas,8622843.95067
marginal,Generator,LU0 0,unsustainable solid biomass,12718559.61534
marginal,Generator,LU0 0,urban central heat vent,628.85321
marginal,Generator,LU0 0,urban central solar thermal,0.11168
marginal,Generator,LU0 0,urban decentral heat vent,21.26416
marginal,Generator,LU0 0,urban decentral solar thermal,0.03209
marginal,Generator,LV0 0,Offshore Wind (AC),12.98396
marginal,Generator,LV0 0,Offshore Wind (DC),26816.06091
marginal,Generator,LV0 0,Offshore Wind (Floating),1.18587
marginal,Generator,LV0 0,Onshore Wind,5503.24497
marginal,Generator,LV0 0,Run of River,33964.61834
marginal,Generator,LV0 0,Solar,789.23922
marginal,Generator,LV0 0,forest residues,87641572.24333
marginal,Generator,LV0 0,industry wood,43356603.53518
marginal,Generator,LV0 0,landscape care,2915913.52739
marginal,Generator,LV0 0,manure and slurry,14037322.61931
marginal,Generator,LV0 0,municipal solid waste,1149.54873
marginal,Generator,LV0 0,rural solar thermal,0.03537
marginal,Generator,LV0 0,sewage sludge,1968.68699
marginal,Generator,LV0 0,solar-hsat,28371.034
marginal,Generator,LV0 0,solid biomass,2596.70863
marginal,Generator,LV0 0,straw,8680759.50575
marginal,Generator,LV0 0,unsustainable biogas,38650064.52151
marginal,Generator,LV0 0,unsustainable bioliquids,81157608.36601
marginal,Generator,LV0 0,unsustainable solid biomass,273847044.18726
marginal,Generator,LV0 0,urban central heat vent,8365.52436
marginal,Generator,LV0 0,urban central solar thermal,0.08957
marginal,Generator,LV0 0,urban decentral heat vent,2.76364
marginal,Generator,LV0 0,urban decentral solar thermal,0.0259
marginal,Generator,ME0 0,Offshore Wind (AC),0.1348
marginal,Generator,ME0 0,Offshore Wind (Floating),0.24663
marginal,Generator,ME0 0,Onshore Wind,859.32161
marginal,Generator,ME0 0,Run of River,291.98674
marginal,Generator,ME0 0,Solar,70.76333
marginal,Generator,ME0 0,forest residues,1349265.61501
marginal,Generator,ME0 0,industry wood,1801531.56795
marginal,Generator,ME0 0,landscape care,3.67772
marginal,Generator,ME0 0,manure and slurry,530444.02936
marginal,Generator,ME0 0,municipal solid waste,588.3648
marginal,Generator,ME0 0,rural heat vent,7.39582
marginal,Generator,ME0 0,rural solar thermal,0.13135
marginal,Generator,ME0 0,sewage sludge,1.70522
marginal,Generator,ME0 0,solar-hsat,261491.22486
marginal,Generator,ME0 0,solid biomass,7783.995
marginal,Generator,ME0 0,straw,29675.88318
marginal,Generator,ME0 0,unsustainable solid biomass,19374842.11832
marginal,Generator,ME0 0,urban central heat vent,85.86149
marginal,Generator,ME0 0,urban central solar thermal,0.98203
marginal,Generator,ME0 0,urban decentral heat vent,7.91609
marginal,Generator,ME0 0,urban decentral solar thermal,0.14399
marginal,Generator,MK0 0,Onshore Wind,349.9146
marginal,Generator,MK0 0,Run of River,4916.19316
marginal,Generator,MK0 0,Solar,8383.09848
marginal,Generator,MK0 0,forest residues,2925764.00813
marginal,Generator,MK0 0,industry wood,4997167.42895
marginal,Generator,MK0 0,landscape care,855.73508
marginal,Generator,MK0 0,manure and slurry,1245577.7982
marginal,Generator,MK0 0,municipal solid waste,1080.85137
marginal,Generator,MK0 0,rural heat vent,8.04982
marginal,Generator,MK0 0,rural solar thermal,0.10098
marginal,Generator,MK0 0,sewage sludge,9914.27998
marginal,Generator,MK0 0,solar-hsat,93957.81739
marginal,Generator,MK0 0,solid biomass,6781.02847
marginal,Generator,MK0 0,straw,1580281.84937
marginal,Generator,MK0 0,unsustainable biogas,9083881.71449
marginal,Generator,MK0 0,unsustainable solid biomass,18372000.65716
marginal,Generator,MK0 0,urban central heat vent,2828.04575
marginal,Generator,MK0 0,urban central solar thermal,0.47824
marginal,Generator,MK0 0,urban decentral heat vent,8.04002
marginal,Generator,MK0 0,urban decentral solar thermal,0.11626
marginal,Generator,NL0 0,Offshore Wind (AC),685210.38663
marginal,Generator,NL0 0,Offshore Wind (DC),3680584.87525
marginal,Generator,NL0 0,Offshore Wind (Floating),0.33499
marginal,Generator,NL0 0,Onshore Wind,389215.65703
marginal,Generator,NL0 0,Solar,98526.6294
marginal,Generator,NL0 0,forest residues,7501870.90073
marginal,Generator,NL0 0,gas,2693400218.64864
marginal,Generator,NL0 0,industry wood,3585424.87866
marginal,Generator,NL0 0,landscape care,2276359.84267
marginal,Generator,NL0 0,manure and slurry,83508028.11196
marginal,Generator,NL0 0,municipal solid waste,45279.39734
marginal,Generator,NL0 0,rural solar thermal,0.00189
marginal,Generator,NL0 0,sewage sludge,677507.73696
marginal,Generator,NL0 0,solar-hsat,171608.75377
marginal,Generator,NL0 0,solid biomass,18682982.40742
marginal,Generator,NL0 0,straw,5061163.21267
marginal,Generator,NL0 0,unsustainable biogas,170729779.27225
marginal,Generator,NL0 0,unsustainable bioliquids,1880219954.82872
marginal,Generator,NL0 0,unsustainable solid biomass,160678474.38412
marginal,Generator,NL0 0,urban central heat vent,21.14118
marginal,Generator,NL0 0,urban central solar thermal,0.13514
marginal,Generator,NL0 0,urban decentral heat vent,8.41928
marginal,Generator,NL0 0,urban decentral solar thermal,0.03098
marginal,Generator,NO1 0,Offshore Wind (AC),13186.65576
marginal,Generator,NO1 0,Offshore Wind (DC),219171.86853
marginal,Generator,NO1 0,Offshore Wind (Floating),1.27973
marginal,Generator,NO1 0,Onshore Wind,262854.40971
marginal,Generator,NO1 0,Run of River,36027.991
marginal,Generator,NO1 0,Solar,24.96718
marginal,Generator,NO1 0,forest residues,60250828.96851
marginal,Generator,NO1 0,gas,4511460629.25329
marginal,Generator,NO1 0,industry wood,48516604.28377
marginal,Generator,NO1 0,landscape care,2107.34056
marginal,Generator,NO1 0,manure and slurry,1174.33887
marginal,Generator,NO1 0,municipal solid waste,17060.66302
marginal,Generator,NO1 0,rural solar thermal,0.01671
marginal,Generator,NO1 0,sewage sludge,962761.27491
marginal,Generator,NO1 0,solar-hsat,2.64228
marginal,Generator,NO1 0,solid biomass,540252500.17492
marginal,Generator,NO1 0,straw,550.15915
marginal,Generator,NO1 0,unsustainable biogas,41568693.35303
marginal,Generator,NO1 0,unsustainable bioliquids,80129498.31591
marginal,Generator,NO1 0,unsustainable solid biomass,104098931.48827
marginal,Generator,NO1 0,urban central heat vent,36227.48952
marginal,Generator,NO1 0,urban central solar thermal,0.07495
marginal,Generator,NO1 0,urban decentral heat vent,0.99529
marginal,Generator,NO1 0,urban decentral solar thermal,0.01529
marginal,Generator,PL0 0,Offshore Wind (AC),516233.51584
marginal,Generator,PL0 0,Offshore Wind (DC),632819.25012
marginal,Generator,PL0 0,Offshore Wind (Floating),2.06751
marginal,Generator,PL0 0,Onshore Wind,1784136.15101
marginal,Generator,PL0 0,Run of River,10914.22971
marginal,Generator,PL0 0,Solar,54715.37029
marginal,Generator,PL0 0,forest residues,257971346.40533
marginal,Generator,PL0 0,gas,2092765588.70248
marginal,Generator,PL0 0,industry wood,123301266.03946
marginal,Generator,PL0 0,landscape care,17531093.17225
marginal,Generator,PL0 0,manure and slurry,138485805.82963
marginal,Generator,PL0 0,municipal solid waste,21692.67421
marginal,Generator,PL0 0,rural solar thermal,0.04773
marginal,Generator,PL0 0,sewage sludge,2005991.13327
marginal,Generator,PL0 0,solar-hsat,1060532.52331
marginal,Generator,PL0 0,solid biomass,912052329.758
marginal,Generator,PL0 0,straw,96064332.5869
marginal,Generator,PL0 0,unsustainable biogas,143083318.18244
marginal,Generator,PL0 0,unsustainable bioliquids,1036326594.00335
marginal,Generator,PL0 0,unsustainable solid biomass,1004555661.20285
marginal,Generator,PL0 0,urban central heat vent,6.7834
marginal,Generator,PL0 0,urban central solar thermal,0.2776
marginal,Generator,PL0 0,urban decentral heat vent,5.28846
marginal,Generator,PL0 0,urban decentral solar thermal,0.04375
marginal,Generator,PT0 0,Offshore Wind (AC),407190.24649
marginal,Generator,PT0 0,Offshore Wind (Floating),1.18617
marginal,Generator,PT0 0,Onshore Wind,180040.71437
marginal,Generator,PT0 0,Run of River,67085.77121
marginal,Generator,PT0 0,Solar,109035.62028
marginal,Generator,PT0 0,forest residues,71459930.58328
marginal,Generator,PT0 0,gas,177187657.6909
marginal,Generator,PT0 0,industry wood,27088961.78722
marginal,Generator,PT0 0,landscape care,4892700.61156
marginal,Generator,PT0 0,manure and slurry,39385596.65335
marginal,Generator,PT0 0,municipal solid waste,12689.95591
marginal,Generator,PT0 0,rural solar thermal,0.1818
marginal,Generator,PT0 0,sewage sludge,1043682.87926
marginal,Generator,PT0 0,solar-hsat,238160.98938
marginal,Generator,PT0 0,solid biomass,2965.4852
marginal,Generator,PT0 0,straw,8787402.46687
marginal,Generator,PT0 0,unsustainable biogas,38410672.99272
marginal,Generator,PT0 0,unsustainable bioliquids,366801783.67276
marginal,Generator,PT0 0,unsustainable solid biomass,315611216.96571
marginal,Generator,PT0 0,urban central heat vent,6058.22469
marginal,Generator,PT0 0,urban central solar thermal,0.39002
marginal,Generator,PT0 0,urban decentral heat vent,15.22104
marginal,Generator,PT0 0,urban decentral solar thermal,0.16006
marginal,Generator,RO0 0,Offshore Wind (AC),132712.92165
marginal,Generator,RO0 0,Offshore Wind (DC),239841.4724
marginal,Generator,RO0 0,Offshore Wind (Floating),1.12305
marginal,Generator,RO0 0,Onshore Wind,147459.73106
marginal,Generator,RO0 0,Run of River,86217.06253
marginal,Generator,RO0 0,Solar,52874.26818
marginal,Generator,RO0 0,forest residues,207259239.31046
marginal,Generator,RO0 0,gas,642348297.59793
marginal,Generator,RO0 0,industry wood,80357101.18002
marginal,Generator,RO0 0,landscape care,18400538.95112
marginal,Generator,RO0 0,manure and slurry,42337744.11297
marginal,Generator,RO0 0,municipal solid waste,7297.2596
marginal,Generator,RO0 0,rural solar thermal,0.15145
marginal,Generator,RO0 0,sewage sludge,43414.56665
marginal,Generator,RO0 0,solar-hsat,167979.50211
marginal,Generator,RO0 0,solid biomass,6351.74373
marginal,Generator,RO0 0,straw,62810832.49182
marginal,Generator,RO0 0,unsustainable biogas,9093161.02794
marginal,Generator,RO0 0,unsustainable bioliquids,231496371.64208
marginal,Generator,RO0 0,unsustainable solid biomass,385516184.68256
marginal,Generator,RO0 0,urban central heat vent,13727.91803
marginal,Generator,RO0 0,urban central solar thermal,0.78604
marginal,Generator,RO0 0,urban decentral heat vent,2.28258
marginal,Generator,RO0 0,urban decentral solar thermal,0.11867
marginal,Generator,RS0 0,Onshore Wind,16942.28837
marginal,Generator,RS0 0,Run of River,93577.42107
marginal,Generator,RS0 0,Solar,843.88697
marginal,Generator,RS0 0,forest residues,8328372.37644
marginal,Generator,RS0 0,industry wood,16043417.82651
marginal,Generator,RS0 0,landscape care,6649.65125
marginal,Generator,RS0 0,manure and slurry,18696621.76342
marginal,Generator,RS0 0,municipal solid waste,9194.6039
marginal,Generator,RS0 0,rural heat vent,10.60158
marginal,Generator,RS0 0,rural solar thermal,0.08014
marginal,Generator,RS0 0,sewage sludge,7938.18923
marginal,Generator,RS0 0,solar-hsat,21045.12358
marginal,Generator,RS0 0,solid biomass,83395304.13769
marginal,Generator,RS0 0,straw,25498272.77674
marginal,Generator,RS0 0,unsustainable biogas,13622943.65765
marginal,Generator,RS0 0,unsustainable solid biomass,131226369.38042
marginal,Generator,RS0 0,urban central heat vent,238.63178
marginal,Generator,RS0 0,urban central solar thermal,0.51056
marginal,Generator,RS0 0,urban decentral heat vent,9.83408
marginal,Generator,RS0 0,urban decentral solar thermal,0.08772
marginal,Generator,SE1 0,Offshore Wind (AC),19137.70698
marginal,Generator,SE1 0,Offshore Wind (DC),56190.40097
marginal,Generator,SE1 0,Offshore Wind (Floating),1.05805
marginal,Generator,SE1 0,Onshore Wind,856244.24089
marginal,Generator,SE1 0,Run of River,73977.23043
marginal,Generator,SE1 0,Solar,5327.94367
marginal,Generator,SE1 0,forest residues,417168842.24481
marginal,Generator,SE1 0,gas,213039755.36883
marginal,Generator,SE1 0,industry wood,225103606.30579
marginal,Generator,SE1 0,landscape care,24899708.99429
marginal,Generator,SE1 0,manure and slurry,30256678.12631
marginal,Generator,SE1 0,municipal solid waste,22487.2667
marginal,Generator,SE1 0,rural solar thermal,0.01638
marginal,Generator,SE1 0,sewage sludge,2848431.63688
marginal,Generator,SE1 0,solar-hsat,198037.68295
marginal,Generator,SE1 0,solid biomass,1993.35116
marginal,Generator,SE1 0,straw,17348791.5991
marginal,Generator,SE1 0,unsustainable biogas,87007523.12351
marginal,Generator,SE1 0,unsustainable bioliquids,531413444.54345
marginal,Generator,SE1 0,unsustainable solid biomass,1054851732.69621
marginal,Generator,SE1 0,urban central heat vent,105387.10089
marginal,Generator,SE1 0,urban central solar thermal,0.07453
marginal,Generator,SE1 0,urban decentral heat vent,2.19331
marginal,Generator,SE1 0,urban decentral solar thermal,0.02319
marginal,Generator,SI0 0,Offshore Wind (AC),0.18664
marginal,Generator,SI0 0,Offshore Wind (Floating),0.03848
marginal,Generator,SI0 0,Onshore Wind,0.17513
marginal,Generator,SI0 0,Run of River,22908.54697
marginal,Generator,SI0 0,Solar,633.90034
marginal,Generator,SI0 0,forest residues,52938805.1468
marginal,Generator,SI0 0,industry wood,24683922.27807
marginal,Generator,SI0 0,landscape care,615101.69903
marginal,Generator,SI0 0,manure and slurry,2676021.97862
marginal,Generator,SI0 0,municipal solid waste,1487.48873
marginal,Generator,SI0 0,rural solar thermal,0.08589
marginal,Generator,SI0 0,sewage sludge,130493.88734
marginal,Generator,SI0 0,solar-hsat,4.81578
marginal,Generator,SI0 0,solid biomass,4220.43512
marginal,Generator,SI0 0,straw,790470.6277
marginal,Generator,SI0 0,unsustainable biogas,10643189.7201
marginal,Generator,SI0 0,unsustainable solid biomass,61084632.57709
marginal,Generator,SI0 0,urban central heat vent,1422.01881
marginal,Generator,SI0 0,urban central solar thermal,0.53617
marginal,Generator,SI0 0,urban decentral heat vent,4.27348
marginal,Generator,SI0 0,urban decentral solar thermal,0.08875
marginal,Generator,SK0 0,Onshore Wind,1.96593
marginal,Generator,SK0 0,Run of River,35826.82897
marginal,Generator,SK0 0,Solar,9594.6538
marginal,Generator,SK0 0,forest residues,59463067.02856
marginal,Generator,SK0 0,gas,497940235.84764
marginal,Generator,SK0 0,industry wood,24944155.08377
marginal,Generator,SK0 0,landscape care,2634668.92319
marginal,Generator,SK0 0,manure and slurry,23850852.59686
marginal,Generator,SK0 0,municipal solid waste,3893.87745
marginal,Generator,SK0 0,rural solar thermal,0.07042
marginal,Generator,SK0 0,sewage sludge,4793.96648
marginal,Generator,SK0 0,solar-hsat,6.99574
marginal,Generator,SK0 0,solid biomass,4490.08397
marginal,Generator,SK0 0,straw,14848415.65446
marginal,Generator,SK0 0,unsustainable biogas,68507175.12186
marginal,Generator,SK0 0,unsustainable bioliquids,181167713.48281
marginal,Generator,SK0 0,unsustainable solid biomass,156034055.74704
marginal,Generator,SK0 0,urban central heat vent,9680.63029
marginal,Generator,SK0 0,urban central solar thermal,0.37048
marginal,Generator,SK0 0,urban decentral heat vent,15.49178
marginal,Generator,SK0 0,urban decentral solar thermal,0.06437
marginal,Generator,XK0 0,Onshore Wind,908.66165
marginal,Generator,XK0 0,Run of River,1548.24821
marginal,Generator,XK0 0,Solar,4534.08283
marginal,Generator,XK0 0,forest residues,844150.75707
marginal,Generator,XK0 0,industry wood,1597476.99895
marginal,Generator,XK0 0,manure and slurry,356432.83861
marginal,Generator,XK0 0,municipal solid waste,514.25662
marginal,Generator,XK0 0,rural heat vent,1.8327
marginal,Generator,XK0 0,rural solar thermal,0.02966
marginal,Generator,XK0 0,sewage sludge,45355.92936
marginal,Generator,XK0 0,solar-hsat,11512.05564
marginal,Generator,XK0 0,solid biomass,3369.00875
marginal,Generator,XK0 0,straw,997772.93877
marginal,Generator,XK0 0,unsustainable solid biomass,35610417.38578
marginal,Generator,XK0 0,urban central heat vent,1.07061
marginal,Generator,XK0 0,urban central solar thermal,0.26667
marginal,Generator,XK0 0,urban decentral heat vent,0.70076
marginal,Generator,XK0 0,urban decentral solar thermal,0.0003
marginal,Link,AL0 0,BEV charger,6927.34584
marginal,Link,AL0 0,CO2 pipeline,2.1775
marginal,Link,AL0 0,Combined-Cycle Gas,139.43693
marginal,Link,AL0 0,EAF,0.03104
marginal,Link,AL0 0,H2 DRI,333.91591
marginal,Link,AL0 0,H2 Electrolysis,0.77978
marginal,Link,AL0 0,HVC to air,43180.51295
marginal,Link,AL0 0,Haber-Bosch,6.00203
marginal,Link,AL0 0,Open-Cycle Gas,74.0367
marginal,Link,AL0 0,SMR,15.60923
marginal,Link,AL0 0,Sabatier,0.49374
marginal,Link,AL0 0,battery charger,25210.25976
marginal,Link,AL0 0,battery discharger,25622.06454
marginal,Link,AL0 0,biogas to gas,1122777.42362
marginal,Link,AL0 0,biomass to liquid,76.48298
marginal,Link,AL0 0,biomass-to-methanol,1494.80443
marginal,Link,AL0 0,electricity distribution grid,36959.42051
marginal,Link,AL0 0,gas DRI,461.63091
marginal,Link,AL0 0,gas for industry,581.66713
marginal,Link,AL0 0,gas pipeline new,-17497.28852
marginal,Link,AL0 0,heat100-200 industry electric boiler steam,37.75873
marginal,Link,AL0 0,heat100-200 industry gas,20.52138
marginal,Link,AL0 0,heat100-200 industry industrial heat pump high temperature,1004.88388
marginal,Link,AL0 0,heat100-200 industry solid biomass,734722.9918
marginal,Link,AL0 0,heat200-500 industry gas,3.95726
marginal,Link,AL0 0,heat200-500 industry hydrogen,88.15247
marginal,Link,AL0 0,heat200-500 industry solid biomass,653505.26705
marginal,Link,AL0 0,heat<100 industry electric boiler steam,37.92904
marginal,Link,AL0 0,heat<100 industry gas,20.24853
marginal,Link,AL0 0,heat<100 industry industrial heat pump medium temperature,509.41873
marginal,Link,AL0 0,heat<100 industry solid biomass,864781.45161
marginal,Link,AL0 0,heat>500 industry gas,23079.86795
marginal,Link,AL0 0,heat>500 industry hydrogen,149.56508
marginal,Link,AL0 0,home battery charger,4.12252
marginal,Link,AL0 0,home battery discharger,4.39362
marginal,Link,AL0 0,methanolisation,7.45277
marginal,Link,AL0 0,municipal solid waste,1348.12436
marginal,Link,AL0 0,rural air heat pump,0.28215
marginal,Link,AL0 0,rural biomass boiler,8542009.20026
marginal,Link,AL0 0,rural gas boiler,4494.74322
marginal,Link,AL0 0,rural ground heat pump,1.43502
marginal,Link,AL0 0,rural resistive heater,1555.1805
marginal,Link,AL0 0,solid biomass for industry,1197.43853
marginal,Link,AL0 0,steel emission,382.9291
marginal,Link,AL0 0,urban central air heat pump,1.549
marginal,Link,AL0 0,urban central gas CHP,274.52059
marginal,Link,AL0 0,urban central gas boiler,343.92504
marginal,Link,AL0 0,urban central resistive heater,210.14031
marginal,Link,AL0 0,urban central solid biomass CHP,2227595.05764
marginal,Link,AL0 0,urban central solid biomass CHP CC,5605.71087
marginal,Link,AL0 0,urban decentral air heat pump,0.26649
marginal,Link,AL0 0,urban decentral biomass boiler,10791.66053
marginal,Link,AL0 0,urban decentral gas boiler,14162.62274
marginal,Link,AL0 0,urban decentral resistive heater,4841.29146
marginal,Link,AL0 0,waste CHP,1578.57278
marginal,Link,AT0 0,BEV charger,76297.55233
marginal,Link,AT0 0,CO2 pipeline,5.35882
marginal,Link,AT0 0,Combined-Cycle Gas,9914784.82149
marginal,Link,AT0 0,EAF,0.08877
marginal,Link,AT0 0,H2 DRI,847.90089
marginal,Link,AT0 0,H2 Electrolysis,0.59955
marginal,Link,AT0 0,HVC to air,152917.49754
marginal,Link,AT0 0,Haber-Bosch,5.21029
marginal,Link,AT0 0,Open-Cycle Gas,80.00626
marginal,Link,AT0 0,SMR,12.40705
marginal,Link,AT0 0,Sabatier,0.51006
marginal,Link,AT0 0,battery charger,28.52819
marginal,Link,AT0 0,battery discharger,27.20458
marginal,Link,AT0 0,biogas to gas,16271946.82272
marginal,Link,AT0 0,biomass to liquid,33.80309
marginal,Link,AT0 0,biomass-to-methanol,1270.75247
marginal,Link,AT0 0,electricity distribution grid,740676.12772
marginal,Link,AT0 0,gas DRI,1387.45696
marginal,Link,AT0 0,gas for industry,19726.79304
marginal,Link,AT0 0,gas pipeline,4542.62349
marginal,Link,AT0 0,gas pipeline new,-10.82527
marginal,Link,AT0 0,heat100-200 industry electric boiler steam,47.23983
marginal,Link,AT0 0,heat100-200 industry gas,26.22295
marginal,Link,AT0 0,heat100-200 industry industrial heat pump high temperature,14769757.31058
marginal,Link,AT0 0,heat100-200 industry solid biomass,943.34106
marginal,Link,AT0 0,heat200-500 industry gas,5.27014
marginal,Link,AT0 0,heat200-500 industry hydrogen,73.36788
marginal,Link,AT0 0,heat200-500 industry solid biomass,30920905.64972
marginal,Link,AT0 0,heat<100 industry electric boiler steam,33.14813
marginal,Link,AT0 0,heat<100 industry gas,20.85725
marginal,Link,AT0 0,heat<100 industry industrial heat pump medium temperature,1485638.90584
marginal,Link,AT0 0,heat<100 industry solid biomass,12694512.9428
marginal,Link,AT0 0,heat>500 industry gas,2339203.14021
marginal,Link,AT0 0,heat>500 industry hydrogen,160.27577
marginal,Link,AT0 0,home battery charger,3.79148
marginal,Link,AT0 0,home battery discharger,4.00494
marginal,Link,AT0 0,methanolisation,5.08843
marginal,Link,AT0 0,municipal solid waste,7330.60686
marginal,Link,AT0 0,rural air heat pump,0.3627
marginal,Link,AT0 0,rural biomass boiler,75750840.01383
marginal,Link,AT0 0,rural gas boiler,63183.09725
marginal,Link,AT0 0,rural ground heat pump,19291.54508
marginal,Link,AT0 0,rural resistive heater,7885.37373
marginal,Link,AT0 0,solid biomass for industry,178925.7199
marginal,Link,AT0 0,steel emission,25627.91362
marginal,Link,AT0 0,unsustainable bioliquids,3481683.54557
marginal,Link,AT0 0,urban central air heat pump,0.86473
marginal,Link,AT0 0,urban central gas CHP,367.60094
marginal,Link,AT0 0,urban central gas boiler,15988.57765
marginal,Link,AT0 0,urban central resistive heater,3048.0917
marginal,Link,AT0 0,urban central solid biomass CHP,72867473.85014
marginal,Link,AT0 0,urban central solid biomass CHP CC,9867.87249
marginal,Link,AT0 0,urban decentral air heat pump,5874.7308
marginal,Link,AT0 0,urban decentral biomass boiler,71291928.77163
marginal,Link,AT0 0,urban decentral gas boiler,52863.16578
marginal,Link,AT0 0,urban decentral resistive heater,12924.51051
marginal,Link,AT0 0,waste CHP,2357.32548
marginal,Link,BA0 0,BEV charger,12295.37842
marginal,Link,BA0 0,CO2 pipeline,0.56731
marginal,Link,BA0 0,Combined-Cycle Gas,137.72885
marginal,Link,BA0 0,EAF,0.05445
marginal,Link,BA0 0,H2 DRI,482.5686
marginal,Link,BA0 0,H2 Electrolysis,0.58329
marginal,Link,BA0 0,HVC to air,53648.32448
marginal,Link,BA0 0,Haber-Bosch,4.59545
marginal,Link,BA0 0,Open-Cycle Gas,77.67418
marginal,Link,BA0 0,SMR,13.45852
marginal,Link,BA0 0,Sabatier,0.48689
marginal,Link,BA0 0,battery charger,2716.63642
marginal,Link,BA0 0,battery discharger,2705.61908
marginal,Link,BA0 0,biogas to gas,1550975.9712
marginal,Link,BA0 0,biomass to liquid,59.46748
marginal,Link,BA0 0,biomass-to-methanol,1440.32565
marginal,Link,BA0 0,electricity distribution grid,107464.97411
marginal,Link,BA0 0,gas DRI,851.18165
marginal,Link,BA0 0,gas for industry,3543.84145
marginal,Link,BA0 0,gas pipeline,56607.1323
marginal,Link,BA0 0,gas pipeline new,-77740.41488
marginal,Link,BA0 0,heat100-200 industry electric boiler steam,25.04279
marginal,Link,BA0 0,heat100-200 industry gas,18.66155
marginal,Link,BA0 0,heat100-200 industry industrial heat pump high temperature,11082.53174
marginal,Link,BA0 0,heat100-200 industry solid biomass,1441334.9737
marginal,Link,BA0 0,heat200-500 industry gas,4.16811
marginal,Link,BA0 0,heat200-500 industry hydrogen,76.87051
marginal,Link,BA0 0,heat200-500 industry solid biomass,1868089.20532
marginal,Link,BA0 0,heat<100 industry electric boiler steam,24.96971
marginal,Link,BA0 0,heat<100 industry gas,17.0027
marginal,Link,BA0 0,heat<100 industry industrial heat pump medium temperature,451.38498
marginal,Link,BA0 0,heat<100 industry solid biomass,1505740.40644
marginal,Link,BA0 0,heat>500 industry gas,213681.97198
marginal,Link,BA0 0,heat>500 industry hydrogen,107.32845
marginal,Link,BA0 0,home battery charger,5.62312
marginal,Link,BA0 0,home battery discharger,5.66749
marginal,Link,BA0 0,methanolisation,4.84242
marginal,Link,BA0 0,municipal solid waste,0.496
marginal,Link,BA0 0,rural air heat pump,0.15503
marginal,Link,BA0 0,rural biomass boiler,57594394.3213
marginal,Link,BA0 0,rural gas boiler,66.6165
marginal,Link,BA0 0,rural ground heat pump,0.47875
marginal,Link,BA0 0,rural resistive heater,63.29898
marginal,Link,BA0 0,solid biomass for industry,6707.46734
marginal,Link,BA0 0,steel emission,3453.23066
marginal,Link,BA0 0,urban central air heat pump,0.7384
marginal,Link,BA0 0,urban central gas CHP,333.21931
marginal,Link,BA0 0,urban central gas boiler,2916.24866
marginal,Link,BA0 0,urban central resistive heater,523.07498
marginal,Link,BA0 0,urban central solid biomass CHP,10547635.67699
marginal,Link,BA0 0,urban central solid biomass CHP CC,2970.03631
marginal,Link,BA0 0,urban decentral air heat pump,0.16296
marginal,Link,BA0 0,urban decentral biomass boiler,26154945.61709
marginal,Link,BA0 0,urban decentral gas boiler,13308.95143
marginal,Link,BA0 0,urban decentral resistive heater,2575.00176
marginal,Link,BA0 0,waste CHP,1653.47283
marginal,Link,BE0 0,BEV charger,100657.02023
marginal,Link,BE0 0,CO2 pipeline,-1.47643
marginal,Link,BE0 0,Combined-Cycle Gas,35257018.40065
marginal,Link,BE0 0,DC,43065.07583
marginal,Link,BE0 0,EAF,0.09404
marginal,Link,BE0 0,H2 DRI,890.4928
marginal,Link,BE0 0,H2 Electrolysis,0.90954
marginal,Link,BE0 0,HVC to air,238184.77735
marginal,Link,BE0 0,Haber-Bosch,19.60332
marginal,Link,BE0 0,Open-Cycle Gas,74.91485
marginal,Link,BE0 0,SMR,23.62588
marginal,Link,BE0 0,Sabatier,0.57981
marginal,Link,BE0 0,battery charger,6.23064
marginal,Link,BE0 0,battery discharger,6.3952
marginal,Link,BE0 0,biogas to gas,26001192.58042
marginal,Link,BE0 0,biomass to liquid,14.92165
marginal,Link,BE0 0,biomass-to-methanol,778.09779
marginal,Link,BE0 0,electricity distribution grid,1067016.74883
marginal,Link,BE0 0,gas DRI,1440.82335
marginal,Link,BE0 0,gas for industry,47026.82728
marginal,Link,BE0 0,gas pipeline,203.58662
marginal,Link,BE0 0,gas pipeline new,88626.30589
marginal,Link,BE0 0,heat100-200 industry electric boiler steam,52.53256
marginal,Link,BE0 0,heat100-200 industry gas,25.23711
marginal,Link,BE0 0,heat100-200 industry industrial heat pump high temperature,16226950.41149
marginal,Link,BE0 0,heat100-200 industry solid biomass,194.64617
marginal,Link,BE0 0,heat200-500 industry gas,12.45587
marginal,Link,BE0 0,heat200-500 industry hydrogen,100.56346
marginal,Link,BE0 0,heat200-500 industry solid biomass,42325234.90326
marginal,Link,BE0 0,heat<100 industry electric boiler steam,49.381
marginal,Link,BE0 0,heat<100 industry gas,24.84337
marginal,Link,BE0 0,heat<100 industry industrial heat pump medium temperature,14426018.6411
marginal,Link,BE0 0,heat<100 industry solid biomass,193.01587
marginal,Link,BE0 0,heat>500 industry gas,4336912.89005
marginal,Link,BE0 0,heat>500 industry hydrogen,196.65973
marginal,Link,BE0 0,home battery charger,3.78069
marginal,Link,BE0 0,home battery discharger,4.11223
marginal,Link,BE0 0,methanolisation,7.10869
marginal,Link,BE0 0,municipal solid waste,29442.58203
marginal,Link,BE0 0,rural air heat pump,0.60855
marginal,Link,BE0 0,rural biomass boiler,6725893.11279
marginal,Link,BE0 0,rural gas boiler,36791.14664
marginal,Link,BE0 0,rural ground heat pump,3538.64494
marginal,Link,BE0 0,rural resistive heater,11209.3162
marginal,Link,BE0 0,solid biomass for industry,102608.87585
marginal,Link,BE0 0,steel emission,19962.85448
marginal,Link,BE0 0,unsustainable bioliquids,3985648.67985
marginal,Link,BE0 0,urban central air heat pump,27463.36155
marginal,Link,BE0 0,urban central gas CHP,478.89487
marginal,Link,BE0 0,urban central gas boiler,34879.38854
marginal,Link,BE0 0,urban central resistive heater,4050.56382
marginal,Link,BE0 0,urban central solid biomass CHP,2207.84102
marginal,Link,BE0 0,urban central solid biomass CHP CC,673.05294
marginal,Link,BE0 0,urban decentral air heat pump,1552.89626
marginal,Link,BE0 0,urban decentral biomass boiler,43210501.54986
marginal,Link,BE0 0,urban decentral gas boiler,307945.98385
marginal,Link,BE0 0,urban decentral resistive heater,64739.0952
marginal,Link,BE0 0,waste CHP,5567.58543
marginal,Link,BG0 0,BEV charger,28765.49001
marginal,Link,BG0 0,CO2 pipeline,-2.74459
marginal,Link,BG0 0,Combined-Cycle Gas,61318.41433
marginal,Link,BG0 0,H2 Electrolysis,0.72285
marginal,Link,BG0 0,HVC to air,121809.57374
marginal,Link,BG0 0,Haber-Bosch,5.79196
marginal,Link,BG0 0,Open-Cycle Gas,75.39657
marginal,Link,BG0 0,SMR,13.7078
marginal,Link,BG0 0,Sabatier,0.55049
marginal,Link,BG0 0,battery charger,53556.19423
marginal,Link,BG0 0,battery discharger,58898.10856
marginal,Link,BG0 0,biogas to gas,13586563.33429
marginal,Link,BG0 0,biomass to liquid,51.9502
marginal,Link,BG0 0,biomass-to-methanol,1502.23526
marginal,Link,BG0 0,co2 sequestered,3.12275
marginal,Link,BG0 0,electricity distribution grid,399163.93784
marginal,Link,BG0 0,gas for industry,15059.09278
marginal,Link,BG0 0,gas pipeline,30.67216
marginal,Link,BG0 0,gas pipeline new,85808.34611
marginal,Link,BG0 0,heat100-200 industry electric boiler steam,29.1791
marginal,Link,BG0 0,heat100-200 industry gas,17.71917
marginal,Link,BG0 0,heat100-200 industry industrial heat pump high temperature,573964.68347
marginal,Link,BG0 0,heat100-200 industry solid biomass,7596564.49882
marginal,Link,BG0 0,heat200-500 industry gas,3.87298
marginal,Link,BG0 0,heat200-500 industry hydrogen,62.07833
marginal,Link,BG0 0,heat200-500 industry solid biomass,10182490.71154
marginal,Link,BG0 0,heat<100 industry electric boiler steam,26.75995
marginal,Link,BG0 0,heat<100 industry gas,17.07741
marginal,Link,BG0 0,heat<100 industry industrial heat pump medium temperature,354.42051
marginal,Link,BG0 0,heat<100 industry solid biomass,6608259.88046
marginal,Link,BG0 0,heat>500 industry gas,1213339.7041
marginal,Link,BG0 0,heat>500 industry hydrogen,129.66534
marginal,Link,BG0 0,home battery charger,1805.72427
marginal,Link,BG0 0,home battery discharger,1704.82472
marginal,Link,BG0 0,methanolisation,6.09565
marginal,Link,BG0 0,municipal solid waste,2670.58758
marginal,Link,BG0 0,rural air heat pump,0.28533
marginal,Link,BG0 0,rural biomass boiler,21349538.23836
marginal,Link,BG0 0,rural gas boiler,533.986
marginal,Link,BG0 0,rural ground heat pump,4164.42187
marginal,Link,BG0 0,rural resistive heater,283.83358
marginal,Link,BG0 0,solid biomass for industry,33682.50158
marginal,Link,BG0 0,unsustainable bioliquids,1443686.70238
marginal,Link,BG0 0,urban central air heat pump,0.62683
marginal,Link,BG0 0,urban central gas CHP,317.71328
marginal,Link,BG0 0,urban central gas boiler,4879.36644
marginal,Link,BG0 0,urban central resistive heater,3160.38429
marginal,Link,BG0 0,urban central solid biomass CHP,24134024.65391
marginal,Link,BG0 0,urban central solid biomass CHP CC,2373.98762
marginal,Link,BG0 0,urban decentral air heat pump,6178.37296
marginal,Link,BG0 0,urban decentral biomass boiler,26480420.43809
marginal,Link,BG0 0,urban decentral gas boiler,750.99004
marginal,Link,BG0 0,urban decentral resistive heater,20548.9318
marginal,Link,BG0 0,waste CHP,1850.4854
marginal,Link,CH0 0,BEV charger,40783.23422
marginal,Link,CH0 0,CO2 pipeline,2.055
marginal,Link,CH0 0,Combined-Cycle Gas,68534.02604
marginal,Link,CH0 0,EAF,0.05086
marginal,Link,CH0 0,H2 DRI,461.27737
marginal,Link,CH0 0,H2 Electrolysis,0.6764
marginal,Link,CH0 0,HVC to air,192363.52212
marginal,Link,CH0 0,Haber-Bosch,8.5776
marginal,Link,CH0 0,Open-Cycle Gas,70.204
marginal,Link,CH0 0,SMR,12.51279
marginal,Link,CH0 0,Sabatier,0.54829
marginal,Link,CH0 0,battery charger,8.72621
marginal,Link,CH0 0,battery discharger,9.72869
marginal,Link,CH0 0,biogas to gas,56573.12742
marginal,Link,CH0 0,biomass to liquid,21.92725
marginal,Link,CH0 0,biomass-to-methanol,1062.65149
marginal,Link,CH0 0,electricity distribution grid,747274.55053
marginal,Link,CH0 0,gas DRI,793.51883
marginal,Link,CH0 0,gas for industry,10910.78725
marginal,Link,CH0 0,gas pipeline,48879.56317
marginal,Link,CH0 0,gas pipeline new,-125549.26488
marginal,Link,CH0 0,heat100-200 industry electric boiler steam,33.10591
marginal,Link,CH0 0,heat100-200 industry gas,18.5831
marginal,Link,CH0 0,heat100-200 industry industrial heat pump high temperature,4822175.28616
marginal,Link,CH0 0,heat100-200 industry solid biomass,239.92283
marginal,Link,CH0 0,heat200-500 industry gas,5.23567
marginal,Link,CH0 0,heat200-500 industry hydrogen,70.20102
marginal,Link,CH0 0,heat200-500 industry solid biomass,11865260.13217
marginal,Link,CH0 0,heat<100 industry electric boiler steam,31.25476
marginal,Link,CH0 0,heat<100 industry gas,18.96626
marginal,Link,CH0 0,heat<100 industry industrial heat pump medium temperature,3985686.91173
marginal,Link,CH0 0,heat<100 industry solid biomass,270.04317
marginal,Link,CH0 0,heat>500 industry gas,911884.20356
marginal,Link,CH0 0,heat>500 industry hydrogen,119.72516
marginal,Link,CH0 0,home battery charger,75.65123
marginal,Link,CH0 0,home battery discharger,88.52196
marginal,Link,CH0 0,methanolisation,5.12478
marginal,Link,CH0 0,municipal solid waste,67278.08659
marginal,Link,CH0 0,rural air heat pump,0.21591
marginal,Link,CH0 0,rural biomass boiler,31632.88766
marginal,Link,CH0 0,rural gas boiler,2509.94839
marginal,Link,CH0 0,rural ground heat pump,31514.66267
marginal,Link,CH0 0,rural resistive heater,722.6417
marginal,Link,CH0 0,solid biomass for industry,22555.51665
marginal,Link,CH0 0,steel emission,2379.00022
marginal,Link,CH0 0,urban central air heat pump,1.40233
marginal,Link,CH0 0,urban central gas CHP,364.18921
marginal,Link,CH0 0,urban central gas boiler,10765.09481
marginal,Link,CH0 0,urban central resistive heater,7726.16504
marginal,Link,CH0 0,urban central solid biomass CHP,38813995.83197
marginal,Link,CH0 0,urban central solid biomass CHP CC,2766.73431
marginal,Link,CH0 0,urban decentral air heat pump,94952.25995
marginal,Link,CH0 0,urban decentral biomass boiler,89489173.19129
marginal,Link,CH0 0,urban decentral gas boiler,22556.1775
marginal,Link,CH0 0,urban decentral resistive heater,6982.81042
marginal,Link,CH0 0,waste CHP,3134.25678
marginal,Link,CZ0 0,BEV charger,69142.15402
marginal,Link,CZ0 0,CO2 pipeline,5.34033
marginal,Link,CZ0 0,Combined-Cycle Gas,8691687.45041
marginal,Link,CZ0 0,EAF,0.09593
marginal,Link,CZ0 0,H2 DRI,823.8227
marginal,Link,CZ0 0,H2 Electrolysis,0.48104
marginal,Link,CZ0 0,HVC to air,164690.0508
marginal,Link,CZ0 0,Haber-Bosch,6.43326
marginal,Link,CZ0 0,Open-Cycle Gas,82.01103
marginal,Link,CZ0 0,SMR,12.27282
marginal,Link,CZ0 0,Sabatier,0.49314
marginal,Link,CZ0 0,battery charger,12.28013
marginal,Link,CZ0 0,battery discharger,12.62844
marginal,Link,CZ0 0,biogas to gas,44392715.63298
marginal,Link,CZ0 0,biomass to liquid,21.3837
marginal,Link,CZ0 0,biomass-to-methanol,1016.60097
marginal,Link,CZ0 0,electricity distribution grid,737713.23216
marginal,Link,CZ0 0,gas DRI,1365.66968
marginal,Link,CZ0 0,gas for industry,15798.57578
marginal,Link,CZ0 0,gas pipeline,91643.5141
marginal,Link,CZ0 0,gas pipeline new,-81.50933
marginal,Link,CZ0 0,heat100-200 industry electric boiler steam,39.60363
marginal,Link,CZ0 0,heat100-200 industry gas,22.32421
marginal,Link,CZ0 0,heat100-200 industry industrial heat pump high temperature,9570298.78423
marginal,Link,CZ0 0,heat100-200 industry solid biomass,318.36053
marginal,Link,CZ0 0,heat200-500 industry gas,6.56253
marginal,Link,CZ0 0,heat200-500 industry hydrogen,79.58627
marginal,Link,CZ0 0,heat200-500 industry solid biomass,29335506.90928
marginal,Link,CZ0 0,heat<100 industry electric boiler steam,38.54244
marginal,Link,CZ0 0,heat<100 industry gas,23.1823
marginal,Link,CZ0 0,heat<100 industry industrial heat pump medium temperature,9623342.23606
marginal,Link,CZ0 0,heat<100 industry solid biomass,358.91266
marginal,Link,CZ0 0,heat>500 industry gas,2141022.5599
marginal,Link,CZ0 0,heat>500 industry hydrogen,154.56552
marginal,Link,CZ0 0,home battery charger,3.76272
marginal,Link,CZ0 0,home battery discharger,3.74638
marginal,Link,CZ0 0,methanolisation,4.50245
marginal,Link,CZ0 0,municipal solid waste,3011.79175
marginal,Link,CZ0 0,rural air heat pump,0.2516
marginal,Link,CZ0 0,rural biomass boiler,67645232.44349
marginal,Link,CZ0 0,rural gas boiler,75774.89358
marginal,Link,CZ0 0,rural ground heat pump,15306.43247
marginal,Link,CZ0 0,rural resistive heater,7289.14854
marginal,Link,CZ0 0,solid biomass for industry,96544.92665
marginal,Link,CZ0 0,steel emission,19247.78757
marginal,Link,CZ0 0,unsustainable bioliquids,2447907.03971
marginal,Link,CZ0 0,urban central air heat pump,1.21172
marginal,Link,CZ0 0,urban central gas CHP,461.03847
marginal,Link,CZ0 0,urban central gas boiler,27574.05812
marginal,Link,CZ0 0,urban central resistive heater,2661.37742
marginal,Link,CZ0 0,urban central solid biomass CHP,77321972.35227
marginal,Link,CZ0 0,urban central solid biomass CHP CC,9814.89374
marginal,Link,CZ0 0,urban decentral air heat pump,5573.60864
marginal,Link,CZ0 0,urban decentral biomass boiler,108855805.39386
marginal,Link,CZ0 0,urban decentral gas boiler,131876.5653
marginal,Link,CZ0 0,urban decentral resistive heater,56942.38444
marginal,Link,CZ0 0,waste CHP,3791.01385
marginal,Link,DE0 0,BEV charger,84369.02993
marginal,Link,DE0 0,CO2 pipeline,-5.16867
marginal,Link,DE0 0,Combined-Cycle Gas,18421533.61088
marginal,Link,DE0 0,DC,43452.80971
marginal,Link,DE0 0,EAF,0.09636
marginal,Link,DE0 0,H2 DRI,893.75387
marginal,Link,DE0 0,H2 Electrolysis,0.75885
marginal,Link,DE0 0,HVC to air,253474.46768
marginal,Link,DE0 0,Haber-Bosch,11.90528
marginal,Link,DE0 0,Open-Cycle Gas,77.03952
marginal,Link,DE0 0,SMR,17.37613
marginal,Link,DE0 0,Sabatier,0.58326
marginal,Link,DE0 0,battery charger,7.03479
marginal,Link,DE0 0,battery discharger,7.68929
marginal,Link,DE0 0,biogas to gas,76976832.58706
marginal,Link,DE0 0,biomass to liquid,20.53808
marginal,Link,DE0 0,biomass-to-methanol,1003.12061
marginal,Link,DE0 0,co2 sequestered,4.14307
marginal,Link,DE0 0,electricity distribution grid,904296.92165
marginal,Link,DE0 0,gas DRI,1440.61713
marginal,Link,DE0 0,gas for industry,39339.64502
marginal,Link,DE0 0,gas pipeline,104493.2164
marginal,Link,DE0 0,heat100-200 industry electric boiler steam,51.76275
marginal,Link,DE0 0,heat100-200 industry gas,24.31263
marginal,Link,DE0 0,heat100-200 industry industrial heat pump high temperature,15309691.40472
marginal,Link,DE0 0,heat100-200 industry solid biomass,270.31308
marginal,Link,DE0 0,heat200-500 industry gas,7.07932
marginal,Link,DE0 0,heat200-500 industry hydrogen,88.81115
marginal,Link,DE0 0,heat200-500 industry solid biomass,40266530.71772
marginal,Link,DE0 0,heat<100 industry electric boiler steam,46.50413
marginal,Link,DE0 0,heat<100 industry gas,23.4593
marginal,Link,DE0 0,heat<100 industry industrial heat pump medium temperature,12511353.33574
marginal,Link,DE0 0,heat<100 industry solid biomass,274.98988
marginal,Link,DE0 0,heat>500 industry gas,3307815.20146
marginal,Link,DE0 0,heat>500 industry hydrogen,181.07433
marginal,Link,DE0 0,home battery charger,3.95072
marginal,Link,DE0 0,home battery discharger,3.58308
marginal,Link,DE0 0,methanolisation,8.1962
marginal,Link,DE0 0,municipal solid waste,16794.14028
marginal,Link,DE0 0,rural air heat pump,0.32005
marginal,Link,DE0 0,rural biomass boiler,29581078.968
marginal,Link,DE0 0,rural gas boiler,85637.89053
marginal,Link,DE0 0,rural ground heat pump,10918.93926
marginal,Link,DE0 0,rural resistive heater,20628.10268
marginal,Link,DE0 0,solid biomass for industry,66104.36218
marginal,Link,DE0 0,steel emission,24799.575
marginal,Link,DE0 0,unsustainable bioliquids,6676696.1515
marginal,Link,DE0 0,urban central air heat pump,16851.73671
marginal,Link,DE0 0,urban central gas CHP,409.2709
marginal,Link,DE0 0,urban central gas boiler,30807.15601
marginal,Link,DE0 0,urban central resistive heater,6962.63012
marginal,Link,DE0 0,urban central solid biomass CHP,51735892.23282
marginal,Link,DE0 0,urban central solid biomass CHP CC,2137.39878
marginal,Link,DE0 0,urban decentral air heat pump,3692.73735
marginal,Link,DE0 0,urban decentral biomass boiler,64898970.10366
marginal,Link,DE0 0,urban decentral gas boiler,192896.39803
marginal,Link,DE0 0,urban decentral resistive heater,33532.13707
marginal,Link,DE0 0,waste CHP,3583.56643
marginal,Link,DE0 1,BEV charger,48697.29474
marginal,Link,DE0 1,CO2 pipeline,20.48579
marginal,Link,DE0 1,Combined-Cycle Gas,14822932.92718
marginal,Link,DE0 1,H2 Electrolysis,0.49896
marginal,Link,DE0 1,HVC to air,122547.43697
marginal,Link,DE0 1,Haber-Bosch,4.36941
marginal,Link,DE0 1,Open-Cycle Gas,72.50894
marginal,Link,DE0 1,SMR,8.89005
marginal,Link,DE0 1,Sabatier,0.49732
marginal,Link,DE0 1,battery charger,10.79679
marginal,Link,DE0 1,battery discharger,9.33657
marginal,Link,DE0 1,biogas to gas,40491988.39851
marginal,Link,DE0 1,biomass to liquid,35.65484
marginal,Link,DE0 1,biomass-to-methanol,1373.59359
marginal,Link,DE0 1,electricity distribution grid,540480.34723
marginal,Link,DE0 1,gas for industry,5382.98073
marginal,Link,DE0 1,gas pipeline,74498.69471
marginal,Link,DE0 1,gas pipeline new,-26.8507
marginal,Link,DE0 1,heat100-200 industry electric boiler steam,32.47952
marginal,Link,DE0 1,heat100-200 industry gas,19.05052
marginal,Link,DE0 1,heat100-200 industry industrial heat pump high temperature,5510099.13935
marginal,Link,DE0 1,heat100-200 industry solid biomass,132720.70012
marginal,Link,DE0 1,heat200-500 industry gas,4.08513
marginal,Link,DE0 1,heat200-500 industry hydrogen,63.37686
marginal,Link,DE0 1,heat200-500 industry solid biomass,13267429.87426
marginal,Link,DE0 1,heat<100 industry electric boiler steam,27.7192
marginal,Link,DE0 1,heat<100 industry gas,17.34216
marginal,Link,DE0 1,heat<100 industry industrial heat pump medium temperature,338.58435
marginal,Link,DE0 1,heat<100 industry solid biomass,9879345.82088
marginal,Link,DE0 1,heat>500 industry gas,784328.91806
marginal,Link,DE0 1,heat>500 industry hydrogen,117.10357
marginal,Link,DE0 1,home battery charger,3.53975
marginal,Link,DE0 1,home battery discharger,3.47916
marginal,Link,DE0 1,methanolisation,4.87506
marginal,Link,DE0 1,municipal solid waste,10040.92142
marginal,Link,DE0 1,rural air heat pump,0.16718
marginal,Link,DE0 1,rural biomass boiler,31062426.78252
marginal,Link,DE0 1,rural gas boiler,106725.32554
marginal,Link,DE0 1,rural ground heat pump,5712.33375
marginal,Link,DE0 1,rural resistive heater,7370.98501
marginal,Link,DE0 1,solid biomass for industry,36862.47675
marginal,Link,DE0 1,unsustainable bioliquids,4039605.14279
marginal,Link,DE0 1,urban central air heat pump,0.64505
marginal,Link,DE0 1,urban central gas CHP,358.88167
marginal,Link,DE0 1,urban central gas boiler,6344.59131
marginal,Link,DE0 1,urban central resistive heater,631.84616
marginal,Link,DE0 1,urban central solid biomass CHP,34480559.22353
marginal,Link,DE0 1,urban central solid biomass CHP CC,44721.9219
marginal,Link,DE0 1,urban decentral air heat pump,1941.06456
marginal,Link,DE0 1,urban decentral biomass boiler,20197429.18932
marginal,Link,DE0 1,urban decentral gas boiler,65508.54344
marginal,Link,DE0 1,urban decentral resistive heater,5222.07704
marginal,Link,DE0 1,waste CHP,2203.57887
marginal,Link,DE0 2,BEV charger,133632.82593
marginal,Link,DE0 2,CO2 pipeline,2.49264
marginal,Link,DE0 2,Combined-Cycle Gas,69961192.22684
marginal,Link,DE0 2,DC,29165.32096
marginal,Link,DE0 2,EAF,0.10131
marginal,Link,DE0 2,H2 DRI,915.61039
marginal,Link,DE0 2,H2 Electrolysis,0.97162
marginal,Link,DE0 2,HVC to air,340945.37193
marginal,Link,DE0 2,Haber-Bosch,22.16067
marginal,Link,DE0 2,Open-Cycle Gas,72.39548
marginal,Link,DE0 2,SMR,28.98971
marginal,Link,DE0 2,Sabatier,0.57673
marginal,Link,DE0 2,battery charger,7.23554
marginal,Link,DE0 2,battery discharger,7.19949
marginal,Link,DE0 2,biogas to gas,50253034.8333
marginal,Link,DE0 2,biomass to liquid,14.76768
marginal,Link,DE0 2,biomass-to-methanol,792.85646
marginal,Link,DE0 2,co2 sequestered,4.73364
marginal,Link,DE0 2,electricity distribution grid,1505028.09796
marginal,Link,DE0 2,gas DRI,1460.05767
marginal,Link,DE0 2,gas for industry,63053.03714
marginal,Link,DE0 2,gas pipeline,267267.32022
marginal,Link,DE0 2,heat100-200 industry electric boiler steam,58.13274
marginal,Link,DE0 2,heat100-200 industry gas,31.46581
marginal,Link,DE0 2,heat100-200 industry industrial heat pump high temperature,29676674.72022
marginal,Link,DE0 2,heat100-200 industry solid biomass,208.03325
marginal,Link,DE0 2,heat200-500 industry gas,12.21417
marginal,Link,DE0 2,heat200-500 industry hydrogen,122.79849
marginal,Link,DE0 2,heat200-500 industry solid biomass,72409926.18356
marginal,Link,DE0 2,heat<100 industry electric boiler steam,58.20287
marginal,Link,DE0 2,heat<100 industry gas,29.60212
marginal,Link,DE0 2,heat<100 industry industrial heat pump medium temperature,23128711.46911
marginal,Link,DE0 2,heat<100 industry solid biomass,213.12347
marginal,Link,DE0 2,heat>500 industry gas,6607438.51087
marginal,Link,DE0 2,heat>500 industry hydrogen,207.0816
marginal,Link,DE0 2,home battery charger,4.16584
marginal,Link,DE0 2,home battery discharger,4.32339
marginal,Link,DE0 2,methanolisation,9.99144
marginal,Link,DE0 2,municipal solid waste,26603.16038
marginal,Link,DE0 2,rural air heat pump,0.41553
marginal,Link,DE0 2,rural biomass boiler,15383101.13839
marginal,Link,DE0 2,rural gas boiler,49395.67001
marginal,Link,DE0 2,rural ground heat pump,18501.06805
marginal,Link,DE0 2,rural resistive heater,11061.25094
marginal,Link,DE0 2,solid biomass for industry,142081.68705
marginal,Link,DE0 2,steel emission,62857.9574
marginal,Link,DE0 2,unsustainable bioliquids,4700022.91179
marginal,Link,DE0 2,urban central air heat pump,86929.274
marginal,Link,DE0 2,urban central gas CHP,453.29496
marginal,Link,DE0 2,urban central gas boiler,84332.14486
marginal,Link,DE0 2,urban central resistive heater,15659.69998
marginal,Link,DE0 2,urban central solid biomass CHP,9904.72609
marginal,Link,DE0 2,urban central solid biomass CHP CC,639.99952
marginal,Link,DE0 2,urban decentral air heat pump,5933.61135
marginal,Link,DE0 2,urban decentral biomass boiler,122030763.90375
marginal,Link,DE0 2,urban decentral gas boiler,359657.90146
marginal,Link,DE0 2,urban decentral resistive heater,73787.04507
marginal,Link,DE0 2,waste CHP,6092.74858
marginal,Link,DE0 3,BEV charger,66205.58709
marginal,Link,DE0 3,CO2 pipeline,6.3089
marginal,Link,DE0 3,Combined-Cycle Gas,19783053.6032
marginal,Link,DE0 3,H2 Electrolysis,0.51691
marginal,Link,DE0 3,HVC to air,171525.03488
marginal,Link,DE0 3,Haber-Bosch,4.34791
marginal,Link,DE0 3,Open-Cycle Gas,78.53117
marginal,Link,DE0 3,SMR,9.38608
marginal,Link,DE0 3,Sabatier,0.52252
marginal,Link,DE0 3,battery charger,19.315
marginal,Link,DE0 3,battery discharger,16.57139
marginal,Link,DE0 3,biogas to gas,48834816.99143
marginal,Link,DE0 3,biomass to liquid,30.10538
marginal,Link,DE0 3,biomass-to-methanol,1252.60734
marginal,Link,DE0 3,electricity distribution grid,657113.54395
marginal,Link,DE0 3,gas for industry,14298.54773
marginal,Link,DE0 3,gas pipeline,14.09532
marginal,Link,DE0 3,gas pipeline new,-131788.4583
marginal,Link,DE0 3,heat100-200 industry electric boiler steam,38.32126
marginal,Link,DE0 3,heat100-200 industry gas,21.61097
marginal,Link,DE0 3,heat100-200 industry industrial heat pump high temperature,9018971.70145
marginal,Link,DE0 3,heat100-200 industry solid biomass,694.15306
marginal,Link,DE0 3,heat200-500 industry gas,4.75988
marginal,Link,DE0 3,heat200-500 industry hydrogen,69.10053
marginal,Link,DE0 3,heat200-500 industry solid biomass,22423533.58311
marginal,Link,DE0 3,heat<100 industry electric boiler steam,32.75341
marginal,Link,DE0 3,heat<100 industry gas,20.34053
marginal,Link,DE0 3,heat<100 industry industrial heat pump medium temperature,6463946.53481
marginal,Link,DE0 3,heat<100 industry solid biomass,1530.28817
marginal,Link,DE0 3,heat>500 industry gas,2005328.50978
marginal,Link,DE0 3,heat>500 industry hydrogen,151.416
marginal,Link,DE0 3,home battery charger,3.67041
marginal,Link,DE0 3,home battery discharger,3.45836
marginal,Link,DE0 3,methanolisation,4.43096
marginal,Link,DE0 3,municipal solid waste,11760.91456
marginal,Link,DE0 3,rural air heat pump,0.36183
marginal,Link,DE0 3,rural biomass boiler,27488678.05429
marginal,Link,DE0 3,rural gas boiler,85992.22833
marginal,Link,DE0 3,rural ground heat pump,7881.0894
marginal,Link,DE0 3,rural resistive heater,8748.04407
marginal,Link,DE0 3,solid biomass for industry,58447.04746
marginal,Link,DE0 3,unsustainable bioliquids,5070572.60831
marginal,Link,DE0 3,urban central air heat pump,1.04991
marginal,Link,DE0 3,urban central gas CHP,387.2448
marginal,Link,DE0 3,urban central gas boiler,16103.11155
marginal,Link,DE0 3,urban central resistive heater,1638.14272
marginal,Link,DE0 3,urban central solid biomass CHP,59192951.36255
marginal,Link,DE0 3,urban central solid biomass CHP CC,12584.18726
marginal,Link,DE0 3,urban decentral air heat pump,2940.46992
marginal,Link,DE0 3,urban decentral biomass boiler,41826759.33574
marginal,Link,DE0 3,urban decentral gas boiler,130398.30545
marginal,Link,DE0 3,urban decentral resistive heater,11722.59585
marginal,Link,DE0 3,waste CHP,2609.78449
marginal,Link,DE0 4,BEV charger,131077.15299
marginal,Link,DE0 4,CO2 pipeline,4.56894
marginal,Link,DE0 4,Combined-Cycle Gas,37058853.75256
marginal,Link,DE0 4,EAF,0.09718
marginal,Link,DE0 4,H2 DRI,821.0396
marginal,Link,DE0 4,H2 Electrolysis,0.47964
marginal,Link,DE0 4,HVC to air,309588.99989
marginal,Link,DE0 4,Haber-Bosch,6.91476
marginal,Link,DE0 4,Open-Cycle Gas,73.88879
marginal,Link,DE0 4,SMR,10.3749
marginal,Link,DE0 4,Sabatier,0.58991
marginal,Link,DE0 4,battery charger,12.43401
marginal,Link,DE0 4,battery discharger,12.79612
marginal,Link,DE0 4,biogas to gas,45831650.72735
marginal,Link,DE0 4,biomass to liquid,15.5336
marginal,Link,DE0 4,biomass-to-methanol,807.13521
marginal,Link,DE0 4,electricity distribution grid,1336462.28443
marginal,Link,DE0 4,gas DRI,1358.77474
marginal,Link,DE0 4,gas for industry,45946.55887
marginal,Link,DE0 4,gas pipeline,47511.17353
marginal,Link,DE0 4,heat100-200 industry electric boiler steam,47.58583
marginal,Link,DE0 4,heat100-200 industry gas,30.9688
marginal,Link,DE0 4,heat100-200 industry industrial heat pump high temperature,23531422.3677
marginal,Link,DE0 4,heat100-200 industry solid biomass,235.07469
marginal,Link,DE0 4,heat200-500 industry gas,10.85052
marginal,Link,DE0 4,heat200-500 industry hydrogen,102.36774
marginal,Link,DE0 4,heat200-500 industry solid biomass,47922249.45243
marginal,Link,DE0 4,heat<100 industry electric boiler steam,46.88167
marginal,Link,DE0 4,heat<100 industry gas,28.663
marginal,Link,DE0 4,heat<100 industry industrial heat pump medium temperature,17166391.78078
marginal,Link,DE0 4,heat<100 industry solid biomass,239.90901
marginal,Link,DE0 4,heat>500 industry gas,3052764.79127
marginal,Link,DE0 4,heat>500 industry hydrogen,176.88313
marginal,Link,DE0 4,home battery charger,3.52616
marginal,Link,DE0 4,home battery discharger,3.60763
marginal,Link,DE0 4,methanolisation,3.67825
marginal,Link,DE0 4,municipal solid waste,23370.78034
marginal,Link,DE0 4,rural air heat pump,0.47935
marginal,Link,DE0 4,rural biomass boiler,13054538.51667
marginal,Link,DE0 4,rural gas boiler,45916.53948
marginal,Link,DE0 4,rural ground heat pump,16056.32387
marginal,Link,DE0 4,rural resistive heater,4982.62158
marginal,Link,DE0 4,solid biomass for industry,95622.70072
marginal,Link,DE0 4,steel emission,19692.91221
marginal,Link,DE0 4,unsustainable bioliquids,4966575.38221
marginal,Link,DE0 4,urban central air heat pump,20551.88275
marginal,Link,DE0 4,urban central gas CHP,513.59009
marginal,Link,DE0 4,urban central gas boiler,82519.59698
marginal,Link,DE0 4,urban central resistive heater,1071.02771
marginal,Link,DE0 4,urban central solid biomass CHP,94459240.27335
marginal,Link,DE0 4,urban central solid biomass CHP CC,1080.55691
marginal,Link,DE0 4,urban decentral air heat pump,5455.74934
marginal,Link,DE0 4,urban decentral biomass boiler,112597948.45464
marginal,Link,DE0 4,urban decentral gas boiler,408341.89851
marginal,Link,DE0 4,urban decentral resistive heater,23764.17667
marginal,Link,DE0 4,waste CHP,9053.40665
marginal,Link,DE0 5,BEV charger,91940.91723
marginal,Link,DE0 5,CO2 pipeline,10.39225
marginal,Link,DE0 5,Combined-Cycle Gas,27680016.91713
marginal,Link,DE0 5,DC,6831.27768
marginal,Link,DE0 5,EAF,0.08596
marginal,Link,DE0 5,H2 DRI,719.8182
marginal,Link,DE0 5,H2 Electrolysis,0.75583
marginal,Link,DE0 5,HVC to air,253436.48067
marginal,Link,DE0 5,Haber-Bosch,10.79114
marginal,Link,DE0 5,Open-Cycle Gas,76.91434
marginal,Link,DE0 5,SMR,16.65355
marginal,Link,DE0 5,Sabatier,0.50502
marginal,Link,DE0 5,battery charger,10.17434
marginal,Link,DE0 5,battery discharger,8.57057
marginal,Link,DE0 5,biogas to gas,58718919.39121
marginal,Link,DE0 5,biomass to liquid,18.15205
marginal,Link,DE0 5,biomass-to-methanol,917.41415
marginal,Link,DE0 5,electricity distribution grid,941011.6463
marginal,Link,DE0 5,gas DRI,1280.22105
marginal,Link,DE0 5,gas for industry,66546.75717
marginal,Link,DE0 5,gas pipeline,52247.20751
marginal,Link,DE0 5,heat100-200 industry electric boiler steam,51.63684
marginal,Link,DE0 5,heat100-200 industry gas,26.88868
marginal,Link,DE0 5,heat100-200 industry industrial heat pump high temperature,18083287.01665
marginal,Link,DE0 5,heat100-200 industry solid biomass,245.82091
marginal,Link,DE0 5,heat200-500 industry gas,8.36799
marginal,Link,DE0 5,heat200-500 industry hydrogen,94.57748
marginal,Link,DE0 5,heat200-500 industry solid biomass,42606123.03376
marginal,Link,DE0 5,heat<100 industry electric boiler steam,48.38684
marginal,Link,DE0 5,heat<100 industry gas,26.07862
marginal,Link,DE0 5,heat<100 industry industrial heat pump medium temperature,14926426.19005
marginal,Link,DE0 5,heat<100 industry solid biomass,250.33597
marginal,Link,DE0 5,heat>500 industry gas,3913704.70414
marginal,Link,DE0 5,heat>500 industry hydrogen,193.71599
marginal,Link,DE0 5,home battery charger,4.20664
marginal,Link,DE0 5,home battery discharger,4.09213
marginal,Link,DE0 5,methanolisation,6.64814
marginal,Link,DE0 5,municipal solid waste,17376.40458
marginal,Link,DE0 5,rural air heat pump,0.16784
marginal,Link,DE0 5,rural biomass boiler,40846004.47336
marginal,Link,DE0 5,rural gas boiler,136359.42281
marginal,Link,DE0 5,rural ground heat pump,9982.21396
marginal,Link,DE0 5,rural resistive heater,17753.66368
marginal,Link,DE0 5,solid biomass for industry,63724.93268
marginal,Link,DE0 5,steel emission,7912.93051
marginal,Link,DE0 5,unsustainable bioliquids,5868473.34914
marginal,Link,DE0 5,urban central air heat pump,11163.15413
marginal,Link,DE0 5,urban central gas CHP,475.4282
marginal,Link,DE0 5,urban central gas boiler,32330.19345
marginal,Link,DE0 5,urban central resistive heater,7001.49546
marginal,Link,DE0 5,urban central solid biomass CHP,41803540.89586
marginal,Link,DE0 5,urban central solid biomass CHP CC,1505.82634
marginal,Link,DE0 5,urban decentral air heat pump,4001.6241
marginal,Link,DE0 5,urban decentral biomass boiler,51879217.06538
marginal,Link,DE0 5,urban decentral gas boiler,166511.34885
marginal,Link,DE0 5,urban decentral resistive heater,20622.72705
marginal,Link,DE0 5,waste CHP,4435.23445
marginal,Link,DK0 0,BEV charger,31222.01574
marginal,Link,DK0 0,CO2 pipeline,1.40361
marginal,Link,DK0 0,Combined-Cycle Gas,2772169.91825
marginal,Link,DK0 0,DC,174414.89096
marginal,Link,DK0 0,H2 Electrolysis,2.60658
marginal,Link,DK0 0,HVC to air,59047.38906
marginal,Link,DK0 0,Haber-Bosch,36.18333
marginal,Link,DK0 0,Open-Cycle Gas,67.76908
marginal,Link,DK0 0,SMR,51.65711
marginal,Link,DK0 0,Sabatier,0.54376
marginal,Link,DK0 0,battery charger,7.69288
marginal,Link,DK0 0,battery discharger,7.68917
marginal,Link,DK0 0,biogas to gas,26282823.86306
marginal,Link,DK0 0,biomass to liquid,28.28715
marginal,Link,DK0 0,biomass-to-methanol,1181.20739
marginal,Link,DK0 0,co2 sequestered,1.81183
marginal,Link,DK0 0,electricity distribution grid,307059.43463
marginal,Link,DK0 0,gas for industry,12698.69824
marginal,Link,DK0 0,gas pipeline,70554.26217
marginal,Link,DK0 0,gas pipeline new,85771.72475
marginal,Link,DK0 0,heat100-200 industry electric boiler steam,32.00131
marginal,Link,DK0 0,heat100-200 industry gas,16.20656
marginal,Link,DK0 0,heat100-200 industry industrial heat pump high temperature,1961068.39953
marginal,Link,DK0 0,heat100-200 industry solid biomass,248.15884
marginal,Link,DK0 0,heat200-500 industry gas,4.55263
marginal,Link,DK0 0,heat200-500 industry hydrogen,72.95861
marginal,Link,DK0 0,heat200-500 industry solid biomass,4671353.92088
marginal,Link,DK0 0,heat<100 industry electric boiler steam,31.49072
marginal,Link,DK0 0,heat<100 industry gas,16.49499
marginal,Link,DK0 0,heat<100 industry industrial heat pump medium temperature,1891960.7054
marginal,Link,DK0 0,heat<100 industry solid biomass,268.27217
marginal,Link,DK0 0,heat>500 industry gas,407839.17849
marginal,Link,DK0 0,heat>500 industry hydrogen,107.27631
marginal,Link,DK0 0,home battery charger,4.53763
marginal,Link,DK0 0,home battery discharger,4.73241
marginal,Link,DK0 0,methanolisation,24.05444
marginal,Link,DK0 0,municipal solid waste,10951.7768
marginal,Link,DK0 0,rural air heat pump,0.70773
marginal,Link,DK0 0,rural biomass boiler,10713370.4491
marginal,Link,DK0 0,rural gas boiler,5208.14891
marginal,Link,DK0 0,rural ground heat pump,8749.18577
marginal,Link,DK0 0,rural resistive heater,4402.94089
marginal,Link,DK0 0,solid biomass for industry,24598.21755
marginal,Link,DK0 0,unsustainable bioliquids,21894.17319
marginal,Link,DK0 0,urban central air heat pump,37120.27551
marginal,Link,DK0 0,urban central gas CHP,266.42056
marginal,Link,DK0 0,urban central gas boiler,17942.53682
marginal,Link,DK0 0,urban central resistive heater,2742.9004
marginal,Link,DK0 0,urban central solid biomass CHP,13317972.04913
marginal,Link,DK0 0,urban central solid biomass CHP CC,1610.56196
marginal,Link,DK0 0,urban decentral air heat pump,10124.34812
marginal,Link,DK0 0,urban decentral biomass boiler,33179149.80481
marginal,Link,DK0 0,urban decentral gas boiler,16386.05359
marginal,Link,DK0 0,urban decentral resistive heater,31115.82235
marginal,Link,DK0 0,waste CHP,1641.14812
marginal,Link,DK1 0,BEV charger,17856.32411
marginal,Link,DK1 0,CO2 pipeline,-0.93982
marginal,Link,DK1 0,Combined-Cycle Gas,3164689.65811
marginal,Link,DK1 0,DC,59951.31763
marginal,Link,DK1 0,H2 Electrolysis,3.63771
marginal,Link,DK1 0,HVC to air,37432.62886
marginal,Link,DK1 0,Haber-Bosch,241163.11404
marginal,Link,DK1 0,Open-Cycle Gas,61.76461
marginal,Link,DK1 0,SMR,136619.78069
marginal,Link,DK1 0,Sabatier,0.48366
marginal,Link,DK1 0,battery charger,6.96634
marginal,Link,DK1 0,battery discharger,6.67456
marginal,Link,DK1 0,biogas to gas,7882644.87501
marginal,Link,DK1 0,biomass to liquid,12.48514
marginal,Link,DK1 0,biomass-to-methanol,635.0794
marginal,Link,DK1 0,co2 sequestered,1.49515
marginal,Link,DK1 0,electricity distribution grid,210997.11942
marginal,Link,DK1 0,gas for industry,1986.17653
marginal,Link,DK1 0,gas pipeline,10.11884
marginal,Link,DK1 0,heat100-200 industry electric boiler steam,33.30585
marginal,Link,DK1 0,heat100-200 industry gas,15.35534
marginal,Link,DK1 0,heat100-200 industry industrial heat pump high temperature,858120.29559
marginal,Link,DK1 0,heat100-200 industry solid biomass,111.32877
marginal,Link,DK1 0,heat200-500 industry gas,83611.82887
marginal,Link,DK1 0,heat200-500 industry hydrogen,117.41371
marginal,Link,DK1 0,heat200-500 industry solid biomass,3955.11839
marginal,Link,DK1 0,heat<100 industry electric boiler steam,34.24518
marginal,Link,DK1 0,heat<100 industry gas,15.6303
marginal,Link,DK1 0,heat<100 industry industrial heat pump medium temperature,885880.41451
marginal,Link,DK1 0,heat<100 industry solid biomass,114.99508
marginal,Link,DK1 0,heat>500 industry gas,43318.10261
marginal,Link,DK1 0,heat>500 industry hydrogen,140.78671
marginal,Link,DK1 0,home battery charger,5.59335
marginal,Link,DK1 0,home battery discharger,5.56468
marginal,Link,DK1 0,methanolisation,59.78057
marginal,Link,DK1 0,municipal solid waste,8249.8997
marginal,Link,DK1 0,rural air heat pump,0.81043
marginal,Link,DK1 0,rural biomass boiler,4654139.59154
marginal,Link,DK1 0,rural gas boiler,2002.49118
marginal,Link,DK1 0,rural ground heat pump,5449.77536
marginal,Link,DK1 0,rural resistive heater,1962.6987
marginal,Link,DK1 0,solid biomass for industry,6832.23142
marginal,Link,DK1 0,unsustainable bioliquids,7987.97521
marginal,Link,DK1 0,urban central air heat pump,18194.78427
marginal,Link,DK1 0,urban central gas CHP,251.25475
marginal,Link,DK1 0,urban central gas boiler,9823.46455
marginal,Link,DK1 0,urban central resistive heater,2371.17958
marginal,Link,DK1 0,urban central solid biomass CHP,193.66419
marginal,Link,DK1 0,urban central solid biomass CHP CC,239.24792
marginal,Link,DK1 0,urban decentral air heat pump,6798.48398
marginal,Link,DK1 0,urban decentral biomass boiler,22845386.25553
marginal,Link,DK1 0,urban decentral gas boiler,10668.26254
marginal,Link,DK1 0,urban decentral resistive heater,22480.24546
marginal,Link,DK1 0,waste CHP,1390.48266
marginal,Link,EE0 0,BEV charger,8527.43944
marginal,Link,EE0 0,CO2 pipeline,0.31122
marginal,Link,EE0 0,Combined-Cycle Gas,291759.16089
marginal,Link,EE0 0,DC,28706.9566
marginal,Link,EE0 0,H2 Electrolysis,1.06972
marginal,Link,EE0 0,HVC to air,23244.31982
marginal,Link,EE0 0,Haber-Bosch,9.41845
marginal,Link,EE0 0,Open-Cycle Gas,65.37544
marginal,Link,EE0 0,SMR,14113.42612
marginal,Link,EE0 0,Sabatier,0.54871
marginal,Link,EE0 0,battery charger,5.91177
marginal,Link,EE0 0,battery discharger,6.08895
marginal,Link,EE0 0,biogas to gas,4616639.95563
marginal,Link,EE0 0,biomass to liquid,4377260.83786
marginal,Link,EE0 0,biomass-to-methanol,1867.07631
marginal,Link,EE0 0,co2 sequestered,30.18294
marginal,Link,EE0 0,electricity distribution grid,100149.84791
marginal,Link,EE0 0,gas for industry,195.66143
marginal,Link,EE0 0,gas pipeline new,-10372.87669
marginal,Link,EE0 0,heat100-200 industry electric boiler steam,37.09048
marginal,Link,EE0 0,heat100-200 industry gas,18.0305
marginal,Link,EE0 0,heat100-200 industry industrial heat pump high temperature,698.29208
marginal,Link,EE0 0,heat100-200 industry solid biomass,2018308.90518
marginal,Link,EE0 0,heat200-500 industry gas,3.84859
marginal,Link,EE0 0,heat200-500 industry hydrogen,83.21067
marginal,Link,EE0 0,heat200-500 industry solid biomass,1120722.77987
marginal,Link,EE0 0,heat<100 industry electric boiler steam,37.74411
marginal,Link,EE0 0,heat<100 industry gas,17.98388
marginal,Link,EE0 0,heat<100 industry industrial heat pump medium temperature,489.39707
marginal,Link,EE0 0,heat<100 industry solid biomass,1826417.02708
marginal,Link,EE0 0,heat>500 industry gas,49083.24302
marginal,Link,EE0 0,heat>500 industry hydrogen,136.73892
marginal,Link,EE0 0,home battery charger,6.55232
marginal,Link,EE0 0,home battery discharger,6.91916
marginal,Link,EE0 0,methanolisation,11018.67988
marginal,Link,EE0 0,municipal solid waste,2279.91259
marginal,Link,EE0 0,rural air heat pump,0.11284
marginal,Link,EE0 0,rural biomass boiler,20723331.92139
marginal,Link,EE0 0,rural gas boiler,1060.54022
marginal,Link,EE0 0,rural ground heat pump,3213.61538
marginal,Link,EE0 0,rural resistive heater,2917.92356
marginal,Link,EE0 0,solid biomass for industry,3896.06166
marginal,Link,EE0 0,urban central air heat pump,0.68206
marginal,Link,EE0 0,urban central gas CHP,210.38211
marginal,Link,EE0 0,urban central gas boiler,4645.09366
marginal,Link,EE0 0,urban central resistive heater,3999.19195
marginal,Link,EE0 0,urban central solid biomass CHP,18542991.32233
marginal,Link,EE0 0,urban central solid biomass CHP CC,3287393.41941
marginal,Link,EE0 0,urban decentral air heat pump,2230.16273
marginal,Link,EE0 0,urban decentral biomass boiler,17593027.99765
marginal,Link,EE0 0,urban decentral gas boiler,812.35178
marginal,Link,EE0 0,urban decentral resistive heater,6860.35817
marginal,Link,EE0 0,waste CHP,1177.65023
marginal,Link,ES0 0,BEV charger,278352.21332
marginal,Link,ES0 0,CO2 pipeline,-1.40071
marginal,Link,ES0 0,Combined-Cycle Gas,33665059.97633
marginal,Link,ES0 0,DC,59015.57394
marginal,Link,ES0 0,EAF,0.0988
marginal,Link,ES0 0,H2 DRI,915.28983
marginal,Link,ES0 0,H2 Electrolysis,1.22655
marginal,Link,ES0 0,HVC to air,652507.25147
marginal,Link,ES0 0,Haber-Bosch,23.66644
marginal,Link,ES0 0,Open-Cycle Gas,76.84061
marginal,Link,ES0 0,SMR,21.51593
marginal,Link,ES0 0,Sabatier,0.49617
marginal,Link,ES0 0,battery charger,519662.70973
marginal,Link,ES0 0,battery discharger,520178.69376
marginal,Link,ES0 0,biogas to gas,74045197.32483
marginal,Link,ES0 0,biomass to liquid,17.28894
marginal,Link,ES0 0,biomass-to-methanol,925.28455
marginal,Link,ES0 0,co2 sequestered,1.35421
marginal,Link,ES0 0,electricity distribution grid,3253789.74995
marginal,Link,ES0 0,gas DRI,1449.16486
marginal,Link,ES0 0,gas for industry,135443.36003
marginal,Link,ES0 0,gas pipeline,58197.73037
marginal,Link,ES0 0,gas pipeline new,-0.97829
marginal,Link,ES0 0,heat100-200 industry electric boiler steam,60.2523
marginal,Link,ES0 0,heat100-200 industry gas,33.33579
marginal,Link,ES0 0,heat100-200 industry industrial heat pump high temperature,34894675.27124
marginal,Link,ES0 0,heat100-200 industry solid biomass,236.74905
marginal,Link,ES0 0,heat200-500 industry gas,10.62673
marginal,Link,ES0 0,heat200-500 industry hydrogen,125.93226
marginal,Link,ES0 0,heat200-500 industry solid biomass,96965594.39158
marginal,Link,ES0 0,heat<100 industry electric boiler steam,47.8556
marginal,Link,ES0 0,heat<100 industry gas,24.41599
marginal,Link,ES0 0,heat<100 industry industrial heat pump medium temperature,12185328.10074
marginal,Link,ES0 0,heat<100 industry solid biomass,228.52733
marginal,Link,ES0 0,heat>500 industry gas,8439707.81523
marginal,Link,ES0 0,heat>500 industry hydrogen,209.6694
marginal,Link,ES0 0,home battery charger,4.10515
marginal,Link,ES0 0,home battery discharger,3.74833
marginal,Link,ES0 0,methanolisation,6.16543
marginal,Link,ES0 0,municipal solid waste,24643.31829
marginal,Link,ES0 0,rural air heat pump,0.67071
marginal,Link,ES0 0,rural biomass boiler,48117005.97091
marginal,Link,ES0 0,rural gas boiler,99440.61846
marginal,Link,ES0 0,rural ground heat pump,39173.19228
marginal,Link,ES0 0,rural resistive heater,29462.39478
marginal,Link,ES0 0,solid biomass for industry,289772.97827
marginal,Link,ES0 0,steel emission,17024.83817
marginal,Link,ES0 0,unsustainable bioliquids,18045604.8267
marginal,Link,ES0 0,urban central air heat pump,11668.05115
marginal,Link,ES0 0,urban central gas CHP,410.66607
marginal,Link,ES0 0,urban central gas boiler,25464.91129
marginal,Link,ES0 0,urban central resistive heater,2355.79473
marginal,Link,ES0 0,urban central solid biomass CHP,34650265.61243
marginal,Link,ES0 0,urban central solid biomass CHP CC,1628.50173
marginal,Link,ES0 0,urban decentral air heat pump,8266.26372
marginal,Link,ES0 0,urban decentral biomass boiler,81057776.35615
marginal,Link,ES0 0,urban decentral gas boiler,202560.50788
marginal,Link,ES0 0,urban decentral resistive heater,333964.61858
marginal,Link,ES0 0,waste CHP,3533.44086
marginal,Link,ES6 0,BEV charger,4851.3271
marginal,Link,ES6 0,Combined-Cycle Gas,81.79816
marginal,Link,ES6 0,DC,26533.48548
marginal,Link,ES6 0,H2 Electrolysis,36.93345
marginal,Link,ES6 0,HVC to air,11299.00174
marginal,Link,ES6 0,Haber-Bosch,56135.55292
marginal,Link,ES6 0,Open-Cycle Gas,50.50661
marginal,Link,ES6 0,SMR,36938.30838
marginal,Link,ES6 0,Sabatier,0.53281
marginal,Link,ES6 0,battery charger,6.31733
marginal,Link,ES6 0,battery discharger,5.98274
marginal,Link,ES6 0,biogas to gas,428572.61793
marginal,Link,ES6 0,biomass to liquid,14.59024
marginal,Link,ES6 0,biomass-to-methanol,843.46018
marginal,Link,ES6 0,electricity distribution grid,106783.38001
marginal,Link,ES6 0,gas pipeline,24.09432
marginal,Link,ES6 0,gas pipeline new,-14945.1479
marginal,Link,ES6 0,heat100-200 industry electric boiler steam,51.74341
marginal,Link,ES6 0,heat100-200 industry gas,15.66084
marginal,Link,ES6 0,heat100-200 industry industrial heat pump high temperature,307192.19185
marginal,Link,ES6 0,heat100-200 industry solid biomass,174.40774
marginal,Link,ES6 0,heat200-500 industry gas,7.66995
marginal,Link,ES6 0,heat200-500 industry hydrogen,112.95114
marginal,Link,ES6 0,heat200-500 industry solid biomass,746721.32748
marginal,Link,ES6 0,heat<100 industry electric boiler steam,54.53338
marginal,Link,ES6 0,heat<100 industry gas,16.14039
marginal,Link,ES6 0,heat<100 industry industrial heat pump medium temperature,119544.1418
marginal,Link,ES6 0,heat<100 industry solid biomass,176.13386
marginal,Link,ES6 0,heat>500 industry gas,20293.4831
marginal,Link,ES6 0,heat>500 industry hydrogen,149.81624
marginal,Link,ES6 0,home battery charger,6.20237
marginal,Link,ES6 0,home battery discharger,6.38552
marginal,Link,ES6 0,methanolisation,9.14338
marginal,Link,ES6 0,municipal solid waste,650.08157
marginal,Link,ES6 0,rural air heat pump,1.09978
marginal,Link,ES6 0,rural biomass boiler,567462.15183
marginal,Link,ES6 0,rural gas boiler,333.09883
marginal,Link,ES6 0,rural ground heat pump,421.10349
marginal,Link,ES6 0,rural resistive heater,1401.87971
marginal,Link,ES6 0,solid biomass for industry,2526.23644
marginal,Link,ES6 0,unsustainable bioliquids,141367.03327
marginal,Link,ES6 0,urban central air heat pump,0.82642
marginal,Link,ES6 0,urban central gas CHP,127.72572
marginal,Link,ES6 0,urban central gas boiler,365.95948
marginal,Link,ES6 0,urban central resistive heater,246.36967
marginal,Link,ES6 0,urban central solid biomass CHP,185.13849
marginal,Link,ES6 0,urban central solid biomass CHP CC,266.74971
marginal,Link,ES6 0,urban decentral air heat pump,169.29401
marginal,Link,ES6 0,urban decentral biomass boiler,1532203.77531
marginal,Link,ES6 0,urban decentral gas boiler,1553.26317
marginal,Link,ES6 0,urban decentral resistive heater,8304.47309
marginal,Link,ES6 0,waste CHP,742.92441
marginal,Link,EU,BOF,12561084794.9963
marginal,Link,EU,OCGT methanol,1053.33859
marginal,Link,EU,agriculture machinery oil,521014.73751
marginal,Link,EU,ammonia cracker,8.38762
marginal,Link,EU,coal,21133801.55593
marginal,Link,EU,coal for industry,1728119.96914
marginal,Link,EU,kerosene for aviation,7515311.92284
marginal,Link,EU,land transport oil,25691734.13013
marginal,Link,EU,lignite,3851.85858
marginal,Link,EU,naphtha for industry,8552319.83282
marginal,Link,EU,nuclear,2236594006.43021
marginal,Link,EU,oil,2460.51464
marginal,Link,EU,oil refining,48315561.9341
marginal,Link,EU,rural oil boiler,1756155.61065
marginal,Link,EU,shipping methanol,686267.35148
marginal,Link,EU,shipping oil,4970185.85617
marginal,Link,EU,solid biomass import,26.43113
marginal,Link,EU,urban decentral oil boiler,3166813.15513
marginal,Link,FI1 0,BEV charger,50166.19429
marginal,Link,FI1 0,CO2 pipeline,0.74075
marginal,Link,FI1 0,Combined-Cycle Gas,1274667.40527
marginal,Link,FI1 0,DC,51907.77681
marginal,Link,FI1 0,EAF,0.08497
marginal,Link,FI1 0,H2 DRI,945.32035
marginal,Link,FI1 0,H2 Electrolysis,1.10236
marginal,Link,FI1 0,HVC to air,99518.65349
marginal,Link,FI1 0,Haber-Bosch,27608.75609
marginal,Link,FI1 0,Open-Cycle Gas,59.25521
marginal,Link,FI1 0,SMR,191349.37997
marginal,Link,FI1 0,Sabatier,0.50993
marginal,Link,FI1 0,battery charger,5.38269
marginal,Link,FI1 0,battery discharger,5.49511
marginal,Link,FI1 0,biogas to gas,12255035.50584
marginal,Link,FI1 0,biomass to liquid,31.9072
marginal,Link,FI1 0,biomass-to-methanol,1162.05195
marginal,Link,FI1 0,electricity distribution grid,989887.95817
marginal,Link,FI1 0,gas DRI,1293.35216
marginal,Link,FI1 0,gas for industry,9494.87273
marginal,Link,FI1 0,heat100-200 industry electric boiler steam,38.96074
marginal,Link,FI1 0,heat100-200 industry gas,17.97498
marginal,Link,FI1 0,heat100-200 industry industrial heat pump high temperature,2807739.76918
marginal,Link,FI1 0,heat100-200 industry solid biomass,324.82597
marginal,Link,FI1 0,heat200-500 industry gas,4.42909
marginal,Link,FI1 0,heat200-500 industry hydrogen,68.54231
marginal,Link,FI1 0,heat200-500 industry solid biomass,14108063.33554
marginal,Link,FI1 0,heat<100 industry electric boiler steam,62.09802
marginal,Link,FI1 0,heat<100 industry gas,21.81895
marginal,Link,FI1 0,heat<100 industry industrial heat pump medium temperature,16590874.37234
marginal,Link,FI1 0,heat<100 industry solid biomass,352.29691
marginal,Link,FI1 0,heat>500 industry gas,415630.16792
marginal,Link,FI1 0,heat>500 industry hydrogen,106.12945
marginal,Link,FI1 0,home battery charger,6.6644
marginal,Link,FI1 0,home battery discharger,5.92008
marginal,Link,FI1 0,methanolisation,126616.94783
marginal,Link,FI1 0,municipal solid waste,11461.9457
marginal,Link,FI1 0,rural air heat pump,0.18496
marginal,Link,FI1 0,rural biomass boiler,44510638.84286
marginal,Link,FI1 0,rural gas boiler,3277.63213
marginal,Link,FI1 0,rural ground heat pump,26724.38729
marginal,Link,FI1 0,rural resistive heater,24306.33385
marginal,Link,FI1 0,solid biomass for industry,491433.27917
marginal,Link,FI1 0,steel emission,10045.15552
marginal,Link,FI1 0,unsustainable bioliquids,3564774.71505
marginal,Link,FI1 0,urban central air heat pump,1.05083
marginal,Link,FI1 0,urban central gas CHP,209.41696
marginal,Link,FI1 0,urban central gas boiler,40553.69821
marginal,Link,FI1 0,urban central resistive heater,22894.34728
marginal,Link,FI1 0,urban central solid biomass CHP,108964331.71258
marginal,Link,FI1 0,urban central solid biomass CHP CC,40167032.46374
marginal,Link,FI1 0,urban decentral air heat pump,24022.44187
marginal,Link,FI1 0,urban decentral biomass boiler,106592709.03174
marginal,Link,FI1 0,urban decentral gas boiler,4979.52462
marginal,Link,FI1 0,urban decentral resistive heater,109165.35787
marginal,Link,FI1 0,waste CHP,2042.52654
marginal,Link,FR0 0,BEV charger,152370.82745
marginal,Link,FR0 0,CO2 pipeline,-0.97595
marginal,Link,FR0 0,Combined-Cycle Gas,12325499.33018
marginal,Link,FR0 0,DC,85379.99324
marginal,Link,FR0 0,EAF,0.10059
marginal,Link,FR0 0,H2 DRI,945.7279
marginal,Link,FR0 0,H2 Electrolysis,1.45944
marginal,Link,FR0 0,HVC to air,381133.43682
marginal,Link,FR0 0,Haber-Bosch,372293.43152
marginal,Link,FR0 0,Open-Cycle Gas,67.75534
marginal,Link,FR0 0,SMR,237078.62822
marginal,Link,FR0 0,Sabatier,0.49946
marginal,Link,FR0 0,battery charger,5.96287
marginal,Link,FR0 0,battery discharger,6.03518
marginal,Link,FR0 0,biogas to gas,56591211.5067
marginal,Link,FR0 0,biomass to liquid,16.67481
marginal,Link,FR0 0,biomass-to-methanol,844.72242
marginal,Link,FR0 0,electricity distribution grid,2090036.8863
marginal,Link,FR0 0,gas DRI,1497.32993
marginal,Link,FR0 0,gas for industry,43673.0124
marginal,Link,FR0 0,gas pipeline,605769.50668
marginal,Link,FR0 0,heat100-200 industry electric boiler steam,59.32666
marginal,Link,FR0 0,heat100-200 industry gas,23.35771
marginal,Link,FR0 0,heat100-200 industry industrial heat pump high temperature,16397453.72317
marginal,Link,FR0 0,heat100-200 industry solid biomass,197.45285
marginal,Link,FR0 0,heat200-500 industry gas,9.32577
marginal,Link,FR0 0,heat200-500 industry hydrogen,94.24261
marginal,Link,FR0 0,heat200-500 industry solid biomass,38580547.41552
marginal,Link,FR0 0,heat<100 industry electric boiler steam,52.0281
marginal,Link,FR0 0,heat<100 industry gas,21.82353
marginal,Link,FR0 0,heat<100 industry industrial heat pump medium temperature,13013678.73392
marginal,Link,FR0 0,heat<100 industry solid biomass,191.67074
marginal,Link,FR0 0,heat>500 industry gas,2822802.70443
marginal,Link,FR0 0,heat>500 industry hydrogen,172.05796
marginal,Link,FR0 0,home battery charger,13.77776
marginal,Link,FR0 0,home battery discharger,13.47609
marginal,Link,FR0 0,methanolisation,12.84737
marginal,Link,FR0 0,municipal solid waste,25997.10243
marginal,Link,FR0 0,rural air heat pump,0.46285
marginal,Link,FR0 0,rural biomass boiler,34904130.84926
marginal,Link,FR0 0,rural gas boiler,37738.14517
marginal,Link,FR0 0,rural ground heat pump,31459.94665
marginal,Link,FR0 0,rural resistive heater,17428.0203
marginal,Link,FR0 0,solid biomass for industry,69432.26595
marginal,Link,FR0 0,steel emission,23721.71915
marginal,Link,FR0 0,unsustainable bioliquids,7399694.8775
marginal,Link,FR0 0,urban central air heat pump,42995.5738
marginal,Link,FR0 0,urban central gas CHP,403.83497
marginal,Link,FR0 0,urban central gas boiler,83590.59129
marginal,Link,FR0 0,urban central resistive heater,3447.76915
marginal,Link,FR0 0,urban central solid biomass CHP,14416877.43249
marginal,Link,FR0 0,urban central solid biomass CHP CC,605.19888
marginal,Link,FR0 0,urban decentral air heat pump,87095.36976
marginal,Link,FR0 0,urban decentral biomass boiler,157424983.70887
marginal,Link,FR0 0,urban decentral gas boiler,179731.45775
marginal,Link,FR0 0,urban decentral resistive heater,312525.51056
marginal,Link,FR0 0,waste CHP,4001.59784
marginal,Link,FR0 1,BEV charger,100528.58759
marginal,Link,FR0 1,CO2 pipeline,-1.32113
marginal,Link,FR0 1,Combined-Cycle Gas,5580557.2483
marginal,Link,FR0 1,EAF,0.10698
marginal,Link,FR0 1,H2 DRI,917.37334
marginal,Link,FR0 1,H2 Electrolysis,1.20291
marginal,Link,FR0 1,HVC to air,255713.53593
marginal,Link,FR0 1,Haber-Bosch,79.99143
marginal,Link,FR0 1,Open-Cycle Gas,68.74986
marginal,Link,FR0 1,SMR,60.46233
marginal,Link,FR0 1,Sabatier,0.49218
marginal,Link,FR0 1,battery charger,7.74736
marginal,Link,FR0 1,battery discharger,7.40607
marginal,Link,FR0 1,biogas to gas,15326343.19523
marginal,Link,FR0 1,biomass to liquid,15.71032
marginal,Link,FR0 1,biomass-to-methanol,775.81955
marginal,Link,FR0 1,electricity distribution grid,1288097.92459
marginal,Link,FR0 1,gas DRI,1469.19895
marginal,Link,FR0 1,gas for industry,43189.83208
marginal,Link,FR0 1,gas pipeline,141289.69985
marginal,Link,FR0 1,heat100-200 industry electric boiler steam,47.86435
marginal,Link,FR0 1,heat100-200 industry gas,20.76321
marginal,Link,FR0 1,heat100-200 industry industrial heat pump high temperature,10790233.68879
marginal,Link,FR0 1,heat100-200 industry solid biomass,167.4301
marginal,Link,FR0 1,heat200-500 industry gas,12.19552
marginal,Link,FR0 1,heat200-500 industry hydrogen,92.72902
marginal,Link,FR0 1,heat200-500 industry solid biomass,28492753.7129
marginal,Link,FR0 1,heat<100 industry electric boiler steam,44.01951
marginal,Link,FR0 1,heat<100 industry gas,20.39033
marginal,Link,FR0 1,heat<100 industry industrial heat pump medium temperature,9350346.82043
marginal,Link,FR0 1,heat<100 industry solid biomass,163.67824
marginal,Link,FR0 1,heat>500 industry gas,2668076.47497
marginal,Link,FR0 1,heat>500 industry hydrogen,168.4859
marginal,Link,FR0 1,home battery charger,12.47576
marginal,Link,FR0 1,home battery discharger,11.51262
marginal,Link,FR0 1,methanolisation,12.17643
marginal,Link,FR0 1,municipal solid waste,15270.20111
marginal,Link,FR0 1,rural air heat pump,0.51746
marginal,Link,FR0 1,rural biomass boiler,30825367.71752
marginal,Link,FR0 1,rural gas boiler,35207.84808
marginal,Link,FR0 1,rural ground heat pump,21304.68358
marginal,Link,FR0 1,rural resistive heater,12881.46765
marginal,Link,FR0 1,solid biomass for industry,43763.68231
marginal,Link,FR0 1,steel emission,18756.98465
marginal,Link,FR0 1,unsustainable bioliquids,2531267.96261
marginal,Link,FR0 1,urban central air heat pump,33300.41191
marginal,Link,FR0 1,urban central gas CHP,403.14101
marginal,Link,FR0 1,urban central gas boiler,64952.57535
marginal,Link,FR0 1,urban central resistive heater,27.08972
marginal,Link,FR0 1,urban central solid biomass CHP,3272.34603
marginal,Link,FR0 1,urban central solid biomass CHP CC,570.31936
marginal,Link,FR0 1,urban decentral air heat pump,63610.84053
marginal,Link,FR0 1,urban decentral biomass boiler,93358689.34908
marginal,Link,FR0 1,urban decentral gas boiler,123889.77817
marginal,Link,FR0 1,urban decentral resistive heater,204301.06376
marginal,Link,FR0 1,waste CHP,4946.37856
marginal,Link,FR0 2,BEV charger,73472.75971
marginal,Link,FR0 2,CO2 pipeline,1.80362
marginal,Link,FR0 2,Combined-Cycle Gas,478154.29983
marginal,Link,FR0 2,DC,66087.3089
marginal,Link,FR0 2,H2 Electrolysis,1.24066
marginal,Link,FR0 2,HVC to air,157629.12207
marginal,Link,FR0 2,Haber-Bosch,8.72007
marginal,Link,FR0 2,Open-Cycle Gas,67.83417
marginal,Link,FR0 2,SMR,22.91467
marginal,Link,FR0 2,Sabatier,0.54986
marginal,Link,FR0 2,battery charger,6.90108
marginal,Link,FR0 2,battery discharger,5.85347
marginal,Link,FR0 2,biogas to gas,27794385.53882
marginal,Link,FR0 2,biomass to liquid,184.18445
marginal,Link,FR0 2,biomass-to-methanol,1832.50063
marginal,Link,FR0 2,electricity distribution grid,899715.42838
marginal,Link,FR0 2,gas for industry,6590.1185
marginal,Link,FR0 2,gas pipeline,167.48548
marginal,Link,FR0 2,heat100-200 industry electric boiler steam,38.55121
marginal,Link,FR0 2,heat100-200 industry gas,16.74687
marginal,Link,FR0 2,heat100-200 industry industrial heat pump high temperature,385.38708
marginal,Link,FR0 2,heat100-200 industry solid biomass,18279665.55211
marginal,Link,FR0 2,heat200-500 industry gas,3.5558
marginal,Link,FR0 2,heat200-500 industry hydrogen,59.49975
marginal,Link,FR0 2,heat200-500 industry solid biomass,14293839.11765
marginal,Link,FR0 2,heat<100 industry electric boiler steam,33.31622
marginal,Link,FR0 2,heat<100 industry gas,15.56317
marginal,Link,FR0 2,heat<100 industry industrial heat pump medium temperature,274.04489
marginal,Link,FR0 2,heat<100 industry solid biomass,11543683.987
marginal,Link,FR0 2,heat>500 industry gas,1165195.55632
marginal,Link,FR0 2,heat>500 industry hydrogen,127.59638
marginal,Link,FR0 2,home battery charger,13.53114
marginal,Link,FR0 2,home battery discharger,12.28317
marginal,Link,FR0 2,methanolisation,12.02911
marginal,Link,FR0 2,municipal solid waste,10118.5703
marginal,Link,FR0 2,rural air heat pump,0.2728
marginal,Link,FR0 2,rural biomass boiler,57000922.13381
marginal,Link,FR0 2,rural gas boiler,72756.45898
marginal,Link,FR0 2,rural ground heat pump,30238.46501
marginal,Link,FR0 2,rural resistive heater,19201.17457
marginal,Link,FR0 2,solid biomass for industry,37912.03491
marginal,Link,FR0 2,unsustainable bioliquids,4375608.08022
marginal,Link,FR0 2,urban central air heat pump,0.7167
marginal,Link,FR0 2,urban central gas CHP,304.45611
marginal,Link,FR0 2,urban central gas boiler,8070.78516
marginal,Link,FR0 2,urban central resistive heater,3610.64271
marginal,Link,FR0 2,urban central solid biomass CHP,39336766.1014
marginal,Link,FR0 2,urban central solid biomass CHP CC,11042.85248
marginal,Link,FR0 2,urban decentral air heat pump,32908.7454
marginal,Link,FR0 2,urban decentral biomass boiler,33245433.14178
marginal,Link,FR0 2,urban decentral gas boiler,44871.39084
marginal,Link,FR0 2,urban decentral resistive heater,70934.49774
marginal,Link,FR0 2,waste CHP,1716.03703
marginal,Link,FR0 3,BEV charger,71559.8673
marginal,Link,FR0 3,CO2 pipeline,0.08145
marginal,Link,FR0 3,Combined-Cycle Gas,3962586.03947
marginal,Link,FR0 3,DC,39574.75258
marginal,Link,FR0 3,H2 Electrolysis,1.77638
marginal,Link,FR0 3,HVC to air,160916.48796
marginal,Link,FR0 3,Haber-Bosch,26134.31316
marginal,Link,FR0 3,Open-Cycle Gas,67.83301
marginal,Link,FR0 3,SMR,14205.75462
marginal,Link,FR0 3,Sabatier,0.55779
marginal,Link,FR0 3,battery charger,6.5128
marginal,Link,FR0 3,battery discharger,5.90659
marginal,Link,FR0 3,biogas to gas,62957697.90356
marginal,Link,FR0 3,biomass to liquid,22.00305
marginal,Link,FR0 3,biomass-to-methanol,1056.76961
marginal,Link,FR0 3,electricity distribution grid,852877.28719
marginal,Link,FR0 3,gas for industry,13718.46897
marginal,Link,FR0 3,gas pipeline,54721.2326
marginal,Link,FR0 3,heat100-200 industry electric boiler steam,41.16889
marginal,Link,FR0 3,heat100-200 industry gas,17.42856
marginal,Link,FR0 3,heat100-200 industry industrial heat pump high temperature,5870492.82148
marginal,Link,FR0 3,heat100-200 industry solid biomass,208.98777
marginal,Link,FR0 3,heat200-500 industry gas,5.40266
marginal,Link,FR0 3,heat200-500 industry hydrogen,68.54519
marginal,Link,FR0 3,heat200-500 industry solid biomass,12891725.59921
marginal,Link,FR0 3,heat<100 industry electric boiler steam,38.36596
marginal,Link,FR0 3,heat<100 industry gas,17.47713
marginal,Link,FR0 3,heat<100 industry industrial heat pump medium temperature,4894895.70174
marginal,Link,FR0 3,heat<100 industry solid biomass,210.65301
marginal,Link,FR0 3,heat>500 industry gas,1035381.66592
marginal,Link,FR0 3,heat>500 industry hydrogen,123.47842
marginal,Link,FR0 3,home battery charger,14.22006
marginal,Link,FR0 3,home battery discharger,12.44566
marginal,Link,FR0 3,methanolisation,16.04191
marginal,Link,FR0 3,municipal solid waste,11745.54394
marginal,Link,FR0 3,rural air heat pump,0.38664
marginal,Link,FR0 3,rural biomass boiler,22254244.82111
marginal,Link,FR0 3,rural gas boiler,21997.60003
marginal,Link,FR0 3,rural ground heat pump,15958.5366
marginal,Link,FR0 3,rural resistive heater,13579.44826
marginal,Link,FR0 3,solid biomass for industry,27218.63045
marginal,Link,FR0 3,unsustainable bioliquids,4187810.83721
marginal,Link,FR0 3,urban central air heat pump,6600.53924
marginal,Link,FR0 3,urban central gas CHP,340.81344
marginal,Link,FR0 3,urban central gas boiler,26188.78389
marginal,Link,FR0 3,urban central resistive heater,5000.22325
marginal,Link,FR0 3,urban central solid biomass CHP,31018485.63454
marginal,Link,FR0 3,urban central solid biomass CHP CC,1253.20543
marginal,Link,FR0 3,urban decentral air heat pump,40482.4876
marginal,Link,FR0 3,urban decentral biomass boiler,60970302.96509
marginal,Link,FR0 3,urban decentral gas boiler,66478.05048
marginal,Link,FR0 3,urban decentral resistive heater,146163.90474
marginal,Link,FR0 3,waste CHP,2712.36191
marginal,Link,FR0 4,BEV charger,48162.0081
marginal,Link,FR0 4,CO2 pipeline,1.3156
marginal,Link,FR0 4,Combined-Cycle Gas,2720373.2325
marginal,Link,FR0 4,H2 Electrolysis,1.41917
marginal,Link,FR0 4,HVC to air,116778.40959
marginal,Link,FR0 4,Haber-Bosch,7.74959
marginal,Link,FR0 4,Open-Cycle Gas,65.10522
marginal,Link,FR0 4,SMR,20.60885
marginal,Link,FR0 4,Sabatier,0.58306
marginal,Link,FR0 4,battery charger,6.25803
marginal,Link,FR0 4,battery discharger,6.18201
marginal,Link,FR0 4,biogas to gas,23853207.79601
marginal,Link,FR0 4,biomass to liquid,74.08134
marginal,Link,FR0 4,biomass-to-methanol,1652.07992
marginal,Link,FR0 4,electricity distribution grid,645824.78005
marginal,Link,FR0 4,gas for industry,32280.701
marginal,Link,FR0 4,gas pipeline,655137.54285
marginal,Link,FR0 4,heat100-200 industry electric boiler steam,44.43039
marginal,Link,FR0 4,heat100-200 industry gas,18.58085
marginal,Link,FR0 4,heat100-200 industry industrial heat pump high temperature,8509525.9975
marginal,Link,FR0 4,heat100-200 industry solid biomass,1161.53153
marginal,Link,FR0 4,heat200-500 industry gas,4.00926
marginal,Link,FR0 4,heat200-500 industry hydrogen,61.98028
marginal,Link,FR0 4,heat200-500 industry solid biomass,17378513.16267
marginal,Link,FR0 4,heat<100 industry electric boiler steam,39.06943
marginal,Link,FR0 4,heat<100 industry gas,17.42565
marginal,Link,FR0 4,heat<100 industry industrial heat pump medium temperature,3849172.86132
marginal,Link,FR0 4,heat<100 industry solid biomass,7006413.88732
marginal,Link,FR0 4,heat>500 industry gas,1947495.9479
marginal,Link,FR0 4,heat>500 industry hydrogen,150.21201
marginal,Link,FR0 4,home battery charger,10.94636
marginal,Link,FR0 4,home battery discharger,10.61709
marginal,Link,FR0 4,methanolisation,10.9611
marginal,Link,FR0 4,municipal solid waste,8030.5708
marginal,Link,FR0 4,rural air heat pump,0.29887
marginal,Link,FR0 4,rural biomass boiler,35304212.27236
marginal,Link,FR0 4,rural gas boiler,46571.91726
marginal,Link,FR0 4,rural ground heat pump,17464.28132
marginal,Link,FR0 4,rural resistive heater,24759.96156
marginal,Link,FR0 4,solid biomass for industry,40966.3292
marginal,Link,FR0 4,unsustainable bioliquids,3289243.73952
marginal,Link,FR0 4,urban central air heat pump,0.66655
marginal,Link,FR0 4,urban central gas CHP,307.15239
marginal,Link,FR0 4,urban central gas boiler,8647.03741
marginal,Link,FR0 4,urban central resistive heater,3771.83413
marginal,Link,FR0 4,urban central solid biomass CHP,31496016.058
marginal,Link,FR0 4,urban central solid biomass CHP CC,2829.65584
marginal,Link,FR0 4,urban decentral air heat pump,25351.52131
marginal,Link,FR0 4,urban decentral biomass boiler,31378692.10124
marginal,Link,FR0 4,urban decentral gas boiler,37148.71153
marginal,Link,FR0 4,urban decentral resistive heater,73302.28288
marginal,Link,FR0 4,waste CHP,1769.23846
marginal,Link,FR5 0,BEV charger,1726.637
marginal,Link,FR5 0,CO2 pipeline,-0.93789
marginal,Link,FR5 0,Combined-Cycle Gas,818935.07482
marginal,Link,FR5 0,DC,11451.59292
marginal,Link,FR5 0,H2 Electrolysis,0.83065
marginal,Link,FR5 0,HVC to air,5112.64601
marginal,Link,FR5 0,Haber-Bosch,3.25887
marginal,Link,FR5 0,Open-Cycle Gas,81.44334
marginal,Link,FR5 0,SMR,7.99929
marginal,Link,FR5 0,Sabatier,0.48286
marginal,Link,FR5 0,battery charger,17647.58191
marginal,Link,FR5 0,battery discharger,17202.66971
marginal,Link,FR5 0,biogas to gas,303372.01634
marginal,Link,FR5 0,biomass to liquid,14.50112
marginal,Link,FR5 0,biomass-to-methanol,777.05775
marginal,Link,FR5 0,electricity distribution grid,45297.13051
marginal,Link,FR5 0,gas pipeline new,-13678.87556
marginal,Link,FR5 0,heat100-200 industry electric boiler steam,36.25657
marginal,Link,FR5 0,heat100-200 industry gas,24.7512
marginal,Link,FR5 0,heat100-200 industry industrial heat pump high temperature,95216.75098
marginal,Link,FR5 0,heat100-200 industry solid biomass,211.76913
marginal,Link,FR5 0,heat200-500 industry gas,13.64722
marginal,Link,FR5 0,heat200-500 industry hydrogen,115.30784
marginal,Link,FR5 0,heat200-500 industry solid biomass,279443.8144
marginal,Link,FR5 0,heat<100 industry electric boiler steam,37.13689
marginal,Link,FR5 0,heat<100 industry gas,24.67899
marginal,Link,FR5 0,heat<100 industry industrial heat pump medium temperature,83648.77655
marginal,Link,FR5 0,heat<100 industry solid biomass,219.12838
marginal,Link,FR5 0,heat>500 industry gas,2889.77494
marginal,Link,FR5 0,heat>500 industry hydrogen,131.81257
marginal,Link,FR5 0,home battery charger,267.59474
marginal,Link,FR5 0,home battery discharger,269.08645
marginal,Link,FR5 0,methanolisation,4.20718
marginal,Link,FR5 0,municipal solid waste,376.64953
marginal,Link,FR5 0,rural air heat pump,0.54428
marginal,Link,FR5 0,rural biomass boiler,3408466.52048
marginal,Link,FR5 0,rural gas boiler,4630.88623
marginal,Link,FR5 0,rural ground heat pump,1568.23013
marginal,Link,FR5 0,rural resistive heater,996.49427
marginal,Link,FR5 0,solid biomass for industry,305.21321
marginal,Link,FR5 0,unsustainable bioliquids,51318.38753
marginal,Link,FR5 0,urban decentral air heat pump,0.12147
marginal,Link,FR5 0,urban decentral biomass boiler,185.91129
marginal,Link,FR5 0,urban decentral gas boiler,0.17515
marginal,Link,FR5 0,urban decentral resistive heater,1.02732
marginal,Link,FR5 0,waste CHP,643.73958
marginal,Link,GB2 0,BEV charger,112082.75771
marginal,Link,GB2 0,CO2 pipeline,1.13087
marginal,Link,GB2 0,Combined-Cycle Gas,2144631.77614
marginal,Link,GB2 0,DC,59140.16283
marginal,Link,GB2 0,H2 Electrolysis,2.10964
marginal,Link,GB2 0,HVC to air,384071.41224
marginal,Link,GB2 0,Haber-Bosch,83212.45732
marginal,Link,GB2 0,Open-Cycle Gas,67.85427
marginal,Link,GB2 0,SMR,53561.64358
marginal,Link,GB2 0,Sabatier,0.53317
marginal,Link,GB2 0,battery charger,5.65878
marginal,Link,GB2 0,battery discharger,5.78024
marginal,Link,GB2 0,biogas to gas,56227703.51413
marginal,Link,GB2 0,biomass to liquid,31.77423
marginal,Link,GB2 0,biomass-to-methanol,1350.23938
marginal,Link,GB2 0,co2 sequestered,3.83343
marginal,Link,GB2 0,electricity distribution grid,1425139.85857
marginal,Link,GB2 0,gas for industry,42429.02847
marginal,Link,GB2 0,gas pipeline,16690.21744
marginal,Link,GB2 0,gas pipeline new,0.7295
marginal,Link,GB2 0,heat100-200 industry electric boiler steam,60.8144
marginal,Link,GB2 0,heat100-200 industry gas,22.46439
marginal,Link,GB2 0,heat100-200 industry industrial heat pump high temperature,15715100.00093
marginal,Link,GB2 0,heat100-200 industry solid biomass,342.21385
marginal,Link,GB2 0,heat200-500 industry gas,8.78772
marginal,Link,GB2 0,heat200-500 industry hydrogen,87.18111
marginal,Link,GB2 0,heat200-500 industry solid biomass,40174452.59687
marginal,Link,GB2 0,heat<100 industry electric boiler steam,53.36609
marginal,Link,GB2 0,heat<100 industry gas,21.13531
marginal,Link,GB2 0,heat<100 industry industrial heat pump medium temperature,12669280.95589
marginal,Link,GB2 0,heat<100 industry solid biomass,347.86017
marginal,Link,GB2 0,heat>500 industry gas,2157829.0407
marginal,Link,GB2 0,heat>500 industry hydrogen,154.85757
marginal,Link,GB2 0,home battery charger,4.45557
marginal,Link,GB2 0,home battery discharger,4.39788
marginal,Link,GB2 0,methanolisation,74.03559
marginal,Link,GB2 0,municipal solid waste,5792.54684
marginal,Link,GB2 0,rural air heat pump,0.62219
marginal,Link,GB2 0,rural biomass boiler,3569657.00149
marginal,Link,GB2 0,rural gas boiler,106722.23069
marginal,Link,GB2 0,rural ground heat pump,1283.70909
marginal,Link,GB2 0,rural resistive heater,122089.53326
marginal,Link,GB2 0,solid biomass for industry,72350.19167
marginal,Link,GB2 0,unsustainable bioliquids,1869061.51661
marginal,Link,GB2 0,urban central air heat pump,18010.68642
marginal,Link,GB2 0,urban central gas CHP,265.53917
marginal,Link,GB2 0,urban central gas boiler,8586.32161
marginal,Link,GB2 0,urban central resistive heater,10197.75308
marginal,Link,GB2 0,urban central solid biomass CHP,39899467.93953
marginal,Link,GB2 0,urban central solid biomass CHP CC,31870.48996
marginal,Link,GB2 0,urban decentral air heat pump,3060.51037
marginal,Link,GB2 0,urban decentral biomass boiler,10270423.12019
marginal,Link,GB2 0,urban decentral gas boiler,331642.30771
marginal,Link,GB2 0,urban decentral resistive heater,287512.33016
marginal,Link,GB2 0,waste CHP,2522.4826
marginal,Link,GB2 1,BEV charger,236025.57541
marginal,Link,GB2 1,CO2 pipeline,-0.29874
marginal,Link,GB2 1,Combined-Cycle Gas,61238148.61182
marginal,Link,GB2 1,DC,278189.88008
marginal,Link,GB2 1,EAF,0.10276
marginal,Link,GB2 1,H2 DRI,886.93827
marginal,Link,GB2 1,H2 Electrolysis,1.63998
marginal,Link,GB2 1,HVC to air,662222.44319
marginal,Link,GB2 1,Haber-Bosch,31708.72967
marginal,Link,GB2 1,Open-Cycle Gas,69.52735
marginal,Link,GB2 1,SMR,20161.78354
marginal,Link,GB2 1,Sabatier,0.50362
marginal,Link,GB2 1,battery charger,6.54573
marginal,Link,GB2 1,battery discharger,6.67155
marginal,Link,GB2 1,biogas to gas,88084377.54949
marginal,Link,GB2 1,biomass to liquid,24.90757
marginal,Link,GB2 1,biomass-to-methanol,1165.04752
marginal,Link,GB2 1,co2 sequestered,1.97396
marginal,Link,GB2 1,electricity distribution grid,2623580.33578
marginal,Link,GB2 1,gas DRI,1461.13733
marginal,Link,GB2 1,gas for industry,12847.83546
marginal,Link,GB2 1,gas pipeline,236.88838
marginal,Link,GB2 1,heat100-200 industry electric boiler steam,63.4036
marginal,Link,GB2 1,heat100-200 industry gas,23.77246
marginal,Link,GB2 1,heat100-200 industry industrial heat pump high temperature,18302469.7548
marginal,Link,GB2 1,heat100-200 industry solid biomass,283.34286
marginal,Link,GB2 1,heat200-500 industry gas,7.97246
marginal,Link,GB2 1,heat200-500 industry hydrogen,95.24427
marginal,Link,GB2 1,heat200-500 industry solid biomass,53535654.08628
marginal,Link,GB2 1,heat<100 industry electric boiler steam,56.23627
marginal,Link,GB2 1,heat<100 industry gas,22.86036
marginal,Link,GB2 1,heat<100 industry industrial heat pump medium temperature,15045913.2472
marginal,Link,GB2 1,heat<100 industry solid biomass,281.3805
marginal,Link,GB2 1,heat>500 industry gas,1018327.37882
marginal,Link,GB2 1,heat>500 industry hydrogen,123.31724
marginal,Link,GB2 1,home battery charger,4.1746
marginal,Link,GB2 1,home battery discharger,4.3252
marginal,Link,GB2 1,methanolisation,17.29036
marginal,Link,GB2 1,municipal solid waste,7068.68982
marginal,Link,GB2 1,rural air heat pump,0.32474
marginal,Link,GB2 1,rural biomass boiler,2888314.1874
marginal,Link,GB2 1,rural gas boiler,112023.11402
marginal,Link,GB2 1,rural ground heat pump,2341.79097
marginal,Link,GB2 1,rural resistive heater,67451.77164
marginal,Link,GB2 1,solid biomass for industry,87206.88646
marginal,Link,GB2 1,steel emission,13173.66571
marginal,Link,GB2 1,unsustainable bioliquids,3034616.71386
marginal,Link,GB2 1,urban central air heat pump,66665.30127
marginal,Link,GB2 1,urban central gas CHP,300.606
marginal,Link,GB2 1,urban central gas boiler,33480.09398
marginal,Link,GB2 1,urban central resistive heater,12663.93947
marginal,Link,GB2 1,urban central solid biomass CHP,35936809.19398
marginal,Link,GB2 1,urban central solid biomass CHP CC,2835.9444
marginal,Link,GB2 1,urban decentral air heat pump,5207.09026
marginal,Link,GB2 1,urban decentral biomass boiler,22118840.31873
marginal,Link,GB2 1,urban decentral gas boiler,971548.08558
marginal,Link,GB2 1,urban decentral resistive heater,468729.02222
marginal,Link,GB2 1,waste CHP,2895.78561
marginal,Link,GB3 0,BEV charger,8878.16003
marginal,Link,GB3 0,CO2 pipeline,5.53946
marginal,Link,GB3 0,Combined-Cycle Gas,8812.94479
marginal,Link,GB3 0,DC,9684.37251
marginal,Link,GB3 0,H2 Electrolysis,1.91043
marginal,Link,GB3 0,HVC to air,28479.18553
marginal,Link,GB3 0,Haber-Bosch,9.67919
marginal,Link,GB3 0,Open-Cycle Gas,70.87648
marginal,Link,GB3 0,SMR,60.22897
marginal,Link,GB3 0,Sabatier,0.54532
marginal,Link,GB3 0,battery charger,5.41475
marginal,Link,GB3 0,battery discharger,5.41367
marginal,Link,GB3 0,biogas to gas,9519628.91901
marginal,Link,GB3 0,biomass to liquid,144.19583
marginal,Link,GB3 0,biomass-to-methanol,1882.14401
marginal,Link,GB3 0,electricity distribution grid,151271.61323
marginal,Link,GB3 0,gas for industry,1080.97931
marginal,Link,GB3 0,gas pipeline,25.10769
marginal,Link,GB3 0,gas pipeline new,-6.88434
marginal,Link,GB3 0,heat100-200 industry electric boiler steam,29.42899
marginal,Link,GB3 0,heat100-200 industry gas,15.4782
marginal,Link,GB3 0,heat100-200 industry industrial heat pump high temperature,687434.14253
marginal,Link,GB3 0,heat100-200 industry solid biomass,356612.27557
marginal,Link,GB3 0,heat200-500 industry gas,3.95828
marginal,Link,GB3 0,heat200-500 industry hydrogen,76.24288
marginal,Link,GB3 0,heat200-500 industry solid biomass,2428459.21251
marginal,Link,GB3 0,heat<100 industry electric boiler steam,29.91093
marginal,Link,GB3 0,heat<100 industry gas,16.05802
marginal,Link,GB3 0,heat<100 industry industrial heat pump medium temperature,592.58376
marginal,Link,GB3 0,heat<100 industry solid biomass,1826700.76717
marginal,Link,GB3 0,heat>500 industry gas,72568.7013
marginal,Link,GB3 0,heat>500 industry hydrogen,127.50728
marginal,Link,GB3 0,home battery charger,4.26483
marginal,Link,GB3 0,home battery discharger,4.22267
marginal,Link,GB3 0,methanolisation,41.81877
marginal,Link,GB3 0,municipal solid waste,395.51003
marginal,Link,GB3 0,rural air heat pump,0.58561
marginal,Link,GB3 0,rural biomass boiler,794387.4277
marginal,Link,GB3 0,rural gas boiler,23730.49207
marginal,Link,GB3 0,rural ground heat pump,96.66223
marginal,Link,GB3 0,rural resistive heater,23513.72499
marginal,Link,GB3 0,solid biomass for industry,1688.72592
marginal,Link,GB3 0,unsustainable bioliquids,225031.3354
marginal,Link,GB3 0,urban central air heat pump,1.48435
marginal,Link,GB3 0,urban central gas CHP,262.52352
marginal,Link,GB3 0,urban central gas boiler,241.30326
marginal,Link,GB3 0,urban central resistive heater,731.28202
marginal,Link,GB3 0,urban central solid biomass CHP,3053295.32269
marginal,Link,GB3 0,urban central solid biomass CHP CC,23136.63977
marginal,Link,GB3 0,urban decentral air heat pump,230.16339
marginal,Link,GB3 0,urban decentral biomass boiler,363200.12711
marginal,Link,GB3 0,urban decentral gas boiler,11558.22348
marginal,Link,GB3 0,urban decentral resistive heater,11618.39103
marginal,Link,GB3 0,waste CHP,1144.05941
marginal,Link,GR0 0,BEV charger,50726.14145
marginal,Link,GR0 0,CO2 pipeline,-2.51443
marginal,Link,GR0 0,Combined-Cycle Gas,596279.99373
marginal,Link,GR0 0,DC,22275.3166
marginal,Link,GR0 0,H2 Electrolysis,1.00495
marginal,Link,GR0 0,HVC to air,130419.31838
marginal,Link,GR0 0,Haber-Bosch,21.6811
marginal,Link,GR0 0,Open-Cycle Gas,73.3721
marginal,Link,GR0 0,SMR,26.76303
marginal,Link,GR0 0,Sabatier,0.5169
marginal,Link,GR0 0,battery charger,105470.7214
marginal,Link,GR0 0,battery discharger,94754.45064
marginal,Link,GR0 0,biogas to gas,12422220.37662
marginal,Link,GR0 0,biomass to liquid,20.03293
marginal,Link,GR0 0,biomass-to-methanol,888.49952
marginal,Link,GR0 0,co2 sequestered,3.7363
marginal,Link,GR0 0,electricity distribution grid,489519.53137
marginal,Link,GR0 0,gas for industry,4221.38143
marginal,Link,GR0 0,gas pipeline new,144.03875
marginal,Link,GR0 0,heat100-200 industry electric boiler steam,32.20459
marginal,Link,GR0 0,heat100-200 industry gas,19.46809
marginal,Link,GR0 0,heat100-200 industry industrial heat pump high temperature,2214953.92569
marginal,Link,GR0 0,heat100-200 industry solid biomass,196.29011
marginal,Link,GR0 0,heat200-500 industry gas,6.92086
marginal,Link,GR0 0,heat200-500 industry hydrogen,87.36032
marginal,Link,GR0 0,heat200-500 industry solid biomass,5604907.12219
marginal,Link,GR0 0,heat<100 industry electric boiler steam,35.77417
marginal,Link,GR0 0,heat<100 industry gas,21.32766
marginal,Link,GR0 0,heat<100 industry industrial heat pump medium temperature,1209331.33982
marginal,Link,GR0 0,heat<100 industry solid biomass,235.56377
marginal,Link,GR0 0,heat>500 industry gas,1036845.91407
marginal,Link,GR0 0,heat>500 industry hydrogen,121.2283
marginal,Link,GR0 0,home battery charger,5.25233
marginal,Link,GR0 0,home battery discharger,5.52788
marginal,Link,GR0 0,methanolisation,9.17099
marginal,Link,GR0 0,municipal solid waste,2100.84239
marginal,Link,GR0 0,rural air heat pump,0.56254
marginal,Link,GR0 0,rural biomass boiler,23836782.72378
marginal,Link,GR0 0,rural gas boiler,5316.76911
marginal,Link,GR0 0,rural ground heat pump,3475.31213
marginal,Link,GR0 0,rural resistive heater,1917.59677
marginal,Link,GR0 0,solid biomass for industry,17290.4112
marginal,Link,GR0 0,unsustainable bioliquids,1578163.78113
marginal,Link,GR0 0,urban central air heat pump,7253.18687
marginal,Link,GR0 0,urban central gas CHP,373.1732
marginal,Link,GR0 0,urban central gas boiler,13793.54681
marginal,Link,GR0 0,urban central resistive heater,423.77116
marginal,Link,GR0 0,urban central solid biomass CHP,3851612.97309
marginal,Link,GR0 0,urban central solid biomass CHP CC,954.23878
marginal,Link,GR0 0,urban decentral air heat pump,0.22149
marginal,Link,GR0 0,urban decentral biomass boiler,52849559.60557
marginal,Link,GR0 0,urban decentral gas boiler,11459.23042
marginal,Link,GR0 0,urban decentral resistive heater,36221.0764
marginal,Link,GR0 0,waste CHP,3761.782
marginal,Link,HR0 0,BEV charger,20539.89402
marginal,Link,HR0 0,CO2 pipeline,1.0704
marginal,Link,HR0 0,Combined-Cycle Gas,1012714.19327
marginal,Link,HR0 0,H2 Electrolysis,0.61248
marginal,Link,HR0 0,HVC to air,67736.18334
marginal,Link,HR0 0,Haber-Bosch,4.13605
marginal,Link,HR0 0,Open-Cycle Gas,75.45113
marginal,Link,HR0 0,SMR,8.82916
marginal,Link,HR0 0,Sabatier,0.53288
marginal,Link,HR0 0,battery charger,8183.32008
marginal,Link,HR0 0,battery discharger,8091.11731
marginal,Link,HR0 0,biogas to gas,6700434.65057
marginal,Link,HR0 0,biomass to liquid,1210878.27494
marginal,Link,HR0 0,biomass-to-methanol,1916.16465
marginal,Link,HR0 0,electricity distribution grid,189473.77409
marginal,Link,HR0 0,gas for industry,6299.01796
marginal,Link,HR0 0,gas pipeline,215.97387
marginal,Link,HR0 0,gas pipeline new,-141.88984
marginal,Link,HR0 0,heat100-200 industry electric boiler steam,21.13423
marginal,Link,HR0 0,heat100-200 industry gas,14.38758
marginal,Link,HR0 0,heat100-200 industry industrial heat pump high temperature,121.6007
marginal,Link,HR0 0,heat100-200 industry solid biomass,4329217.50843
marginal,Link,HR0 0,heat200-500 industry gas,3.47175
marginal,Link,HR0 0,heat200-500 industry hydrogen,66.78207
marginal,Link,HR0 0,heat200-500 industry solid biomass,3175943.36717
marginal,Link,HR0 0,heat<100 industry electric boiler steam,21.26489
marginal,Link,HR0 0,heat<100 industry gas,14.12012
marginal,Link,HR0 0,heat<100 industry industrial heat pump medium temperature,112.643
marginal,Link,HR0 0,heat<100 industry solid biomass,4714748.30751
marginal,Link,HR0 0,heat>500 industry gas,306829.17619
marginal,Link,HR0 0,heat>500 industry hydrogen,106.90259
marginal,Link,HR0 0,home battery charger,3.87834
marginal,Link,HR0 0,home battery discharger,3.76348
marginal,Link,HR0 0,methanolisation,4.91444
marginal,Link,HR0 0,municipal solid waste,72.39089
marginal,Link,HR0 0,rural air heat pump,0.31582
marginal,Link,HR0 0,rural biomass boiler,19149063.54628
marginal,Link,HR0 0,rural gas boiler,40670.65654
marginal,Link,HR0 0,rural ground heat pump,1951.57565
marginal,Link,HR0 0,rural resistive heater,3598.06994
marginal,Link,HR0 0,solid biomass for industry,6428.56092
marginal,Link,HR0 0,unsustainable bioliquids,2037.15371
marginal,Link,HR0 0,urban central air heat pump,0.43539
marginal,Link,HR0 0,urban central gas CHP,294.6747
marginal,Link,HR0 0,urban central gas boiler,2805.08153
marginal,Link,HR0 0,urban central resistive heater,300.2925
marginal,Link,HR0 0,urban central solid biomass CHP,20962841.53613
marginal,Link,HR0 0,urban central solid biomass CHP CC,6539.70977
marginal,Link,HR0 0,urban decentral air heat pump,0.21306
marginal,Link,HR0 0,urban decentral biomass boiler,16297926.65678
marginal,Link,HR0 0,urban decentral gas boiler,36336.64106
marginal,Link,HR0 0,urban decentral resistive heater,8259.10653
marginal,Link,HR0 0,waste CHP,1453.35201
marginal,Link,HU0 0,BEV charger,48744.8687
marginal,Link,HU0 0,CO2 pipeline,0.94413
marginal,Link,HU0 0,Combined-Cycle Gas,8429894.17991
marginal,Link,HU0 0,EAF,0.07379
marginal,Link,HU0 0,H2 DRI,668.90389
marginal,Link,HU0 0,H2 Electrolysis,0.55705
marginal,Link,HU0 0,HVC to air,172146.28947
marginal,Link,HU0 0,Haber-Bosch,5.6402
marginal,Link,HU0 0,Open-Cycle Gas,80.67572
marginal,Link,HU0 0,SMR,11.44594
marginal,Link,HU0 0,Sabatier,0.53164
marginal,Link,HU0 0,battery charger,34497.77499
marginal,Link,HU0 0,battery discharger,35068.49486
marginal,Link,HU0 0,biogas to gas,39372182.57334
marginal,Link,HU0 0,biomass to liquid,31.48435
marginal,Link,HU0 0,biomass-to-methanol,1256.10635
marginal,Link,HU0 0,electricity distribution grid,484055.39965
marginal,Link,HU0 0,gas DRI,1041.89481
marginal,Link,HU0 0,gas for industry,6722.35546
marginal,Link,HU0 0,gas pipeline,78333.25718
marginal,Link,HU0 0,gas pipeline new,-10.77435
marginal,Link,HU0 0,heat100-200 industry electric boiler steam,38.01331
marginal,Link,HU0 0,heat100-200 industry gas,22.29298
marginal,Link,HU0 0,heat100-200 industry industrial heat pump high temperature,8637890.52816
marginal,Link,HU0 0,heat100-200 industry solid biomass,699.52382
marginal,Link,HU0 0,heat200-500 industry gas,4.7595
marginal,Link,HU0 0,heat200-500 industry hydrogen,71.92237
marginal,Link,HU0 0,heat200-500 industry solid biomass,20645676.64318
marginal,Link,HU0 0,heat<100 industry electric boiler steam,33.91408
marginal,Link,HU0 0,heat<100 industry gas,21.60464
marginal,Link,HU0 0,heat<100 industry industrial heat pump medium temperature,6809629.98219
marginal,Link,HU0 0,heat<100 industry solid biomass,1651.35866
marginal,Link,HU0 0,heat>500 industry gas,1914887.7376
marginal,Link,HU0 0,heat>500 industry hydrogen,149.80046
marginal,Link,HU0 0,home battery charger,4.16555
marginal,Link,HU0 0,home battery discharger,3.92864
marginal,Link,HU0 0,methanolisation,6.1169
marginal,Link,HU0 0,municipal solid waste,8996.23288
marginal,Link,HU0 0,rural air heat pump,0.26986
marginal,Link,HU0 0,rural biomass boiler,33424871.53902
marginal,Link,HU0 0,rural gas boiler,135023.06264
marginal,Link,HU0 0,rural ground heat pump,725.43632
marginal,Link,HU0 0,rural resistive heater,14260.04584
marginal,Link,HU0 0,solid biomass for industry,44666.62054
marginal,Link,HU0 0,steel emission,5558.1063
marginal,Link,HU0 0,unsustainable bioliquids,4132175.15071
marginal,Link,HU0 0,urban central air heat pump,1.58614
marginal,Link,HU0 0,urban central gas CHP,399.90817
marginal,Link,HU0 0,urban central gas boiler,15677.87179
marginal,Link,HU0 0,urban central resistive heater,1130.15823
marginal,Link,HU0 0,urban central solid biomass CHP,42832647.72873
marginal,Link,HU0 0,urban central solid biomass CHP CC,3816.21483
marginal,Link,HU0 0,urban decentral air heat pump,318.26115
marginal,Link,HU0 0,urban decentral biomass boiler,46091221.05077
marginal,Link,HU0 0,urban decentral gas boiler,193086.2151
marginal,Link,HU0 0,urban decentral resistive heater,7706.34669
marginal,Link,HU0 0,waste CHP,2445.0189
marginal,Link,IE3 0,BEV charger,37627.62717
marginal,Link,IE3 0,Combined-Cycle Gas,13146876.92565
marginal,Link,IE3 0,DC,6747.75289
marginal,Link,IE3 0,H2 Electrolysis,2.25359
marginal,Link,IE3 0,HVC to air,78185.90413
marginal,Link,IE3 0,Haber-Bosch,105.0238
marginal,Link,IE3 0,Open-Cycle Gas,73.86011
marginal,Link,IE3 0,SMR,88.49032
marginal,Link,IE3 0,Sabatier,0.56737
marginal,Link,IE3 0,battery charger,6.01452
marginal,Link,IE3 0,battery discharger,5.82346
marginal,Link,IE3 0,biogas to gas,7638664.69705
marginal,Link,IE3 0,biomass to liquid,23.47121
marginal,Link,IE3 0,biomass-to-methanol,1029.33597
marginal,Link,IE3 0,co2 sequestered,2.98189
marginal,Link,IE3 0,electricity distribution grid,333624.13774
marginal,Link,IE3 0,gas for industry,5794.13835
marginal,Link,IE3 0,heat100-200 industry electric boiler steam,33.692
marginal,Link,IE3 0,heat100-200 industry gas,20.36544
marginal,Link,IE3 0,heat100-200 industry industrial heat pump high temperature,2808488.43808
marginal,Link,IE3 0,heat100-200 industry solid biomass,207.27084
marginal,Link,IE3 0,heat200-500 industry gas,6.47689
marginal,Link,IE3 0,heat200-500 industry hydrogen,80.61809
marginal,Link,IE3 0,heat200-500 industry solid biomass,6726066.20417
marginal,Link,IE3 0,heat<100 industry electric boiler steam,34.17963
marginal,Link,IE3 0,heat<100 industry gas,20.78001
marginal,Link,IE3 0,heat<100 industry industrial heat pump medium temperature,2417900.69087
marginal,Link,IE3 0,heat<100 industry solid biomass,227.52041
marginal,Link,IE3 0,heat>500 industry gas,1485559.17075
marginal,Link,IE3 0,heat>500 industry hydrogen,133.7994
marginal,Link,IE3 0,home battery charger,3.89838
marginal,Link,IE3 0,home battery discharger,3.74487
marginal,Link,IE3 0,methanolisation,16.49332
marginal,Link,IE3 0,municipal solid waste,1678.74832
marginal,Link,IE3 0,rural air heat pump,0.69384
marginal,Link,IE3 0,rural biomass boiler,1901559.65587
marginal,Link,IE3 0,rural gas boiler,32837.87413
marginal,Link,IE3 0,rural ground heat pump,1004.09702
marginal,Link,IE3 0,rural resistive heater,23580.67333
marginal,Link,IE3 0,solid biomass for industry,31255.15366
marginal,Link,IE3 0,unsustainable bioliquids,399654.12721
marginal,Link,IE3 0,urban central air heat pump,6620.01211
marginal,Link,IE3 0,urban central gas CHP,368.23321
marginal,Link,IE3 0,urban central gas boiler,3045.73601
marginal,Link,IE3 0,urban central resistive heater,1992.13782
marginal,Link,IE3 0,urban central solid biomass CHP,3347541.42359
marginal,Link,IE3 0,urban central solid biomass CHP CC,1693.83187
marginal,Link,IE3 0,urban decentral air heat pump,565.71413
marginal,Link,IE3 0,urban decentral biomass boiler,2687051.87071
marginal,Link,IE3 0,urban decentral gas boiler,42602.80409
marginal,Link,IE3 0,urban decentral resistive heater,34125.77411
marginal,Link,IE3 0,waste CHP,2856.78327
marginal,Link,IT0 0,BEV charger,148459.04844
marginal,Link,IT0 0,CO2 pipeline,-1.88924
marginal,Link,IT0 0,Combined-Cycle Gas,47903850.20537
marginal,Link,IT0 0,DC,43960.01887
marginal,Link,IT0 0,EAF,0.09426
marginal,Link,IT0 0,H2 DRI,885.32337
marginal,Link,IT0 0,H2 Electrolysis,0.92811
marginal,Link,IT0 0,HVC to air,396972.48104
marginal,Link,IT0 0,Haber-Bosch,10.87046
marginal,Link,IT0 0,Open-Cycle Gas,79.25556
marginal,Link,IT0 0,SMR,12.87369
marginal,Link,IT0 0,Sabatier,0.5641
marginal,Link,IT0 0,battery charger,448442.37569
marginal,Link,IT0 0,battery discharger,383919.1854
marginal,Link,IT0 0,biogas to gas,34103266.19987
marginal,Link,IT0 0,biomass to liquid,15.58268
marginal,Link,IT0 0,biomass-to-methanol,790.02221
marginal,Link,IT0 0,co2 sequestered,1.61969
marginal,Link,IT0 0,electricity distribution grid,1502623.94921
marginal,Link,IT0 0,gas DRI,1415.3173
marginal,Link,IT0 0,gas for industry,30825.25159
marginal,Link,IT0 0,gas pipeline,87.38954
marginal,Link,IT0 0,heat100-200 industry electric boiler steam,47.01269
marginal,Link,IT0 0,heat100-200 industry gas,23.51985
marginal,Link,IT0 0,heat100-200 industry industrial heat pump high temperature,11978331.65199
marginal,Link,IT0 0,heat100-200 industry solid biomass,194.05891
marginal,Link,IT0 0,heat200-500 industry gas,11.00303
marginal,Link,IT0 0,heat200-500 industry hydrogen,98.7448
marginal,Link,IT0 0,heat200-500 industry solid biomass,40448926.04328
marginal,Link,IT0 0,heat<100 industry electric boiler steam,54.76844
marginal,Link,IT0 0,heat<100 industry gas,28.57155
marginal,Link,IT0 0,heat<100 industry industrial heat pump medium temperature,19787956.65358
marginal,Link,IT0 0,heat<100 industry solid biomass,218.65043
marginal,Link,IT0 0,heat>500 industry gas,2515080.1134
marginal,Link,IT0 0,heat>500 industry hydrogen,164.70314
marginal,Link,IT0 0,home battery charger,6.40806
marginal,Link,IT0 0,home battery discharger,6.10866
marginal,Link,IT0 0,methanolisation,5.25904
marginal,Link,IT0 0,municipal solid waste,13964.8872
marginal,Link,IT0 0,rural air heat pump,0.4755
marginal,Link,IT0 0,rural biomass boiler,161845935.48094
marginal,Link,IT0 0,rural gas boiler,303429.47335
marginal,Link,IT0 0,rural ground heat pump,8306.1979
marginal,Link,IT0 0,rural resistive heater,32842.95721
marginal,Link,IT0 0,solid biomass for industry,29398.70116
marginal,Link,IT0 0,steel emission,15794.0587
marginal,Link,IT0 0,unsustainable bioliquids,3066327.54129
marginal,Link,IT0 0,urban central air heat pump,28919.58448
marginal,Link,IT0 0,urban central gas CHP,504.44261
marginal,Link,IT0 0,urban central gas boiler,54658.35378
marginal,Link,IT0 0,urban central resistive heater,2.15211
marginal,Link,IT0 0,urban central solid biomass CHP,1921.5928
marginal,Link,IT0 0,urban central solid biomass CHP CC,628.92534
marginal,Link,IT0 0,urban decentral air heat pump,127357.6554
marginal,Link,IT0 0,urban decentral biomass boiler,85843444.12379
marginal,Link,IT0 0,urban decentral gas boiler,156731.8807
marginal,Link,IT0 0,urban decentral resistive heater,93248.97836
marginal,Link,IT0 0,waste CHP,4185.43626
marginal,Link,IT0 1,BEV charger,208431.4501
marginal,Link,IT0 1,CO2 pipeline,-2.75858
marginal,Link,IT0 1,Combined-Cycle Gas,176756363.84861
marginal,Link,IT0 1,DC,1602.38306
marginal,Link,IT0 1,H2 Electrolysis,0.57997
marginal,Link,IT0 1,HVC to air,524544.50246
marginal,Link,IT0 1,Haber-Bosch,7.7306
marginal,Link,IT0 1,Open-Cycle Gas,82.64006
marginal,Link,IT0 1,SMR,12.98039
marginal,Link,IT0 1,Sabatier,0.53614
marginal,Link,IT0 1,battery charger,87475.89038
marginal,Link,IT0 1,battery discharger,82892.17642
marginal,Link,IT0 1,biogas to gas,81886966.1936
marginal,Link,IT0 1,biomass to liquid,15.43446
marginal,Link,IT0 1,biomass-to-methanol,798.61998
marginal,Link,IT0 1,co2 sequestered,3.63276
marginal,Link,IT0 1,electricity distribution grid,2356447.724
marginal,Link,IT0 1,gas for industry,97244.47365
marginal,Link,IT0 1,gas pipeline,130410.34884
marginal,Link,IT0 1,heat100-200 industry electric boiler steam,49.19363
marginal,Link,IT0 1,heat100-200 industry gas,29.90799
marginal,Link,IT0 1,heat100-200 industry industrial heat pump high temperature,21128321.24087
marginal,Link,IT0 1,heat100-200 industry solid biomass,220.51933
marginal,Link,IT0 1,heat200-500 industry gas,12.89584
marginal,Link,IT0 1,heat200-500 industry hydrogen,126.44732
marginal,Link,IT0 1,heat200-500 industry solid biomass,73527186.60223
marginal,Link,IT0 1,heat<100 industry electric boiler steam,51.93973
marginal,Link,IT0 1,heat<100 industry gas,36.45853
marginal,Link,IT0 1,heat<100 industry industrial heat pump medium temperature,32987722.22663
marginal,Link,IT0 1,heat<100 industry solid biomass,239.30108
marginal,Link,IT0 1,heat>500 industry gas,5176766.97781
marginal,Link,IT0 1,heat>500 industry hydrogen,205.61576
marginal,Link,IT0 1,home battery charger,4.7892
marginal,Link,IT0 1,home battery discharger,4.64239
marginal,Link,IT0 1,methanolisation,4.95801
marginal,Link,IT0 1,municipal solid waste,16377.59946
marginal,Link,IT0 1,rural air heat pump,0.49957
marginal,Link,IT0 1,rural biomass boiler,127275684.45381
marginal,Link,IT0 1,rural gas boiler,228512.7381
marginal,Link,IT0 1,rural ground heat pump,10641.57806
marginal,Link,IT0 1,rural resistive heater,28359.96728
marginal,Link,IT0 1,solid biomass for industry,45131.88298
marginal,Link,IT0 1,unsustainable bioliquids,6068978.60808
marginal,Link,IT0 1,urban central air heat pump,29980.62152
marginal,Link,IT0 1,urban central gas CHP,618.8386
marginal,Link,IT0 1,urban central gas boiler,54802.41456
marginal,Link,IT0 1,urban central resistive heater,1.59442
marginal,Link,IT0 1,urban central solid biomass CHP,61609346.03534
marginal,Link,IT0 1,urban central solid biomass CHP CC,729.16399
marginal,Link,IT0 1,urban decentral air heat pump,144605.27032
marginal,Link,IT0 1,urban decentral biomass boiler,160237227.26434
marginal,Link,IT0 1,urban decentral gas boiler,282404.14053
marginal,Link,IT0 1,urban decentral resistive heater,205887.19071
marginal,Link,IT0 1,waste CHP,6558.51024
marginal,Link,IT4 0,BEV charger,9429.69647
marginal,Link,IT4 0,Combined-Cycle Gas,153.13906
marginal,Link,IT4 0,DC,37146.52434
marginal,Link,IT4 0,H2 Electrolysis,1.26372
marginal,Link,IT4 0,HVC to air,23833.96535
marginal,Link,IT4 0,Haber-Bosch,8.19286
marginal,Link,IT4 0,Open-Cycle Gas,76.86561
marginal,Link,IT4 0,SMR,14.44822
marginal,Link,IT4 0,Sabatier,0.5073
marginal,Link,IT4 0,battery charger,51705.61706
marginal,Link,IT4 0,battery discharger,54196.12995
marginal,Link,IT4 0,biogas to gas,1732135.08438
marginal,Link,IT4 0,biomass to liquid,16.7802
marginal,Link,IT4 0,biomass-to-methanol,800.31693
marginal,Link,IT4 0,electricity distribution grid,110028.23804
marginal,Link,IT4 0,gas for industry,2735.97018
marginal,Link,IT4 0,heat100-200 industry electric boiler steam,31.83714
marginal,Link,IT4 0,heat100-200 industry gas,20.02465
marginal,Link,IT4 0,heat100-200 industry industrial heat pump high temperature,943255.39168
marginal,Link,IT4 0,heat100-200 industry solid biomass,193.02182
marginal,Link,IT4 0,heat200-500 industry gas,6.60919
marginal,Link,IT4 0,heat200-500 industry hydrogen,342.51078
marginal,Link,IT4 0,heat200-500 industry solid biomass,9434047.86473
marginal,Link,IT4 0,heat<100 industry electric boiler steam,30.42342
marginal,Link,IT4 0,heat<100 industry gas,20.77267
marginal,Link,IT4 0,heat<100 industry industrial heat pump medium temperature,1879175.78962
marginal,Link,IT4 0,heat<100 industry solid biomass,180.5534
marginal,Link,IT4 0,heat>500 industry gas,512305.10365
marginal,Link,IT4 0,heat>500 industry hydrogen,108.40959
marginal,Link,IT4 0,home battery charger,3.76491
marginal,Link,IT4 0,home battery discharger,4.02764
marginal,Link,IT4 0,methanolisation,4.74603
marginal,Link,IT4 0,municipal solid waste,869.3894
marginal,Link,IT4 0,rural air heat pump,0.28941
marginal,Link,IT4 0,rural biomass boiler,19209761.9908
marginal,Link,IT4 0,rural gas boiler,33385.7057
marginal,Link,IT4 0,rural ground heat pump,249.48766
marginal,Link,IT4 0,rural resistive heater,5656.83163
marginal,Link,IT4 0,solid biomass for industry,2052.56318
marginal,Link,IT4 0,unsustainable bioliquids,152736.27149
marginal,Link,IT4 0,urban central air heat pump,681.92284
marginal,Link,IT4 0,urban central gas CHP,400.3107
marginal,Link,IT4 0,urban central gas boiler,847.9222
marginal,Link,IT4 0,urban central resistive heater,33.93482
marginal,Link,IT4 0,urban central solid biomass CHP,892.16239
marginal,Link,IT4 0,urban central solid biomass CHP CC,647.72595
marginal,Link,IT4 0,urban decentral air heat pump,3343.94485
marginal,Link,IT4 0,urban decentral biomass boiler,797351.02817
marginal,Link,IT4 0,urban decentral gas boiler,1232.62565
marginal,Link,IT4 0,urban decentral resistive heater,2274.57842
marginal,Link,IT4 0,waste CHP,2134.55761
marginal,Link,LT0 0,BEV charger,25770.11216
marginal,Link,LT0 0,CO2 pipeline,-0.0692
marginal,Link,LT0 0,Combined-Cycle Gas,637069.46821
marginal,Link,LT0 0,DC,15998.27768
marginal,Link,LT0 0,H2 Electrolysis,1.08858
marginal,Link,LT0 0,HVC to air,49671.15202
marginal,Link,LT0 0,Haber-Bosch,24.27987
marginal,Link,LT0 0,Open-Cycle Gas,65.13309
marginal,Link,LT0 0,SMR,682.03727
marginal,Link,LT0 0,Sabatier,0.57686
marginal,Link,LT0 0,battery charger,5.2657
marginal,Link,LT0 0,battery discharger,5.85392
marginal,Link,LT0 0,biogas to gas,10458043.9216
marginal,Link,LT0 0,biomass to liquid,31.71936
marginal,Link,LT0 0,biomass-to-methanol,1297.41101
marginal,Link,LT0 0,co2 sequestered,1637.64136
marginal,Link,LT0 0,electricity distribution grid,122308.95668
marginal,Link,LT0 0,gas for industry,184.13502
marginal,Link,LT0 0,gas pipeline,17553.0573
marginal,Link,LT0 0,gas pipeline new,54.20031
marginal,Link,LT0 0,heat100-200 industry electric boiler steam,27.9718
marginal,Link,LT0 0,heat100-200 industry gas,15.59618
marginal,Link,LT0 0,heat100-200 industry industrial heat pump high temperature,932669.40434
marginal,Link,LT0 0,heat100-200 industry solid biomass,379.10803
marginal,Link,LT0 0,heat200-500 industry gas,4.5271
marginal,Link,LT0 0,heat200-500 industry hydrogen,77.33969
marginal,Link,LT0 0,heat200-500 industry solid biomass,2521873.64324
marginal,Link,LT0 0,heat<100 industry electric boiler steam,28.72734
marginal,Link,LT0 0,heat<100 industry gas,16.28511
marginal,Link,LT0 0,heat<100 industry industrial heat pump medium temperature,957794.61611
marginal,Link,LT0 0,heat<100 industry solid biomass,439.28066
marginal,Link,LT0 0,heat>500 industry gas,92914.88018
marginal,Link,LT0 0,heat>500 industry hydrogen,120.49556
marginal,Link,LT0 0,home battery charger,4.1715
marginal,Link,LT0 0,home battery discharger,4.19715
marginal,Link,LT0 0,methanolisation,557.2306
marginal,Link,LT0 0,municipal solid waste,1223.41502
marginal,Link,LT0 0,rural air heat pump,0.03507
marginal,Link,LT0 0,rural biomass boiler,46221579.94518
marginal,Link,LT0 0,rural gas boiler,0.36543
marginal,Link,LT0 0,rural ground heat pump,753.89247
marginal,Link,LT0 0,rural resistive heater,32.37136
marginal,Link,LT0 0,solid biomass for industry,10582.72142
marginal,Link,LT0 0,unsustainable bioliquids,1388213.45811
marginal,Link,LT0 0,urban central air heat pump,467.97808
marginal,Link,LT0 0,urban central gas CHP,250.81932
marginal,Link,LT0 0,urban central gas boiler,9687.61945
marginal,Link,LT0 0,urban central resistive heater,3670.6355
marginal,Link,LT0 0,urban central solid biomass CHP,21536133.43315
marginal,Link,LT0 0,urban central solid biomass CHP CC,2804064.40977
marginal,Link,LT0 0,urban decentral air heat pump,84.03995
marginal,Link,LT0 0,urban decentral biomass boiler,38028490.41354
marginal,Link,LT0 0,urban decentral gas boiler,0.64445
marginal,Link,LT0 0,urban decentral resistive heater,23.02816
marginal,Link,LT0 0,waste CHP,1813.11491
marginal,Link,LU0 0,BEV charger,10447.34125
marginal,Link,LU0 0,Combined-Cycle Gas,2614708.4987
marginal,Link,LU0 0,H2 Electrolysis,0.84239
marginal,Link,LU0 0,HVC to air,8973.86853
marginal,Link,LU0 0,Haber-Bosch,7.61389
marginal,Link,LU0 0,Open-Cycle Gas,978558.16944
marginal,Link,LU0 0,SMR,11.00775
marginal,Link,LU0 0,Sabatier,0.58622
marginal,Link,LU0 0,battery charger,11.88766
marginal,Link,LU0 0,battery discharger,11.0366
marginal,Link,LU0 0,biogas to gas,1168082.67437
marginal,Link,LU0 0,biomass to liquid,14.90765
marginal,Link,LU0 0,biomass-to-methanol,856.77816
marginal,Link,LU0 0,electricity distribution grid,70552.21249
marginal,Link,LU0 0,gas for industry,18114.26238
marginal,Link,LU0 0,gas pipeline,32164.01391
marginal,Link,LU0 0,heat100-200 industry electric boiler steam,25.38913
marginal,Link,LU0 0,heat100-200 industry gas,2818.44149
marginal,Link,LU0 0,heat100-200 industry industrial heat pump high temperature,293808.78786
marginal,Link,LU0 0,heat100-200 industry solid biomass,275.01929
marginal,Link,LU0 0,heat200-500 industry gas,7.59644
marginal,Link,LU0 0,heat200-500 industry hydrogen,99.08053
marginal,Link,LU0 0,heat200-500 industry solid biomass,1587648.99641
marginal,Link,LU0 0,heat<100 industry electric boiler steam,25.88924
marginal,Link,LU0 0,heat<100 industry gas,4379.71617
marginal,Link,LU0 0,heat<100 industry industrial heat pump medium temperature,342254.35092
marginal,Link,LU0 0,heat<100 industry solid biomass,299.13127
marginal,Link,LU0 0,heat>500 industry gas,185282.45873
marginal,Link,LU0 0,heat>500 industry hydrogen,109.36385
marginal,Link,LU0 0,home battery charger,4.14807
marginal,Link,LU0 0,home battery discharger,3.99329
marginal,Link,LU0 0,methanolisation,3.91787
marginal,Link,LU0 0,municipal solid waste,107.15765
marginal,Link,LU0 0,rural air heat pump,0.27603
marginal,Link,LU0 0,rural biomass boiler,431086.57171
marginal,Link,LU0 0,rural gas boiler,2259.23444
marginal,Link,LU0 0,rural ground heat pump,49.26182
marginal,Link,LU0 0,rural resistive heater,930.61015
marginal,Link,LU0 0,solid biomass for industry,2649.5117
marginal,Link,LU0 0,urban central air heat pump,1897.93764
marginal,Link,LU0 0,urban central gas CHP,72262.9075
marginal,Link,LU0 0,urban central gas boiler,2618.6944
marginal,Link,LU0 0,urban central resistive heater,1034.3672
marginal,Link,LU0 0,urban central solid biomass CHP,3079237.43609
marginal,Link,LU0 0,urban central solid biomass CHP CC,1412.077
marginal,Link,LU0 0,urban decentral air heat pump,200.59662
marginal,Link,LU0 0,urban decentral biomass boiler,2752684.76658
marginal,Link,LU0 0,urban decentral gas boiler,15449.01738
marginal,Link,LU0 0,urban decentral resistive heater,6151.26771
marginal,Link,LU0 0,waste CHP,2580.94256
marginal,Link,LV0 0,BEV charger,11008.99324
marginal,Link,LV0 0,Combined-Cycle Gas,912254.14535
marginal,Link,LV0 0,H2 Electrolysis,1.07416
marginal,Link,LV0 0,HVC to air,27285.58428
marginal,Link,LV0 0,Haber-Bosch,9.3385
marginal,Link,LV0 0,Open-Cycle Gas,64.0888
marginal,Link,LV0 0,SMR,286.62228
marginal,Link,LV0 0,Sabatier,0.54695
marginal,Link,LV0 0,battery charger,5.88848
marginal,Link,LV0 0,battery discharger,5.70057
marginal,Link,LV0 0,biogas to gas,7620733.84666
marginal,Link,LV0 0,biomass to liquid,4492306.88821
marginal,Link,LV0 0,biomass-to-methanol,1940.28915
marginal,Link,LV0 0,co2 sequestered,3650.01395
marginal,Link,LV0 0,electricity distribution grid,78848.24003
marginal,Link,LV0 0,gas for industry,273.40739
marginal,Link,LV0 0,gas pipeline,42.21502
marginal,Link,LV0 0,heat100-200 industry electric boiler steam,28.85205
marginal,Link,LV0 0,heat100-200 industry gas,14.97551
marginal,Link,LV0 0,heat100-200 industry industrial heat pump high temperature,378.94823
marginal,Link,LV0 0,heat100-200 industry solid biomass,1442440.52759
marginal,Link,LV0 0,heat200-500 industry gas,3.62953
marginal,Link,LV0 0,heat200-500 industry hydrogen,72.80815
marginal,Link,LV0 0,heat200-500 industry solid biomass,1774673.95198
marginal,Link,LV0 0,heat<100 industry electric boiler steam,27.32432
marginal,Link,LV0 0,heat<100 industry gas,14.05515
marginal,Link,LV0 0,heat<100 industry industrial heat pump medium temperature,265.74937
marginal,Link,LV0 0,heat<100 industry solid biomass,3366617.63912
marginal,Link,LV0 0,heat>500 industry gas,95290.19349
marginal,Link,LV0 0,heat>500 industry hydrogen,119.60358
marginal,Link,LV0 0,home battery charger,3.80272
marginal,Link,LV0 0,home battery discharger,3.83734
marginal,Link,LV0 0,methanolisation,210.58974
marginal,Link,LV0 0,municipal solid waste,578.69023
marginal,Link,LV0 0,rural air heat pump,0.073
marginal,Link,LV0 0,rural biomass boiler,39237418.8162
marginal,Link,LV0 0,rural gas boiler,8366.72658
marginal,Link,LV0 0,rural ground heat pump,0.18857
marginal,Link,LV0 0,rural resistive heater,4701.85554
marginal,Link,LV0 0,solid biomass for industry,47632.39862
marginal,Link,LV0 0,unsustainable bioliquids,671519.30564
marginal,Link,LV0 0,urban central air heat pump,0.5489
marginal,Link,LV0 0,urban central gas CHP,207.78966
marginal,Link,LV0 0,urban central gas boiler,4621.92786
marginal,Link,LV0 0,urban central resistive heater,1353.12322
marginal,Link,LV0 0,urban central solid biomass CHP,23154996.11888
marginal,Link,LV0 0,urban central solid biomass CHP CC,5785184.04618
marginal,Link,LV0 0,urban decentral air heat pump,0.03839
marginal,Link,LV0 0,urban decentral biomass boiler,28437570.40245
marginal,Link,LV0 0,urban decentral gas boiler,6606.31698
marginal,Link,LV0 0,urban decentral resistive heater,2718.33295
marginal,Link,LV0 0,waste CHP,1179.34657
marginal,Link,ME0 0,BEV charger,2271.01672
marginal,Link,ME0 0,CO2 pipeline,0.62942
marginal,Link,ME0 0,Combined-Cycle Gas,154.29038
marginal,Link,ME0 0,DC,32286.35846
marginal,Link,ME0 0,EAF,0.03543
marginal,Link,ME0 0,H2 DRI,335.64146
marginal,Link,ME0 0,H2 Electrolysis,0.72703
marginal,Link,ME0 0,HVC to air,10884.02888
marginal,Link,ME0 0,Haber-Bosch,5.58792
marginal,Link,ME0 0,Open-Cycle Gas,77.33122
marginal,Link,ME0 0,SMR,13.19276
marginal,Link,ME0 0,Sabatier,0.51679
marginal,Link,ME0 0,battery charger,27943.30023
marginal,Link,ME0 0,battery discharger,27682.30601
marginal,Link,ME0 0,biogas to gas,109753.53312
marginal,Link,ME0 0,biomass to liquid,41.59864
marginal,Link,ME0 0,biomass-to-methanol,1271.44893
marginal,Link,ME0 0,electricity distribution grid,30347.51483
marginal,Link,ME0 0,gas DRI,471.16063
marginal,Link,ME0 0,gas for industry,118.62251
marginal,Link,ME0 0,heat100-200 industry electric boiler steam,39.67717
marginal,Link,ME0 0,heat100-200 industry gas,23.12101
marginal,Link,ME0 0,heat100-200 industry industrial heat pump high temperature,116162.05559
marginal,Link,ME0 0,heat100-200 industry solid biomass,1017.25416
marginal,Link,ME0 0,heat200-500 industry gas,4.4374
marginal,Link,ME0 0,heat200-500 industry hydrogen,90.76451
marginal,Link,ME0 0,heat200-500 industry solid biomass,466732.04315
marginal,Link,ME0 0,heat<100 industry electric boiler steam,40.92665
marginal,Link,ME0 0,heat<100 industry gas,23.47244
marginal,Link,ME0 0,heat<100 industry industrial heat pump medium temperature,130796.52102
marginal,Link,ME0 0,heat<100 industry solid biomass,2181.64522
marginal,Link,ME0 0,heat>500 industry gas,60620.93978
marginal,Link,ME0 0,heat>500 industry hydrogen,131.17803
marginal,Link,ME0 0,home battery charger,5.19159
marginal,Link,ME0 0,home battery discharger,4.75539
marginal,Link,ME0 0,methanolisation,5.7198
marginal,Link,ME0 0,municipal solid waste,0.48884
marginal,Link,ME0 0,rural air heat pump,0.30016
marginal,Link,ME0 0,rural biomass boiler,5416050.16469
marginal,Link,ME0 0,rural gas boiler,107.20673
marginal,Link,ME0 0,rural ground heat pump,1.15261
marginal,Link,ME0 0,rural resistive heater,58.01637
marginal,Link,ME0 0,solid biomass for industry,2221.08075
marginal,Link,ME0 0,steel emission,120.75923
marginal,Link,ME0 0,urban central air heat pump,1.17705
marginal,Link,ME0 0,urban central gas CHP,348.71232
marginal,Link,ME0 0,urban central gas boiler,201.01125
marginal,Link,ME0 0,urban central resistive heater,122.26964
marginal,Link,ME0 0,urban central solid biomass CHP,845780.02211
marginal,Link,ME0 0,urban central solid biomass CHP CC,2622.9535
marginal,Link,ME0 0,urban decentral air heat pump,0.30294
marginal,Link,ME0 0,urban decentral biomass boiler,5274405.95959
marginal,Link,ME0 0,urban decentral gas boiler,2315.57474
marginal,Link,ME0 0,urban decentral resistive heater,996.82861
marginal,Link,ME0 0,waste CHP,1327.84544
marginal,Link,MK0 0,BEV charger,7161.87018
marginal,Link,MK0 0,CO2 pipeline,-2.68387
marginal,Link,MK0 0,Combined-Cycle Gas,42342.06012
marginal,Link,MK0 0,EAF,0.04977
marginal,Link,MK0 0,H2 DRI,565.35916
marginal,Link,MK0 0,H2 Electrolysis,0.76581
marginal,Link,MK0 0,HVC to air,33114.22176
marginal,Link,MK0 0,Haber-Bosch,5.63357
marginal,Link,MK0 0,Open-Cycle Gas,75.96776
marginal,Link,MK0 0,SMR,13.09985
marginal,Link,MK0 0,Sabatier,0.57391
marginal,Link,MK0 0,battery charger,2075.10024
marginal,Link,MK0 0,battery discharger,1881.01755
marginal,Link,MK0 0,biogas to gas,1261828.97329
marginal,Link,MK0 0,biomass to liquid,53.31305
marginal,Link,MK0 0,biomass-to-methanol,1372.31916
marginal,Link,MK0 0,electricity distribution grid,65083.14281
marginal,Link,MK0 0,gas DRI,781.35895
marginal,Link,MK0 0,gas for industry,3071.93954
marginal,Link,MK0 0,gas pipeline new,25749.09675
marginal,Link,MK0 0,heat100-200 industry electric boiler steam,37.29281
marginal,Link,MK0 0,heat100-200 industry gas,22.00645
marginal,Link,MK0 0,heat100-200 industry industrial heat pump high temperature,221699.57967
marginal,Link,MK0 0,heat100-200 industry solid biomass,2204.43246
marginal,Link,MK0 0,heat200-500 industry gas,4.4864
marginal,Link,MK0 0,heat200-500 industry hydrogen,90.15725
marginal,Link,MK0 0,heat200-500 industry solid biomass,560146.92663
marginal,Link,MK0 0,heat<100 industry electric boiler steam,37.80974
marginal,Link,MK0 0,heat<100 industry gas,21.715
marginal,Link,MK0 0,heat<100 industry industrial heat pump medium temperature,836.0128
marginal,Link,MK0 0,heat<100 industry solid biomass,831435.773
marginal,Link,MK0 0,heat>500 industry gas,14491.47238
marginal,Link,MK0 0,heat>500 industry hydrogen,147.86706
marginal,Link,MK0 0,home battery charger,13.33198
marginal,Link,MK0 0,home battery discharger,13.60222
marginal,Link,MK0 0,methanolisation,7.1075
marginal,Link,MK0 0,municipal solid waste,653.99726
marginal,Link,MK0 0,rural air heat pump,0.09956
marginal,Link,MK0 0,rural biomass boiler,1179983.75741
marginal,Link,MK0 0,rural gas boiler,13423.29882
marginal,Link,MK0 0,rural ground heat pump,0.36454
marginal,Link,MK0 0,rural resistive heater,2740.17815
marginal,Link,MK0 0,solid biomass for industry,627.50224
marginal,Link,MK0 0,steel emission,2946.791
marginal,Link,MK0 0,urban central air heat pump,0.71925
marginal,Link,MK0 0,urban central gas CHP,311.44047
marginal,Link,MK0 0,urban central gas boiler,1855.71278
marginal,Link,MK0 0,urban central resistive heater,538.44198
marginal,Link,MK0 0,urban central solid biomass CHP,7512540.81643
marginal,Link,MK0 0,urban central solid biomass CHP CC,1914.00085
marginal,Link,MK0 0,urban decentral air heat pump,0.10032
marginal,Link,MK0 0,urban decentral biomass boiler,43124.24447
marginal,Link,MK0 0,urban decentral gas boiler,10995.73097
marginal,Link,MK0 0,urban decentral resistive heater,2016.98732
marginal,Link,MK0 0,waste CHP,1494.14838
marginal,Link,NL0 0,BEV charger,134698.59283
marginal,Link,NL0 0,CO2 pipeline,0.1007
marginal,Link,NL0 0,Combined-Cycle Gas,66978043.02113
marginal,Link,NL0 0,DC,59636.28355
marginal,Link,NL0 0,EAF,0.10541
marginal,Link,NL0 0,H2 DRI,940.28921
marginal,Link,NL0 0,H2 Electrolysis,1.60372
marginal,Link,NL0 0,HVC to air,282230.11067
marginal,Link,NL0 0,Haber-Bosch,72.57028
marginal,Link,NL0 0,Open-Cycle Gas,72.61714
marginal,Link,NL0 0,SMR,64.19208
marginal,Link,NL0 0,Sabatier,0.52546
marginal,Link,NL0 0,battery charger,6.46975
marginal,Link,NL0 0,battery discharger,7.00461
marginal,Link,NL0 0,biogas to gas,27581189.55188
marginal,Link,NL0 0,biomass to liquid,14.73361
marginal,Link,NL0 0,biomass-to-methanol,760.39284
marginal,Link,NL0 0,co2 sequestered,2.63353
marginal,Link,NL0 0,electricity distribution grid,1483216.39272
marginal,Link,NL0 0,gas DRI,1485.41126
marginal,Link,NL0 0,gas for industry,39716.53179
marginal,Link,NL0 0,gas pipeline,479.50371
marginal,Link,NL0 0,heat100-200 industry electric boiler steam,62.87255
marginal,Link,NL0 0,heat100-200 industry gas,30.26428
marginal,Link,NL0 0,heat100-200 industry industrial heat pump high temperature,29340141.63161
marginal,Link,NL0 0,heat100-200 industry solid biomass,186.69076
marginal,Link,NL0 0,heat200-500 industry gas,16.19809
marginal,Link,NL0 0,heat200-500 industry hydrogen,131.55817
marginal,Link,NL0 0,heat200-500 industry solid biomass,72867735.79918
marginal,Link,NL0 0,heat<100 industry electric boiler steam,64.25261
marginal,Link,NL0 0,heat<100 industry gas,30.61867
marginal,Link,NL0 0,heat<100 industry industrial heat pump medium temperature,28261399.93753
marginal,Link,NL0 0,heat<100 industry solid biomass,190.08742
marginal,Link,NL0 0,heat>500 industry gas,7658754.92729
marginal,Link,NL0 0,heat>500 industry hydrogen,208.45559
marginal,Link,NL0 0,home battery charger,4.515
marginal,Link,NL0 0,home battery discharger,3.95044
marginal,Link,NL0 0,methanolisation,14.35003
marginal,Link,NL0 0,municipal solid waste,42650.52102
marginal,Link,NL0 0,rural air heat pump,0.89946
marginal,Link,NL0 0,rural biomass boiler,5522572.59334
marginal,Link,NL0 0,rural gas boiler,3.85427
marginal,Link,NL0 0,rural ground heat pump,115564.77998
marginal,Link,NL0 0,rural resistive heater,19.58784
marginal,Link,NL0 0,solid biomass for industry,24415.76399
marginal,Link,NL0 0,steel emission,25978.76808
marginal,Link,NL0 0,unsustainable bioliquids,15556245.15224
marginal,Link,NL0 0,urban central air heat pump,50639.39272
marginal,Link,NL0 0,urban central gas CHP,387.70542
marginal,Link,NL0 0,urban central gas boiler,35050.25396
marginal,Link,NL0 0,urban central resistive heater,12755.9794
marginal,Link,NL0 0,urban central solid biomass CHP,666.73119
marginal,Link,NL0 0,urban central solid biomass CHP CC,485.0778
marginal,Link,NL0 0,urban decentral air heat pump,12967.36081
marginal,Link,NL0 0,urban decentral biomass boiler,17618106.34892
marginal,Link,NL0 0,urban decentral gas boiler,587023.2192
marginal,Link,NL0 0,urban decentral resistive heater,166213.30886
marginal,Link,NL0 0,waste CHP,4146.80037
marginal,Link,NO1 0,BEV charger,32525.6619
marginal,Link,NO1 0,CO2 pipeline,-26.00315
marginal,Link,NO1 0,Combined-Cycle Gas,90.27242
marginal,Link,NO1 0,DC,281545.55907
marginal,Link,NO1 0,EAF,0.09287
marginal,Link,NO1 0,H2 DRI,954.30858
marginal,Link,NO1 0,H2 Electrolysis,1.29941
marginal,Link,NO1 0,HVC to air,99016.93755
marginal,Link,NO1 0,Haber-Bosch,1337473.01009
marginal,Link,NO1 0,Open-Cycle Gas,54.36633
marginal,Link,NO1 0,SMR,863136.27629
marginal,Link,NO1 0,Sabatier,0.57273
marginal,Link,NO1 0,battery charger,5.08655
marginal,Link,NO1 0,battery discharger,5.77043
marginal,Link,NO1 0,biogas to gas,2615381.44758
marginal,Link,NO1 0,biomass to liquid,13.59801
marginal,Link,NO1 0,biomass-to-methanol,712.297
marginal,Link,NO1 0,co2 sequestered,1.13758
marginal,Link,NO1 0,electricity distribution grid,932997.71414
marginal,Link,NO1 0,gas DRI,1418.58617
marginal,Link,NO1 0,gas for industry,30217.21835
marginal,Link,NO1 0,gas pipeline,41.13237
marginal,Link,NO1 0,gas pipeline new,888943.5664
marginal,Link,NO1 0,heat100-200 industry electric boiler steam,46.45863
marginal,Link,NO1 0,heat100-200 industry gas,16.91997
marginal,Link,NO1 0,heat100-200 industry industrial heat pump high temperature,6275391.73362
marginal,Link,NO1 0,heat100-200 industry solid biomass,126.64464
marginal,Link,NO1 0,heat200-500 industry gas,21.5437
marginal,Link,NO1 0,heat200-500 industry hydrogen,91.84282
marginal,Link,NO1 0,heat200-500 industry solid biomass,19151701.99522
marginal,Link,NO1 0,heat<100 industry electric boiler steam,43.49331
marginal,Link,NO1 0,heat<100 industry gas,16.34623
marginal,Link,NO1 0,heat<100 industry industrial heat pump medium temperature,5508334.56406
marginal,Link,NO1 0,heat<100 industry solid biomass,122.43919
marginal,Link,NO1 0,heat>500 industry gas,3254177.76473
marginal,Link,NO1 0,heat>500 industry hydrogen,183.89994
marginal,Link,NO1 0,home battery charger,6.21766
marginal,Link,NO1 0,home battery discharger,5.10565
marginal,Link,NO1 0,methanolisation,125.3856
marginal,Link,NO1 0,municipal solid waste,18563.84496
marginal,Link,NO1 0,rural air heat pump,0.23476
marginal,Link,NO1 0,rural biomass boiler,39777752.39429
marginal,Link,NO1 0,rural gas boiler,1.01617
marginal,Link,NO1 0,rural ground heat pump,17155.33025
marginal,Link,NO1 0,rural resistive heater,3302.67052
marginal,Link,NO1 0,solid biomass for industry,79687.658
marginal,Link,NO1 0,steel emission,9512.74067
marginal,Link,NO1 0,unsustainable bioliquids,663881.29788
marginal,Link,NO1 0,urban central air heat pump,1.31444
marginal,Link,NO1 0,urban central gas CHP,146.28378
marginal,Link,NO1 0,urban central gas boiler,2704.45058
marginal,Link,NO1 0,urban central resistive heater,12773.10749
marginal,Link,NO1 0,urban central solid biomass CHP,175.62341
marginal,Link,NO1 0,urban central solid biomass CHP CC,212.99372
marginal,Link,NO1 0,urban decentral air heat pump,90785.71687
marginal,Link,NO1 0,urban decentral biomass boiler,135136107.5867
marginal,Link,NO1 0,urban decentral gas boiler,0.99086
marginal,Link,NO1 0,urban decentral resistive heater,107732.54903
marginal,Link,NO1 0,waste CHP,1472.09962
marginal,Link,PL0 0,BEV charger,224245.68414
marginal,Link,PL0 0,CO2 pipeline,-1.6989
marginal,Link,PL0 0,Combined-Cycle Gas,57334405.65198
marginal,Link,PL0 0,DC,13243.04892
marginal,Link,PL0 0,EAF,0.0937
marginal,Link,PL0 0,H2 DRI,866.84153
marginal,Link,PL0 0,H2 Electrolysis,0.68991
marginal,Link,PL0 0,HVC to air,636391.57653
marginal,Link,PL0 0,Haber-Bosch,10.89796
marginal,Link,PL0 0,Open-Cycle Gas,79.32576
marginal,Link,PL0 0,SMR,17.86678
marginal,Link,PL0 0,Sabatier,0.52167
marginal,Link,PL0 0,battery charger,9.65173
marginal,Link,PL0 0,battery discharger,9.1749
marginal,Link,PL0 0,biogas to gas,64732504.78203
marginal,Link,PL0 0,biomass to liquid,21.41296
marginal,Link,PL0 0,biomass-to-methanol,1008.45287
marginal,Link,PL0 0,co2 sequestered,9.43958
marginal,Link,PL0 0,electricity distribution grid,1926336.35679
marginal,Link,PL0 0,gas DRI,1410.44583
marginal,Link,PL0 0,gas for industry,40482.09852
marginal,Link,PL0 0,gas pipeline,274565.92612
marginal,Link,PL0 0,heat100-200 industry electric boiler steam,51.83472
marginal,Link,PL0 0,heat100-200 industry gas,28.18822
marginal,Link,PL0 0,heat100-200 industry industrial heat pump high temperature,18877994.00163
marginal,Link,PL0 0,heat100-200 industry solid biomass,359.58367
marginal,Link,PL0 0,heat200-500 industry gas,7.53265
marginal,Link,PL0 0,heat200-500 industry hydrogen,102.74011
marginal,Link,PL0 0,heat200-500 industry solid biomass,62688726.11317
marginal,Link,PL0 0,heat<100 industry electric boiler steam,53.46608
marginal,Link,PL0 0,heat<100 industry gas,30.28154
marginal,Link,PL0 0,heat<100 industry industrial heat pump medium temperature,20800516.37686
marginal,Link,PL0 0,heat<100 industry solid biomass,414.62693
marginal,Link,PL0 0,heat>500 industry gas,6533928.57646
marginal,Link,PL0 0,heat>500 industry hydrogen,208.24079
marginal,Link,PL0 0,home battery charger,3.89811
marginal,Link,PL0 0,home battery discharger,4.06121
marginal,Link,PL0 0,methanolisation,7.47822
marginal,Link,PL0 0,municipal solid waste,23079.25825
marginal,Link,PL0 0,rural air heat pump,0.26316
marginal,Link,PL0 0,rural biomass boiler,292475161.15364
marginal,Link,PL0 0,rural gas boiler,105606.92264
marginal,Link,PL0 0,rural ground heat pump,1944.39065
marginal,Link,PL0 0,rural resistive heater,117946.54624
marginal,Link,PL0 0,solid biomass for industry,322556.47467
marginal,Link,PL0 0,steel emission,21511.58304
marginal,Link,PL0 0,unsustainable bioliquids,8581750.52896
marginal,Link,PL0 0,urban central air heat pump,1.41603
marginal,Link,PL0 0,urban central gas CHP,466.50506
marginal,Link,PL0 0,urban central gas boiler,75838.02215
marginal,Link,PL0 0,urban central resistive heater,26896.9273
marginal,Link,PL0 0,urban central solid biomass CHP,211950210.38935
marginal,Link,PL0 0,urban central solid biomass CHP CC,13815.01514
marginal,Link,PL0 0,urban decentral air heat pump,111.88793
marginal,Link,PL0 0,urban decentral biomass boiler,190238933.07567
marginal,Link,PL0 0,urban decentral gas boiler,73048.22301
marginal,Link,PL0 0,urban decentral resistive heater,78593.51767
marginal,Link,PL0 0,waste CHP,3483.40499
marginal,Link,PT0 0,BEV charger,69248.49425
marginal,Link,PT0 0,Combined-Cycle Gas,1840142.43809
marginal,Link,PT0 0,H2 Electrolysis,1.10923
marginal,Link,PT0 0,HVC to air,141454.57543
marginal,Link,PT0 0,Haber-Bosch,7.66758
marginal,Link,PT0 0,Open-Cycle Gas,76.61939
marginal,Link,PT0 0,SMR,13.95258
marginal,Link,PT0 0,Sabatier,0.58326
marginal,Link,PT0 0,battery charger,41.12524
marginal,Link,PT0 0,battery discharger,39.3463
marginal,Link,PT0 0,biogas to gas,12627386.56429
marginal,Link,PT0 0,biomass to liquid,78.60887
marginal,Link,PT0 0,biomass-to-methanol,1602.22263
marginal,Link,PT0 0,co2 sequestered,1.87101
marginal,Link,PT0 0,electricity distribution grid,612742.30141
marginal,Link,PT0 0,gas for industry,14570.07383
marginal,Link,PT0 0,heat100-200 industry electric boiler steam,35.1455
marginal,Link,PT0 0,heat100-200 industry gas,19.84317
marginal,Link,PT0 0,heat100-200 industry industrial heat pump high temperature,2724572.65714
marginal,Link,PT0 0,heat100-200 industry solid biomass,5739922.64037
marginal,Link,PT0 0,heat200-500 industry gas,3.93905
marginal,Link,PT0 0,heat200-500 industry hydrogen,65.43904
marginal,Link,PT0 0,heat200-500 industry solid biomass,15694163.319
marginal,Link,PT0 0,heat<100 industry electric boiler steam,35.03143
marginal,Link,PT0 0,heat<100 industry gas,19.68205
marginal,Link,PT0 0,heat<100 industry industrial heat pump medium temperature,489.33965
marginal,Link,PT0 0,heat<100 industry solid biomass,13922823.62647
marginal,Link,PT0 0,heat>500 industry gas,1474655.63954
marginal,Link,PT0 0,heat>500 industry hydrogen,133.7242
marginal,Link,PT0 0,home battery charger,8.59296
marginal,Link,PT0 0,home battery discharger,8.10477
marginal,Link,PT0 0,methanolisation,7.71005
marginal,Link,PT0 0,municipal solid waste,11270.25447
marginal,Link,PT0 0,rural air heat pump,0.44484
marginal,Link,PT0 0,rural biomass boiler,24897430.04607
marginal,Link,PT0 0,rural gas boiler,13591.16623
marginal,Link,PT0 0,rural ground heat pump,17580.99531
marginal,Link,PT0 0,rural resistive heater,5200.63099
marginal,Link,PT0 0,solid biomass for industry,133467.6328
marginal,Link,PT0 0,unsustainable bioliquids,3036985.51687
marginal,Link,PT0 0,urban central air heat pump,0.83503
marginal,Link,PT0 0,urban central gas CHP,341.14606
marginal,Link,PT0 0,urban central gas boiler,7071.09165
marginal,Link,PT0 0,urban central resistive heater,3082.03014
marginal,Link,PT0 0,urban central solid biomass CHP,14799406.05108
marginal,Link,PT0 0,urban central solid biomass CHP CC,7695.13918
marginal,Link,PT0 0,urban decentral air heat pump,14488.98236
marginal,Link,PT0 0,urban decentral biomass boiler,25242543.86376
marginal,Link,PT0 0,urban decentral gas boiler,14586.72688
marginal,Link,PT0 0,urban decentral resistive heater,72373.21285
marginal,Link,PT0 0,waste CHP,1787.64891
marginal,Link,RO0 0,BEV charger,68480.51233
marginal,Link,RO0 0,CO2 pipeline,0.34338
marginal,Link,RO0 0,Combined-Cycle Gas,1002530.00711
marginal,Link,RO0 0,EAF,0.08379
marginal,Link,RO0 0,H2 DRI,773.09274
marginal,Link,RO0 0,H2 Electrolysis,0.68387
marginal,Link,RO0 0,HVC to air,329377.76707
marginal,Link,RO0 0,Haber-Bosch,6.68413
marginal,Link,RO0 0,Open-Cycle Gas,72.84899
marginal,Link,RO0 0,SMR,14.90875
marginal,Link,RO0 0,Sabatier,0.53999
marginal,Link,RO0 0,battery charger,58.34747
marginal,Link,RO0 0,battery discharger,57.20307
marginal,Link,RO0 0,biogas to gas,27973808.87522
marginal,Link,RO0 0,biomass to liquid,39.59497
marginal,Link,RO0 0,biomass-to-methanol,1368.02838
marginal,Link,RO0 0,electricity distribution grid,688742.94111
marginal,Link,RO0 0,gas DRI,1339.47871
marginal,Link,RO0 0,gas for industry,43058.76182
marginal,Link,RO0 0,gas pipeline,30.62138
marginal,Link,RO0 0,heat100-200 industry electric boiler steam,39.54361
marginal,Link,RO0 0,heat100-200 industry gas,20.60168
marginal,Link,RO0 0,heat100-200 industry industrial heat pump high temperature,8477293.41334
marginal,Link,RO0 0,heat100-200 industry solid biomass,911.44225
marginal,Link,RO0 0,heat200-500 industry gas,4.60335
marginal,Link,RO0 0,heat200-500 industry hydrogen,67.41162
marginal,Link,RO0 0,heat200-500 industry solid biomass,20928236.00113
marginal,Link,RO0 0,heat<100 industry electric boiler steam,37.03256
marginal,Link,RO0 0,heat<100 industry gas,20.12691
marginal,Link,RO0 0,heat<100 industry industrial heat pump medium temperature,2090758.61972
marginal,Link,RO0 0,heat<100 industry solid biomass,14866883.58647
marginal,Link,RO0 0,heat>500 industry gas,2310379.5
marginal,Link,RO0 0,heat>500 industry hydrogen,159.82152
marginal,Link,RO0 0,home battery charger,4.15864
marginal,Link,RO0 0,home battery discharger,4.1592
marginal,Link,RO0 0,methanolisation,6.36137
marginal,Link,RO0 0,municipal solid waste,7954.05853
marginal,Link,RO0 0,rural air heat pump,0.2379
marginal,Link,RO0 0,rural biomass boiler,153819057.56091
marginal,Link,RO0 0,rural gas boiler,108316.37479
marginal,Link,RO0 0,rural ground heat pump,788.84079
marginal,Link,RO0 0,rural resistive heater,11026.1869
marginal,Link,RO0 0,solid biomass for industry,41051.65007
marginal,Link,RO0 0,steel emission,9131.69956
marginal,Link,RO0 0,unsustainable bioliquids,1917668.07282
marginal,Link,RO0 0,urban central air heat pump,1.58256
marginal,Link,RO0 0,urban central gas CHP,305.67001
marginal,Link,RO0 0,urban central gas boiler,13977.33808
marginal,Link,RO0 0,urban central resistive heater,2629.62831
marginal,Link,RO0 0,urban central solid biomass CHP,53215737.37048
marginal,Link,RO0 0,urban central solid biomass CHP CC,5517.15564
marginal,Link,RO0 0,urban decentral air heat pump,0.20691
marginal,Link,RO0 0,urban decentral biomass boiler,113785459.50996
marginal,Link,RO0 0,urban decentral gas boiler,78925.57558
marginal,Link,RO0 0,urban decentral resistive heater,7536.71041
marginal,Link,RO0 0,waste CHP,2324.48032
marginal,Link,RS0 0,BEV charger,18995.2116
marginal,Link,RS0 0,CO2 pipeline,0.94863
marginal,Link,RS0 0,Combined-Cycle Gas,106029.05332
marginal,Link,RS0 0,EAF,0.07631
marginal,Link,RS0 0,H2 DRI,669.17065
marginal,Link,RS0 0,H2 Electrolysis,0.7295
marginal,Link,RS0 0,HVC to air,129980.34193
marginal,Link,RS0 0,Haber-Bosch,5.23546
marginal,Link,RS0 0,Open-Cycle Gas,76.37365
marginal,Link,RS0 0,SMR,11.69079
marginal,Link,RS0 0,Sabatier,0.57045
marginal,Link,RS0 0,battery charger,2989.93903
marginal,Link,RS0 0,battery discharger,2472.69893
marginal,Link,RS0 0,biogas to gas,12229023.90604
marginal,Link,RS0 0,biomass to liquid,32.16213
marginal,Link,RS0 0,biomass-to-methanol,1218.34785
marginal,Link,RS0 0,electricity distribution grid,362512.23886
marginal,Link,RS0 0,gas DRI,1032.27021
marginal,Link,RS0 0,gas for industry,8831.4409
marginal,Link,RS0 0,gas pipeline,11.38709
marginal,Link,RS0 0,gas pipeline new,-29347.12333
marginal,Link,RS0 0,heat100-200 industry electric boiler steam,25.58048
marginal,Link,RS0 0,heat100-200 industry gas,18.35985
marginal,Link,RS0 0,heat100-200 industry industrial heat pump high temperature,1960112.35776
marginal,Link,RS0 0,heat100-200 industry solid biomass,503.23918
marginal,Link,RS0 0,heat200-500 industry gas,4.34193
marginal,Link,RS0 0,heat200-500 industry hydrogen,69.4453
marginal,Link,RS0 0,heat200-500 industry solid biomass,4764559.6823
marginal,Link,RS0 0,heat<100 industry electric boiler steam,26.82959
marginal,Link,RS0 0,heat<100 industry gas,19.13751
marginal,Link,RS0 0,heat<100 industry industrial heat pump medium temperature,2418260.58868
marginal,Link,RS0 0,heat<100 industry solid biomass,731.57511
marginal,Link,RS0 0,heat>500 industry gas,126921.14043
marginal,Link,RS0 0,heat>500 industry hydrogen,113.95828
marginal,Link,RS0 0,home battery charger,465.8173
marginal,Link,RS0 0,home battery discharger,436.22503
marginal,Link,RS0 0,methanolisation,4.61933
marginal,Link,RS0 0,municipal solid waste,8552.62189
marginal,Link,RS0 0,rural air heat pump,0.13102
marginal,Link,RS0 0,rural biomass boiler,63087391.77385
marginal,Link,RS0 0,rural gas boiler,29814.6292
marginal,Link,RS0 0,rural ground heat pump,0.5691
marginal,Link,RS0 0,rural resistive heater,5936.14964
marginal,Link,RS0 0,solid biomass for industry,12818.60713
marginal,Link,RS0 0,steel emission,6274.96386
marginal,Link,RS0 0,urban central air heat pump,0.99957
marginal,Link,RS0 0,urban central gas CHP,334.63238
marginal,Link,RS0 0,urban central gas boiler,14046.18076
marginal,Link,RS0 0,urban central resistive heater,3063.0007
marginal,Link,RS0 0,urban central solid biomass CHP,30402924.70369
marginal,Link,RS0 0,urban central solid biomass CHP CC,1589.42958
marginal,Link,RS0 0,urban decentral air heat pump,0.12665
marginal,Link,RS0 0,urban decentral biomass boiler,40094.84773
marginal,Link,RS0 0,urban decentral gas boiler,55230.30167
marginal,Link,RS0 0,urban decentral resistive heater,11127.23882
marginal,Link,RS0 0,waste CHP,2274.26457
marginal,Link,SE1 0,BEV charger,69102.04278
marginal,Link,SE1 0,Combined-Cycle Gas,6783.24663
marginal,Link,SE1 0,DC,180430.2664
marginal,Link,SE1 0,EAF,0.10883
marginal,Link,SE1 0,H2 DRI,985.91274
marginal,Link,SE1 0,H2 Electrolysis,1.07494
marginal,Link,SE1 0,HVC to air,198776.15249
marginal,Link,SE1 0,Haber-Bosch,18.63608
marginal,Link,SE1 0,Open-Cycle Gas,57.0956
marginal,Link,SE1 0,SMR,995460.61727
marginal,Link,SE1 0,Sabatier,0.50491
marginal,Link,SE1 0,battery charger,5.30895
marginal,Link,SE1 0,battery discharger,5.13329
marginal,Link,SE1 0,biogas to gas,16709213.10721
marginal,Link,SE1 0,biomass to liquid,2012922.24708
marginal,Link,SE1 0,biomass-to-methanol,1847.13514
marginal,Link,SE1 0,co2 sequestered,1.79864
marginal,Link,SE1 0,electricity distribution grid,1458466.33317
marginal,Link,SE1 0,gas DRI,1437.40223
marginal,Link,SE1 0,gas for industry,8009.17099
marginal,Link,SE1 0,heat100-200 industry electric boiler steam,40.34821
marginal,Link,SE1 0,heat100-200 industry gas,16.95823
marginal,Link,SE1 0,heat100-200 industry industrial heat pump high temperature,2034333.89226
marginal,Link,SE1 0,heat100-200 industry solid biomass,1272.8789
marginal,Link,SE1 0,heat200-500 industry gas,3.29175
marginal,Link,SE1 0,heat200-500 industry hydrogen,65.35345
marginal,Link,SE1 0,heat200-500 industry solid biomass,5791626.46327
marginal,Link,SE1 0,heat<100 industry electric boiler steam,47.55594
marginal,Link,SE1 0,heat<100 industry gas,19.03204
marginal,Link,SE1 0,heat<100 industry industrial heat pump medium temperature,8018015.97749
marginal,Link,SE1 0,heat<100 industry solid biomass,2149.01248
marginal,Link,SE1 0,heat>500 industry gas,655618.66114
marginal,Link,SE1 0,heat>500 industry hydrogen,109.11913
marginal,Link,SE1 0,home battery charger,5.95055
marginal,Link,SE1 0,home battery discharger,5.68409
marginal,Link,SE1 0,methanolisation,702697.83371
marginal,Link,SE1 0,municipal solid waste,25892.26954
marginal,Link,SE1 0,rural air heat pump,0.24193
marginal,Link,SE1 0,rural biomass boiler,9470859.26206
marginal,Link,SE1 0,rural gas boiler,239.03856
marginal,Link,SE1 0,rural ground heat pump,45875.36771
marginal,Link,SE1 0,rural resistive heater,10569.62323
marginal,Link,SE1 0,solid biomass for industry,551880.2578
marginal,Link,SE1 0,steel emission,13892.79588
marginal,Link,SE1 0,unsustainable bioliquids,4403734.59555
marginal,Link,SE1 0,urban central air heat pump,0.73848
marginal,Link,SE1 0,urban central gas CHP,173.91712
marginal,Link,SE1 0,urban central gas boiler,38163.78706
marginal,Link,SE1 0,urban central resistive heater,27976.01782
marginal,Link,SE1 0,urban central solid biomass CHP,54471415.52586
marginal,Link,SE1 0,urban central solid biomass CHP CC,231770596.00905
marginal,Link,SE1 0,urban decentral air heat pump,56843.81467
marginal,Link,SE1 0,urban decentral biomass boiler,147807645.14009
marginal,Link,SE1 0,urban decentral gas boiler,4229.8912
marginal,Link,SE1 0,urban decentral resistive heater,141337.7572
marginal,Link,SE1 0,waste CHP,1656.16939
marginal,Link,SI0 0,BEV charger,20230.81057
marginal,Link,SI0 0,Combined-Cycle Gas,316616.00341
marginal,Link,SI0 0,H2 Electrolysis,0.54377
marginal,Link,SI0 0,HVC to air,39118.71049
marginal,Link,SI0 0,Haber-Bosch,5.33128
marginal,Link,SI0 0,Open-Cycle Gas,77.35102
marginal,Link,SI0 0,SMR,11.99997
marginal,Link,SI0 0,Sabatier,0.55867
marginal,Link,SI0 0,battery charger,58.3601
marginal,Link,SI0 0,battery discharger,59.39043
marginal,Link,SI0 0,biogas to gas,1401331.26775
marginal,Link,SI0 0,biomass to liquid,31.44099
marginal,Link,SI0 0,biomass-to-methanol,1302.50816
marginal,Link,SI0 0,electricity distribution grid,153906.63141
marginal,Link,SI0 0,gas for industry,10303.90402
marginal,Link,SI0 0,gas pipeline,117659.91219
marginal,Link,SI0 0,heat100-200 industry electric boiler steam,25.5598
marginal,Link,SI0 0,heat100-200 industry gas,18.1013
marginal,Link,SI0 0,heat100-200 industry industrial heat pump high temperature,2182312.82722
marginal,Link,SI0 0,heat100-200 industry solid biomass,892.47395
marginal,Link,SI0 0,heat200-500 industry gas,4.13649
marginal,Link,SI0 0,heat200-500 industry hydrogen,67.85091
marginal,Link,SI0 0,heat200-500 industry solid biomass,5231747.90506
marginal,Link,SI0 0,heat<100 industry electric boiler steam,23.99766
marginal,Link,SI0 0,heat<100 industry gas,18.42394
marginal,Link,SI0 0,heat<100 industry industrial heat pump medium temperature,87483.7755
marginal,Link,SI0 0,heat<100 industry solid biomass,2684580.56255
marginal,Link,SI0 0,heat>500 industry gas,356146.58992
marginal,Link,SI0 0,heat>500 industry hydrogen,107.08748
marginal,Link,SI0 0,home battery charger,3.76366
marginal,Link,SI0 0,home battery discharger,3.51518
marginal,Link,SI0 0,methanolisation,5.30055
marginal,Link,SI0 0,municipal solid waste,865.99623
marginal,Link,SI0 0,rural air heat pump,0.24651
marginal,Link,SI0 0,rural biomass boiler,28496160.90674
marginal,Link,SI0 0,rural gas boiler,3244.98799
marginal,Link,SI0 0,rural ground heat pump,2217.4019
marginal,Link,SI0 0,rural resistive heater,467.09359
marginal,Link,SI0 0,solid biomass for industry,15723.16726
marginal,Link,SI0 0,urban central air heat pump,1.0538
marginal,Link,SI0 0,urban central gas CHP,379.80418
marginal,Link,SI0 0,urban central gas boiler,2604.36232
marginal,Link,SI0 0,urban central resistive heater,475.78623
marginal,Link,SI0 0,urban central solid biomass CHP,9135948.37227
marginal,Link,SI0 0,urban central solid biomass CHP CC,4268.72642
marginal,Link,SI0 0,urban decentral air heat pump,309.86083
marginal,Link,SI0 0,urban decentral biomass boiler,26662607.20381
marginal,Link,SI0 0,urban decentral gas boiler,3146.8481
marginal,Link,SI0 0,urban decentral resistive heater,3698.91147
marginal,Link,SI0 0,waste CHP,1669.60261
marginal,Link,SK0 0,BEV charger,31359.81024
marginal,Link,SK0 0,Combined-Cycle Gas,3601724.68972
marginal,Link,SK0 0,EAF,0.09838
marginal,Link,SK0 0,H2 DRI,831.36791
marginal,Link,SK0 0,H2 Electrolysis,0.55161
marginal,Link,SK0 0,HVC to air,87621.59825
marginal,Link,SK0 0,Haber-Bosch,5.12029
marginal,Link,SK0 0,Open-Cycle Gas,81.95898
marginal,Link,SK0 0,SMR,12.24626
marginal,Link,SK0 0,Sabatier,0.5527
marginal,Link,SK0 0,battery charger,30.54004
marginal,Link,SK0 0,battery discharger,29.19891
marginal,Link,SK0 0,biogas to gas,13147378.17143
marginal,Link,SK0 0,biomass to liquid,30.97467
marginal,Link,SK0 0,biomass-to-methanol,1336.41648
marginal,Link,SK0 0,electricity distribution grid,304864.81723
marginal,Link,SK0 0,gas DRI,1358.57906
marginal,Link,SK0 0,gas for industry,5458.9973
marginal,Link,SK0 0,gas pipeline,27321.27075
marginal,Link,SK0 0,heat100-200 industry electric boiler steam,31.088
marginal,Link,SK0 0,heat100-200 industry gas,20.29933
marginal,Link,SK0 0,heat100-200 industry industrial heat pump high temperature,4076352.21184
marginal,Link,SK0 0,heat100-200 industry solid biomass,2771651.97905
marginal,Link,SK0 0,heat200-500 industry gas,4.3192
marginal,Link,SK0 0,heat200-500 industry hydrogen,64.53803
marginal,Link,SK0 0,heat200-500 industry solid biomass,12238788.27539
marginal,Link,SK0 0,heat<100 industry electric boiler steam,25.39904
marginal,Link,SK0 0,heat<100 industry gas,18.63681
marginal,Link,SK0 0,heat<100 industry industrial heat pump medium temperature,341.37191
marginal,Link,SK0 0,heat<100 industry solid biomass,7279258.05548
marginal,Link,SK0 0,heat>500 industry gas,989349.46524
marginal,Link,SK0 0,heat>500 industry hydrogen,122.82583
marginal,Link,SK0 0,home battery charger,3.98804
marginal,Link,SK0 0,home battery discharger,3.8495
marginal,Link,SK0 0,methanolisation,5.41617
marginal,Link,SK0 0,municipal solid waste,3302.95927
marginal,Link,SK0 0,rural air heat pump,0.29502
marginal,Link,SK0 0,rural biomass boiler,2605979.04234
marginal,Link,SK0 0,rural gas boiler,86732.03845
marginal,Link,SK0 0,rural ground heat pump,1884.32066
marginal,Link,SK0 0,rural resistive heater,5594.46181
marginal,Link,SK0 0,solid biomass for industry,71354.03601
marginal,Link,SK0 0,steel emission,13910.96987
marginal,Link,SK0 0,unsustainable bioliquids,1499329.37267
marginal,Link,SK0 0,urban central air heat pump,0.82816
marginal,Link,SK0 0,urban central gas CHP,410.38877
marginal,Link,SK0 0,urban central gas boiler,5819.78554
marginal,Link,SK0 0,urban central resistive heater,655.70379
marginal,Link,SK0 0,urban central solid biomass CHP,29352527.56481
marginal,Link,SK0 0,urban central solid biomass CHP CC,5626.76351
marginal,Link,SK0 0,urban decentral air heat pump,744.86268
marginal,Link,SK0 0,urban decentral biomass boiler,2148370.85844
marginal,Link,SK0 0,urban decentral gas boiler,73400.08007
marginal,Link,SK0 0,urban decentral resistive heater,9871.20094
marginal,Link,SK0 0,waste CHP,2084.7976
marginal,Link,XK0 0,BEV charger,3793.60401
marginal,Link,XK0 0,Combined-Cycle Gas,154.3888
marginal,Link,XK0 0,EAF,0.03413
marginal,Link,XK0 0,H2 DRI,383.19027
marginal,Link,XK0 0,H2 Electrolysis,0.74127
marginal,Link,XK0 0,HVC to air,27801.7985
marginal,Link,XK0 0,Haber-Bosch,4.0783
marginal,Link,XK0 0,Open-Cycle Gas,77.11029
marginal,Link,XK0 0,SMR,54.88641
marginal,Link,XK0 0,Sabatier,0.52963
marginal,Link,XK0 0,battery charger,11127.16615
marginal,Link,XK0 0,battery discharger,10147.16722
marginal,Link,XK0 0,biogas to gas,383640.58918
marginal,Link,XK0 0,biomass to liquid,771539.14459
marginal,Link,XK0 0,biomass-to-methanol,1769.20636
marginal,Link,XK0 0,electricity distribution grid,60871.56724
marginal,Link,XK0 0,gas DRI,527.45125
marginal,Link,XK0 0,gas for industry,814.05718
marginal,Link,XK0 0,heat100-200 industry electric boiler steam,34.02319
marginal,Link,XK0 0,heat100-200 industry gas,19.51968
marginal,Link,XK0 0,heat100-200 industry industrial heat pump high temperature,251.71807
marginal,Link,XK0 0,heat100-200 industry solid biomass,608343.47491
marginal,Link,XK0 0,heat200-500 industry gas,3.76566
marginal,Link,XK0 0,heat200-500 industry hydrogen,84.72988
marginal,Link,XK0 0,heat200-500 industry solid biomass,653509.10326
marginal,Link,XK0 0,heat<100 industry electric boiler steam,34.43607
marginal,Link,XK0 0,heat<100 industry gas,19.60738
marginal,Link,XK0 0,heat<100 industry industrial heat pump medium temperature,233.64156
marginal,Link,XK0 0,heat<100 industry solid biomass,640852.88185
marginal,Link,XK0 0,heat>500 industry gas,31771.61048
marginal,Link,XK0 0,heat>500 industry hydrogen,144.78468
marginal,Link,XK0 0,home battery charger,37.41986
marginal,Link,XK0 0,home battery discharger,39.37333
marginal,Link,XK0 0,methanolisation,6.05847
marginal,Link,XK0 0,municipal solid waste,0.59927
marginal,Link,XK0 0,rural air heat pump,0.77961
marginal,Link,XK0 0,rural biomass boiler,12169.28122
marginal,Link,XK0 0,rural gas boiler,0.60617
marginal,Link,XK0 0,rural ground heat pump,688.83239
marginal,Link,XK0 0,rural resistive heater,4.09223
marginal,Link,XK0 0,solid biomass for industry,1053.19336
marginal,Link,XK0 0,steel emission,1002.62982
marginal,Link,XK0 0,urban central air heat pump,0.25945
marginal,Link,XK0 0,urban central gas CHP,191.58124
marginal,Link,XK0 0,urban central gas boiler,0.28641
marginal,Link,XK0 0,urban central resistive heater,129.26586
marginal,Link,XK0 0,urban central solid biomass CHP,314757.24204
marginal,Link,XK0 0,urban central solid biomass CHP CC,2044.94789
marginal,Link,XK0 0,urban decentral air heat pump,0.92407
marginal,Link,XK0 0,urban decentral biomass boiler,2648619.85143
marginal,Link,XK0 0,urban decentral gas boiler,0.49226
marginal,Link,XK0 0,urban decentral resistive heater,6.98489
marginal,Link,XK0 0,waste CHP,1091.80045
marginal,StorageUnit,AL0 0,Reservoir & Dam,68435.83823
marginal,StorageUnit,AT0 0,Pumped Hydro Storage,108993.77524
marginal,StorageUnit,AT0 0,Reservoir & Dam,175804.18075
marginal,StorageUnit,BA0 0,Pumped Hydro Storage,33.4089
marginal,StorageUnit,BA0 0,Reservoir & Dam,45324.08391
marginal,StorageUnit,BE0 0,Pumped Hydro Storage,8513.50955
marginal,StorageUnit,BE0 0,Reservoir & Dam,632.75289
marginal,StorageUnit,BG0 0,Pumped Hydro Storage,16503.344
marginal,StorageUnit,BG0 0,Reservoir & Dam,24425.90526
marginal,StorageUnit,CH0 0,Pumped Hydro Storage,96228.20606
marginal,StorageUnit,CH0 0,Reservoir & Dam,251699.55654
marginal,StorageUnit,CZ0 0,Pumped Hydro Storage,4809.80001
marginal,StorageUnit,CZ0 0,Reservoir & Dam,21379.12461
marginal,StorageUnit,DE0 0,Pumped Hydro Storage,3100.97464
marginal,StorageUnit,DE0 1,Pumped Hydro Storage,21712.62425
marginal,StorageUnit,DE0 2,Pumped Hydro Storage,12307.329
marginal,StorageUnit,DE0 3,Pumped Hydro Storage,7601.04408
marginal,StorageUnit,DE0 4,Pumped Hydro Storage,22203.78214
marginal,StorageUnit,DE0 5,Pumped Hydro Storage,8025.81687
marginal,StorageUnit,ES0 0,Pumped Hydro Storage,178814.60018
marginal,StorageUnit,ES0 0,Reservoir & Dam,206709.58534
marginal,StorageUnit,ES6 0,Pumped Hydro Storage,13295.33045
marginal,StorageUnit,ES6 0,Reservoir & Dam,16846.19006
marginal,StorageUnit,FI1 0,Reservoir & Dam,61610.85821
marginal,StorageUnit,FR0 0,Pumped Hydro Storage,8110.60373
marginal,StorageUnit,FR0 1,Pumped Hydro Storage,59712.88676
marginal,StorageUnit,FR0 1,Reservoir & Dam,140896.93393
marginal,StorageUnit,FR0 2,Pumped Hydro Storage,19375.88213
marginal,StorageUnit,FR0 2,Reservoir & Dam,124338.59904
marginal,StorageUnit,FR0 4,Reservoir & Dam,4644.03104
marginal,StorageUnit,FR5 0,Reservoir & Dam,4743.81216
marginal,StorageUnit,GB2 0,Reservoir & Dam,898.43193
marginal,StorageUnit,GB3 0,Pumped Hydro Storage,5963.44792
marginal,StorageUnit,GB3 0,Reservoir & Dam,1711.08763
marginal,StorageUnit,GR0 0,Pumped Hydro Storage,11326.82544
marginal,StorageUnit,GR0 0,Reservoir & Dam,40970.38933
marginal,StorageUnit,HR0 0,Pumped Hydro Storage,5031.32024
marginal,StorageUnit,HR0 0,Reservoir & Dam,57138.32738
marginal,StorageUnit,HU0 0,Reservoir & Dam,1184.47687
marginal,StorageUnit,IE3 0,Pumped Hydro Storage,3003.23844
marginal,StorageUnit,IE3 0,Reservoir & Dam,37.5758
marginal,StorageUnit,IT0 0,Pumped Hydro Storage,53077.04682
marginal,StorageUnit,IT0 0,Reservoir & Dam,20769.82607
marginal,StorageUnit,IT0 1,Pumped Hydro Storage,100568.01868
marginal,StorageUnit,IT0 1,Reservoir & Dam,97813.24158
marginal,StorageUnit,IT4 0,Pumped Hydro Storage,4748.99728
marginal,StorageUnit,IT4 0,Reservoir & Dam,2427.69148
marginal,StorageUnit,LT0 0,Pumped Hydro Storage,10733.49165
marginal,StorageUnit,LU0 0,Pumped Hydro Storage,12988.94185
marginal,StorageUnit,ME0 0,Pumped Hydro Storage,3593.5157
marginal,StorageUnit,ME0 0,Reservoir & Dam,16457.27232
marginal,StorageUnit,MK0 0,Reservoir & Dam,10464.75735
marginal,StorageUnit,NO1 0,Pumped Hydro Storage,406.83927
marginal,StorageUnit,NO1 0,Reservoir & Dam,1287855.20243
marginal,StorageUnit,PL0 0,Pumped Hydro Storage,33353.60772
marginal,StorageUnit,PL0 0,Reservoir & Dam,8311.42174
marginal,StorageUnit,PT0 0,Pumped Hydro Storage,81497.86451
marginal,StorageUnit,PT0 0,Reservoir & Dam,35960.59081
marginal,StorageUnit,RO0 0,Reservoir & Dam,97369.37175
marginal,StorageUnit,RS0 0,Pumped Hydro Storage,6944.90906
marginal,StorageUnit,RS0 0,Reservoir & Dam,33024.33488
marginal,StorageUnit,SE1 0,Pumped Hydro Storage,541.3501
marginal,StorageUnit,SE1 0,Reservoir & Dam,575360.05976
marginal,StorageUnit,SI0 0,Pumped Hydro Storage,2337.43961
marginal,StorageUnit,SI0 0,Reservoir & Dam,25060.66117
marginal,StorageUnit,SK0 0,Pumped Hydro Storage,10113.55855
marginal,StorageUnit,SK0 0,Reservoir & Dam,7429.36593
marginal,StorageUnit,XK0 0,Reservoir & Dam,1855.5549
marginal,Store,AL0 0,Battery Storage,1e-05
marginal,Store,AL0 0,EV battery,-0.00028
marginal,Store,AL0 0,home battery,5e-05
marginal,Store,AL0 0,non-sequestered HVC,42078.78713
marginal,Store,AT0 0,Battery Storage,3e-05
marginal,Store,AT0 0,EV battery,-0.00032
marginal,Store,AT0 0,home battery,1e-05
marginal,Store,AT0 0,non-sequestered HVC,155673.12276
marginal,Store,BA0 0,EV battery,-0.00031
marginal,Store,BA0 0,home battery,1e-05
marginal,Store,BA0 0,non-sequestered HVC,60265.36889
marginal,Store,BE0 0,EV battery,-0.00031
marginal,Store,BE0 0,home battery,1e-05
marginal,Store,BE0 0,non-sequestered HVC,194433.6281
marginal,Store,BG0 0,EV battery,-0.00034
marginal,Store,BG0 0,co2 sequestered,27.27674
marginal,Store,BG0 0,home battery,1e-05
marginal,Store,BG0 0,non-sequestered HVC,117824.69069
marginal,Store,CH0 0,EV battery,-0.00029
marginal,Store,CH0 0,home battery,1e-05
marginal,Store,CH0 0,non-sequestered HVC,122322.71428
marginal,Store,CZ0 0,EV battery,-0.0003
marginal,Store,CZ0 0,home battery,1e-05
marginal,Store,CZ0 0,non-sequestered HVC,187360.8761
marginal,Store,DE0 0,EV battery,-0.00031
marginal,Store,DE0 0,co2 sequestered,33.87215
marginal,Store,DE0 0,home battery,1e-05
marginal,Store,DE0 0,non-sequestered HVC,245638.55479
marginal,Store,DE0 1,EV battery,-0.00031
marginal,Store,DE0 1,home battery,1e-05
marginal,Store,DE0 1,non-sequestered HVC,109445.12925
marginal,Store,DE0 2,EV battery,-0.00029
marginal,Store,DE0 2,co2 sequestered,39.4103
marginal,Store,DE0 2,non-sequestered HVC,359673.44441
marginal,Store,DE0 3,EV battery,-0.00032
marginal,Store,DE0 3,home battery,1e-05
marginal,Store,DE0 3,non-sequestered HVC,172508.61137
marginal,Store,DE0 4,EV battery,-0.00028
marginal,Store,DE0 4,home battery,1e-05
marginal,Store,DE0 4,non-sequestered HVC,292277.77652
marginal,Store,DE0 5,EV battery,-0.00029
marginal,Store,DE0 5,home battery,1e-05
marginal,Store,DE0 5,non-sequestered HVC,211178.01422
marginal,Store,DK0 0,EV battery,-0.00028
marginal,Store,DK0 0,co2 sequestered,15.62714
marginal,Store,DK0 0,home battery,1e-05
marginal,Store,DK0 0,non-sequestered HVC,41041.75216
marginal,Store,DK1 0,EV battery,-0.00032
marginal,Store,DK1 0,co2 sequestered,13.11926
marginal,Store,DK1 0,home battery,1e-05
marginal,Store,DK1 0,non-sequestered HVC,26429.43401
marginal,Store,EE0 0,Battery Storage,1e-05
marginal,Store,EE0 0,EV battery,-0.00033
marginal,Store,EE0 0,co2 sequestered,249.11847
marginal,Store,EE0 0,home battery,1e-05
marginal,Store,EE0 0,non-sequestered HVC,18926.3789
marginal,Store,ES0 0,EV battery,-0.00032
marginal,Store,ES0 0,co2 sequestered,11.89071
marginal,Store,ES0 0,home battery,1e-05
marginal,Store,ES0 0,non-sequestered HVC,627517.96569
marginal,Store,ES6 0,EV battery,-0.00029
marginal,Store,ES6 0,non-sequestered HVC,11037.65544
marginal,Store,EU,solid biomass import,142549.50617
marginal,Store,FI1 0,Battery Storage,1e-05
marginal,Store,FI1 0,EV battery,-0.0003
marginal,Store,FI1 0,home battery,3e-05
marginal,Store,FI1 0,non-sequestered HVC,80542.35017
marginal,Store,FR0 0,EV battery,-0.00032
marginal,Store,FR0 0,home battery,1e-05
marginal,Store,FR0 0,non-sequestered HVC,351164.79256
marginal,Store,FR0 1,EV battery,-0.00029
marginal,Store,FR0 1,home battery,1e-05
marginal,Store,FR0 1,non-sequestered HVC,243442.10181
marginal,Store,FR0 2,EV battery,-0.0003
marginal,Store,FR0 2,home battery,1e-05
marginal,Store,FR0 2,non-sequestered HVC,151470.48533
marginal,Store,FR0 3,EV battery,-0.00029
marginal,Store,FR0 3,home battery,1e-05
marginal,Store,FR0 3,non-sequestered HVC,152663.76132
marginal,Store,FR0 4,EV battery,-0.00031
marginal,Store,FR0 4,home battery,1e-05
marginal,Store,FR0 4,non-sequestered HVC,129463.0302
marginal,Store,FR5 0,Battery Storage,1e-05
marginal,Store,FR5 0,EV battery,-0.00058
marginal,Store,FR5 0,home battery,2e-05
marginal,Store,FR5 0,non-sequestered HVC,4265.28623
marginal,Store,GB2 0,EV battery,-0.00029
marginal,Store,GB2 0,co2 sequestered,34.66665
marginal,Store,GB2 0,home battery,1e-05
marginal,Store,GB2 0,non-sequestered HVC,327918.85414
marginal,Store,GB2 1,EV battery,-0.00031
marginal,Store,GB2 1,co2 sequestered,16.98187
marginal,Store,GB2 1,home battery,1e-05
marginal,Store,GB2 1,non-sequestered HVC,659558.34737
marginal,Store,GB3 0,EV battery,-0.00032
marginal,Store,GB3 0,home battery,1e-05
marginal,Store,GB3 0,non-sequestered HVC,29568.25758
marginal,Store,GR0 0,Battery Storage,1e-05
marginal,Store,GR0 0,EV battery,-0.00028
marginal,Store,GR0 0,co2 sequestered,32.14245
marginal,Store,GR0 0,home battery,1e-05
marginal,Store,GR0 0,non-sequestered HVC,143210.39637
marginal,Store,HR0 0,EV battery,-0.00029
marginal,Store,HR0 0,home battery,1e-05
marginal,Store,HR0 0,non-sequestered HVC,58051.42111
marginal,Store,HU0 0,EV battery,-0.00031
marginal,Store,HU0 0,home battery,1e-05
marginal,Store,HU0 0,non-sequestered HVC,154904.5862
marginal,Store,IE3 0,Battery Storage,0.00015
marginal,Store,IE3 0,EV battery,-0.00033
marginal,Store,IE3 0,co2 sequestered,27.12927
marginal,Store,IE3 0,home battery,1e-05
marginal,Store,IE3 0,non-sequestered HVC,70609.32291
marginal,Store,IT0 0,EV battery,-0.00029
marginal,Store,IT0 0,co2 sequestered,13.96188
marginal,Store,IT0 0,home battery,1e-05
marginal,Store,IT0 0,non-sequestered HVC,420644.8804
marginal,Store,IT0 1,EV battery,-0.00033
marginal,Store,IT0 1,co2 sequestered,31.79419
marginal,Store,IT0 1,home battery,1e-05
marginal,Store,IT0 1,non-sequestered HVC,470178.64074
marginal,Store,IT4 0,Battery Storage,2e-05
marginal,Store,IT4 0,EV battery,-0.00033
marginal,Store,IT4 0,home battery,1e-05
marginal,Store,IT4 0,non-sequestered HVC,20878.78611
marginal,Store,LT0 0,EV battery,-0.0003
marginal,Store,LT0 0,co2 sequestered,16127.90454
marginal,Store,LT0 0,home battery,1e-05
marginal,Store,LT0 0,non-sequestered HVC,43842.43127
marginal,Store,LU0 0,EV battery,-0.00032
marginal,Store,LU0 0,home battery,1e-05
marginal,Store,LU0 0,non-sequestered HVC,8881.85026
marginal,Store,LV0 0,EV battery,-0.00033
marginal,Store,LV0 0,co2 sequestered,35231.91835
marginal,Store,LV0 0,home battery,1e-05
marginal,Store,LV0 0,non-sequestered HVC,26646.47678
marginal,Store,ME0 0,Battery Storage,1e-05
marginal,Store,ME0 0,EV battery,-0.00032
marginal,Store,ME0 0,home battery,3e-05
marginal,Store,ME0 0,non-sequestered HVC,9440.37001
marginal,Store,MK0 0,Battery Storage,1e-05
marginal,Store,MK0 0,EV battery,-0.00029
marginal,Store,MK0 0,home battery,5e-05
marginal,Store,MK0 0,non-sequestered HVC,31134.17135
marginal,Store,NL0 0,EV battery,-0.00028
marginal,Store,NL0 0,co2 sequestered,23.41574
marginal,Store,NL0 0,home battery,1e-05
marginal,Store,NL0 0,non-sequestered HVC,263439.13774
marginal,Store,NO1 0,EV battery,-0.00033
marginal,Store,NO1 0,co2 sequestered,10.03001
marginal,Store,NO1 0,home battery,1e-05
marginal,Store,NO1 0,non-sequestered HVC,77253.28366
marginal,Store,PL0 0,EV battery,-0.0003
marginal,Store,PL0 0,co2 sequestered,88.2333
marginal,Store,PL0 0,home battery,1e-05
marginal,Store,PL0 0,non-sequestered HVC,579909.67843
marginal,Store,PT0 0,Battery Storage,1e-05
marginal,Store,PT0 0,EV battery,-0.00032
marginal,Store,PT0 0,co2 sequestered,18.33044
marginal,Store,PT0 0,home battery,2e-05
marginal,Store,PT0 0,non-sequestered HVC,149819.5997
marginal,Store,RO0 0,EV battery,-0.0003
marginal,Store,RO0 0,home battery,1e-05
marginal,Store,RO0 0,non-sequestered HVC,339760.93944
marginal,Store,RS0 0,EV battery,-0.00032
marginal,Store,RS0 0,home battery,1e-05
marginal,Store,RS0 0,non-sequestered HVC,127735.71927
marginal,Store,SE1 0,Battery Storage,1e-05
marginal,Store,SE1 0,EV battery,-0.00033
marginal,Store,SE1 0,co2 sequestered,15.79828
marginal,Store,SE1 0,home battery,1e-05
marginal,Store,SE1 0,non-sequestered HVC,155911.32256
marginal,Store,SI0 0,EV battery,-0.00033
marginal,Store,SI0 0,home battery,1e-05
marginal,Store,SI0 0,non-sequestered HVC,35836.73496
marginal,Store,SK0 0,EV battery,-0.00031
marginal,Store,SK0 0,home battery,1e-05
marginal,Store,SK0 0,non-sequestered HVC,96033.91461
marginal,Store,XK0 0,Battery Storage,2e-05
marginal,Store,XK0 0,EV battery,-0.00034
marginal,Store,XK0 0,home battery,6e-05
marginal,Store,XK0 0,non-sequestered HVC,28542.04516
