component,location,carrier,0
Generator,,co2-ets,1000000000.0
Generator,AL0 0,Offshore Wind (AC),0.00994
Generator,AL0 0,Offshore Wind (Floating),0.00836
Generator,AL0 0,Onshore Wind,234.00015
Generator,AL0 0,Run of River,48.2
Generator,AL0 0,Solar,294.50118
Generator,AL0 0,forest residues,435064.11971
Generator,AL0 0,industry wood,495433.59074
Generator,AL0 0,landscape care,73.99645
Generator,AL0 0,manure and slurry,165088.30118
Generator,AL0 0,municipal solid waste,135739.47211
Generator,AL0 0,rural heat vent,1.70283
Generator,AL0 0,rural solar thermal,0.0309
Generator,AL0 0,sewage sludge,2751.78087
Generator,AL0 0,solar-hsat,4423.09842
Generator,AL0 0,solid biomass,10000.0
Generator,AL0 0,straw,137150.35218
Generator,AL0 0,unsustainable solid biomass,1238151.0274
Generator,AL0 0,urban central heat vent,0.17876
Generator,AL0 0,urban central solar thermal,0.16138
Generator,AL0 0,urban decentral heat vent,1.66584
Generator,AL0 0,urban decentral solar thermal,0.03203
Generator,AT0 0,Onshore Wind,3235.00905
Generator,AT0 0,Run of River,4466.08037
Generator,AT0 0,Solar,385.50169
Generator,AT0 0,forest residues,9373456.5105
Generator,AT0 0,gas,1785.95671
Generator,AT0 0,industry wood,9944957.28282
Generator,AT0 0,landscape care,424784.44666
Generator,AT0 0,manure and slurry,451713.81205
Generator,AT0 0,municipal solid waste,718618.41571
Generator,AT0 0,rural solar thermal,0.02792
Generator,AT0 0,sewage sludge,293922.44542
Generator,AT0 0,solar-hsat,32763.84293
Generator,AT0 0,solid biomass,10000.0
Generator,AT0 0,straw,2029614.73277
Generator,AT0 0,unsustainable biogas,1646958.027
Generator,AT0 0,unsustainable bioliquids,3052205.112
Generator,AT0 0,unsustainable solid biomass,35833933.4266
Generator,AT0 0,urban central heat vent,0.0198
Generator,AT0 0,urban central solar thermal,0.0902
Generator,AT0 0,urban decentral heat vent,1.44303
Generator,AT0 0,urban decentral solar thermal,0.02853
Generator,BA0 0,Offshore Wind (AC),0.00318
Generator,BA0 0,Offshore Wind (Floating),0.00197
Generator,BA0 0,Onshore Wind,435.00059
Generator,BA0 0,Solar,267.10132
Generator,BA0 0,forest residues,545313.02661
Generator,BA0 0,industry wood,1680033.06111
Generator,BA0 0,landscape care,161.28698
Generator,BA0 0,manure and slurry,147008.89194
Generator,BA0 0,municipal solid waste,10006.85621
Generator,BA0 0,rural heat vent,1.97604
Generator,BA0 0,rural solar thermal,0.02476
Generator,BA0 0,sewage sludge,6969.53812
Generator,BA0 0,solar-hsat,5364.83564
Generator,BA0 0,solid biomass,10000.0
Generator,BA0 0,straw,255052.24393
Generator,BA0 0,unsustainable biogas,12281.28
Generator,BA0 0,unsustainable solid biomass,11152636.4764
Generator,BA0 0,urban central heat vent,0.03115
Generator,BA0 0,urban central solar thermal,0.11662
Generator,BA0 0,urban decentral heat vent,1.92666
Generator,BA0 0,urban decentral solar thermal,0.02495
Generator,BE0 0,Offshore Wind (AC),2256.0
Generator,BE0 0,Offshore Wind (DC),866.40334
Generator,BE0 0,Offshore Wind (Floating),0.00375
Generator,BE0 0,Onshore Wind,7674.87459
Generator,BE0 0,Run of River,59.01534
Generator,BE0 0,Solar,484.10301
Generator,BE0 0,forest residues,2817482.2224
Generator,BE0 0,gas,39563.05095
Generator,BE0 0,industry wood,1493662.70842
Generator,BE0 0,landscape care,525076.98187
Generator,BE0 0,manure and slurry,3519005.63714
Generator,BE0 0,municipal solid waste,3185976.41612
Generator,BE0 0,rural solar thermal,0.00312
Generator,BE0 0,sewage sludge,1076284.90867
Generator,BE0 0,solar-hsat,5144.52547
Generator,BE0 0,solid biomass,10000.0
Generator,BE0 0,straw,691059.65944
Generator,BE0 0,unsustainable biogas,1777968.5814
Generator,BE0 0,unsustainable bioliquids,3496518.795
Generator,BE0 0,unsustainable solid biomass,9181122.598
Generator,BE0 0,urban central heat vent,2.52618
Generator,BE0 0,urban central solar thermal,0.05962
Generator,BE0 0,urban decentral heat vent,1.3069
Generator,BE0 0,urban decentral solar thermal,0.0173
Generator,BG0 0,Offshore Wind (AC),0.01336
Generator,BG0 0,Offshore Wind (DC),0.01062
Generator,BG0 0,Offshore Wind (Floating),0.01097
Generator,BG0 0,Onshore Wind,608.00218
Generator,BG0 0,Run of River,110.4
Generator,BG0 0,Solar,2405.10273
Generator,BG0 0,forest residues,4447961.97184
Generator,BG0 0,gas,17204.76303
Generator,BG0 0,industry wood,2519864.13001
Generator,BG0 0,landscape care,463921.59216
Generator,BG0 0,manure and slurry,559089.45559
Generator,BG0 0,municipal solid waste,276777.09945
Generator,BG0 0,rural solar thermal,0.02809
Generator,BG0 0,sewage sludge,6.5378
Generator,BG0 0,solar-hsat,9371.31707
Generator,BG0 0,solid biomass,10000.0
Generator,BG0 0,straw,2742382.4795
Generator,BG0 0,unsustainable biogas,391105.0374
Generator,BG0 0,unsustainable bioliquids,1265631.9588
Generator,BG0 0,unsustainable solid biomass,12448219.4068
Generator,BG0 0,urban central heat vent,2.52247
Generator,BG0 0,urban central solar thermal,0.10362
Generator,BG0 0,urban decentral heat vent,1.38127
Generator,BG0 0,urban decentral solar thermal,0.03118
Generator,CH0 0,Onshore Wind,55.0007
Generator,CH0 0,Run of River,4202.6208
Generator,CH0 0,Solar,96.80159
Generator,CH0 0,forest residues,11707439.90967
Generator,CH0 0,industry wood,9691541.87874
Generator,CH0 0,landscape care,1683.36325
Generator,CH0 0,manure and slurry,10651.58548
Generator,CH0 0,municipal solid waste,6674856.43688
Generator,CH0 0,rural solar thermal,0.01126
Generator,CH0 0,sewage sludge,207.44496
Generator,CH0 0,solar-hsat,34961.59892
Generator,CH0 0,solid biomass,10000.0
Generator,CH0 0,straw,4509.40046
Generator,CH0 0,unsustainable solid biomass,10000.0
Generator,CH0 0,urban central heat vent,11.46959
Generator,CH0 0,urban central solar thermal,0.08572
Generator,CH0 0,urban decentral heat vent,2.06738
Generator,CH0 0,urban decentral solar thermal,0.01149
Generator,CZ0 0,Onshore Wind,140.00172
Generator,CZ0 0,Run of River,40.22638
Generator,CZ0 0,Solar,1301.60168
Generator,CZ0 0,forest residues,7109407.03972
Generator,CZ0 0,industry wood,6562103.61984
Generator,CZ0 0,landscape care,964214.56685
Generator,CZ0 0,manure and slurry,4122348.15137
Generator,CZ0 0,municipal solid waste,292113.49795
Generator,CZ0 0,rural solar thermal,0.01641
Generator,CZ0 0,sewage sludge,40325.76599
Generator,CZ0 0,solar-hsat,2397.70624
Generator,CZ0 0,solid biomass,10000.0
Generator,CZ0 0,straw,3437220.56642
Generator,CZ0 0,unsustainable biogas,4460844.9006
Generator,CZ0 0,unsustainable bioliquids,2145647.0772
Generator,CZ0 0,unsustainable solid biomass,25876939.3972
Generator,CZ0 0,urban central heat vent,0.01309
Generator,CZ0 0,urban central solar thermal,0.07592
Generator,CZ0 0,urban decentral heat vent,1.34665
Generator,CZ0 0,urban decentral solar thermal,0.02176
Generator,DE0 0,Offshore Wind (AC),2283.0
Generator,DE0 0,Offshore Wind (DC),1565.12649
Generator,DE0 0,Offshore Wind (Floating),0.00359
Generator,DE0 0,Onshore Wind,12809.00447
Generator,DE0 0,Run of River,74.537
Generator,DE0 0,Solar,2615.00398
Generator,DE0 0,forest residues,5809098.27773
Generator,DE0 0,gas,51474.12757
Generator,DE0 0,industry wood,4730402.69247
Generator,DE0 0,landscape care,312739.63782
Generator,DE0 0,manure and slurry,3073228.01663
Generator,DE0 0,municipal solid waste,1750256.50518
Generator,DE0 0,rural solar thermal,0.01688
Generator,DE0 0,sewage sludge,125488.73844
Generator,DE0 0,solar-hsat,0.6735
Generator,DE0 0,solid biomass,10000.0
Generator,DE0 0,straw,5300559.49615
Generator,DE0 0,unsustainable biogas,12420107.7833
Generator,DE0 0,unsustainable bioliquids,5854314.8773
Generator,DE0 0,unsustainable solid biomass,20886297.85901
Generator,DE0 0,urban central heat vent,3.37568
Generator,DE0 0,urban central solar thermal,0.0549
Generator,DE0 0,urban decentral heat vent,0.00464
Generator,DE0 0,urban decentral solar thermal,0.01881
Generator,DE0 1,Onshore Wind,3376.00863
Generator,DE0 1,Run of River,234.21477
Generator,DE0 1,Solar,3804.80759
Generator,DE0 1,forest residues,4696774.06384
Generator,DE0 1,industry wood,3698856.64394
Generator,DE0 1,landscape care,244469.05519
Generator,DE0 1,manure and slurry,805739.45647
Generator,DE0 1,municipal solid waste,972168.11705
Generator,DE0 1,rural solar thermal,0.0182
Generator,DE0 1,sewage sludge,69387.68923
Generator,DE0 1,solar-hsat,3973.38657
Generator,DE0 1,solid biomass,10000.0
Generator,DE0 1,straw,2613906.89604
Generator,DE0 1,unsustainable biogas,7513976.39979
Generator,DE0 1,unsustainable bioliquids,3541771.50411
Generator,DE0 1,unsustainable solid biomass,12639842.84552
Generator,DE0 1,urban central heat vent,0.01689
Generator,DE0 1,urban central solar thermal,0.06288
Generator,DE0 1,urban decentral heat vent,0.00442
Generator,DE0 1,urban decentral solar thermal,0.02103
Generator,DE0 2,Offshore Wind (AC),5575.0
Generator,DE0 2,Offshore Wind (DC),19876.51088
Generator,DE0 2,Offshore Wind (Floating),0.00411
Generator,DE0 2,Onshore Wind,7074.013
Generator,DE0 2,Run of River,428.368
Generator,DE0 2,Solar,1618.30136
Generator,DE0 2,forest residues,4107215.11211
Generator,DE0 2,gas,85558.05889
Generator,DE0 2,industry wood,3694916.18201
Generator,DE0 2,landscape care,244462.22479
Generator,DE0 2,manure and slurry,2137976.82833
Generator,DE0 2,municipal solid waste,2620711.20115
Generator,DE0 2,rural solar thermal,0.01312
Generator,DE0 2,sewage sludge,188362.20872
Generator,DE0 2,solar-hsat,0.42943
Generator,DE0 2,solid biomass,10000.0
Generator,DE0 2,straw,2572840.47729
Generator,DE0 2,unsustainable biogas,8752286.10177
Generator,DE0 2,unsustainable bioliquids,4125458.46058
Generator,DE0 2,unsustainable solid biomass,14721251.68925
Generator,DE0 2,urban central heat vent,2.42544
Generator,DE0 2,urban central solar thermal,0.06559
Generator,DE0 2,urban decentral heat vent,0.00464
Generator,DE0 2,urban decentral solar thermal,0.01731
Generator,DE0 3,Onshore Wind,456.00165
Generator,DE0 3,Run of River,3052.49394
Generator,DE0 3,Solar,4437.3135
Generator,DE0 3,forest residues,6914530.93859
Generator,DE0 3,industry wood,5189369.22183
Generator,DE0 3,landscape care,342542.82553
Generator,DE0 3,manure and slurry,804164.67382
Generator,DE0 3,municipal solid waste,1232980.50298
Generator,DE0 3,rural solar thermal,0.02295
Generator,DE0 3,sewage sludge,88266.90681
Generator,DE0 3,solar-hsat,17700.12363
Generator,DE0 3,solid biomass,10000.0
Generator,DE0 3,straw,2929475.44648
Generator,DE0 3,unsustainable biogas,9445333.01316
Generator,DE0 3,unsustainable bioliquids,4452131.53901
Generator,DE0 3,unsustainable solid biomass,15886157.34103
Generator,DE0 3,urban central heat vent,0.01615
Generator,DE0 3,urban central solar thermal,0.07618
Generator,DE0 3,urban decentral heat vent,0.00436
Generator,DE0 3,urban decentral solar thermal,0.02454
Generator,DE0 4,Onshore Wind,2869.02499
Generator,DE0 4,Run of River,875.13283
Generator,DE0 4,Solar,2214.90251
Generator,DE0 4,forest residues,5868832.66467
Generator,DE0 4,industry wood,5112009.91375
Generator,DE0 4,landscape care,337609.25515
Generator,DE0 4,manure and slurry,623966.32728
Generator,DE0 4,municipal solid waste,2308458.3473
Generator,DE0 4,rural solar thermal,0.01759
Generator,DE0 4,sewage sludge,165649.17131
Generator,DE0 4,solar-hsat,11584.15932
Generator,DE0 4,solid biomass,10000.0
Generator,DE0 4,straw,2421025.09673
Generator,DE0 4,unsustainable biogas,9243486.04078
Generator,DE0 4,unsustainable bioliquids,4356989.39097
Generator,DE0 4,unsustainable solid biomass,15546883.51258
Generator,DE0 4,urban central heat vent,0.1663
Generator,DE0 4,urban central solar thermal,0.08757
Generator,DE0 4,urban decentral heat vent,0.00445
Generator,DE0 4,urban decentral solar thermal,0.02169
Generator,DE0 5,Offshore Wind (AC),2106.97552
Generator,DE0 5,Offshore Wind (DC),256.6496
Generator,DE0 5,Offshore Wind (Floating),0.00404
Generator,DE0 5,Onshore Wind,12688.02329
Generator,DE0 5,Run of River,94.4841
Generator,DE0 5,Solar,10827.93204
Generator,DE0 5,forest residues,6553249.25667
Generator,DE0 5,gas,9400.5768
Generator,DE0 5,industry wood,5078629.71383
Generator,DE0 5,landscape care,336036.12333
Generator,DE0 5,manure and slurry,1943294.29011
Generator,DE0 5,municipal solid waste,1640296.01239
Generator,DE0 5,rural solar thermal,0.02089
Generator,DE0 5,sewage sludge,117568.21773
Generator,DE0 5,solar-hsat,9236.03321
Generator,DE0 5,solid biomass,10000.0
Generator,DE0 5,straw,2978187.09881
Generator,DE0 5,unsustainable biogas,10912893.88381
Generator,DE0 5,unsustainable bioliquids,5143877.82562
Generator,DE0 5,unsustainable solid biomass,18352902.2676
Generator,DE0 5,urban central heat vent,0.04892
Generator,DE0 5,urban central solar thermal,0.06227
Generator,DE0 5,urban decentral heat vent,0.00461
Generator,DE0 5,urban decentral solar thermal,0.02357
Generator,DK0 0,Offshore Wind (AC),1602.60324
Generator,DK0 0,Offshore Wind (DC),0.04861
Generator,DK0 0,Offshore Wind (Floating),0.01166
Generator,DK0 0,Onshore Wind,17486.24009
Generator,DK0 0,Solar,1637.70209
Generator,DK0 0,forest residues,1151203.73801
Generator,DK0 0,gas,7803.4457
Generator,DK0 0,industry wood,776717.86357
Generator,DK0 0,landscape care,201104.03181
Generator,DK0 0,manure and slurry,3079178.88423
Generator,DK0 0,municipal solid waste,1108593.62566
Generator,DK0 0,rural solar thermal,0.00503
Generator,DK0 0,sewage sludge,11217.06484
Generator,DK0 0,solar-hsat,0.14305
Generator,DK0 0,solid biomass,10000.0
Generator,DK0 0,straw,1838330.87776
Generator,DK0 0,unsustainable biogas,2213520.30208
Generator,DK0 0,unsustainable bioliquids,19191.33247
Generator,DK0 0,unsustainable solid biomass,8402207.18288
Generator,DK0 0,urban central heat vent,6.51393
Generator,DK0 0,urban central solar thermal,0.04905
Generator,DK0 0,urban decentral heat vent,2.03851
Generator,DK0 0,urban decentral solar thermal,0.01411
Generator,DK1 0,Offshore Wind (AC),1050.00358
Generator,DK1 0,Offshore Wind (DC),0.00973
Generator,DK1 0,Offshore Wind (Floating),0.00852
Generator,DK1 0,Onshore Wind,6275.12556
Generator,DK1 0,Solar,539.0004
Generator,DK1 0,forest residues,300709.38522
Generator,DK1 0,industry wood,250337.69175
Generator,DK1 0,landscape care,66023.14194
Generator,DK1 0,manure and slurry,856484.28394
Generator,DK1 0,municipal solid waste,923908.57
Generator,DK1 0,rural solar thermal,0.00443
Generator,DK1 0,sewage sludge,9327.38014
Generator,DK1 0,solar-hsat,0.14194
Generator,DK1 0,solid biomass,10000.0
Generator,DK1 0,straw,467832.00808
Generator,DK1 0,unsustainable biogas,808089.07112
Generator,DK1 0,unsustainable bioliquids,7006.17293
Generator,DK1 0,unsustainable solid biomass,3073740.09792
Generator,DK1 0,urban central heat vent,7.30045
Generator,DK1 0,urban central solar thermal,0.05122
Generator,DK1 0,urban decentral heat vent,1.93799
Generator,DK1 0,urban decentral solar thermal,0.01605
Generator,EE0 0,Offshore Wind (AC),0.07238
Generator,EE0 0,Offshore Wind (DC),0.03954
Generator,EE0 0,Offshore Wind (Floating),0.01258
Generator,EE0 0,Onshore Wind,4562.30022
Generator,EE0 0,Solar,439.502
Generator,EE0 0,forest residues,3128550.36379
Generator,EE0 0,industry wood,3604064.69039
Generator,EE0 0,landscape care,198736.31758
Generator,EE0 0,manure and slurry,742465.33626
Generator,EE0 0,municipal solid waste,251250.33091
Generator,EE0 0,rural solar thermal,0.01633
Generator,EE0 0,sewage sludge,0.01816
Generator,EE0 0,solar-hsat,746.72367
Generator,EE0 0,solid biomass,10000.0
Generator,EE0 0,straw,405107.45137
Generator,EE0 0,unsustainable biogas,106517.0766
Generator,EE0 0,unsustainable solid biomass,13543302.7654
Generator,EE0 0,urban central heat vent,3.02353
Generator,EE0 0,urban central solar thermal,0.04843
Generator,EE0 0,urban decentral heat vent,1.73739
Generator,EE0 0,urban decentral solar thermal,0.01798
Generator,ES0 0,Offshore Wind (AC),20.00019
Generator,ES0 0,Offshore Wind (Floating),0.01135
Generator,ES0 0,Onshore Wind,30927.87003
Generator,ES0 0,Run of River,130.0
Generator,ES0 0,Solar,36676.11011
Generator,ES0 0,forest residues,10526025.67186
Generator,ES0 0,gas,89810.68912
Generator,ES0 0,industry wood,7089845.54312
Generator,ES0 0,landscape care,2307129.39665
Generator,ES0 0,manure and slurry,9351159.43645
Generator,ES0 0,municipal solid waste,2518753.72505
Generator,ES0 0,rural solar thermal,0.0229
Generator,ES0 0,sewage sludge,115866.50809
Generator,ES0 0,solar-hsat,58337.07155
Generator,ES0 0,solid biomass,10000.0
Generator,ES0 0,straw,8436075.57385
Generator,ES0 0,unsustainable biogas,2216386.51702
Generator,ES0 0,unsustainable bioliquids,15844516.9718
Generator,ES0 0,unsustainable solid biomass,38342153.85853
Generator,ES0 0,urban central heat vent,47.52434
Generator,ES0 0,urban central solar thermal,0.10991
Generator,ES0 0,urban decentral heat vent,1.82652
Generator,ES0 0,urban decentral solar thermal,0.04526
Generator,ES6 0,Offshore Wind (AC),0.00707
Generator,ES6 0,Offshore Wind (Floating),0.00851
Generator,ES6 0,Onshore Wind,0.028
Generator,ES6 0,Run of River,147.00825
Generator,ES6 0,Solar,270.70085
Generator,ES6 0,forest residues,79392.90962
Generator,ES6 0,industry wood,62172.12043
Generator,ES6 0,landscape care,18133.83118
Generator,ES6 0,manure and slurry,17763.46298
Generator,ES6 0,municipal solid waste,72693.8827
Generator,ES6 0,rural solar thermal,0.0455
Generator,ES6 0,sewage sludge,2895.85504
Generator,ES6 0,solar-hsat,1124.50555
Generator,ES6 0,solid biomass,10000.0
Generator,ES6 0,straw,78436.34714
Generator,ES6 0,unsustainable biogas,17348.04098
Generator,ES6 0,unsustainable bioliquids,124017.7774
Generator,ES6 0,unsustainable solid biomass,310032.40447
Generator,ES6 0,urban central heat vent,0.36426
Generator,ES6 0,urban central solar thermal,0.08915
Generator,ES6 0,urban decentral heat vent,0.02078
Generator,ES6 0,urban decentral solar thermal,0.03618
Generator,EU,co2-ets,1000000000.0
Generator,EU,coal,153507.2552
Generator,EU,lignite,5828.64488
Generator,EU,oil primary,985039.49282
Generator,EU,uranium,225902.47153
Generator,FI1 0,Offshore Wind (AC),0.16456
Generator,FI1 0,Offshore Wind (DC),1717.4129
Generator,FI1 0,Offshore Wind (Floating),0.01472
Generator,FI1 0,Onshore Wind,9468.45225
Generator,FI1 0,Run of River,1470.6
Generator,FI1 0,Solar,157.30113
Generator,FI1 0,forest residues,15774307.15861
Generator,FI1 0,gas,7058.67872
Generator,FI1 0,industry wood,15953439.87854
Generator,FI1 0,landscape care,780631.76259
Generator,FI1 0,manure and slurry,343682.31403
Generator,FI1 0,municipal solid waste,1067048.87883
Generator,FI1 0,rural solar thermal,0.00565
Generator,FI1 0,sewage sludge,271998.55527
Generator,FI1 0,solar-hsat,1360.95486
Generator,FI1 0,solid biomass,10000.0
Generator,FI1 0,straw,1274279.52431
Generator,FI1 0,unsustainable biogas,1439350.6644
Generator,FI1 0,unsustainable bioliquids,3128356.7238
Generator,FI1 0,unsustainable solid biomass,66258049.0144
Generator,FI1 0,urban central heat vent,18.62153
Generator,FI1 0,urban central solar thermal,0.0448
Generator,FI1 0,urban decentral heat vent,1.74553
Generator,FI1 0,urban decentral solar thermal,0.01186
Generator,FR0 0,Offshore Wind (AC),994.00014
Generator,FR0 0,Offshore Wind (DC),2142.34765
Generator,FR0 0,Offshore Wind (Floating),0.00396
Generator,FR0 0,Onshore Wind,12556.61196
Generator,FR0 0,Solar,1542.40467
Generator,FR0 0,forest residues,2583136.10877
Generator,FR0 0,gas,21938.95957
Generator,FR0 0,industry wood,5037257.79218
Generator,FR0 0,landscape care,794689.77677
Generator,FR0 0,manure and slurry,3792092.69841
Generator,FR0 0,municipal solid waste,2684052.04147
Generator,FR0 0,rural solar thermal,0.00691
Generator,FR0 0,sewage sludge,695.77954
Generator,FR0 0,solar-hsat,0.08897
Generator,FR0 0,solid biomass,10000.0
Generator,FR0 0,straw,9056436.09088
Generator,FR0 0,unsustainable biogas,2529626.60206
Generator,FR0 0,unsustainable bioliquids,6493389.26331
Generator,FR0 0,unsustainable solid biomass,26957646.07881
Generator,FR0 0,urban central heat vent,0.74526
Generator,FR0 0,urban central solar thermal,0.06142
Generator,FR0 0,urban decentral heat vent,1.61332
Generator,FR0 0,urban decentral solar thermal,0.01765
Generator,FR0 1,Offshore Wind (AC),110.20019
Generator,FR0 1,Offshore Wind (Floating),0.01403
Generator,FR0 1,Onshore Wind,1170.80168
Generator,FR0 1,Run of River,4138.37915
Generator,FR0 1,Solar,3086.50502
Generator,FR0 1,forest residues,3305202.97113
Generator,FR0 1,gas,14100.8652
Generator,FR0 1,industry wood,6071765.28109
Generator,FR0 1,landscape care,957878.43071
Generator,FR0 1,manure and slurry,1989566.88156
Generator,FR0 1,municipal solid waste,1617800.48016
Generator,FR0 1,rural solar thermal,0.01892
Generator,FR0 1,sewage sludge,137.94616
Generator,FR0 1,solar-hsat,37911.81012
Generator,FR0 1,solid biomass,10000.0
Generator,FR0 1,straw,1310150.38319
Generator,FR0 1,unsustainable biogas,864574.59226
Generator,FR0 1,unsustainable bioliquids,2219307.53343
Generator,FR0 1,unsustainable solid biomass,9220153.8235
Generator,FR0 1,urban central heat vent,2.85781
Generator,FR0 1,urban central solar thermal,0.12328
Generator,FR0 1,urban decentral heat vent,1.70487
Generator,FR0 1,urban decentral solar thermal,0.02807
Generator,FR0 2,Offshore Wind (AC),0.02368
Generator,FR0 2,Offshore Wind (DC),0.01302
Generator,FR0 2,Offshore Wind (Floating),0.01159
Generator,FR0 2,Onshore Wind,2782.70575
Generator,FR0 2,Run of River,1256.17
Generator,FR0 2,Solar,4611.1069
Generator,FR0 2,forest residues,6396212.63171
Generator,FR0 2,industry wood,9800428.23487
Generator,FR0 2,landscape care,1550036.24291
Generator,FR0 2,manure and slurry,3142335.8765
Generator,FR0 2,municipal solid waste,1109642.70336
Generator,FR0 2,rural solar thermal,0.02569
Generator,FR0 2,sewage sludge,103.4855
Generator,FR0 2,solar-hsat,5945.90425
Generator,FR0 2,solid biomass,10000.0
Generator,FR0 2,straw,2911362.75672
Generator,FR0 2,unsustainable biogas,1496475.69086
Generator,FR0 2,unsustainable bioliquids,3841357.1299
Generator,FR0 2,unsustainable solid biomass,15951679.79175
Generator,FR0 2,urban central heat vent,1.69993
Generator,FR0 2,urban central solar thermal,0.09214
Generator,FR0 2,urban decentral heat vent,1.69643
Generator,FR0 2,urban decentral solar thermal,0.02687
Generator,FR0 3,Offshore Wind (AC),1424.00027
Generator,FR0 3,Offshore Wind (DC),0.21702
Generator,FR0 3,Offshore Wind (Floating),0.01465
Generator,FR0 3,Onshore Wind,3495.70133
Generator,FR0 3,Solar,868.20069
Generator,FR0 3,forest residues,1395188.04124
Generator,FR0 3,gas,19262.93632
Generator,FR0 3,industry wood,2525698.398
Generator,FR0 3,landscape care,398877.10471
Generator,FR0 3,manure and slurry,12207758.00126
Generator,FR0 3,municipal solid waste,1132048.17943
Generator,FR0 3,rural solar thermal,0.01386
Generator,FR0 3,sewage sludge,95.13144
Generator,FR0 3,solar-hsat,0.1522
Generator,FR0 3,solid biomass,10000.0
Generator,FR0 3,straw,3464701.3135
Generator,FR0 3,unsustainable biogas,1432244.86254
Generator,FR0 3,unsustainable bioliquids,3676480.71271
Generator,FR0 3,unsustainable solid biomass,15267440.61293
Generator,FR0 3,urban central heat vent,1.89272
Generator,FR0 3,urban central solar thermal,0.06568
Generator,FR0 3,urban decentral heat vent,1.52911
Generator,FR0 3,urban decentral solar thermal,0.02028
Generator,FR0 4,Onshore Wind,3546.90748
Generator,FR0 4,Run of River,1476.1
Generator,FR0 4,Solar,1079.20089
Generator,FR0 4,forest residues,3371675.48164
Generator,FR0 4,industry wood,5957131.76762
Generator,FR0 4,landscape care,941869.19965
Generator,FR0 4,manure and slurry,2407011.15558
Generator,FR0 4,municipal solid waste,780680.32392
Generator,FR0 4,rural solar thermal,0.01533
Generator,FR0 4,sewage sludge,187.2718
Generator,FR0 4,solar-hsat,0.09293
Generator,FR0 4,solid biomass,10000.0
Generator,FR0 4,straw,2949000.55551
Generator,FR0 4,unsustainable biogas,1124237.29898
Generator,FR0 4,unsustainable bioliquids,2885845.04949
Generator,FR0 4,unsustainable solid biomass,11986292.79233
Generator,FR0 4,urban central heat vent,1.42895
Generator,FR0 4,urban central solar thermal,0.07243
Generator,FR0 4,urban decentral heat vent,1806.44437
Generator,FR0 4,urban decentral solar thermal,0.01841
Generator,FR5 0,Offshore Wind (AC),0.00644
Generator,FR5 0,Offshore Wind (Floating),0.00878
Generator,FR5 0,Onshore Wind,17.0007
Generator,FR5 0,Solar,0.05039
Generator,FR5 0,forest residues,76215.56567
Generator,FR5 0,industry wood,145694.57828
Generator,FR5 0,landscape care,23761.87513
Generator,FR5 0,manure and slurry,18211.82229
Generator,FR5 0,municipal solid waste,46633.0855
Generator,FR5 0,rural solar thermal,0.03479
Generator,FR5 0,sewage sludge,3.10589
Generator,FR5 0,solar-hsat,1461.85193
Generator,FR5 0,solid biomass,10000.0
Generator,FR5 0,straw,46652.31456
Generator,FR5 0,unsustainable biogas,17541.1017
Generator,FR5 0,unsustainable bioliquids,45026.88317
Generator,FR5 0,unsustainable solid biomass,196862.12429
Generator,FR5 0,urban decentral heat vent,0.05741
Generator,GB2 0,Offshore Wind (AC),7243.10429
Generator,GB2 0,Offshore Wind (DC),6208.13128
Generator,GB2 0,Offshore Wind (Floating),0.01503
Generator,GB2 0,Onshore Wind,11938.72378
Generator,GB2 0,Run of River,2874.675
Generator,GB2 0,Solar,1620.20279
Generator,GB2 0,forest residues,3220691.17547
Generator,GB2 0,gas,110410.72653
Generator,GB2 0,industry wood,3478186.79659
Generator,GB2 0,landscape care,938345.80941
Generator,GB2 0,manure and slurry,6315060.92161
Generator,GB2 0,municipal solid waste,555449.569
Generator,GB2 0,rural solar thermal,0.00609
Generator,GB2 0,sewage sludge,4318.60335
Generator,GB2 0,solar-hsat,0.12045
Generator,GB2 0,solid biomass,10000.0
Generator,GB2 0,straw,1274616.29867
Generator,GB2 0,unsustainable biogas,7682872.78392
Generator,GB2 0,unsustainable bioliquids,1640927.03895
Generator,GB2 0,unsustainable solid biomass,13192163.23138
Generator,GB2 0,urban central heat vent,497.17936
Generator,GB2 0,urban central solar thermal,0.04594
Generator,GB2 0,urban decentral heat vent,0.00467
Generator,GB2 0,urban decentral solar thermal,0.0066
Generator,GB2 1,Offshore Wind (AC),16045.70002
Generator,GB2 1,Offshore Wind (DC),0.07991
Generator,GB2 1,Offshore Wind (Floating),0.01245
Generator,GB2 1,Onshore Wind,17088.80317
Generator,GB2 1,Solar,9810.91578
Generator,GB2 1,forest residues,1107159.00798
Generator,GB2 1,gas,112436.06983
Generator,GB2 1,industry wood,1111744.81681
Generator,GB2 1,landscape care,304765.01924
Generator,GB2 1,manure and slurry,6383823.24599
Generator,GB2 1,municipal solid waste,724277.33965
Generator,GB2 1,rural solar thermal,0.01289
Generator,GB2 1,sewage sludge,5655.2992
Generator,GB2 1,solar-hsat,0.2762
Generator,GB2 1,solid biomass,10000.0
Generator,GB2 1,straw,5075666.7652
Generator,GB2 1,unsustainable biogas,12463407.23485
Generator,GB2 1,unsustainable bioliquids,2661965.45281
Generator,GB2 1,unsustainable solid biomass,21394535.86435
Generator,GB2 1,urban central heat vent,298.53617
Generator,GB2 1,urban central solar thermal,0.05251
Generator,GB2 1,urban decentral heat vent,1.26009
Generator,GB2 1,urban decentral solar thermal,0.01314
Generator,GB3 0,Offshore Wind (AC),0.17444
Generator,GB3 0,Offshore Wind (DC),0.06846
Generator,GB3 0,Offshore Wind (Floating),0.01373
Generator,GB3 0,Onshore Wind,1285.69372
Generator,GB3 0,Run of River,761.5
Generator,GB3 0,Solar,237.50119
Generator,GB3 0,forest residues,159999.49122
Generator,GB3 0,industry wood,158228.89866
Generator,GB3 0,landscape care,42147.43634
Generator,GB3 0,manure and slurry,1653563.10387
Generator,GB3 0,municipal solid waste,52802.04109
Generator,GB3 0,rural solar thermal,0.00692
Generator,GB3 0,sewage sludge,338.67767
Generator,GB3 0,solar-hsat,0.10944
Generator,GB3 0,solid biomass,10000.0
Generator,GB3 0,straw,7575.7518
Generator,GB3 0,unsustainable biogas,924405.04523
Generator,GB3 0,unsustainable bioliquids,197436.72404
Generator,GB3 0,unsustainable solid biomass,1596080.95446
Generator,GB3 0,urban central heat vent,16.83681
Generator,GB3 0,urban central solar thermal,0.04034
Generator,GB3 0,urban decentral heat vent,1.81625
Generator,GB3 0,urban decentral solar thermal,0.00699
Generator,GR0 0,Offshore Wind (AC),0.01751
Generator,GR0 0,Offshore Wind (DC),0.02395
Generator,GR0 0,Offshore Wind (Floating),0.01134
Generator,GR0 0,Onshore Wind,5025.60736
Generator,GR0 0,Run of River,103.1
Generator,GR0 0,Solar,4166.30872
Generator,GR0 0,forest residues,785774.01899
Generator,GR0 0,gas,16944.49233
Generator,GR0 0,industry wood,1164983.3851
Generator,GR0 0,landscape care,536467.2177
Generator,GR0 0,manure and slurry,640824.4297
Generator,GR0 0,municipal solid waste,227388.63189
Generator,GR0 0,rural solar thermal,0.32679
Generator,GR0 0,sewage sludge,39454.15792
Generator,GR0 0,solar-hsat,17975.24834
Generator,GR0 0,solid biomass,10000.0
Generator,GR0 0,straw,1735282.44713
Generator,GR0 0,unsustainable biogas,959352.1872
Generator,GR0 0,unsustainable bioliquids,1383278.9454
Generator,GR0 0,unsustainable solid biomass,5927466.115
Generator,GR0 0,urban central heat vent,3.81087
Generator,GR0 0,urban central solar thermal,0.11898
Generator,GR0 0,urban decentral heat vent,1.81483
Generator,GR0 0,urban decentral solar thermal,0.0484
Generator,HR0 0,Offshore Wind (AC),0.01598
Generator,HR0 0,Offshore Wind (DC),0.01528
Generator,HR0 0,Offshore Wind (Floating),0.00884
Generator,HR0 0,Onshore Wind,1140.0002
Generator,HR0 0,Run of River,273.16773
Generator,HR0 0,Solar,81.30093
Generator,HR0 0,forest residues,1496531.68065
Generator,HR0 0,industry wood,2085214.69055
Generator,HR0 0,landscape care,176725.23422
Generator,HR0 0,manure and slurry,291974.0094
Generator,HR0 0,municipal solid waste,17713.74602
Generator,HR0 0,rural solar thermal,0.04274
Generator,HR0 0,sewage sludge,3157.69521
Generator,HR0 0,solar-hsat,5830.58358
Generator,HR0 0,solid biomass,10000.0
Generator,HR0 0,straw,894268.75666
Generator,HR0 0,unsustainable biogas,630989.139
Generator,HR0 0,unsustainable bioliquids,1788.4614
Generator,HR0 0,unsustainable solid biomass,11423968.3306
Generator,HR0 0,urban central heat vent,0.01603
Generator,HR0 0,urban central solar thermal,0.15208
Generator,HR0 0,urban decentral heat vent,1.60366
Generator,HR0 0,urban decentral solar thermal,0.0416
Generator,HU0 0,Onshore Wind,319.00529
Generator,HU0 0,Run of River,19.7
Generator,HU0 0,Solar,2584.80388
Generator,HU0 0,forest residues,4278570.03381
Generator,HU0 0,gas,26967.58796
Generator,HU0 0,industry wood,3456948.5687
Generator,HU0 0,landscape care,527646.27367
Generator,HU0 0,manure and slurry,5642192.07085
Generator,HU0 0,municipal solid waste,837039.49511
Generator,HU0 0,rural solar thermal,0.01936
Generator,HU0 0,sewage sludge,25313.56682
Generator,HU0 0,solar-hsat,15113.54863
Generator,HU0 0,solid biomass,10000.0
Generator,HU0 0,straw,4338233.48982
Generator,HU0 0,unsustainable biogas,693915.3474
Generator,HU0 0,unsustainable bioliquids,3627467.943
Generator,HU0 0,unsustainable solid biomass,15765669.4636
Generator,HU0 0,urban central heat vent,2.07072
Generator,HU0 0,urban central solar thermal,0.10361
Generator,HU0 0,urban decentral heat vent,0.00464
Generator,HU0 0,urban decentral solar thermal,0.02975
Generator,IE3 0,Offshore Wind (AC),25.00153
Generator,IE3 0,Offshore Wind (DC),1022.68568
Generator,IE3 0,Offshore Wind (Floating),0.01478
Generator,IE3 0,Onshore Wind,4755.21588
Generator,IE3 0,Run of River,216.0
Generator,IE3 0,Solar,1226.30137
Generator,IE3 0,forest residues,1236917.42039
Generator,IE3 0,gas,2143.87243
Generator,IE3 0,industry wood,1332304.17753
Generator,IE3 0,landscape care,397316.81945
Generator,IE3 0,manure and slurry,1664247.85957
Generator,IE3 0,municipal solid waste,165375.35495
Generator,IE3 0,rural solar thermal,0.00665
Generator,IE3 0,sewage sludge,182.1814
Generator,IE3 0,solar-hsat,0.1495
Generator,IE3 0,solid biomass,10000.0
Generator,IE3 0,straw,22430.61242
Generator,IE3 0,unsustainable biogas,388679.4846
Generator,IE3 0,unsustainable bioliquids,350814.7632
Generator,IE3 0,unsustainable solid biomass,1831513.3948
Generator,IE3 0,urban central heat vent,53.86725
Generator,IE3 0,urban central solar thermal,0.04845
Generator,IE3 0,urban decentral heat vent,0.00472
Generator,IE3 0,urban decentral solar thermal,0.00942
Generator,IT0 0,Offshore Wind (AC),30.00006
Generator,IT0 0,Offshore Wind (DC),0.01005
Generator,IT0 0,Offshore Wind (Floating),0.01017
Generator,IT0 0,Onshore Wind,8776.20014
Generator,IT0 0,Run of River,1764.0
Generator,IT0 0,Solar,3713.11139
Generator,IT0 0,forest residues,3650868.70464
Generator,IT0 0,gas,71229.68942
Generator,IT0 0,industry wood,3319061.63447
Generator,IT0 0,landscape care,431517.17468
Generator,IT0 0,manure and slurry,1251750.52655
Generator,IT0 0,municipal solid waste,1371983.70693
Generator,IT0 0,rural solar thermal,0.04393
Generator,IT0 0,sewage sludge,10372.43766
Generator,IT0 0,solar-hsat,44142.7411
Generator,IT0 0,solid biomass,10000.0
Generator,IT0 0,straw,2899228.50033
Generator,IT0 0,unsustainable biogas,5103635.82
Generator,IT0 0,unsustainable bioliquids,2690823.79127
Generator,IT0 0,unsustainable solid biomass,18418929.18447
Generator,IT0 0,urban central heat vent,4.65178
Generator,IT0 0,urban central solar thermal,0.11232
Generator,IT0 0,urban decentral heat vent,2.15602
Generator,IT0 0,urban decentral solar thermal,0.04458
Generator,IT0 1,Offshore Wind (AC),0.01536
Generator,IT0 1,Offshore Wind (DC),0.01128
Generator,IT0 1,Offshore Wind (Floating),0.00862
Generator,IT0 1,Onshore Wind,162.00145
Generator,IT0 1,Run of River,5720.54
Generator,IT0 1,Solar,1375.20107
Generator,IT0 1,forest residues,7048475.65874
Generator,IT0 1,gas,30237.2564
Generator,IT0 1,industry wood,6114302.22246
Generator,IT0 1,landscape care,796482.40132
Generator,IT0 1,manure and slurry,9423801.89035
Generator,IT0 1,municipal solid waste,1515510.78893
Generator,IT0 1,rural solar thermal,0.0225
Generator,IT0 1,sewage sludge,11486.92136
Generator,IT0 1,solar-hsat,60029.49827
Generator,IT0 1,solid biomass,10000.0
Generator,IT0 1,straw,2720819.18365
Generator,IT0 1,unsustainable biogas,10095270.07192
Generator,IT0 1,unsustainable bioliquids,5322596.25233
Generator,IT0 1,unsustainable solid biomass,36423866.19396
Generator,IT0 1,urban central heat vent,64.56331
Generator,IT0 1,urban central solar thermal,0.09615
Generator,IT0 1,urban decentral heat vent,1.8809
Generator,IT0 1,urban decentral solar thermal,0.03078
Generator,IT4 0,Offshore Wind (AC),0.01767
Generator,IT4 0,Offshore Wind (Floating),0.01068
Generator,IT4 0,Onshore Wind,1185.00309
Generator,IT4 0,Run of River,60.0
Generator,IT4 0,Solar,431.40133
Generator,IT4 0,forest residues,146185.73248
Generator,IT4 0,industry wood,135100.30234
Generator,IT4 0,landscape care,17819.72988
Generator,IT4 0,manure and slurry,180133.73645
Generator,IT4 0,municipal solid waste,89725.75173
Generator,IT4 0,rural solar thermal,0.06223
Generator,IT4 0,sewage sludge,607.16614
Generator,IT4 0,solar-hsat,3503.26302
Generator,IT4 0,solid biomass,10000.0
Generator,IT4 0,straw,36064.57538
Generator,IT4 0,unsustainable biogas,253930.23428
Generator,IT4 0,unsustainable bioliquids,133881.323
Generator,IT4 0,unsustainable solid biomass,925932.06597
Generator,IT4 0,urban central heat vent,1.66733
Generator,IT4 0,urban central solar thermal,0.15958
Generator,IT4 0,urban decentral heat vent,1.81662
Generator,IT4 0,urban decentral solar thermal,0.05963
Generator,LT0 0,Offshore Wind (AC),0.26425
Generator,LT0 0,Offshore Wind (DC),1392.35638
Generator,LT0 0,Offshore Wind (Floating),0.00939
Generator,LT0 0,Onshore Wind,1195.00124
Generator,LT0 0,Run of River,101.0
Generator,LT0 0,Solar,299.60168
Generator,LT0 0,forest residues,3118821.39061
Generator,LT0 0,gas,9178.2394
Generator,LT0 0,industry wood,2769588.02971
Generator,LT0 0,landscape care,332875.37285
Generator,LT0 0,manure and slurry,1306378.81267
Generator,LT0 0,municipal solid waste,123050.99257
Generator,LT0 0,rural solar thermal,0.01499
Generator,LT0 0,sewage sludge,0.42584
Generator,LT0 0,solar-hsat,403.50891
Generator,LT0 0,solid biomass,10000.0
Generator,LT0 0,straw,1236708.91663
Generator,LT0 0,unsustainable biogas,299202.684
Generator,LT0 0,unsustainable bioliquids,1216967.3868
Generator,LT0 0,unsustainable solid biomass,9586235.9704
Generator,LT0 0,urban central heat vent,0.03539
Generator,LT0 0,urban central solar thermal,0.05021
Generator,LT0 0,urban decentral heat vent,0.0064
Generator,LT0 0,urban decentral solar thermal,0.01781
Generator,LU0 0,Onshore Wind,148.10038
Generator,LU0 0,Solar,54.10019
Generator,LU0 0,forest residues,265789.65741
Generator,LU0 0,industry wood,275171.94436
Generator,LU0 0,landscape care,11114.99084
Generator,LU0 0,manure and slurry,139480.68657
Generator,LU0 0,municipal solid waste,21142.62294
Generator,LU0 0,rural solar thermal,0.01631
Generator,LU0 0,sewage sludge,62.63163
Generator,LU0 0,solar-hsat,5146.43866
Generator,LU0 0,solid biomass,10000.0
Generator,LU0 0,straw,39719.18644
Generator,LU0 0,unsustainable biogas,138087.642
Generator,LU0 0,unsustainable solid biomass,884764.8712
Generator,LU0 0,urban central heat vent,136.2938
Generator,LU0 0,urban central solar thermal,0.04995
Generator,LU0 0,urban decentral heat vent,0.05746
Generator,LU0 0,urban decentral solar thermal,0.01899
Generator,LV0 0,Offshore Wind (AC),0.08973
Generator,LV0 0,Offshore Wind (DC),0.13673
Generator,LV0 0,Offshore Wind (Floating),0.0145
Generator,LV0 0,Onshore Wind,100.00041
Generator,LV0 0,Run of River,1536.1
Generator,LV0 0,Solar,44.00014
Generator,LV0 0,forest residues,5917811.34181
Generator,LV0 0,industry wood,5480829.70921
Generator,LV0 0,landscape care,303399.06511
Generator,LV0 0,manure and slurry,723223.1562
Generator,LV0 0,municipal solid waste,73832.24545
Generator,LV0 0,rural solar thermal,0.01268
Generator,LV0 0,sewage sludge,91.4675
Generator,LV0 0,solar-hsat,776.376
Generator,LV0 0,solid biomass,10000.0
Generator,LV0 0,straw,728899.05631
Generator,LV0 0,unsustainable biogas,618938.133
Generator,LV0 0,unsustainable bioliquids,589547.4948
Generator,LV0 0,unsustainable solid biomass,18853973.863
Generator,LV0 0,urban central heat vent,0.04599
Generator,LV0 0,urban central solar thermal,0.0489
Generator,LV0 0,urban decentral heat vent,0.0046
Generator,LV0 0,urban decentral solar thermal,0.01559
Generator,ME0 0,Offshore Wind (AC),0.00412
Generator,ME0 0,Offshore Wind (Floating),0.00739
Generator,ME0 0,Onshore Wind,118.00008
Generator,ME0 0,Run of River,5.36
Generator,ME0 0,Solar,3.20067
Generator,ME0 0,forest residues,91105.25895
Generator,ME0 0,industry wood,227754.08025
Generator,ME0 0,landscape care,0.31495
Generator,ME0 0,manure and slurry,27329.66479
Generator,ME0 0,municipal solid waste,10000.0275
Generator,ME0 0,rural heat vent,1.81407
Generator,ME0 0,rural solar thermal,0.0235
Generator,ME0 0,sewage sludge,0.01139
Generator,ME0 0,solar-hsat,5125.88984
Generator,ME0 0,solid biomass,10000.0
Generator,ME0 0,straw,2491.55592
Generator,ME0 0,unsustainable solid biomass,1342833.5878
Generator,ME0 0,urban central heat vent,1.37897
Generator,ME0 0,urban central solar thermal,0.16761
Generator,ME0 0,urban decentral heat vent,1.67125
Generator,ME0 0,urban decentral solar thermal,0.02363
Generator,MK0 0,Onshore Wind,73.00013
Generator,MK0 0,Run of River,191.6
Generator,MK0 0,Solar,296.90122
Generator,MK0 0,forest residues,197550.10275
Generator,MK0 0,industry wood,631762.38406
Generator,MK0 0,landscape care,88.9779
Generator,MK0 0,manure and slurry,64171.57372
Generator,MK0 0,municipal solid waste,73523.69417
Generator,MK0 0,rural heat vent,1.90225
Generator,MK0 0,rural solar thermal,0.02733
Generator,MK0 0,sewage sludge,460.87441
Generator,MK0 0,solar-hsat,1576.59525
Generator,MK0 0,solid biomass,10000.0
Generator,MK0 0,straw,132675.5146
Generator,MK0 0,unsustainable biogas,145471.7616
Generator,MK0 0,unsustainable solid biomass,1273958.6344
Generator,MK0 0,urban central heat vent,2.73472
Generator,MK0 0,urban central solar thermal,0.11551
Generator,MK0 0,urban decentral heat vent,1.74999
Generator,MK0 0,urban decentral solar thermal,0.02757
Generator,NL0 0,Offshore Wind (AC),5714.0
Generator,NL0 0,Offshore Wind (DC),0.48351
Generator,NL0 0,Offshore Wind (Floating),0.00397
Generator,NL0 0,Onshore Wind,28985.06999
Generator,NL0 0,Solar,4741.81553
Generator,NL0 0,forest residues,506547.36933
Generator,NL0 0,gas,90134.49414
Generator,NL0 0,industry wood,453298.23124
Generator,NL0 0,landscape care,236861.65122
Generator,NL0 0,manure and slurry,4302180.91243
Generator,NL0 0,municipal solid waste,4302858.05195
Generator,NL0 0,rural solar thermal,0.00076
Generator,NL0 0,sewage sludge,31498.7442
Generator,NL0 0,solar-hsat,2335.30835
Generator,NL0 0,solid biomass,10000.0
Generator,NL0 0,straw,424970.40833
Generator,NL0 0,unsustainable biogas,2734104.6084
Generator,NL0 0,unsustainable bioliquids,13658449.0086
Generator,NL0 0,unsustainable solid biomass,11065408.6852
Generator,NL0 0,urban central heat vent,2.60764
Generator,NL0 0,urban central solar thermal,0.05424
Generator,NL0 0,urban decentral heat vent,0.00464
Generator,NL0 0,urban decentral solar thermal,0.01786
Generator,NO1 0,Offshore Wind (AC),138.00065
Generator,NO1 0,Offshore Wind (DC),0.08573
Generator,NO1 0,Offshore Wind (Floating),0.01388
Generator,NO1 0,Onshore Wind,5528.83393
Generator,NO1 0,Run of River,892.5
Generator,NO1 0,Solar,1.40034
Generator,NO1 0,forest residues,4067982.53752
Generator,NO1 0,gas,419938.65253
Generator,NO1 0,industry wood,6133912.38321
Generator,NO1 0,landscape care,219.22043
Generator,NO1 0,manure and slurry,60.4384
Generator,NO1 0,municipal solid waste,1704334.6271
Generator,NO1 0,rural solar thermal,0.00606
Generator,NO1 0,sewage sludge,44756.84155
Generator,NO1 0,solar-hsat,0.08725
Generator,NO1 0,solid biomass,10000.0
Generator,NO1 0,straw,46.13226
Generator,NO1 0,unsustainable biogas,665676.0792
Generator,NO1 0,unsustainable bioliquids,582078.9414
Generator,NO1 0,unsustainable solid biomass,7172235.2494
Generator,NO1 0,urban central heat vent,497.11313
Generator,NO1 0,urban central solar thermal,0.04883
Generator,NO1 0,urban decentral heat vent,1.34325
Generator,NO1 0,urban decentral solar thermal,0.00631
Generator,PL0 0,Offshore Wind (AC),5165.24397
Generator,PL0 0,Offshore Wind (DC),5810.20155
Generator,PL0 0,Offshore Wind (Floating),0.01765
Generator,PL0 0,Onshore Wind,21034.48338
Generator,PL0 0,Run of River,182.40037
Generator,PL0 0,Solar,2622.10319
Generator,PL0 0,forest residues,17419670.59719
Generator,PL0 0,gas,26668.26651
Generator,PL0 0,industry wood,15586187.4688
Generator,PL0 0,landscape care,1824091.33746
Generator,PL0 0,manure and slurry,7135057.33624
Generator,PL0 0,municipal solid waste,2231129.89508
Generator,PL0 0,rural solar thermal,0.01856
Generator,PL0 0,sewage sludge,93258.50062
Generator,PL0 0,solar-hsat,35340.46388
Generator,PL0 0,solid biomass,10000.0
Generator,PL0 0,straw,8065378.41405
Generator,PL0 0,unsustainable biogas,2291310.7338
Generator,PL0 0,unsustainable bioliquids,7528125.2838
Generator,PL0 0,unsustainable solid biomass,69137111.1058
Generator,PL0 0,urban central heat vent,0.20909
Generator,PL0 0,urban central solar thermal,0.06843
Generator,PL0 0,urban decentral heat vent,1.69445
Generator,PL0 0,urban decentral solar thermal,0.02298
Generator,PT0 0,Offshore Wind (AC),25.00079
Generator,PT0 0,Offshore Wind (Floating),0.01272
Generator,PT0 0,Onshore Wind,5327.60833
Generator,PT0 0,Run of River,2537.5
Generator,PT0 0,Solar,3496.11921
Generator,PT0 0,forest residues,4825295.52849
Generator,PT0 0,gas,9235.6544
Generator,PT0 0,industry wood,3424705.51096
Generator,PT0 0,landscape care,509085.60057
Generator,PT0 0,manure and slurry,2029105.31925
Generator,PT0 0,municipal solid waste,1116986.50726
Generator,PT0 0,rural solar thermal,0.03576
Generator,PT0 0,sewage sludge,48521.54535
Generator,PT0 0,solar-hsat,8826.38883
Generator,PT0 0,solid biomass,10000.0
Generator,PT0 0,straw,737776.52536
Generator,PT0 0,unsustainable biogas,615115.5846
Generator,PT0 0,unsustainable bioliquids,2664546.5088
Generator,PT0 0,unsustainable solid biomass,21729044.5384
Generator,PT0 0,urban central heat vent,3.26472
Generator,PT0 0,urban central solar thermal,0.09626
Generator,PT0 0,urban decentral heat vent,2.61914
Generator,PT0 0,urban decentral solar thermal,0.03356
Generator,RO0 0,Offshore Wind (AC),0.04276
Generator,RO0 0,Offshore Wind (DC),0.04024
Generator,RO0 0,Offshore Wind (Floating),0.01171
Generator,RO0 0,Onshore Wind,5511.00753
Generator,RO0 0,Run of River,3521.45
Generator,RO0 0,Solar,2026.70242
Generator,RO0 0,forest residues,13994882.02141
Generator,RO0 0,gas,98593.31834
Generator,RO0 0,industry wood,10157939.25403
Generator,RO0 0,landscape care,1914771.56389
Generator,RO0 0,manure and slurry,2181186.34456
Generator,RO0 0,municipal solid waste,763761.03938
Generator,RO0 0,rural solar thermal,0.04268
Generator,RO0 0,sewage sludge,2018.31501
Generator,RO0 0,solar-hsat,3039.8576
Generator,RO0 0,solid biomass,10000.0
Generator,RO0 0,straw,5273920.74986
Generator,RO0 0,unsustainable biogas,145617.6018
Generator,RO0 0,unsustainable bioliquids,1681652.643
Generator,RO0 0,unsustainable solid biomass,26538294.001
Generator,RO0 0,urban central heat vent,1.81356
Generator,RO0 0,urban central solar thermal,0.09989
Generator,RO0 0,urban decentral heat vent,0.00465
Generator,RO0 0,urban decentral solar thermal,0.03618
Generator,RS0 0,Onshore Wind,772.10118
Generator,RS0 0,Run of River,1708.4
Generator,RS0 0,Solar,35.60078
Generator,RS0 0,forest residues,562374.60326
Generator,RS0 0,industry wood,2028168.95642
Generator,RS0 0,landscape care,691.8692
Generator,RS0 0,manure and slurry,963267.22629
Generator,RS0 0,municipal solid waste,860002.32632
Generator,RS0 0,rural heat vent,1.49524
Generator,RS0 0,rural solar thermal,0.02529
Generator,RS0 0,sewage sludge,368.98243
Generator,RS0 0,solar-hsat,2652.71477
Generator,RS0 0,solid biomass,10000.0
Generator,RS0 0,straw,2140997.31772
Generator,RS0 0,unsustainable biogas,218161.5876
Generator,RS0 0,unsustainable solid biomass,9039143.3254
Generator,RS0 0,urban central heat vent,0.12859
Generator,RS0 0,urban central solar thermal,0.12335
Generator,RS0 0,urban decentral heat vent,1.35894
Generator,RS0 0,urban decentral solar thermal,0.02559
Generator,SE1 0,Offshore Wind (AC),179.0018
Generator,SE1 0,Offshore Wind (DC),0.30934
Generator,SE1 0,Offshore Wind (Floating),0.01418
Generator,SE1 0,Onshore Wind,16587.8691
Generator,SE1 0,Run of River,1279.0
Generator,SE1 0,Solar,285.40107
Generator,SE1 0,forest residues,28168872.40128
Generator,SE1 0,gas,989.5344
Generator,SE1 0,industry wood,28455525.61401
Generator,SE1 0,landscape care,2590941.20498
Generator,SE1 0,manure and slurry,1558743.32251
Generator,SE1 0,municipal solid waste,2420033.38078
Generator,SE1 0,rural solar thermal,0.00718
Generator,SE1 0,sewage sludge,132424.99968
Generator,SE1 0,solar-hsat,1851.32133
Generator,SE1 0,solid biomass,10000.0
Generator,SE1 0,straw,1456748.66696
Generator,SE1 0,unsustainable biogas,1393334.2434
Generator,SE1 0,unsustainable bioliquids,3860336.3634
Generator,SE1 0,unsustainable solid biomass,72604500.2398
Generator,SE1 0,urban central heat vent,909.49431
Generator,SE1 0,urban central solar thermal,0.05174
Generator,SE1 0,urban decentral heat vent,1.73776
Generator,SE1 0,urban decentral solar thermal,0.01368
Generator,SI0 0,Offshore Wind (AC),0.00372
Generator,SI0 0,Offshore Wind (Floating),0.00208
Generator,SI0 0,Onshore Wind,0.01502
Generator,SI0 0,Run of River,504.415
Generator,SI0 0,Solar,30.00058
Generator,SI0 0,forest residues,3574396.24169
Generator,SI0 0,industry wood,3120318.88819
Generator,SI0 0,landscape care,64008.66759
Generator,SI0 0,manure and slurry,137871.30734
Generator,SI0 0,municipal solid waste,97162.21012
Generator,SI0 0,rural solar thermal,0.02794
Generator,SI0 0,sewage sludge,6066.45995
Generator,SI0 0,solar-hsat,0.12834
Generator,SI0 0,solid biomass,10000.0
Generator,SI0 0,straw,66364.83761
Generator,SI0 0,unsustainable biogas,170441.139
Generator,SI0 0,unsustainable solid biomass,4213206.6736
Generator,SI0 0,urban central heat vent,0.11462
Generator,SI0 0,urban central solar thermal,0.0925
Generator,SI0 0,urban decentral heat vent,1.63496
Generator,SI0 0,urban decentral solar thermal,0.03182
Generator,SK0 0,Onshore Wind,0.03214
Generator,SK0 0,Run of River,1217.69
Generator,SK0 0,Solar,449.20245
Generator,SK0 0,forest residues,4015049.47104
Generator,SK0 0,gas,94068.10034
Generator,SK0 0,industry wood,3153132.37611
Generator,SK0 0,landscape care,274177.3363
Generator,SK0 0,manure and slurry,1228846.40426
Generator,SK0 0,municipal solid waste,368662.56633
Generator,SK0 0,rural solar thermal,0.02627
Generator,SK0 0,sewage sludge,222.81702
Generator,SK0 0,solar-hsat,0.2379
Generator,SK0 0,solid biomass,10000.0
Generator,SK0 0,straw,1246648.10856
Generator,SK0 0,unsustainable biogas,1097063.715
Generator,SK0 0,unsustainable bioliquids,1316046.6132
Generator,SK0 0,unsustainable solid biomass,10746364.0582
Generator,SK0 0,urban central heat vent,0.01692
Generator,SK0 0,urban central solar thermal,0.0797
Generator,SK0 0,urban decentral heat vent,0.00464
Generator,SK0 0,urban decentral solar thermal,0.02793
Generator,XK0 0,Onshore Wind,135.00023
Generator,XK0 0,Run of River,30.2
Generator,XK0 0,Solar,165.10086
Generator,XK0 0,forest residues,57002.28275
Generator,XK0 0,industry wood,201946.47944
Generator,XK0 0,manure and slurry,18363.27105
Generator,XK0 0,municipal solid waste,10019.724
Generator,XK0 0,rural heat vent,0.07617
Generator,XK0 0,rural solar thermal,3e-05
Generator,XK0 0,sewage sludge,2108.47551
Generator,XK0 0,solar-hsat,8.41039
Generator,XK0 0,solid biomass,10000.0
Generator,XK0 0,straw,83770.39053
Generator,XK0 0,unsustainable solid biomass,2460153.739
Generator,XK0 0,urban central heat vent,0.01368
Generator,XK0 0,urban central solar thermal,0.10237
Generator,XK0 0,urban decentral heat vent,0.00944
Generator,XK0 0,urban decentral solar thermal,0.00248
Line,AL0 0,AC,9741.75134
Line,AT0 0,AC,35168.60838
Line,BA0 0,AC,16757.59634
Line,BE0 0,AC,14646.13503
Line,BG0 0,AC,15908.54503
Line,CH0 0,AC,48619.35899
Line,CZ0 0,AC,17696.01669
Line,DE0 0,AC,48075.50491
Line,DE0 1,AC,45349.58902
Line,DE0 2,AC,31593.64596
Line,DE0 3,AC,14076.38169
Line,DE0 4,AC,7954.27013
Line,DE0 5,AC,6971.15809
Line,DK1 0,AC,3574.95287
Line,EE0 0,AC,3318.00313
Line,ES0 0,AC,20176.14502
Line,FI1 0,AC,7462.71889
Line,FR0 0,AC,55746.92127
Line,FR0 1,AC,27203.15697
Line,FR0 2,AC,10166.27222
Line,FR0 4,AC,502.72775
Line,GB2 0,AC,31476.34282
Line,GB3 0,AC,5239.54507
Line,GR0 0,AC,3574.95287
Line,HR0 0,AC,15282.92351
Line,HU0 0,AC,24667.18433
Line,IT0 0,AC,10188.61567
Line,IT0 1,AC,2279.03245
Line,LT0 0,AC,7998.95704
Line,ME0 0,AC,6166.79847
Line,MK0 0,AC,4558.06491
Line,NO1 0,AC,7909.58322
Line,PL0 0,AC,3574.95287
Line,RO0 0,AC,7149.90573
Line,RS0 0,AC,2279.03245
Link,AL0 0,BEV charger,4354.96032
Link,AL0 0,CO2 pipeline,1.47277
Link,AL0 0,Combined-Cycle Gas,0.03631
Link,AL0 0,EAF,0.00201
Link,AL0 0,H2 DRI,0.00194
Link,AL0 0,H2 Electrolysis,0.0107
Link,AL0 0,HVC to air,12048.66731
Link,AL0 0,Haber-Bosch,0.01662
Link,AL0 0,Open-Cycle Gas,0.07437
Link,AL0 0,SMR,40.90586
Link,AL0 0,Sabatier,0.01082
Link,AL0 0,battery charger,0.15323
Link,AL0 0,battery discharger,0.15639
Link,AL0 0,biogas to gas,0.01665
Link,AL0 0,biomass to liquid,207.18985
Link,AL0 0,biomass-to-methanol,0.00468
Link,AL0 0,electricity distribution grid,705.22158
Link,AL0 0,gas DRI,0.00697
Link,AL0 0,gas for industry,6.70669
Link,AL0 0,gas pipeline new,3792.77646
Link,AL0 0,heat100-200 industry electric boiler steam,0.00547
Link,AL0 0,heat100-200 industry gas,26.25899
Link,AL0 0,heat100-200 industry industrial heat pump high temperature,8.58712
Link,AL0 0,heat100-200 industry solid biomass,0.06586
Link,AL0 0,heat200-500 industry gas,7.9944
Link,AL0 0,heat200-500 industry hydrogen,0.00731
Link,AL0 0,heat200-500 industry solid biomass,7.97941
Link,AL0 0,heat<100 industry electric boiler steam,0.00553
Link,AL0 0,heat<100 industry gas,30.82583
Link,AL0 0,heat<100 industry industrial heat pump medium temperature,11.38147
Link,AL0 0,heat<100 industry solid biomass,0.09534
Link,AL0 0,heat>500 industry gas,9.39714
Link,AL0 0,heat>500 industry hydrogen,0.00694
Link,AL0 0,home battery charger,0.13945
Link,AL0 0,home battery discharger,0.14233
Link,AL0 0,methanolisation,31.00897
Link,AL0 0,municipal solid waste,14.89944
Link,AL0 0,rural air heat pump,0.0111
Link,AL0 0,rural biomass boiler,0.0539
Link,AL0 0,rural gas boiler,290.13633
Link,AL0 0,rural ground heat pump,0.01382
Link,AL0 0,rural resistive heater,330.83015
Link,AL0 0,solid biomass for industry,13.69863
Link,AL0 0,steel emission,4.6992
Link,AL0 0,urban central air heat pump,0.02268
Link,AL0 0,urban central gas CHP,0.08787
Link,AL0 0,urban central gas boiler,137.62795
Link,AL0 0,urban central resistive heater,0.28556
Link,AL0 0,urban central solid biomass CHP,0.39384
Link,AL0 0,urban central solid biomass CHP CC,17.15671
Link,AL0 0,urban decentral air heat pump,0.01084
Link,AL0 0,urban decentral biomass boiler,0.0536
Link,AL0 0,urban decentral gas boiler,381.78853
Link,AL0 0,urban decentral resistive heater,451.16202
Link,AL0 0,waste CHP,0.01042
Link,AT0 0,BEV charger,17184.85868
Link,AT0 0,CO2 pipeline,0.36247
Link,AT0 0,Combined-Cycle Gas,5802.07012
Link,AT0 0,EAF,0.003
Link,AT0 0,H2 DRI,0.00236
Link,AT0 0,H2 Electrolysis,0.00971
Link,AT0 0,HVC to air,28332.72734
Link,AT0 0,Haber-Bosch,0.00908
Link,AT0 0,Open-Cycle Gas,0.0818
Link,AT0 0,SMR,0.61615
Link,AT0 0,Sabatier,0.01073
Link,AT0 0,battery charger,0.14316
Link,AT0 0,battery discharger,0.14611
Link,AT0 0,biogas to gas,188.02685
Link,AT0 0,biomass to liquid,698.98471
Link,AT0 0,biomass-to-methanol,0.00476
Link,AT0 0,electricity distribution grid,8754.61935
Link,AT0 0,gas DRI,0.01013
Link,AT0 0,gas for industry,236.77804
Link,AT0 0,gas pipeline,4500.0
Link,AT0 0,gas pipeline new,2327.92523
Link,AT0 0,heat100-200 industry electric boiler steam,0.00528
Link,AT0 0,heat100-200 industry gas,1591.32518
Link,AT0 0,heat100-200 industry industrial heat pump high temperature,521.65359
Link,AT0 0,heat100-200 industry solid biomass,0.29887
Link,AT0 0,heat200-500 industry gas,377.85672
Link,AT0 0,heat200-500 industry hydrogen,0.00404
Link,AT0 0,heat200-500 industry solid biomass,377.84328
Link,AT0 0,heat<100 industry electric boiler steam,0.00415
Link,AT0 0,heat<100 industry gas,593.6109
Link,AT0 0,heat<100 industry industrial heat pump medium temperature,0.0239
Link,AT0 0,heat<100 industry solid biomass,666.88494
Link,AT0 0,heat>500 industry gas,921.38055
Link,AT0 0,heat>500 industry hydrogen,0.00516
Link,AT0 0,home battery charger,0.10413
Link,AT0 0,home battery discharger,0.10627
Link,AT0 0,methanolisation,0.42481
Link,AT0 0,municipal solid waste,83.61213
Link,AT0 0,rural air heat pump,0.01762
Link,AT0 0,rural biomass boiler,2758.76023
Link,AT0 0,rural gas boiler,2114.79234
Link,AT0 0,rural ground heat pump,588.46663
Link,AT0 0,rural resistive heater,178.72833
Link,AT0 0,solid biomass for industry,1883.56164
Link,AT0 0,steel emission,319.89565
Link,AT0 0,unsustainable bioliquids,3052205.112
Link,AT0 0,urban central air heat pump,0.01098
Link,AT0 0,urban central gas CHP,0.1071
Link,AT0 0,urban central gas boiler,3727.37467
Link,AT0 0,urban central resistive heater,191.5452
Link,AT0 0,urban central solid biomass CHP,1024.18991
Link,AT0 0,urban central solid biomass CHP CC,0.51135
Link,AT0 0,urban decentral air heat pump,291.91059
Link,AT0 0,urban decentral biomass boiler,2841.33577
Link,AT0 0,urban decentral gas boiler,2178.09256
Link,AT0 0,urban decentral resistive heater,324.33582
Link,AT0 0,waste CHP,0.01158
Link,BA0 0,BEV charger,5130.39665
Link,BA0 0,CO2 pipeline,0.22607
Link,BA0 0,Combined-Cycle Gas,0.03558
Link,BA0 0,EAF,0.00219
Link,BA0 0,H2 DRI,0.00196
Link,BA0 0,H2 Electrolysis,0.01017
Link,BA0 0,HVC to air,11724.60611
Link,BA0 0,Haber-Bosch,0.00997
Link,BA0 0,Open-Cycle Gas,0.07675
Link,BA0 0,SMR,0.54103
Link,BA0 0,Sabatier,0.01092
Link,BA0 0,battery charger,0.14746
Link,BA0 0,battery discharger,0.1505
Link,BA0 0,biogas to gas,1.41734
Link,BA0 0,biomass to liquid,1322.05576
Link,BA0 0,biomass-to-methanol,0.00479
Link,BA0 0,electricity distribution grid,3144.15499
Link,BA0 0,gas DRI,0.00768
Link,BA0 0,gas for industry,38.66451
Link,BA0 0,gas pipeline,1500.0
Link,BA0 0,gas pipeline new,4220.90518
Link,BA0 0,heat100-200 industry electric boiler steam,0.00389
Link,BA0 0,heat100-200 industry gas,52.51165
Link,BA0 0,heat100-200 industry industrial heat pump high temperature,17.17794
Link,BA0 0,heat100-200 industry solid biomass,0.12564
Link,BA0 0,heat200-500 industry gas,22.8388
Link,BA0 0,heat200-500 industry hydrogen,0.00565
Link,BA0 0,heat200-500 industry solid biomass,22.82388
Link,BA0 0,heat<100 industry electric boiler steam,0.00395
Link,BA0 0,heat<100 industry gas,53.65305
Link,BA0 0,heat<100 industry industrial heat pump medium temperature,0.11821
Link,BA0 0,heat<100 industry solid biomass,59.91662
Link,BA0 0,heat>500 industry gas,84.61728
Link,BA0 0,heat>500 industry hydrogen,0.00499
Link,BA0 0,home battery charger,0.34844
Link,BA0 0,home battery discharger,0.35563
Link,BA0 0,methanolisation,0.34525
Link,BA0 0,municipal solid waste,0.00561
Link,BA0 0,rural air heat pump,0.00852
Link,BA0 0,rural biomass boiler,0.06765
Link,BA0 0,rural gas boiler,1711.25785
Link,BA0 0,rural ground heat pump,0.01091
Link,BA0 0,rural resistive heater,1201.05503
Link,BA0 0,solid biomass for industry,76.48402
Link,BA0 0,steel emission,38.6155
Link,BA0 0,urban central air heat pump,0.01932
Link,BA0 0,urban central gas CHP,0.09523
Link,BA0 0,urban central gas boiler,766.20205
Link,BA0 0,urban central resistive heater,32.15409
Link,BA0 0,urban central solid biomass CHP,50.56705
Link,BA0 0,urban central solid biomass CHP CC,0.2159
Link,BA0 0,urban decentral air heat pump,0.0085
Link,BA0 0,urban decentral biomass boiler,0.06632
Link,BA0 0,urban decentral gas boiler,1234.21086
Link,BA0 0,urban decentral resistive heater,868.81486
Link,BA0 0,waste CHP,0.01036
Link,BE0 0,BEV charger,20082.2061
Link,BE0 0,CO2 pipeline,0.7117
Link,BE0 0,Combined-Cycle Gas,8755.70239
Link,BE0 0,DC,2000.0
Link,BE0 0,EAF,0.00298
Link,BE0 0,H2 DRI,0.00227
Link,BE0 0,H2 Electrolysis,0.00984
Link,BE0 0,HVC to air,40376.96383
Link,BE0 0,Haber-Bosch,0.03611
Link,BE0 0,Open-Cycle Gas,0.09944
Link,BE0 0,SMR,1.02142
Link,BE0 0,Sabatier,0.01044
Link,BE0 0,battery charger,0.14329
Link,BE0 0,battery discharger,0.14624
Link,BE0 0,biogas to gas,202.98211
Link,BE0 0,biomass to liquid,0.01334
Link,BE0 0,biomass-to-methanol,0.00395
Link,BE0 0,electricity distribution grid,11990.83853
Link,BE0 0,gas DRI,0.01026
Link,BE0 0,gas for industry,591.59622
Link,BE0 0,gas pipeline,10500.0
Link,BE0 0,gas pipeline new,2799.1083
Link,BE0 0,heat100-200 industry electric boiler steam,0.00543
Link,BE0 0,heat100-200 industry gas,1747.719
Link,BE0 0,heat100-200 industry industrial heat pump high temperature,573.01301
Link,BE0 0,heat100-200 industry solid biomass,0.00434
Link,BE0 0,heat200-500 industry gas,517.74248
Link,BE0 0,heat200-500 industry hydrogen,0.00441
Link,BE0 0,heat200-500 industry solid biomass,0.00546
Link,BE0 0,heat<100 industry electric boiler steam,0.00519
Link,BE0 0,heat<100 industry gas,1375.57372
Link,BE0 0,heat<100 industry industrial heat pump medium temperature,509.44736
Link,BE0 0,heat<100 industry solid biomass,0.00456
Link,BE0 0,heat>500 industry gas,1706.78022
Link,BE0 0,heat>500 industry hydrogen,0.00601
Link,BE0 0,home battery charger,0.10582
Link,BE0 0,home battery discharger,0.108
Link,BE0 0,methanolisation,0.60407
Link,BE0 0,municipal solid waste,389.45577
Link,BE0 0,rural air heat pump,0.0194
Link,BE0 0,rural biomass boiler,183.16277
Link,BE0 0,rural gas boiler,1208.17632
Link,BE0 0,rural ground heat pump,94.5546
Link,BE0 0,rural resistive heater,140.61041
Link,BE0 0,solid biomass for industry,1066.21005
Link,BE0 0,steel emission,249.63253
Link,BE0 0,unsustainable bioliquids,3496518.795
Link,BE0 0,urban central air heat pump,60.24061
Link,BE0 0,urban central gas CHP,0.14995
Link,BE0 0,urban central gas boiler,5990.38886
Link,BE0 0,urban central resistive heater,6.07648
Link,BE0 0,urban central solid biomass CHP,0.01613
Link,BE0 0,urban central solid biomass CHP CC,0.00915
Link,BE0 0,urban decentral air heat pump,105.97437
Link,BE0 0,urban decentral biomass boiler,2422.37647
Link,BE0 0,urban decentral gas boiler,15978.45446
Link,BE0 0,urban decentral resistive heater,1867.87509
Link,BE0 0,waste CHP,0.01296
Link,BG0 0,BEV charger,10991.26204
Link,BG0 0,CO2 pipeline,0.19373
Link,BG0 0,Combined-Cycle Gas,160.34584
Link,BG0 0,H2 Electrolysis,0.01014
Link,BG0 0,HVC to air,20799.43708
Link,BG0 0,Haber-Bosch,0.01453
Link,BG0 0,Open-Cycle Gas,0.07602
Link,BG0 0,SMR,60.9125
Link,BG0 0,Sabatier,0.01103
Link,BG0 0,battery charger,0.14907
Link,BG0 0,battery discharger,0.15215
Link,BG0 0,biogas to gas,44.66252
Link,BG0 0,biomass to liquid,711.1274
Link,BG0 0,biomass-to-methanol,0.00479
Link,BG0 0,co2 sequestered,41.97043
Link,BG0 0,electricity distribution grid,6796.28176
Link,BG0 0,gas for industry,184.93151
Link,BG0 0,gas pipeline,1500.0
Link,BG0 0,gas pipeline new,7015.93157
Link,BG0 0,heat100-200 industry electric boiler steam,0.00395
Link,BG0 0,heat100-200 industry gas,332.19396
Link,BG0 0,heat100-200 industry industrial heat pump high temperature,108.88868
Link,BG0 0,heat100-200 industry solid biomass,0.07514
Link,BG0 0,heat200-500 industry gas,124.4394
Link,BG0 0,heat200-500 industry hydrogen,0.00481
Link,BG0 0,heat200-500 industry solid biomass,124.40469
Link,BG0 0,heat<100 industry electric boiler steam,0.00393
Link,BG0 0,heat<100 industry gas,235.16225
Link,BG0 0,heat<100 industry industrial heat pump medium temperature,0.27286
Link,BG0 0,heat<100 industry solid biomass,263.36967
Link,BG0 0,heat>500 industry gas,477.30849
Link,BG0 0,heat>500 industry hydrogen,0.00473
Link,BG0 0,home battery charger,0.37344
Link,BG0 0,home battery discharger,0.38114
Link,BG0 0,methanolisation,46.22714
Link,BG0 0,municipal solid waste,32.20151
Link,BG0 0,rural air heat pump,0.0181
Link,BG0 0,rural biomass boiler,919.43953
Link,BG0 0,rural gas boiler,25.83149
Link,BG0 0,rural ground heat pump,39.88028
Link,BG0 0,rural resistive heater,751.12353
Link,BG0 0,solid biomass for industry,402.96804
Link,BG0 0,unsustainable bioliquids,1265631.9588
Link,BG0 0,urban central air heat pump,0.01578
Link,BG0 0,urban central gas CHP,0.12243
Link,BG0 0,urban central gas boiler,1665.66205
Link,BG0 0,urban central resistive heater,128.40828
Link,BG0 0,urban central solid biomass CHP,3.24896
Link,BG0 0,urban central solid biomass CHP CC,157.44393
Link,BG0 0,urban decentral air heat pump,441.65695
Link,BG0 0,urban decentral biomass boiler,1432.2777
Link,BG0 0,urban decentral gas boiler,40.23958
Link,BG0 0,urban decentral resistive heater,1142.34907
Link,BG0 0,waste CHP,0.01116
Link,CH0 0,BEV charger,15767.67632
Link,CH0 0,CO2 pipeline,74.72838
Link,CH0 0,Combined-Cycle Gas,94.82816
Link,CH0 0,EAF,0.00217
Link,CH0 0,H2 DRI,0.00196
Link,CH0 0,H2 Electrolysis,0.01016
Link,CH0 0,HVC to air,37394.16501
Link,CH0 0,Haber-Bosch,0.01027
Link,CH0 0,Open-Cycle Gas,0.07933
Link,CH0 0,SMR,0.34759
Link,CH0 0,Sabatier,0.01088
Link,CH0 0,battery charger,0.14484
Link,CH0 0,battery discharger,0.14782
Link,CH0 0,biogas to gas,0.02254
Link,CH0 0,biomass to liquid,948.45418
Link,CH0 0,biomass-to-methanol,0.00483
Link,CH0 0,electricity distribution grid,13689.79879
Link,CH0 0,gas DRI,0.00761
Link,CH0 0,gas for industry,126.49021
Link,CH0 0,gas pipeline,3000.0
Link,CH0 0,gas pipeline new,7914.45185
Link,CH0 0,heat100-200 industry electric boiler steam,0.00424
Link,CH0 0,heat100-200 industry gas,519.40846
Link,CH0 0,heat100-200 industry industrial heat pump high temperature,170.27422
Link,CH0 0,heat100-200 industry solid biomass,0.06966
Link,CH0 0,heat200-500 industry gas,145.00433
Link,CH0 0,heat200-500 industry hydrogen,0.00442
Link,CH0 0,heat200-500 industry solid biomass,144.97048
Link,CH0 0,heat<100 industry electric boiler steam,0.0042
Link,CH0 0,heat<100 industry gas,380.13889
Link,CH0 0,heat<100 industry industrial heat pump medium temperature,0.32755
Link,CH0 0,heat<100 industry solid biomass,426.11538
Link,CH0 0,heat>500 industry gas,360.86709
Link,CH0 0,heat>500 industry hydrogen,0.00463
Link,CH0 0,home battery charger,0.22861
Link,CH0 0,home battery discharger,0.23333
Link,CH0 0,methanolisation,0.21514
Link,CH0 0,municipal solid waste,831.49178
Link,CH0 0,rural air heat pump,0.00882
Link,CH0 0,rural biomass boiler,0.07803
Link,CH0 0,rural gas boiler,73.52864
Link,CH0 0,rural ground heat pump,1097.88418
Link,CH0 0,rural resistive heater,72.57164
Link,CH0 0,solid biomass for industry,252.28311
Link,CH0 0,steel emission,28.86701
Link,CH0 0,urban central air heat pump,0.01205
Link,CH0 0,urban central gas CHP,0.08923
Link,CH0 0,urban central gas boiler,2217.00118
Link,CH0 0,urban central resistive heater,100.61921
Link,CH0 0,urban central solid biomass CHP,585.44841
Link,CH0 0,urban central solid biomass CHP CC,225.88798
Link,CH0 0,urban decentral air heat pump,4987.97096
Link,CH0 0,urban decentral biomass boiler,0.06368
Link,CH0 0,urban decentral gas boiler,2769.08095
Link,CH0 0,urban decentral resistive heater,1402.81662
Link,CH0 0,waste CHP,0.01184
Link,CZ0 0,BEV charger,20204.23295
Link,CZ0 0,CO2 pipeline,0.19511
Link,CZ0 0,Combined-Cycle Gas,2720.69788
Link,CZ0 0,EAF,0.00277
Link,CZ0 0,H2 DRI,0.00222
Link,CZ0 0,H2 Electrolysis,0.00946
Link,CZ0 0,HVC to air,31084.49436
Link,CZ0 0,Haber-Bosch,0.00906
Link,CZ0 0,Open-Cycle Gas,0.09308
Link,CZ0 0,SMR,0.39352
Link,CZ0 0,Sabatier,0.01038
Link,CZ0 0,battery charger,0.14076
Link,CZ0 0,battery discharger,0.14367
Link,CZ0 0,biogas to gas,509.24884
Link,CZ0 0,biomass to liquid,0.06221
Link,CZ0 0,biomass-to-methanol,0.00472
Link,CZ0 0,electricity distribution grid,10548.9596
Link,CZ0 0,gas DRI,0.0095
Link,CZ0 0,gas for industry,164.80321
Link,CZ0 0,gas pipeline,12000.0
Link,CZ0 0,gas pipeline new,2091.30238
Link,CZ0 0,heat100-200 industry electric boiler steam,0.0045
Link,CZ0 0,heat100-200 industry gas,1030.82681
Link,CZ0 0,heat100-200 industry industrial heat pump high temperature,337.94314
Link,CZ0 0,heat100-200 industry solid biomass,0.06702
Link,CZ0 0,heat200-500 industry gas,358.45226
Link,CZ0 0,heat200-500 industry hydrogen,0.00434
Link,CZ0 0,heat200-500 industry solid biomass,0.85131
Link,CZ0 0,heat<100 industry electric boiler steam,0.00441
Link,CZ0 0,heat<100 industry gas,917.8144
Link,CZ0 0,heat<100 industry industrial heat pump medium temperature,0.05501
Link,CZ0 0,heat<100 industry solid biomass,821.74768
Link,CZ0 0,heat>500 industry gas,843.75234
Link,CZ0 0,heat>500 industry hydrogen,0.00512
Link,CZ0 0,home battery charger,0.14165
Link,CZ0 0,home battery discharger,0.14457
Link,CZ0 0,methanolisation,0.25416
Link,CZ0 0,municipal solid waste,34.16012
Link,CZ0 0,rural air heat pump,0.01427
Link,CZ0 0,rural biomass boiler,3054.18086
Link,CZ0 0,rural gas boiler,3471.00083
Link,CZ0 0,rural ground heat pump,412.82638
Link,CZ0 0,rural resistive heater,1150.96479
Link,CZ0 0,solid biomass for industry,1007.99087
Link,CZ0 0,steel emission,200.23864
Link,CZ0 0,unsustainable bioliquids,2145647.0772
Link,CZ0 0,urban central air heat pump,0.00963
Link,CZ0 0,urban central gas CHP,0.24406
Link,CZ0 0,urban central gas boiler,7364.69195
Link,CZ0 0,urban central resistive heater,0.5421
Link,CZ0 0,urban central solid biomass CHP,596.90911
Link,CZ0 0,urban central solid biomass CHP CC,0.31714
Link,CZ0 0,urban decentral air heat pump,395.53044
Link,CZ0 0,urban decentral biomass boiler,5882.91821
Link,CZ0 0,urban decentral gas boiler,6685.7907
Link,CZ0 0,urban decentral resistive heater,2342.21935
Link,CZ0 0,waste CHP,0.01204
Link,DE0 0,BEV charger,26647.26198
Link,DE0 0,CO2 pipeline,0.45682
Link,DE0 0,Combined-Cycle Gas,5084.92048
Link,DE0 0,DC,2000.0
Link,DE0 0,EAF,0.00309
Link,DE0 0,H2 DRI,0.00235
Link,DE0 0,H2 Electrolysis,0.00989
Link,DE0 0,HVC to air,42110.23541
Link,DE0 0,Haber-Bosch,0.01199
Link,DE0 0,Open-Cycle Gas,0.09784
Link,DE0 0,SMR,0.44608
Link,DE0 0,Sabatier,0.0116
Link,DE0 0,battery charger,0.14216
Link,DE0 0,battery discharger,0.14509
Link,DE0 0,biogas to gas,1417.84521
Link,DE0 0,biomass to liquid,0.14923
Link,DE0 0,biomass-to-methanol,0.00476
Link,DE0 0,co2 sequestered,171.74111
Link,DE0 0,electricity distribution grid,11740.93842
Link,DE0 0,gas DRI,0.01056
Link,DE0 0,gas for industry,495.25871
Link,DE0 0,gas pipeline,18000.0
Link,DE0 0,heat100-200 industry electric boiler steam,0.00545
Link,DE0 0,heat100-200 industry gas,1649.54412
Link,DE0 0,heat100-200 industry industrial heat pump high temperature,540.81005
Link,DE0 0,heat100-200 industry solid biomass,0.06002
Link,DE0 0,heat200-500 industry gas,492.01097
Link,DE0 0,heat200-500 industry hydrogen,0.00426
Link,DE0 0,heat200-500 industry solid biomass,491.94391
Link,DE0 0,heat<100 industry electric boiler steam,0.00509
Link,DE0 0,heat<100 industry gas,1192.92717
Link,DE0 0,heat<100 industry industrial heat pump medium temperature,216.85988
Link,DE0 0,heat<100 industry solid biomass,682.42329
Link,DE0 0,heat>500 industry gas,1303.80538
Link,DE0 0,heat>500 industry hydrogen,0.00568
Link,DE0 0,home battery charger,0.10515
Link,DE0 0,home battery discharger,0.10731
Link,DE0 0,methanolisation,0.28412
Link,DE0 0,municipal solid waste,208.36176
Link,DE0 0,rural air heat pump,0.01482
Link,DE0 0,rural biomass boiler,1382.28702
Link,DE0 0,rural gas boiler,4552.1782
Link,DE0 0,rural ground heat pump,454.52226
Link,DE0 0,rural resistive heater,117.0769
Link,DE0 0,solid biomass for industry,718.03653
Link,DE0 0,steel emission,293.61392
Link,DE0 0,unsustainable bioliquids,5854314.8773
Link,DE0 0,urban central air heat pump,0.0138
Link,DE0 0,urban central gas CHP,0.12956
Link,DE0 0,urban central gas boiler,7454.602
Link,DE0 0,urban central resistive heater,141.52972
Link,DE0 0,urban central solid biomass CHP,16.62051
Link,DE0 0,urban central solid biomass CHP CC,519.75756
Link,DE0 0,urban decentral air heat pump,276.51848
Link,DE0 0,urban decentral biomass boiler,3445.8441
Link,DE0 0,urban decentral gas boiler,11347.93002
Link,DE0 0,urban decentral resistive heater,309.40293
Link,DE0 0,waste CHP,0.01219
Link,DE0 1,BEV charger,13428.70977
Link,DE0 1,CO2 pipeline,19.67887
Link,DE0 1,Combined-Cycle Gas,3512.93217
Link,DE0 1,H2 Electrolysis,0.00961
Link,DE0 1,HVC to air,23068.31261
Link,DE0 1,Haber-Bosch,0.00731
Link,DE0 1,Open-Cycle Gas,0.09023
Link,DE0 1,SMR,0.17579
Link,DE0 1,Sabatier,0.01163
Link,DE0 1,battery charger,0.1419
Link,DE0 1,battery discharger,0.14483
Link,DE0 1,biogas to gas,857.78003
Link,DE0 1,biomass to liquid,0.15189
Link,DE0 1,biomass-to-methanol,0.00484
Link,DE0 1,electricity distribution grid,6632.39586
Link,DE0 1,gas for industry,67.3516
Link,DE0 1,gas pipeline,6000.0
Link,DE0 1,gas pipeline new,13.45151
Link,DE0 1,heat100-200 industry electric boiler steam,0.00405
Link,DE0 1,heat100-200 industry gas,598.17726
Link,DE0 1,heat100-200 industry industrial heat pump high temperature,38.10736
Link,DE0 1,heat100-200 industry solid biomass,541.50152
Link,DE0 1,heat200-500 industry gas,162.10499
Link,DE0 1,heat200-500 industry hydrogen,0.00434
Link,DE0 1,heat200-500 industry solid biomass,162.09453
Link,DE0 1,heat<100 industry electric boiler steam,0.00377
Link,DE0 1,heat<100 industry gas,351.60089
Link,DE0 1,heat<100 industry industrial heat pump medium temperature,0.01997
Link,DE0 1,heat<100 industry solid biomass,394.98177
Link,DE0 1,heat>500 industry gas,309.49571
Link,DE0 1,heat>500 industry hydrogen,0.00464
Link,DE0 1,home battery charger,0.10449
Link,DE0 1,home battery discharger,0.10665
Link,DE0 1,methanolisation,0.09901
Link,DE0 1,municipal solid waste,114.8484
Link,DE0 1,rural air heat pump,0.01076
Link,DE0 1,rural biomass boiler,1489.60696
Link,DE0 1,rural gas boiler,4905.60661
Link,DE0 1,rural ground heat pump,232.99547
Link,DE0 1,rural resistive heater,51.411
Link,DE0 1,solid biomass for industry,405.25114
Link,DE0 1,unsustainable bioliquids,3541771.50411
Link,DE0 1,urban central air heat pump,0.01225
Link,DE0 1,urban central gas CHP,0.11666
Link,DE0 1,urban central gas boiler,2114.51848
Link,DE0 1,urban central resistive heater,88.30279
Link,DE0 1,urban central solid biomass CHP,275.17922
Link,DE0 1,urban central solid biomass CHP CC,59.44861
Link,DE0 1,urban decentral air heat pump,131.94205
Link,DE0 1,urban decentral biomass boiler,1032.20835
Link,DE0 1,urban decentral gas boiler,3399.29139
Link,DE0 1,urban decentral resistive heater,154.4135
Link,DE0 1,waste CHP,0.01154
Link,DE0 2,BEV charger,40774.68201
Link,DE0 2,CO2 pipeline,9.20891
Link,DE0 2,Combined-Cycle Gas,17040.35668
Link,DE0 2,DC,1000.0
Link,DE0 2,EAF,0.0038
Link,DE0 2,H2 DRI,0.00263
Link,DE0 2,H2 Electrolysis,0.01033
Link,DE0 2,HVC to air,64150.03088
Link,DE0 2,Haber-Bosch,860.69064
Link,DE0 2,Open-Cycle Gas,0.09899
Link,DE0 2,SMR,5259.90997
Link,DE0 2,Sabatier,0.01108
Link,DE0 2,battery charger,0.14204
Link,DE0 2,battery discharger,0.14497
Link,DE0 2,biogas to gas,999.13896
Link,DE0 2,biomass to liquid,0.01341
Link,DE0 2,biomass-to-methanol,0.00394
Link,DE0 2,co2 sequestered,28.60133
Link,DE0 2,electricity distribution grid,17586.93226
Link,DE0 2,gas DRI,0.0129
Link,DE0 2,gas for industry,779.63103
Link,DE0 2,gas pipeline,28500.0
Link,DE0 2,heat100-200 industry electric boiler steam,0.00695
Link,DE0 2,heat100-200 industry gas,3197.49286
Link,DE0 2,heat100-200 industry industrial heat pump high temperature,1048.34893
Link,DE0 2,heat100-200 industry solid biomass,0.00483
Link,DE0 2,heat200-500 industry gas,885.32136
Link,DE0 2,heat200-500 industry hydrogen,0.00499
Link,DE0 2,heat200-500 industry solid biomass,0.00604
Link,DE0 2,heat<100 industry electric boiler steam,0.00614
Link,DE0 2,heat<100 industry gas,2205.48439
Link,DE0 2,heat<100 industry industrial heat pump medium temperature,816.83253
Link,DE0 2,heat<100 industry solid biomass,0.00474
Link,DE0 2,heat>500 industry gas,2604.05722
Link,DE0 2,heat>500 industry hydrogen,0.00687
Link,DE0 2,home battery charger,0.10432
Link,DE0 2,home battery discharger,0.10647
Link,DE0 2,methanolisation,0.69987
Link,DE0 2,municipal solid waste,306.60688
Link,DE0 2,rural air heat pump,0.01935
Link,DE0 2,rural biomass boiler,573.467
Link,DE0 2,rural gas boiler,1888.55422
Link,DE0 2,rural ground heat pump,567.11888
Link,DE0 2,rural resistive heater,107.43538
Link,DE0 2,solid biomass for industry,1546.80365
Link,DE0 2,steel emission,698.53609
Link,DE0 2,unsustainable bioliquids,4125458.46058
Link,DE0 2,urban central air heat pump,0.27161
Link,DE0 2,urban central gas CHP,0.14263
Link,DE0 2,urban central gas boiler,12984.46185
Link,DE0 2,urban central resistive heater,840.10183
Link,DE0 2,urban central solid biomass CHP,0.01619
Link,DE0 2,urban central solid biomass CHP CC,0.00857
Link,DE0 2,urban decentral air heat pump,408.03595
Link,DE0 2,urban decentral biomass boiler,6233.55552
Link,DE0 2,urban decentral gas boiler,20528.48298
Link,DE0 2,urban decentral resistive heater,438.78291
Link,DE0 2,waste CHP,0.01361
Link,DE0 3,BEV charger,19153.68387
Link,DE0 3,CO2 pipeline,0.10336
Link,DE0 3,Combined-Cycle Gas,5759.51977
Link,DE0 3,H2 Electrolysis,0.00968
Link,DE0 3,HVC to air,31070.42264
Link,DE0 3,Haber-Bosch,0.00704
Link,DE0 3,Open-Cycle Gas,56.85394
Link,DE0 3,SMR,0.17323
Link,DE0 3,Sabatier,0.0113
Link,DE0 3,battery charger,0.14294
Link,DE0 3,battery discharger,0.14589
Link,DE0 3,biogas to gas,1078.26159
Link,DE0 3,biomass to liquid,0.1499
Link,DE0 3,biomass-to-methanol,0.00485
Link,DE0 3,electricity distribution grid,8969.75902
Link,DE0 3,gas for industry,170.09132
Link,DE0 3,gas pipeline,3000.0
Link,DE0 3,gas pipeline new,7657.3716
Link,DE0 3,heat100-200 industry electric boiler steam,0.00453
Link,DE0 3,heat100-200 industry gas,971.46605
Link,DE0 3,heat100-200 industry industrial heat pump high temperature,298.56502
Link,DE0 3,heat100-200 industry solid biomass,68.34593
Link,DE0 3,heat200-500 industry gas,273.97739
Link,DE0 3,heat200-500 industry hydrogen,0.00402
Link,DE0 3,heat200-500 industry solid biomass,273.96735
Link,DE0 3,heat<100 industry electric boiler steam,0.00404
Link,DE0 3,heat<100 industry gas,616.4415
Link,DE0 3,heat<100 industry industrial heat pump medium temperature,0.01997
Link,DE0 3,heat<100 industry solid biomass,692.55519
Link,DE0 3,heat>500 industry gas,788.95461
Link,DE0 3,heat>500 industry hydrogen,0.00511
Link,DE0 3,home battery charger,0.10434
Link,DE0 3,home battery discharger,0.1065
Link,DE0 3,methanolisation,0.09694
Link,DE0 3,municipal solid waste,144.33848
Link,DE0 3,rural air heat pump,0.01753
Link,DE0 3,rural biomass boiler,1148.48124
Link,DE0 3,rural gas boiler,3782.20384
Link,DE0 3,rural ground heat pump,291.4967
Link,DE0 3,rural resistive heater,66.79232
Link,DE0 3,solid biomass for industry,690.63927
Link,DE0 3,unsustainable bioliquids,4452131.53901
Link,DE0 3,urban central air heat pump,0.0114
Link,DE0 3,urban central gas CHP,0.11167
Link,DE0 3,urban central gas boiler,3749.66517
Link,DE0 3,urban central resistive heater,163.27234
Link,DE0 3,urban central solid biomass CHP,783.0399
Link,DE0 3,urban central solid biomass CHP CC,0.24763
Link,DE0 3,urban decentral air heat pump,171.55772
Link,DE0 3,urban decentral biomass boiler,1923.96439
Link,DE0 3,urban decentral gas boiler,6336.04209
Link,DE0 3,urban decentral resistive heater,183.85708
Link,DE0 3,waste CHP,0.01197
Link,DE0 4,BEV charger,37328.72735
Link,DE0 4,CO2 pipeline,0.0992
Link,DE0 4,Combined-Cycle Gas,10072.212
Link,DE0 4,EAF,0.00283
Link,DE0 4,H2 DRI,0.00228
Link,DE0 4,H2 Electrolysis,0.00975
Link,DE0 4,HVC to air,59079.84539
Link,DE0 4,Haber-Bosch,0.01013
Link,DE0 4,Open-Cycle Gas,0.08477
Link,DE0 4,SMR,0.20392
Link,DE0 4,Sabatier,0.01104
Link,DE0 4,battery charger,0.14269
Link,DE0 4,battery discharger,0.14563
Link,DE0 4,biogas to gas,1055.212
Link,DE0 4,biomass to liquid,0.02319
Link,DE0 4,biomass-to-methanol,0.00458
Link,DE0 4,electricity distribution grid,15866.54199
Link,DE0 4,gas DRI,0.00961
Link,DE0 4,gas for industry,550.76348
Link,DE0 4,gas pipeline,35200.0
Link,DE0 4,heat100-200 industry electric boiler steam,0.00607
Link,DE0 4,heat100-200 industry gas,2535.39129
Link,DE0 4,heat100-200 industry industrial heat pump high temperature,831.26449
Link,DE0 4,heat100-200 industry solid biomass,0.01492
Link,DE0 4,heat200-500 industry gas,586.21777
Link,DE0 4,heat200-500 industry hydrogen,0.00458
Link,DE0 4,heat200-500 industry solid biomass,0.02517
Link,DE0 4,heat<100 industry electric boiler steam,0.00527
Link,DE0 4,heat<100 industry gas,1636.98855
Link,DE0 4,heat<100 industry industrial heat pump medium temperature,606.27567
Link,DE0 4,heat<100 industry solid biomass,0.01612
Link,DE0 4,heat>500 industry gas,1202.20225
Link,DE0 4,heat>500 industry hydrogen,0.00562
Link,DE0 4,home battery charger,0.1046
Link,DE0 4,home battery discharger,0.10676
Link,DE0 4,methanolisation,0.10331
Link,DE0 4,municipal solid waste,271.7542
Link,DE0 4,rural air heat pump,0.02057
Link,DE0 4,rural biomass boiler,452.75535
Link,DE0 4,rural gas boiler,1491.02393
Link,DE0 4,rural ground heat pump,508.82912
Link,DE0 4,rural resistive heater,19.50525
Link,DE0 4,solid biomass for industry,1139.26941
Link,DE0 4,steel emission,236.31672
Link,DE0 4,unsustainable bioliquids,4356989.39097
Link,DE0 4,urban central air heat pump,121.34778
Link,DE0 4,urban central gas CHP,0.125
Link,DE0 4,urban central gas boiler,11843.63056
Link,DE0 4,urban central resistive heater,277.12956
Link,DE0 4,urban central solid biomass CHP,338.0263
Link,DE0 4,urban central solid biomass CHP CC,7.72729
Link,DE0 4,urban decentral air heat pump,352.13611
Link,DE0 4,urban decentral biomass boiler,5416.32131
Link,DE0 4,urban decentral gas boiler,17837.14919
Link,DE0 4,urban decentral resistive heater,370.04858
Link,DE0 4,waste CHP,0.01399
Link,DE0 5,BEV charger,25378.41659
Link,DE0 5,CO2 pipeline,138.54556
Link,DE0 5,Combined-Cycle Gas,6096.80579
Link,DE0 5,DC,600.0
Link,DE0 5,EAF,0.00248
Link,DE0 5,H2 DRI,0.00208
Link,DE0 5,H2 Electrolysis,0.00967
Link,DE0 5,HVC to air,40217.66554
Link,DE0 5,Haber-Bosch,0.01034
Link,DE0 5,Open-Cycle Gas,0.10098
Link,DE0 5,SMR,0.325
Link,DE0 5,Sabatier,0.01212
Link,DE0 5,battery charger,0.14171
Link,DE0 5,battery discharger,0.14463
Link,DE0 5,biogas to gas,1245.78323
Link,DE0 5,biomass to liquid,0.07212
Link,DE0 5,biomass-to-methanol,0.00474
Link,DE0 5,electricity distribution grid,10359.79274
Link,DE0 5,gas DRI,0.00862
Link,DE0 5,gas for industry,813.30628
Link,DE0 5,gas pipeline,6000.0
Link,DE0 5,heat100-200 industry electric boiler steam,0.00562
Link,DE0 5,heat100-200 industry gas,1947.49383
Link,DE0 5,heat100-200 industry industrial heat pump high temperature,638.49479
Link,DE0 5,heat100-200 industry solid biomass,0.05741
Link,DE0 5,heat200-500 industry gas,520.55134
Link,DE0 5,heat200-500 industry hydrogen,0.00438
Link,DE0 5,heat200-500 industry solid biomass,1.23864
Link,DE0 5,heat<100 industry electric boiler steam,0.00518
Link,DE0 5,heat<100 industry gas,1423.52381
Link,DE0 5,heat<100 industry industrial heat pump medium temperature,174.31076
Link,DE0 5,heat<100 industry solid biomass,1070.26796
Link,DE0 5,heat>500 industry gas,1542.38968
Link,DE0 5,heat>500 industry hydrogen,0.00605
Link,DE0 5,home battery charger,0.10443
Link,DE0 5,home battery discharger,0.10658
Link,DE0 5,methanolisation,0.19789
Link,DE0 5,municipal solid waste,194.62696
Link,DE0 5,rural air heat pump,0.01227
Link,DE0 5,rural biomass boiler,2127.12751
Link,DE0 5,rural gas boiler,7005.10339
Link,DE0 5,rural ground heat pump,479.44206
Link,DE0 5,rural resistive heater,130.7239
Link,DE0 5,solid biomass for industry,783.10502
Link,DE0 5,steel emission,92.32386
Link,DE0 5,unsustainable bioliquids,5143877.82562
Link,DE0 5,urban central air heat pump,0.01276
Link,DE0 5,urban central gas CHP,0.17171
Link,DE0 5,urban central gas boiler,6626.95807
Link,DE0 5,urban central resistive heater,7.46582
Link,DE0 5,urban central solid biomass CHP,14.5797
Link,DE0 5,urban central solid biomass CHP CC,419.44834
Link,DE0 5,urban decentral air heat pump,281.64821
Link,DE0 5,urban decentral biomass boiler,2963.79305
Link,DE0 5,urban decentral gas boiler,9760.42886
Link,DE0 5,urban decentral resistive heater,357.59808
Link,DE0 5,waste CHP,0.01224
Link,DK0 0,BEV charger,5752.71264
Link,DK0 0,CO2 pipeline,0.10012
Link,DK0 0,Combined-Cycle Gas,1336.56087
Link,DK0 0,DC,5020.0
Link,DK0 0,H2 Electrolysis,0.01163
Link,DK0 0,HVC to air,12335.00986
Link,DK0 0,Haber-Bosch,246.83341
Link,DK0 0,Open-Cycle Gas,0.09133
Link,DK0 0,SMR,2129.91036
Link,DK0 0,Sabatier,0.01267
Link,DK0 0,battery charger,0.1462
Link,DK0 0,battery discharger,0.14922
Link,DK0 0,biogas to gas,252.70421
Link,DK0 0,biomass to liquid,0.1512
Link,DK0 0,biomass-to-methanol,0.0048
Link,DK0 0,co2 sequestered,13.93991
Link,DK0 0,electricity distribution grid,3873.49746
Link,DK0 0,gas for industry,139.26941
Link,DK0 0,gas pipeline,6000.0
Link,DK0 0,gas pipeline new,2412.98952
Link,DK0 0,heat100-200 industry electric boiler steam,0.00456
Link,DK0 0,heat100-200 industry gas,211.18984
Link,DK0 0,heat100-200 industry industrial heat pump high temperature,69.23198
Link,DK0 0,heat100-200 industry solid biomass,0.02508
Link,DK0 0,heat200-500 industry gas,57.09335
Link,DK0 0,heat200-500 industry hydrogen,0.00563
Link,DK0 0,heat200-500 industry solid biomass,57.0041
Link,DK0 0,heat<100 industry electric boiler steam,0.0047
Link,DK0 0,heat<100 industry gas,180.36607
Link,DK0 0,heat<100 industry industrial heat pump medium temperature,66.7895
Link,DK0 0,heat<100 industry solid biomass,0.02953
Link,DK0 0,heat>500 industry gas,161.09447
Link,DK0 0,heat>500 industry hydrogen,0.00474
Link,DK0 0,home battery charger,0.1098
Link,DK0 0,home battery discharger,0.11206
Link,DK0 0,methanolisation,472.5104
Link,DK0 0,municipal solid waste,132.57522
Link,DK0 0,rural air heat pump,0.02397
Link,DK0 0,rural biomass boiler,300.90122
Link,DK0 0,rural gas boiler,221.49418
Link,DK0 0,rural ground heat pump,251.17967
Link,DK0 0,rural resistive heater,108.75958
Link,DK0 0,solid biomass for industry,275.11416
Link,DK0 0,unsustainable bioliquids,19191.33247
Link,DK0 0,urban central air heat pump,205.60172
Link,DK0 0,urban central gas CHP,0.09023
Link,DK0 0,urban central gas boiler,6803.34296
Link,DK0 0,urban central resistive heater,174.36737
Link,DK0 0,urban central solid biomass CHP,0.04091
Link,DK0 0,urban central solid biomass CHP CC,311.8526
Link,DK0 0,urban decentral air heat pump,545.55222
Link,DK0 0,urban decentral biomass boiler,1517.25203
Link,DK0 0,urban decentral gas boiler,1116.8532
Link,DK0 0,urban decentral resistive heater,901.7191
Link,DK0 0,waste CHP,0.00966
Link,DK1 0,BEV charger,3323.27175
Link,DK1 0,CO2 pipeline,0.03235
Link,DK1 0,Combined-Cycle Gas,1789.65842
Link,DK1 0,DC,1200.0
Link,DK1 0,H2 Electrolysis,0.01219
Link,DK1 0,HVC to air,8846.66715
Link,DK1 0,Haber-Bosch,260.02905
Link,DK1 0,Open-Cycle Gas,0.08219
Link,DK1 0,SMR,2425.09328
Link,DK1 0,Sabatier,0.011
Link,DK1 0,battery charger,0.14673
Link,DK1 0,battery discharger,0.14975
Link,DK1 0,biogas to gas,92.26374
Link,DK1 0,biomass to liquid,0.01317
Link,DK1 0,biomass-to-methanol,0.00389
Link,DK1 0,co2 sequestered,15.26419
Link,DK1 0,electricity distribution grid,3315.78948
Link,DK1 0,gas for industry,21.6895
Link,DK1 0,gas pipeline,1500.0
Link,DK1 0,heat100-200 industry electric boiler steam,0.00478
Link,DK1 0,heat100-200 industry gas,92.46662
Link,DK1 0,heat100-200 industry industrial heat pump high temperature,30.31327
Link,DK1 0,heat100-200 industry solid biomass,0.00426
Link,DK1 0,heat200-500 industry gas,33.72324
Link,DK1 0,heat200-500 industry hydrogen,0.0059
Link,DK1 0,heat200-500 industry solid biomass,0.00511
Link,DK1 0,heat<100 industry electric boiler steam,0.00485
Link,DK1 0,heat<100 industry gas,84.47524
Link,DK1 0,heat<100 industry industrial heat pump medium temperature,31.28309
Link,DK1 0,heat<100 industry solid biomass,0.00439
Link,DK1 0,heat>500 industry gas,17.34727
Link,DK1 0,heat>500 industry hydrogen,0.00622
Link,DK1 0,home battery charger,0.13954
Link,DK1 0,home battery discharger,0.14242
Link,DK1 0,methanolisation,635.56973
Link,DK1 0,municipal solid waste,112.57302
Link,DK1 0,rural air heat pump,0.0241
Link,DK1 0,rural biomass boiler,121.32098
Link,DK1 0,rural gas boiler,89.30469
Link,DK1 0,rural ground heat pump,131.34817
Link,DK1 0,rural resistive heater,43.55032
Link,DK1 0,solid biomass for industry,71.91781
Link,DK1 0,unsustainable bioliquids,7006.17293
Link,DK1 0,urban central air heat pump,98.60864
Link,DK1 0,urban central gas CHP,0.07776
Link,DK1 0,urban central gas boiler,3571.81965
Link,DK1 0,urban central resistive heater,454.76831
Link,DK1 0,urban central solid biomass CHP,0.0145
Link,DK1 0,urban central solid biomass CHP CC,0.00841
Link,DK1 0,urban decentral air heat pump,371.13404
Link,DK1 0,urban decentral biomass boiler,1053.5936
Link,DK1 0,urban decentral gas boiler,775.55302
Link,DK1 0,urban decentral resistive heater,605.57924
Link,DK1 0,waste CHP,0.00926
Link,EE0 0,BEV charger,2710.69766
Link,EE0 0,CO2 pipeline,0.07276
Link,EE0 0,Combined-Cycle Gas,372.41409
Link,EE0 0,DC,1000.0
Link,EE0 0,H2 Electrolysis,0.01014
Link,EE0 0,HVC to air,6344.34975
Link,EE0 0,Haber-Bosch,0.01674
Link,EE0 0,Open-Cycle Gas,0.0747
Link,EE0 0,SMR,1.36314
Link,EE0 0,Sabatier,0.01123
Link,EE0 0,battery charger,0.14406
Link,EE0 0,battery discharger,0.14703
Link,EE0 0,biogas to gas,12.17346
Link,EE0 0,biomass to liquid,1713.39586
Link,EE0 0,biomass-to-methanol,0.00475
Link,EE0 0,co2 sequestered,26.51404
Link,EE0 0,electricity distribution grid,1627.26963
Link,EE0 0,gas for industry,2.28311
Link,EE0 0,gas pipeline new,8368.39894
Link,EE0 0,heat100-200 industry electric boiler steam,0.00467
Link,EE0 0,heat100-200 industry gas,71.91821
Link,EE0 0,heat100-200 industry industrial heat pump high temperature,23.56032
Link,EE0 0,heat100-200 industry solid biomass,0.05799
Link,EE0 0,heat200-500 industry gas,13.70644
Link,EE0 0,heat200-500 industry hydrogen,0.00674
Link,EE0 0,heat200-500 industry solid biomass,13.68481
Link,EE0 0,heat<100 industry electric boiler steam,0.00492
Link,EE0 0,heat<100 industry gas,65.07217
Link,EE0 0,heat<100 industry industrial heat pump medium temperature,24.06406
Link,EE0 0,heat<100 industry solid biomass,0.09635
Link,EE0 0,heat>500 industry gas,19.62506
Link,EE0 0,heat>500 industry hydrogen,0.00603
Link,EE0 0,home battery charger,0.1607
Link,EE0 0,home battery discharger,0.16401
Link,EE0 0,methanolisation,0.95393
Link,EE0 0,municipal solid waste,28.35083
Link,EE0 0,rural air heat pump,0.00915
Link,EE0 0,rural biomass boiler,1055.50026
Link,EE0 0,rural gas boiler,83.49876
Link,EE0 0,rural ground heat pump,139.81931
Link,EE0 0,rural resistive heater,113.537
Link,EE0 0,solid biomass for industry,42.23744
Link,EE0 0,urban central air heat pump,0.01601
Link,EE0 0,urban central gas CHP,0.07075
Link,EE0 0,urban central gas boiler,1789.34105
Link,EE0 0,urban central resistive heater,287.3838
Link,EE0 0,urban central solid biomass CHP,0.21754
Link,EE0 0,urban central solid biomass CHP CC,80.26187
Link,EE0 0,urban decentral air heat pump,205.85038
Link,EE0 0,urban decentral biomass boiler,1096.70449
Link,EE0 0,urban decentral gas boiler,86.75836
Link,EE0 0,urban decentral resistive heater,341.0939
Link,EE0 0,waste CHP,0.00957
Link,ES0 0,BEV charger,82374.15714
Link,ES0 0,CO2 pipeline,0.09061
Link,ES0 0,Combined-Cycle Gas,32747.74423
Link,ES0 0,DC,2400.0
Link,ES0 0,EAF,0.00299
Link,ES0 0,H2 DRI,0.00235
Link,ES0 0,H2 Electrolysis,0.01108
Link,ES0 0,HVC to air,120868.07744
Link,ES0 0,Haber-Bosch,0.10889
Link,ES0 0,Open-Cycle Gas,0.08264
Link,ES0 0,SMR,1293.22873
Link,ES0 0,Sabatier,0.01213
Link,ES0 0,battery charger,0.2144
Link,ES0 0,battery discharger,0.21882
Link,ES0 0,biogas to gas,253.03595
Link,ES0 0,biomass to liquid,162.10953
Link,ES0 0,biomass-to-methanol,0.00472
Link,ES0 0,co2 sequestered,148.63635
Link,ES0 0,electricity distribution grid,42787.3063
Link,ES0 0,gas DRI,0.01013
Link,ES0 0,gas for industry,1534.01777
Link,ES0 0,gas pipeline,6000.0
Link,ES0 0,gas pipeline new,0.47367
Link,ES0 0,heat100-200 industry electric boiler steam,0.00798
Link,ES0 0,heat100-200 industry gas,3757.99683
Link,ES0 0,heat100-200 industry industrial heat pump high temperature,1232.11501
Link,ES0 0,heat100-200 industry solid biomass,0.03095
Link,ES0 0,heat200-500 industry gas,1184.94157
Link,ES0 0,heat200-500 industry hydrogen,0.00487
Link,ES0 0,heat200-500 industry solid biomass,1184.8968
Link,ES0 0,heat<100 industry electric boiler steam,0.00538
Link,ES0 0,heat<100 industry gas,1162.10683
Link,ES0 0,heat<100 industry industrial heat pump medium temperature,430.39263
Link,ES0 0,heat<100 industry solid biomass,0.03496
Link,ES0 0,heat>500 industry gas,3335.80734
Link,ES0 0,heat>500 industry hydrogen,0.00757
Link,ES0 0,home battery charger,0.1512
Link,ES0 0,home battery discharger,0.15432
Link,ES0 0,methanolisation,982.3499
Link,ES0 0,municipal solid waste,302.31784
Link,ES0 0,rural air heat pump,0.02363
Link,ES0 0,rural biomass boiler,1366.70289
Link,ES0 0,rural gas boiler,3512.84231
Link,ES0 0,rural ground heat pump,954.93192
Link,ES0 0,rural resistive heater,6597.12318
Link,ES0 0,solid biomass for industry,3014.84018
Link,ES0 0,steel emission,202.00118
Link,ES0 0,unsustainable bioliquids,15844516.9718
Link,ES0 0,urban central air heat pump,0.04374
Link,ES0 0,urban central gas CHP,0.07675
Link,ES0 0,urban central gas boiler,4252.67444
Link,ES0 0,urban central resistive heater,320.51652
Link,ES0 0,urban central solid biomass CHP,0.11963
Link,ES0 0,urban central solid biomass CHP CC,648.72954
Link,ES0 0,urban decentral air heat pump,437.91231
Link,ES0 0,urban decentral biomass boiler,3651.98677
Link,ES0 0,urban decentral gas boiler,9386.71732
Link,ES0 0,urban decentral resistive heater,17394.97354
Link,ES0 0,waste CHP,0.01241
Link,ES6 0,BEV charger,1369.05252
Link,ES6 0,Combined-Cycle Gas,15995.79697
Link,ES6 0,DC,400.0
Link,ES6 0,H2 Electrolysis,0.01072
Link,ES6 0,HVC to air,3812.79487
Link,ES6 0,Haber-Bosch,10.66421
Link,ES6 0,Open-Cycle Gas,0.06508
Link,ES6 0,SMR,65.30948
Link,ES6 0,Sabatier,0.01016
Link,ES6 0,battery charger,0.14808
Link,ES6 0,battery discharger,0.15113
Link,ES6 0,biogas to gas,1.99502
Link,ES6 0,biomass to liquid,0.0146
Link,ES6 0,biomass-to-methanol,0.00408
Link,ES6 0,electricity distribution grid,1733.34714
Link,ES6 0,gas pipeline,1500.0
Link,ES6 0,gas pipeline new,1032.24335
Link,ES6 0,heat100-200 industry electric boiler steam,0.00732
Link,ES6 0,heat100-200 industry gas,33.10624
Link,ES6 0,heat100-200 industry industrial heat pump high temperature,10.85056
Link,ES6 0,heat100-200 industry solid biomass,0.00607
Link,ES6 0,heat200-500 industry gas,9.74521
Link,ES6 0,heat200-500 industry hydrogen,0.00764
Link,ES6 0,heat200-500 industry solid biomass,0.00956
Link,ES6 0,heat<100 industry electric boiler steam,0.00889
Link,ES6 0,heat<100 industry gas,11.42036
Link,ES6 0,heat<100 industry industrial heat pump medium temperature,4.22336
Link,ES6 0,heat<100 industry solid biomass,0.00722
Link,ES6 0,heat>500 industry gas,8.25562
Link,ES6 0,heat>500 industry hydrogen,0.00718
Link,ES6 0,home battery charger,0.16116
Link,ES6 0,home battery discharger,0.16449
Link,ES6 0,methanolisation,0.10798
Link,ES6 0,municipal solid waste,7.33789
Link,ES6 0,rural air heat pump,0.03363
Link,ES6 0,rural biomass boiler,20.76748
Link,ES6 0,rural gas boiler,53.37874
Link,ES6 0,rural ground heat pump,0.36606
Link,ES6 0,rural resistive heater,99.99362
Link,ES6 0,solid biomass for industry,26.25571
Link,ES6 0,unsustainable bioliquids,124017.7774
Link,ES6 0,urban central air heat pump,0.02049
Link,ES6 0,urban central gas CHP,0.05072
Link,ES6 0,urban central gas boiler,184.71023
Link,ES6 0,urban central resistive heater,12.99492
Link,ES6 0,urban central solid biomass CHP,0.01474
Link,ES6 0,urban central solid biomass CHP CC,0.00946
Link,ES6 0,urban decentral air heat pump,15.63665
Link,ES6 0,urban decentral biomass boiler,148.46027
Link,ES6 0,urban decentral gas boiler,381.58808
Link,ES6 0,urban decentral resistive heater,707.54031
Link,ES6 0,waste CHP,0.00824
Link,EU,BOF,13631.71797
Link,EU,OCGT methanol,3.09993
Link,EU,agriculture machinery oil,5870.29901
Link,EU,ammonia cracker,0.71708
Link,EU,coal,169070.72023
Link,EU,coal for industry,19087.19854
Link,EU,kerosene for aviation,84920.88774
Link,EU,land transport oil,639070.57221
Link,EU,lignite,161369.84492
Link,EU,naphtha for industry,97456.58526
Link,EU,nuclear,311349.69325
Link,EU,oil,4.30043
Link,EU,oil refining,1000000.0
Link,EU,rural oil boiler,68625.56805
Link,EU,shipping methanol,8612.49494
Link,EU,shipping oil,56124.7587
Link,EU,solid biomass import,0.20889
Link,EU,urban decentral oil boiler,149130.77722
Link,FI1 0,BEV charger,12189.2837
Link,FI1 0,CO2 pipeline,0.05153
Link,FI1 0,Combined-Cycle Gas,4671.72632
Link,FI1 0,DC,2300.0
Link,FI1 0,EAF,0.00252
Link,FI1 0,H2 DRI,0.0022
Link,FI1 0,H2 Electrolysis,0.00983
Link,FI1 0,HVC to air,23100.74347
Link,FI1 0,Haber-Bosch,0.01714
Link,FI1 0,Open-Cycle Gas,0.06797
Link,FI1 0,SMR,1331.23352
Link,FI1 0,Sabatier,0.01155
Link,FI1 0,battery charger,0.14793
Link,FI1 0,battery discharger,0.15098
Link,FI1 0,biogas to gas,164.32681
Link,FI1 0,biomass to liquid,2416.18537
Link,FI1 0,biomass-to-methanol,0.00455
Link,FI1 0,electricity distribution grid,13529.96401
Link,FI1 0,gas DRI,0.00846
Link,FI1 0,gas for industry,101.82248
Link,FI1 0,heat100-200 industry electric boiler steam,0.00424
Link,FI1 0,heat100-200 industry gas,302.5123
Link,FI1 0,heat100-200 industry industrial heat pump high temperature,99.16758
Link,FI1 0,heat100-200 industry solid biomass,0.04803
Link,FI1 0,heat200-500 industry gas,172.37712
Link,FI1 0,heat200-500 industry hydrogen,0.0047
Link,FI1 0,heat200-500 industry solid biomass,172.36755
Link,FI1 0,heat<100 industry electric boiler steam,0.00536
Link,FI1 0,heat<100 industry gas,1582.19259
Link,FI1 0,heat<100 industry industrial heat pump medium temperature,585.96997
Link,FI1 0,heat<100 industry solid biomass,0.07082
Link,FI1 0,heat>500 industry gas,164.52173
Link,FI1 0,heat>500 industry hydrogen,0.00462
Link,FI1 0,home battery charger,0.15203
Link,FI1 0,home battery discharger,0.15517
Link,FI1 0,methanolisation,1011.65487
Link,FI1 0,municipal solid waste,124.59936
Link,FI1 0,rural air heat pump,0.00782
Link,FI1 0,rural biomass boiler,1617.78256
Link,FI1 0,rural gas boiler,395.11931
Link,FI1 0,rural ground heat pump,838.30295
Link,FI1 0,rural resistive heater,2119.36826
Link,FI1 0,solid biomass for industry,5684.93151
Link,FI1 0,steel emission,110.45319
Link,FI1 0,unsustainable bioliquids,3128356.7238
Link,FI1 0,urban central air heat pump,0.01097
Link,FI1 0,urban central gas CHP,0.0602
Link,FI1 0,urban central gas boiler,13428.50075
Link,FI1 0,urban central resistive heater,0.22811
Link,FI1 0,urban central solid biomass CHP,541.63882
Link,FI1 0,urban central solid biomass CHP CC,668.09636
Link,FI1 0,urban decentral air heat pump,1875.39085
Link,FI1 0,urban decentral biomass boiler,5518.47191
Link,FI1 0,urban decentral gas boiler,2175.79717
Link,FI1 0,urban decentral resistive heater,8366.9751
Link,FI1 0,waste CHP,0.01092
Link,FR0 0,BEV charger,47119.93378
Link,FR0 0,CO2 pipeline,0.36397
Link,FR0 0,Combined-Cycle Gas,6146.55285
Link,FR0 0,DC,3000.0
Link,FR0 0,EAF,0.00312
Link,FR0 0,H2 DRI,0.00235
Link,FR0 0,H2 Electrolysis,0.01024
Link,FR0 0,HVC to air,70082.95221
Link,FR0 0,Haber-Bosch,0.021
Link,FR0 0,Open-Cycle Gas,0.09991
Link,FR0 0,SMR,1080.63789
Link,FR0 0,Sabatier,0.0114
Link,FR0 0,battery charger,0.14801
Link,FR0 0,battery discharger,0.15107
Link,FR0 0,biogas to gas,288.79428
Link,FR0 0,biomass to liquid,0.09326
Link,FR0 0,biomass-to-methanol,0.00471
Link,FR0 0,electricity distribution grid,35985.15935
Link,FR0 0,gas DRI,0.0107
Link,FR0 0,gas for industry,506.64068
Link,FR0 0,gas pipeline,37500.0
Link,FR0 0,heat100-200 industry electric boiler steam,0.00569
Link,FR0 0,heat100-200 industry gas,1765.98287
Link,FR0 0,heat100-200 industry industrial heat pump high temperature,578.99661
Link,FR0 0,heat100-200 industry solid biomass,0.0316
Link,FR0 0,heat200-500 industry gas,471.46403
Link,FR0 0,heat200-500 industry hydrogen,0.00427
Link,FR0 0,heat200-500 industry solid biomass,243.72314
Link,FR0 0,heat<100 industry electric boiler steam,0.00526
Link,FR0 0,heat<100 industry gas,1240.8727
Link,FR0 0,heat<100 industry industrial heat pump medium temperature,459.55908
Link,FR0 0,heat<100 industry solid biomass,0.04393
Link,FR0 0,heat>500 industry gas,1116.58775
Link,FR0 0,heat>500 industry hydrogen,0.00545
Link,FR0 0,home battery charger,0.21737
Link,FR0 0,home battery discharger,0.22185
Link,FR0 0,methanolisation,821.18465
Link,FR0 0,municipal solid waste,311.70882
Link,FR0 0,rural air heat pump,0.01939
Link,FR0 0,rural biomass boiler,1237.492
Link,FR0 0,rural gas boiler,1715.91687
Link,FR0 0,rural ground heat pump,1028.74696
Link,FR0 0,rural resistive heater,2571.7151
Link,FR0 0,solid biomass for industry,789.95434
Link,FR0 0,steel emission,272.83423
Link,FR0 0,unsustainable bioliquids,6493389.26331
Link,FR0 0,urban central air heat pump,0.01901
Link,FR0 0,urban central gas CHP,0.11202
Link,FR0 0,urban central gas boiler,13136.49438
Link,FR0 0,urban central resistive heater,1.37347
Link,FR0 0,urban central solid biomass CHP,26.83184
Link,FR0 0,urban central solid biomass CHP CC,541.37559
Link,FR0 0,urban decentral air heat pump,6307.29025
Link,FR0 0,urban decentral biomass boiler,8909.90323
Link,FR0 0,urban decentral gas boiler,12354.54708
Link,FR0 0,urban decentral resistive heater,19232.5424
Link,FR0 0,waste CHP,0.01277
Link,FR0 1,BEV charger,29704.34328
Link,FR0 1,CO2 pipeline,0.20467
Link,FR0 1,Combined-Cycle Gas,4037.93396
Link,FR0 1,EAF,0.00297
Link,FR0 1,H2 DRI,0.00228
Link,FR0 1,H2 Electrolysis,0.0104
Link,FR0 1,HVC to air,44574.31797
Link,FR0 1,Haber-Bosch,73.2046
Link,FR0 1,Open-Cycle Gas,0.08634
Link,FR0 1,SMR,817.11678
Link,FR0 1,Sabatier,0.01157
Link,FR0 1,battery charger,0.14619
Link,FR0 1,battery discharger,0.1492
Link,FR0 1,biogas to gas,98.71922
Link,FR0 1,biomass to liquid,0.03096
Link,FR0 1,biomass-to-methanol,0.00465
Link,FR0 1,electricity distribution grid,21512.79388
Link,FR0 1,gas DRI,0.01018
Link,FR0 1,gas for industry,456.20211
Link,FR0 1,gas pipeline,15000.0
Link,FR0 1,heat100-200 industry electric boiler steam,0.0052
Link,FR0 1,heat100-200 industry gas,1162.10578
Link,FR0 1,heat100-200 industry industrial heat pump high temperature,381.00867
Link,FR0 1,heat100-200 industry solid biomass,0.01397
Link,FR0 1,heat200-500 industry gas,348.76912
Link,FR0 1,heat200-500 industry hydrogen,0.00433
Link,FR0 1,heat200-500 industry solid biomass,0.03166
Link,FR0 1,heat<100 industry electric boiler steam,0.00497
Link,FR0 1,heat<100 industry gas,891.55603
Link,FR0 1,heat<100 industry industrial heat pump medium temperature,330.19449
Link,FR0 1,heat<100 industry solid biomass,0.01499
Link,FR0 1,heat>500 industry gas,1056.08351
Link,FR0 1,heat>500 industry hydrogen,0.00539
Link,FR0 1,home battery charger,0.19764
Link,FR0 1,home battery discharger,0.20172
Link,FR0 1,methanolisation,281.0658
Link,FR0 1,municipal solid waste,191.47145
Link,FR0 1,rural air heat pump,0.02088
Link,FR0 1,rural biomass boiler,1024.94652
Link,FR0 1,rural gas boiler,1421.19951
Link,FR0 1,rural ground heat pump,715.1779
Link,FR0 1,rural resistive heater,2199.85147
Link,FR0 1,solid biomass for industry,469.17808
Link,FR0 1,steel emission,206.52912
Link,FR0 1,unsustainable bioliquids,2219307.53343
Link,FR0 1,urban central air heat pump,16.04422
Link,FR0 1,urban central gas CHP,0.09585
Link,FR0 1,urban central gas boiler,5959.07642
Link,FR0 1,urban central resistive heater,368.97136
Link,FR0 1,urban central solid biomass CHP,0.08622
Link,FR0 1,urban central solid biomass CHP CC,185.34024
Link,FR0 1,urban decentral air heat pump,3176.04882
Link,FR0 1,urban decentral biomass boiler,4274.65824
Link,FR0 1,urban decentral gas boiler,5927.27723
Link,FR0 1,urban decentral resistive heater,9204.04705
Link,FR0 1,waste CHP,0.01283
Link,FR0 2,BEV charger,19222.93438
Link,FR0 2,CO2 pipeline,0.0382
Link,FR0 2,Combined-Cycle Gas,283.1035
Link,FR0 2,DC,2000.0
Link,FR0 2,H2 Electrolysis,0.01023
Link,FR0 2,HVC to air,29798.85259
Link,FR0 2,Haber-Bosch,0.01573
Link,FR0 2,Open-Cycle Gas,0.11527
Link,FR0 2,SMR,266.17843
Link,FR0 2,Sabatier,0.012
Link,FR0 2,battery charger,0.15001
Link,FR0 2,battery discharger,0.1531
Link,FR0 2,biogas to gas,170.85552
Link,FR0 2,biomass to liquid,1898.44748
Link,FR0 2,biomass-to-methanol,0.00482
Link,FR0 2,electricity distribution grid,17704.81978
Link,FR0 2,gas for industry,70.77626
Link,FR0 2,gas pipeline,19500.0
Link,FR0 2,heat100-200 industry electric boiler steam,0.00441
Link,FR0 2,heat100-200 industry gas,650.687
Link,FR0 2,heat100-200 industry industrial heat pump high temperature,213.31846
Link,FR0 2,heat100-200 industry solid biomass,0.0587
Link,FR0 2,heat200-500 industry gas,174.65989
Link,FR0 2,heat200-500 industry hydrogen,0.00446
Link,FR0 2,heat200-500 industry solid biomass,174.63961
Link,FR0 2,heat<100 industry electric boiler steam,0.00426
Link,FR0 2,heat<100 industry gas,410.96146
Link,FR0 2,heat<100 industry industrial heat pump medium temperature,152.11799
Link,FR0 2,heat<100 industry solid biomass,0.25173
Link,FR0 2,heat>500 industry gas,459.04146
Link,FR0 2,heat>500 industry hydrogen,0.00475
Link,FR0 2,home battery charger,0.26812
Link,FR0 2,home battery discharger,0.27365
Link,FR0 2,methanolisation,202.22213
Link,FR0 2,municipal solid waste,129.6472
Link,FR0 2,rural air heat pump,0.01896
Link,FR0 2,rural biomass boiler,2978.95413
Link,FR0 2,rural gas boiler,4130.64296
Link,FR0 2,rural ground heat pump,496.32249
Link,FR0 2,rural resistive heater,6727.86107
Link,FR0 2,solid biomass for industry,410.9589
Link,FR0 2,unsustainable bioliquids,3841357.1299
Link,FR0 2,urban central air heat pump,0.01912
Link,FR0 2,urban central gas CHP,0.13686
Link,FR0 2,urban central gas boiler,3319.61353
Link,FR0 2,urban central resistive heater,4.35648
Link,FR0 2,urban central solid biomass CHP,113.64297
Link,FR0 2,urban central solid biomass CHP CC,133.43521
Link,FR0 2,urban decentral air heat pump,2237.87241
Link,FR0 2,urban decentral biomass boiler,1973.83323
Link,FR0 2,urban decentral gas boiler,2736.93383
Link,FR0 2,urban decentral resistive heater,4128.89097
Link,FR0 2,waste CHP,0.01188
Link,FR0 3,BEV charger,19858.89578
Link,FR0 3,CO2 pipeline,0.03042
Link,FR0 3,Combined-Cycle Gas,2791.38346
Link,FR0 3,DC,1000.0
Link,FR0 3,H2 Electrolysis,0.01017
Link,FR0 3,HVC to air,30408.7204
Link,FR0 3,Haber-Bosch,0.01983
Link,FR0 3,Open-Cycle Gas,0.11396
Link,FR0 3,SMR,423.16317
Link,FR0 3,Sabatier,0.0115
Link,FR0 3,battery charger,0.14987
Link,FR0 3,battery discharger,0.15296
Link,FR0 3,biogas to gas,163.52589
Link,FR0 3,biomass to liquid,424.48223
Link,FR0 3,biomass-to-methanol,0.00482
Link,FR0 3,electricity distribution grid,15481.84368
Link,FR0 3,gas for industry,155.25114
Link,FR0 3,gas pipeline,16500.0
Link,FR0 3,heat100-200 industry electric boiler steam,0.00439
Link,FR0 3,heat100-200 industry gas,632.42282
Link,FR0 3,heat100-200 industry industrial heat pump high temperature,207.33059
Link,FR0 3,heat100-200 industry solid biomass,0.05434
Link,FR0 3,heat200-500 industry gas,157.53662
Link,FR0 3,heat200-500 industry hydrogen,0.00465
Link,FR0 3,heat200-500 industry solid biomass,157.50986
Link,FR0 3,heat<100 industry electric boiler steam,0.00437
Link,FR0 3,heat<100 industry gas,466.897
Link,FR0 3,heat<100 industry industrial heat pump medium temperature,172.84123
Link,FR0 3,heat<100 industry solid biomass,0.22883
Link,FR0 3,heat>500 industry gas,409.9559
Link,FR0 3,heat>500 industry hydrogen,0.00469
Link,FR0 3,home battery charger,0.23552
Link,FR0 3,home battery discharger,0.24037
Link,FR0 3,methanolisation,321.5114
Link,FR0 3,municipal solid waste,132.06088
Link,FR0 3,rural air heat pump,0.02133
Link,FR0 3,rural biomass boiler,989.51256
Link,FR0 3,rural gas boiler,1372.06647
Link,FR0 3,rural ground heat pump,621.65101
Link,FR0 3,rural resistive heater,2131.48812
Link,FR0 3,solid biomass for industry,294.52055
Link,FR0 3,unsustainable bioliquids,3676480.71271
Link,FR0 3,urban central air heat pump,0.01907
Link,FR0 3,urban central gas CHP,0.14059
Link,FR0 3,urban central gas boiler,5564.1318
Link,FR0 3,urban central resistive heater,5.15617
Link,FR0 3,urban central solid biomass CHP,123.72417
Link,FR0 3,urban central solid biomass CHP CC,212.19637
Link,FR0 3,urban decentral air heat pump,2831.32398
Link,FR0 3,urban decentral biomass boiler,3778.24878
Link,FR0 3,urban decentral gas boiler,5238.95167
Link,FR0 3,urban decentral resistive heater,8073.9539
Link,FR0 3,waste CHP,0.01165
Link,FR0 4,BEV charger,14617.59339
Link,FR0 4,CO2 pipeline,0.09164
Link,FR0 4,Combined-Cycle Gas,2108.62406
Link,FR0 4,H2 Electrolysis,0.01031
Link,FR0 4,HVC to air,23402.95585
Link,FR0 4,Haber-Bosch,0.00935
Link,FR0 4,Open-Cycle Gas,0.08604
Link,FR0 4,SMR,0.36174
Link,FR0 4,Sabatier,0.01105
Link,FR0 4,battery charger,0.14359
Link,FR0 4,battery discharger,0.14655
Link,FR0 4,biogas to gas,128.36404
Link,FR0 4,biomass to liquid,808.03525
Link,FR0 4,biomass-to-methanol,0.00484
Link,FR0 4,electricity distribution grid,12897.57083
Link,FR0 4,gas for industry,384.7032
Link,FR0 4,gas pipeline,45700.0
Link,FR0 4,heat100-200 industry electric boiler steam,0.00474
Link,FR0 4,heat100-200 industry gas,916.67051
Link,FR0 4,heat100-200 industry industrial heat pump high temperature,300.5308
Link,FR0 4,heat100-200 industry solid biomass,0.04602
Link,FR0 4,heat200-500 industry gas,212.32939
Link,FR0 4,heat200-500 industry hydrogen,0.00423
Link,FR0 4,heat200-500 industry solid biomass,212.32336
Link,FR0 4,heat<100 industry electric boiler steam,0.00446
Link,FR0 4,heat<100 industry gas,616.44131
Link,FR0 4,heat<100 industry industrial heat pump medium temperature,228.27363
Link,FR0 4,heat<100 industry solid biomass,0.1038
Link,FR0 4,heat>500 industry gas,766.12394
Link,FR0 4,heat>500 industry hydrogen,0.00504
Link,FR0 4,home battery charger,0.1967
Link,FR0 4,home battery discharger,0.20076
Link,FR0 4,methanolisation,0.23356
Link,FR0 4,municipal solid waste,90.8938
Link,FR0 4,rural air heat pump,0.01796
Link,FR0 4,rural biomass boiler,1562.3529
Link,FR0 4,rural gas boiler,2166.37173
Link,FR0 4,rural ground heat pump,223.01856
Link,FR0 4,rural resistive heater,3509.15459
Link,FR0 4,solid biomass for industry,462.32877
Link,FR0 4,unsustainable bioliquids,2885845.04949
Link,FR0 4,urban central air heat pump,0.0179
Link,FR0 4,urban central gas CHP,0.08961
Link,FR0 4,urban central gas boiler,2492.09314
Link,FR0 4,urban central resistive heater,105.2272
Link,FR0 4,urban central solid biomass CHP,261.24929
Link,FR0 4,urban central solid biomass CHP CC,0.9102
Link,FR0 4,urban decentral air heat pump,1595.60295
Link,FR0 4,urban decentral biomass boiler,1612.43088
Link,FR0 4,urban decentral gas boiler,2235.81028
Link,FR0 4,urban decentral resistive heater,3433.07574
Link,FR0 4,waste CHP,0.01146
Link,FR5 0,BEV charger,542.77978
Link,FR5 0,CO2 pipeline,0.07769
Link,FR5 0,Combined-Cycle Gas,398.27668
Link,FR5 0,DC,600.0
Link,FR5 0,H2 Electrolysis,0.01003
Link,FR5 0,HVC to air,1979.90917
Link,FR5 0,Haber-Bosch,0.00524
Link,FR5 0,Open-Cycle Gas,0.08486
Link,FR5 0,SMR,0.13556
Link,FR5 0,Sabatier,0.01007
Link,FR5 0,battery charger,0.1965
Link,FR5 0,battery discharger,0.20055
Link,FR5 0,biogas to gas,2.01495
Link,FR5 0,biomass to liquid,0.0573
Link,FR5 0,biomass-to-methanol,0.00484
Link,FR5 0,electricity distribution grid,967.88029
Link,FR5 0,gas pipeline new,1626.04136
Link,FR5 0,heat100-200 industry electric boiler steam,0.00574
Link,FR5 0,heat100-200 industry gas,10.27983
Link,FR5 0,heat100-200 industry industrial heat pump high temperature,3.34994
Link,FR5 0,heat100-200 industry solid biomass,0.05418
Link,FR5 0,heat200-500 industry gas,3.43227
Link,FR5 0,heat200-500 industry hydrogen,0.00859
Link,FR5 0,heat200-500 industry solid biomass,2.589
Link,FR5 0,heat<100 industry electric boiler steam,0.00604
Link,FR5 0,heat<100 industry gas,7.9938
Link,FR5 0,heat<100 industry industrial heat pump medium temperature,2.93244
Link,FR5 0,heat<100 industry solid biomass,0.06995
Link,FR5 0,heat>500 industry gas,1.26088
Link,FR5 0,heat>500 industry hydrogen,0.00956
Link,FR5 0,home battery charger,10.63764
Link,FR5 0,home battery discharger,10.857
Link,FR5 0,methanolisation,0.06879
Link,FR5 0,municipal solid waste,4.30956
Link,FR5 0,rural air heat pump,0.02841
Link,FR5 0,rural biomass boiler,177.73263
Link,FR5 0,rural gas boiler,246.44556
Link,FR5 0,rural ground heat pump,9.20237
Link,FR5 0,rural resistive heater,407.51518
Link,FR5 0,solid biomass for industry,3.42466
Link,FR5 0,unsustainable bioliquids,45026.88317
Link,FR5 0,urban decentral air heat pump,0.0045
Link,FR5 0,urban decentral biomass boiler,0.0141
Link,FR5 0,urban decentral gas boiler,0.01533
Link,FR5 0,urban decentral resistive heater,0.12712
Link,FR5 0,waste CHP,0.00776
Link,GB2 0,BEV charger,34725.65576
Link,GB2 0,CO2 pipeline,0.09563
Link,GB2 0,Combined-Cycle Gas,8578.96866
Link,GB2 0,DC,2400.0
Link,GB2 0,H2 Electrolysis,0.01079
Link,GB2 0,HVC to air,59505.74646
Link,GB2 0,Haber-Bosch,142.30573
Link,GB2 0,Open-Cycle Gas,0.07153
Link,GB2 0,SMR,2737.95946
Link,GB2 0,Sabatier,0.01152
Link,GB2 0,battery charger,0.15086
Link,GB2 0,battery discharger,0.15397
Link,GB2 0,biogas to gas,877.05971
Link,GB2 0,biomass to liquid,0.13409
Link,GB2 0,biomass-to-methanol,0.00509
Link,GB2 0,co2 sequestered,42.52236
Link,GB2 0,electricity distribution grid,16197.74613
Link,GB2 0,gas for industry,465.75342
Link,GB2 0,gas pipeline,18915.0
Link,GB2 0,gas pipeline new,3037.49327
Link,GB2 0,heat100-200 industry electric boiler steam,0.00613
Link,GB2 0,heat100-200 industry gas,1692.92417
Link,GB2 0,heat100-200 industry industrial heat pump high temperature,555.04693
Link,GB2 0,heat100-200 industry solid biomass,0.02295
Link,GB2 0,heat200-500 industry gas,490.86945
Link,GB2 0,heat200-500 industry hydrogen,0.00465
Link,GB2 0,heat200-500 industry solid biomass,490.74333
Link,GB2 0,heat<100 industry electric boiler steam,0.00567
Link,GB2 0,heat<100 industry gas,1207.7687
Link,GB2 0,heat<100 industry industrial heat pump medium temperature,447.30769
Link,GB2 0,heat<100 industry solid biomass,0.02561
Link,GB2 0,heat>500 industry gas,852.88232
Link,GB2 0,heat>500 industry hydrogen,0.00513
Link,GB2 0,home battery charger,0.12595
Link,GB2 0,home battery discharger,0.12855
Link,GB2 0,methanolisation,1420.01988
Link,GB2 0,municipal solid waste,68.58552
Link,GB2 0,rural air heat pump,0.02101
Link,GB2 0,rural biomass boiler,134.85662
Link,GB2 0,rural gas boiler,6614.65115
Link,GB2 0,rural ground heat pump,41.96925
Link,GB2 0,rural resistive heater,610.7043
Link,GB2 0,solid biomass for industry,772.83105
Link,GB2 0,unsustainable bioliquids,1640927.03895
Link,GB2 0,urban central air heat pump,0.03212
Link,GB2 0,urban central gas CHP,0.06646
Link,GB2 0,urban central gas boiler,3243.30306
Link,GB2 0,urban central resistive heater,794.80309
Link,GB2 0,urban central solid biomass CHP,0.05334
Link,GB2 0,urban central solid biomass CHP CC,937.67566
Link,GB2 0,urban decentral air heat pump,134.30555
Link,GB2 0,urban decentral biomass boiler,393.48628
Link,GB2 0,urban decentral gas boiler,19300.3095
Link,GB2 0,urban decentral resistive heater,1783.15994
Link,GB2 0,waste CHP,0.012
Link,GB2 1,BEV charger,64346.38198
Link,GB2 1,CO2 pipeline,0.01502
Link,GB2 1,Combined-Cycle Gas,44428.62791
Link,GB2 1,DC,7400.0
Link,GB2 1,EAF,0.00281
Link,GB2 1,H2 DRI,0.00222
Link,GB2 1,H2 Electrolysis,0.01082
Link,GB2 1,HVC to air,102833.79968
Link,GB2 1,Haber-Bosch,0.35937
Link,GB2 1,Open-Cycle Gas,0.07189
Link,GB2 1,SMR,2888.29141
Link,GB2 1,Sabatier,0.01266
Link,GB2 1,battery charger,0.14926
Link,GB2 1,battery discharger,0.15234
Link,GB2 1,biogas to gas,1422.78441
Link,GB2 1,biomass to liquid,0.09501
Link,GB2 1,biomass-to-methanol,0.00509
Link,GB2 1,co2 sequestered,28.11138
Link,GB2 1,electricity distribution grid,29678.02886
Link,GB2 1,gas DRI,0.00968
Link,GB2 1,gas for industry,157.82283
Link,GB2 1,gas pipeline,16500.0
Link,GB2 1,heat100-200 industry electric boiler steam,0.00643
Link,GB2 1,heat100-200 industry gas,1971.46269
Link,GB2 1,heat100-200 industry industrial heat pump high temperature,646.37113
Link,GB2 1,heat100-200 industry solid biomass,0.02205
Link,GB2 1,heat200-500 industry gas,654.11419
Link,GB2 1,heat200-500 industry hydrogen,0.00487
Link,GB2 1,heat200-500 industry solid biomass,49.87082
Link,GB2 1,heat<100 industry electric boiler steam,0.00589
Link,GB2 1,heat<100 industry gas,1434.93602
Link,GB2 1,heat<100 industry industrial heat pump medium temperature,531.44443
Link,GB2 1,heat<100 industry solid biomass,0.02432
Link,GB2 1,heat>500 industry gas,403.1037
Link,GB2 1,heat>500 industry hydrogen,0.00471
Link,GB2 1,home battery charger,0.11915
Link,GB2 1,home battery discharger,0.1216
Link,GB2 1,methanolisation,2193.43379
Link,GB2 1,municipal solid waste,94.50574
Link,GB2 1,rural air heat pump,0.01499
Link,GB2 1,rural biomass boiler,137.0372
Link,GB2 1,rural gas boiler,6721.60743
Link,GB2 1,rural ground heat pump,97.75628
Link,GB2 1,rural resistive heater,619.8133
Link,GB2 1,solid biomass for industry,914.38356
Link,GB2 1,steel emission,142.36801
Link,GB2 1,unsustainable bioliquids,2661965.45281
Link,GB2 1,urban central air heat pump,0.06134
Link,GB2 1,urban central gas CHP,0.06661
Link,GB2 1,urban central gas boiler,10380.14909
Link,GB2 1,urban central resistive heater,2060.43818
Link,GB2 1,urban central solid biomass CHP,0.05507
Link,GB2 1,urban central solid biomass CHP CC,1448.38085
Link,GB2 1,urban decentral air heat pump,319.92182
Link,GB2 1,urban decentral biomass boiler,1087.25044
Link,GB2 1,urban decentral gas boiler,53329.10249
Link,GB2 1,urban decentral resistive heater,4928.61731
Link,GB2 1,waste CHP,0.01235
Link,GB3 0,BEV charger,2687.18942
Link,GB3 0,CO2 pipeline,0.07483
Link,GB3 0,Combined-Cycle Gas,6035.34602
Link,GB3 0,DC,500.0
Link,GB3 0,H2 Electrolysis,0.01074
Link,GB3 0,HVC to air,6870.45483
Link,GB3 0,Haber-Bosch,0.02917
Link,GB3 0,Open-Cycle Gas,0.06826
Link,GB3 0,SMR,75.91194
Link,GB3 0,Sabatier,0.01163
Link,GB3 0,battery charger,0.14349
Link,GB3 0,battery discharger,0.14644
Link,GB3 0,biogas to gas,105.54599
Link,GB3 0,biomass to liquid,121.57221
Link,GB3 0,biomass-to-methanol,0.00479
Link,GB3 0,electricity distribution grid,1724.26858
Link,GB3 0,gas for industry,11.41553
Link,GB3 0,gas pipeline,1500.0
Link,GB3 0,gas pipeline new,1061.77986
Link,GB3 0,heat100-200 industry electric boiler steam,0.00433
Link,GB3 0,heat100-200 industry gas,86.75846
Link,GB3 0,heat100-200 industry industrial heat pump high temperature,28.43272
Link,GB3 0,heat100-200 industry solid biomass,0.0362
Link,GB3 0,heat200-500 industry gas,29.69744
Link,GB3 0,heat200-500 industry hydrogen,0.00646
Link,GB3 0,heat200-500 industry solid biomass,29.66002
Link,GB3 0,heat<100 industry electric boiler steam,0.00447
Link,GB3 0,heat<100 industry gas,65.07387
Link,GB3 0,heat<100 industry industrial heat pump medium temperature,24.08134
Link,GB3 0,heat<100 industry solid biomass,0.0475
Link,GB3 0,heat>500 industry gas,28.72469
Link,GB3 0,heat>500 industry hydrogen,0.00569
Link,GB3 0,home battery charger,0.11901
Link,GB3 0,home battery discharger,0.12146
Link,GB3 0,methanolisation,57.5569
Link,GB3 0,municipal solid waste,5.61492
Link,GB3 0,rural air heat pump,0.02016
Link,GB3 0,rural biomass boiler,32.05276
Link,GB3 0,rural gas boiler,1572.1724
Link,GB3 0,rural ground heat pump,3.46481
Link,GB3 0,rural resistive heater,287.97708
Link,GB3 0,solid biomass for industry,18.26484
Link,GB3 0,unsustainable bioliquids,197436.72404
Link,GB3 0,urban central air heat pump,0.03375
Link,GB3 0,urban central gas CHP,0.06623
Link,GB3 0,urban central gas boiler,124.28553
Link,GB3 0,urban central resistive heater,32.05616
Link,GB3 0,urban central solid biomass CHP,0.08067
Link,GB3 0,urban central solid biomass CHP CC,37.93759
Link,GB3 0,urban decentral air heat pump,10.80698
Link,GB3 0,urban decentral biomass boiler,14.73133
Link,GB3 0,urban decentral gas boiler,722.56446
Link,GB3 0,urban decentral resistive heater,131.86761
Link,GB3 0,waste CHP,0.00927
Link,GR0 0,BEV charger,18436.33891
Link,GR0 0,CO2 pipeline,4.32593
Link,GR0 0,Combined-Cycle Gas,13363.79509
Link,GR0 0,DC,500.0
Link,GR0 0,H2 Electrolysis,0.01083
Link,GR0 0,HVC to air,29792.72642
Link,GR0 0,Haber-Bosch,141.90924
Link,GR0 0,Open-Cycle Gas,0.07088
Link,GR0 0,SMR,893.51953
Link,GR0 0,Sabatier,0.01152
Link,GR0 0,battery charger,0.15526
Link,GR0 0,battery discharger,0.15846
Link,GR0 0,biogas to gas,109.53223
Link,GR0 0,biomass to liquid,0.01538
Link,GR0 0,biomass-to-methanol,0.00404
Link,GR0 0,co2 sequestered,0.89973
Link,GR0 0,electricity distribution grid,8453.20086
Link,GR0 0,gas for industry,51.36986
Link,GR0 0,gas pipeline new,3.78216
Link,GR0 0,heat100-200 industry electric boiler steam,0.00466
Link,GR0 0,heat100-200 industry gas,238.58642
Link,GR0 0,heat100-200 industry industrial heat pump high temperature,78.21982
Link,GR0 0,heat100-200 industry solid biomass,0.00557
Link,GR0 0,heat200-500 industry gas,69.10958
Link,GR0 0,heat200-500 industry hydrogen,0.00599
Link,GR0 0,heat200-500 industry solid biomass,0.00706
Link,GR0 0,heat<100 industry electric boiler steam,0.00536
Link,GR0 0,heat<100 industry gas,115.29817
Link,GR0 0,heat<100 industry industrial heat pump medium temperature,42.69653
Link,GR0 0,heat<100 industry solid biomass,0.00634
Link,GR0 0,heat>500 industry gas,409.95661
Link,GR0 0,heat>500 industry hydrogen,0.0046
Link,GR0 0,home battery charger,0.15566
Link,GR0 0,home battery discharger,0.15887
Link,GR0 0,methanolisation,20.0849
Link,GR0 0,municipal solid waste,26.20079
Link,GR0 0,rural air heat pump,0.01822
Link,GR0 0,rural biomass boiler,1006.2256
Link,GR0 0,rural gas boiler,246.86371
Link,GR0 0,rural ground heat pump,0.02615
Link,GR0 0,rural resistive heater,809.47225
Link,GR0 0,solid biomass for industry,187.21461
Link,GR0 0,unsustainable bioliquids,1383278.9454
Link,GR0 0,urban central air heat pump,0.02662
Link,GR0 0,urban central gas CHP,0.07252
Link,GR0 0,urban central gas boiler,2170.93743
Link,GR0 0,urban central resistive heater,155.77941
Link,GR0 0,urban central solid biomass CHP,0.01635
Link,GR0 0,urban central solid biomass CHP CC,0.01019
Link,GR0 0,urban decentral air heat pump,0.01031
Link,GR0 0,urban decentral biomass boiler,3332.53434
Link,GR0 0,urban decentral gas boiler,817.59181
Link,GR0 0,urban decentral resistive heater,2680.90055
Link,GR0 0,waste CHP,0.01164
Link,HR0 0,BEV charger,5881.909
Link,HR0 0,CO2 pipeline,0.15926
Link,HR0 0,Combined-Cycle Gas,1337.58866
Link,HR0 0,H2 Electrolysis,0.01004
Link,HR0 0,HVC to air,12884.66943
Link,HR0 0,Haber-Bosch,0.00988
Link,HR0 0,Open-Cycle Gas,0.07818
Link,HR0 0,SMR,0.6439
Link,HR0 0,Sabatier,0.01046
Link,HR0 0,battery charger,0.14599
Link,HR0 0,battery discharger,0.149
Link,HR0 0,biogas to gas,72.04751
Link,HR0 0,biomass to liquid,919.90713
Link,HR0 0,biomass-to-methanol,0.00484
Link,HR0 0,electricity distribution grid,2570.38052
Link,HR0 0,gas for industry,78.76712
Link,HR0 0,gas pipeline,4500.0
Link,HR0 0,gas pipeline new,1.66363
Link,HR0 0,heat100-200 industry electric boiler steam,0.00382
Link,HR0 0,heat100-200 industry gas,154.1105
Link,HR0 0,heat100-200 industry industrial heat pump high temperature,50.48466
Link,HR0 0,heat100-200 industry solid biomass,0.13798
Link,HR0 0,heat200-500 industry gas,38.81811
Link,HR0 0,heat200-500 industry hydrogen,0.0055
Link,HR0 0,heat200-500 industry solid biomass,38.80492
Link,HR0 0,heat<100 industry electric boiler steam,0.00374
Link,HR0 0,heat<100 industry gas,167.80882
Link,HR0 0,heat<100 industry industrial heat pump medium temperature,0.0445
Link,HR0 0,heat<100 industry solid biomass,188.40115
Link,HR0 0,heat>500 industry gas,121.14198
Link,HR0 0,heat>500 industry hydrogen,0.00481
Link,HR0 0,home battery charger,0.10516
Link,HR0 0,home battery discharger,0.10733
Link,HR0 0,methanolisation,0.44241
Link,HR0 0,municipal solid waste,0.95243
Link,HR0 0,rural air heat pump,0.01407
Link,HR0 0,rural biomass boiler,948.68561
Link,HR0 0,rural gas boiler,1999.86741
Link,HR0 0,rural ground heat pump,0.0228
Link,HR0 0,rural resistive heater,399.90381
Link,HR0 0,solid biomass for industry,78.76712
Link,HR0 0,unsustainable bioliquids,1788.4614
Link,HR0 0,urban central air heat pump,0.01868
Link,HR0 0,urban central gas CHP,0.10071
Link,HR0 0,urban central gas boiler,1176.35936
Link,HR0 0,urban central resistive heater,45.26662
Link,HR0 0,urban central solid biomass CHP,57.85854
Link,HR0 0,urban central solid biomass CHP CC,0.46213
Link,HR0 0,urban decentral air heat pump,0.01074
Link,HR0 0,urban decentral biomass boiler,970.46653
Link,HR0 0,urban decentral gas boiler,2045.78246
Link,HR0 0,urban decentral resistive heater,409.08532
Link,HR0 0,waste CHP,0.0106
Link,HU0 0,BEV charger,12998.96433
Link,HU0 0,CO2 pipeline,0.20985
Link,HU0 0,Combined-Cycle Gas,3580.51965
Link,HU0 0,EAF,0.00237
Link,HU0 0,H2 DRI,0.00206
Link,HU0 0,H2 Electrolysis,0.00979
Link,HU0 0,HVC to air,30010.74883
Link,HU0 0,Haber-Bosch,0.01238
Link,HU0 0,Open-Cycle Gas,0.08449
Link,HU0 0,SMR,394.34563
Link,HU0 0,Sabatier,0.01096
Link,HU0 0,battery charger,0.14536
Link,HU0 0,battery discharger,0.14836
Link,HU0 0,biogas to gas,79.23509
Link,HU0 0,biomass to liquid,78.03507
Link,HU0 0,biomass-to-methanol,0.00477
Link,HU0 0,electricity distribution grid,5736.79417
Link,HU0 0,gas DRI,0.00815
Link,HU0 0,gas for industry,85.20159
Link,HU0 0,gas pipeline,3000.0
Link,HU0 0,gas pipeline new,1.41956
Link,HU0 0,heat100-200 industry electric boiler steam,0.00453
Link,HU0 0,heat100-200 industry gas,930.36999
Link,HU0 0,heat100-200 industry industrial heat pump high temperature,304.95746
Link,HU0 0,heat100-200 industry solid biomass,0.25082
Link,HU0 0,heat200-500 industry gas,252.28448
Link,HU0 0,heat200-500 industry hydrogen,0.00462
Link,HU0 0,heat200-500 industry solid biomass,252.2575
Link,HU0 0,heat<100 industry electric boiler steam,0.00421
Link,HU0 0,heat<100 industry gas,649.54664
Link,HU0 0,heat<100 industry industrial heat pump medium temperature,0.02472
Link,HU0 0,heat<100 industry solid biomass,729.71861
Link,HU0 0,heat>500 industry gas,754.71137
Link,HU0 0,heat>500 industry hydrogen,0.005
Link,HU0 0,home battery charger,0.10486
Link,HU0 0,home battery discharger,0.10702
Link,HU0 0,methanolisation,299.64454
Link,HU0 0,municipal solid waste,97.47981
Link,HU0 0,rural air heat pump,0.01108
Link,HU0 0,rural biomass boiler,1448.52311
Link,HU0 0,rural gas boiler,5652.83813
Link,HU0 0,rural ground heat pump,31.91772
Link,HU0 0,rural resistive heater,21.88896
Link,HU0 0,solid biomass for industry,476.0274
Link,HU0 0,steel emission,67.5527
Link,HU0 0,unsustainable bioliquids,3627467.943
Link,HU0 0,urban central air heat pump,0.01212
Link,HU0 0,urban central gas CHP,0.139
Link,HU0 0,urban central gas boiler,4011.50033
Link,HU0 0,urban central resistive heater,4.92194
Link,HU0 0,urban central solid biomass CHP,0.27147
Link,HU0 0,urban central solid biomass CHP CC,197.68576
Link,HU0 0,urban decentral air heat pump,19.60218
Link,HU0 0,urban decentral biomass boiler,2503.66654
Link,HU0 0,urban decentral gas boiler,9770.51836
Link,HU0 0,urban decentral resistive heater,42.40788
Link,HU0 0,waste CHP,0.01166
Link,IE3 0,BEV charger,7683.4461
Link,IE3 0,Combined-Cycle Gas,7567.24243
Link,IE3 0,DC,500.0
Link,IE3 0,H2 Electrolysis,0.01127
Link,IE3 0,HVC to air,18589.68343
Link,IE3 0,Haber-Bosch,0.04309
Link,IE3 0,Open-Cycle Gas,0.06958
Link,IE3 0,SMR,306.13693
Link,IE3 0,Sabatier,0.01135
Link,IE3 0,battery charger,0.15172
Link,IE3 0,battery discharger,0.15485
Link,IE3 0,biogas to gas,44.38962
Link,IE3 0,biomass to liquid,0.08398
Link,IE3 0,biomass-to-methanol,0.00492
Link,IE3 0,co2 sequestered,1.45371
Link,IE3 0,electricity distribution grid,3380.88824
Link,IE3 0,gas for industry,62.78539
Link,IE3 0,heat100-200 industry electric boiler steam,0.00444
Link,IE3 0,heat100-200 industry gas,302.51233
Link,IE3 0,heat100-200 industry industrial heat pump high temperature,99.17475
Link,IE3 0,heat100-200 industry solid biomass,0.02372
Link,IE3 0,heat200-500 industry gas,82.1944
Link,IE3 0,heat200-500 industry hydrogen,0.00478
Link,IE3 0,heat200-500 industry solid biomass,6.70068
Link,IE3 0,heat<100 industry electric boiler steam,0.00455
Link,IE3 0,heat<100 industry gas,230.59604
Link,IE3 0,heat<100 industry industrial heat pump medium temperature,85.39267
Link,IE3 0,heat<100 industry solid biomass,0.02806
Link,IE3 0,heat>500 industry gas,585.7615
Link,IE3 0,heat>500 industry hydrogen,0.00469
Link,IE3 0,home battery charger,0.10988
Link,IE3 0,home battery discharger,0.11214
Link,IE3 0,methanolisation,232.4635
Link,IE3 0,municipal solid waste,18.60804
Link,IE3 0,rural air heat pump,0.01742
Link,IE3 0,rural biomass boiler,74.74385
Link,IE3 0,rural gas boiler,1523.08222
Link,IE3 0,rural ground heat pump,33.83572
Link,IE3 0,rural resistive heater,397.6292
Link,IE3 0,solid biomass for industry,327.62557
Link,IE3 0,unsustainable bioliquids,350814.7632
Link,IE3 0,urban central air heat pump,4.31377
Link,IE3 0,urban central gas CHP,0.06992
Link,IE3 0,urban central gas boiler,925.55003
Link,IE3 0,urban central resistive heater,90.6039
Link,IE3 0,urban central solid biomass CHP,0.08986
Link,IE3 0,urban central solid biomass CHP CC,153.96714
Link,IE3 0,urban decentral air heat pump,27.92064
Link,IE3 0,urban decentral biomass boiler,118.28944
Link,IE3 0,urban decentral gas boiler,2410.42626
Link,IE3 0,urban decentral resistive heater,630.49032
Link,IE3 0,waste CHP,0.01093
Link,IT0 0,BEV charger,57947.70986
Link,IT0 0,CO2 pipeline,0.07447
Link,IT0 0,Combined-Cycle Gas,31055.03793
Link,IT0 0,DC,2700.0
Link,IT0 0,EAF,0.00295
Link,IT0 0,H2 DRI,0.00233
Link,IT0 0,H2 Electrolysis,0.0106
Link,IT0 0,HVC to air,67550.42704
Link,IT0 0,Haber-Bosch,0.07321
Link,IT0 0,Open-Cycle Gas,0.07442
Link,IT0 0,SMR,0.63117
Link,IT0 0,Sabatier,0.01182
Link,IT0 0,battery charger,0.15716
Link,IT0 0,battery discharger,0.1604
Link,IT0 0,biogas to gas,582.62478
Link,IT0 0,biomass to liquid,0.01366
Link,IT0 0,biomass-to-methanol,0.00397
Link,IT0 0,co2 sequestered,0.89958
Link,IT0 0,electricity distribution grid,23170.15335
Link,IT0 0,gas DRI,0.00999
Link,IT0 0,gas for industry,390.70419
Link,IT0 0,gas pipeline,4500.0
Link,IT0 0,heat100-200 industry electric boiler steam,0.00562
Link,IT0 0,heat100-200 industry gas,1289.96616
Link,IT0 0,heat100-200 industry industrial heat pump high temperature,422.93099
Link,IT0 0,heat100-200 industry solid biomass,0.00414
Link,IT0 0,heat200-500 industry gas,494.91095
Link,IT0 0,heat200-500 industry hydrogen,0.00442
Link,IT0 0,heat200-500 industry solid biomass,0.006
Link,IT0 0,heat<100 industry electric boiler steam,0.00634
Link,IT0 0,heat<100 industry gas,1886.98957
Link,IT0 0,heat<100 industry industrial heat pump medium temperature,698.87729
Link,IT0 0,heat<100 industry solid biomass,0.00446
Link,IT0 0,heat>500 industry gas,989.8769
Link,IT0 0,heat>500 industry hydrogen,0.00527
Link,IT0 0,home battery charger,0.17019
Link,IT0 0,home battery discharger,0.1737
Link,IT0 0,methanolisation,0.13824
Link,IT0 0,municipal solid waste,157.40816
Link,IT0 0,rural air heat pump,0.02314
Link,IT0 0,rural biomass boiler,8372.90604
Link,IT0 0,rural gas boiler,14701.57778
Link,IT0 0,rural ground heat pump,230.5653
Link,IT0 0,rural resistive heater,1197.59654
Link,IT0 0,solid biomass for industry,351.59817
Link,IT0 0,steel emission,198.21627
Link,IT0 0,unsustainable bioliquids,2690823.79127
Link,IT0 0,urban central air heat pump,83.67336
Link,IT0 0,urban central gas CHP,0.07451
Link,IT0 0,urban central gas boiler,7923.98449
Link,IT0 0,urban central resistive heater,287.29003
Link,IT0 0,urban central solid biomass CHP,0.01529
Link,IT0 0,urban central solid biomass CHP CC,0.00879
Link,IT0 0,urban decentral air heat pump,7403.91734
Link,IT0 0,urban decentral biomass boiler,5075.32287
Link,IT0 0,urban decentral gas boiler,8911.51215
Link,IT0 0,urban decentral resistive heater,4779.18828
Link,IT0 0,waste CHP,0.0123
Link,IT0 1,BEV charger,73558.21667
Link,IT0 1,CO2 pipeline,0.08143
Link,IT0 1,Combined-Cycle Gas,37763.11101
Link,IT0 1,DC,300.0
Link,IT0 1,H2 Electrolysis,0.01001
Link,IT0 1,HVC to air,87406.44147
Link,IT0 1,Haber-Bosch,0.01182
Link,IT0 1,Open-Cycle Gas,0.07782
Link,IT0 1,SMR,0.28701
Link,IT0 1,Sabatier,0.011
Link,IT0 1,battery charger,0.14981
Link,IT0 1,battery discharger,0.1529
Link,IT0 1,biogas to gas,1152.45136
Link,IT0 1,biomass to liquid,0.05371
Link,IT0 1,biomass-to-methanol,0.00469
Link,IT0 1,co2 sequestered,284.25731
Link,IT0 1,electricity distribution grid,32714.77355
Link,IT0 1,gas for industry,1168.94977
Link,IT0 1,gas pipeline,21560.2
Link,IT0 1,heat100-200 industry electric boiler steam,0.0063
Link,IT0 1,heat100-200 industry gas,2276.25824
Link,IT0 1,heat100-200 industry industrial heat pump high temperature,746.3012
Link,IT0 1,heat100-200 industry solid biomass,0.02706
Link,IT0 1,heat200-500 industry gas,898.40853
Link,IT0 1,heat200-500 industry hydrogen,0.00496
Link,IT0 1,heat200-500 industry solid biomass,730.04482
Link,IT0 1,heat<100 industry electric boiler steam,0.00725
Link,IT0 1,heat<100 industry gas,3144.9814
Link,IT0 1,heat<100 industry industrial heat pump medium temperature,1164.78728
Link,IT0 1,heat<100 industry solid biomass,0.03662
Link,IT0 1,heat>500 industry gas,2042.3954
Link,IT0 1,heat>500 industry hydrogen,0.00662
Link,IT0 1,home battery charger,0.14218
Link,IT0 1,home battery discharger,0.14511
Link,IT0 1,methanolisation,0.15994
Link,IT0 1,municipal solid waste,182.25698
Link,IT0 1,rural air heat pump,0.02168
Link,IT0 1,rural biomass boiler,4431.80797
Link,IT0 1,rural gas boiler,7781.5957
Link,IT0 1,rural ground heat pump,327.42704
Link,IT0 1,rural resistive heater,674.73501
Link,IT0 1,solid biomass for industry,549.08676
Link,IT0 1,unsustainable bioliquids,5322596.25233
Link,IT0 1,urban central air heat pump,88.00647
Link,IT0 1,urban central gas CHP,0.08546
Link,IT0 1,urban central gas boiler,8298.08679
Link,IT0 1,urban central resistive heater,377.59034
Link,IT0 1,urban central solid biomass CHP,245.29279
Link,IT0 1,urban central solid biomass CHP CC,635.07918
Link,IT0 1,urban decentral air heat pump,7861.51571
Link,IT0 1,urban decentral biomass boiler,6775.69019
Link,IT0 1,urban decentral gas boiler,11897.10428
Link,IT0 1,urban decentral resistive heater,7036.66928
Link,IT0 1,waste CHP,0.01297
Link,IT4 0,BEV charger,3343.31459
Link,IT4 0,Combined-Cycle Gas,0.03686
Link,IT4 0,DC,1300.0
Link,IT4 0,H2 Electrolysis,0.01101
Link,IT4 0,HVC to air,7438.50784
Link,IT4 0,Haber-Bosch,0.0127
Link,IT4 0,Open-Cycle Gas,0.08087
Link,IT4 0,SMR,0.18664
Link,IT4 0,Sabatier,0.01096
Link,IT4 0,battery charger,0.19714
Link,IT4 0,battery discharger,0.2012
Link,IT4 0,biogas to gas,29.00417
Link,IT4 0,biomass to liquid,0.01428
Link,IT4 0,biomass-to-methanol,0.00395
Link,IT4 0,electricity distribution grid,1469.43798
Link,IT4 0,gas for industry,28.53881
Link,IT4 0,heat100-200 industry electric boiler steam,0.00453
Link,IT4 0,heat100-200 industry gas,101.59941
Link,IT4 0,heat100-200 industry industrial heat pump high temperature,33.30682
Link,IT4 0,heat100-200 industry solid biomass,0.00557
Link,IT4 0,heat200-500 industry gas,115.91447
Link,IT4 0,heat200-500 industry hydrogen,0.0056
Link,IT4 0,heat200-500 industry solid biomass,0.00604
Link,IT4 0,heat<100 industry electric boiler steam,0.00437
Link,IT4 0,heat<100 industry gas,179.22451
Link,IT4 0,heat<100 industry industrial heat pump medium temperature,66.37424
Link,IT4 0,heat<100 industry solid biomass,0.00522
Link,IT4 0,heat>500 industry gas,202.19339
Link,IT4 0,heat>500 industry hydrogen,0.00461
Link,IT4 0,home battery charger,0.10748
Link,IT4 0,home battery discharger,0.10969
Link,IT4 0,methanolisation,0.08123
Link,IT4 0,municipal solid waste,9.42074
Link,IT4 0,rural air heat pump,0.01231
Link,IT4 0,rural biomass boiler,1301.58362
Link,IT4 0,rural gas boiler,2285.38726
Link,IT4 0,rural ground heat pump,16.25029
Link,IT4 0,rural resistive heater,138.78555
Link,IT4 0,solid biomass for industry,25.11416
Link,IT4 0,unsustainable bioliquids,133881.323
Link,IT4 0,urban central air heat pump,1.46268
Link,IT4 0,urban central gas CHP,0.0975
Link,IT4 0,urban central gas boiler,194.99938
Link,IT4 0,urban central resistive heater,6.60206
Link,IT4 0,urban central solid biomass CHP,0.01644
Link,IT4 0,urban central solid biomass CHP CC,0.01033
Link,IT4 0,urban decentral air heat pump,247.94491
Link,IT4 0,urban decentral biomass boiler,57.83755
Link,IT4 0,urban decentral gas boiler,101.55414
Link,IT4 0,urban decentral resistive heater,155.12801
Link,IT4 0,waste CHP,0.00983
Link,LT0 0,BEV charger,5717.86072
Link,LT0 0,CO2 pipeline,0.10765
Link,LT0 0,Combined-Cycle Gas,1979.31352
Link,LT0 0,DC,700.0
Link,LT0 0,H2 Electrolysis,0.00967
Link,LT0 0,HVC to air,10137.18365
Link,LT0 0,Haber-Bosch,0.01513
Link,LT0 0,Open-Cycle Gas,0.07505
Link,LT0 0,SMR,1.34837
Link,LT0 0,Sabatier,0.01046
Link,LT0 0,battery charger,0.14198
Link,LT0 0,battery discharger,0.14491
Link,LT0 0,biogas to gas,34.17052
Link,LT0 0,biomass to liquid,471.26413
Link,LT0 0,biomass-to-methanol,0.00486
Link,LT0 0,co2 sequestered,32.74573
Link,LT0 0,electricity distribution grid,1588.65709
Link,LT0 0,gas for industry,2.28311
Link,LT0 0,gas pipeline,3000.0
Link,LT0 0,gas pipeline new,1.70593
Link,LT0 0,heat100-200 industry electric boiler steam,0.00381
Link,LT0 0,heat100-200 industry gas,100.45876
Link,LT0 0,heat100-200 industry industrial heat pump high temperature,32.91184
Link,LT0 0,heat100-200 industry solid biomass,0.07194
Link,LT0 0,heat200-500 industry gas,30.83641
Link,LT0 0,heat200-500 industry hydrogen,0.00625
Link,LT0 0,heat200-500 industry solid biomass,30.79574
Link,LT0 0,heat<100 industry electric boiler steam,0.00389
Link,LT0 0,heat<100 industry gas,91.32479
Link,LT0 0,heat<100 industry industrial heat pump medium temperature,33.72659
Link,LT0 0,heat<100 industry solid biomass,0.27425
Link,LT0 0,heat>500 industry gas,36.70291
Link,LT0 0,heat>500 industry hydrogen,0.00553
Link,LT0 0,home battery charger,0.10529
Link,LT0 0,home battery discharger,0.10746
Link,LT0 0,methanolisation,0.95106
Link,LT0 0,municipal solid waste,13.59078
Link,LT0 0,rural air heat pump,0.00521
Link,LT0 0,rural biomass boiler,2780.60414
Link,LT0 0,rural gas boiler,0.02473
Link,LT0 0,rural ground heat pump,42.73889
Link,LT0 0,rural resistive heater,14.50799
Link,LT0 0,solid biomass for industry,133.56164
Link,LT0 0,unsustainable bioliquids,1216967.3868
Link,LT0 0,urban central air heat pump,0.01264
Link,LT0 0,urban central gas CHP,0.07369
Link,LT0 0,urban central gas boiler,3305.18799
Link,LT0 0,urban central resistive heater,2.23354
Link,LT0 0,urban central solid biomass CHP,0.12688
Link,LT0 0,urban central solid biomass CHP CC,99.48631
Link,LT0 0,urban decentral air heat pump,9.36867
Link,LT0 0,urban decentral biomass boiler,2713.46917
Link,LT0 0,urban decentral gas boiler,0.03856
Link,LT0 0,urban decentral resistive heater,14.70483
Link,LT0 0,waste CHP,0.00986
Link,LU0 0,BEV charger,1467.83791
Link,LU0 0,Combined-Cycle Gas,0.1109
Link,LU0 0,H2 Electrolysis,0.00998
Link,LU0 0,HVC to air,2964.64313
Link,LU0 0,Haber-Bosch,0.01057
Link,LU0 0,Open-Cycle Gas,1316.79342
Link,LU0 0,SMR,0.83489
Link,LU0 0,Sabatier,0.01045
Link,LU0 0,battery charger,0.14546
Link,LU0 0,battery discharger,0.14846
Link,LU0 0,biogas to gas,15.78181
Link,LU0 0,biomass to liquid,0.2263
Link,LU0 0,biomass-to-methanol,0.00482
Link,LU0 0,electricity distribution grid,894.6559
Link,LU0 0,gas for industry,203.19635
Link,LU0 0,gas pipeline,1500.0
Link,LU0 0,heat100-200 industry electric boiler steam,0.00392
Link,LU0 0,heat100-200 industry gas,31.96746
Link,LU0 0,heat100-200 industry industrial heat pump high temperature,7.45517
Link,LU0 0,heat100-200 industry solid biomass,10.34072
Link,LU0 0,heat200-500 industry gas,19.41886
Link,LU0 0,heat200-500 industry hydrogen,0.00594
Link,LU0 0,heat200-500 industry solid biomass,19.37591
Link,LU0 0,heat<100 industry electric boiler steam,0.00392
Link,LU0 0,heat<100 industry gas,33.1091
Link,LU0 0,heat<100 industry industrial heat pump medium temperature,0.029
Link,LU0 0,heat<100 industry solid biomass,37.07517
Link,LU0 0,heat>500 industry gas,73.20557
Link,LU0 0,heat>500 industry hydrogen,0.00512
Link,LU0 0,home battery charger,0.10477
Link,LU0 0,home battery discharger,0.10693
Link,LU0 0,methanolisation,0.58244
Link,LU0 0,municipal solid waste,1.36219
Link,LU0 0,rural air heat pump,0.01221
Link,LU0 0,rural biomass boiler,20.29432
Link,LU0 0,rural gas boiler,126.24023
Link,LU0 0,rural ground heat pump,2.0267
Link,LU0 0,rural resistive heater,15.11082
Link,LU0 0,solid biomass for industry,30.82192
Link,LU0 0,urban central air heat pump,0.01517
Link,LU0 0,urban central gas CHP,321.90317
Link,LU0 0,urban central gas boiler,499.7669
Link,LU0 0,urban central resistive heater,69.38323
Link,LU0 0,urban central solid biomass CHP,5.30769
Link,LU0 0,urban central solid biomass CHP CC,20.68003
Link,LU0 0,urban decentral air heat pump,14.66799
Link,LU0 0,urban decentral biomass boiler,162.26606
Link,LU0 0,urban decentral gas boiler,1009.37157
Link,LU0 0,urban decentral resistive heater,130.31334
Link,LU0 0,waste CHP,0.00935
Link,LV0 0,BEV charger,2479.62924
Link,LV0 0,Combined-Cycle Gas,1874.14113
Link,LV0 0,H2 Electrolysis,0.00984
Link,LV0 0,HVC to air,7258.57511
Link,LV0 0,Haber-Bosch,0.01595
Link,LV0 0,Open-Cycle Gas,0.07367
Link,LV0 0,SMR,1.35348
Link,LV0 0,Sabatier,0.01056
Link,LV0 0,battery charger,0.14278
Link,LV0 0,battery discharger,0.14572
Link,LV0 0,biogas to gas,70.67554
Link,LV0 0,biomass to liquid,1890.59402
Link,LV0 0,biomass-to-methanol,0.00483
Link,LV0 0,co2 sequestered,44.74766
Link,LV0 0,electricity distribution grid,914.92733
Link,LV0 0,gas for industry,3.42466
Link,LV0 0,gas pipeline,3000.0
Link,LV0 0,heat100-200 industry electric boiler steam,0.00403
Link,LV0 0,heat100-200 industry gas,51.3801
Link,LV0 0,heat100-200 industry industrial heat pump high temperature,16.81819
Link,LV0 0,heat100-200 industry solid biomass,0.07298
Link,LV0 0,heat200-500 industry gas,21.70475
Link,LV0 0,heat200-500 industry hydrogen,0.00585
Link,LV0 0,heat200-500 industry solid biomass,21.66727
Link,LV0 0,heat<100 industry electric boiler steam,0.00392
Link,LV0 0,heat<100 industry gas,119.86384
Link,LV0 0,heat<100 industry industrial heat pump medium temperature,44.34021
Link,LV0 0,heat<100 industry solid biomass,0.14606
Link,LV0 0,heat>500 industry gas,37.84268
Link,LV0 0,heat>500 industry hydrogen,0.0055
Link,LV0 0,home battery charger,0.10638
Link,LV0 0,home battery discharger,0.10858
Link,LV0 0,methanolisation,0.9516
Link,LV0 0,municipal solid waste,7.66718
Link,LV0 0,rural air heat pump,0.00562
Link,LV0 0,rural biomass boiler,1943.56038
Link,LV0 0,rural gas boiler,597.59795
Link,LV0 0,rural ground heat pump,0.00485
Link,LV0 0,rural resistive heater,11.77095
Link,LV0 0,solid biomass for industry,581.05023
Link,LV0 0,unsustainable bioliquids,589547.4948
Link,LV0 0,urban central air heat pump,0.01336
Link,LV0 0,urban central gas CHP,0.07115
Link,LV0 0,urban central gas boiler,2498.31589
Link,LV0 0,urban central resistive heater,2.09241
Link,LV0 0,urban central solid biomass CHP,0.14324
Link,LV0 0,urban central solid biomass CHP CC,135.81318
Link,LV0 0,urban decentral air heat pump,0.00481
Link,LV0 0,urban decentral biomass boiler,1818.15089
Link,LV0 0,urban decentral gas boiler,559.03755
Link,LV0 0,urban decentral resistive heater,11.01261
Link,LV0 0,waste CHP,0.00949
Link,ME0 0,BEV charger,949.45157
Link,ME0 0,CO2 pipeline,0.15776
Link,ME0 0,Combined-Cycle Gas,0.03837
Link,ME0 0,DC,1200.0
Link,ME0 0,EAF,0.00203
Link,ME0 0,H2 DRI,0.00196
Link,ME0 0,H2 Electrolysis,0.01017
Link,ME0 0,HVC to air,3894.38782
Link,ME0 0,Haber-Bosch,0.01257
Link,ME0 0,Open-Cycle Gas,0.07735
Link,ME0 0,SMR,4.41107
Link,ME0 0,Sabatier,0.01047
Link,ME0 0,battery charger,0.15175
Link,ME0 0,battery discharger,0.15488
Link,ME0 0,biogas to gas,0.01605
Link,ME0 0,biomass to liquid,147.10494
Link,ME0 0,biomass-to-methanol,0.00467
Link,ME0 0,electricity distribution grid,488.81569
Link,ME0 0,gas DRI,0.00698
Link,ME0 0,gas for industry,1.36445
Link,ME0 0,heat100-200 industry electric boiler steam,0.00622
Link,ME0 0,heat100-200 industry gas,12.56025
Link,ME0 0,heat100-200 industry industrial heat pump high temperature,4.08636
Link,ME0 0,heat100-200 industry solid biomass,0.09437
Link,ME0 0,heat200-500 industry gas,5.71526
Link,ME0 0,heat200-500 industry hydrogen,0.00755
Link,ME0 0,heat200-500 industry solid biomass,5.70027
Link,ME0 0,heat<100 industry electric boiler steam,0.00639
Link,ME0 0,heat<100 industry gas,12.55995
Link,ME0 0,heat<100 industry industrial heat pump medium temperature,4.57017
Link,ME0 0,heat<100 industry solid biomass,0.23193
Link,ME0 0,heat>500 industry gas,24.17723
Link,ME0 0,heat>500 industry hydrogen,0.00574
Link,ME0 0,home battery charger,0.14414
Link,ME0 0,home battery discharger,0.14711
Link,ME0 0,methanolisation,3.28912
Link,ME0 0,municipal solid waste,0.00525
Link,ME0 0,rural air heat pump,0.01023
Link,ME0 0,rural biomass boiler,0.06177
Link,ME0 0,rural gas boiler,123.09134
Link,ME0 0,rural ground heat pump,0.01264
Link,ME0 0,rural resistive heater,93.07017
Link,ME0 0,solid biomass for industry,27.39726
Link,ME0 0,steel emission,1.30191
Link,ME0 0,urban central air heat pump,0.02219
Link,ME0 0,urban central gas CHP,0.0965
Link,ME0 0,urban central gas boiler,51.41023
Link,ME0 0,urban central resistive heater,4.05878
Link,ME0 0,urban central solid biomass CHP,3.43416
Link,ME0 0,urban central solid biomass CHP CC,5.66034
Link,ME0 0,urban decentral air heat pump,0.01024
Link,ME0 0,urban decentral biomass boiler,0.05954
Link,ME0 0,urban decentral gas boiler,192.91561
Link,ME0 0,urban decentral resistive heater,146.64312
Link,ME0 0,waste CHP,0.00956
Link,MK0 0,BEV charger,3168.90909
Link,MK0 0,CO2 pipeline,0.31352
Link,MK0 0,Combined-Cycle Gas,379.31075
Link,MK0 0,EAF,0.00221
Link,MK0 0,H2 DRI,0.00202
Link,MK0 0,H2 Electrolysis,0.01024
Link,MK0 0,HVC to air,9166.90473
Link,MK0 0,Haber-Bosch,0.01501
Link,MK0 0,Open-Cycle Gas,0.07565
Link,MK0 0,SMR,22.67898
Link,MK0 0,Sabatier,0.01057
Link,MK0 0,battery charger,0.15137
Link,MK0 0,battery discharger,0.15449
Link,MK0 0,biogas to gas,16.62245
Link,MK0 0,biomass to liquid,200.7627
Link,MK0 0,biomass-to-methanol,0.00466
Link,MK0 0,electricity distribution grid,1278.65474
Link,MK0 0,gas DRI,0.00762
Link,MK0 0,gas for industry,34.23262
Link,MK0 0,gas pipeline new,3549.72326
Link,MK0 0,heat100-200 industry electric boiler steam,0.00539
Link,MK0 0,heat100-200 industry gas,23.97593
Link,MK0 0,heat100-200 industry industrial heat pump high temperature,7.83518
Link,MK0 0,heat100-200 industry solid biomass,0.07499
Link,MK0 0,heat200-500 industry gas,6.85379
Link,MK0 0,heat200-500 industry hydrogen,0.0076
Link,MK0 0,heat200-500 industry solid biomass,6.83455
Link,MK0 0,heat<100 industry electric boiler steam,0.00544
Link,MK0 0,heat<100 industry gas,29.68404
Link,MK0 0,heat<100 industry industrial heat pump medium temperature,10.94646
Link,MK0 0,heat<100 industry solid biomass,0.12906
Link,MK0 0,heat>500 industry gas,5.97948
Link,MK0 0,heat>500 industry hydrogen,0.00759
Link,MK0 0,home battery charger,0.39686
Link,MK0 0,home battery discharger,0.40504
Link,MK0 0,methanolisation,17.15972
Link,MK0 0,municipal solid waste,7.59219
Link,MK0 0,rural air heat pump,0.00794
Link,MK0 0,rural biomass boiler,0.05759
Link,MK0 0,rural gas boiler,481.0057
Link,MK0 0,rural ground heat pump,0.00954
Link,MK0 0,rural resistive heater,448.89462
Link,MK0 0,solid biomass for industry,6.84932
Link,MK0 0,steel emission,34.81603
Link,MK0 0,urban central air heat pump,0.0193
Link,MK0 0,urban central gas CHP,0.09304
Link,MK0 0,urban central gas boiler,571.34144
Link,MK0 0,urban central resistive heater,56.3749
Link,MK0 0,urban central solid biomass CHP,0.92069
Link,MK0 0,urban central solid biomass CHP CC,23.68347
Link,MK0 0,urban decentral air heat pump,0.0079
Link,MK0 0,urban decentral biomass boiler,0.05692
Link,MK0 0,urban decentral gas boiler,394.16221
Link,MK0 0,urban decentral resistive heater,369.99377
Link,MK0 0,waste CHP,0.01004
Link,NL0 0,BEV charger,29591.67651
Link,NL0 0,CO2 pipeline,0.00595
Link,NL0 0,Combined-Cycle Gas,18013.8085
Link,NL0 0,DC,2400.0
Link,NL0 0,EAF,0.00322
Link,NL0 0,H2 DRI,0.00239
Link,NL0 0,H2 Electrolysis,0.01054
Link,NL0 0,HVC to air,52401.84877
Link,NL0 0,Haber-Bosch,0.01769
Link,NL0 0,Open-Cycle Gas,0.09493
Link,NL0 0,SMR,2.53399
Link,NL0 0,Sabatier,0.01158
Link,NL0 0,battery charger,0.14226
Link,NL0 0,battery discharger,0.1452
Link,NL0 0,biogas to gas,312.12886
Link,NL0 0,biomass to liquid,0.09518
Link,NL0 0,biomass-to-methanol,0.00475
Link,NL0 0,co2 sequestered,188.96734
Link,NL0 0,electricity distribution grid,16611.53412
Link,NL0 0,gas DRI,0.01098
Link,NL0 0,gas for industry,450.56349
Link,NL0 0,gas pipeline,21000.0
Link,NL0 0,heat100-200 industry electric boiler steam,0.007
Link,NL0 0,heat100-200 industry gas,3159.82157
Link,NL0 0,heat100-200 industry industrial heat pump high temperature,1035.9901
Link,NL0 0,heat100-200 industry solid biomass,0.03501
Link,NL0 0,heat200-500 industry gas,890.41168
Link,NL0 0,heat200-500 industry hydrogen,0.005
Link,NL0 0,heat200-500 industry solid biomass,266.48875
Link,NL0 0,heat<100 industry electric boiler steam,0.00668
Link,NL0 0,heat<100 industry gas,2694.0695
Link,NL0 0,heat<100 industry industrial heat pump medium temperature,997.77756
Link,NL0 0,heat<100 industry solid biomass,0.04779
Link,NL0 0,heat>500 industry gas,3024.15786
Link,NL0 0,heat>500 industry hydrogen,0.00727
Link,NL0 0,home battery charger,0.105
Link,NL0 0,home battery discharger,0.10716
Link,NL0 0,methanolisation,1.84831
Link,NL0 0,municipal solid waste,520.52916
Link,NL0 0,rural air heat pump,0.0195
Link,NL0 0,rural biomass boiler,104.9668
Link,NL0 0,rural gas boiler,3916.29125
Link,NL0 0,rural ground heat pump,768.88024
Link,NL0 0,rural resistive heater,31.87297
Link,NL0 0,solid biomass for industry,264.84018
Link,NL0 0,steel emission,317.15949
Link,NL0 0,unsustainable bioliquids,13658449.0086
Link,NL0 0,urban central air heat pump,0.02016
Link,NL0 0,urban central gas CHP,0.11321
Link,NL0 0,urban central gas boiler,8259.89784
Link,NL0 0,urban central resistive heater,790.67252
Link,NL0 0,urban central solid biomass CHP,0.24664
Link,NL0 0,urban central solid biomass CHP CC,572.7421
Link,NL0 0,urban decentral air heat pump,858.4718
Link,NL0 0,urban decentral biomass boiler,964.30908
Link,NL0 0,urban decentral gas boiler,35978.18606
Link,NL0 0,urban decentral resistive heater,907.38727
Link,NL0 0,waste CHP,0.01234
Link,NO1 0,BEV charger,8161.92529
Link,NO1 0,CO2 pipeline,0.31449
Link,NO1 0,Combined-Cycle Gas,1298.27999
Link,NO1 0,DC,5140.0
Link,NO1 0,EAF,0.00276
Link,NO1 0,H2 DRI,0.00221
Link,NO1 0,H2 Electrolysis,0.01021
Link,NO1 0,HVC to air,19540.84089
Link,NO1 0,Haber-Bosch,727.85171
Link,NO1 0,Open-Cycle Gas,0.06724
Link,NO1 0,SMR,4449.14573
Link,NO1 0,Sabatier,0.01242
Link,NO1 0,battery charger,0.15131
Link,NO1 0,battery discharger,0.15443
Link,NO1 0,biogas to gas,76.01018
Link,NO1 0,biomass to liquid,0.01297
Link,NO1 0,biomass-to-methanol,0.00391
Link,NO1 0,co2 sequestered,0.71303
Link,NO1 0,electricity distribution grid,14366.69954
Link,NO1 0,gas DRI,0.00948
Link,NO1 0,gas for industry,333.60591
Link,NO1 0,gas pipeline,12915.0
Link,NO1 0,gas pipeline new,5368.23889
Link,NO1 0,heat100-200 industry electric boiler steam,0.00511
Link,NO1 0,heat100-200 industry gas,675.80193
Link,NO1 0,heat100-200 industry industrial heat pump high temperature,221.5697
Link,NO1 0,heat100-200 industry solid biomass,0.00338
Link,NO1 0,heat200-500 industry gas,234.63842
Link,NO1 0,heat200-500 industry hydrogen,0.00452
Link,NO1 0,heat200-500 industry solid biomass,0.00426
Link,NO1 0,heat<100 industry electric boiler steam,0.00512
Link,NO1 0,heat<100 industry gas,525.11621
Link,NO1 0,heat<100 industry industrial heat pump medium temperature,194.48234
Link,NO1 0,heat<100 industry solid biomass,0.00343
Link,NO1 0,heat>500 industry gas,1279.83281
Link,NO1 0,heat>500 industry hydrogen,0.00564
Link,NO1 0,home battery charger,0.15314
Link,NO1 0,home battery discharger,0.1563
Link,NO1 0,methanolisation,1.38469
Link,NO1 0,municipal solid waste,208.90874
Link,NO1 0,rural air heat pump,0.00919
Link,NO1 0,rural biomass boiler,1489.5115
Link,NO1 0,rural gas boiler,49.09963
Link,NO1 0,rural ground heat pump,650.22364
Link,NO1 0,rural resistive heater,71.73768
Link,NO1 0,solid biomass for industry,874.42922
Link,NO1 0,steel emission,120.10071
Link,NO1 0,unsustainable bioliquids,582078.9414
Link,NO1 0,urban central air heat pump,0.01331
Link,NO1 0,urban central gas CHP,0.05685
Link,NO1 0,urban central gas boiler,2685.54153
Link,NO1 0,urban central resistive heater,2.27685
Link,NO1 0,urban central solid biomass CHP,0.01424
Link,NO1 0,urban central solid biomass CHP CC,0.00777
Link,NO1 0,urban decentral air heat pump,4125.48511
Link,NO1 0,urban decentral biomass boiler,5186.69517
Link,NO1 0,urban decentral gas boiler,1691.99425
Link,NO1 0,urban decentral resistive heater,1589.76576
Link,NO1 0,waste CHP,0.01019
Link,PL0 0,BEV charger,83068.16606
Link,PL0 0,CO2 pipeline,0.04665
Link,PL0 0,Combined-Cycle Gas,10788.79933
Link,PL0 0,DC,600.0
Link,PL0 0,EAF,0.00288
Link,PL0 0,H2 DRI,0.00226
Link,PL0 0,H2 Electrolysis,0.0096
Link,PL0 0,HVC to air,108836.27344
Link,PL0 0,Haber-Bosch,0.01452
Link,PL0 0,Open-Cycle Gas,0.12503
Link,PL0 0,SMR,0.5239
Link,PL0 0,Sabatier,0.01073
Link,PL0 0,battery charger,0.14914
Link,PL0 0,battery discharger,0.15222
Link,PL0 0,biogas to gas,261.59177
Link,PL0 0,biomass to liquid,0.07145
Link,PL0 0,biomass-to-methanol,0.00465
Link,PL0 0,co2 sequestered,172.95676
Link,PL0 0,electricity distribution grid,26449.65515
Link,PL0 0,gas DRI,0.00986
Link,PL0 0,gas for industry,496.71336
Link,PL0 0,gas pipeline,12000.0
Link,PL0 0,heat100-200 industry electric boiler steam,0.00551
Link,PL0 0,heat100-200 industry gas,2033.10793
Link,PL0 0,heat100-200 industry industrial heat pump high temperature,666.50014
Link,PL0 0,heat100-200 industry solid biomass,0.17939
Link,PL0 0,heat200-500 industry gas,765.98757
Link,PL0 0,heat200-500 industry hydrogen,0.00484
Link,PL0 0,heat200-500 industry solid biomass,0.77589
Link,PL0 0,heat<100 industry electric boiler steam,0.00544
Link,PL0 0,heat<100 industry gas,1982.8785
Link,PL0 0,heat<100 industry industrial heat pump medium temperature,0.02555
Link,PL0 0,heat<100 industry solid biomass,771.07221
Link,PL0 0,heat>500 industry gas,2572.08268
Link,PL0 0,heat>500 industry hydrogen,0.00733
Link,PL0 0,home battery charger,0.11489
Link,PL0 0,home battery discharger,0.11726
Link,PL0 0,methanolisation,0.33084
Link,PL0 0,municipal solid waste,267.15123
Link,PL0 0,rural air heat pump,0.01362
Link,PL0 0,rural biomass boiler,13135.80914
Link,PL0 0,rural gas boiler,5435.37092
Link,PL0 0,rural ground heat pump,72.50503
Link,PL0 0,rural resistive heater,4303.64628
Link,PL0 0,solid biomass for industry,3563.92694
Link,PL0 0,steel emission,234.38701
Link,PL0 0,unsustainable bioliquids,7528125.2838
Link,PL0 0,urban central air heat pump,0.01051
Link,PL0 0,urban central gas CHP,1220.83615
Link,PL0 0,urban central gas boiler,21595.42874
Link,PL0 0,urban central resistive heater,920.44133
Link,PL0 0,urban central solid biomass CHP,913.68183
Link,PL0 0,urban central solid biomass CHP CC,523.90999
Link,PL0 0,urban decentral air heat pump,10.20197
Link,PL0 0,urban decentral biomass boiler,11161.04665
Link,PL0 0,urban decentral gas boiler,4618.24831
Link,PL0 0,urban decentral resistive heater,3658.13774
Link,PL0 0,waste CHP,0.01319
Link,PT0 0,BEV charger,18738.08981
Link,PT0 0,Combined-Cycle Gas,7536.20796
Link,PT0 0,H2 Electrolysis,0.01112
Link,PT0 0,HVC to air,33585.23617
Link,PT0 0,Haber-Bosch,0.06192
Link,PT0 0,Open-Cycle Gas,0.08372
Link,PT0 0,SMR,193.95895
Link,PT0 0,Sabatier,0.01225
Link,PT0 0,battery charger,0.18805
Link,PT0 0,battery discharger,0.19193
Link,PT0 0,biogas to gas,70.23592
Link,PT0 0,biomass to liquid,1036.00034
Link,PT0 0,biomass-to-methanol,0.00475
Link,PT0 0,co2 sequestered,20.88812
Link,PT0 0,electricity distribution grid,13035.15028
Link,PT0 0,gas for industry,159.81735
Link,PT0 0,heat100-200 industry electric boiler steam,0.00445
Link,PT0 0,heat100-200 industry gas,497.72152
Link,PT0 0,heat100-200 industry industrial heat pump high temperature,163.17323
Link,PT0 0,heat100-200 industry solid biomass,0.03323
Link,PT0 0,heat200-500 industry gas,191.79521
Link,PT0 0,heat200-500 industry hydrogen,0.00495
Link,PT0 0,heat200-500 industry solid biomass,191.75575
Link,PT0 0,heat<100 industry electric boiler steam,0.00455
Link,PT0 0,heat<100 industry gas,495.43847
Link,PT0 0,heat<100 industry industrial heat pump medium temperature,183.47621
Link,PT0 0,heat<100 industry solid biomass,0.0421
Link,PT0 0,heat>500 industry gas,580.05188
Link,PT0 0,heat>500 industry hydrogen,0.00475
Link,PT0 0,home battery charger,0.47747
Link,PT0 0,home battery discharger,0.48731
Link,PT0 0,methanolisation,147.12568
Link,PT0 0,municipal solid waste,131.3003
Link,PT0 0,rural air heat pump,0.01833
Link,PT0 0,rural biomass boiler,1405.36285
Link,PT0 0,rural gas boiler,911.90572
Link,PT0 0,rural ground heat pump,93.69883
Link,PT0 0,rural resistive heater,10517.13855
Link,PT0 0,solid biomass for industry,1518.26484
Link,PT0 0,unsustainable bioliquids,2664546.5088
Link,PT0 0,urban central air heat pump,0.05409
Link,PT0 0,urban central gas CHP,0.0844
Link,PT0 0,urban central gas boiler,1674.62061
Link,PT0 0,urban central resistive heater,71.669
Link,PT0 0,urban central solid biomass CHP,0.12719
Link,PT0 0,urban central solid biomass CHP CC,97.21449
Link,PT0 0,urban decentral air heat pump,1245.42568
Link,PT0 0,urban decentral biomass boiler,1818.6776
Link,PT0 0,urban decentral gas boiler,1180.0956
Link,PT0 0,urban decentral resistive heater,11095.63079
Link,PT0 0,waste CHP,0.01193
Link,RO0 0,BEV charger,23539.17544
Link,RO0 0,CO2 pipeline,0.03794
Link,RO0 0,Combined-Cycle Gas,2175.0025
Link,RO0 0,EAF,0.0026
Link,RO0 0,H2 DRI,0.00212
Link,RO0 0,H2 Electrolysis,0.01002
Link,RO0 0,HVC to air,54743.45127
Link,RO0 0,Haber-Bosch,0.0155
Link,RO0 0,Open-Cycle Gas,0.07793
Link,RO0 0,SMR,519.33691
Link,RO0 0,Sabatier,0.01065
Link,RO0 0,battery charger,0.15127
Link,RO0 0,battery discharger,0.15439
Link,RO0 0,biogas to gas,16.6435
Link,RO0 0,biomass to liquid,726.60085
Link,RO0 0,biomass-to-methanol,0.00483
Link,RO0 0,electricity distribution grid,8143.49847
Link,RO0 0,gas DRI,0.00902
Link,RO0 0,gas for industry,542.40363
Link,RO0 0,gas pipeline,1500.0
Link,RO0 0,heat100-200 industry electric boiler steam,0.00462
Link,RO0 0,heat100-200 industry gas,913.24692
Link,RO0 0,heat100-200 industry industrial heat pump high temperature,299.37504
Link,RO0 0,heat100-200 industry solid biomass,0.14517
Link,RO0 0,heat200-500 industry gas,255.70928
Link,RO0 0,heat200-500 industry hydrogen,0.00425
Link,RO0 0,heat200-500 industry solid biomass,255.68257
Link,RO0 0,heat<100 industry electric boiler steam,0.00438
Link,RO0 0,heat<100 industry gas,728.31605
Link,RO0 0,heat<100 industry industrial heat pump medium temperature,0.03063
Link,RO0 0,heat<100 industry solid biomass,818.20491
Link,RO0 0,heat>500 industry gas,911.10366
Link,RO0 0,heat>500 industry hydrogen,0.00521
Link,RO0 0,home battery charger,0.10727
Link,RO0 0,home battery discharger,0.10948
Link,RO0 0,methanolisation,394.62507
Link,RO0 0,municipal solid waste,87.80766
Link,RO0 0,rural air heat pump,0.01235
Link,RO0 0,rural biomass boiler,7262.39816
Link,RO0 0,rural gas boiler,5126.83577
Link,RO0 0,rural ground heat pump,0.02107
Link,RO0 0,rural resistive heater,226.84066
Link,RO0 0,solid biomass for industry,513.69863
Link,RO0 0,steel emission,111.16868
Link,RO0 0,unsustainable bioliquids,1681652.643
Link,RO0 0,urban central air heat pump,0.01282
Link,RO0 0,urban central gas CHP,0.13058
Link,RO0 0,urban central gas boiler,3928.7872
Link,RO0 0,urban central resistive heater,115.29909
Link,RO0 0,urban central solid biomass CHP,51.73344
Link,RO0 0,urban central solid biomass CHP CC,260.59352
Link,RO0 0,urban decentral air heat pump,0.01051
Link,RO0 0,urban decentral biomass boiler,6033.07044
Link,RO0 0,urban decentral gas boiler,4259.00104
Link,RO0 0,urban decentral resistive heater,188.44345
Link,RO0 0,waste CHP,0.01271
Link,RS0 0,BEV charger,10598.13864
Link,RS0 0,CO2 pipeline,0.06452
Link,RS0 0,Combined-Cycle Gas,515.51793
Link,RS0 0,EAF,0.00234
Link,RS0 0,H2 DRI,0.00206
Link,RS0 0,H2 Electrolysis,0.01021
Link,RS0 0,HVC to air,23009.85664
Link,RS0 0,Haber-Bosch,0.01015
Link,RS0 0,Open-Cycle Gas,0.07614
Link,RS0 0,SMR,0.50749
Link,RS0 0,Sabatier,0.0111
Link,RS0 0,battery charger,0.14758
Link,RS0 0,battery discharger,0.15063
Link,RS0 0,biogas to gas,24.9257
Link,RS0 0,biomass to liquid,683.50452
Link,RS0 0,biomass-to-methanol,0.00478
Link,RS0 0,electricity distribution grid,7956.93277
Link,RS0 0,gas DRI,0.00804
Link,RS0 0,gas for industry,105.0992
Link,RS0 0,gas pipeline,1500.0
Link,RS0 0,gas pipeline new,3482.53798
Link,RS0 0,heat100-200 industry electric boiler steam,0.00409
Link,RS0 0,heat100-200 industry gas,211.18994
Link,RS0 0,heat100-200 industry industrial heat pump high temperature,69.20884
Link,RS0 0,heat100-200 industry solid biomass,0.10196
Link,RS0 0,heat200-500 industry gas,58.22772
Link,RS0 0,heat200-500 industry hydrogen,0.00582
Link,RS0 0,heat200-500 industry solid biomass,58.20989
Link,RS0 0,heat<100 industry electric boiler steam,0.00402
Link,RS0 0,heat<100 industry gas,230.59608
Link,RS0 0,heat<100 industry industrial heat pump medium temperature,0.0674
Link,RS0 0,heat<100 industry solid biomass,258.87534
Link,RS0 0,heat>500 industry gas,50.38667
Link,RS0 0,heat>500 industry hydrogen,0.00528
Link,RS0 0,home battery charger,0.36263
Link,RS0 0,home battery discharger,0.37011
Link,RS0 0,methanolisation,0.33669
Link,RS0 0,municipal solid waste,100.9728
Link,RS0 0,rural air heat pump,0.00806
Link,RS0 0,rural biomass boiler,0.06541
Link,RS0 0,rural gas boiler,3018.58732
Link,RS0 0,rural ground heat pump,0.01108
Link,RS0 0,rural resistive heater,2327.94357
Link,RS0 0,solid biomass for industry,133.56164
Link,RS0 0,steel emission,66.34072
Link,RS0 0,urban central air heat pump,0.0165
Link,RS0 0,urban central gas CHP,0.09678
Link,RS0 0,urban central gas boiler,3288.06703
Link,RS0 0,urban central resistive heater,153.6779
Link,RS0 0,urban central solid biomass CHP,214.91196
Link,RS0 0,urban central solid biomass CHP CC,0.32348
Link,RS0 0,urban decentral air heat pump,0.00803
Link,RS0 0,urban decentral biomass boiler,0.06416
Link,RS0 0,urban decentral gas boiler,1991.60017
Link,RS0 0,urban decentral resistive heater,1545.97798
Link,RS0 0,waste CHP,0.01136
Link,SE1 0,BEV charger,16665.06556
Link,SE1 0,Combined-Cycle Gas,86.20721
Link,SE1 0,DC,3880.0
Link,SE1 0,EAF,0.00269
Link,SE1 0,H2 DRI,0.00228
Link,SE1 0,H2 Electrolysis,0.00992
Link,SE1 0,HVC to air,38844.46198
Link,SE1 0,Haber-Bosch,0.02777
Link,SE1 0,Open-Cycle Gas,0.06864
Link,SE1 0,SMR,22.74506
Link,SE1 0,Sabatier,0.01268
Link,SE1 0,battery charger,0.1497
Link,SE1 0,battery discharger,0.15279
Link,SE1 0,biogas to gas,159.07404
Link,SE1 0,biomass to liquid,5239.51324
Link,SE1 0,biomass-to-methanol,0.00475
Link,SE1 0,co2 sequestered,656.32072
Link,SE1 0,electricity distribution grid,22834.94516
Link,SE1 0,gas DRI,0.00898
Link,SE1 0,gas for industry,84.22813
Link,SE1 0,heat100-200 industry electric boiler steam,0.00466
Link,SE1 0,heat100-200 industry gas,219.18016
Link,SE1 0,heat100-200 industry industrial heat pump high temperature,71.84744
Link,SE1 0,heat100-200 industry solid biomass,0.03989
Link,SE1 0,heat200-500 industry gas,70.78607
Link,SE1 0,heat200-500 industry hydrogen,0.0052
Link,SE1 0,heat200-500 industry solid biomass,70.76334
Link,SE1 0,heat<100 industry electric boiler steam,0.00475
Link,SE1 0,heat<100 industry gas,764.84559
Link,SE1 0,heat<100 industry industrial heat pump medium temperature,283.25537
Link,SE1 0,heat<100 industry solid biomass,0.04678
Link,SE1 0,heat>500 industry gas,258.13105
Link,SE1 0,heat>500 industry hydrogen,0.00447
Link,SE1 0,home battery charger,0.14834
Link,SE1 0,home battery discharger,0.1514
Link,SE1 0,methanolisation,17.15352
Link,SE1 0,municipal solid waste,294.3361
Link,SE1 0,rural air heat pump,0.01236
Link,SE1 0,rural biomass boiler,329.06232
Link,SE1 0,rural gas boiler,35.25169
Link,SE1 0,rural ground heat pump,1461.22075
Link,SE1 0,rural resistive heater,337.84571
Link,SE1 0,solid biomass for industry,5742.00913
Link,SE1 0,steel emission,148.8569
Link,SE1 0,unsustainable bioliquids,3860336.3634
Link,SE1 0,urban central air heat pump,0.01369
Link,SE1 0,urban central gas CHP,0.06068
Link,SE1 0,urban central gas boiler,15946.28018
Link,SE1 0,urban central resistive heater,0.22562
Link,SE1 0,urban central solid biomass CHP,0.33999
Link,SE1 0,urban central solid biomass CHP CC,2000.8678
Link,SE1 0,urban decentral air heat pump,3390.25885
Link,SE1 0,urban decentral biomass boiler,6498.30393
Link,SE1 0,urban decentral gas boiler,696.14838
Link,SE1 0,urban decentral resistive heater,4896.96046
Link,SE1 0,waste CHP,0.01171
Link,SI0 0,BEV charger,3973.91511
Link,SI0 0,Combined-Cycle Gas,334.48328
Link,SI0 0,H2 Electrolysis,0.00964
Link,SI0 0,HVC to air,9034.18463
Link,SI0 0,Haber-Bosch,0.00884
Link,SI0 0,Open-Cycle Gas,0.08008
Link,SI0 0,SMR,0.44672
Link,SI0 0,Sabatier,0.00986
Link,SI0 0,battery charger,0.1458
Link,SI0 0,battery discharger,0.14881
Link,SI0 0,biogas to gas,19.47128
Link,SI0 0,biomass to liquid,137.67875
Link,SI0 0,biomass-to-methanol,0.00482
Link,SI0 0,electricity distribution grid,1890.21972
Link,SI0 0,gas for industry,125.57078
Link,SI0 0,gas pipeline,20060.2
Link,SI0 0,heat100-200 industry electric boiler steam,0.00373
Link,SI0 0,heat100-200 industry gas,235.1617
Link,SI0 0,heat100-200 industry industrial heat pump high temperature,77.03551
Link,SI0 0,heat100-200 industry solid biomass,0.21498
Link,SI0 0,heat200-500 industry gas,63.93875
Link,SI0 0,heat200-500 industry hydrogen,0.00552
Link,SI0 0,heat200-500 industry solid biomass,63.9189
Link,SI0 0,heat<100 industry electric boiler steam,0.00364
Link,SI0 0,heat<100 industry gas,103.88324
Link,SI0 0,heat<100 industry industrial heat pump medium temperature,0.03696
Link,SI0 0,heat<100 industry solid biomass,116.59596
Link,SI0 0,heat>500 industry gas,140.54702
Link,SI0 0,heat>500 industry hydrogen,0.00478
Link,SI0 0,home battery charger,0.10518
Link,SI0 0,home battery discharger,0.10735
Link,SI0 0,methanolisation,0.29632
Link,SI0 0,municipal solid waste,10.50198
Link,SI0 0,rural air heat pump,0.01241
Link,SI0 0,rural biomass boiler,1297.50958
Link,SI0 0,rural gas boiler,154.14429
Link,SI0 0,rural ground heat pump,54.63415
Link,SI0 0,rural resistive heater,166.45858
Link,SI0 0,solid biomass for industry,166.66667
Link,SI0 0,urban central air heat pump,0.01312
Link,SI0 0,urban central gas CHP,0.10766
Link,SI0 0,urban central gas boiler,651.6529
Link,SI0 0,urban central resistive heater,40.44125
Link,SI0 0,urban central solid biomass CHP,77.65229
Link,SI0 0,urban central solid biomass CHP CC,0.33188
Link,SI0 0,urban decentral air heat pump,22.40553
Link,SI0 0,urban decentral biomass boiler,1326.88286
Link,SI0 0,urban decentral gas boiler,157.63384
Link,SI0 0,urban decentral resistive heater,182.13901
Link,SI0 0,waste CHP,0.00999
Link,SK0 0,BEV charger,8162.09757
Link,SK0 0,Combined-Cycle Gas,1341.15592
Link,SK0 0,EAF,0.00272
Link,SK0 0,H2 DRI,0.00225
Link,SK0 0,H2 Electrolysis,0.00989
Link,SK0 0,HVC to air,18134.13409
Link,SK0 0,Haber-Bosch,0.01269
Link,SK0 0,Open-Cycle Gas,0.08644
Link,SK0 0,SMR,229.46862
Link,SK0 0,Sabatier,0.01032
Link,SK0 0,battery charger,0.14522
Link,SK0 0,battery discharger,0.14821
Link,SK0 0,biogas to gas,125.25551
Link,SK0 0,biomass to liquid,75.27573
Link,SK0 0,biomass-to-methanol,0.00467
Link,SK0 0,electricity distribution grid,3623.72585
Link,SK0 0,gas DRI,0.0092
Link,SK0 0,gas for industry,66.94154
Link,SK0 0,gas pipeline,1500.0
Link,SK0 0,heat100-200 industry electric boiler steam,0.00413
Link,SK0 0,heat100-200 industry gas,537.67342
Link,SK0 0,heat100-200 industry industrial heat pump high temperature,7.00532
Link,SK0 0,heat100-200 industry solid biomass,580.08875
Link,SK0 0,heat200-500 industry gas,149.55
Link,SK0 0,heat200-500 industry hydrogen,0.00468
Link,SK0 0,heat200-500 industry solid biomass,149.51809
Link,SK0 0,heat<100 industry electric boiler steam,0.00372
Link,SK0 0,heat<100 industry gas,259.13524
Link,SK0 0,heat<100 industry industrial heat pump medium temperature,0.02191
Link,SK0 0,heat<100 industry solid biomass,291.06321
Link,SK0 0,heat>500 industry gas,389.40713
Link,SK0 0,heat>500 industry hydrogen,0.00466
Link,SK0 0,home battery charger,0.10465
Link,SK0 0,home battery discharger,0.10681
Link,SK0 0,methanolisation,174.3364
Link,SK0 0,municipal solid waste,42.96826
Link,SK0 0,rural air heat pump,0.01282
Link,SK0 0,rural biomass boiler,118.04309
Link,SK0 0,rural gas boiler,3599.41994
Link,SK0 0,rural ground heat pump,16.99071
Link,SK0 0,rural resistive heater,260.52377
Link,SK0 0,solid biomass for industry,773.9726
Link,SK0 0,steel emission,174.274
Link,SK0 0,unsustainable bioliquids,1316046.6132
Link,SK0 0,urban central air heat pump,0.0116
Link,SK0 0,urban central gas CHP,0.15835
Link,SK0 0,urban central gas boiler,1884.72738
Link,SK0 0,urban central resistive heater,1.56106
Link,SK0 0,urban central solid biomass CHP,42.78974
Link,SK0 0,urban central solid biomass CHP CC,115.13098
Link,SK0 0,urban decentral air heat pump,43.32575
Link,SK0 0,urban decentral biomass boiler,104.34659
Link,SK0 0,urban decentral gas boiler,3181.78043
Link,SK0 0,urban decentral resistive heater,258.40134
Link,SK0 0,waste CHP,0.011
Link,XK0 0,BEV charger,2720.13295
Link,XK0 0,Combined-Cycle Gas,0.03995
Link,XK0 0,EAF,0.00203
Link,XK0 0,H2 DRI,0.00194
Link,XK0 0,H2 Electrolysis,0.00992
Link,XK0 0,HVC to air,7647.62352
Link,XK0 0,Haber-Bosch,0.0123
Link,XK0 0,Open-Cycle Gas,0.07656
Link,XK0 0,SMR,14.74122
Link,XK0 0,Sabatier,0.01032
Link,XK0 0,battery charger,0.15111
Link,XK0 0,battery discharger,0.15422
Link,XK0 0,biogas to gas,0.01666
Link,XK0 0,biomass to liquid,280.7335
Link,XK0 0,biomass-to-methanol,0.00472
Link,XK0 0,electricity distribution grid,1031.84244
Link,XK0 0,gas DRI,0.00704
Link,XK0 0,gas for industry,9.46061
Link,XK0 0,heat100-200 industry electric boiler steam,0.00536
Link,XK0 0,heat100-200 industry gas,21.6928
Link,XK0 0,heat100-200 industry industrial heat pump high temperature,7.08272
Link,XK0 0,heat100-200 industry solid biomass,0.0876
Link,XK0 0,heat200-500 industry gas,7.99446
Link,XK0 0,heat200-500 industry hydrogen,0.00724
Link,XK0 0,heat200-500 industry solid biomass,7.97906
Link,XK0 0,heat<100 industry electric boiler steam,0.00549
Link,XK0 0,heat<100 industry gas,22.8354
Link,XK0 0,heat<100 industry industrial heat pump medium temperature,8.38769
Link,XK0 0,heat<100 industry solid biomass,0.19423
Link,XK0 0,heat>500 industry gas,12.80439
Link,XK0 0,heat>500 industry hydrogen,0.00649
Link,XK0 0,home battery charger,0.37721
Link,XK0 0,home battery discharger,0.38499
Link,XK0 0,methanolisation,10.72243
Link,XK0 0,municipal solid waste,0.00717
Link,XK0 0,rural air heat pump,0.01635
Link,XK0 0,rural biomass boiler,0.04461
Link,XK0 0,rural gas boiler,0.06922
Link,XK0 0,rural ground heat pump,8.32224
Link,XK0 0,rural resistive heater,0.26711
Link,XK0 0,solid biomass for industry,11.41553
Link,XK0 0,steel emission,10.54184
Link,XK0 0,urban central air heat pump,0.01564
Link,XK0 0,urban central gas CHP,0.07553
Link,XK0 0,urban central gas boiler,0.18828
Link,XK0 0,urban central resistive heater,0.94348
Link,XK0 0,urban central solid biomass CHP,1.13169
Link,XK0 0,urban central solid biomass CHP CC,7.76096
Link,XK0 0,urban decentral air heat pump,0.02229
Link,XK0 0,urban decentral biomass boiler,0.08823
Link,XK0 0,urban decentral gas boiler,29.43971
Link,XK0 0,urban decentral resistive heater,32.05807
Link,XK0 0,waste CHP,0.0095
StorageUnit,AL0 0,Reservoir & Dam,1690.7
StorageUnit,AT0 0,Pumped Hydro Storage,5303.3
StorageUnit,AT0 0,Reservoir & Dam,4353.12
StorageUnit,AT0 0,rural heat vent,0.11157
StorageUnit,BA0 0,Pumped Hydro Storage,440.0
StorageUnit,BA0 0,Reservoir & Dam,1773.5
StorageUnit,BE0 0,Pumped Hydro Storage,1308.0
StorageUnit,BE0 0,Reservoir & Dam,12.73567
StorageUnit,BE0 0,rural heat vent,0.13093
StorageUnit,BG0 0,Pumped Hydro Storage,864.0
StorageUnit,BG0 0,Reservoir & Dam,1925.14
StorageUnit,BG0 0,rural heat vent,2.70892
StorageUnit,CH0 0,Pumped Hydro Storage,5107.55
StorageUnit,CH0 0,Reservoir & Dam,10456.87
StorageUnit,CH0 0,rural heat vent,3.18477
StorageUnit,CZ0 0,Pumped Hydro Storage,1175.00955
StorageUnit,CZ0 0,Reservoir & Dam,672.9839
StorageUnit,CZ0 0,rural heat vent,1.84296
StorageUnit,DE0 0,Pumped Hydro Storage,320.0
StorageUnit,DE0 0,rural heat vent,0.11948
StorageUnit,DE0 1,Pumped Hydro Storage,1550.098
StorageUnit,DE0 1,rural heat vent,0.11204
StorageUnit,DE0 2,Pumped Hydro Storage,2083.5
StorageUnit,DE0 2,rural heat vent,0.1211
StorageUnit,DE0 3,Pumped Hydro Storage,590.508
StorageUnit,DE0 3,rural heat vent,0.10851
StorageUnit,DE0 4,Pumped Hydro Storage,1697.9
StorageUnit,DE0 4,rural heat vent,0.10925
StorageUnit,DE0 5,Pumped Hydro Storage,999.8
StorageUnit,DE0 5,rural heat vent,0.11263
StorageUnit,DK0 0,rural heat vent,5.0109
StorageUnit,DK1 0,rural heat vent,6.00949
StorageUnit,EE0 0,rural heat vent,2.19404
StorageUnit,ES0 0,Pumped Hydro Storage,7498.35
StorageUnit,ES0 0,Reservoir & Dam,13659.142
StorageUnit,ES0 0,rural heat vent,5.22695
StorageUnit,ES6 0,Pumped Hydro Storage,1372.4
StorageUnit,ES6 0,Reservoir & Dam,1264.195
StorageUnit,ES6 0,rural heat vent,0.20075
StorageUnit,FI1 0,Reservoir & Dam,1171.0
StorageUnit,FI1 0,rural heat vent,2.07566
StorageUnit,FR0 0,Pumped Hydro Storage,808.0
StorageUnit,FR0 0,rural heat vent,2.24839
StorageUnit,FR0 1,Pumped Hydro Storage,3507.3
StorageUnit,FR0 1,Reservoir & Dam,4712.32484
StorageUnit,FR0 1,rural heat vent,2.45865
StorageUnit,FR0 2,Pumped Hydro Storage,921.0
StorageUnit,FR0 2,Reservoir & Dam,3587.20637
StorageUnit,FR0 2,rural heat vent,2.24673
StorageUnit,FR0 3,rural heat vent,2.22773
StorageUnit,FR0 4,Reservoir & Dam,139.0
StorageUnit,FR0 4,rural heat vent,2790.17672
StorageUnit,FR5 0,Reservoir & Dam,134.96178
StorageUnit,FR5 0,rural heat vent,8.48068
StorageUnit,GB2 0,Reservoir & Dam,79.5
StorageUnit,GB2 0,rural heat vent,0.14309
StorageUnit,GB2 1,rural heat vent,0.14139
StorageUnit,GB3 0,Pumped Hydro Storage,440.0
StorageUnit,GB3 0,Reservoir & Dam,142.0
StorageUnit,GB3 0,rural heat vent,2.32641
StorageUnit,GR0 0,Pumped Hydro Storage,699.0
StorageUnit,GR0 0,Reservoir & Dam,2566.0
StorageUnit,GR0 0,rural heat vent,3.93552
StorageUnit,HR0 0,Pumped Hydro Storage,245.7
StorageUnit,HR0 0,Reservoir & Dam,1452.40446
StorageUnit,HR0 0,rural heat vent,2.30265
StorageUnit,HU0 0,Reservoir & Dam,28.0
StorageUnit,HU0 0,rural heat vent,0.19695
StorageUnit,IE3 0,Pumped Hydro Storage,392.0
StorageUnit,IE3 0,Reservoir & Dam,1.0
StorageUnit,IE3 0,rural heat vent,0.13509
StorageUnit,IT0 0,Pumped Hydro Storage,2396.0
StorageUnit,IT0 0,Reservoir & Dam,729.0
StorageUnit,IT0 0,rural heat vent,0.14501
StorageUnit,IT0 1,Pumped Hydro Storage,4935.9
StorageUnit,IT0 1,Reservoir & Dam,3387.8
StorageUnit,IT0 1,rural heat vent,0.17156
StorageUnit,IT4 0,Pumped Hydro Storage,240.0
StorageUnit,IT4 0,Reservoir & Dam,78.0
StorageUnit,IT4 0,rural heat vent,2.27818
StorageUnit,LT0 0,Pumped Hydro Storage,900.0
StorageUnit,LT0 0,rural heat vent,0.22628
StorageUnit,LU0 0,Pumped Hydro Storage,1294.0
StorageUnit,LU0 0,rural heat vent,0.13769
StorageUnit,LV0 0,rural heat vent,0.23817
StorageUnit,ME0 0,Pumped Hydro Storage,307.0
StorageUnit,ME0 0,Reservoir & Dam,344.961
StorageUnit,MK0 0,Reservoir & Dam,371.0
StorageUnit,NL0 0,rural heat vent,0.21235
StorageUnit,NO1 0,Pumped Hydro Storage,234.3
StorageUnit,NO1 0,Reservoir & Dam,30270.91
StorageUnit,NO1 0,rural heat vent,1.72683
StorageUnit,PL0 0,Pumped Hydro Storage,2548.0
StorageUnit,PL0 0,Reservoir & Dam,132.99363
StorageUnit,PL0 0,rural heat vent,1.93974
StorageUnit,PT0 0,Pumped Hydro Storage,3923.0
StorageUnit,PT0 0,Reservoir & Dam,1159.4
StorageUnit,PT0 0,rural heat vent,8.98012
StorageUnit,RO0 0,Reservoir & Dam,4449.94
StorageUnit,RO0 0,rural heat vent,0.11305
StorageUnit,RS0 0,Pumped Hydro Storage,614.0
StorageUnit,RS0 0,Reservoir & Dam,790.1
StorageUnit,SE1 0,Pumped Hydro Storage,92.0
StorageUnit,SE1 0,Reservoir & Dam,10879.18662
StorageUnit,SE1 0,rural heat vent,2.0976
StorageUnit,SI0 0,Pumped Hydro Storage,180.0
StorageUnit,SI0 0,Reservoir & Dam,576.19
StorageUnit,SI0 0,rural heat vent,2.19196
StorageUnit,SK0 0,Pumped Hydro Storage,822.52
StorageUnit,SK0 0,Reservoir & Dam,282.4
StorageUnit,SK0 0,rural heat vent,0.11012
StorageUnit,XK0 0,Reservoir & Dam,35.0
Store,AL0 0,Battery Storage,0.39265
Store,AL0 0,EV battery,9897.6371
Store,AL0 0,H2 Store,16.70529
Store,AL0 0,co2 stored,9.2372
Store,AL0 0,gas,1876.89446
Store,AL0 0,home battery,0.42706
Store,AL0 0,non-sequestered HVC,4418037.02426
Store,AT0 0,Battery Storage,0.26296
Store,AT0 0,EV battery,39056.497
Store,AT0 0,H2 Store,0.52969
Store,AT0 0,co2 stored,9.21227
Store,AT0 0,gas,87281832.20703
Store,AT0 0,home battery,0.13439
Store,AT0 0,non-sequestered HVC,15149727.73383
Store,BA0 0,Battery Storage,0.32352
Store,BA0 0,EV battery,11659.99239
Store,BA0 0,H2 Store,15.87492
Store,BA0 0,co2 stored,9.19078
Store,BA0 0,gas,1796.67196
Store,BA0 0,home battery,1.0674
Store,BA0 0,non-sequestered HVC,5583075.93822
Store,BE0 0,Battery Storage,0.22004
Store,BE0 0,EV battery,45641.3775
Store,BE0 0,H2 Store,0.53259
Store,BE0 0,co2 stored,9.77905
Store,BE0 0,gas,545281.23397
Store,BE0 0,home battery,0.1376
Store,BE0 0,non-sequestered HVC,19509149.21411
Store,BG0 0,Battery Storage,0.37097
Store,BG0 0,EV battery,24980.141
Store,BG0 0,H2 Store,0.53128
Store,BG0 0,co2 sequestered,366865.1652
Store,BG0 0,co2 stored,9.17079
Store,BG0 0,gas,5680000.5592
Store,BG0 0,home battery,1.15013
Store,BG0 0,non-sequestered HVC,11064265.11567
Store,CH0 0,Battery Storage,0.27518
Store,CH0 0,EV battery,35835.628
Store,CH0 0,H2 Store,0.5317
Store,CH0 0,co2 stored,9.75626
Store,CH0 0,gas,5068.91944
Store,CH0 0,home battery,0.70327
Store,CH0 0,non-sequestered HVC,13539947.27361
Store,CZ0 0,Battery Storage,0.22461
Store,CZ0 0,EV battery,45918.71125
Store,CZ0 0,H2 Store,0.52947
Store,CZ0 0,co2 stored,9.19246
Store,CZ0 0,gas,36712945.59028
Store,CZ0 0,home battery,0.42754
Store,CZ0 0,non-sequestered HVC,17454431.63931
Store,DE0 0,Battery Storage,0.21983
Store,DE0 0,EV battery,60561.95905
Store,DE0 0,H2 Store,15.22271
Store,DE0 0,co2 sequestered,1502910.83926
Store,DE0 0,co2 stored,9.14981
Store,DE0 0,gas,92258874.17782
Store,DE0 0,home battery,0.13542
Store,DE0 0,non-sequestered HVC,22559642.55868
Store,DE0 1,Battery Storage,0.23515
Store,DE0 1,EV battery,30519.79493
Store,DE0 1,H2 Store,15.96789
Store,DE0 1,co2 stored,9.22765
Store,DE0 1,gas,34729680.29791
Store,DE0 1,home battery,0.1369
Store,DE0 1,non-sequestered HVC,11368781.24985
Store,DE0 2,Battery Storage,0.22837
Store,DE0 2,EV battery,92669.73183
Store,DE0 2,H2 Store,17.23623
Store,DE0 2,co2 sequestered,248138.49842
Store,DE0 2,co2 stored,9.15312
Store,DE0 2,gas,62990842.30119
Store,DE0 2,home battery,0.13521
Store,DE0 2,non-sequestered HVC,34519953.761
Store,DE0 3,Battery Storage,0.26247
Store,DE0 3,EV battery,43531.0997
Store,DE0 3,H2 Store,0.53085
Store,DE0 3,co2 stored,9.23127
Store,DE0 3,gas,33872974.33586
Store,DE0 3,home battery,0.13639
Store,DE0 3,non-sequestered HVC,16215559.48316
Store,DE0 4,Battery Storage,0.24722
Store,DE0 4,EV battery,84838.01671
Store,DE0 4,H2 Store,0.531
Store,DE0 4,co2 stored,9.51077
Store,DE0 4,gas,6046523.06668
Store,DE0 4,home battery,0.13555
Store,DE0 4,non-sequestered HVC,31602599.42735
Store,DE0 5,Battery Storage,0.23141
Store,DE0 5,EV battery,57678.21953
Store,DE0 5,H2 Store,15.87172
Store,DE0 5,co2 stored,9.18084
Store,DE0 5,gas,34597317.15606
Store,DE0 5,home battery,0.13476
Store,DE0 5,non-sequestered HVC,21485434.69019
Store,DK0 0,Battery Storage,0.23468
Store,DK0 0,EV battery,13074.3469
Store,DK0 0,H2 Store,18.35435
Store,DK0 0,co2 sequestered,255.57715
Store,DK0 0,co2 stored,9.25545
Store,DK0 0,gas,3805600.00262
Store,DK0 0,home battery,0.28094
Store,DK0 0,non-sequestered HVC,4360036.63476
Store,DK1 0,Battery Storage,0.23582
Store,DK1 0,EV battery,7552.89035
Store,DK1 0,H2 Store,14.56785
Store,DK1 0,co2 sequestered,253.20434
Store,DK1 0,co2 stored,9.31403
Store,DK1 0,gas,6816013.76426
Store,DK1 0,home battery,0.41825
Store,DK1 0,non-sequestered HVC,2518739.85615
Store,EE0 0,Battery Storage,0.19683
Store,EE0 0,EV battery,6160.6765
Store,EE0 0,H2 Store,0.52905
Store,EE0 0,co2 sequestered,230276.73803
Store,EE0 0,co2 stored,9.18949
Store,EE0 0,gas,27968.71778
Store,EE0 0,home battery,0.46831
Store,EE0 0,non-sequestered HVC,1928934.72075
Store,ES0 0,Battery Storage,0.66003
Store,ES0 0,EV battery,187213.9935
Store,ES0 0,H2 Store,16.17875
Store,ES0 0,co2 sequestered,3420.00413
Store,ES0 0,co2 stored,9.28878
Store,ES0 0,gas,41406469.12433
Store,ES0 0,home battery,0.46483
Store,ES0 0,non-sequestered HVC,69722112.14899
Store,ES6 0,Battery Storage,0.18813
Store,ES6 0,EV battery,3111.483
Store,ES6 0,H2 Store,0.53026
Store,ES6 0,co2 stored,9.18318
Store,ES6 0,gas,4563.40639
Store,ES6 0,home battery,0.48872
Store,ES6 0,non-sequestered HVC,1158776.44842
Store,EU,ammonia store,62.19718
Store,EU,methanol,9004067577.43296
Store,EU,solid biomass import,1390000000.0
Store,EU,uranium,144179015794.68057
Store,FI1 0,Battery Storage,0.18598
Store,FI1 0,EV battery,27702.9175
Store,FI1 0,H2 Store,0.52404
Store,FI1 0,co2 stored,10.01822
Store,FI1 0,gas,571898.77439
Store,FI1 0,home battery,0.45855
Store,FI1 0,non-sequestered HVC,8562318.82018
Store,FR0 0,Battery Storage,0.26934
Store,FR0 0,EV battery,107090.7586
Store,FR0 0,H2 Store,0.52997
Store,FR0 0,co2 stored,372.93088
Store,FR0 0,gas,101183638.87163
Store,FR0 0,home battery,0.64246
Store,FR0 0,non-sequestered HVC,38380610.06915
Store,FR0 1,Battery Storage,0.27324
Store,FR0 1,EV battery,67509.87108
Store,FR0 1,H2 Store,16.88571
Store,FR0 1,co2 stored,12.36788
Store,FR0 1,gas,8179212.26405
Store,FR0 1,home battery,0.59928
Store,FR0 1,non-sequestered HVC,24195085.28813
Store,FR0 2,Battery Storage,0.32459
Store,FR0 2,EV battery,43688.48723
Store,FR0 2,H2 Store,0.53188
Store,FR0 2,co2 stored,92.40978
Store,FR0 2,gas,32944240.32745
Store,FR0 2,home battery,0.82183
Store,FR0 2,non-sequestered HVC,15657660.9857
Store,FR0 3,Battery Storage,0.28405
Store,FR0 3,EV battery,45133.85404
Store,FR0 3,H2 Store,0.53113
Store,FR0 3,co2 stored,147.18374
Store,FR0 3,gas,276.78296
Store,FR0 3,home battery,0.71241
Store,FR0 3,non-sequestered HVC,16175670.76207
Store,FR0 4,Battery Storage,0.25801
Store,FR0 4,EV battery,33221.80315
Store,FR0 4,H2 Store,16.37138
Store,FR0 4,co2 stored,10.50745
Store,FR0 4,gas,14352378.72857
Store,FR0 4,home battery,0.61194
Store,FR0 4,non-sequestered HVC,11906471.56849
Store,FR5 0,Battery Storage,0.63656
Store,FR5 0,EV battery,1233.5904
Store,FR5 0,H2 Store,0.53182
Store,FR5 0,co2 stored,9.17891
Store,FR5 0,gas,3949.75725
Store,FR5 0,home battery,32.58092
Store,FR5 0,non-sequestered HVC,442110.53223
Store,GB2 0,Battery Storage,0.20825
Store,GB2 0,EV battery,78921.94491
Store,GB2 0,H2 Store,17.12872
Store,GB2 0,co2 sequestered,298.07391
Store,GB2 0,co2 stored,9.22762
Store,GB2 0,gas,32872680.43758
Store,GB2 0,home battery,0.38686
Store,GB2 0,non-sequestered HVC,35429983.71716
Store,GB2 1,Battery Storage,0.20944
Store,GB2 1,EV battery,146241.77722
Store,GB2 1,H2 Store,16.71062
Store,GB2 1,co2 sequestered,284.45579
Store,GB2 1,co2 stored,9.20899
Store,GB2 1,gas,101183556.51689
Store,GB2 1,home battery,0.36941
Store,GB2 1,non-sequestered HVC,65651496.44503
Store,GB3 0,Battery Storage,0.20374
Store,GB3 0,EV battery,6107.24869
Store,GB3 0,H2 Store,16.19936
Store,GB3 0,co2 stored,9.17144
Store,GB3 0,gas,4696075.01701
Store,GB3 0,home battery,0.36429
Store,GB3 0,non-sequestered HVC,2741692.7189
Store,GR0 0,Battery Storage,0.36665
Store,GR0 0,EV battery,41900.77025
Store,GR0 0,H2 Store,16.51067
Store,GR0 0,co2 sequestered,325.38801
Store,GR0 0,co2 stored,9.28048
Store,GR0 0,gas,4696075.69098
Store,GR0 0,home battery,0.47836
Store,GR0 0,non-sequestered HVC,13566837.88513
Store,HR0 0,Battery Storage,0.30942
Store,HR0 0,EV battery,13367.975
Store,HR0 0,H2 Store,0.5313
Store,HR0 0,co2 stored,9.18822
Store,HR0 0,gas,10035309.50613
Store,HR0 0,home battery,0.15565
Store,HR0 0,non-sequestered HVC,6244520.00713
Store,HU0 0,Battery Storage,0.29354
Store,HU0 0,EV battery,29543.10075
Store,HU0 0,H2 Store,0.52946
Store,HU0 0,co2 stored,9.184
Store,HU0 0,gas,89268783.99723
Store,HU0 0,home battery,0.13327
Store,HU0 0,non-sequestered HVC,16139322.20286
Store,IE3 0,Battery Storage,0.20663
Store,IE3 0,EV battery,17462.3775
Store,IE3 0,H2 Store,0.53001
Store,IE3 0,co2 sequestered,1034.6136
Store,IE3 0,co2 stored,9.24097
Store,IE3 0,gas,9392146.89822
Store,IE3 0,home battery,0.18822
Store,IE3 0,non-sequestered HVC,7452692.56078
Store,IT0 0,Battery Storage,0.41928
Store,IT0 0,EV battery,131699.3406
Store,IT0 0,H2 Store,0.52819
Store,IT0 0,co2 sequestered,159.94818
Store,IT0 0,co2 stored,9.27917
Store,IT0 0,gas,48292375.38593
Store,IT0 0,home battery,0.51867
Store,IT0 0,non-sequestered HVC,38750284.72323
Store,IT0 1,Battery Storage,0.35
Store,IT0 1,EV battery,167177.76516
Store,IT0 1,H2 Store,0.53017
Store,IT0 1,co2 sequestered,2488401.21894
Store,IT0 1,co2 stored,9.16525
Store,IT0 1,gas,101183578.71333
Store,IT0 1,home battery,0.44015
Store,IT0 1,non-sequestered HVC,49189206.03324
Store,IT4 0,Battery Storage,0.63806
Store,IT4 0,EV battery,7598.44224
Store,IT4 0,H2 Store,0.5321
Store,IT4 0,co2 stored,9.20963
Store,IT4 0,gas,64237.48693
Store,IT4 0,home battery,0.19371
Store,IT4 0,non-sequestered HVC,2235712.0319
Store,LT0 0,Battery Storage,0.19308
Store,LT0 0,EV battery,12995.138
Store,LT0 0,H2 Store,0.5292
Store,LT0 0,co2 sequestered,285874.96227
Store,LT0 0,co2 stored,9.15396
Store,LT0 0,gas,131.86631
Store,LT0 0,home battery,0.12907
Store,LT0 0,non-sequestered HVC,4423955.0609
Store,LU0 0,Battery Storage,0.28361
Store,LU0 0,EV battery,3335.99525
Store,LU0 0,H2 Store,0.53614
Store,LU0 0,co2 stored,9.78703
Store,LU0 0,gas,9272.05052
Store,LU0 0,home battery,0.1439
Store,LU0 0,non-sequestered HVC,868762.77828
Store,LV0 0,Battery Storage,0.19589
Store,LV0 0,EV battery,5635.521
Store,LV0 0,H2 Store,0.52907
Store,LV0 0,co2 sequestered,390818.01709
Store,LV0 0,co2 stored,9.14191
Store,LV0 0,gas,24424143.50618
Store,LV0 0,home battery,0.26054
Store,LV0 0,non-sequestered HVC,2859977.11909
Store,ME0 0,Battery Storage,0.36283
Store,ME0 0,EV battery,2157.84447
Store,ME0 0,H2 Store,0.53301
Store,ME0 0,co2 stored,9.2254
Store,ME0 0,gas,620.77369
Store,ME0 0,home battery,0.43852
Store,ME0 0,non-sequestered HVC,1043247.63876
Store,MK0 0,Battery Storage,0.36793
Store,MK0 0,EV battery,7202.06611
Store,MK0 0,H2 Store,0.53257
Store,MK0 0,co2 stored,9.22624
Store,MK0 0,gas,1776.52734
Store,MK0 0,home battery,1.22999
Store,MK0 0,non-sequestered HVC,3388004.745
Store,NL0 0,Battery Storage,0.22666
Store,NL0 0,EV battery,67253.81025
Store,NL0 0,H2 Store,18.06112
Store,NL0 0,co2 sequestered,1652531.0208
Store,NL0 0,co2 stored,9.16045
Store,NL0 0,gas,101183623.70837
Store,NL0 0,home battery,0.18606
Store,NL0 0,non-sequestered HVC,25571909.42127
Store,NO1 0,Battery Storage,0.17938
Store,NO1 0,EV battery,18549.83021
Store,NO1 0,H2 Store,0.52763
Store,NO1 0,co2 sequestered,183.42236
Store,NO1 0,co2 stored,9.24726
Store,NO1 0,gas,131.59687
Store,NO1 0,home battery,0.42246
Store,NO1 0,non-sequestered HVC,8282849.70024
Store,PL0 0,Battery Storage,0.27205
Store,PL0 0,EV battery,188791.2865
Store,PL0 0,H2 Store,16.89522
Store,PL0 0,co2 sequestered,1512179.51487
Store,PL0 0,co2 stored,9.17654
Store,PL0 0,gas,101183599.63753
Store,PL0 0,home battery,0.35118
Store,PL0 0,non-sequestered HVC,60929686.8194
Store,PT0 0,Battery Storage,0.57461
Store,PT0 0,EV battery,42586.56775
Store,PT0 0,H2 Store,17.18346
Store,PT0 0,co2 sequestered,702.30496
Store,PT0 0,co2 stored,9.26479
Store,PT0 0,gas,4696074.70287
Store,PT0 0,home battery,1.46166
Store,PT0 0,non-sequestered HVC,14473313.46458
Store,RO0 0,Battery Storage,0.35829
Store,RO0 0,EV battery,53498.126
Store,RO0 0,H2 Store,14.8948
Store,RO0 0,co2 stored,9.19168
Store,RO0 0,gas,51843711.56064
Store,RO0 0,home battery,0.1407
Store,RO0 0,non-sequestered HVC,31627074.56074
Store,RS0 0,Battery Storage,0.33872
Store,RS0 0,EV battery,24086.67872
Store,RS0 0,H2 Store,0.53146
Store,RS0 0,co2 stored,9.1883
Store,RS0 0,gas,4696078.23395
Store,RS0 0,home battery,1.1116
Store,RS0 0,non-sequestered HVC,11713131.26916
Store,SE1 0,Battery Storage,0.18421
Store,SE1 0,EV battery,37875.149
Store,SE1 0,H2 Store,0.52419
Store,SE1 0,co2 sequestered,5749168.79826
Store,SE1 0,co2 stored,9.18841
Store,SE1 0,gas,3578405.76565
Store,SE1 0,home battery,0.44052
Store,SE1 0,non-sequestered HVC,15962801.19766
Store,SI0 0,Battery Storage,0.2913
Store,SI0 0,EV battery,9031.62525
Store,SI0 0,H2 Store,0.53201
Store,SI0 0,co2 stored,9.19313
Store,SI0 0,gas,7533.78056
Store,SI0 0,home battery,0.13334
Store,SI0 0,non-sequestered HVC,3791146.67288
Store,SK0 0,Battery Storage,0.28224
Store,SK0 0,EV battery,18550.22175
Store,SK0 0,H2 Store,0.53192
Store,SK0 0,co2 stored,9.18066
Store,SK0 0,gas,34081856.68546
Store,SK0 0,home battery,0.1316
Store,SK0 0,non-sequestered HVC,9165059.17238
Store,XK0 0,Battery Storage,0.36867
Store,XK0 0,EV battery,6182.12033
Store,XK0 0,H2 Store,0.53257
Store,XK0 0,co2 stored,9.23485
Store,XK0 0,gas,163.00249
Store,XK0 0,home battery,1.17057
Store,XK0 0,non-sequestered HVC,2737886.02561
