cost,component,location,carrier,0
capital,Generator,AL0 0,Offshore Wind (AC),2235.40876
capital,Generator,AL0 0,Offshore Wind (Floating),2467.619
capital,Generator,AL0 0,Onshore Wind,27078454.10032
capital,Generator,AL0 0,Run of River,14853811.92575
capital,Generator,AL0 0,Solar,15419827.38533
capital,Generator,AL0 0,rural solar thermal,887.84612
capital,Generator,AL0 0,solar-hsat,244113486.51403
capital,Generator,AL0 0,urban central solar thermal,5648.57981
capital,Generator,AL0 0,urban decentral solar thermal,914.40607
capital,Generator,AT0 0,Onshore Wind,374354439.32333
capital,Generator,AT0 0,Run of River,1376313648.03682
capital,Generator,AT0 0,Solar,20184573.94278
capital,Generator,AT0 0,rural solar thermal,864.95732
capital,Generator,AT0 0,solar-hsat,1987830807.3704
capital,Generator,AT0 0,urban central solar thermal,1507.72466
capital,Generator,AT0 0,urban decentral solar thermal,834.75224
capital,Generator,BA0 0,Offshore Wind (AC),979.06161
capital,Generator,BA0 0,Offshore Wind (Floating),890.92356
capital,Generator,BA0 0,Onshore Wind,50338152.59708
capital,Generator,BA0 0,Solar,13985260.80482
capital,Generator,BA0 0,rural solar thermal,672.0556
capital,Generator,BA0 0,solar-hsat,321252997.35027
capital,Generator,BA0 0,urban central solar thermal,1747.33344
capital,Generator,BA0 0,urban decentral solar thermal,676.58916
capital,Generator,BE0 0,Offshore Wind (AC),460339539.53252
capital,Generator,BE0 0,Offshore Wind (DC),192304644.43502
capital,Generator,BE0 0,Offshore Wind (Floating),1659.72554
capital,Generator,BE0 0,Onshore Wind,1019992503.55947
capital,Generator,BE0 0,Run of River,18186779.19648
capital,Generator,BE0 0,Solar,25347185.85781
capital,Generator,BE0 0,rural solar thermal,78.04371
capital,Generator,BE0 0,solar-hsat,480476050.59391
capital,Generator,BE0 0,urban central solar thermal,989.61551
capital,Generator,BE0 0,urban decentral solar thermal,463.61738
capital,Generator,BG0 0,Offshore Wind (AC),3688.76749
capital,Generator,BG0 0,Offshore Wind (DC),4483.26226
capital,Generator,BG0 0,Offshore Wind (Floating),3333.96208
capital,Generator,BG0 0,Onshore Wind,70358219.72669
capital,Generator,BG0 0,Run of River,34022009.05814
capital,Generator,BG0 0,Solar,125928921.66415
capital,Generator,BG0 0,rural solar thermal,741.90709
capital,Generator,BG0 0,solar-hsat,544500835.05048
capital,Generator,BG0 0,urban central solar thermal,1597.77838
capital,Generator,BG0 0,urban decentral solar thermal,836.90872
capital,Generator,CH0 0,Onshore Wind,6364638.2655
capital,Generator,CH0 0,Run of River,1295123214.9052
capital,Generator,CH0 0,Solar,5068562.63245
capital,Generator,CH0 0,rural solar thermal,303.91448
capital,Generator,CH0 0,solar-hsat,2117446277.36106
capital,Generator,CH0 0,urban central solar thermal,1404.18971
capital,Generator,CH0 0,urban decentral solar thermal,310.10139
capital,Generator,CZ0 0,Onshore Wind,16201104.87792
capital,Generator,CZ0 0,Run of River,12396579.18494
capital,Generator,CZ0 0,Solar,68150633.74046
capital,Generator,CZ0 0,rural solar thermal,447.03571
capital,Generator,CZ0 0,solar-hsat,218082276.65005
capital,Generator,CZ0 0,urban central solar thermal,1282.30528
capital,Generator,CZ0 0,urban decentral solar thermal,589.21933
capital,Generator,DE0 0,Offshore Wind (AC),464757892.81506
capital,Generator,DE0 0,Offshore Wind (DC),359314218.72558
capital,Generator,DE0 0,Offshore Wind (Floating),1478.31373
capital,Generator,DE0 0,Onshore Wind,1482255738.21589
capital,Generator,DE0 0,Run of River,22970095.01057
capital,Generator,DE0 0,Solar,136919126.65563
capital,Generator,DE0 0,rural solar thermal,471.1832
capital,Generator,DE0 0,solar-hsat,88164.50772
capital,Generator,DE0 0,urban central solar thermal,877.12593
capital,Generator,DE0 0,urban decentral solar thermal,509.28564
capital,Generator,DE0 1,Onshore Wind,390671378.5942
capital,Generator,DE0 1,Run of River,72178052.77618
capital,Generator,DE0 1,Solar,199216134.97979
capital,Generator,DE0 1,rural solar thermal,515.45484
capital,Generator,DE0 1,solar-hsat,307687474.5565
capital,Generator,DE0 1,urban central solar thermal,1048.59187
capital,Generator,DE0 1,urban decentral solar thermal,573.28406
capital,Generator,DE0 2,Offshore Wind (AC),1156810252.44729
capital,Generator,DE0 2,Offshore Wind (DC),4753540751.85432
capital,Generator,DE0 2,Offshore Wind (Floating),1795.84956
capital,Generator,DE0 2,Onshore Wind,818604658.01873
capital,Generator,DE0 2,Run of River,132010325.87154
capital,Generator,DE0 2,Solar,84732836.99816
capital,Generator,DE0 2,rural solar thermal,371.50885
capital,Generator,DE0 2,solar-hsat,42892.55171
capital,Generator,DE0 2,urban central solar thermal,1037.95258
capital,Generator,DE0 2,urban decentral solar thermal,466.68
capital,Generator,DE0 3,Onshore Wind,52768282.47823
capital,Generator,DE0 3,Run of River,940688192.41467
capital,Generator,DE0 3,Solar,232333302.49219
capital,Generator,DE0 3,rural solar thermal,665.81614
capital,Generator,DE0 3,solar-hsat,1029531286.29096
capital,Generator,DE0 3,urban central solar thermal,1355.84384
capital,Generator,DE0 3,urban decentral solar thermal,687.90673
capital,Generator,DE0 4,Onshore Wind,332001509.75054
capital,Generator,DE0 4,Run of River,269690009.68602
capital,Generator,DE0 4,Solar,115970227.32122
capital,Generator,DE0 4,rural solar thermal,430.16955
capital,Generator,DE0 4,solar-hsat,792709193.11265
capital,Generator,DE0 4,urban central solar thermal,1537.64128
capital,Generator,DE0 4,urban decentral solar thermal,605.35356
capital,Generator,DE0 5,Offshore Wind (AC),429579812.19106
capital,Generator,DE0 5,Offshore Wind (DC),57938981.15639
capital,Generator,DE0 5,Offshore Wind (Floating),1690.13621
capital,Generator,DE0 5,Onshore Wind,1468253297.4724
capital,Generator,DE0 5,Run of River,29117199.61962
capital,Generator,DE0 5,Solar,566939201.66696
capital,Generator,DE0 5,rural solar thermal,581.7233
capital,Generator,DE0 5,solar-hsat,727781136.01216
capital,Generator,DE0 5,urban central solar thermal,1022.47821
capital,Generator,DE0 5,urban decentral solar thermal,647.0734
capital,Generator,DK0 0,Offshore Wind (AC),329700352.83852
capital,Generator,DK0 0,Offshore Wind (DC),12875.90847
capital,Generator,DK0 0,Offshore Wind (Floating),3731.95618
capital,Generator,DK0 0,Onshore Wind,2062620145.82409
capital,Generator,DK0 0,Solar,85748540.52602
capital,Generator,DK0 0,rural solar thermal,135.19733
capital,Generator,DK0 0,solar-hsat,9926.02053
capital,Generator,DK0 0,urban central solar thermal,783.79594
capital,Generator,DK0 0,urban decentral solar thermal,378.42974
capital,Generator,DK1 0,Offshore Wind (AC),220813235.58716
capital,Generator,DK1 0,Offshore Wind (DC),2880.67572
capital,Generator,DK1 0,Offshore Wind (Floating),2804.91878
capital,Generator,DK1 0,Onshore Wind,734081320.43769
capital,Generator,DK1 0,Solar,28221559.82142
capital,Generator,DK1 0,rural solar thermal,115.52785
capital,Generator,DK1 0,solar-hsat,13884.72271
capital,Generator,DK1 0,urban central solar thermal,820.03049
capital,Generator,DK1 0,urban decentral solar thermal,429.6404
capital,Generator,EE0 0,Offshore Wind (AC),16064.2517
capital,Generator,EE0 0,Offshore Wind (DC),10734.94337
capital,Generator,EE0 0,Offshore Wind (Floating),3793.87163
capital,Generator,EE0 0,Onshore Wind,496272165.89447
capital,Generator,EE0 0,Solar,23011896.68166
capital,Generator,EE0 0,rural solar thermal,431.26228
capital,Generator,EE0 0,solar-hsat,40996295.99571
capital,Generator,EE0 0,urban central solar thermal,729.76149
capital,Generator,EE0 0,urban decentral solar thermal,473.21788
capital,Generator,ES0 0,Offshore Wind (AC),4025770.2986
capital,Generator,ES0 0,Offshore Wind (Floating),3457.24015
capital,Generator,ES0 0,Onshore Wind,3578967784.19302
capital,Generator,ES0 0,Run of River,40062148.34745
capital,Generator,ES0 0,Solar,1920327250.37227
capital,Generator,ES0 0,rural solar thermal,616.96419
capital,Generator,ES0 0,solar-hsat,3599545559.19672
capital,Generator,ES0 0,urban central solar thermal,2217.39779
capital,Generator,ES0 0,urban decentral solar thermal,1467.89667
capital,Generator,ES6 0,Offshore Wind (AC),1669.38781
capital,Generator,ES6 0,Offshore Wind (Floating),2494.12551
capital,Generator,ES6 0,Onshore Wind,3230.30244
capital,Generator,ES6 0,Run of River,45303586.30495
capital,Generator,ES6 0,Solar,14173688.31353
capital,Generator,ES6 0,rural solar thermal,1245.49516
capital,Generator,ES6 0,solar-hsat,66252239.03997
capital,Generator,ES6 0,urban central solar thermal,1382.71521
capital,Generator,ES6 0,urban decentral solar thermal,964.88555
capital,Generator,FI1 0,Offshore Wind (AC),37194.94578
capital,Generator,FI1 0,Offshore Wind (DC),357028877.86685
capital,Generator,FI1 0,Offshore Wind (Floating),4337.79771
capital,Generator,FI1 0,Onshore Wind,1095681567.00264
capital,Generator,FI1 0,Run of River,453195348.92122
capital,Generator,FI1 0,Solar,8236293.16544
capital,Generator,FI1 0,rural solar thermal,153.38118
capital,Generator,FI1 0,solar-hsat,127791750.64088
capital,Generator,FI1 0,urban central solar thermal,700.94915
capital,Generator,FI1 0,urban decentral solar thermal,314.38334
capital,Generator,FR0 0,Offshore Wind (AC),201908764.50504
capital,Generator,FR0 0,Offshore Wind (DC),639735770.80764
capital,Generator,FR0 0,Offshore Wind (Floating),1736.50252
capital,Generator,FR0 0,Onshore Wind,1453048110.00236
capital,Generator,FR0 0,Solar,80758708.20234
capital,Generator,FR0 0,rural solar thermal,178.31897
capital,Generator,FR0 0,solar-hsat,4890.29741
capital,Generator,FR0 0,urban central solar thermal,1066.41534
capital,Generator,FR0 0,urban decentral solar thermal,458.54884
capital,Generator,FR0 1,Offshore Wind (AC),22170921.32491
capital,Generator,FR0 1,Offshore Wind (Floating),4317.41421
capital,Generator,FR0 1,Onshore Wind,135484972.20775
capital,Generator,FR0 1,Run of River,1275325841.55478
capital,Generator,FR0 1,Solar,161606427.89417
capital,Generator,FR0 1,rural solar thermal,502.66297
capital,Generator,FR0 1,solar-hsat,2118310806.96315
capital,Generator,FR0 1,urban central solar thermal,2317.58649
capital,Generator,FR0 1,urban decentral solar thermal,766.03739
capital,Generator,FR0 2,Offshore Wind (AC),5589.98796
capital,Generator,FR0 2,Offshore Wind (DC),4279.86695
capital,Generator,FR0 2,Offshore Wind (Floating),3469.37748
capital,Generator,FR0 2,Onshore Wind,322014210.78756
capital,Generator,FR0 2,Run of River,387114376.07396
capital,Generator,FR0 2,Solar,241433259.7438
capital,Generator,FR0 2,rural solar thermal,676.44072
capital,Generator,FR0 2,solar-hsat,225176342.62025
capital,Generator,FR0 2,urban central solar thermal,1566.02517
capital,Generator,FR0 2,urban decentral solar thermal,715.6651
capital,Generator,FR0 3,Offshore Wind (AC),288775137.74027
capital,Generator,FR0 3,Offshore Wind (DC),550006785.31271
capital,Generator,FR0 3,Offshore Wind (Floating),4538.91676
capital,Generator,FR0 3,Onshore Wind,404522322.0101
capital,Generator,FR0 3,Solar,45458273.15495
capital,Generator,FR0 3,rural solar thermal,350.37925
capital,Generator,FR0 3,solar-hsat,8058.74114
capital,Generator,FR0 3,urban central solar thermal,1051.39122
capital,Generator,FR0 3,urban decentral solar thermal,532.86191
capital,Generator,FR0 4,Onshore Wind,410448671.08885
capital,Generator,FR0 4,Run of River,454890285.96669
capital,Generator,FR0 4,Solar,56505970.6236
capital,Generator,FR0 4,rural solar thermal,397.76093
capital,Generator,FR0 4,solar-hsat,4933.62927
capital,Generator,FR0 4,urban central solar thermal,1126.48378
capital,Generator,FR0 4,urban decentral solar thermal,483.42725
capital,Generator,FR5 0,Offshore Wind (AC),1787.39297
capital,Generator,FR5 0,Offshore Wind (Floating),2566.66838
capital,Generator,FR5 0,Onshore Wind,1967330.47875
capital,Generator,FR5 0,Solar,3513.27869
capital,Generator,FR5 0,rural solar thermal,977.45457
capital,Generator,FR5 0,solar-hsat,87861082.27849
capital,Generator,GB2 0,Offshore Wind (AC),1503451248.36247
capital,Generator,GB2 0,Offshore Wind (DC),2892149665.13387
capital,Generator,GB2 0,Offshore Wind (Floating),4742.52296
capital,Generator,GB2 0,Onshore Wind,1344688758.31059
capital,Generator,GB2 0,Run of River,885889663.85156
capital,Generator,GB2 0,Solar,84832281.63969
capital,Generator,GB2 0,rural solar thermal,163.03635
capital,Generator,GB2 0,solar-hsat,8846.88118
capital,Generator,GB2 0,urban central solar thermal,732.8831
capital,Generator,GB2 0,urban decentral solar thermal,177.5203
capital,Generator,GB2 1,Offshore Wind (AC),3261256690.06643
capital,Generator,GB2 1,Offshore Wind (DC),29151.99098
capital,Generator,GB2 1,Offshore Wind (Floating),4104.2892
capital,Generator,GB2 1,Onshore Wind,1568487300.42532
capital,Generator,GB2 1,Solar,513690332.32077
capital,Generator,GB2 1,rural solar thermal,358.54905
capital,Generator,GB2 1,solar-hsat,255590.81726
capital,Generator,GB2 1,urban central solar thermal,876.33026
capital,Generator,GB2 1,urban decentral solar thermal,362.94549
capital,Generator,GB3 0,Offshore Wind (AC),91979613.90515
capital,Generator,GB3 0,Offshore Wind (DC),32709.74364
capital,Generator,GB3 0,Offshore Wind (Floating),4724.80205
capital,Generator,GB3 0,Onshore Wind,145378844.07266
capital,Generator,GB3 0,Run of River,234671738.20448
capital,Generator,GB3 0,Solar,12435350.48807
capital,Generator,GB3 0,rural solar thermal,190.19693
capital,Generator,GB3 0,solar-hsat,10183.48741
capital,Generator,GB3 0,urban central solar thermal,634.53576
capital,Generator,GB3 0,urban decentral solar thermal,192.28527
capital,Generator,GR0 0,Offshore Wind (AC),3892.93747
capital,Generator,GR0 0,Offshore Wind (DC),10036.78372
capital,Generator,GR0 0,Offshore Wind (Floating),3710.86421
capital,Generator,GR0 0,Onshore Wind,581564221.16232
capital,Generator,GR0 0,Run of River,31772365.34325
capital,Generator,GR0 0,Solar,218144190.92661
capital,Generator,GR0 0,rural solar thermal,7274.7266
capital,Generator,GR0 0,solar-hsat,1081436046.75052
capital,Generator,GR0 0,urban central solar thermal,2410.13857
capital,Generator,GR0 0,urban decentral solar thermal,1342.65146
capital,Generator,HR0 0,Offshore Wind (AC),3310.95627
capital,Generator,HR0 0,Offshore Wind (DC),3480.98058
capital,Generator,HR0 0,Offshore Wind (Floating),2637.8734
capital,Generator,HR0 0,Onshore Wind,131920849.8748
capital,Generator,HR0 0,Run of River,84182201.03601
capital,Generator,HR0 0,Solar,4256881.59785
capital,Generator,HR0 0,rural solar thermal,1265.83155
capital,Generator,HR0 0,solar-hsat,336761355.74303
capital,Generator,HR0 0,urban central solar thermal,2509.35396
capital,Generator,HR0 0,urban decentral solar thermal,1168.6343
capital,Generator,HU0 0,Onshore Wind,36914624.58509
capital,Generator,HU0 0,Run of River,6070956.3265
capital,Generator,HU0 0,Solar,135337876.83425
capital,Generator,HU0 0,rural solar thermal,558.83183
capital,Generator,HU0 0,solar-hsat,887355275.05337
capital,Generator,HU0 0,urban central solar thermal,2039.38079
capital,Generator,HU0 0,urban decentral solar thermal,822.2014
capital,Generator,IE3 0,Offshore Wind (AC),5042641.87218
capital,Generator,IE3 0,Offshore Wind (DC),226500666.46084
capital,Generator,IE3 0,Offshore Wind (Floating),4572.18439
capital,Generator,IE3 0,Onshore Wind,550276118.15015
capital,Generator,IE3 0,Run of River,66564800.33115
capital,Generator,IE3 0,Solar,64207979.27296
capital,Generator,IE3 0,rural solar thermal,184.02545
capital,Generator,IE3 0,solar-hsat,21983.50971
capital,Generator,IE3 0,urban central solar thermal,839.64145
capital,Generator,IE3 0,urban decentral solar thermal,259.34955
capital,Generator,IT0 0,Offshore Wind (AC),6051071.58601
capital,Generator,IT0 0,Offshore Wind (DC),3533.57902
capital,Generator,IT0 0,Offshore Wind (Floating),3079.72011
capital,Generator,IT0 0,Onshore Wind,1015581632.83712
capital,Generator,IT0 0,Run of River,543612536.03769
capital,Generator,IT0 0,Solar,194415115.40209
capital,Generator,IT0 0,rural solar thermal,1276.45995
capital,Generator,IT0 0,solar-hsat,2682900873.73622
capital,Generator,IT0 0,urban central solar thermal,1930.88505
capital,Generator,IT0 0,urban decentral solar thermal,1280.18209
capital,Generator,IT0 1,Offshore Wind (AC),3153.30454
capital,Generator,IT0 1,Offshore Wind (DC),2738.47476
capital,Generator,IT0 1,Offshore Wind (Floating),2544.07295
capital,Generator,IT0 1,Onshore Wind,18746747.59089
capital,Generator,IT0 1,Run of River,1762900939.28859
capital,Generator,IT0 1,Solar,72004397.56726
capital,Generator,IT0 1,rural solar thermal,651.23663
capital,Generator,IT0 1,solar-hsat,3646859350.70595
capital,Generator,IT0 1,urban central solar thermal,1790.85052
capital,Generator,IT0 1,urban decentral solar thermal,905.11468
capital,Generator,IT4 0,Offshore Wind (AC),4044.11351
capital,Generator,IT4 0,Offshore Wind (Floating),3194.82412
capital,Generator,IT4 0,Onshore Wind,137128077.52367
capital,Generator,IT4 0,Run of River,18490222.31421
capital,Generator,IT4 0,Solar,22587812.86004
capital,Generator,IT4 0,rural solar thermal,1762.73224
capital,Generator,IT4 0,solar-hsat,219053502.1292
capital,Generator,IT4 0,urban central solar thermal,3015.87861
capital,Generator,IT4 0,urban decentral solar thermal,1668.87591
capital,Generator,LT0 0,Offshore Wind (AC),50603.08119
capital,Generator,LT0 0,Offshore Wind (DC),385216330.96288
capital,Generator,LT0 0,Offshore Wind (Floating),3070.5841
capital,Generator,LT0 0,Onshore Wind,138285317.94436
capital,Generator,LT0 0,Run of River,31125207.56225
capital,Generator,LT0 0,Solar,15686917.43741
capital,Generator,LT0 0,rural solar thermal,395.18742
capital,Generator,LT0 0,solar-hsat,33633058.20286
capital,Generator,LT0 0,urban central solar thermal,760.0797
capital,Generator,LT0 0,urban decentral solar thermal,471.18815
capital,Generator,LU0 0,Onshore Wind,17138107.24948
capital,Generator,LU0 0,Solar,2832683.74949
capital,Generator,LU0 0,rural solar thermal,471.35191
capital,Generator,LU0 0,solar-hsat,301402363.53202
capital,Generator,LU0 0,urban central solar thermal,827.37419
capital,Generator,LU0 0,urban decentral solar thermal,514.48368
capital,Generator,LV0 0,Offshore Wind (AC),18367.26156
capital,Generator,LV0 0,Offshore Wind (DC),34594.05582
capital,Generator,LV0 0,Offshore Wind (Floating),4264.95229
capital,Generator,LV0 0,Onshore Wind,11572280.51792
capital,Generator,LV0 0,Run of River,473380508.2809
capital,Generator,LV0 0,Solar,2303897.01949
capital,Generator,LV0 0,rural solar thermal,346.18495
capital,Generator,LV0 0,solar-hsat,50772257.63154
capital,Generator,LV0 0,urban central solar thermal,748.83272
capital,Generator,LV0 0,urban decentral solar thermal,420.73657
capital,Generator,ME0 0,Offshore Wind (AC),1062.26524
capital,Generator,ME0 0,Offshore Wind (Floating),2176.3829
capital,Generator,ME0 0,Onshore Wind,13654957.465
capital,Generator,ME0 0,Run of River,1651793.1934
capital,Generator,ME0 0,Solar,167569.59057
capital,Generator,ME0 0,rural solar thermal,659.36087
capital,Generator,ME0 0,solar-hsat,294714796.64276
capital,Generator,ME0 0,urban central solar thermal,3494.63363
capital,Generator,ME0 0,urban decentral solar thermal,662.93177
capital,Generator,MK0 0,Onshore Wind,8447567.6631
capital,Generator,MK0 0,Run of River,59045443.2567
capital,Generator,MK0 0,Solar,15545483.60748
capital,Generator,MK0 0,rural solar thermal,755.94483
capital,Generator,MK0 0,solar-hsat,111915662.45847
capital,Generator,MK0 0,urban central solar thermal,1835.64571
capital,Generator,MK0 0,urban decentral solar thermal,761.46062
capital,Generator,NL0 0,Offshore Wind (AC),1174437636.71327
capital,Generator,NL0 0,Offshore Wind (DC),1998274465.64835
capital,Generator,NL0 0,Offshore Wind (Floating),1584.50203
capital,Generator,NL0 0,Onshore Wind,2401055784.90798
capital,Generator,NL0 0,Solar,248277025.68781
capital,Generator,NL0 0,rural solar thermal,0.73259
capital,Generator,NL0 0,solar-hsat,269842341.58461
capital,Generator,NL0 0,urban central solar thermal,961.61533
capital,Generator,NL0 0,urban decentral solar thermal,485.45145
capital,Generator,NO1 0,Offshore Wind (AC),28255738.84865
capital,Generator,NO1 0,Offshore Wind (DC),21069.45288
capital,Generator,NO1 0,Offshore Wind (Floating),4269.11007
capital,Generator,NO1 0,Onshore Wind,639791975.57899
capital,Generator,NO1 0,Run of River,275042056.92383
capital,Generator,NO1 0,Solar,73361.28485
capital,Generator,NO1 0,rural solar thermal,163.37721
capital,Generator,NO1 0,solar-hsat,5186.73459
capital,Generator,NO1 0,urban central solar thermal,770.47765
capital,Generator,NO1 0,urban decentral solar thermal,170.25998
capital,Generator,PL0 0,Offshore Wind (AC),1049262144.78432
capital,Generator,PL0 0,Offshore Wind (DC),1301263941.1639
capital,Generator,PL0 0,Offshore Wind (Floating),5447.39965
capital,Generator,PL0 0,Onshore Wind,2867489230.50245
capital,Generator,PL0 0,Run of River,56210389.48212
capital,Generator,PL0 0,Solar,137290908.57225
capital,Generator,PL0 0,rural solar thermal,523.42554
capital,Generator,PL0 0,solar-hsat,2197146657.42826
capital,Generator,PL0 0,urban central solar thermal,1249.72196
capital,Generator,PL0 0,urban decentral solar thermal,626.51621
capital,Generator,PT0 0,Offshore Wind (AC),5043501.18466
capital,Generator,PT0 0,Offshore Wind (Floating),3952.53611
capital,Generator,PT0 0,Onshore Wind,616512002.20436
capital,Generator,PT0 0,Run of River,781982318.70502
capital,Generator,PT0 0,Solar,183053283.87402
capital,Generator,PT0 0,rural solar thermal,918.67648
capital,Generator,PT0 0,solar-hsat,556936927.02966
capital,Generator,PT0 0,urban central solar thermal,1728.3338
capital,Generator,PT0 0,urban decentral solar thermal,868.91451
capital,Generator,RO0 0,Offshore Wind (AC),94388.47675
capital,Generator,RO0 0,Offshore Wind (DC),53920.53295
capital,Generator,RO0 0,Offshore Wind (Floating),3701.66554
capital,Generator,RO0 0,Onshore Wind,637733045.19552
capital,Generator,RO0 0,Run of River,1085206556.13942
capital,Generator,RO0 0,Solar,106116252.18287
capital,Generator,RO0 0,rural solar thermal,1189.50812
capital,Generator,RO0 0,solar-hsat,178662791.22596
capital,Generator,RO0 0,urban central solar thermal,2214.6879
capital,Generator,RO0 0,urban decentral solar thermal,995.90869
capital,Generator,RS0 0,Onshore Wind,89347280.77043
capital,Generator,RS0 0,Run of River,526478263.35986
capital,Generator,RS0 0,Solar,1864085.52345
capital,Generator,RS0 0,rural solar thermal,678.71684
capital,Generator,RS0 0,solar-hsat,144901831.44241
capital,Generator,RS0 0,urban central solar thermal,1805.64598
capital,Generator,RS0 0,urban decentral solar thermal,686.20591
capital,Generator,SE1 0,Offshore Wind (AC),36686574.85815
capital,Generator,SE1 0,Offshore Wind (DC),81314.79307
capital,Generator,SE1 0,Offshore Wind (Floating),4189.38762
capital,Generator,SE1 0,Onshore Wind,1919539655.55691
capital,Generator,SE1 0,Run of River,394149905.66452
capital,Generator,SE1 0,Solar,14943403.35144
capital,Generator,SE1 0,rural solar thermal,184.30758
capital,Generator,SE1 0,solar-hsat,316204685.17704
capital,Generator,SE1 0,urban central solar thermal,804.81348
capital,Generator,SE1 0,urban decentral solar thermal,358.38999
capital,Generator,SI0 0,Offshore Wind (AC),1008.49803
capital,Generator,SI0 0,Offshore Wind (Floating),903.70459
capital,Generator,SI0 0,Onshore Wind,1720.03554
capital,Generator,SI0 0,Run of River,155445758.14368
capital,Generator,SI0 0,Solar,1570831.22693
capital,Generator,SI0 0,rural solar thermal,758.37839
capital,Generator,SI0 0,solar-hsat,8677.33325
capital,Generator,SI0 0,urban central solar thermal,1510.00932
capital,Generator,SI0 0,urban decentral solar thermal,866.73996
capital,Generator,SK0 0,Onshore Wind,3889.14115
capital,Generator,SK0 0,Run of River,375255980.16312
capital,Generator,SK0 0,Solar,23520136.67771
capital,Generator,SK0 0,rural solar thermal,703.06195
capital,Generator,SK0 0,solar-hsat,12083.89865
capital,Generator,SK0 0,urban central solar thermal,1450.39171
capital,Generator,SK0 0,urban decentral solar thermal,750.58462
capital,Generator,XK0 0,Onshore Wind,15622196.85754
capital,Generator,XK0 0,Run of River,9306745.23148
capital,Generator,XK0 0,Solar,8644543.31355
capital,Generator,XK0 0,rural solar thermal,0.7688
capital,Generator,XK0 0,solar-hsat,3378998.85706
capital,Generator,XK0 0,urban central solar thermal,1505.02247
capital,Generator,XK0 0,urban decentral solar thermal,1.10269
capital,Line,AL0 0,AC,79383299.72642
capital,Line,AT0 0,AC,452246931.39839
capital,Line,BA0 0,AC,128859045.24615
capital,Line,BE0 0,AC,132294395.04691
capital,Line,BG0 0,AC,240709785.26156
capital,Line,CH0 0,AC,495733044.13378
capital,Line,CZ0 0,AC,243022348.25193
capital,Line,DE0 0,AC,582820005.69249
capital,Line,DE0 1,AC,465191429.65178
capital,Line,DE0 2,AC,289218374.52188
capital,Line,DE0 3,AC,130297548.45686
capital,Line,DE0 4,AC,65855244.42637
capital,Line,DE0 5,AC,122467637.92028
capital,Line,DK1 0,AC,92018255.13598
capital,Line,EE0 0,AC,34479190.53832
capital,Line,ES0 0,AC,380252192.80472
capital,Line,FI1 0,AC,164747361.63609
capital,Line,FR0 0,AC,861062076.98221
capital,Line,FR0 1,AC,437004111.69808
capital,Line,FR0 2,AC,175983166.83606
capital,Line,FR0 4,AC,3451633.76
capital,Line,GB2 0,AC,457480582.84278
capital,Line,GB3 0,AC,47856526.08134
capital,Line,GR0 0,AC,48987285.47571
capital,Line,HR0 0,AC,183894692.23639
capital,Line,HU0 0,AC,273318958.65242
capital,Line,IT0 0,AC,280957341.92612
capital,Line,IT0 1,AC,38683404.46554
capital,Line,LT0 0,AC,107375434.77326
capital,Line,ME0 0,AC,53440462.96271
capital,Line,MK0 0,AC,37466027.51957
capital,Line,NO1 0,AC,128929177.92303
capital,Line,PL0 0,AC,51242287.83323
capital,Line,RO0 0,AC,110192312.03459
capital,Line,RS0 0,AC,20274705.30248
capital,Link,AL0 0,CO2 pipeline,21323.03231
capital,Link,AL0 0,Combined-Cycle Gas,2083.97913
capital,Link,AL0 0,EAF,2352.27425
capital,Link,AL0 0,H2 DRI,1605.84831
capital,Link,AL0 0,H2 Electrolysis,2049.50177
capital,Link,AL0 0,Haber-Bosch,11151.45696
capital,Link,AL0 0,Open-Cycle Gas,1371.95152
capital,Link,AL0 0,SMR,2226672.52059
capital,Link,AL0 0,Sabatier,854.03589
capital,Link,AL0 0,battery charger,4383.23763
capital,Link,AL0 0,biogas to gas,5793.86381
capital,Link,AL0 0,biomass to liquid,26699835.14535
capital,Link,AL0 0,biomass-to-methanol,2719.46664
capital,Link,AL0 0,electricity distribution grid,35980661.25442
capital,Link,AL0 0,gas DRI,2119.32761
capital,Link,AL0 0,gas pipeline new,3446472.26557
capital,Link,AL0 0,heat100-200 industry electric boiler steam,399.64585
capital,Link,AL0 0,heat100-200 industry gas,142636.59559
capital,Link,AL0 0,heat100-200 industry industrial heat pump high temperature,2773330.67284
capital,Link,AL0 0,heat100-200 industry solid biomass,12192.81277
capital,Link,AL0 0,heat200-500 industry gas,14696.85077
capital,Link,AL0 0,heat200-500 industry hydrogen,140.3243
capital,Link,AL0 0,heat200-500 industry solid biomass,221196.45909
capital,Link,AL0 0,heat<100 industry electric boiler steam,405.28049
capital,Link,AL0 0,heat<100 industry gas,167441.21545
capital,Link,AL0 0,heat<100 industry industrial heat pump medium temperature,2546313.98081
capital,Link,AL0 0,heat<100 industry solid biomass,313775.27308
capital,Link,AL0 0,heat>500 industry gas,17339.02254
capital,Link,AL0 0,heat>500 industry hydrogen,161.10349
capital,Link,AL0 0,home battery charger,5299.75188
capital,Link,AL0 0,methanolisation,1902531.04071
capital,Link,AL0 0,rural air heat pump,4416.28302
capital,Link,AL0 0,rural biomass boiler,7662.63598
capital,Link,AL0 0,rural gas boiler,27792816.0201
capital,Link,AL0 0,rural ground heat pump,9049.02116
capital,Link,AL0 0,rural resistive heater,3308251.57024
capital,Link,AL0 0,urban central air heat pump,8410.12956
capital,Link,AL0 0,urban central gas CHP,2171.03401
capital,Link,AL0 0,urban central gas boiler,898230.3657
capital,Link,AL0 0,urban central resistive heater,3154.67855
capital,Link,AL0 0,urban central solid biomass CHP,872425.69918
capital,Link,AL0 0,urban central solid biomass CHP CC,4699284.3601
capital,Link,AL0 0,urban decentral air heat pump,4259.73314
capital,Link,AL0 0,urban decentral biomass boiler,7744.53701
capital,Link,AL0 0,urban decentral gas boiler,36556477.16525
capital,Link,AL0 0,urban decentral resistive heater,4510321.97369
capital,Link,AL0 0,waste CHP,2203.40109
capital,Link,AT0 0,CO2 pipeline,18711.74752
capital,Link,AT0 0,Combined-Cycle Gas,352632788.31714
capital,Link,AT0 0,EAF,3192.13927
capital,Link,AT0 0,H2 DRI,1887.85728
capital,Link,AT0 0,H2 Electrolysis,1898.31288
capital,Link,AT0 0,Haber-Bosch,7455.26629
capital,Link,AT0 0,Open-Cycle Gas,1484.10393
capital,Link,AT0 0,SMR,23510.82451
capital,Link,AT0 0,Sabatier,839.34417
capital,Link,AT0 0,battery charger,3828.02997
capital,Link,AT0 0,biogas to gas,39396553.32861
capital,Link,AT0 0,biomass to liquid,15090.75343
capital,Link,AT0 0,biomass-to-methanol,2755.10668
capital,Link,AT0 0,electricity distribution grid,444099960.17689
capital,Link,AT0 0,gas DRI,2819.39158
capital,Link,AT0 0,gas pipeline,11817541.81551
capital,Link,AT0 0,gas pipeline new,3160259.34997
capital,Link,AT0 0,heat100-200 industry electric boiler steam,394.37835
capital,Link,AT0 0,heat100-200 industry gas,8644423.13608
capital,Link,AT0 0,heat100-200 industry industrial heat pump high temperature,125983699.38754
capital,Link,AT0 0,heat100-200 industry solid biomass,35315640.99481
capital,Link,AT0 0,heat200-500 industry gas,694122.77035
capital,Link,AT0 0,heat200-500 industry hydrogen,95.64668
capital,Link,AT0 0,heat200-500 industry solid biomass,10446624.99367
capital,Link,AT0 0,heat<100 industry electric boiler steam,341.51122
capital,Link,AT0 0,heat<100 industry gas,3224625.94705
capital,Link,AT0 0,heat<100 industry industrial heat pump medium temperature,7547.67784
capital,Link,AT0 0,heat<100 industry solid biomass,51762521.16466
capital,Link,AT0 0,heat>500 industry gas,1692602.88359
capital,Link,AT0 0,heat>500 industry hydrogen,134.43202
capital,Link,AT0 0,home battery charger,3772.22123
capital,Link,AT0 0,methanolisation,15770.25325
capital,Link,AT0 0,rural air heat pump,7243.2199
capital,Link,AT0 0,rural biomass boiler,303486292.12624
capital,Link,AT0 0,rural gas boiler,206924205.43043
capital,Link,AT0 0,rural ground heat pump,343359539.07973
capital,Link,AT0 0,rural resistive heater,1752265.38075
capital,Link,AT0 0,urban central air heat pump,2893.81195
capital,Link,AT0 0,urban central gas CHP,2857.23732
capital,Link,AT0 0,urban central gas boiler,22029320.04871
capital,Link,AT0 0,urban central resistive heater,2439414.3507
capital,Link,AT0 0,urban central solid biomass CHP,159787839.33123
capital,Link,AT0 0,urban central solid biomass CHP CC,87610.55526
capital,Link,AT0 0,urban decentral air heat pump,113343408.33639
capital,Link,AT0 0,urban decentral biomass boiler,312570280.54169
capital,Link,AT0 0,urban decentral gas boiler,213117885.78363
capital,Link,AT0 0,urban decentral resistive heater,3179795.21139
capital,Link,AT0 0,waste CHP,2495.62821
capital,Link,BA0 0,CO2 pipeline,7331.49157
capital,Link,BA0 0,Combined-Cycle Gas,2025.61735
capital,Link,BA0 0,EAF,2397.96491
capital,Link,BA0 0,H2 DRI,1574.81677
capital,Link,BA0 0,H2 Electrolysis,1940.58213
capital,Link,BA0 0,Haber-Bosch,6964.08773
capital,Link,BA0 0,Open-Cycle Gas,1390.18008
capital,Link,BA0 0,SMR,24516.77598
capital,Link,BA0 0,Sabatier,837.71663
capital,Link,BA0 0,battery charger,3983.17046
capital,Link,BA0 0,biogas to gas,298705.4494
capital,Link,BA0 0,biomass to liquid,164932043.45662
capital,Link,BA0 0,biomass-to-methanol,2793.75127
capital,Link,BA0 0,electricity distribution grid,159897390.97896
capital,Link,BA0 0,gas DRI,2203.86384
capital,Link,BA0 0,gas pipeline,3487367.17429
capital,Link,BA0 0,gas pipeline new,7694385.77872
capital,Link,BA0 0,heat100-200 industry electric boiler steam,302.39596
capital,Link,BA0 0,heat100-200 industry gas,285273.12417
capital,Link,BA0 0,heat100-200 industry industrial heat pump high temperature,39446.64575
capital,Link,BA0 0,heat100-200 industry solid biomass,4547299.29551
capital,Link,BA0 0,heat200-500 industry gas,41953.32788
capital,Link,BA0 0,heat200-500 industry hydrogen,125.75165
capital,Link,BA0 0,heat200-500 industry solid biomass,631428.10177
capital,Link,BA0 0,heat<100 industry electric boiler steam,301.86758
capital,Link,BA0 0,heat<100 industry gas,291476.79671
capital,Link,BA0 0,heat<100 industry industrial heat pump medium temperature,8377.79679
capital,Link,BA0 0,heat<100 industry solid biomass,4671373.54947
capital,Link,BA0 0,heat>500 industry gas,155544.82374
capital,Link,BA0 0,heat>500 industry hydrogen,138.93736
capital,Link,BA0 0,home battery charger,18675.81914
capital,Link,BA0 0,methanolisation,15424.16248
capital,Link,BA0 0,rural air heat pump,3208.29031
capital,Link,BA0 0,rural biomass boiler,10909.35479
capital,Link,BA0 0,rural gas boiler,165313773.18709
capital,Link,BA0 0,rural ground heat pump,6829.68538
capital,Link,BA0 0,rural resistive heater,12006816.93772
capital,Link,BA0 0,urban central air heat pump,4330.21331
capital,Link,BA0 0,urban central gas CHP,2351.98855
capital,Link,BA0 0,urban central gas boiler,4856731.8464
capital,Link,BA0 0,urban central resistive heater,231267.9138
capital,Link,BA0 0,urban central solid biomass CHP,12919868.26891
capital,Link,BA0 0,urban central solid biomass CHP CC,26455.79817
capital,Link,BA0 0,urban decentral air heat pump,3206.09638
capital,Link,BA0 0,urban decentral biomass boiler,10467.0084
capital,Link,BA0 0,urban decentral gas boiler,119224588.96938
capital,Link,BA0 0,urban decentral resistive heater,8685420.24493
capital,Link,BA0 0,waste CHP,2216.99836
capital,Link,BE0 0,CO2 pipeline,20059.5037
capital,Link,BE0 0,Combined-Cycle Gas,532145511.30013
capital,Link,BE0 0,DC,23219324.12346
capital,Link,BE0 0,EAF,3168.81872
capital,Link,BE0 0,H2 DRI,1831.17663
capital,Link,BE0 0,H2 Electrolysis,1921.31163
capital,Link,BE0 0,Haber-Bosch,34848.22735
capital,Link,BE0 0,Open-Cycle Gas,1719.67307
capital,Link,BE0 0,SMR,52932.66946
capital,Link,BE0 0,Sabatier,821.28378
capital,Link,BE0 0,battery charger,3694.15475
capital,Link,BE0 0,biogas to gas,42529913.74953
capital,Link,BE0 0,biomass to liquid,1794.00179
capital,Link,BE0 0,biomass-to-methanol,2234.42295
capital,Link,BE0 0,electricity distribution grid,602718573.5167
capital,Link,BE0 0,gas DRI,2846.37945
capital,Link,BE0 0,gas pipeline,18821571.77033
capital,Link,BE0 0,gas pipeline new,4141803.3484
capital,Link,BE0 0,heat100-200 industry electric boiler steam,412.56349
capital,Link,BE0 0,heat100-200 industry gas,9494026.99069
capital,Link,BE0 0,heat100-200 industry industrial heat pump high temperature,185591239.93327
capital,Link,BE0 0,heat100-200 industry solid biomass,427.59947
capital,Link,BE0 0,heat200-500 industry gas,951079.27243
capital,Link,BE0 0,heat200-500 industry hydrogen,109.89089
capital,Link,BE0 0,heat200-500 industry solid biomass,252.08395
capital,Link,BE0 0,heat<100 industry electric boiler steam,400.52301
capital,Link,BE0 0,heat<100 industry gas,7472404.90115
capital,Link,BE0 0,heat<100 industry industrial heat pump medium temperature,128645218.98056
capital,Link,BE0 0,heat<100 industry solid biomass,430.94262
capital,Link,BE0 0,heat>500 industry gas,3135369.91917
capital,Link,BE0 0,heat>500 industry hydrogen,149.80485
capital,Link,BE0 0,home battery charger,3802.29341
capital,Link,BE0 0,methanolisation,25788.37241
capital,Link,BE0 0,rural air heat pump,7867.54153
capital,Link,BE0 0,rural biomass boiler,20149409.10996
capital,Link,BE0 0,rural gas boiler,118215354.23709
capital,Link,BE0 0,rural ground heat pump,55170313.66215
capital,Link,BE0 0,rural resistive heater,1378550.14888
capital,Link,BE0 0,urban central air heat pump,16830555.39239
capital,Link,BE0 0,urban central gas CHP,3388.79844
capital,Link,BE0 0,urban central gas boiler,40434348.44895
capital,Link,BE0 0,urban central resistive heater,360980.91184
capital,Link,BE0 0,urban central solid biomass CHP,1822.14475
capital,Link,BE0 0,urban central solid biomass CHP CC,2589.83919
capital,Link,BE0 0,urban decentral air heat pump,41147971.64287
capital,Link,BE0 0,urban decentral biomass boiler,266481315.13342
capital,Link,BE0 0,urban decentral gas boiler,1563429621.88831
capital,Link,BE0 0,urban decentral resistive heater,18312649.57888
capital,Link,BE0 0,waste CHP,2829.81949
capital,Link,BG0 0,CO2 pipeline,15980.61354
capital,Link,BG0 0,Combined-Cycle Gas,9745345.56998
capital,Link,BG0 0,H2 Electrolysis,2003.92544
capital,Link,BG0 0,Haber-Bosch,10167.85383
capital,Link,BG0 0,Open-Cycle Gas,1392.25567
capital,Link,BG0 0,SMR,28848.00883
capital,Link,BG0 0,Sabatier,824.84955
capital,Link,BG0 0,battery charger,4314.76013
capital,Link,BG0 0,biogas to gas,9358934.09472
capital,Link,BG0 0,biomass to liquid,38296153.54953
capital,Link,BG0 0,biomass-to-methanol,2773.11637
capital,Link,BG0 0,electricity distribution grid,324206907.52644
capital,Link,BG0 0,gas pipeline,4651416.62342
capital,Link,BG0 0,gas pipeline new,19848126.40257
capital,Link,BG0 0,heat100-200 industry electric boiler steam,347.81948
capital,Link,BG0 0,heat100-200 industry gas,1804626.01851
capital,Link,BG0 0,heat100-200 industry industrial heat pump high temperature,58248.45016
capital,Link,BG0 0,heat100-200 industry solid biomass,28923126.22448
capital,Link,BG0 0,heat200-500 industry gas,228574.21404
capital,Link,BG0 0,heat200-500 industry hydrogen,113.82578
capital,Link,BG0 0,heat200-500 industry solid biomass,3440159.01151
capital,Link,BG0 0,heat<100 industry electric boiler steam,322.18852
capital,Link,BG0 0,heat<100 industry gas,1277462.42858
capital,Link,BG0 0,heat<100 industry industrial heat pump medium temperature,7411.33494
capital,Link,BG0 0,heat<100 industry solid biomass,20501523.08262
capital,Link,BG0 0,heat>500 industry gas,876864.45706
capital,Link,BG0 0,heat>500 industry hydrogen,125.39738
capital,Link,BG0 0,home battery charger,21360.20965
capital,Link,BG0 0,methanolisation,19079.52349
capital,Link,BG0 0,rural air heat pump,7195.90837
capital,Link,BG0 0,rural biomass boiler,101145902.72138
capital,Link,BG0 0,rural gas boiler,2527510.63897
capital,Link,BG0 0,rural ground heat pump,99976657.73204
capital,Link,BG0 0,rural resistive heater,7364007.84332
capital,Link,BG0 0,urban central air heat pump,3792.49663
capital,Link,BG0 0,urban central gas CHP,2859.42647
capital,Link,BG0 0,urban central gas boiler,10375937.68639
capital,Link,BG0 0,urban central resistive heater,1390113.58173
capital,Link,BG0 0,urban central solid biomass CHP,14360648.81158
capital,Link,BG0 0,urban central solid biomass CHP CC,34883179.39367
capital,Link,BG0 0,urban decentral air heat pump,171487204.64186
capital,Link,BG0 0,urban decentral biomass boiler,157562315.54839
capital,Link,BG0 0,urban decentral gas boiler,3937286.81176
capital,Link,BG0 0,urban decentral resistive heater,11199597.90537
capital,Link,BG0 0,waste CHP,2366.32322
capital,Link,CH0 0,CO2 pipeline,32689.99003
capital,Link,CH0 0,Combined-Cycle Gas,5763365.13124
capital,Link,CH0 0,EAF,2391.77674
capital,Link,CH0 0,H2 DRI,1570.36882
capital,Link,CH0 0,H2 Electrolysis,1937.98149
capital,Link,CH0 0,Haber-Bosch,8191.88895
capital,Link,CH0 0,Open-Cycle Gas,1439.84966
capital,Link,CH0 0,SMR,23302.23592
capital,Link,CH0 0,Sabatier,816.24047
capital,Link,CH0 0,battery charger,3807.84464
capital,Link,CH0 0,biogas to gas,7421.73996
capital,Link,CH0 0,biomass to liquid,35062876.67625
capital,Link,CH0 0,biomass-to-methanol,2841.23153
capital,Link,CH0 0,electricity distribution grid,692746909.22255
capital,Link,CH0 0,gas DRI,2200.44343
capital,Link,CH0 0,gas pipeline,6573997.11064
capital,Link,CH0 0,gas pipeline new,13540775.00282
capital,Link,CH0 0,heat100-200 industry electric boiler steam,355.77951
capital,Link,CH0 0,heat100-200 industry gas,2821546.04541
capital,Link,CH0 0,heat100-200 industry industrial heat pump high temperature,299089.92131
capital,Link,CH0 0,heat100-200 industry solid biomass,45052910.99625
capital,Link,CH0 0,heat200-500 industry gas,266331.1509
capital,Link,CH0 0,heat200-500 industry hydrogen,106.63139
capital,Link,CH0 0,heat200-500 industry solid biomass,4008308.33579
capital,Link,CH0 0,heat<100 industry electric boiler steam,348.06961
capital,Link,CH0 0,heat<100 industry gas,2065121.14027
capital,Link,CH0 0,heat<100 industry industrial heat pump medium temperature,7801.61662
capital,Link,CH0 0,heat<100 industry solid biomass,33145177.50435
capital,Link,CH0 0,heat>500 industry gas,662970.24576
capital,Link,CH0 0,heat>500 industry hydrogen,124.19956
capital,Link,CH0 0,home battery charger,11626.47169
capital,Link,CH0 0,methanolisation,15230.1975
capital,Link,CH0 0,rural air heat pump,3366.00188
capital,Link,CH0 0,rural biomass boiler,12415.53417
capital,Link,CH0 0,rural gas boiler,7029985.25017
capital,Link,CH0 0,rural ground heat pump,640595165.06558
capital,Link,CH0 0,rural resistive heater,729138.05923
capital,Link,CH0 0,urban central air heat pump,3099.17625
capital,Link,CH0 0,urban central gas CHP,2330.85952
capital,Link,CH0 0,urban central gas boiler,13893242.60352
capital,Link,CH0 0,urban central resistive heater,2893864.32456
capital,Link,CH0 0,urban central solid biomass CHP,113178904.7338
capital,Link,CH0 0,urban central solid biomass CHP CC,572211.47327
capital,Link,CH0 0,urban decentral air heat pump,1936735636.50938
capital,Link,CH0 0,urban decentral biomass boiler,11535.47705
capital,Link,CH0 0,urban decentral gas boiler,262614098.66354
capital,Link,CH0 0,urban decentral resistive heater,14661629.07733
capital,Link,CH0 0,waste CHP,2443.46679
capital,Link,CZ0 0,CO2 pipeline,10200.31151
capital,Link,CZ0 0,Combined-Cycle Gas,165355709.63752
capital,Link,CZ0 0,EAF,2947.51938
capital,Link,CZ0 0,H2 DRI,1764.81662
capital,Link,CZ0 0,H2 Electrolysis,1834.55868
capital,Link,CZ0 0,Haber-Bosch,7575.13297
capital,Link,CZ0 0,Open-Cycle Gas,1649.47161
capital,Link,CZ0 0,SMR,19340.36646
capital,Link,CZ0 0,Sabatier,801.37726
capital,Link,CZ0 0,battery charger,3723.21553
capital,Link,CZ0 0,biogas to gas,106697548.00207
capital,Link,CZ0 0,biomass to liquid,5297.46599
capital,Link,CZ0 0,biomass-to-methanol,2706.67328
capital,Link,CZ0 0,electricity distribution grid,530088041.31428
capital,Link,CZ0 0,gas DRI,2654.6879
capital,Link,CZ0 0,gas pipeline,15837300.93355
capital,Link,CZ0 0,gas pipeline new,14217.35375
capital,Link,CZ0 0,heat100-200 industry electric boiler steam,349.69029
capital,Link,CZ0 0,heat100-200 industry gas,5599666.2834
capital,Link,CZ0 0,heat100-200 industry industrial heat pump high temperature,109457650.73766
capital,Link,CZ0 0,heat100-200 industry solid biomass,4962.21569
capital,Link,CZ0 0,heat200-500 industry gas,658474.44282
capital,Link,CZ0 0,heat200-500 industry hydrogen,104.80041
capital,Link,CZ0 0,heat200-500 industry solid biomass,9909790.05126
capital,Link,CZ0 0,heat<100 industry electric boiler steam,350.53244
capital,Link,CZ0 0,heat<100 industry gas,4985741.84608
capital,Link,CZ0 0,heat<100 industry industrial heat pump medium temperature,78951236.6043
capital,Link,CZ0 0,heat<100 industry solid biomass,6418945.75255
capital,Link,CZ0 0,heat>500 industry gas,1550004.72758
capital,Link,CZ0 0,heat>500 industry hydrogen,133.01286
capital,Link,CZ0 0,home battery charger,4882.40282
capital,Link,CZ0 0,methanolisation,12018.26602
capital,Link,CZ0 0,rural air heat pump,5815.63772
capital,Link,CZ0 0,rural biomass boiler,335984988.96149
capital,Link,CZ0 0,rural gas boiler,339623930.79443
capital,Link,CZ0 0,rural ground heat pump,240878927.94897
capital,Link,CZ0 0,rural resistive heater,11284071.36843
capital,Link,CZ0 0,urban central air heat pump,2690.75621
capital,Link,CZ0 0,urban central gas CHP,5094.84311
capital,Link,CZ0 0,urban central gas boiler,46730987.00929
capital,Link,CZ0 0,urban central resistive heater,9940.06648
capital,Link,CZ0 0,urban central solid biomass CHP,135221910.35855
capital,Link,CZ0 0,urban central solid biomass CHP CC,55777.31826
capital,Link,CZ0 0,urban decentral air heat pump,153577105.08573
capital,Link,CZ0 0,urban decentral biomass boiler,647169340.18781
capital,Link,CZ0 0,urban decentral gas boiler,654178616.3828
capital,Link,CZ0 0,urban decentral resistive heater,22963107.93746
capital,Link,CZ0 0,waste CHP,2631.00022
capital,Link,DE0 0,CO2 pipeline,30815.1679
capital,Link,DE0 0,Combined-Cycle Gas,309046423.08004
capital,Link,DE0 0,DC,169790742.32792
capital,Link,DE0 0,EAF,3245.28328
capital,Link,DE0 0,H2 DRI,1855.93754
capital,Link,DE0 0,H2 Electrolysis,1925.86095
capital,Link,DE0 0,Haber-Bosch,10249.29034
capital,Link,DE0 0,Open-Cycle Gas,1768.46835
capital,Link,DE0 0,SMR,24000.42883
capital,Link,DE0 0,Sabatier,815.86376
capital,Link,DE0 0,battery charger,3731.50812
capital,Link,DE0 0,biogas to gas,297062228.46148
capital,Link,DE0 0,biomass to liquid,9641.97861
capital,Link,DE0 0,biomass-to-methanol,2746.98498
capital,Link,DE0 0,electricity distribution grid,590458494.23785
capital,Link,DE0 0,gas DRI,2911.75575
capital,Link,DE0 0,gas pipeline,22398167.55046
capital,Link,DE0 0,heat100-200 industry electric boiler steam,404.07231
capital,Link,DE0 0,heat100-200 industry gas,8960674.13907
capital,Link,DE0 0,heat100-200 industry industrial heat pump high temperature,175160318.89412
capital,Link,DE0 0,heat100-200 industry solid biomass,5400.11968
capital,Link,DE0 0,heat200-500 industry gas,903817.3353
capital,Link,DE0 0,heat200-500 industry hydrogen,98.06066
capital,Link,DE0 0,heat200-500 industry solid biomass,13602585.82577
capital,Link,DE0 0,heat<100 industry electric boiler steam,388.9268
capital,Link,DE0 0,heat<100 industry gas,6480198.90717
capital,Link,DE0 0,heat<100 industry industrial heat pump medium temperature,81198934.50287
capital,Link,DE0 0,heat<100 industry solid biomass,28316716.68761
capital,Link,DE0 0,heat>500 industry gas,2395117.53885
capital,Link,DE0 0,heat>500 industry hydrogen,142.14992
capital,Link,DE0 0,home battery charger,3800.78135
capital,Link,DE0 0,methanolisation,14811.82989
capital,Link,DE0 0,rural air heat pump,5770.76312
capital,Link,DE0 0,rural biomass boiler,152062929.72848
capital,Link,DE0 0,rural gas boiler,445412931.58674
capital,Link,DE0 0,rural ground heat pump,265205309.00932
capital,Link,DE0 0,rural resistive heater,1147847.71718
capital,Link,DE0 0,urban central air heat pump,3897.9083
capital,Link,DE0 0,urban central gas CHP,3390.02791
capital,Link,DE0 0,urban central gas boiler,46819404.61273
capital,Link,DE0 0,urban central resistive heater,2376913.61721
capital,Link,DE0 0,urban central solid biomass CHP,56372157.21316
capital,Link,DE0 0,urban central solid biomass CHP CC,142936910.28791
capital,Link,DE0 0,urban decentral air heat pump,107367018.31661
capital,Link,DE0 0,urban decentral biomass boiler,379071163.13118
capital,Link,DE0 0,urban decentral gas boiler,1110350815.62437
capital,Link,DE0 0,urban decentral resistive heater,3033392.36945
capital,Link,DE0 0,waste CHP,2535.92773
capital,Link,DE0 1,CO2 pipeline,119633.25386
capital,Link,DE0 1,Combined-Cycle Gas,213505689.94189
capital,Link,DE0 1,H2 Electrolysis,1849.35469
capital,Link,DE0 1,Haber-Bosch,5931.43352
capital,Link,DE0 1,Open-Cycle Gas,1587.54435
capital,Link,DE0 1,SMR,13259.54368
capital,Link,DE0 1,Sabatier,834.27249
capital,Link,DE0 1,battery charger,3715.73124
capital,Link,DE0 1,biogas to gas,179720167.87039
capital,Link,DE0 1,biomass to liquid,10497.88349
capital,Link,DE0 1,biomass-to-methanol,2791.93536
capital,Link,DE0 1,electricity distribution grid,333370540.10672
capital,Link,DE0 1,gas pipeline,8036863.96094
capital,Link,DE0 1,gas pipeline new,29749.81295
capital,Link,DE0 1,heat100-200 industry electric boiler steam,332.2908
capital,Link,DE0 1,heat100-200 industry gas,3249435.48176
capital,Link,DE0 1,heat100-200 industry industrial heat pump high temperature,24246958.4515
capital,Link,DE0 1,heat100-200 industry solid biomass,32254523.77712
capital,Link,DE0 1,heat200-500 industry gas,297797.16064
capital,Link,DE0 1,heat200-500 industry hydrogen,109.85243
capital,Link,DE0 1,heat200-500 industry solid biomass,4481670.88961
capital,Link,DE0 1,heat<100 industry electric boiler steam,319.51534
capital,Link,DE0 1,heat<100 industry gas,1909998.32855
capital,Link,DE0 1,heat<100 industry industrial heat pump medium temperature,7057.31113
capital,Link,DE0 1,heat<100 industry solid biomass,30656820.62819
capital,Link,DE0 1,heat>500 industry gas,568603.93289
capital,Link,DE0 1,heat>500 industry hydrogen,125.54238
capital,Link,DE0 1,home battery charger,3764.11413
capital,Link,DE0 1,methanolisation,7907.25642
capital,Link,DE0 1,rural air heat pump,4513.58706
capital,Link,DE0 1,rural biomass boiler,163869005.30169
capital,Link,DE0 1,rural gas boiler,479994527.12081
capital,Link,DE0 1,rural ground heat pump,135948882.67629
capital,Link,DE0 1,rural resistive heater,503998.25818
capital,Link,DE0 1,urban central air heat pump,3306.75186
capital,Link,DE0 1,urban central gas CHP,3055.09337
capital,Link,DE0 1,urban central gas boiler,13176081.39062
capital,Link,DE0 1,urban central resistive heater,644875.48008
capital,Link,DE0 1,urban central solid biomass CHP,60237689.95309
capital,Link,DE0 1,urban central solid biomass CHP CC,2136609.26117
capital,Link,DE0 1,urban decentral air heat pump,51230626.02487
capital,Link,DE0 1,urban decentral biomass boiler,113551400.07198
capital,Link,DE0 1,urban decentral gas boiler,332607441.42014
capital,Link,DE0 1,urban decentral resistive heater,1513899.85503
capital,Link,DE0 1,waste CHP,2486.59914
capital,Link,DE0 2,CO2 pipeline,247017.94437
capital,Link,DE0 2,Combined-Cycle Gas,1035661566.12034
capital,Link,DE0 2,EAF,3720.65556
capital,Link,DE0 2,H2 DRI,2032.71557
capital,Link,DE0 2,H2 Electrolysis,2066.34537
capital,Link,DE0 2,Haber-Bosch,137727612.24034
capital,Link,DE0 2,Open-Cycle Gas,1781.40343
capital,Link,DE0 2,SMR,87925331.10983
capital,Link,DE0 2,Sabatier,812.01787
capital,Link,DE0 2,battery charger,3751.74605
capital,Link,DE0 2,biogas to gas,209336846.29906
capital,Link,DE0 2,biomass to liquid,1778.98419
capital,Link,DE0 2,biomass-to-methanol,2236.43075
capital,Link,DE0 2,electricity distribution grid,896331157.82667
capital,Link,DE0 2,gas DRI,3293.07439
capital,Link,DE0 2,gas pipeline,30205086.21893
capital,Link,DE0 2,heat100-200 industry electric boiler steam,476.90357
capital,Link,DE0 2,heat100-200 industry gas,17369426.83226
capital,Link,DE0 2,heat100-200 industry industrial heat pump high temperature,339544749.72321
capital,Link,DE0 2,heat100-200 industry solid biomass,428.50647
capital,Link,DE0 2,heat200-500 industry gas,1626306.35588
capital,Link,DE0 2,heat200-500 industry hydrogen,128.8939
capital,Link,DE0 2,heat200-500 industry solid biomass,258.57332
capital,Link,DE0 2,heat<100 industry electric boiler steam,443.61452
capital,Link,DE0 2,heat<100 industry gas,11980616.48667
capital,Link,DE0 2,heat<100 industry industrial heat pump medium temperature,206260357.8919
capital,Link,DE0 2,heat<100 industry solid biomass,445.883
capital,Link,DE0 2,heat>500 industry gas,4783645.58154
capital,Link,DE0 2,heat>500 industry hydrogen,162.28633
capital,Link,DE0 2,home battery charger,3812.9309
capital,Link,DE0 2,methanolisation,23555.24264
capital,Link,DE0 2,rural air heat pump,7652.78829
capital,Link,DE0 2,rural biomass boiler,63086082.1568
capital,Link,DE0 2,rural gas boiler,184787685.24291
capital,Link,DE0 2,rural ground heat pump,330903498.85853
capital,Link,DE0 2,rural resistive heater,1053298.03678
capital,Link,DE0 2,urban central air heat pump,46093459.59427
capital,Link,DE0 2,urban central gas CHP,3599.05632
capital,Link,DE0 2,urban central gas boiler,89417009.40851
capital,Link,DE0 2,urban central resistive heater,6319011.71576
capital,Link,DE0 2,urban central solid biomass CHP,1846.12346
capital,Link,DE0 2,urban central solid biomass CHP CC,2512.58353
capital,Link,DE0 2,urban decentral air heat pump,158432732.45987
capital,Link,DE0 2,urban decentral biomass boiler,685742325.15328
capital,Link,DE0 2,urban decentral gas boiler,2008632214.99812
capital,Link,DE0 2,urban decentral resistive heater,4439352.65637
capital,Link,DE0 2,waste CHP,2870.68752
capital,Link,DE0 3,CO2 pipeline,5244.9775
capital,Link,DE0 3,Combined-Cycle Gas,350046646.86851
capital,Link,DE0 3,H2 Electrolysis,1858.71513
capital,Link,DE0 3,Haber-Bosch,6001.63241
capital,Link,DE0 3,Open-Cycle Gas,1112342.34928
capital,Link,DE0 3,SMR,12888.27026
capital,Link,DE0 3,Sabatier,829.60686
capital,Link,DE0 3,battery charger,3760.28671
capital,Link,DE0 3,biogas to gas,225913268.36651
capital,Link,DE0 3,biomass to liquid,6240.0024
capital,Link,DE0 3,biomass-to-methanol,2760.22223
capital,Link,DE0 3,electricity distribution grid,453350475.56166
capital,Link,DE0 3,gas pipeline,3317522.45066
capital,Link,DE0 3,gas pipeline new,17482604.07991
capital,Link,DE0 3,heat100-200 industry electric boiler steam,349.87631
capital,Link,DE0 3,heat100-200 industry gas,5277247.90544
capital,Link,DE0 3,heat100-200 industry industrial heat pump high temperature,103154027.97634
capital,Link,DE0 3,heat100-200 industry solid biomass,5248.90244
capital,Link,DE0 3,heat200-500 industry gas,503302.85574
capital,Link,DE0 3,heat200-500 industry hydrogen,100.04737
capital,Link,DE0 3,heat200-500 industry solid biomass,7574557.40771
capital,Link,DE0 3,heat<100 industry electric boiler steam,338.52963
capital,Link,DE0 3,heat<100 industry gas,3348649.50571
capital,Link,DE0 3,heat<100 industry industrial heat pump medium temperature,6258372.25109
capital,Link,DE0 3,heat<100 industry solid biomass,47924608.80677
capital,Link,DE0 3,heat>500 industry gas,1449341.82068
capital,Link,DE0 3,heat>500 industry hydrogen,132.59498
capital,Link,DE0 3,home battery charger,3755.30583
capital,Link,DE0 3,methanolisation,7466.14215
capital,Link,DE0 3,rural air heat pump,7023.95605
capital,Link,DE0 3,rural biomass boiler,126342373.23973
capital,Link,DE0 3,rural gas boiler,370073935.50035
capital,Link,DE0 3,rural ground heat pump,170083131.37321
capital,Link,DE0 3,rural resistive heater,654811.46151
capital,Link,DE0 3,urban central air heat pump,3275.5466
capital,Link,DE0 3,urban central gas CHP,3021.53894
capital,Link,DE0 3,urban central gas boiler,23636408.53258
capital,Link,DE0 3,urban central resistive heater,1703571.61429
capital,Link,DE0 3,urban central solid biomass CHP,113954763.15334
capital,Link,DE0 3,urban central solid biomass CHP CC,65493.53348
capital,Link,DE0 3,urban decentral air heat pump,66612706.55287
capital,Link,DE0 3,urban decentral biomass boiler,211651890.74152
capital,Link,DE0 3,urban decentral gas boiler,619957075.00432
capital,Link,DE0 3,urban decentral resistive heater,1802543.59992
capital,Link,DE0 3,waste CHP,2605.19191
capital,Link,DE0 4,CO2 pipeline,2438.47144
capital,Link,DE0 4,Combined-Cycle Gas,612158924.6422
capital,Link,DE0 4,EAF,3006.0016
capital,Link,DE0 4,H2 DRI,1811.90915
capital,Link,DE0 4,H2 Electrolysis,1853.33134
capital,Link,DE0 4,Haber-Bosch,9683.12193
capital,Link,DE0 4,Open-Cycle Gas,1508.90967
capital,Link,DE0 4,SMR,15891.57702
capital,Link,DE0 4,Sabatier,832.45029
capital,Link,DE0 4,battery charger,3707.1699
capital,Link,DE0 4,biogas to gas,221085511.62575
capital,Link,DE0 4,biomass to liquid,2629.62635
capital,Link,DE0 4,biomass-to-methanol,2577.11649
capital,Link,DE0 4,electricity distribution grid,797802994.76501
capital,Link,DE0 4,gas DRI,2675.73146
capital,Link,DE0 4,gas pipeline,13851172.13292
capital,Link,DE0 4,heat100-200 industry electric boiler steam,421.61894
capital,Link,DE0 4,heat100-200 industry gas,13772781.24789
capital,Link,DE0 4,heat100-200 industry industrial heat pump high temperature,269234392.71526
capital,Link,DE0 4,heat100-200 industry solid biomass,1090.79364
capital,Link,DE0 4,heat200-500 industry gas,1076843.55699
capital,Link,DE0 4,heat200-500 industry hydrogen,114.71845
capital,Link,DE0 4,heat200-500 industry solid biomass,1162.64729
capital,Link,DE0 4,heat<100 industry electric boiler steam,388.67966
capital,Link,DE0 4,heat<100 industry gas,8892468.85774
capital,Link,DE0 4,heat<100 industry industrial heat pump medium temperature,153092507.24853
capital,Link,DE0 4,heat<100 industry solid biomass,1242.48587
capital,Link,DE0 4,heat>500 industry gas,2208463.27966
capital,Link,DE0 4,heat>500 industry hydrogen,143.21549
capital,Link,DE0 4,home battery charger,3746.50745
capital,Link,DE0 4,methanolisation,7791.14913
capital,Link,DE0 4,rural air heat pump,8294.38326
capital,Link,DE0 4,rural biomass boiler,49806808.37473
capital,Link,DE0 4,rural gas boiler,145890892.4797
capital,Link,DE0 4,rural ground heat pump,300491317.88278
capital,Link,DE0 4,rural resistive heater,38042.05219
capital,Link,DE0 4,urban central air heat pump,33450932.32781
capital,Link,DE0 4,urban central gas CHP,3526.92435
capital,Link,DE0 4,urban central gas boiler,80341581.62019
capital,Link,DE0 4,urban central resistive heater,2118430.21336
capital,Link,DE0 4,urban central solid biomass CHP,38708070.43196
capital,Link,DE0 4,urban central solid biomass CHP CC,138492.75369
capital,Link,DE0 4,urban decentral air heat pump,136727908.19972
capital,Link,DE0 4,urban decentral biomass boiler,595839847.03718
capital,Link,DE0 4,urban decentral gas boiler,1745295671.33096
capital,Link,DE0 4,urban decentral resistive heater,3627967.73937
capital,Link,DE0 4,waste CHP,3159.56929
capital,Link,DE0 5,CO2 pipeline,10776466.33019
capital,Link,DE0 5,Combined-Cycle Gas,370545883.82195
capital,Link,DE0 5,EAF,2679.89818
capital,Link,DE0 5,H2 DRI,1667.41564
capital,Link,DE0 5,H2 Electrolysis,1865.03475
capital,Link,DE0 5,Haber-Bosch,8647.76881
capital,Link,DE0 5,Open-Cycle Gas,1761.14764
capital,Link,DE0 5,SMR,21248.01289
capital,Link,DE0 5,Sabatier,859.51112
capital,Link,DE0 5,battery charger,3732.55284
capital,Link,DE0 5,biogas to gas,261012596.85415
capital,Link,DE0 5,biomass to liquid,6750.24148
capital,Link,DE0 5,biomass-to-methanol,2728.52595
capital,Link,DE0 5,electricity distribution grid,520537586.00976
capital,Link,DE0 5,gas DRI,2440.11734
capital,Link,DE0 5,gas pipeline,17413353.45327
capital,Link,DE0 5,heat100-200 industry electric boiler steam,403.40546
capital,Link,DE0 5,heat100-200 industry gas,10579188.37507
capital,Link,DE0 5,heat100-200 industry industrial heat pump high temperature,206799811.45478
capital,Link,DE0 5,heat100-200 industry solid biomass,5042.23888
capital,Link,DE0 5,heat200-500 industry gas,956257.72102
capital,Link,DE0 5,heat200-500 industry hydrogen,103.25254
capital,Link,DE0 5,heat200-500 industry solid biomass,14391496.52199
capital,Link,DE0 5,heat<100 industry electric boiler steam,386.26336
capital,Link,DE0 5,heat<100 industry gas,7732858.05336
capital,Link,DE0 5,heat<100 industry industrial heat pump medium temperature,101455423.54287
capital,Link,DE0 5,heat<100 industry solid biomass,29537299.8197
capital,Link,DE0 5,heat>500 industry gas,2833387.61674
capital,Link,DE0 5,heat>500 industry hydrogen,149.4413
capital,Link,DE0 5,home battery charger,3765.70706
capital,Link,DE0 5,methanolisation,13226.29605
capital,Link,DE0 5,rural air heat pump,4653.10636
capital,Link,DE0 5,rural biomass boiler,234001503.84743
capital,Link,DE0 5,rural gas boiler,685422121.02907
capital,Link,DE0 5,rural ground heat pump,279745653.47687
capital,Link,DE0 5,rural resistive heater,1281641.34719
capital,Link,DE0 5,urban central air heat pump,3361.71808
capital,Link,DE0 5,urban central gas CHP,4093.62871
capital,Link,DE0 5,urban central gas boiler,43581518.72264
capital,Link,DE0 5,urban central resistive heater,147009.80743
capital,Link,DE0 5,urban central solid biomass CHP,31610769.54553
capital,Link,DE0 5,urban central solid biomass CHP CC,115571812.64754
capital,Link,DE0 5,urban decentral air heat pump,109358755.82644
capital,Link,DE0 5,urban decentral biomass boiler,326041587.55027
capital,Link,DE0 5,urban decentral gas boiler,955020001.18809
capital,Link,DE0 5,urban decentral resistive heater,3505896.24929
capital,Link,DE0 5,waste CHP,2596.00913
capital,Link,DK0 0,CO2 pipeline,12356.87953
capital,Link,DK0 0,Combined-Cycle Gas,81232200.48788
capital,Link,DK0 0,DC,180332203.15189
capital,Link,DK0 0,H2 Electrolysis,2327.9386
capital,Link,DK0 0,Haber-Bosch,161218360.31559
capital,Link,DK0 0,Open-Cycle Gas,1651.1794
capital,Link,DK0 0,SMR,145240740.58255
capital,Link,DK0 0,Sabatier,848.26566
capital,Link,DK0 0,battery charger,3869.05656
capital,Link,DK0 0,biogas to gas,52946957.22231
capital,Link,DK0 0,biomass to liquid,9193.78592
capital,Link,DK0 0,biomass-to-methanol,2745.44595
capital,Link,DK0 0,electricity distribution grid,194426982.03573
capital,Link,DK0 0,gas pipeline,42660271.15443
capital,Link,DK0 0,gas pipeline new,4522432.31101
capital,Link,DK0 0,heat100-200 industry electric boiler steam,385.26222
capital,Link,DK0 0,heat100-200 industry gas,1147235.20856
capital,Link,DK0 0,heat100-200 industry industrial heat pump high temperature,22422575.55873
capital,Link,DK0 0,heat100-200 industry solid biomass,2601.2834
capital,Link,DK0 0,heat200-500 industry gas,104865.05654
capital,Link,DK0 0,heat200-500 industry hydrogen,133.01319
capital,Link,DK0 0,heat200-500 industry solid biomass,1578003.57911
capital,Link,DK0 0,heat<100 industry electric boiler steam,387.70476
capital,Link,DK0 0,heat<100 industry gas,979808.06033
capital,Link,DK0 0,heat<100 industry industrial heat pump medium temperature,16864535.11671
capital,Link,DK0 0,heat<100 industry solid biomass,2995.74612
capital,Link,DK0 0,heat>500 industry gas,296014.3984
capital,Link,DK0 0,heat>500 industry hydrogen,131.18439
capital,Link,DK0 0,home battery charger,3983.4745
capital,Link,DK0 0,methanolisation,36307326.02561
capital,Link,DK0 0,rural air heat pump,9736.26943
capital,Link,DK0 0,rural biomass boiler,33101606.15028
capital,Link,DK0 0,rural gas boiler,21672343.61559
capital,Link,DK0 0,rural ground heat pump,146572420.35301
capital,Link,DK0 0,rural resistive heater,1066283.72162
capital,Link,DK0 0,urban central air heat pump,75008154.16816
capital,Link,DK0 0,urban central gas CHP,2577.5947
capital,Link,DK0 0,urban central gas boiler,46349427.71462
capital,Link,DK0 0,urban central resistive heater,513920.6133
capital,Link,DK0 0,urban central solid biomass CHP,6061.94563
capital,Link,DK0 0,urban central solid biomass CHP CC,85889023.53322
capital,Link,DK0 0,urban decentral air heat pump,211827882.45576
capital,Link,DK0 0,urban decentral biomass boiler,166910189.34718
capital,Link,DK0 0,urban decentral gas boiler,109279741.89688
capital,Link,DK0 0,urban decentral resistive heater,8840440.91024
capital,Link,DK0 0,waste CHP,2096.69959
capital,Link,DK1 0,CO2 pipeline,3269.80272
capital,Link,DK1 0,Combined-Cycle Gas,108770231.86479
capital,Link,DK1 0,DC,20024525.49238
capital,Link,DK1 0,H2 Electrolysis,2456.1227
capital,Link,DK1 0,Haber-Bosch,169766069.27948
capital,Link,DK1 0,Open-Cycle Gas,1524.54453
capital,Link,DK1 0,SMR,165338202.62652
capital,Link,DK1 0,Sabatier,841.6569
capital,Link,DK1 0,battery charger,3864.86796
capital,Link,DK1 0,biogas to gas,19332541.8489
capital,Link,DK1 0,biomass to liquid,1738.87577
capital,Link,DK1 0,biomass-to-methanol,2157.36027
capital,Link,DK1 0,electricity distribution grid,166363444.49001
capital,Link,DK1 0,heat100-200 industry electric boiler steam,396.64972
capital,Link,DK1 0,heat100-200 industry gas,502340.31974
capital,Link,DK1 0,heat100-200 industry industrial heat pump high temperature,9817858.86974
capital,Link,DK1 0,heat100-200 industry solid biomass,469.7647
capital,Link,DK1 0,heat200-500 industry gas,61956.5524
capital,Link,DK1 0,heat200-500 industry hydrogen,141.41043
capital,Link,DK1 0,heat200-500 industry solid biomass,225.8977
capital,Link,DK1 0,heat<100 industry electric boiler steam,405.32839
capital,Link,DK1 0,heat<100 industry gas,458905.76001
capital,Link,DK1 0,heat<100 industry industrial heat pump medium temperature,7899203.18095
capital,Link,DK1 0,heat<100 industry solid biomass,479.95034
capital,Link,DK1 0,heat>500 industry gas,31960.99573
capital,Link,DK1 0,heat>500 industry hydrogen,152.8772
capital,Link,DK1 0,home battery charger,5077.5978
capital,Link,DK1 0,methanolisation,48859821.65532
capital,Link,DK1 0,rural air heat pump,9685.88129
capital,Link,DK1 0,rural biomass boiler,13346304.31157
capital,Link,DK1 0,rural gas boiler,8738116.56526
capital,Link,DK1 0,rural ground heat pump,76859381.32758
capital,Link,DK1 0,rural resistive heater,445574.05785
capital,Link,DK1 0,urban central air heat pump,39080883.07808
capital,Link,DK1 0,urban central gas CHP,2196.0702
capital,Link,DK1 0,urban central gas boiler,24334801.21661
capital,Link,DK1 0,urban central resistive heater,2961936.81456
capital,Link,DK1 0,urban central solid biomass CHP,1569.3611
capital,Link,DK1 0,urban central solid biomass CHP CC,2224.33852
capital,Link,DK1 0,urban decentral air heat pump,144104447.20586
capital,Link,DK1 0,urban decentral biomass boiler,115903953.03065
capital,Link,DK1 0,urban decentral gas boiler,75884846.34495
capital,Link,DK1 0,urban decentral resistive heater,5937102.0221
capital,Link,DK1 0,waste CHP,1991.34864
capital,Link,EE0 0,CO2 pipeline,5010.73212
capital,Link,EE0 0,Combined-Cycle Gas,22634233.66037
capital,Link,EE0 0,DC,45728772.79243
capital,Link,EE0 0,H2 Electrolysis,1978.80192
capital,Link,EE0 0,Haber-Bosch,14311.06284
capital,Link,EE0 0,Open-Cycle Gas,1396.15333
capital,Link,EE0 0,SMR,98151.83551
capital,Link,EE0 0,Sabatier,847.6915
capital,Link,EE0 0,battery charger,3733.99374
capital,Link,EE0 0,biogas to gas,2551778.94684
capital,Link,EE0 0,biomass to liquid,217939166.50944
capital,Link,EE0 0,biomass-to-methanol,2737.95887
capital,Link,EE0 0,electricity distribution grid,81518284.16422
capital,Link,EE0 0,gas pipeline new,17936215.80019
capital,Link,EE0 0,heat100-200 industry electric boiler steam,381.89055
capital,Link,EE0 0,heat100-200 industry gas,390724.14626
capital,Link,EE0 0,heat100-200 industry industrial heat pump high temperature,7628336.26576
capital,Link,EE0 0,heat100-200 industry solid biomass,7047.44154
capital,Link,EE0 0,heat200-500 industry gas,25184.28049
capital,Link,EE0 0,heat200-500 industry hydrogen,136.25972
capital,Link,EE0 0,heat200-500 industry solid biomass,378945.71467
capital,Link,EE0 0,heat<100 industry electric boiler steam,392.59674
capital,Link,EE0 0,heat<100 industry gas,353499.85525
capital,Link,EE0 0,heat<100 industry industrial heat pump medium temperature,6068470.67716
capital,Link,EE0 0,heat<100 industry solid biomass,15684.70771
capital,Link,EE0 0,heat>500 industry gas,36148.28805
capital,Link,EE0 0,heat>500 industry hydrogen,149.95724
capital,Link,EE0 0,home battery charger,5814.98116
capital,Link,EE0 0,methanolisation,75847.99668
capital,Link,EE0 0,rural air heat pump,3441.69244
capital,Link,EE0 0,rural biomass boiler,116113701.34955
capital,Link,EE0 0,rural gas boiler,8170029.12065
capital,Link,EE0 0,rural ground heat pump,81582064.60766
capital,Link,EE0 0,rural resistive heater,1113116.74233
capital,Link,EE0 0,urban central air heat pump,4512.58208
capital,Link,EE0 0,urban central gas CHP,1908.4284
capital,Link,EE0 0,urban central gas boiler,11419370.52316
capital,Link,EE0 0,urban central resistive heater,2012279.78976
capital,Link,EE0 0,urban central solid biomass CHP,15603492.85375
capital,Link,EE0 0,urban central solid biomass CHP CC,22265202.07287
capital,Link,EE0 0,urban decentral air heat pump,79927869.909
capital,Link,EE0 0,urban decentral biomass boiler,120646504.9343
capital,Link,EE0 0,urban decentral gas boiler,8488967.68565
capital,Link,EE0 0,urban decentral resistive heater,3344090.04179
capital,Link,EE0 0,waste CHP,2040.99723
capital,Link,ES0 0,CO2 pipeline,13219.76691
capital,Link,ES0 0,Combined-Cycle Gas,1990315895.83468
capital,Link,ES0 0,DC,22990955.73546
capital,Link,ES0 0,EAF,3156.94278
capital,Link,ES0 0,H2 DRI,1874.00172
capital,Link,ES0 0,H2 Electrolysis,2179.05016
capital,Link,ES0 0,Haber-Bosch,23020.75938
capital,Link,ES0 0,Open-Cycle Gas,1458.06372
capital,Link,ES0 0,SMR,81492371.55043
capital,Link,ES0 0,Sabatier,870.04365
capital,Link,ES0 0,battery charger,5663.1528
capital,Link,ES0 0,biogas to gas,53016801.56098
capital,Link,ES0 0,biomass to liquid,7033480.78585
capital,Link,ES0 0,biomass-to-methanol,2768.9877
capital,Link,ES0 0,electricity distribution grid,2150677717.96038
capital,Link,ES0 0,gas DRI,2791.94232
capital,Link,ES0 0,gas pipeline,16166939.51152
capital,Link,ES0 0,gas pipeline new,2339.5248
capital,Link,ES0 0,heat100-200 industry electric boiler steam,532.34937
capital,Link,ES0 0,heat100-200 industry gas,20414195.23681
capital,Link,ES0 0,heat100-200 industry industrial heat pump high temperature,399061376.26495
capital,Link,ES0 0,heat100-200 industry solid biomass,3991.2627
capital,Link,ES0 0,heat200-500 industry gas,2176689.116
capital,Link,ES0 0,heat200-500 industry hydrogen,111.2628
capital,Link,ES0 0,heat200-500 industry solid biomass,32759858.30658
capital,Link,ES0 0,heat<100 industry electric boiler steam,429.19978
capital,Link,ES0 0,heat<100 industry gas,6312778.47729
capital,Link,ES0 0,heat<100 industry industrial heat pump medium temperature,108674566.71448
capital,Link,ES0 0,heat<100 industry solid biomass,6986.11306
capital,Link,ES0 0,heat>500 industry gas,6127852.05398
capital,Link,ES0 0,heat>500 industry hydrogen,169.76248
capital,Link,ES0 0,home battery charger,4773.37282
capital,Link,ES0 0,methanolisation,69848523.10626
capital,Link,ES0 0,rural air heat pump,9405.38191
capital,Link,ES0 0,rural biomass boiler,150348546.93644
capital,Link,ES0 0,rural gas boiler,343717956.87443
capital,Link,ES0 0,rural ground heat pump,557457778.6326
capital,Link,ES0 0,rural resistive heater,64678199.40981
capital,Link,ES0 0,urban central air heat pump,10081.43435
capital,Link,ES0 0,urban central gas CHP,2112.10347
capital,Link,ES0 0,urban central gas boiler,27551106.13816
capital,Link,ES0 0,urban central resistive heater,2670653.02324
capital,Link,ES0 0,urban central solid biomass CHP,26425153.36336
capital,Link,ES0 0,urban central solid biomass CHP CC,165286484.38468
capital,Link,ES0 0,urban decentral air heat pump,170033194.94433
capital,Link,ES0 0,urban decentral biomass boiler,401748551.47694
capital,Link,ES0 0,urban decentral gas boiler,918453780.26362
capital,Link,ES0 0,urban decentral resistive heater,170540309.80812
capital,Link,ES0 0,waste CHP,2481.63021
capital,Link,ES6 0,Combined-Cycle Gas,972176793.91032
capital,Link,ES6 0,H2 Electrolysis,2351.07668
capital,Link,ES6 0,Haber-Bosch,11435294.52759
capital,Link,ES6 0,Open-Cycle Gas,1265.3637
capital,Link,ES6 0,SMR,7313723.038
capital,Link,ES6 0,Sabatier,785.20491
capital,Link,ES6 0,battery charger,3919.94934
capital,Link,ES6 0,biogas to gas,419665.62792
capital,Link,ES6 0,biomass to liquid,2011.45818
capital,Link,ES6 0,biomass-to-methanol,2322.46342
capital,Link,ES6 0,electricity distribution grid,87121216.53834
capital,Link,ES6 0,gas pipeline,10706829.76057
capital,Link,ES6 0,gas pipeline new,6178452.68756
capital,Link,ES6 0,heat100-200 industry electric boiler steam,565.12793
capital,Link,ES6 0,heat100-200 industry gas,179855.78425
capital,Link,ES6 0,heat100-200 industry industrial heat pump high temperature,3514070.40287
capital,Link,ES6 0,heat100-200 industry solid biomass,629.60405
capital,Link,ES6 0,heat200-500 industry gas,17906.60593
capital,Link,ES6 0,heat200-500 industry hydrogen,160.26683
capital,Link,ES6 0,heat200-500 industry solid biomass,424.22371
capital,Link,ES6 0,heat<100 industry electric boiler steam,659.57916
capital,Link,ES6 0,heat<100 industry gas,62011.89151
capital,Link,ES6 0,heat<100 industry industrial heat pump medium temperature,1066343.89957
capital,Link,ES6 0,heat<100 industry solid biomass,669.72906
capital,Link,ES6 0,heat>500 industry gas,15236.61784
capital,Link,ES6 0,heat>500 industry hydrogen,166.0148
capital,Link,ES6 0,home battery charger,6036.62876
capital,Link,ES6 0,methanolisation,13013.19519
capital,Link,ES6 0,rural air heat pump,13565.70073
capital,Link,ES6 0,rural biomass boiler,2284593.40544
capital,Link,ES6 0,rural gas boiler,5222902.33998
capital,Link,ES6 0,rural ground heat pump,217983.20051
capital,Link,ES6 0,rural resistive heater,980357.20291
capital,Link,ES6 0,urban central air heat pump,5379.57146
capital,Link,ES6 0,urban central gas CHP,1445.58522
capital,Link,ES6 0,urban central gas boiler,1159723.10184
capital,Link,ES6 0,urban central resistive heater,152139.39073
capital,Link,ES6 0,urban central solid biomass CHP,1595.80581
capital,Link,ES6 0,urban central solid biomass CHP CC,2416.52531
capital,Link,ES6 0,urban decentral air heat pump,6071383.88808
capital,Link,ES6 0,urban decentral biomass boiler,16331849.79431
capital,Link,ES6 0,urban decentral gas boiler,37336909.18644
capital,Link,ES6 0,urban decentral resistive heater,6936705.02797
capital,Link,ES6 0,waste CHP,1700.67449
capital,Link,EU,BOF,15784760082.82828
capital,Link,EU,OCGT methanol,60322.81019
capital,Link,EU,ammonia cracker,69804.29452
capital,Link,EU,coal,20296280207.53996
capital,Link,EU,lignite,17957013128.63655
capital,Link,EU,nuclear,76509097852.66687
capital,Link,EU,oil,60176.76185
capital,Link,EU,rural oil boiler,1283100906.1847
capital,Link,EU,urban decentral oil boiler,2788316961.51102
capital,Link,FI1 0,CO2 pipeline,7464.75281
capital,Link,FI1 0,Combined-Cycle Gas,283933692.57986
capital,Link,FI1 0,DC,39460326.07501
capital,Link,FI1 0,EAF,2809.41662
capital,Link,FI1 0,H2 DRI,1793.53012
capital,Link,FI1 0,H2 Electrolysis,1916.32064
capital,Link,FI1 0,Haber-Bosch,12794.90791
capital,Link,FI1 0,Open-Cycle Gas,1321.1136
capital,Link,FI1 0,SMR,91664526.86305
capital,Link,FI1 0,Sabatier,867.01928
capital,Link,FI1 0,battery charger,3715.66999
capital,Link,FI1 0,biogas to gas,34430833.7847
capital,Link,FI1 0,biomass to liquid,152459661.52066
capital,Link,FI1 0,biomass-to-methanol,2678.3163
capital,Link,FI1 0,electricity distribution grid,684573413.16227
capital,Link,FI1 0,gas DRI,2463.47344
capital,Link,FI1 0,heat100-200 industry electric boiler steam,367.15764
capital,Link,FI1 0,heat100-200 industry gas,1643328.53231
capital,Link,FI1 0,heat100-200 industry industrial heat pump high temperature,32116767.59277
capital,Link,FI1 0,heat100-200 industry solid biomass,5778.45043
capital,Link,FI1 0,heat200-500 industry gas,316659.50331
capital,Link,FI1 0,heat200-500 industry hydrogen,111.20585
capital,Link,FI1 0,heat200-500 industry solid biomass,4765761.11999
capital,Link,FI1 0,heat<100 industry electric boiler steam,446.05417
capital,Link,FI1 0,heat<100 industry gas,8594812.87465
capital,Link,FI1 0,heat<100 industry industrial heat pump medium temperature,147961231.86098
capital,Link,FI1 0,heat<100 industry solid biomass,8187.63479
capital,Link,FI1 0,heat>500 industry gas,302310.86169
capital,Link,FI1 0,heat>500 industry hydrogen,127.96979
capital,Link,FI1 0,home battery charger,5619.34596
capital,Link,FI1 0,methanolisation,78573876.13739
capital,Link,FI1 0,rural air heat pump,2981.01611
capital,Link,FI1 0,rural biomass boiler,177969373.67851
capital,Link,FI1 0,rural gas boiler,37743385.48952
capital,Link,FI1 0,rural ground heat pump,489134349.86143
capital,Link,FI1 0,rural resistive heater,20778269.06336
capital,Link,FI1 0,urban central air heat pump,3087.76561
capital,Link,FI1 0,urban central gas CHP,1681.64671
capital,Link,FI1 0,urban central gas boiler,80837588.28842
capital,Link,FI1 0,urban central resistive heater,2390.24963
capital,Link,FI1 0,urban central solid biomass CHP,274514428.09817
capital,Link,FI1 0,urban central solid biomass CHP CC,185889307.89954
capital,Link,FI1 0,urban decentral air heat pump,728179096.09745
capital,Link,FI1 0,urban decentral biomass boiler,607077252.34148
capital,Link,FI1 0,urban decentral gas boiler,205828357.88956
capital,Link,FI1 0,urban decentral resistive heater,82029814.16052
capital,Link,FI1 0,waste CHP,2331.79815
capital,Link,FR0 0,CO2 pipeline,13540.99129
capital,Link,FR0 0,Combined-Cycle Gas,373569485.95801
capital,Link,FR0 0,EAF,3265.66841
capital,Link,FR0 0,H2 DRI,1863.4592
capital,Link,FR0 0,H2 Electrolysis,2014.21292
capital,Link,FR0 0,Haber-Bosch,54214.10274
capital,Link,FR0 0,Open-Cycle Gas,1622.36131
capital,Link,FR0 0,SMR,73561057.8435
capital,Link,FR0 0,Sabatier,827.57443
capital,Link,FR0 0,battery charger,3823.71029
capital,Link,FR0 0,biogas to gas,60510324.47855
capital,Link,FR0 0,biomass to liquid,3954.05589
capital,Link,FR0 0,biomass-to-methanol,2639.93138
capital,Link,FR0 0,electricity distribution grid,1808636134.53586
capital,Link,FR0 0,gas DRI,2927.27345
capital,Link,FR0 0,gas pipeline,68453861.2305
capital,Link,FR0 0,heat100-200 industry electric boiler steam,434.23901
capital,Link,FR0 0,heat100-200 industry gas,9593170.7356
capital,Link,FR0 0,heat100-200 industry industrial heat pump high temperature,187529670.93532
capital,Link,FR0 0,heat100-200 industry solid biomass,1561.60366
capital,Link,FR0 0,heat200-500 industry gas,866073.09286
capital,Link,FR0 0,heat200-500 industry hydrogen,110.62162
capital,Link,FR0 0,heat200-500 industry solid biomass,7186422.2927
capital,Link,FR0 0,heat<100 industry electric boiler steam,414.29425
capital,Link,FR0 0,heat<100 industry gas,6740680.56618
capital,Link,FR0 0,heat<100 industry industrial heat pump medium temperature,116046374.90563
capital,Link,FR0 0,heat<100 industry solid biomass,1752.03405
capital,Link,FR0 0,heat>500 industry gas,2051198.53612
capital,Link,FR0 0,heat>500 industry hydrogen,138.21315
capital,Link,FR0 0,home battery charger,9584.47345
capital,Link,FR0 0,methanolisation,63031688.29737
capital,Link,FR0 0,rural air heat pump,7771.81927
capital,Link,FR0 0,rural biomass boiler,136134288.19701
capital,Link,FR0 0,rural gas boiler,167895791.40835
capital,Link,FR0 0,rural ground heat pump,600401589.43811
capital,Link,FR0 0,rural resistive heater,25213074.10894
capital,Link,FR0 0,urban central air heat pump,33427.21633
capital,Link,FR0 0,urban central gas CHP,2832.52986
capital,Link,FR0 0,urban central gas boiler,89524862.60139
capital,Link,FR0 0,urban central resistive heater,1082334.46739
capital,Link,FR0 0,urban central solid biomass CHP,772380.14836
capital,Link,FR0 0,urban central solid biomass CHP CC,149081249.5612
capital,Link,FR0 0,urban decentral air heat pump,2449002671.48479
capital,Link,FR0 0,urban decentral biomass boiler,980162562.94722
capital,Link,FR0 0,urban decentral gas boiler,1208844380.01913
capital,Link,FR0 0,urban decentral resistive heater,188555667.43208
capital,Link,FR0 0,waste CHP,2740.35475
capital,Link,FR0 1,CO2 pipeline,9307.13742
capital,Link,FR0 1,Combined-Cycle Gas,245413650.33233
capital,Link,FR0 1,EAF,3120.57887
capital,Link,FR0 1,H2 DRI,1816.49291
capital,Link,FR0 1,H2 Electrolysis,2037.8776
capital,Link,FR0 1,Haber-Bosch,601458.12776
capital,Link,FR0 1,Open-Cycle Gas,1529.9728
capital,Link,FR0 1,SMR,6834426.28656
capital,Link,FR0 1,Sabatier,844.2245
capital,Link,FR0 1,battery charger,3884.62178
capital,Link,FR0 1,biogas to gas,20684887.40988
capital,Link,FR0 1,biomass to liquid,3566.42818
capital,Link,FR0 1,biomass-to-methanol,2630.20687
capital,Link,FR0 1,electricity distribution grid,1081249298.85592
capital,Link,FR0 1,gas DRI,2805.53684
capital,Link,FR0 1,gas pipeline,21926857.87791
capital,Link,FR0 1,heat100-200 industry electric boiler steam,406.74338
capital,Link,FR0 1,heat100-200 industry gas,6312780.86579
capital,Link,FR0 1,heat100-200 industry industrial heat pump high temperature,123402986.64774
capital,Link,FR0 1,heat100-200 industry solid biomass,1258.92735
capital,Link,FR0 1,heat200-500 industry gas,640500.32248
capital,Link,FR0 1,heat200-500 industry hydrogen,111.40798
capital,Link,FR0 1,heat200-500 industry solid biomass,3895.86972
capital,Link,FR0 1,heat<100 industry electric boiler steam,397.83067
capital,Link,FR0 1,heat<100 industry gas,4843118.54675
capital,Link,FR0 1,heat<100 industry industrial heat pump medium temperature,83377986.7966
capital,Link,FR0 1,heat<100 industry solid biomass,1396.11802
capital,Link,FR0 1,heat>500 industry gas,1940053.86501
capital,Link,FR0 1,heat>500 industry hydrogen,137.06614
capital,Link,FR0 1,home battery charger,9484.01107
capital,Link,FR0 1,methanolisation,5529770.46936
capital,Link,FR0 1,rural air heat pump,8382.84868
capital,Link,FR0 1,rural biomass boiler,112752538.95144
capital,Link,FR0 1,rural gas boiler,139058844.11102
capital,Link,FR0 1,rural ground heat pump,417292795.23121
capital,Link,FR0 1,rural resistive heater,21567319.04858
capital,Link,FR0 1,urban central air heat pump,17627134.71894
capital,Link,FR0 1,urban central gas CHP,2600.04265
capital,Link,FR0 1,urban central gas boiler,40962093.46204
capital,Link,FR0 1,urban central resistive heater,2312097.96521
capital,Link,FR0 1,urban central solid biomass CHP,17354388.90435
capital,Link,FR0 1,urban central solid biomass CHP CC,13073442.57861
capital,Link,FR0 1,urban decentral air heat pump,1233200181.23541
capital,Link,FR0 1,urban decentral biomass boiler,470247529.49717
capital,Link,FR0 1,urban decentral gas boiler,579961023.54824
capital,Link,FR0 1,urban decentral resistive heater,90236656.97376
capital,Link,FR0 1,waste CHP,2781.06821
capital,Link,FR0 2,CO2 pipeline,2463.07463
capital,Link,FR0 2,Combined-Cycle Gas,17206208.95446
capital,Link,FR0 2,DC,78516758.93583
capital,Link,FR0 2,H2 Electrolysis,2006.29188
capital,Link,FR0 2,Haber-Bosch,12012.97662
capital,Link,FR0 2,Open-Cycle Gas,1666.7064
capital,Link,FR0 2,SMR,6404082.77339
capital,Link,FR0 2,Sabatier,866.23308
capital,Link,FR0 2,battery charger,3864.3876
capital,Link,FR0 2,biogas to gas,35797890.80719
capital,Link,FR0 2,biomass to liquid,176168480.01181
capital,Link,FR0 2,biomass-to-methanol,2796.88742
capital,Link,FR0 2,electricity distribution grid,912128884.96572
capital,Link,FR0 2,gas pipeline,64004471.04187
capital,Link,FR0 2,heat100-200 industry electric boiler steam,372.12562
capital,Link,FR0 2,heat100-200 industry gas,3534669.13375
capital,Link,FR0 2,heat100-200 industry industrial heat pump high temperature,69081400.70753
capital,Link,FR0 2,heat100-200 industry solid biomass,12715.82796
capital,Link,FR0 2,heat200-500 industry gas,320849.7332
capital,Link,FR0 2,heat200-500 industry hydrogen,106.94393
capital,Link,FR0 2,heat200-500 industry solid biomass,4828851.37272
capital,Link,FR0 2,heat<100 industry electric boiler steam,366.13225
capital,Link,FR0 2,heat<100 industry gas,2232425.86765
capital,Link,FR0 2,heat<100 industry industrial heat pump medium temperature,13319.87625
capital,Link,FR0 2,heat<100 industry solid biomass,35828053.84063
capital,Link,FR0 2,heat>500 industry gas,843308.3641
capital,Link,FR0 2,heat>500 industry hydrogen,124.82583
capital,Link,FR0 2,home battery charger,11116.63936
capital,Link,FR0 2,methanolisation,5483236.80294
capital,Link,FR0 2,rural air heat pump,7587.20545
capital,Link,FR0 2,rural biomass boiler,327709430.24644
capital,Link,FR0 2,rural gas boiler,404167347.34442
capital,Link,FR0 2,rural ground heat pump,207055929.00746
capital,Link,FR0 2,rural resistive heater,65960267.81409
capital,Link,FR0 2,urban central air heat pump,5233.09002
capital,Link,FR0 2,urban central gas CHP,2803.47741
capital,Link,FR0 2,urban central gas boiler,21405622.20501
capital,Link,FR0 2,urban central resistive heater,835922.96555
capital,Link,FR0 2,urban central solid biomass CHP,46412299.7144
capital,Link,FR0 2,urban central solid biomass CHP CC,12999969.77058
capital,Link,FR0 2,urban decentral air heat pump,868924030.26642
capital,Link,FR0 2,urban decentral biomass boiler,217137873.43189
capital,Link,FR0 2,urban decentral gas boiler,267798330.51181
capital,Link,FR0 2,urban decentral resistive heater,40479605.70537
capital,Link,FR0 2,waste CHP,2489.6158
capital,Link,FR0 3,CO2 pipeline,5084.62063
capital,Link,FR0 3,Combined-Cycle Gas,169651831.7576
capital,Link,FR0 3,DC,49492073.28417
capital,Link,FR0 3,H2 Electrolysis,2005.95132
capital,Link,FR0 3,Haber-Bosch,14688.23399
capital,Link,FR0 3,Open-Cycle Gas,1715.73276
capital,Link,FR0 3,SMR,28831911.95507
capital,Link,FR0 3,Sabatier,828.3734
capital,Link,FR0 3,battery charger,3829.19421
capital,Link,FR0 3,biogas to gas,34261100.6354
capital,Link,FR0 3,biomass to liquid,36782.31049
capital,Link,FR0 3,biomass-to-methanol,2791.9359
capital,Link,FR0 3,electricity distribution grid,777936958.15534
capital,Link,FR0 3,gas pipeline,21884890.96173
capital,Link,FR0 3,heat100-200 industry electric boiler steam,376.94995
capital,Link,FR0 3,heat100-200 industry gas,3435457.5107
capital,Link,FR0 3,heat100-200 industry industrial heat pump high temperature,67149109.5796
capital,Link,FR0 3,heat100-200 industry solid biomass,6632.49018
capital,Link,FR0 3,heat200-500 industry gas,289423.79306
capital,Link,FR0 3,heat200-500 industry hydrogen,113.2069
capital,Link,FR0 3,heat200-500 industry solid biomass,4355405.28402
capital,Link,FR0 3,heat<100 industry electric boiler steam,377.32956
capital,Link,FR0 3,heat<100 industry gas,2536288.92391
capital,Link,FR0 3,heat<100 industry industrial heat pump medium temperature,31799822.81
capital,Link,FR0 3,heat<100 industry solid biomass,11064462.8047
capital,Link,FR0 3,heat>500 industry gas,753142.69913
capital,Link,FR0 3,heat>500 industry hydrogen,124.10464
capital,Link,FR0 3,home battery charger,9258.615
capital,Link,FR0 3,methanolisation,24708480.59592
capital,Link,FR0 3,rural air heat pump,8444.13544
capital,Link,FR0 3,rural biomass boiler,108854511.3977
capital,Link,FR0 3,rural gas boiler,134251367.39274
capital,Link,FR0 3,rural ground heat pump,362826274.36543
capital,Link,FR0 3,rural resistive heater,20897097.53006
capital,Link,FR0 3,urban central air heat pump,5123.77292
capital,Link,FR0 3,urban central gas CHP,2998.50223
capital,Link,FR0 3,urban central gas boiler,35363588.06014
capital,Link,FR0 3,urban central resistive heater,471168.94477
capital,Link,FR0 3,urban central solid biomass CHP,64500496.34647
capital,Link,FR0 3,urban central solid biomass CHP CC,58445339.21508
capital,Link,FR0 3,urban decentral air heat pump,1099350430.98239
capital,Link,FR0 3,urban decentral biomass boiler,415638409.3504
capital,Link,FR0 3,urban decentral gas boiler,512611044.59299
capital,Link,FR0 3,urban decentral resistive heater,79157531.87253
capital,Link,FR0 3,waste CHP,2463.29863
capital,Link,FR0 4,CO2 pipeline,2382.86109
capital,Link,FR0 4,Combined-Cycle Gas,128155868.53158
capital,Link,FR0 4,H2 Electrolysis,2031.88905
capital,Link,FR0 4,Haber-Bosch,8477.11686
capital,Link,FR0 4,Open-Cycle Gas,1500.91259
capital,Link,FR0 4,SMR,25224.84315
capital,Link,FR0 4,Sabatier,790.09564
capital,Link,FR0 4,battery charger,3833.88067
capital,Link,FR0 4,biogas to gas,26896200.47476
capital,Link,FR0 4,biomass to liquid,49442.08563
capital,Link,FR0 4,biomass-to-methanol,2811.27581
capital,Link,FR0 4,electricity distribution grid,563133392.0778
capital,Link,FR0 4,gas pipeline,93289786.40961
capital,Link,FR0 4,heat100-200 industry electric boiler steam,378.58236
capital,Link,FR0 4,heat100-200 industry gas,4979575.51154
capital,Link,FR0 4,heat100-200 industry industrial heat pump high temperature,97334268.11987
capital,Link,FR0 4,heat100-200 industry solid biomass,6309.12446
capital,Link,FR0 4,heat200-500 industry gas,390060.94996
capital,Link,FR0 4,heat200-500 industry hydrogen,100.26078
capital,Link,FR0 4,heat200-500 industry solid biomass,5870379.84112
capital,Link,FR0 4,heat<100 industry electric boiler steam,369.69678
capital,Link,FR0 4,heat<100 industry gas,3348647.27908
capital,Link,FR0 4,heat<100 industry industrial heat pump medium temperature,3809374.93052
capital,Link,FR0 4,heat<100 industry solid biomass,50208699.02832
capital,Link,FR0 4,heat>500 industry gas,1407403.59214
capital,Link,FR0 4,heat>500 industry hydrogen,130.64581
capital,Link,FR0 4,home battery charger,9246.54089
capital,Link,FR0 4,methanolisation,16983.39517
capital,Link,FR0 4,rural air heat pump,7222.35905
capital,Link,FR0 4,rural biomass boiler,171871655.89474
capital,Link,FR0 4,rural gas boiler,211971047.62725
capital,Link,FR0 4,rural ground heat pump,470399032.55837
capital,Link,FR0 4,rural resistive heater,34403718.78134
capital,Link,FR0 4,urban central air heat pump,4637.82041
capital,Link,FR0 4,urban central gas CHP,2338.3698
capital,Link,FR0 4,urban central gas boiler,15444156.48723
capital,Link,FR0 4,urban central resistive heater,755289.15597
capital,Link,FR0 4,urban central solid biomass CHP,59780348.99491
capital,Link,FR0 4,urban central solid biomass CHP CC,98798.14165
capital,Link,FR0 4,urban decentral air heat pump,619542669.85983
capital,Link,FR0 4,urban decentral biomass boiler,177380645.52345
capital,Link,FR0 4,urban decentral gas boiler,218765340.12934
capital,Link,FR0 4,urban decentral resistive heater,33657851.12435
capital,Link,FR0 4,waste CHP,2438.52431
capital,Link,FR5 0,CO2 pipeline,6315.43541
capital,Link,FR5 0,Combined-Cycle Gas,24206046.48595
capital,Link,FR5 0,DC,11220855.84172
capital,Link,FR5 0,H2 Electrolysis,2056.11243
capital,Link,FR5 0,Haber-Bosch,4163.00174
capital,Link,FR5 0,Open-Cycle Gas,1541.53505
capital,Link,FR5 0,SMR,10425.59327
capital,Link,FR5 0,Sabatier,793.50284
capital,Link,FR5 0,battery charger,6398.59729
capital,Link,FR5 0,biogas to gas,423431.04398
capital,Link,FR5 0,biomass to liquid,3363.96949
capital,Link,FR5 0,biomass-to-methanol,2628.6137
capital,Link,FR5 0,electricity distribution grid,47761885.54672
capital,Link,FR5 0,gas pipeline new,5495250.00049
capital,Link,FR5 0,heat100-200 industry electric boiler steam,398.09794
capital,Link,FR5 0,heat100-200 industry gas,55817.94146
capital,Link,FR5 0,heat100-200 industry industrial heat pump high temperature,1087083.0054
capital,Link,FR5 0,heat100-200 industry solid biomass,2816.24951
capital,Link,FR5 0,heat200-500 industry gas,6333.44222
capital,Link,FR5 0,heat200-500 industry hydrogen,176.02864
capital,Link,FR5 0,heat200-500 industry solid biomass,73983.04153
capital,Link,FR5 0,heat<100 industry electric boiler steam,422.12303
capital,Link,FR5 0,heat<100 industry gas,43481.00296
capital,Link,FR5 0,heat<100 industry industrial heat pump medium temperature,743231.44632
capital,Link,FR5 0,heat<100 industry solid biomass,3332.08144
capital,Link,FR5 0,heat>500 industry gas,2306.00071
capital,Link,FR5 0,heat>500 industry hydrogen,205.091
capital,Link,FR5 0,home battery charger,700328.2651
capital,Link,FR5 0,methanolisation,5859.61822
capital,Link,FR5 0,rural air heat pump,12650.30442
capital,Link,FR5 0,rural biomass boiler,19552049.29846
capital,Link,FR5 0,rural gas boiler,24113739.70582
capital,Link,FR5 0,rural ground heat pump,5976607.6483
capital,Link,FR5 0,rural resistive heater,3995272.31339
capital,Link,FR5 0,urban decentral air heat pump,1739.93336
capital,Link,FR5 0,urban decentral biomass boiler,1498.218
capital,Link,FR5 0,urban decentral gas boiler,1467.09693
capital,Link,FR5 0,urban decentral resistive heater,1283.71792
capital,Link,FR5 0,waste CHP,1598.8545
capital,Link,GB2 0,CO2 pipeline,10190.94534
capital,Link,GB2 0,Combined-Cycle Gas,521404894.64012
capital,Link,GB2 0,DC,21181658.5042
capital,Link,GB2 0,H2 Electrolysis,2189.94471
capital,Link,GB2 0,Haber-Bosch,156007890.13655
capital,Link,GB2 0,Open-Cycle Gas,1355.88996
capital,Link,GB2 0,SMR,226911881.10032
capital,Link,GB2 0,Sabatier,823.28579
capital,Link,GB2 0,battery charger,3821.27588
capital,Link,GB2 0,biogas to gas,183759699.75454
capital,Link,GB2 0,biomass to liquid,8785.85017
capital,Link,GB2 0,biomass-to-methanol,2848.79015
capital,Link,GB2 0,electricity distribution grid,813962191.70634
capital,Link,GB2 0,gas pipeline,71839559.09284
capital,Link,GB2 0,gas pipeline new,5675732.18141
capital,Link,GB2 0,heat100-200 industry electric boiler steam,472.81769
capital,Link,GB2 0,heat100-200 industry gas,9196353.48247
capital,Link,GB2 0,heat100-200 industry industrial heat pump high temperature,179771035.65129
capital,Link,GB2 0,heat100-200 industry solid biomass,1982.6272
capital,Link,GB2 0,heat200-500 industry gas,901720.31263
capital,Link,GB2 0,heat200-500 industry hydrogen,109.33563
capital,Link,GB2 0,heat200-500 industry solid biomass,13570699.4137
capital,Link,GB2 0,heat<100 industry electric boiler steam,450.54544
capital,Link,GB2 0,heat<100 industry gas,6560828.94484
capital,Link,GB2 0,heat<100 industry industrial heat pump medium temperature,112949947.38629
capital,Link,GB2 0,heat<100 industry solid biomass,2291.51645
capital,Link,GB2 0,heat>500 industry gas,1566778.50224
capital,Link,GB2 0,heat>500 industry hydrogen,131.62263
capital,Link,GB2 0,home battery charger,4008.93408
capital,Link,GB2 0,methanolisation,109171659.33483
capital,Link,GB2 0,rural air heat pump,7889.45986
capital,Link,GB2 0,rural biomass boiler,14835335.98386
capital,Link,GB2 0,rural gas boiler,647217887.81018
capital,Link,GB2 0,rural ground heat pump,24488373.55532
capital,Link,GB2 0,rural resistive heater,8328309.30062
capital,Link,GB2 0,urban central air heat pump,407718.58421
capital,Link,GB2 0,urban central gas CHP,1882.21128
capital,Link,GB2 0,urban central gas boiler,21491375.4352
capital,Link,GB2 0,urban central resistive heater,5554948.27129
capital,Link,GB2 0,urban central solid biomass CHP,10525.55971
capital,Link,GB2 0,urban central solid biomass CHP CC,258256931.3712
capital,Link,GB2 0,urban decentral air heat pump,52148315.33509
capital,Link,GB2 0,urban decentral biomass boiler,43286723.60598
capital,Link,GB2 0,urban decentral gas boiler,1888460217.75071
capital,Link,GB2 0,urban decentral resistive heater,18743918.30667
capital,Link,GB2 0,waste CHP,2465.93461
capital,Link,GB2 1,CO2 pipeline,2419.88457
capital,Link,GB2 1,Combined-Cycle Gas,2700241108.19662
capital,Link,GB2 1,DC,336043079.24158
capital,Link,GB2 1,EAF,3004.9249
capital,Link,GB2 1,H2 DRI,1778.52589
capital,Link,GB2 1,H2 Electrolysis,2156.23799
capital,Link,GB2 1,Haber-Bosch,244516373.51418
capital,Link,GB2 1,Open-Cycle Gas,1364.06228
capital,Link,GB2 1,SMR,270649639.04386
capital,Link,GB2 1,Sabatier,864.02403
capital,Link,GB2 1,battery charger,3801.81578
capital,Link,GB2 1,biogas to gas,298097569.29998
capital,Link,GB2 1,biomass to liquid,5980.04686
capital,Link,GB2 1,biomass-to-methanol,2814.93239
capital,Link,GB2 1,electricity distribution grid,1491636800.4529
capital,Link,GB2 1,gas DRI,2709.33281
capital,Link,GB2 1,gas pipeline,83822228.1183
capital,Link,GB2 1,heat100-200 industry electric boiler steam,474.70251
capital,Link,GB2 1,heat100-200 industry gas,10709392.0414
capital,Link,GB2 1,heat100-200 industry industrial heat pump high temperature,209349730.48117
capital,Link,GB2 1,heat100-200 industry solid biomass,1760.70244
capital,Link,GB2 1,heat200-500 industry gas,1201599.53789
capital,Link,GB2 1,heat200-500 industry hydrogen,115.99143
capital,Link,GB2 1,heat200-500 industry solid biomass,18083435.70423
capital,Link,GB2 1,heat<100 industry electric boiler steam,453.49851
capital,Link,GB2 1,heat<100 industry gas,7794858.75167
capital,Link,GB2 1,heat<100 industry industrial heat pump medium temperature,134195645.1692
capital,Link,GB2 1,heat<100 industry solid biomass,1931.79436
capital,Link,GB2 1,heat>500 industry gas,740552.64214
capital,Link,GB2 1,heat>500 industry hydrogen,124.72635
capital,Link,GB2 1,home battery charger,3986.77894
capital,Link,GB2 1,methanolisation,98242701.72352
capital,Link,GB2 1,rural air heat pump,5660.3565
capital,Link,GB2 1,rural biomass boiler,15075217.47212
capital,Link,GB2 1,rural gas boiler,657683143.89383
capital,Link,GB2 1,rural ground heat pump,57038984.92294
capital,Link,GB2 1,rural resistive heater,6076702.59698
capital,Link,GB2 1,urban central air heat pump,56863434.59111
capital,Link,GB2 1,urban central gas CHP,1951.51196
capital,Link,GB2 1,urban central gas boiler,69783032.92493
capital,Link,GB2 1,urban central resistive heater,12995618.95413
capital,Link,GB2 1,urban central solid biomass CHP,10601.27977
capital,Link,GB2 1,urban central solid biomass CHP CC,232437572.43245
capital,Link,GB2 1,urban decentral air heat pump,124219729.51996
capital,Link,GB2 1,urban decentral biomass boiler,119606481.90485
capital,Link,GB2 1,urban decentral gas boiler,5218045258.36705
capital,Link,GB2 1,urban decentral resistive heater,48320012.11314
capital,Link,GB2 1,waste CHP,2529.98196
capital,Link,GB3 0,CO2 pipeline,2434.88199
capital,Link,GB3 0,Combined-Cycle Gas,366810548.23029
capital,Link,GB3 0,DC,16041627.32214
capital,Link,GB3 0,H2 Electrolysis,2209.68323
capital,Link,GB3 0,Haber-Bosch,15265.40767
capital,Link,GB3 0,Open-Cycle Gas,1330.56811
capital,Link,GB3 0,SMR,6008330.96682
capital,Link,GB3 0,Sabatier,837.55263
capital,Link,GB3 0,battery charger,3789.15671
capital,Link,GB3 0,biogas to gas,22115012.40776
capital,Link,GB3 0,biomass to liquid,15407907.54468
capital,Link,GB3 0,biomass-to-methanol,2760.10886
capital,Link,GB3 0,electricity distribution grid,86368023.10012
capital,Link,GB3 0,gas pipeline,6485038.20645
capital,Link,GB3 0,gas pipeline new,1556976.92682
capital,Link,GB3 0,heat100-200 industry electric boiler steam,343.61315
capital,Link,GB3 0,heat100-200 industry gas,471309.62049
capital,Link,GB3 0,heat100-200 industry industrial heat pump high temperature,9206532.55871
capital,Link,GB3 0,heat100-200 industry solid biomass,5029.52714
capital,Link,GB3 0,heat200-500 industry gas,54531.66215
capital,Link,GB3 0,heat200-500 industry hydrogen,137.90679
capital,Link,GB3 0,heat200-500 industry solid biomass,820650.98017
capital,Link,GB3 0,heat<100 industry electric boiler steam,350.6233
capital,Link,GB3 0,heat<100 industry gas,353499.37414
capital,Link,GB3 0,heat<100 industry industrial heat pump medium temperature,6076819.80825
capital,Link,GB3 0,heat<100 industry solid biomass,7881.17096
capital,Link,GB3 0,heat>500 industry gas,52867.23859
capital,Link,GB3 0,heat>500 industry hydrogen,146.55986
capital,Link,GB3 0,home battery charger,3946.89494
capital,Link,GB3 0,methanolisation,5142293.10575
capital,Link,GB3 0,rural air heat pump,7769.56892
capital,Link,GB3 0,rural biomass boiler,3526067.39012
capital,Link,GB3 0,rural gas boiler,153830954.08085
capital,Link,GB3 0,rural ground heat pump,2020822.72951
capital,Link,GB3 0,rural resistive heater,3087684.51738
capital,Link,GB3 0,urban central air heat pump,15506.78421
capital,Link,GB3 0,urban central gas CHP,1877.58187
capital,Link,GB3 0,urban central gas boiler,806558.62585
capital,Link,GB3 0,urban central resistive heater,223976.11958
capital,Link,GB3 0,urban central solid biomass CHP,117688.86799
capital,Link,GB3 0,urban central solid biomass CHP CC,12164845.19264
capital,Link,GB3 0,urban decentral air heat pump,4196186.07691
capital,Link,GB3 0,urban decentral biomass boiler,1620567.17355
capital,Link,GB3 0,urban decentral gas boiler,70700121.94257
capital,Link,GB3 0,urban decentral resistive heater,1430389.01066
capital,Link,GB3 0,waste CHP,1976.26887
capital,Link,GR0 0,CO2 pipeline,8693.49494
capital,Link,GR0 0,Combined-Cycle Gas,812212063.73163
capital,Link,GR0 0,H2 Electrolysis,2121.43617
capital,Link,GR0 0,Haber-Bosch,92680358.61167
capital,Link,GR0 0,Open-Cycle Gas,1353.58003
capital,Link,GR0 0,SMR,59228054.91409
capital,Link,GR0 0,Sabatier,854.48149
capital,Link,GR0 0,battery charger,4368.5967
capital,Link,GR0 0,biogas to gas,22950328.93362
capital,Link,GR0 0,biomass to liquid,2052.97703
capital,Link,GR0 0,biomass-to-methanol,2276.96402
capital,Link,GR0 0,electricity distribution grid,424677638.25289
capital,Link,GR0 0,gas pipeline new,15632.87719
capital,Link,GR0 0,heat100-200 industry electric boiler steam,379.28863
capital,Link,GR0 0,heat100-200 industry gas,1296064.5179
capital,Link,GR0 0,heat100-200 industry industrial heat pump high temperature,25334291.80112
capital,Link,GR0 0,heat100-200 industry solid biomass,671.54133
capital,Link,GR0 0,heat200-500 industry gas,126953.61529
capital,Link,GR0 0,heat200-500 industry hydrogen,146.95242
capital,Link,GR0 0,heat200-500 industry solid biomass,377.40636
capital,Link,GR0 0,heat<100 industry electric boiler steam,429.20676
capital,Link,GR0 0,heat<100 industry gas,626340.07793
capital,Link,GR0 0,heat<100 industry industrial heat pump medium temperature,10781311.89239
capital,Link,GR0 0,heat<100 industry solid biomass,752.53304
capital,Link,GR0 0,heat>500 industry gas,753148.87615
capital,Link,GR0 0,heat>500 industry hydrogen,121.2895
capital,Link,GR0 0,home battery charger,5636.28553
capital,Link,GR0 0,methanolisation,67961.75224
capital,Link,GR0 0,rural air heat pump,8083.95938
capital,Link,GR0 0,rural biomass boiler,110693083.23505
capital,Link,GR0 0,rural gas boiler,24154654.19048
capital,Link,GR0 0,rural ground heat pump,23376.09623
capital,Link,GR0 0,rural resistive heater,7936077.94576
capital,Link,GR0 0,urban central air heat pump,32798.87291
capital,Link,GR0 0,urban central gas CHP,2151.61861
capital,Link,GR0 0,urban central gas boiler,14165250.70097
capital,Link,GR0 0,urban central resistive heater,1766621.61176
capital,Link,GR0 0,urban central solid biomass CHP,1898.38831
capital,Link,GR0 0,urban central solid biomass CHP CC,3029.5909
capital,Link,GR0 0,urban decentral air heat pump,4133.25685
capital,Link,GR0 0,urban decentral biomass boiler,366606159.38552
capital,Link,GR0 0,urban decentral gas boiler,79998178.2534
capital,Link,GR0 0,urban decentral resistive heater,26283523.15052
capital,Link,GR0 0,waste CHP,2543.53188
capital,Link,HR0 0,CO2 pipeline,7345.7929
capital,Link,HR0 0,Combined-Cycle Gas,81294996.40665
capital,Link,HR0 0,H2 Electrolysis,1926.74104
capital,Link,HR0 0,Haber-Bosch,7587.64175
capital,Link,HR0 0,Open-Cycle Gas,1413.59906
capital,Link,HR0 0,SMR,27300.13834
capital,Link,HR0 0,Sabatier,806.8855
capital,Link,HR0 0,battery charger,3945.87795
capital,Link,HR0 0,biogas to gas,15097411.91076
capital,Link,HR0 0,biomass to liquid,93388535.63696
capital,Link,HR0 0,biomass-to-methanol,2813.70864
capital,Link,HR0 0,electricity distribution grid,130244733.76683
capital,Link,HR0 0,gas pipeline,3320220.82253
capital,Link,HR0 0,gas pipeline new,3692.63748
capital,Link,HR0 0,heat100-200 industry electric boiler steam,303.65008
capital,Link,HR0 0,heat100-200 industry gas,837175.77846
capital,Link,HR0 0,heat100-200 industry industrial heat pump high temperature,17721.36301
capital,Link,HR0 0,heat100-200 industry solid biomass,13425528.16378
capital,Link,HR0 0,heat200-500 industry gas,71307.01189
capital,Link,HR0 0,heat200-500 industry hydrogen,123.89613
capital,Link,HR0 0,heat200-500 industry solid biomass,1073215.55967
capital,Link,HR0 0,heat<100 industry electric boiler steam,303.56624
capital,Link,HR0 0,heat<100 industry gas,911584.74274
capital,Link,HR0 0,heat<100 industry industrial heat pump medium temperature,5700.36431
capital,Link,HR0 0,heat<100 industry solid biomass,14629363.47734
capital,Link,HR0 0,heat>500 industry gas,222632.17138
capital,Link,HR0 0,heat>500 industry hydrogen,134.74473
capital,Link,HR0 0,home battery charger,3789.18238
capital,Link,HR0 0,methanolisation,18993.66252
capital,Link,HR0 0,rural air heat pump,5544.56036
capital,Link,HR0 0,rural biomass boiler,104363212.03885
capital,Link,HR0 0,rural gas boiler,195679247.3154
capital,Link,HR0 0,rural ground heat pump,14153.64217
capital,Link,HR0 0,rural resistive heater,3920657.61507
capital,Link,HR0 0,urban central air heat pump,4422.33867
capital,Link,HR0 0,urban central gas CHP,2534.50073
capital,Link,HR0 0,urban central gas boiler,7490151.18083
capital,Link,HR0 0,urban central resistive heater,318730.98433
capital,Link,HR0 0,urban central solid biomass CHP,16952206.80122
capital,Link,HR0 0,urban central solid biomass CHP CC,86965.0249
capital,Link,HR0 0,urban decentral air heat pump,4024.01213
capital,Link,HR0 0,urban decentral biomass boiler,106759292.28643
capital,Link,HR0 0,urban decentral gas boiler,200171857.0214
capital,Link,HR0 0,urban decentral resistive heater,4010678.69887
capital,Link,HR0 0,waste CHP,2274.65027
capital,Link,HU0 0,CO2 pipeline,9553.41058
capital,Link,HU0 0,Combined-Cycle Gas,217613339.06276
capital,Link,HU0 0,EAF,2593.38343
capital,Link,HU0 0,H2 DRI,1674.15518
capital,Link,HU0 0,H2 Electrolysis,1922.10485
capital,Link,HU0 0,Haber-Bosch,10227.75585
capital,Link,HU0 0,Open-Cycle Gas,1494.00553
capital,Link,HU0 0,SMR,76537.91952
capital,Link,HU0 0,Sabatier,836.75135
capital,Link,HU0 0,battery charger,3935.92463
capital,Link,HU0 0,biogas to gas,16602721.57732
capital,Link,HU0 0,biomass to liquid,10737.70838
capital,Link,HU0 0,biomass-to-methanol,2722.49541
capital,Link,HU0 0,electricity distribution grid,296590936.34283
capital,Link,HU0 0,gas DRI,2332.48208
capital,Link,HU0 0,gas pipeline,6009224.82986
capital,Link,HU0 0,gas pipeline new,2347.09442
capital,Link,HU0 0,heat100-200 industry electric boiler steam,365.99671
capital,Link,HU0 0,heat100-200 industry gas,5054003.06011
capital,Link,HU0 0,heat100-200 industry industrial heat pump high temperature,98783528.88215
capital,Link,HU0 0,heat100-200 industry solid biomass,10474.22717
capital,Link,HU0 0,heat200-500 industry gas,463457.88113
capital,Link,HU0 0,heat200-500 industry hydrogen,114.16659
capital,Link,HU0 0,heat200-500 industry solid biomass,6974866.517
capital,Link,HU0 0,heat<100 industry electric boiler steam,351.20799
capital,Link,HU0 0,heat<100 industry gas,3528469.15357
capital,Link,HU0 0,heat<100 industry industrial heat pump medium temperature,12105.43187
capital,Link,HU0 0,heat<100 industry solid biomass,56636433.45173
capital,Link,HU0 0,heat>500 industry gas,1386437.42548
capital,Link,HU0 0,heat>500 industry hydrogen,130.00702
capital,Link,HU0 0,home battery charger,3783.18225
capital,Link,HU0 0,methanolisation,59761.18898
capital,Link,HU0 0,rural air heat pump,4429.04693
capital,Link,HU0 0,rural biomass boiler,159349444.26831
capital,Link,HU0 0,rural gas boiler,553108224.86125
capital,Link,HU0 0,rural ground heat pump,18623378.58436
capital,Link,HU0 0,rural resistive heater,214588.49638
capital,Link,HU0 0,urban central air heat pump,3846.8403
capital,Link,HU0 0,urban central gas CHP,3283.9245
capital,Link,HU0 0,urban central gas boiler,25538201.7416
capital,Link,HU0 0,urban central resistive heater,1200956.00988
capital,Link,HU0 0,urban central solid biomass CHP,36930435.58979
capital,Link,HU0 0,urban central solid biomass CHP CC,123264.18632
capital,Link,HU0 0,urban decentral air heat pump,7611206.45753
capital,Link,HU0 0,urban decentral biomass boiler,275423890.40437
capital,Link,HU0 0,urban decentral gas boiler,956007219.26227
capital,Link,HU0 0,urban decentral resistive heater,415805.50144
capital,Link,HU0 0,waste CHP,2534.67701
capital,Link,IE3 0,Combined-Cycle Gas,459914720.7636
capital,Link,IE3 0,H2 Electrolysis,2269.04782
capital,Link,IE3 0,Haber-Bosch,5153051.31387
capital,Link,IE3 0,Open-Cycle Gas,1349.93342
capital,Link,IE3 0,SMR,3392840.9128
capital,Link,IE3 0,Sabatier,782.68514
capital,Link,IE3 0,battery charger,3793.94687
capital,Link,IE3 0,biogas to gas,9301877.11925
capital,Link,IE3 0,biomass to liquid,4030.50967
capital,Link,IE3 0,biomass-to-methanol,2682.30918
capital,Link,IE3 0,electricity distribution grid,171040997.51899
capital,Link,IE3 0,heat100-200 industry electric boiler steam,361.96052
capital,Link,IE3 0,heat100-200 industry gas,1643329.40923
capital,Link,IE3 0,heat100-200 industry industrial heat pump high temperature,32121600.15186
capital,Link,IE3 0,heat100-200 industry solid biomass,1573.19009
capital,Link,IE3 0,heat200-500 industry gas,150994.66852
capital,Link,IE3 0,heat200-500 industry hydrogen,124.3908
capital,Link,IE3 0,heat200-500 industry solid biomass,2070749.62691
capital,Link,IE3 0,heat<100 industry electric boiler steam,373.22359
capital,Link,IE3 0,heat<100 industry gas,1252656.74989
capital,Link,IE3 0,heat<100 industry industrial heat pump medium temperature,21563116.76098
capital,Link,IE3 0,heat<100 industry solid biomass,1795.78183
capital,Link,IE3 0,heat>500 industry gas,1076090.97977
capital,Link,IE3 0,heat>500 industry hydrogen,121.69074
capital,Link,IE3 0,home battery charger,3854.16092
capital,Link,IE3 0,methanolisation,89115.58662
capital,Link,IE3 0,rural air heat pump,6899.3021
capital,Link,IE3 0,rural biomass boiler,8222437.621
capital,Link,IE3 0,rural gas boiler,149027671.76373
capital,Link,IE3 0,rural ground heat pump,19742497.96237
capital,Link,IE3 0,rural resistive heater,3898368.2043
capital,Link,IE3 0,urban central air heat pump,9714048.40265
capital,Link,IE3 0,urban central gas CHP,2070.34214
capital,Link,IE3 0,urban central gas boiler,5920967.59516
capital,Link,IE3 0,urban central resistive heater,870154.56279
capital,Link,IE3 0,urban central solid biomass CHP,7611.6088
capital,Link,IE3 0,urban central solid biomass CHP CC,23673729.40259
capital,Link,IE3 0,urban decentral air heat pump,10841054.48069
capital,Link,IE3 0,urban decentral biomass boiler,13012809.96487
capital,Link,IE3 0,urban decentral gas boiler,235850834.212
capital,Link,IE3 0,urban decentral resistive heater,6181327.4978
capital,Link,IE3 0,waste CHP,2422.52202
capital,Link,IT0 0,CO2 pipeline,11379.67334
capital,Link,IT0 0,Combined-Cycle Gas,1887433796.86282
capital,Link,IT0 0,DC,90865988.72062
capital,Link,IT0 0,EAF,3124.41262
capital,Link,IT0 0,H2 DRI,1863.5662
capital,Link,IT0 0,H2 Electrolysis,2093.13977
capital,Link,IT0 0,Haber-Bosch,30441.73477
capital,Link,IT0 0,Open-Cycle Gas,1396.55202
capital,Link,IT0 0,SMR,30652.78741
capital,Link,IT0 0,Sabatier,823.61192
capital,Link,IT0 0,battery charger,4467.25005
capital,Link,IT0 0,biogas to gas,122070748.53579
capital,Link,IT0 0,biomass to liquid,1837.22229
capital,Link,IT0 0,biomass-to-methanol,2238.13243
capital,Link,IT0 0,electricity distribution grid,1164479065.10805
capital,Link,IT0 0,gas DRI,2763.50579
capital,Link,IT0 0,gas pipeline,9911401.74958
capital,Link,IT0 0,heat100-200 industry electric boiler steam,418.86707
capital,Link,IT0 0,heat100-200 industry gas,7007335.34416
capital,Link,IT0 0,heat100-200 industry industrial heat pump high temperature,136980919.13982
capital,Link,IT0 0,heat100-200 industry solid biomass,426.02386
capital,Link,IT0 0,heat200-500 industry gas,909138.09758
capital,Link,IT0 0,heat200-500 industry hydrogen,112.08052
capital,Link,IT0 0,heat200-500 industry solid biomass,274.14827
capital,Link,IT0 0,heat<100 industry electric boiler steam,453.60842
capital,Link,IT0 0,heat<100 industry gas,10250519.40778
capital,Link,IT0 0,heat<100 industry industrial heat pump medium temperature,176474234.6761
capital,Link,IT0 0,heat<100 industry solid biomass,442.72482
capital,Link,IT0 0,heat>500 industry gas,1818431.62417
capital,Link,IT0 0,heat>500 industry hydrogen,135.37963
capital,Link,IT0 0,home battery charger,6843.30273
capital,Link,IT0 0,methanolisation,9315.58166
capital,Link,IT0 0,rural air heat pump,10276.35413
capital,Link,IT0 0,rural biomass boiler,921088460.05187
capital,Link,IT0 0,rural gas boiler,1438492205.141
capital,Link,IT0 0,rural ground heat pump,134531010.90734
capital,Link,IT0 0,rural resistive heater,11766650.25394
capital,Link,IT0 0,urban central air heat pump,27200964.02527
capital,Link,IT0 0,urban central gas CHP,2208.25562
capital,Link,IT0 0,urban central gas boiler,53629875.30126
capital,Link,IT0 0,urban central resistive heater,1904536.27112
capital,Link,IT0 0,urban central solid biomass CHP,1717.76233
capital,Link,IT0 0,urban central solid biomass CHP CC,2564.17291
capital,Link,IT0 0,urban decentral air heat pump,2874802816.97177
capital,Link,IT0 0,urban decentral biomass boiler,558327216.6984
capital,Link,IT0 0,urban decentral gas boiler,871956803.25154
capital,Link,IT0 0,urban decentral resistive heater,46855109.62003
capital,Link,IT0 0,waste CHP,2527.87436
capital,Link,IT0 1,CO2 pipeline,6978.095
capital,Link,IT0 1,Combined-Cycle Gas,2295130370.26066
capital,Link,IT0 1,H2 Electrolysis,1968.04142
capital,Link,IT0 1,Haber-Bosch,12437.62587
capital,Link,IT0 1,Open-Cycle Gas,1447.97145
capital,Link,IT0 1,SMR,21729.14089
capital,Link,IT0 1,Sabatier,825.44833
capital,Link,IT0 1,battery charger,3979.77345
capital,Link,IT0 1,biogas to gas,241458309.21465
capital,Link,IT0 1,biomass to liquid,3893.01859
capital,Link,IT0 1,biomass-to-methanol,2650.42881
capital,Link,IT0 1,electricity distribution grid,1644097755.29038
capital,Link,IT0 1,gas pipeline,82550567.52671
capital,Link,IT0 1,heat100-200 industry electric boiler steam,437.70672
capital,Link,IT0 1,heat100-200 industry gas,12365100.2574
capital,Link,IT0 1,heat100-200 industry industrial heat pump high temperature,241716102.2467
capital,Link,IT0 1,heat100-200 industry solid biomass,1772.76603
capital,Link,IT0 1,heat200-500 industry gas,1650356.30979
capital,Link,IT0 1,heat200-500 industry hydrogen,124.24587
capital,Link,IT0 1,heat200-500 industry solid biomass,24836777.70466
capital,Link,IT0 1,heat<100 industry electric boiler steam,480.02724
capital,Link,IT0 1,heat<100 industry gas,17084173.71908
capital,Link,IT0 1,heat<100 industry industrial heat pump medium temperature,294122671.58006
capital,Link,IT0 1,heat<100 industry solid biomass,2094.74261
capital,Link,IT0 1,heat>500 industry gas,3751884.33383
capital,Link,IT0 1,heat>500 industry hydrogen,159.40771
capital,Link,IT0 1,home battery charger,5244.80649
capital,Link,IT0 1,methanolisation,11406.7923
capital,Link,IT0 1,rural air heat pump,8829.38214
capital,Link,IT0 1,rural biomass boiler,487535290.83604
capital,Link,IT0 1,rural gas boiler,761398873.19759
capital,Link,IT0 1,rural ground heat pump,191884283.40278
capital,Link,IT0 1,rural resistive heater,11733356.59166
capital,Link,IT0 1,urban central air heat pump,50132184.95946
capital,Link,IT0 1,urban central gas CHP,2527.86144
capital,Link,IT0 1,urban central gas boiler,57404658.99166
capital,Link,IT0 1,urban central resistive heater,625324.29632
capital,Link,IT0 1,urban central solid biomass CHP,28700382.80692
capital,Link,IT0 1,urban central solid biomass CHP CC,125976542.8996
capital,Link,IT0 1,urban decentral air heat pump,3052479336.38115
capital,Link,IT0 1,urban decentral biomass boiler,745381592.56624
capital,Link,IT0 1,urban decentral gas boiler,1164085380.79148
capital,Link,IT0 1,urban decentral resistive heater,68987456.97354
capital,Link,IT0 1,waste CHP,2716.04879
capital,Link,IT4 0,Combined-Cycle Gas,2238.45293
capital,Link,IT4 0,DC,64110410.9741
capital,Link,IT4 0,H2 Electrolysis,2136.97443
capital,Link,IT4 0,Haber-Bosch,9416.58467
capital,Link,IT4 0,Open-Cycle Gas,1484.59492
capital,Link,IT4 0,SMR,13763.82597
capital,Link,IT4 0,Sabatier,838.15772
capital,Link,IT4 0,battery charger,6955.89035
capital,Link,IT4 0,biogas to gas,6078811.19248
capital,Link,IT4 0,biomass to liquid,1908.83601
capital,Link,IT4 0,biomass-to-methanol,2228.67685
capital,Link,IT4 0,electricity distribution grid,74608248.63076
capital,Link,IT4 0,heat100-200 industry electric boiler steam,362.42479
capital,Link,IT4 0,heat100-200 industry gas,551928.98353
capital,Link,IT4 0,heat100-200 industry industrial heat pump high temperature,10787534.2763
capital,Link,IT4 0,heat100-200 industry solid biomass,650.46483
capital,Link,IT4 0,heat200-500 industry gas,212933.33113
capital,Link,IT4 0,heat200-500 industry hydrogen,148.69797
capital,Link,IT4 0,heat200-500 industry solid biomass,318.36044
capital,Link,IT4 0,heat<100 industry electric boiler steam,354.07279
capital,Link,IT4 0,heat<100 industry gas,973600.99767
capital,Link,IT4 0,heat<100 industry industrial heat pump medium temperature,16760235.88457
capital,Link,IT4 0,heat<100 industry solid biomass,630.0192
capital,Link,IT4 0,heat>500 industry gas,371506.85736
capital,Link,IT4 0,heat>500 industry hydrogen,126.78922
capital,Link,IT4 0,home battery charger,3906.98272
capital,Link,IT4 0,methanolisation,6292.70065
capital,Link,IT4 0,rural air heat pump,4709.18133
capital,Link,IT4 0,rural biomass boiler,143184892.20312
capital,Link,IT4 0,rural gas boiler,223616254.31344
capital,Link,IT4 0,rural ground heat pump,9481540.88175
capital,Link,IT4 0,rural resistive heater,1360661.50698
capital,Link,IT4 0,urban central air heat pump,414015.46728
capital,Link,IT4 0,urban central gas CHP,2649.43551
capital,Link,IT4 0,urban central gas boiler,1327128.93141
capital,Link,IT4 0,urban central resistive heater,44167.89892
capital,Link,IT4 0,urban central solid biomass CHP,1844.82847
capital,Link,IT4 0,urban central solid biomass CHP CC,2890.00069
capital,Link,IT4 0,urban decentral air heat pump,96272417.05718
capital,Link,IT4 0,urban decentral biomass boiler,6362606.24631
capital,Link,IT4 0,urban decentral gas boiler,9936678.05716
capital,Link,IT4 0,urban decentral resistive heater,1520884.9879
capital,Link,IT4 0,waste CHP,2138.39823
capital,Link,LT0 0,CO2 pipeline,7352.86303
capital,Link,LT0 0,Combined-Cycle Gas,120296787.0316
capital,Link,LT0 0,DC,49763675.72641
capital,Link,LT0 0,H2 Electrolysis,1922.12352
capital,Link,LT0 0,Haber-Bosch,12613.05794
capital,Link,LT0 0,Open-Cycle Gas,1409.19913
capital,Link,LT0 0,SMR,48458.92812
capital,Link,LT0 0,Sabatier,786.13555
capital,Link,LT0 0,battery charger,3710.52531
capital,Link,LT0 0,biogas to gas,7160393.06693
capital,Link,LT0 0,biomass to liquid,42336055.67701
capital,Link,LT0 0,biomass-to-methanol,2817.56334
capital,Link,LT0 0,electricity distribution grid,79856230.9348
capital,Link,LT0 0,gas pipeline,2535034.01006
capital,Link,LT0 0,gas pipeline new,4678.57274
capital,Link,LT0 0,heat100-200 industry electric boiler steam,318.71978
capital,Link,LT0 0,heat100-200 industry gas,545725.93071
capital,Link,LT0 0,heat100-200 industry industrial heat pump high temperature,10652896.61126
capital,Link,LT0 0,heat100-200 industry solid biomass,11873.14716
capital,Link,LT0 0,heat200-500 industry gas,56629.84283
capital,Link,LT0 0,heat200-500 industry hydrogen,124.81149
capital,Link,LT0 0,heat200-500 industry solid biomass,852285.05187
capital,Link,LT0 0,heat<100 industry electric boiler steam,326.38569
capital,Link,LT0 0,heat<100 industry gas,496129.24244
capital,Link,LT0 0,heat<100 industry industrial heat pump medium temperature,29736.47445
capital,Link,LT0 0,heat<100 industry solid biomass,7936682.78743
capital,Link,LT0 0,heat>500 industry gas,67526.30692
capital,Link,LT0 0,heat>500 industry hydrogen,146.15078
capital,Link,LT0 0,home battery charger,3815.02279
capital,Link,LT0 0,methanolisation,34227.90977
capital,Link,LT0 0,rural air heat pump,1748.9035
capital,Link,LT0 0,rural biomass boiler,305889302.59146
capital,Link,LT0 0,rural gas boiler,2180.29686
capital,Link,LT0 0,rural ground heat pump,24937360.27076
capital,Link,LT0 0,rural resistive heater,142255.56134
capital,Link,LT0 0,urban central air heat pump,3594.3809
capital,Link,LT0 0,urban central gas CHP,2030.78413
capital,Link,LT0 0,urban central gas boiler,21578881.66585
capital,Link,LT0 0,urban central resistive heater,528711.8596
capital,Link,LT0 0,urban central solid biomass CHP,9399985.28932
capital,Link,LT0 0,urban central solid biomass CHP CC,27475056.22958
capital,Link,LT0 0,urban decentral air heat pump,3637681.94636
capital,Link,LT0 0,urban decentral biomass boiler,298503903.65752
capital,Link,LT0 0,urban decentral gas boiler,3695.57835
capital,Link,LT0 0,urban decentral resistive heater,144155.90984
capital,Link,LT0 0,waste CHP,2125.01588
capital,Link,LU0 0,Combined-Cycle Gas,7089.01836
capital,Link,LU0 0,H2 Electrolysis,2040.21506
capital,Link,LU0 0,Haber-Bosch,9083.47235
capital,Link,LU0 0,Open-Cycle Gas,14691590.095
capital,Link,LU0 0,SMR,25830.10122
capital,Link,LU0 0,Sabatier,828.17581
capital,Link,LU0 0,battery charger,3928.33046
capital,Link,LU0 0,biogas to gas,3307875.62717
capital,Link,LU0 0,biomass to liquid,5805.85907
capital,Link,LU0 0,biomass-to-methanol,2749.42891
capital,Link,LU0 0,electricity distribution grid,46028438.80477
capital,Link,LU0 0,gas pipeline,2722504.25282
capital,Link,LU0 0,heat100-200 industry electric boiler steam,292.57049
capital,Link,LU0 0,heat100-200 industry gas,173646.96642
capital,Link,LU0 0,heat100-200 industry industrial heat pump high temperature,3382947.02805
capital,Link,LU0 0,heat100-200 industry solid biomass,8947.91526
capital,Link,LU0 0,heat200-500 industry gas,35666.27912
capital,Link,LU0 0,heat200-500 industry hydrogen,140.06335
capital,Link,LU0 0,heat200-500 industry solid biomass,536544.63579
capital,Link,LU0 0,heat<100 industry electric boiler steam,299.88018
capital,Link,LU0 0,heat<100 industry gas,179850.93225
capital,Link,LU0 0,heat<100 industry industrial heat pump medium temperature,1696522.79691
capital,Link,LU0 0,heat<100 industry solid biomass,1304688.0736
capital,Link,LU0 0,heat>500 industry gas,134583.74319
capital,Link,LU0 0,heat>500 industry hydrogen,141.9705
capital,Link,LU0 0,home battery charger,3802.04979
capital,Link,LU0 0,methanolisation,16778.26295
capital,Link,LU0 0,rural air heat pump,4778.44572
capital,Link,LU0 0,rural biomass boiler,2232541.49566
capital,Link,LU0 0,rural gas boiler,12352115.76839
capital,Link,LU0 0,rural ground heat pump,1181798.99406
capital,Link,LU0 0,rural resistive heater,148144.4411
capital,Link,LU0 0,urban central air heat pump,5135.01488
capital,Link,LU0 0,urban central gas CHP,6103554.43507
capital,Link,LU0 0,urban central gas boiler,3335366.32421
capital,Link,LU0 0,urban central resistive heater,634700.88007
capital,Link,LU0 0,urban central solid biomass CHP,5243625.38768
capital,Link,LU0 0,urban central solid biomass CHP CC,5666575.08609
capital,Link,LU0 0,urban decentral air heat pump,5695281.37286
capital,Link,LU0 0,urban decentral biomass boiler,17850600.09401
capital,Link,LU0 0,urban decentral gas boiler,98763082.04116
capital,Link,LU0 0,urban decentral resistive heater,1277601.98063
capital,Link,LU0 0,waste CHP,2059.45561
capital,Link,LV0 0,Combined-Cycle Gas,113904824.70236
capital,Link,LV0 0,H2 Electrolysis,1937.17124
capital,Link,LV0 0,Haber-Bosch,14009.86421
capital,Link,LV0 0,Open-Cycle Gas,1383.30434
capital,Link,LV0 0,SMR,75874.83484
capital,Link,LV0 0,Sabatier,791.06153
capital,Link,LV0 0,battery charger,3714.57023
capital,Link,LV0 0,biogas to gas,14809173.47721
capital,Link,LV0 0,biomass to liquid,228154665.36702
capital,Link,LV0 0,biomass-to-methanol,2795.82782
capital,Link,LV0 0,electricity distribution grid,45988590.06907
capital,Link,LV0 0,gas pipeline,2539116.37222
capital,Link,LV0 0,heat100-200 industry electric boiler steam,327.09807
capital,Link,LV0 0,heat100-200 industry gas,279069.30367
capital,Link,LV0 0,heat100-200 industry industrial heat pump high temperature,5442144.01553
capital,Link,LV0 0,heat100-200 industry solid biomass,10469.82359
capital,Link,LV0 0,heat200-500 industry gas,39858.06967
capital,Link,LV0 0,heat200-500 industry hydrogen,129.98085
capital,Link,LV0 0,heat200-500 industry solid biomass,599829.95494
capital,Link,LV0 0,heat<100 industry electric boiler steam,333.13563
capital,Link,LV0 0,heat<100 industry gas,651142.73145
capital,Link,LV0 0,heat<100 industry industrial heat pump medium temperature,829101.66629
capital,Link,LV0 0,heat<100 industry solid biomass,9680173.56036
capital,Link,LV0 0,heat>500 industry gas,69620.18624
capital,Link,LV0 0,heat>500 industry hydrogen,145.78601
capital,Link,LV0 0,home battery charger,3830.70149
capital,Link,LV0 0,methanolisation,56956.77452
capital,Link,LV0 0,rural air heat pump,2069.36122
capital,Link,LV0 0,rural biomass boiler,213807611.23631
capital,Link,LV0 0,rural gas boiler,58472634.80708
capital,Link,LV0 0,rural ground heat pump,2880.99941
capital,Link,LV0 0,rural resistive heater,115400.50275
capital,Link,LV0 0,urban central air heat pump,3720.34066
capital,Link,LV0 0,urban central gas CHP,1955.25108
capital,Link,LV0 0,urban central gas boiler,16201502.65591
capital,Link,LV0 0,urban central resistive heater,280100.35336
capital,Link,LV0 0,urban central solid biomass CHP,11535469.98994
capital,Link,LV0 0,urban central solid biomass CHP CC,37701265.83456
capital,Link,LV0 0,urban decentral air heat pump,1677.79265
capital,Link,LV0 0,urban decentral biomass boiler,200011537.09784
capital,Link,LV0 0,urban decentral gas boiler,54699650.29916
capital,Link,LV0 0,urban decentral resistive heater,107958.51786
capital,Link,LV0 0,waste CHP,2047.50529
capital,Link,ME0 0,CO2 pipeline,6109.22029
capital,Link,ME0 0,Combined-Cycle Gas,2129.74879
capital,Link,ME0 0,EAF,2314.84273
capital,Link,ME0 0,H2 DRI,1606.24028
capital,Link,ME0 0,H2 Electrolysis,2021.62128
capital,Link,ME0 0,Haber-Bosch,9211.2071
capital,Link,ME0 0,Open-Cycle Gas,1394.22152
capital,Link,ME0 0,SMR,56677.83125
capital,Link,ME0 0,Sabatier,854.437
capital,Link,ME0 0,battery charger,4246.17476
capital,Link,ME0 0,biogas to gas,6169.81953
capital,Link,ME0 0,biomass to liquid,17403733.2251
capital,Link,ME0 0,biomass-to-methanol,2721.04692
capital,Link,ME0 0,electricity distribution grid,24496112.6938
capital,Link,ME0 0,gas DRI,2074.82251
capital,Link,ME0 0,heat100-200 industry electric boiler steam,425.23609
capital,Link,ME0 0,heat100-200 industry gas,68244.1549
capital,Link,ME0 0,heat100-200 industry industrial heat pump high temperature,1289539.19432
capital,Link,ME0 0,heat100-200 industry solid biomass,36197.58896
capital,Link,ME0 0,heat200-500 industry gas,10517.57779
capital,Link,ME0 0,heat200-500 industry hydrogen,141.61674
capital,Link,ME0 0,heat200-500 industry solid biomass,158108.03646
capital,Link,ME0 0,heat<100 industry electric boiler steam,430.6194
capital,Link,ME0 0,heat<100 industry gas,68245.16929
capital,Link,ME0 0,heat<100 industry industrial heat pump medium temperature,19060.32367
capital,Link,ME0 0,heat<100 industry solid biomass,1077476.30211
capital,Link,ME0 0,heat>500 industry gas,44514.27944
capital,Link,ME0 0,heat>500 industry hydrogen,146.04453
capital,Link,ME0 0,home battery charger,5719.22749
capital,Link,ME0 0,methanolisation,43151.0043
capital,Link,ME0 0,rural air heat pump,4017.36874
capital,Link,ME0 0,rural biomass boiler,8908.15493
capital,Link,ME0 0,rural gas boiler,11902218.67043
capital,Link,ME0 0,rural ground heat pump,8222.80848
capital,Link,ME0 0,rural resistive heater,927711.62816
capital,Link,ME0 0,urban central air heat pump,5164.1382
capital,Link,ME0 0,urban central gas CHP,2352.77873
capital,Link,ME0 0,urban central gas boiler,315487.4651
capital,Link,ME0 0,urban central resistive heater,35692.8424
capital,Link,ME0 0,urban central solid biomass CHP,1614280.3644
capital,Link,ME0 0,urban central solid biomass CHP CC,236742.79369
capital,Link,ME0 0,urban decentral air heat pump,4048.34914
capital,Link,ME0 0,urban decentral biomass boiler,9170.40653
capital,Link,ME0 0,urban decentral gas boiler,18653908.8155
capital,Link,ME0 0,urban decentral resistive heater,1461711.34646
capital,Link,ME0 0,waste CHP,2036.12343
capital,Link,MK0 0,CO2 pipeline,5685.46517
capital,Link,MK0 0,Combined-Cycle Gas,23053653.66891
capital,Link,MK0 0,EAF,2453.65517
capital,Link,MK0 0,H2 DRI,1643.53738
capital,Link,MK0 0,H2 Electrolysis,2001.71507
capital,Link,MK0 0,Haber-Bosch,9919.22452
capital,Link,MK0 0,Open-Cycle Gas,1380.32406
capital,Link,MK0 0,SMR,55612.01922
capital,Link,MK0 0,Sabatier,848.33256
capital,Link,MK0 0,battery charger,4279.5289
capital,Link,MK0 0,biogas to gas,3484245.27076
capital,Link,MK0 0,biomass to liquid,19811096.97528
capital,Link,MK0 0,biomass-to-methanol,2708.42118
capital,Link,MK0 0,electricity distribution grid,64789690.28304
capital,Link,MK0 0,gas DRI,2199.59797
capital,Link,MK0 0,gas pipeline new,4586676.61113
capital,Link,MK0 0,heat100-200 industry electric boiler steam,395.05791
capital,Link,MK0 0,heat100-200 industry gas,130236.03572
capital,Link,MK0 0,heat100-200 industry industrial heat pump high temperature,2523055.50799
capital,Link,MK0 0,heat100-200 industry solid biomass,18664.27081
capital,Link,MK0 0,heat200-500 industry gas,12596.64167
capital,Link,MK0 0,heat200-500 industry hydrogen,142.26033
capital,Link,MK0 0,heat200-500 industry solid biomass,189620.61697
capital,Link,MK0 0,heat<100 industry electric boiler steam,395.43125
capital,Link,MK0 0,heat<100 industry gas,161238.42056
capital,Link,MK0 0,heat<100 industry industrial heat pump medium temperature,27836.00833
capital,Link,MK0 0,heat<100 industry solid biomass,2562660.87336
capital,Link,MK0 0,heat>500 industry gas,11033.15281
capital,Link,MK0 0,heat>500 industry hydrogen,174.45787
capital,Link,MK0 0,home battery charger,18550.52328
capital,Link,MK0 0,methanolisation,41729.25185
capital,Link,MK0 0,rural air heat pump,2931.47379
capital,Link,MK0 0,rural biomass boiler,8304.31468
capital,Link,MK0 0,rural gas boiler,46279627.26781
capital,Link,MK0 0,rural ground heat pump,5813.59536
capital,Link,MK0 0,rural resistive heater,4486423.75619
capital,Link,MK0 0,urban central air heat pump,4274.41046
capital,Link,MK0 0,urban central gas CHP,2298.29838
capital,Link,MK0 0,urban central gas boiler,3624155.81467
capital,Link,MK0 0,urban central resistive heater,460915.25116
capital,Link,MK0 0,urban central solid biomass CHP,6931318.0732
capital,Link,MK0 0,urban central solid biomass CHP CC,29834.25852
capital,Link,MK0 0,urban decentral air heat pump,2914.73779
capital,Link,MK0 0,urban decentral biomass boiler,8197.34255
capital,Link,MK0 0,urban decentral gas boiler,37920951.84287
capital,Link,MK0 0,urban decentral resistive heater,3697830.0161
capital,Link,MK0 0,waste CHP,2130.23342
capital,Link,NL0 0,CO2 pipeline,2414.57792
capital,Link,NL0 0,Combined-Cycle Gas,1094825715.41019
capital,Link,NL0 0,DC,70406187.00672
capital,Link,NL0 0,EAF,3356.93546
capital,Link,NL0 0,H2 DRI,1899.58483
capital,Link,NL0 0,H2 Electrolysis,2089.93843
capital,Link,NL0 0,Haber-Bosch,37641.3081
capital,Link,NL0 0,Open-Cycle Gas,1707.10099
capital,Link,NL0 0,SMR,79790.58176
capital,Link,NL0 0,Sabatier,810.74792
capital,Link,NL0 0,battery charger,3764.65276
capital,Link,NL0 0,biogas to gas,65398259.95401
capital,Link,NL0 0,biomass to liquid,3945.23119
capital,Link,NL0 0,biomass-to-methanol,2657.46471
capital,Link,NL0 0,electricity distribution grid,834770570.18375
capital,Link,NL0 0,gas DRI,2999.51108
capital,Link,NL0 0,gas pipeline,42931588.67236
capital,Link,NL0 0,heat100-200 industry electric boiler steam,479.61245
capital,Link,NL0 0,heat100-200 industry gas,17164789.12241
capital,Link,NL0 0,heat100-200 industry industrial heat pump high temperature,335543133.54874
capital,Link,NL0 0,heat100-200 industry solid biomass,1589.37305
capital,Link,NL0 0,heat200-500 industry gas,1635669.63931
capital,Link,NL0 0,heat200-500 industry hydrogen,121.62904
capital,Link,NL0 0,heat200-500 industry solid biomass,7526137.93785
capital,Link,NL0 0,heat<100 industry electric boiler steam,471.01469
capital,Link,NL0 0,heat<100 industry gas,14634721.03703
capital,Link,NL0 0,heat<100 industry industrial heat pump medium temperature,251952697.3493
capital,Link,NL0 0,heat<100 industry solid biomass,1739.58714
capital,Link,NL0 0,heat>500 industry gas,5555353.09041
capital,Link,NL0 0,heat>500 industry hydrogen,167.07027
capital,Link,NL0 0,home battery charger,3829.55878
capital,Link,NL0 0,methanolisation,47948.2273
capital,Link,NL0 0,rural air heat pump,8269.59354
capital,Link,NL0 0,rural biomass boiler,11547210.89408
capital,Link,NL0 0,rural gas boiler,383193866.87589
capital,Link,NL0 0,rural ground heat pump,448638587.38996
capital,Link,NL0 0,rural resistive heater,311780.48797
capital,Link,NL0 0,urban central air heat pump,68958.98497
capital,Link,NL0 0,urban central gas CHP,3034.14905
capital,Link,NL0 0,urban central gas boiler,56273598.55415
capital,Link,NL0 0,urban central resistive heater,5534568.04208
capital,Link,NL0 0,urban central solid biomass CHP,13789.33122
capital,Link,NL0 0,urban central solid biomass CHP CC,157792687.43424
capital,Link,NL0 0,urban decentral air heat pump,333328563.3701
capital,Link,NL0 0,urban decentral biomass boiler,106081921.72225
capital,Link,NL0 0,urban decentral gas boiler,3520325571.53888
capital,Link,NL0 0,urban decentral resistive heater,8896032.60121
capital,Link,NL0 0,waste CHP,2674.76924
capital,Link,NO1 0,CO2 pipeline,21628.27673
capital,Link,NO1 0,Combined-Cycle Gas,78905532.78155
capital,Link,NO1 0,DC,136411573.39264
capital,Link,NO1 0,EAF,3003.36853
capital,Link,NO1 0,H2 DRI,1808.53292
capital,Link,NO1 0,H2 Electrolysis,1979.76352
capital,Link,NO1 0,Haber-Bosch,629476638.26197
capital,Link,NO1 0,Open-Cycle Gas,1302.10767
capital,Link,NO1 0,SMR,401860419.36816
capital,Link,NO1 0,Sabatier,852.77906
capital,Link,NO1 0,battery charger,3771.44625
capital,Link,NO1 0,biogas to gas,15925569.16834
capital,Link,NO1 0,biomass to liquid,1744.85807
capital,Link,NO1 0,biomass-to-methanol,2188.39671
capital,Link,NO1 0,electricity distribution grid,726721907.18931
capital,Link,NO1 0,gas DRI,2675.32874
capital,Link,NO1 0,gas pipeline,28954989.67369
capital,Link,NO1 0,gas pipeline new,32096571.10531
capital,Link,NO1 0,heat100-200 industry electric boiler steam,438.08235
capital,Link,NO1 0,heat100-200 industry gas,3671097.97385
capital,Link,NO1 0,heat100-200 industry industrial heat pump high temperature,71762990.91527
capital,Link,NO1 0,heat100-200 industry solid biomass,355.10082
capital,Link,NO1 0,heat200-500 industry gas,431029.68047
capital,Link,NO1 0,heat200-500 industry hydrogen,117.19134
capital,Link,NO1 0,heat200-500 industry solid biomass,195.34616
capital,Link,NO1 0,heat<100 industry electric boiler steam,443.76116
capital,Link,NO1 0,heat<100 industry gas,2852553.00922
capital,Link,NO1 0,heat<100 industry industrial heat pump medium temperature,49108910.69652
capital,Link,NO1 0,heat<100 industry solid biomass,370.89193
capital,Link,NO1 0,heat>500 industry gas,2351081.32158
capital,Link,NO1 0,heat>500 industry hydrogen,140.00567
capital,Link,NO1 0,home battery charger,5465.67566
capital,Link,NO1 0,methanolisation,109724.41963
capital,Link,NO1 0,rural air heat pump,3589.21818
capital,Link,NO1 0,rural biomass boiler,163858502.98534
capital,Link,NO1 0,rural gas boiler,4804235.85007
capital,Link,NO1 0,rural ground heat pump,379393480.91197
capital,Link,NO1 0,rural resistive heater,703331.17695
capital,Link,NO1 0,urban central air heat pump,4250.87209
capital,Link,NO1 0,urban central gas CHP,1578.33868
capital,Link,NO1 0,urban central gas boiler,16794810.08731
capital,Link,NO1 0,urban central resistive heater,71748.62838
capital,Link,NO1 0,urban central solid biomass CHP,1547.26892
capital,Link,NO1 0,urban central solid biomass CHP CC,2177.21174
capital,Link,NO1 0,urban decentral air heat pump,1601848462.752
capital,Link,NO1 0,urban decentral biomass boiler,570579084.51274
capital,Link,NO1 0,urban decentral gas boiler,157452746.83377
capital,Link,NO1 0,urban decentral resistive heater,16470064.55565
capital,Link,NO1 0,waste CHP,2160.09607
capital,Link,PL0 0,CO2 pipeline,4826.70017
capital,Link,PL0 0,Combined-Cycle Gas,655711306.22016
capital,Link,PL0 0,DC,56388208.23462
capital,Link,PL0 0,EAF,3032.5964
capital,Link,PL0 0,H2 DRI,1794.67355
capital,Link,PL0 0,H2 Electrolysis,1893.74925
capital,Link,PL0 0,Haber-Bosch,11320.75742
capital,Link,PL0 0,Open-Cycle Gas,2364.84939
capital,Link,PL0 0,SMR,25484.80107
capital,Link,PL0 0,Sabatier,833.88309
capital,Link,PL0 0,battery charger,3810.13812
capital,Link,PL0 0,biogas to gas,54808673.15467
capital,Link,PL0 0,biomass to liquid,3497.19548
capital,Link,PL0 0,biomass-to-methanol,2626.10806
capital,Link,PL0 0,electricity distribution grid,1329423327.64657
capital,Link,PL0 0,gas DRI,2724.82183
capital,Link,PL0 0,gas pipeline,23087118.89751
capital,Link,PL0 0,heat100-200 industry electric boiler steam,395.68085
capital,Link,PL0 0,heat100-200 industry gas,11044254.65497
capital,Link,PL0 0,heat100-200 industry industrial heat pump high temperature,215894394.78105
capital,Link,PL0 0,heat100-200 industry solid biomass,2411.13891
capital,Link,PL0 0,heat200-500 industry gas,1407100.93951
capital,Link,PL0 0,heat200-500 industry hydrogen,125.05695
capital,Link,PL0 0,heat200-500 industry solid biomass,21171602.26775
capital,Link,PL0 0,heat<100 industry electric boiler steam,400.57163
capital,Link,PL0 0,heat<100 industry gas,10771431.54825
capital,Link,PL0 0,heat<100 industry industrial heat pump medium temperature,185438108.83912
capital,Link,PL0 0,heat<100 industry solid biomass,3422.19886
capital,Link,PL0 0,heat>500 industry gas,4724907.59516
capital,Link,PL0 0,heat>500 industry hydrogen,169.83393
capital,Link,PL0 0,home battery charger,3875.85121
capital,Link,PL0 0,methanolisation,15421.59094
capital,Link,PL0 0,rural air heat pump,5322.82316
capital,Link,PL0 0,rural biomass boiler,1445046935.73858
capital,Link,PL0 0,rural gas boiler,531829904.1857
capital,Link,PL0 0,rural ground heat pump,42305452.47064
capital,Link,PL0 0,rural resistive heater,42193246.57148
capital,Link,PL0 0,urban central air heat pump,3202.15183
capital,Link,PL0 0,urban central gas CHP,380698.72434
capital,Link,PL0 0,urban central gas boiler,149373925.46176
capital,Link,PL0 0,urban central resistive heater,7322353.33734
capital,Link,PL0 0,urban central solid biomass CHP,103604192.59855
capital,Link,PL0 0,urban central solid biomass CHP CC,144950632.78162
capital,Link,PL0 0,urban decentral air heat pump,3961248.02543
capital,Link,PL0 0,urban decentral biomass boiler,1227806836.03752
capital,Link,PL0 0,urban decentral gas boiler,451877635.12653
capital,Link,PL0 0,urban decentral resistive heater,35864216.27367
capital,Link,PL0 0,waste CHP,2792.29139
capital,Link,PT0 0,Combined-Cycle Gas,458028536.60472
capital,Link,PT0 0,H2 Electrolysis,2161.89999
capital,Link,PT0 0,Haber-Bosch,19933.3655
capital,Link,PT0 0,Open-Cycle Gas,1463.84633
capital,Link,PT0 0,SMR,13100906.25884
capital,Link,PT0 0,Sabatier,873.07396
capital,Link,PT0 0,battery charger,5177.88206
capital,Link,PT0 0,biogas to gas,14717226.03441
capital,Link,PT0 0,biomass to liquid,138311590.34485
capital,Link,PT0 0,biomass-to-methanol,2754.61761
capital,Link,PT0 0,electricity distribution grid,654890684.95583
capital,Link,PT0 0,heat100-200 industry electric boiler steam,357.46739
capital,Link,PT0 0,heat100-200 industry gas,2703721.11554
capital,Link,PT0 0,heat100-200 industry industrial heat pump high temperature,52846018.98885
capital,Link,PT0 0,heat100-200 industry solid biomass,5787.79474
capital,Link,PT0 0,heat200-500 industry gas,352313.50168
capital,Link,PT0 0,heat200-500 industry hydrogen,108.67872
capital,Link,PT0 0,heat200-500 industry solid biomass,5302238.65433
capital,Link,PT0 0,heat<100 industry electric boiler steam,370.32674
capital,Link,PT0 0,heat<100 industry gas,2691317.78195
capital,Link,PT0 0,heat<100 industry industrial heat pump medium temperature,46321748.29486
capital,Link,PT0 0,heat<100 industry solid biomass,11325.7221
capital,Link,PT0 0,heat>500 industry gas,1065602.68169
capital,Link,PT0 0,heat>500 industry hydrogen,123.41345
capital,Link,PT0 0,home battery charger,28731.69547
capital,Link,PT0 0,methanolisation,11220451.72897
capital,Link,PT0 0,rural air heat pump,7949.31734
capital,Link,PT0 0,rural biomass boiler,154601460.5275
capital,Link,PT0 0,rural gas boiler,89226428.20776
capital,Link,PT0 0,rural ground heat pump,54671400.94417
capital,Link,PT0 0,rural resistive heater,103109900.51437
capital,Link,PT0 0,urban central air heat pump,13970.45103
capital,Link,PT0 0,urban central gas CHP,2259.88894
capital,Link,PT0 0,urban central gas boiler,11345150.13142
capital,Link,PT0 0,urban central resistive heater,504172.00306
capital,Link,PT0 0,urban central solid biomass CHP,1345562.86664
capital,Link,PT0 0,urban central solid biomass CHP CC,26713524.66889
capital,Link,PT0 0,urban decentral air heat pump,483575509.92848
capital,Link,PT0 0,urban decentral biomass boiler,200069479.19364
capital,Link,PT0 0,urban decentral gas boiler,115467764.41132
capital,Link,PT0 0,urban decentral resistive heater,108781432.07841
capital,Link,PT0 0,waste CHP,2454.54285
capital,Link,RO0 0,CO2 pipeline,2414.3443
capital,Link,RO0 0,Combined-Cycle Gas,132190179.15748
capital,Link,RO0 0,EAF,2786.23477
capital,Link,RO0 0,H2 DRI,1700.58174
capital,Link,RO0 0,H2 Electrolysis,1967.86317
capital,Link,RO0 0,Haber-Bosch,10845.22101
capital,Link,RO0 0,Open-Cycle Gas,1404.08122
capital,Link,RO0 0,SMR,205439.14744
capital,Link,RO0 0,Sabatier,818.15366
capital,Link,RO0 0,battery charger,4138.38229
capital,Link,RO0 0,biogas to gas,3488553.30717
capital,Link,RO0 0,biomass to liquid,22735.82858
capital,Link,RO0 0,biomass-to-methanol,2780.63314
capital,Link,RO0 0,electricity distribution grid,419366201.29113
capital,Link,RO0 0,gas DRI,2531.39784
capital,Link,RO0 0,heat100-200 industry electric boiler steam,368.00521
capital,Link,RO0 0,heat100-200 industry gas,4960946.64487
capital,Link,RO0 0,heat100-200 industry industrial heat pump high temperature,45679215.27222
capital,Link,RO0 0,heat100-200 industry solid biomass,42130510.73048
capital,Link,RO0 0,heat200-500 industry gas,469740.77185
capital,Link,RO0 0,heat200-500 industry hydrogen,100.60234
capital,Link,RO0 0,heat200-500 industry solid biomass,7069614.44224
capital,Link,RO0 0,heat<100 industry electric boiler steam,355.65371
capital,Link,RO0 0,heat<100 industry gas,3956355.91062
capital,Link,RO0 0,heat<100 industry industrial heat pump medium temperature,7639.47576
capital,Link,RO0 0,heat<100 industry solid biomass,63510183.23421
capital,Link,RO0 0,heat>500 industry gas,1673730.07471
capital,Link,RO0 0,heat>500 industry hydrogen,133.51369
capital,Link,RO0 0,home battery charger,3803.01955
capital,Link,RO0 0,methanolisation,170071.47456
capital,Link,RO0 0,rural air heat pump,4876.54439
capital,Link,RO0 0,rural biomass boiler,798923468.41182
capital,Link,RO0 0,rural gas boiler,501640939.504
capital,Link,RO0 0,rural ground heat pump,14548.56145
capital,Link,RO0 0,rural resistive heater,2223954.64216
capital,Link,RO0 0,urban central air heat pump,3851.61425
capital,Link,RO0 0,urban central gas CHP,2966.33461
capital,Link,RO0 0,urban central gas boiler,23859094.78698
capital,Link,RO0 0,urban central resistive heater,2172892.27195
capital,Link,RO0 0,urban central solid biomass CHP,68455605.7887
capital,Link,RO0 0,urban central solid biomass CHP CC,509003.94671
capital,Link,RO0 0,urban decentral air heat pump,4067.47972
capital,Link,RO0 0,urban decentral biomass boiler,663687318.79944
capital,Link,RO0 0,urban decentral gas boiler,416726686.97701
capital,Link,RO0 0,urban decentral resistive heater,1847498.9205
capital,Link,RO0 0,waste CHP,2562.79001
capital,Link,RS0 0,CO2 pipeline,2417.66599
capital,Link,RS0 0,Combined-Cycle Gas,31331651.24923
capital,Link,RS0 0,EAF,2566.81925
capital,Link,RS0 0,H2 DRI,1673.3925
capital,Link,RS0 0,H2 Electrolysis,1986.87521
capital,Link,RS0 0,Haber-Bosch,7522.25123
capital,Link,RS0 0,Open-Cycle Gas,1389.41008
capital,Link,RS0 0,SMR,22654.07356
capital,Link,RS0 0,Sabatier,843.78353
capital,Link,RS0 0,battery charger,4085.4499
capital,Link,RS0 0,biogas to gas,5224170.35008
capital,Link,RS0 0,biomass to liquid,39511302.96656
capital,Link,RS0 0,biomass-to-methanol,2785.10057
capital,Link,RS0 0,electricity distribution grid,402589984.45553
capital,Link,RS0 0,gas DRI,2302.28235
capital,Link,RS0 0,gas pipeline new,8377435.04052
capital,Link,RS0 0,heat100-200 industry electric boiler steam,313.74376
capital,Link,RS0 0,heat100-200 industry gas,1147234.93126
capital,Link,RS0 0,heat100-200 industry industrial heat pump high temperature,26715.2791
capital,Link,RS0 0,heat100-200 industry solid biomass,18396001.50914
capital,Link,RS0 0,heat200-500 industry gas,106958.90637
capital,Link,RS0 0,heat200-500 industry hydrogen,123.66362
capital,Link,RS0 0,heat200-500 industry solid biomass,1609703.57197
capital,Link,RS0 0,heat<100 industry electric boiler steam,317.82801
capital,Link,RS0 0,heat<100 industry gas,1252656.67266
capital,Link,RS0 0,heat<100 industry industrial heat pump medium temperature,6583.55836
capital,Link,RS0 0,heat<100 industry solid biomass,20104180.52534
capital,Link,RS0 0,heat>500 industry gas,92665.549
capital,Link,RS0 0,heat>500 industry hydrogen,143.67435
capital,Link,RS0 0,home battery charger,22041.33684
capital,Link,RS0 0,methanolisation,14964.6019
capital,Link,RS0 0,rural air heat pump,3020.58155
capital,Link,RS0 0,rural biomass boiler,10342.0843
capital,Link,RS0 0,rural gas boiler,292398989.49898
capital,Link,RS0 0,rural ground heat pump,7011.42454
capital,Link,RS0 0,rural resistive heater,23145579.95212
capital,Link,RS0 0,urban central air heat pump,3992.37603
capital,Link,RS0 0,urban central gas CHP,2416.08855
capital,Link,RS0 0,urban central gas boiler,20845513.95236
capital,Link,RS0 0,urban central resistive heater,1176695.92247
capital,Link,RS0 0,urban central solid biomass CHP,55108926.50536
capital,Link,RS0 0,urban central solid biomass CHP CC,28926.85237
capital,Link,RS0 0,urban decentral air heat pump,3009.98523
capital,Link,RS0 0,urban decentral biomass boiler,10077.93644
capital,Link,RS0 0,urban decentral gas boiler,192905405.74505
capital,Link,RS0 0,urban decentral resistive heater,15370884.49639
capital,Link,RS0 0,waste CHP,2401.0497
capital,Link,SE1 0,Combined-Cycle Gas,5239425.9104
capital,Link,SE1 0,DC,26495334.15163
capital,Link,SE1 0,EAF,2989.53978
capital,Link,SE1 0,H2 DRI,1865.94011
capital,Link,SE1 0,H2 Electrolysis,1933.67808
capital,Link,SE1 0,Haber-Bosch,20223.53821
capital,Link,SE1 0,Open-Cycle Gas,1322.84022
capital,Link,SE1 0,SMR,227335209.50446
capital,Link,SE1 0,Sabatier,872.63928
capital,Link,SE1 0,battery charger,3736.76831
capital,Link,SE1 0,biogas to gas,33330407.96531
capital,Link,SE1 0,biomass to liquid,531716045.63591
capital,Link,SE1 0,biomass-to-methanol,2771.5541
capital,Link,SE1 0,electricity distribution grid,1147755544.82916
capital,Link,SE1 0,gas DRI,2601.12349
capital,Link,SE1 0,heat100-200 industry electric boiler steam,544.45699
capital,Link,SE1 0,heat100-200 industry gas,1190646.08998
capital,Link,SE1 0,heat100-200 industry industrial heat pump high temperature,23268542.26775
capital,Link,SE1 0,heat100-200 industry solid biomass,4649.79867
capital,Link,SE1 0,heat200-500 industry gas,130024.13784
capital,Link,SE1 0,heat200-500 industry hydrogen,123.34925
capital,Link,SE1 0,heat200-500 industry solid biomass,1956856.90319
capital,Link,SE1 0,heat<100 industry electric boiler steam,419.26814
capital,Link,SE1 0,heat<100 industry gas,4154790.99931
capital,Link,SE1 0,heat<100 industry industrial heat pump medium temperature,71523530.62141
capital,Link,SE1 0,heat<100 industry solid biomass,5416.52016
capital,Link,SE1 0,heat>500 industry gas,474262.20576
capital,Link,SE1 0,heat>500 industry hydrogen,120.8575
capital,Link,SE1 0,home battery charger,5459.5771
capital,Link,SE1 0,methanolisation,194876328.27725
capital,Link,SE1 0,rural air heat pump,4673.98917
capital,Link,SE1 0,rural biomass boiler,36199558.54929
capital,Link,SE1 0,rural gas boiler,3449240.82383
capital,Link,SE1 0,rural ground heat pump,852595409.85667
capital,Link,SE1 0,rural resistive heater,3312310.03461
capital,Link,SE1 0,urban central air heat pump,4340.85348
capital,Link,SE1 0,urban central gas CHP,1672.61043
capital,Link,SE1 0,urban central gas boiler,98241912.1425
capital,Link,SE1 0,urban central resistive heater,2239.34139
capital,Link,SE1 0,urban central solid biomass CHP,191313738.97194
capital,Link,SE1 0,urban central solid biomass CHP CC,582142548.40714
capital,Link,SE1 0,urban decentral air heat pump,1316374176.68603
capital,Link,SE1 0,urban decentral biomass boiler,714866825.67406
capital,Link,SE1 0,urban decentral gas boiler,68115411.8318
capital,Link,SE1 0,urban decentral resistive heater,48009767.5572
capital,Link,SE1 0,waste CHP,2427.2273
capital,Link,SI0 0,Combined-Cycle Gas,20328909.06745
capital,Link,SI0 0,H2 Electrolysis,1908.97532
capital,Link,SI0 0,Haber-Bosch,7555.13304
capital,Link,SI0 0,Open-Cycle Gas,1436.7107
capital,Link,SI0 0,SMR,24243.12576
capital,Link,SI0 0,Sabatier,796.13832
capital,Link,SI0 0,battery charger,3913.40804
capital,Link,SI0 0,biogas to gas,4081305.74389
capital,Link,SI0 0,biomass to liquid,16919.79986
capital,Link,SI0 0,biomass-to-methanol,2799.16602
capital,Link,SI0 0,electricity distribution grid,96923770.28604
capital,Link,SI0 0,gas pipeline,3321347.86477
capital,Link,SI0 0,heat100-200 industry electric boiler steam,314.0702
capital,Link,SI0 0,heat100-200 industry gas,1277462.08027
capital,Link,SI0 0,heat100-200 industry industrial heat pump high temperature,15668634.0699
capital,Link,SI0 0,heat100-200 industry solid biomass,7640365.19693
capital,Link,SI0 0,heat200-500 industry gas,117437.14705
capital,Link,SI0 0,heat200-500 industry hydrogen,125.17406
capital,Link,SI0 0,heat200-500 industry solid biomass,1767476.09848
capital,Link,SI0 0,heat<100 industry electric boiler steam,295.85795
capital,Link,SI0 0,heat<100 industry gas,564329.14267
capital,Link,SI0 0,heat<100 industry industrial heat pump medium temperature,8592.61266
capital,Link,SI0 0,heat<100 industry solid biomass,9051468.88998
capital,Link,SI0 0,heat>500 industry gas,258273.98153
capital,Link,SI0 0,heat>500 industry hydrogen,133.37926
capital,Link,SI0 0,home battery charger,3783.18597
capital,Link,SI0 0,methanolisation,16347.01183
capital,Link,SI0 0,rural air heat pump,4863.96486
capital,Link,SI0 0,rural biomass boiler,142736714.77149
capital,Link,SI0 0,rural gas boiler,15082419.46597
capital,Link,SI0 0,rural ground heat pump,31877948.39074
capital,Link,SI0 0,rural resistive heater,1631960.73653
capital,Link,SI0 0,urban central air heat pump,3352.8288
capital,Link,SI0 0,urban central gas CHP,2668.12825
capital,Link,SI0 0,urban central gas boiler,4019467.24867
capital,Link,SI0 0,urban central resistive heater,331029.05347
capital,Link,SI0 0,urban central solid biomass CHP,16140342.40793
capital,Link,SI0 0,urban central solid biomass CHP CC,55695.91189
capital,Link,SI0 0,urban decentral air heat pump,8699595.24487
capital,Link,SI0 0,urban decentral biomass boiler,145968016.99687
capital,Link,SI0 0,urban decentral gas boiler,15423858.28683
capital,Link,SI0 0,urban decentral resistive heater,1785706.13101
capital,Link,SI0 0,waste CHP,2165.90111
capital,Link,SK0 0,Combined-Cycle Gas,81512451.50413
capital,Link,SK0 0,EAF,2960.27892
capital,Link,SK0 0,H2 DRI,1819.81507
capital,Link,SK0 0,H2 Electrolysis,1886.28698
capital,Link,SK0 0,Haber-Bosch,9761.45599
capital,Link,SK0 0,Open-Cycle Gas,1519.26338
capital,Link,SK0 0,SMR,73090.92615
capital,Link,SK0 0,Sabatier,816.52706
capital,Link,SK0 0,battery charger,3873.80887
capital,Link,SK0 0,biogas to gas,26244649.42084
capital,Link,SK0 0,biomass to liquid,14180.88993
capital,Link,SK0 0,biomass-to-methanol,2750.64961
capital,Link,SK0 0,electricity distribution grid,187001446.88156
capital,Link,SK0 0,gas DRI,2614.93926
capital,Link,SK0 0,heat100-200 industry electric boiler steam,342.14485
capital,Link,SK0 0,heat100-200 industry gas,2920768.26545
capital,Link,SK0 0,heat100-200 industry industrial heat pump high temperature,7142068.5117
capital,Link,SK0 0,heat100-200 industry solid biomass,41025567.85445
capital,Link,SK0 0,heat200-500 industry gas,274724.55321
capital,Link,SK0 0,heat200-500 industry hydrogen,114.87929
capital,Link,SK0 0,heat200-500 industry solid biomass,4134430.77326
capital,Link,SK0 0,heat<100 industry electric boiler steam,308.66163
capital,Link,SK0 0,heat<100 industry gas,1407684.99063
capital,Link,SK0 0,heat<100 industry industrial heat pump medium temperature,7794.72326
capital,Link,SK0 0,heat<100 industry solid biomass,22591706.15867
capital,Link,SK0 0,heat>500 industry gas,715394.96442
capital,Link,SK0 0,heat>500 industry hydrogen,124.48537
capital,Link,SK0 0,home battery charger,3771.08697
capital,Link,SK0 0,methanolisation,57045.72661
capital,Link,SK0 0,rural air heat pump,5115.33034
capital,Link,SK0 0,rural biomass boiler,12985709.66658
capital,Link,SK0 0,rural gas boiler,352189241.72972
capital,Link,SK0 0,rural ground heat pump,9913861.90727
capital,Link,SK0 0,rural resistive heater,2554182.2764
capital,Link,SK0 0,urban central air heat pump,3296.48621
capital,Link,SK0 0,urban central gas CHP,3469.98248
capital,Link,SK0 0,urban central gas boiler,11716189.25715
capital,Link,SK0 0,urban central resistive heater,10494.30429
capital,Link,SK0 0,urban central solid biomass CHP,40546011.80375
capital,Link,SK0 0,urban central solid biomass CHP CC,157061.07933
capital,Link,SK0 0,urban decentral air heat pump,16822584.47373
capital,Link,SK0 0,urban decentral biomass boiler,11478982.03607
capital,Link,SK0 0,urban decentral gas boiler,311324839.60569
capital,Link,SK0 0,urban decentral resistive heater,2533376.49783
capital,Link,SK0 0,waste CHP,2372.31602
capital,Link,XK0 0,Combined-Cycle Gas,2213.21687
capital,Link,XK0 0,EAF,2335.41777
capital,Link,XK0 0,H2 DRI,1593.93072
capital,Link,XK0 0,H2 Electrolysis,1998.43544
capital,Link,XK0 0,Haber-Bosch,9132.58621
capital,Link,XK0 0,Open-Cycle Gas,1386.6942
capital,Link,XK0 0,SMR,79361.87472
capital,Link,XK0 0,Sabatier,841.98843
capital,Link,XK0 0,battery charger,4246.38325
capital,Link,XK0 0,biogas to gas,5591.43844
capital,Link,XK0 0,biomass to liquid,34294850.19284
capital,Link,XK0 0,biomass-to-methanol,2764.21021
capital,Link,XK0 0,electricity distribution grid,51578564.60543
capital,Link,XK0 0,gas DRI,2111.21966
capital,Link,XK0 0,heat100-200 industry electric boiler steam,389.1108
capital,Link,XK0 0,heat100-200 industry gas,117828.4359
capital,Link,XK0 0,heat100-200 industry industrial heat pump high temperature,2265908.72463
capital,Link,XK0 0,heat100-200 industry solid biomass,30757.47614
capital,Link,XK0 0,heat200-500 industry gas,14696.84197
capital,Link,XK0 0,heat200-500 industry hydrogen,139.61528
capital,Link,XK0 0,heat200-500 industry solid biomass,221196.05583
capital,Link,XK0 0,heat<100 industry electric boiler steam,394.049
capital,Link,XK0 0,heat<100 industry gas,124028.97912
capital,Link,XK0 0,heat<100 industry industrial heat pump medium temperature,19023.63708
capital,Link,XK0 0,heat<100 industry solid biomass,1973506.12057
capital,Link,XK0 0,heat>500 industry gas,23609.47264
capital,Link,XK0 0,heat>500 industry hydrogen,155.38927
capital,Link,XK0 0,home battery charger,17666.77647
capital,Link,XK0 0,methanolisation,30418.84898
capital,Link,XK0 0,rural air heat pump,6368.80291
capital,Link,XK0 0,rural biomass boiler,6628.75171
capital,Link,XK0 0,rural gas boiler,4906.39981
capital,Link,XK0 0,rural ground heat pump,4856925.35234
capital,Link,XK0 0,rural resistive heater,2656.06805
capital,Link,XK0 0,urban central air heat pump,3177.34332
capital,Link,XK0 0,urban central gas CHP,1800.90758
capital,Link,XK0 0,urban central gas boiler,1243.62546
capital,Link,XK0 0,urban central resistive heater,52668.13039
capital,Link,XK0 0,urban central solid biomass CHP,988542.88149
capital,Link,XK0 0,urban central solid biomass CHP CC,45734.00313
capital,Link,XK0 0,urban decentral air heat pump,10751.90206
capital,Link,XK0 0,urban decentral biomass boiler,82821.49479
capital,Link,XK0 0,urban decentral gas boiler,2822739.84035
capital,Link,XK0 0,urban decentral resistive heater,308091.42358
capital,Link,XK0 0,waste CHP,2009.45436
capital,StorageUnit,AL0 0,Reservoir & Dam,308888750.57444
capital,StorageUnit,AT0 0,Pumped Hydro Storage,968906199.16096
capital,StorageUnit,AT0 0,Reservoir & Dam,795309515.52648
capital,StorageUnit,BA0 0,Pumped Hydro Storage,80387443.22041
capital,StorageUnit,BA0 0,Reservoir & Dam,324016205.79865
capital,StorageUnit,BE0 0,Pumped Hydro Storage,238969944.84614
capital,StorageUnit,BE0 0,Reservoir & Dam,2326790.57208
capital,StorageUnit,BG0 0,Pumped Hydro Storage,157851706.68736
capital,StorageUnit,BG0 0,Reservoir & Dam,351720641.91216
capital,StorageUnit,CH0 0,Pumped Hydro Storage,933142921.86461
capital,StorageUnit,CH0 0,Reservoir & Dam,1910456916.79149
capital,StorageUnit,CZ0 0,Pumped Hydro Storage,214672758.22305
capital,StorageUnit,CZ0 0,Reservoir & Dam,122953307.34807
capital,StorageUnit,DE0 0,Pumped Hydro Storage,58463595.06939
capital,StorageUnit,DE0 1,Pumped Hydro Storage,283200943.09336
capital,StorageUnit,DE0 2,Pumped Hydro Storage,380652813.52212
capital,StorageUnit,DE0 3,Pumped Hydro Storage,107885064.36636
capital,StorageUnit,DE0 4,Pumped Hydro Storage,310204181.4635
capital,StorageUnit,DE0 5,Pumped Hydro Storage,182662194.84493
capital,StorageUnit,ES0 0,Pumped Hydro Storage,1369939056.52681
capital,StorageUnit,ES0 0,Reservoir & Dam,2495507959.01041
capital,StorageUnit,ES6 0,Pumped Hydro Storage,250735743.35386
capital,StorageUnit,ES6 0,Reservoir & Dam,230966826.77735
capital,StorageUnit,FI1 0,Reservoir & Dam,213940218.20706
capital,StorageUnit,FR0 0,Pumped Hydro Storage,147620577.55022
capital,StorageUnit,FR0 1,Pumped Hydro Storage,640779271.834
capital,StorageUnit,FR0 1,Reservoir & Dam,860935785.39339
capital,StorageUnit,FR0 2,Pumped Hydro Storage,168265534.55909
capital,StorageUnit,FR0 2,Reservoir & Dam,655378064.4141
capital,StorageUnit,FR0 4,Reservoir & Dam,25395124.10827
capital,StorageUnit,FR5 0,Reservoir & Dam,24657347.05265
capital,StorageUnit,GB2 0,Reservoir & Dam,14524549.40005
capital,StorageUnit,GB3 0,Pumped Hydro Storage,80387443.22041
capital,StorageUnit,GB3 0,Reservoir & Dam,25943220.31204
capital,StorageUnit,GR0 0,Pumped Hydro Storage,127706415.4797
capital,StorageUnit,GR0 0,Reservoir & Dam,468804952.96269
capital,StorageUnit,HR0 0,Pumped Hydro Storage,44889079.08922
capital,StorageUnit,HR0 0,Reservoir & Dam,265352456.70155
capital,StorageUnit,HU0 0,Reservoir & Dam,5115564.56857
capital,StorageUnit,IE3 0,Pumped Hydro Storage,71617903.96001
capital,StorageUnit,IE3 0,Reservoir & Dam,182698.73459
capital,StorageUnit,IT0 0,Pumped Hydro Storage,437746168.08208
capital,StorageUnit,IT0 0,Reservoir & Dam,133187377.51746
capital,StorageUnit,IT0 1,Pumped Hydro Storage,901782684.07192
capital,StorageUnit,IT0 1,Reservoir & Dam,618946773.05027
capital,StorageUnit,IT4 0,Pumped Hydro Storage,43847696.30204
capital,StorageUnit,IT4 0,Reservoir & Dam,14250501.29816
capital,StorageUnit,LT0 0,Pumped Hydro Storage,164428861.13267
capital,StorageUnit,LU0 0,Pumped Hydro Storage,236412162.56186
capital,StorageUnit,ME0 0,Pumped Hydro Storage,56088511.5197
capital,StorageUnit,ME0 0,Reservoir & Dam,63023938.18354
capital,StorageUnit,MK0 0,Reservoir & Dam,67781230.53358
capital,StorageUnit,NO1 0,Pumped Hydro Storage,42806313.51487
capital,StorageUnit,NO1 0,Reservoir & Dam,5530456951.94381
capital,StorageUnit,PL0 0,Pumped Hydro Storage,465516375.74004
capital,StorageUnit,PL0 0,Reservoir & Dam,24297768.01451
capital,StorageUnit,PT0 0,Pumped Hydro Storage,716727135.80383
capital,StorageUnit,PT0 0,Reservoir & Dam,211820912.88579
capital,StorageUnit,RO0 0,Reservoir & Dam,812998407.00966
capital,StorageUnit,RS0 0,Pumped Hydro Storage,112177023.0394
capital,StorageUnit,RS0 0,Reservoir & Dam,144350270.20102
capital,StorageUnit,SE1 0,Pumped Hydro Storage,16808283.58245
capital,StorageUnit,SE1 0,Reservoir & Dam,1987613629.76376
capital,StorageUnit,SI0 0,Pumped Hydro Storage,32885772.22653
capital,StorageUnit,SI0 0,Reservoir & Dam,105269183.88448
capital,StorageUnit,SK0 0,Pumped Hydro Storage,150273363.17649
capital,StorageUnit,SK0 0,Reservoir & Dam,51594122.64874
capital,StorageUnit,XK0 0,Reservoir & Dam,6394455.71071
capital,Store,AL0 0,Battery Storage,8703.54198
capital,Store,AL0 0,H2 Store,2409.68414
capital,Store,AL0 0,co2 stored,2336.70998
capital,Store,AL0 0,gas,40660.73575
capital,Store,AL0 0,home battery,8519.81026
capital,Store,AT0 0,Battery Storage,4826.11354
capital,Store,AT0 0,H2 Store,2353.60368
capital,Store,AT0 0,co2 stored,2334.80808
capital,Store,AT0 0,gas,1558082949.76568
capital,Store,AT0 0,home battery,2585.75135
capital,Store,BA0 0,Battery Storage,6227.57775
capital,Store,BA0 0,H2 Store,2348.69996
capital,Store,BA0 0,co2 stored,2334.77731
capital,Store,BA0 0,gas,16973.59582
capital,Store,BA0 0,home battery,30105.75113
capital,Store,BE0 0,Battery Storage,3238.97365
capital,Store,BE0 0,H2 Store,2358.08473
capital,Store,BE0 0,co2 stored,2341.35399
capital,Store,BE0 0,gas,9734050.57224
capital,Store,BE0 0,home battery,2584.2831
capital,Store,BG0 0,Battery Storage,8438.20711
capital,Store,BG0 0,H2 Store,2358.46373
capital,Store,BG0 0,co2 sequestered,11005696.94405
capital,Store,BG0 0,co2 stored,2333.65624
capital,Store,BG0 0,gas,101394693.0465
capital,Store,BG0 0,home battery,34332.55909
capital,Store,CH0 0,Battery Storage,4591.40997
capital,Store,CH0 0,H2 Store,2353.8987
capital,Store,CH0 0,co2 stored,2340.77292
capital,Store,CH0 0,gas,63566.00084
capital,Store,CH0 0,home battery,18748.71301
capital,Store,CZ0 0,Battery Storage,4097.22628
capital,Store,CZ0 0,H2 Store,2351.14331
capital,Store,CZ0 0,co2 stored,2334.29156
capital,Store,CZ0 0,gas,655369407.334
capital,Store,CZ0 0,home battery,7778.40532
capital,Store,DE0 0,Battery Storage,3545.30236
capital,Store,DE0 0,H2 Store,2356.55968
capital,Store,DE0 0,co2 sequestered,45014897.10099
capital,Store,DE0 0,co2 stored,2333.62428
capital,Store,DE0 0,gas,1646928155.01743
capital,Store,DE0 0,home battery,2574.56402
capital,Store,DE0 1,Battery Storage,3916.62809
capital,Store,DE0 1,H2 Store,2362.17839
capital,Store,DE0 1,co2 stored,2334.9002
capital,Store,DE0 1,gas,619965093.16889
capital,Store,DE0 1,home battery,2701.94251
capital,Store,DE0 2,Battery Storage,3545.60485
capital,Store,DE0 2,H2 Store,2466.70977
capital,Store,DE0 2,co2 sequestered,2393868.85126
capital,Store,DE0 2,co2 stored,2333.9331
capital,Store,DE0 2,gas,1124461788.80693
capital,Store,DE0 2,home battery,2679.76477
capital,Store,DE0 3,Battery Storage,4437.63506
capital,Store,DE0 3,H2 Store,2350.75414
capital,Store,DE0 3,co2 stored,2334.83433
capital,Store,DE0 3,gas,604672069.27759
capital,Store,DE0 3,home battery,2685.24908
capital,Store,DE0 4,Battery Storage,4005.25916
capital,Store,DE0 4,H2 Store,2349.86972
capital,Store,DE0 4,co2 stored,2338.39037
capital,Store,DE0 4,gas,107937783.67057
capital,Store,DE0 4,home battery,2526.8734
capital,Store,DE0 5,Battery Storage,3919.95979
capital,Store,DE0 5,H2 Store,2382.41721
capital,Store,DE0 5,co2 stored,2339.7631
capital,Store,DE0 5,gas,617599602.31378
capital,Store,DE0 5,home battery,2532.15822
capital,Store,DK0 0,Battery Storage,3797.82118
capital,Store,DK0 0,H2 Store,2725.01848
capital,Store,DK0 0,co2 sequestered,11404.08764
capital,Store,DK0 0,co2 stored,2363.50731
capital,Store,DK0 0,gas,67934505.83407
capital,Store,DK0 0,home battery,4579.4283
capital,Store,DK1 0,Battery Storage,3568.04136
capital,Store,DK1 0,H2 Store,2442.61966
capital,Store,DK1 0,co2 sequestered,8157.89919
capital,Store,DK1 0,co2 stored,2375.24451
capital,Store,DK1 0,gas,121675009.46801
capital,Store,DK1 0,home battery,8146.82255
capital,Store,EE0 0,Battery Storage,2811.20047
capital,Store,EE0 0,H2 Store,2353.31119
capital,Store,EE0 0,co2 sequestered,6953336.81258
capital,Store,EE0 0,co2 stored,2334.22305
capital,Store,EE0 0,gas,432424.08088
capital,Store,EE0 0,home battery,8905.83264
capital,Store,ES0 0,Battery Storage,12787.00604
capital,Store,ES0 0,H2 Store,2509.72316
capital,Store,ES0 0,co2 sequestered,75461.67449
capital,Store,ES0 0,co2 stored,2344.64227
capital,Store,ES0 0,gas,739153724.90084
capital,Store,ES0 0,home battery,7648.93565
capital,Store,ES6 0,Battery Storage,2515.43036
capital,Store,ES6 0,H2 Store,2343.62006
capital,Store,ES6 0,co2 stored,2334.22432
capital,Store,ES6 0,gas,56725.79304
capital,Store,ES6 0,home battery,9099.1461
capital,Store,EU,ammonia store,1205.57042
capital,Store,EU,methanol,0.0
capital,Store,EU,uranium,11813085942.52666
capital,Store,FI1 0,Battery Storage,2468.55574
capital,Store,FI1 0,H2 Store,2343.45985
capital,Store,FI1 0,co2 stored,2733.53794
capital,Store,FI1 0,gas,9841919.23215
capital,Store,FI1 0,home battery,8879.29576
capital,Store,FR0 0,Battery Storage,4165.59155
capital,Store,FR0 0,H2 Store,2359.87015
capital,Store,FR0 0,co2 stored,3239.69301
capital,Store,FR0 0,gas,1806245741.25698
capital,Store,FR0 0,home battery,15373.43466
capital,Store,FR0 1,Battery Storage,4832.31117
capital,Store,FR0 1,H2 Store,2496.68454
capital,Store,FR0 1,co2 stored,3737.7025
capital,Store,FR0 1,gas,146008864.91035
capital,Store,FR0 1,home battery,14875.7187
capital,Store,FR0 2,Battery Storage,4628.47743
capital,Store,FR0 2,H2 Store,2362.89511
capital,Store,FR0 2,co2 stored,3137.12124
capital,Store,FR0 2,gas,588089331.20692
capital,Store,FR0 2,home battery,17790.67636
capital,Store,FR0 3,Battery Storage,4192.07519
capital,Store,FR0 3,H2 Store,2361.94561
capital,Store,FR0 3,co2 stored,2984.13103
capital,Store,FR0 3,gas,2345.80777
capital,Store,FR0 3,home battery,14579.53597
capital,Store,FR0 4,Battery Storage,4453.01814
capital,Store,FR0 4,H2 Store,2388.66281
capital,Store,FR0 4,co2 stored,2346.32334
capital,Store,FR0 4,gas,256201773.28935
capital,Store,FR0 4,home battery,14894.91594
capital,Store,FR5 0,Battery Storage,15596.29394
capital,Store,FR5 0,H2 Store,2353.40473
capital,Store,FR5 0,co2 stored,2334.18387
capital,Store,FR5 0,gas,78377.16992
capital,Store,FR5 0,home battery,1123254.80836
capital,Store,GB2 0,Battery Storage,3078.09847
capital,Store,GB2 0,H2 Store,2515.45469
capital,Store,GB2 0,co2 sequestered,11144.65499
capital,Store,GB2 0,co2 stored,2361.70031
capital,Store,GB2 0,gas,586813018.20072
capital,Store,GB2 0,home battery,5874.81708
capital,Store,GB2 1,Battery Storage,3095.29775
capital,Store,GB2 1,H2 Store,2498.89009
capital,Store,GB2 1,co2 sequestered,16653.1176
capital,Store,GB2 1,co2 stored,2361.51247
capital,Store,GB2 1,gas,1806245964.67459
capital,Store,GB2 1,home battery,5801.1016
capital,Store,GB3 0,Battery Storage,2993.63077
capital,Store,GB3 0,H2 Store,2369.1208
capital,Store,GB3 0,co2 stored,2334.57896
capital,Store,GB3 0,gas,83830588.3636
capital,Store,GB3 0,home battery,4986.42812
capital,Store,GR0 0,Battery Storage,8082.9771
capital,Store,GR0 0,H2 Store,2366.57228
capital,Store,GR0 0,co2 sequestered,18786.12518
capital,Store,GR0 0,co2 stored,2355.63121
capital,Store,GR0 0,gas,83830543.21147
capital,Store,GR0 0,home battery,9062.84567
capital,Store,HR0 0,Battery Storage,5942.56228
capital,Store,HR0 0,H2 Store,2355.48894
capital,Store,HR0 0,co2 stored,2334.49309
capital,Store,HR0 0,gas,179142088.92647
capital,Store,HR0 0,home battery,2728.69321
capital,Store,HU0 0,Battery Storage,5739.7758
capital,Store,HU0 0,H2 Store,2356.45694
capital,Store,HU0 0,co2 stored,2335.18861
capital,Store,HU0 0,gas,1593551682.64331
capital,Store,HU0 0,home battery,2686.83199
capital,Store,IE3 0,Battery Storage,2993.51849
capital,Store,IE3 0,H2 Store,2353.47921
capital,Store,IE3 0,co2 sequestered,7380933.10573
capital,Store,IE3 0,co2 stored,2334.61195
capital,Store,IE3 0,gas,167660889.88803
capital,Store,IE3 0,home battery,2463.45758
capital,Store,IT0 0,Battery Storage,8008.82185
capital,Store,IT0 0,H2 Store,2353.11985
capital,Store,IT0 0,co2 sequestered,5667.99029
capital,Store,IT0 0,co2 stored,2367.21113
capital,Store,IT0 0,gas,862076156.30244
capital,Store,IT0 0,home battery,10993.66849
capital,Store,IT0 1,Battery Storage,5867.14739
capital,Store,IT0 1,H2 Store,2351.3862
capital,Store,IT0 1,co2 sequestered,38724657.8941
capital,Store,IT0 1,co2 stored,2336.32604
capital,Store,IT0 1,gas,1806245786.39389
capital,Store,IT0 1,home battery,8441.60885
capital,Store,IT4 0,Battery Storage,17693.55515
capital,Store,IT4 0,H2 Store,2357.57762
capital,Store,IT4 0,co2 stored,2335.15028
capital,Store,IT4 0,gas,1191150.58711
capital,Store,IT4 0,home battery,3761.09526
capital,Store,LT0 0,Battery Storage,2863.90048
capital,Store,LT0 0,H2 Store,2350.2605
capital,Store,LT0 0,co2 sequestered,8624645.00492
capital,Store,LT0 0,co2 stored,2333.3412
capital,Store,LT0 0,gas,2365.95467
capital,Store,LT0 0,home battery,2440.15411
capital,Store,LU0 0,Battery Storage,5196.13205
capital,Store,LU0 0,H2 Store,2385.46068
capital,Store,LU0 0,co2 stored,2369.78141
capital,Store,LU0 0,gas,65880.93942
capital,Store,LU0 0,home battery,2928.4543
capital,Store,LV0 0,Battery Storage,2836.46653
capital,Store,LV0 0,H2 Store,2350.06013
capital,Store,LV0 0,co2 sequestered,11824255.15709
capital,Store,LV0 0,co2 stored,2333.41136
capital,Store,LV0 0,gas,435998334.50407
capital,Store,LV0 0,home battery,3151.33781
capital,Store,ME0 0,Battery Storage,7633.1187
capital,Store,ME0 0,H2 Store,2360.07118
capital,Store,ME0 0,co2 stored,2335.69331
capital,Store,ME0 0,gas,23842.35724
capital,Store,ME0 0,home battery,9142.67354
capital,Store,MK0 0,Battery Storage,8198.88261
capital,Store,MK0 0,H2 Store,2358.94158
capital,Store,MK0 0,co2 stored,2335.51059
capital,Store,MK0 0,gas,32718.53343
capital,Store,MK0 0,home battery,29905.28223
capital,Store,NL0 0,Battery Storage,3536.9119
capital,Store,NL0 0,H2 Store,2550.70121
capital,Store,NL0 0,co2 sequestered,49198256.25202
capital,Store,NL0 0,co2 stored,2337.02045
capital,Store,NL0 0,gas,1806245640.12538
capital,Store,NL0 0,home battery,2811.79033
capital,Store,NO1 0,Battery Storage,2367.42869
capital,Store,NO1 0,H2 Store,2340.68444
capital,Store,NO1 0,co2 sequestered,6613.56074
capital,Store,NO1 0,co2 stored,2361.69827
capital,Store,NO1 0,gas,2345.37961
capital,Store,NO1 0,home battery,8756.83004
capital,Store,PL0 0,Battery Storage,4470.68397
capital,Store,PL0 0,H2 Store,2362.83222
capital,Store,PL0 0,co2 sequestered,45365435.92944
capital,Store,PL0 0,co2 stored,2333.60706
capital,Store,PL0 0,gas,1806245880.69832
capital,Store,PL0 0,home battery,4951.05533
capital,Store,PT0 0,Battery Storage,10047.01156
capital,Store,PT0 0,H2 Store,2555.43511
capital,Store,PT0 0,co2 sequestered,67566.67491
capital,Store,PT0 0,co2 stored,2343.11819
capital,Store,PT0 0,gas,83830544.18861
capital,Store,PT0 0,home battery,45971.9477
capital,Store,RO0 0,Battery Storage,7314.99782
capital,Store,RO0 0,H2 Store,2372.24343
capital,Store,RO0 0,co2 stored,2335.7269
capital,Store,RO0 0,gas,925471212.39769
capital,Store,RO0 0,home battery,2831.03768
capital,Store,RS0 0,Battery Storage,6909.38534
capital,Store,RS0 0,H2 Store,2357.20524
capital,Store,RS0 0,co2 stored,2334.58506
capital,Store,RS0 0,gas,83830559.17957
capital,Store,RS0 0,home battery,35491.32323
capital,Store,SE1 0,Battery Storage,2438.37156
capital,Store,SE1 0,H2 Store,2338.45413
capital,Store,SE1 0,co2 sequestered,38053204.98031
capital,Store,SE1 0,co2 stored,2333.8034
capital,Store,SE1 0,gas,63878814.00504
capital,Store,SE1 0,home battery,8716.1942
capital,Store,SI0 0,Battery Storage,5611.59681
capital,Store,SI0 0,H2 Store,2353.92707
capital,Store,SI0 0,co2 stored,2334.82592
capital,Store,SI0 0,gas,157255.9228
capital,Store,SI0 0,home battery,2705.4162
capital,Store,SK0 0,Battery Storage,5342.2699
capital,Store,SK0 0,H2 Store,2357.52038
capital,Store,SK0 0,co2 stored,2334.31378
capital,Store,SK0 0,gas,608400650.31502
capital,Store,SK0 0,home battery,2624.79372
capital,Store,XK0 0,Battery Storage,7941.0048
capital,Store,XK0 0,H2 Store,2356.08662
capital,Store,XK0 0,co2 stored,2335.53608
capital,Store,XK0 0,gas,3007.66082
capital,Store,XK0 0,home battery,28424.96567
marginal,Generator,,co2-ets,21948024133.12174
marginal,Generator,AL0 0,Offshore Wind (AC),0.26626
marginal,Generator,AL0 0,Offshore Wind (Floating),0.25035
marginal,Generator,AL0 0,Onshore Wind,2188.63493
marginal,Generator,AL0 0,Run of River,2311.63874
marginal,Generator,AL0 0,Solar,7859.01664
marginal,Generator,AL0 0,forest residues,6443164.93008
marginal,Generator,AL0 0,industry wood,3919256.95282
marginal,Generator,AL0 0,landscape care,711.16442
marginal,Generator,AL0 0,manure and slurry,791.37588
marginal,Generator,AL0 0,municipal solid waste,1931.60169
marginal,Generator,AL0 0,rural heat vent,3.99791
marginal,Generator,AL0 0,rural solar thermal,0.12038
marginal,Generator,AL0 0,sewage sludge,1021.58531
marginal,Generator,AL0 0,solar-hsat,146090.38712
marginal,Generator,AL0 0,solid biomass,2309.92883
marginal,Generator,AL0 0,straw,1248.43842
marginal,Generator,AL0 0,unsustainable solid biomass,17849883.77555
marginal,Generator,AL0 0,urban central heat vent,0.99851
marginal,Generator,AL0 0,urban central solar thermal,1.96331
marginal,Generator,AL0 0,urban decentral heat vent,4.09037
marginal,Generator,AL0 0,urban decentral solar thermal,0.12192
marginal,Generator,AT0 0,Onshore Wind,98895.00873
marginal,Generator,AT0 0,Run of River,184529.46488
marginal,Generator,AT0 0,Solar,8827.0246
marginal,Generator,AT0 0,forest residues,138811594.00002
marginal,Generator,AT0 0,gas,384516528.09888
marginal,Generator,AT0 0,industry wood,78656083.15667
marginal,Generator,AT0 0,landscape care,4082196.61355
marginal,Generator,AT0 0,manure and slurry,787.43317
marginal,Generator,AT0 0,municipal solid waste,7861.78327
marginal,Generator,AT0 0,rural solar thermal,0.10603
marginal,Generator,AT0 0,sewage sludge,792.12049
marginal,Generator,AT0 0,solar-hsat,982504.94394
marginal,Generator,AT0 0,solid biomass,1850.48621
marginal,Generator,AT0 0,straw,1340.69193
marginal,Generator,AT0 0,unsustainable biogas,102843809.09034
marginal,Generator,AT0 0,unsustainable bioliquids,420171035.34045
marginal,Generator,AT0 0,unsustainable solid biomass,520587216.06526
marginal,Generator,AT0 0,urban central heat vent,1.27874
marginal,Generator,AT0 0,urban central solar thermal,0.26643
marginal,Generator,AT0 0,urban decentral heat vent,0.97906
marginal,Generator,AT0 0,urban decentral solar thermal,0.09101
marginal,Generator,BA0 0,Offshore Wind (AC),0.09567
marginal,Generator,BA0 0,Offshore Wind (Floating),0.03594
marginal,Generator,BA0 0,Onshore Wind,4317.83176
marginal,Generator,BA0 0,Solar,7003.06774
marginal,Generator,BA0 0,forest residues,8075860.12875
marginal,Generator,BA0 0,industry wood,13287886.80177
marginal,Generator,BA0 0,landscape care,1549.92112
marginal,Generator,BA0 0,manure and slurry,713.01745
marginal,Generator,BA0 0,municipal solid waste,621.01443
marginal,Generator,BA0 0,rural heat vent,6.40546
marginal,Generator,BA0 0,rural solar thermal,0.06721
marginal,Generator,BA0 0,sewage sludge,869.66317
marginal,Generator,BA0 0,solar-hsat,177161.1362
marginal,Generator,BA0 0,solid biomass,2422.34638
marginal,Generator,BA0 0,straw,970.5083
marginal,Generator,BA0 0,unsustainable biogas,766913.39486
marginal,Generator,BA0 0,unsustainable solid biomass,161932753.40652
marginal,Generator,BA0 0,urban central heat vent,1.68066
marginal,Generator,BA0 0,urban central solar thermal,0.46431
marginal,Generator,BA0 0,urban decentral heat vent,6.03354
marginal,Generator,BA0 0,urban decentral solar thermal,0.05911
marginal,Generator,BE0 0,Offshore Wind (AC),244064.7655
marginal,Generator,BE0 0,Offshore Wind (DC),103847.66047
marginal,Generator,BE0 0,Offshore Wind (Floating),0.36661
marginal,Generator,BE0 0,Onshore Wind,574658.4967
marginal,Generator,BE0 0,Run of River,2970.79124
marginal,Generator,BE0 0,Solar,9510.54523
marginal,Generator,BE0 0,forest residues,41724555.97715
marginal,Generator,BE0 0,gas,3009811737.21339
marginal,Generator,BE0 0,industry wood,11815463.85797
marginal,Generator,BE0 0,landscape care,5045662.0416
marginal,Generator,BE0 0,manure and slurry,1055.53371
marginal,Generator,BE0 0,municipal solid waste,29763.20379
marginal,Generator,BE0 0,rural solar thermal,0.00919
marginal,Generator,BE0 0,sewage sludge,873.20244
marginal,Generator,BE0 0,solar-hsat,201743.7656
marginal,Generator,BE0 0,solid biomass,35790772.81938
marginal,Generator,BE0 0,straw,1100.42411
marginal,Generator,BE0 0,unsustainable biogas,111024290.06982
marginal,Generator,BE0 0,unsustainable bioliquids,481336483.27291
marginal,Generator,BE0 0,unsustainable solid biomass,133301688.69367
marginal,Generator,BE0 0,urban central heat vent,1.79526
marginal,Generator,BE0 0,urban central solar thermal,0.12249
marginal,Generator,BE0 0,urban decentral heat vent,1.06768
marginal,Generator,BE0 0,urban decentral solar thermal,0.02771
marginal,Generator,BG0 0,Offshore Wind (AC),0.95118
marginal,Generator,BG0 0,Offshore Wind (DC),1.55751
marginal,Generator,BG0 0,Offshore Wind (Floating),0.51137
marginal,Generator,BG0 0,Onshore Wind,16177.76875
marginal,Generator,BG0 0,Run of River,1811.18779
marginal,Generator,BG0 0,Solar,65323.50678
marginal,Generator,BG0 0,forest residues,65874270.14002
marginal,Generator,BG0 0,gas,1326340033.80279
marginal,Generator,BG0 0,industry wood,19929605.98343
marginal,Generator,BG0 0,landscape care,4458354.50005
marginal,Generator,BG0 0,manure and slurry,789.04975
marginal,Generator,BG0 0,municipal solid waste,3083.4817
marginal,Generator,BG0 0,rural solar thermal,0.12046
marginal,Generator,BG0 0,sewage sludge,141.2322
marginal,Generator,BG0 0,solar-hsat,317475.68191
marginal,Generator,BG0 0,solid biomass,2300.10678
marginal,Generator,BG0 0,straw,1216.3439
marginal,Generator,BG0 0,unsustainable biogas,24422700.9832
marginal,Generator,BG0 0,unsustainable bioliquids,174228975.94659
marginal,Generator,BG0 0,unsustainable solid biomass,180762909.5451
marginal,Generator,BG0 0,urban central heat vent,9.13136
marginal,Generator,BG0 0,urban central solar thermal,0.37472
marginal,Generator,BG0 0,urban decentral heat vent,7.29972
marginal,Generator,BG0 0,urban decentral solar thermal,0.09944
marginal,Generator,CH0 0,Onshore Wind,563.43261
marginal,Generator,CH0 0,Run of River,100034.1727
marginal,Generator,CH0 0,Solar,2316.13931
marginal,Generator,CH0 0,forest residues,173382238.79746
marginal,Generator,CH0 0,industry wood,76666333.90874
marginal,Generator,CH0 0,landscape care,16176.33293
marginal,Generator,CH0 0,manure and slurry,959.61893
marginal,Generator,CH0 0,municipal solid waste,72550.18838
marginal,Generator,CH0 0,rural solar thermal,0.03577
marginal,Generator,CH0 0,sewage sludge,1587.53155
marginal,Generator,CH0 0,solar-hsat,1132613.90316
marginal,Generator,CH0 0,solid biomass,1687.25767
marginal,Generator,CH0 0,straw,1642.78262
marginal,Generator,CH0 0,unsustainable solid biomass,1637.21751
marginal,Generator,CH0 0,urban central heat vent,3.21298
marginal,Generator,CH0 0,urban central solar thermal,0.24936
marginal,Generator,CH0 0,urban decentral heat vent,4.42553
marginal,Generator,CH0 0,urban decentral solar thermal,0.03931
marginal,Generator,CZ0 0,Onshore Wind,5937.29764
marginal,Generator,CZ0 0,Run of River,1209.2605
marginal,Generator,CZ0 0,Solar,28151.78533
marginal,Generator,CZ0 0,forest residues,105292308.18247
marginal,Generator,CZ0 0,industry wood,51904352.90245
marginal,Generator,CZ0 0,landscape care,9266017.89719
marginal,Generator,CZ0 0,manure and slurry,1193.02186
marginal,Generator,CZ0 0,municipal solid waste,3426.68296
marginal,Generator,CZ0 0,rural solar thermal,0.04154
marginal,Generator,CZ0 0,sewage sludge,685.2769
marginal,Generator,CZ0 0,solar-hsat,104962.96527
marginal,Generator,CZ0 0,solid biomass,2445.62592
marginal,Generator,CZ0 0,straw,1319.91492
marginal,Generator,CZ0 0,unsustainable biogas,278555056.92803
marginal,Generator,CZ0 0,unsustainable bioliquids,295373372.13373
marginal,Generator,CZ0 0,unsustainable solid biomass,375923793.61278
marginal,Generator,CZ0 0,urban central heat vent,0.66723
marginal,Generator,CZ0 0,urban central solar thermal,0.24288
marginal,Generator,CZ0 0,urban decentral heat vent,2.0449
marginal,Generator,CZ0 0,urban decentral solar thermal,0.03727
marginal,Generator,DE0 0,Offshore Wind (AC),242005.24757
marginal,Generator,DE0 0,Offshore Wind (DC),201592.64452
marginal,Generator,DE0 0,Offshore Wind (Floating),0.28386
marginal,Generator,DE0 0,Onshore Wind,794827.20795
marginal,Generator,DE0 0,Run of River,3326.2013
marginal,Generator,DE0 0,Solar,55627.23583
marginal,Generator,DE0 0,forest residues,86032743.61841
marginal,Generator,DE0 0,gas,1996890324.66893
marginal,Generator,DE0 0,industry wood,37419799.57957
marginal,Generator,DE0 0,landscape care,3005202.12811
marginal,Generator,DE0 0,manure and slurry,1493.65826
marginal,Generator,DE0 0,municipal solid waste,19774.77571
marginal,Generator,DE0 0,rural solar thermal,0.03607
marginal,Generator,DE0 0,sewage sludge,715.69726
marginal,Generator,DE0 0,solar-hsat,34.51658
marginal,Generator,DE0 0,solid biomass,1821.23343
marginal,Generator,DE0 0,straw,1307.56104
marginal,Generator,DE0 0,unsustainable biogas,775567967.50781
marginal,Generator,DE0 0,unsustainable bioliquids,805904378.45937
marginal,Generator,DE0 0,unsustainable solid biomass,303402912.42214
marginal,Generator,DE0 0,urban central heat vent,9.77906
marginal,Generator,DE0 0,urban central solar thermal,0.1003
marginal,Generator,DE0 0,urban decentral heat vent,0.19707
marginal,Generator,DE0 0,urban decentral solar thermal,0.02896
marginal,Generator,DE0 1,Onshore Wind,137603.30483
marginal,Generator,DE0 1,Run of River,10416.25021
marginal,Generator,DE0 1,Solar,80885.50434
marginal,Generator,DE0 1,forest residues,69554864.54217
marginal,Generator,DE0 1,industry wood,29254584.43801
marginal,Generator,DE0 1,landscape care,2349165.02019
marginal,Generator,DE0 1,manure and slurry,934.81234
marginal,Generator,DE0 1,municipal solid waste,10015.33977
marginal,Generator,DE0 1,rural solar thermal,0.04037
marginal,Generator,DE0 1,sewage sludge,723.09746
marginal,Generator,DE0 1,solar-hsat,137474.15198
marginal,Generator,DE0 1,solid biomass,1840.61193
marginal,Generator,DE0 1,straw,1393.9463
marginal,Generator,DE0 1,unsustainable biogas,469214012.32725
marginal,Generator,DE0 1,unsustainable bioliquids,487565802.68224
marginal,Generator,DE0 1,unsustainable solid biomass,183551690.00182
marginal,Generator,DE0 1,urban central heat vent,1.28296
marginal,Generator,DE0 1,urban central solar thermal,0.16804
marginal,Generator,DE0 1,urban decentral heat vent,0.16947
marginal,Generator,DE0 1,urban decentral solar thermal,0.03829
marginal,Generator,DE0 2,Offshore Wind (AC),658806.34142
marginal,Generator,DE0 2,Offshore Wind (DC),2611330.61638
marginal,Generator,DE0 2,Offshore Wind (Floating),0.43666
marginal,Generator,DE0 2,Onshore Wind,394562.31281
marginal,Generator,DE0 2,Run of River,17342.46656
marginal,Generator,DE0 2,Solar,33549.72228
marginal,Generator,DE0 2,forest residues,60826366.25128
marginal,Generator,DE0 2,gas,5147390010.804
marginal,Generator,DE0 2,industry wood,29224638.66971
marginal,Generator,DE0 2,landscape care,2349089.82201
marginal,Generator,DE0 2,manure and slurry,1114.25859
marginal,Generator,DE0 2,municipal solid waste,25420.84686
marginal,Generator,DE0 2,rural solar thermal,0.0353
marginal,Generator,DE0 2,sewage sludge,723.55061
marginal,Generator,DE0 2,solar-hsat,17.11104
marginal,Generator,DE0 2,solid biomass,242046273.56388
marginal,Generator,DE0 2,straw,1093.83573
marginal,Generator,DE0 2,unsustainable biogas,546542537.94646
marginal,Generator,DE0 2,unsustainable bioliquids,567913557.00592
marginal,Generator,DE0 2,unsustainable solid biomass,213797755.06279
marginal,Generator,DE0 2,urban central heat vent,2.99033
marginal,Generator,DE0 2,urban central solar thermal,0.15521
marginal,Generator,DE0 2,urban decentral heat vent,0.20084
marginal,Generator,DE0 2,urban decentral solar thermal,0.02715
marginal,Generator,DE0 3,Onshore Wind,13570.64959
marginal,Generator,DE0 3,Run of River,121488.44495
marginal,Generator,DE0 3,Solar,102334.83723
marginal,Generator,DE0 3,forest residues,102404051.18022
marginal,Generator,DE0 3,industry wood,41043456.04576
marginal,Generator,DE0 3,landscape care,3291543.08276
marginal,Generator,DE0 3,manure and slurry,939.35679
marginal,Generator,DE0 3,municipal solid waste,12524.14763
marginal,Generator,DE0 3,rural solar thermal,0.05615
marginal,Generator,DE0 3,sewage sludge,673.52574
marginal,Generator,DE0 3,solar-hsat,501883.91752
marginal,Generator,DE0 3,solid biomass,1895.4873
marginal,Generator,DE0 3,straw,1523.53772
marginal,Generator,DE0 3,unsustainable biogas,589823330.63537
marginal,Generator,DE0 3,unsustainable bioliquids,612886940.2872
marginal,Generator,DE0 3,unsustainable solid biomass,230711847.38955
marginal,Generator,DE0 3,urban central heat vent,0.66904
marginal,Generator,DE0 3,urban central solar thermal,0.25257
marginal,Generator,DE0 3,urban decentral heat vent,0.15026
marginal,Generator,DE0 3,urban decentral solar thermal,0.05356
marginal,Generator,DE0 4,Onshore Wind,98695.17628
marginal,Generator,DE0 4,Run of River,33819.15375
marginal,Generator,DE0 4,Solar,49770.2686
marginal,Generator,DE0 4,forest residues,86918259.2708
marginal,Generator,DE0 4,industry wood,40432725.01548
marginal,Generator,DE0 4,landscape care,3244461.35984
marginal,Generator,DE0 4,manure and slurry,864.45276
marginal,Generator,DE0 4,municipal solid waste,22895.78251
marginal,Generator,DE0 4,rural solar thermal,0.04327
marginal,Generator,DE0 4,sewage sludge,806.79657
marginal,Generator,DE0 4,solar-hsat,349641.08458
marginal,Generator,DE0 4,solid biomass,2435.2112
marginal,Generator,DE0 4,straw,1437.80321
marginal,Generator,DE0 4,unsustainable biogas,577206874.60179
marginal,Generator,DE0 4,unsustainable bioliquids,599784669.55623
marginal,Generator,DE0 4,unsustainable solid biomass,225782501.26485
marginal,Generator,DE0 4,urban central heat vent,1.34045
marginal,Generator,DE0 4,urban central solar thermal,0.28915
marginal,Generator,DE0 4,urban decentral heat vent,0.16888
marginal,Generator,DE0 4,urban decentral solar thermal,0.04577
marginal,Generator,DE0 5,Offshore Wind (AC),229897.81049
marginal,Generator,DE0 5,Offshore Wind (DC),31734.07981
marginal,Generator,DE0 5,Offshore Wind (Floating),0.35697
marginal,Generator,DE0 5,Onshore Wind,715020.91701
marginal,Generator,DE0 5,Run of River,4323.35057
marginal,Generator,DE0 5,Solar,237231.94145
marginal,Generator,DE0 5,forest residues,97048441.91511
marginal,Generator,DE0 5,gas,2023790686.57788
marginal,Generator,DE0 5,industry wood,40170787.06671
marginal,Generator,DE0 5,landscape care,3229479.23915
marginal,Generator,DE0 5,manure and slurry,908.56989
marginal,Generator,DE0 5,municipal solid waste,17401.20576
marginal,Generator,DE0 5,rural solar thermal,0.03985
marginal,Generator,DE0 5,sewage sludge,728.0747
marginal,Generator,DE0 5,solar-hsat,329777.71247
marginal,Generator,DE0 5,solid biomass,1876.84138
marginal,Generator,DE0 5,straw,1110.81828
marginal,Generator,DE0 5,unsustainable biogas,681457813.25034
marginal,Generator,DE0 5,unsustainable bioliquids,708112960.66301
marginal,Generator,DE0 5,unsustainable solid biomass,266557495.29624
marginal,Generator,DE0 5,urban central heat vent,1.01181
marginal,Generator,DE0 5,urban central solar thermal,0.14425
marginal,Generator,DE0 5,urban decentral heat vent,0.16097
marginal,Generator,DE0 5,urban decentral solar thermal,0.04165
marginal,Generator,DK0 0,Offshore Wind (AC),181171.87178
marginal,Generator,DK0 0,Offshore Wind (DC),5.99054
marginal,Generator,DK0 0,Offshore Wind (Floating),0.8952
marginal,Generator,DK0 0,Onshore Wind,1571873.17932
marginal,Generator,DK0 0,Solar,33814.02552
marginal,Generator,DK0 0,forest residues,17049671.88774
marginal,Generator,DK0 0,gas,1532833247.26048
marginal,Generator,DK0 0,industry wood,6143825.21731
marginal,Generator,DK0 0,landscape care,1932727.38596
marginal,Generator,DK0 0,manure and slurry,1039.67546
marginal,Generator,DK0 0,municipal solid waste,10613.0831
marginal,Generator,DK0 0,rural solar thermal,0.01627
marginal,Generator,DK0 0,sewage sludge,746.72448
marginal,Generator,DK0 0,solar-hsat,3.51706
marginal,Generator,DK0 0,solid biomass,1703.62864
marginal,Generator,DK0 0,straw,1085.64448
marginal,Generator,DK0 0,unsustainable biogas,138221934.96188
marginal,Generator,DK0 0,unsustainable bioliquids,2641907.99279
marginal,Generator,DK0 0,unsustainable solid biomass,121955676.90822
marginal,Generator,DK0 0,urban central heat vent,19.33129
marginal,Generator,DK0 0,urban central solar thermal,0.09515
marginal,Generator,DK0 0,urban decentral heat vent,8.67966
marginal,Generator,DK0 0,urban decentral solar thermal,0.02462
marginal,Generator,DK1 0,Offshore Wind (AC),102936.49846
marginal,Generator,DK1 0,Offshore Wind (DC),1.041
marginal,Generator,DK1 0,Offshore Wind (Floating),0.56728
marginal,Generator,DK1 0,Onshore Wind,630392.42744
marginal,Generator,DK1 0,Solar,11556.77117
marginal,Generator,DK1 0,forest residues,4453412.33242
marginal,Generator,DK1 0,industry wood,1980379.66083
marginal,Generator,DK1 0,landscape care,634543.08349
marginal,Generator,DK1 0,manure and slurry,865.13747
marginal,Generator,DK1 0,municipal solid waste,10313.85723
marginal,Generator,DK1 0,rural solar thermal,0.01521
marginal,Generator,DK1 0,sewage sludge,739.6491
marginal,Generator,DK1 0,solar-hsat,5.72223
marginal,Generator,DK1 0,solid biomass,10638.79808
marginal,Generator,DK1 0,straw,1069.38146
marginal,Generator,DK1 0,unsustainable biogas,50461102.78687
marginal,Generator,DK1 0,unsustainable bioliquids,964471.61592
marginal,Generator,DK1 0,unsustainable solid biomass,44534251.99168
marginal,Generator,DK1 0,urban central heat vent,37.82203
marginal,Generator,DK1 0,urban central solar thermal,0.11203
marginal,Generator,DK1 0,urban decentral heat vent,15.26229
marginal,Generator,DK1 0,urban decentral solar thermal,0.03321
marginal,Generator,EE0 0,Offshore Wind (AC),7.25704
marginal,Generator,EE0 0,Offshore Wind (DC),5.04228
marginal,Generator,EE0 0,Offshore Wind (Floating),0.84434
marginal,Generator,EE0 0,Onshore Wind,304034.91786
marginal,Generator,EE0 0,Solar,8754.70466
marginal,Generator,EE0 0,forest residues,46331844.52535
marginal,Generator,EE0 0,industry wood,28509068.36168
marginal,Generator,EE0 0,landscape care,1909724.21784
marginal,Generator,EE0 0,manure and slurry,796.37278
marginal,Generator,EE0 0,municipal solid waste,3017.90592
marginal,Generator,EE0 0,rural solar thermal,0.02723
marginal,Generator,EE0 0,sewage sludge,1.05251
marginal,Generator,EE0 0,solar-hsat,16480.96856
marginal,Generator,EE0 0,solid biomass,1936.39145
marginal,Generator,EE0 0,straw,1001.93132
marginal,Generator,EE0 0,unsustainable biogas,6651420.5313
marginal,Generator,EE0 0,unsustainable solid biomass,196683958.80076
marginal,Generator,EE0 0,urban central heat vent,16.52637
marginal,Generator,EE0 0,urban central solar thermal,0.08299
marginal,Generator,EE0 0,urban decentral heat vent,3.5875
marginal,Generator,EE0 0,urban decentral solar thermal,0.02172
marginal,Generator,ES0 0,Offshore Wind (AC),1258.76257
marginal,Generator,ES0 0,Offshore Wind (Floating),0.5301
marginal,Generator,ES0 0,Onshore Wind,1000930.66933
marginal,Generator,ES0 0,Run of River,2206.15351
marginal,Generator,ES0 0,Solar,1139275.64833
marginal,Generator,ES0 0,forest residues,155896865.47194
marginal,Generator,ES0 0,gas,6512250126.96002
marginal,Generator,ES0 0,industry wood,56083606.02279
marginal,Generator,ES0 0,landscape care,22169832.0618
marginal,Generator,ES0 0,manure and slurry,1459.66391
marginal,Generator,ES0 0,municipal solid waste,25357.98147
marginal,Generator,ES0 0,rural solar thermal,0.15125
marginal,Generator,ES0 0,sewage sludge,719.50553
marginal,Generator,ES0 0,solar-hsat,2462860.72315
marginal,Generator,ES0 0,solid biomass,1888.09337
marginal,Generator,ES0 0,straw,1486.45065
marginal,Generator,ES0 0,unsustainable biogas,138401809.38027
marginal,Generator,ES0 0,unsustainable bioliquids,2181178937.43362
marginal,Generator,ES0 0,unsustainable solid biomass,557018626.23567
marginal,Generator,ES0 0,urban central heat vent,55.82613
marginal,Generator,ES0 0,urban central solar thermal,0.70331
marginal,Generator,ES0 0,urban decentral heat vent,9.69647
marginal,Generator,ES0 0,urban decentral solar thermal,0.22275
marginal,Generator,ES6 0,Offshore Wind (AC),0.28131
marginal,Generator,ES6 0,Offshore Wind (Floating),0.25774
marginal,Generator,ES6 0,Onshore Wind,0.9529
marginal,Generator,ES6 0,Run of River,2561.11334
marginal,Generator,ES6 0,Solar,8874.85999
marginal,Generator,ES6 0,forest residues,1175740.79188
marginal,Generator,ES6 0,industry wood,491729.68808
marginal,Generator,ES6 0,landscape care,174265.23431
marginal,Generator,ES6 0,manure and slurry,721.10285
marginal,Generator,ES6 0,municipal solid waste,1307.91013
marginal,Generator,ES6 0,rural solar thermal,0.28947
marginal,Generator,ES6 0,sewage sludge,940.53329
marginal,Generator,ES6 0,solar-hsat,48403.02478
marginal,Generator,ES6 0,solid biomass,11177.91627
marginal,Generator,ES6 0,straw,815.26201
marginal,Generator,ES6 0,unsustainable biogas,1083312.59997
marginal,Generator,ES6 0,unsustainable bioliquids,17072412.24674
marginal,Generator,ES6 0,unsustainable solid biomass,4367180.10846
marginal,Generator,ES6 0,urban central heat vent,397.18882
marginal,Generator,ES6 0,urban central solar thermal,0.37435
marginal,Generator,ES6 0,urban decentral heat vent,0.33485
marginal,Generator,ES6 0,urban decentral solar thermal,0.08529
marginal,Generator,EU,co2-ets,181440650321.98233
marginal,Generator,EU,coal,2886769940.98038
marginal,Generator,EU,lignite,271764.53006
marginal,Generator,EU,oil primary,277352262844.0672
marginal,Generator,EU,uranium,6574408235.70906
marginal,Generator,FI1 0,Offshore Wind (AC),18.9438
marginal,Generator,FI1 0,Offshore Wind (DC),193311.42659
marginal,Generator,FI1 0,Offshore Wind (Floating),1.05513
marginal,Generator,FI1 0,Onshore Wind,477385.93107
marginal,Generator,FI1 0,Run of River,80837.23699
marginal,Generator,FI1 0,Solar,2939.20393
marginal,Generator,FI1 0,forest residues,233631044.92271
marginal,Generator,FI1 0,gas,1223516265.48762
marginal,Generator,FI1 0,industry wood,126184906.42883
marginal,Generator,FI1 0,landscape care,7502434.826
marginal,Generator,FI1 0,manure and slurry,812.59784
marginal,Generator,FI1 0,municipal solid waste,11127.52646
marginal,Generator,FI1 0,rural solar thermal,0.01337
marginal,Generator,FI1 0,sewage sludge,802.34484
marginal,Generator,FI1 0,solar-hsat,51497.71438
marginal,Generator,FI1 0,solid biomass,1814.79193
marginal,Generator,FI1 0,straw,1159.16643
marginal,Generator,FI1 0,unsustainable biogas,89881271.00215
marginal,Generator,FI1 0,unsustainable bioliquids,430653392.35547
marginal,Generator,FI1 0,unsustainable solid biomass,962774753.63736
marginal,Generator,FI1 0,urban central heat vent,183.02855
marginal,Generator,FI1 0,urban central solar thermal,0.06898
marginal,Generator,FI1 0,urban decentral heat vent,1.50078
marginal,Generator,FI1 0,urban decentral solar thermal,0.01502
marginal,Generator,FR0 0,Offshore Wind (AC),99426.74558
marginal,Generator,FR0 0,Offshore Wind (DC),321042.41391
marginal,Generator,FR0 0,Offshore Wind (Floating),0.36777
marginal,Generator,FR0 0,Onshore Wind,673434.54192
marginal,Generator,FR0 0,Solar,32543.02151
marginal,Generator,FR0 0,forest residues,38257311.14683
marginal,Generator,FR0 0,gas,4188723271.79791
marginal,Generator,FR0 0,industry wood,39849663.13553
marginal,Generator,FR0 0,landscape care,7637393.29943
marginal,Generator,FR0 0,manure and slurry,1572.42976
marginal,Generator,FR0 0,municipal solid waste,27349.44669
marginal,Generator,FR0 0,rural solar thermal,0.01756
marginal,Generator,FR0 0,sewage sludge,986.68788
marginal,Generator,FR0 0,solar-hsat,1.68804
marginal,Generator,FR0 0,solid biomass,2024.3926
marginal,Generator,FR0 0,straw,2094.57561
marginal,Generator,FR0 0,unsustainable biogas,157963822.69505
marginal,Generator,FR0 0,unsustainable bioliquids,893883160.51791
marginal,Generator,FR0 0,unsustainable solid biomass,391618662.7752
marginal,Generator,FR0 0,urban central heat vent,4.96048
marginal,Generator,FR0 0,urban central solar thermal,0.15442
marginal,Generator,FR0 0,urban decentral heat vent,5.03203
marginal,Generator,FR0 0,urban decentral solar thermal,0.0288
marginal,Generator,FR0 1,Offshore Wind (AC),8852.40392
marginal,Generator,FR0 1,Offshore Wind (Floating),0.97054
marginal,Generator,FR0 1,Onshore Wind,41116.14628
marginal,Generator,FR0 1,Run of River,137027.46515
marginal,Generator,FR0 1,Solar,78804.07313
marginal,Generator,FR0 1,forest residues,48949894.50509
marginal,Generator,FR0 1,gas,2718738985.34763
marginal,Generator,FR0 1,industry wood,48028397.16483
marginal,Generator,FR0 1,landscape care,9205323.26384
marginal,Generator,FR0 1,manure and slurry,1332.56862
marginal,Generator,FR0 1,municipal solid waste,16240.18503
marginal,Generator,FR0 1,rural solar thermal,0.07851
marginal,Generator,FR0 1,sewage sludge,1457.89207
marginal,Generator,FR0 1,solar-hsat,1179364.20703
marginal,Generator,FR0 1,solid biomass,1939.92956
marginal,Generator,FR0 1,straw,1063.3624
marginal,Generator,FR0 1,unsustainable biogas,53987798.0082
marginal,Generator,FR0 1,unsustainable bioliquids,305511521.94388
marginal,Generator,FR0 1,unsustainable solid biomass,133842364.49875
marginal,Generator,FR0 1,urban central heat vent,6.52308
marginal,Generator,FR0 1,urban central solar thermal,0.58294
marginal,Generator,FR0 1,urban decentral heat vent,4.69865
marginal,Generator,FR0 1,urban decentral solar thermal,0.09669
marginal,Generator,FR0 2,Offshore Wind (AC),1.64538
marginal,Generator,FR0 2,Offshore Wind (DC),1.43725
marginal,Generator,FR0 2,Offshore Wind (Floating),0.53657
marginal,Generator,FR0 2,Onshore Wind,103387.15139
marginal,Generator,FR0 2,Run of River,41033.30491
marginal,Generator,FR0 2,Solar,115800.20216
marginal,Generator,FR0 2,forest residues,94721652.83245
marginal,Generator,FR0 2,industry wood,77527028.73326
marginal,Generator,FR0 2,landscape care,14894784.1898
marginal,Generator,FR0 2,manure and slurry,1315.45032
marginal,Generator,FR0 2,municipal solid waste,11561.93058
marginal,Generator,FR0 2,rural solar thermal,0.07619
marginal,Generator,FR0 2,sewage sludge,1114.28609
marginal,Generator,FR0 2,solar-hsat,119699.30257
marginal,Generator,FR0 2,solid biomass,1730.24198
marginal,Generator,FR0 2,straw,1073.75006
marginal,Generator,FR0 2,unsustainable biogas,93446929.68166
marginal,Generator,FR0 2,unsustainable bioliquids,528801588.49425
marginal,Generator,FR0 2,unsustainable solid biomass,231671285.29467
marginal,Generator,FR0 2,urban central heat vent,3.79465
marginal,Generator,FR0 2,urban central solar thermal,0.33527
marginal,Generator,FR0 2,urban decentral heat vent,4.27373
marginal,Generator,FR0 2,urban decentral solar thermal,0.0606
marginal,Generator,FR0 3,Offshore Wind (AC),141667.00138
marginal,Generator,FR0 3,Offshore Wind (DC),264253.95896
marginal,Generator,FR0 3,Offshore Wind (Floating),1.00523
marginal,Generator,FR0 3,Onshore Wind,200948.1416
marginal,Generator,FR0 3,Solar,19472.84488
marginal,Generator,FR0 3,forest residues,20662426.52157
marginal,Generator,FR0 3,gas,908886689.89313
marginal,Generator,FR0 3,industry wood,19975912.6806
marginal,Generator,FR0 3,landscape care,3833122.20661
marginal,Generator,FR0 3,manure and slurry,318.84555
marginal,Generator,FR0 3,municipal solid waste,11671.66645
marginal,Generator,FR0 3,rural solar thermal,0.03294
marginal,Generator,FR0 3,sewage sludge,1381.55934
marginal,Generator,FR0 3,solar-hsat,3.26371
marginal,Generator,FR0 3,solid biomass,1707.56593
marginal,Generator,FR0 3,straw,1258.35062
marginal,Generator,FR0 3,unsustainable biogas,89437933.94497
marginal,Generator,FR0 3,unsustainable bioliquids,506107277.53161
marginal,Generator,FR0 3,unsustainable solid biomass,221714590.09785
marginal,Generator,FR0 3,urban central heat vent,4.58742
marginal,Generator,FR0 3,urban central solar thermal,0.14809
marginal,Generator,FR0 3,urban decentral heat vent,4.22495
marginal,Generator,FR0 3,urban decentral solar thermal,0.03496
marginal,Generator,FR0 4,Onshore Wind,154730.67379
marginal,Generator,FR0 4,Run of River,49679.55684
marginal,Generator,FR0 4,Solar,21192.07739
marginal,Generator,FR0 4,forest residues,49935494.91626
marginal,Generator,FR0 4,industry wood,47115956.79936
marginal,Generator,FR0 4,landscape care,9051776.1279
marginal,Generator,FR0 4,manure and slurry,1290.22232
marginal,Generator,FR0 4,municipal solid waste,8397.53392
marginal,Generator,FR0 4,rural solar thermal,0.03481
marginal,Generator,FR0 4,sewage sludge,1436.56926
marginal,Generator,FR0 4,solar-hsat,1.75525
marginal,Generator,FR0 4,solid biomass,1727.40663
marginal,Generator,FR0 4,straw,1536.89247
marginal,Generator,FR0 4,unsustainable biogas,70203005.73557
marginal,Generator,FR0 4,unsustainable bioliquids,397269372.6631
marginal,Generator,FR0 4,unsustainable solid biomass,174057270.24291
marginal,Generator,FR0 4,urban central heat vent,4.15411
marginal,Generator,FR0 4,urban central solar thermal,0.16001
marginal,Generator,FR0 4,urban decentral heat vent,60.33153
marginal,Generator,FR0 4,urban decentral solar thermal,0.03596
marginal,Generator,FR5 0,Offshore Wind (AC),0.24509
marginal,Generator,FR5 0,Offshore Wind (Floating),0.24846
marginal,Generator,FR5 0,Onshore Wind,493.20439
marginal,Generator,FR5 0,Solar,1.4505
marginal,Generator,FR5 0,forest residues,1128807.28049
marginal,Generator,FR5 0,industry wood,1152330.37509
marginal,Generator,FR5 0,landscape care,228345.73678
marginal,Generator,FR5 0,manure and slurry,733.47588
marginal,Generator,FR5 0,municipal solid waste,1114.87995
marginal,Generator,FR5 0,rural solar thermal,0.1224
marginal,Generator,FR5 0,sewage sludge,67.44268
marginal,Generator,FR5 0,solar-hsat,55573.65466
marginal,Generator,FR5 0,solid biomass,1628.1324
marginal,Generator,FR5 0,straw,865.54444
marginal,Generator,FR5 0,unsustainable biogas,1095362.04527
marginal,Generator,FR5 0,unsustainable bioliquids,6198444.134
marginal,Generator,FR5 0,unsustainable solid biomass,2717095.94837
marginal,Generator,FR5 0,urban decentral heat vent,1.39534
marginal,Generator,GB2 0,Offshore Wind (AC),828248.02419
marginal,Generator,GB2 0,Offshore Wind (DC),1673745.72876
marginal,Generator,GB2 0,Offshore Wind (Floating),1.3023
marginal,Generator,GB2 0,Onshore Wind,875176.83659
marginal,Generator,GB2 0,Run of River,42085.36458
marginal,Generator,GB2 0,Solar,28984.46697
marginal,Generator,GB2 0,forest residues,47699193.75301
marginal,Generator,GB2 0,gas,3681637326.07417
marginal,Generator,GB2 0,industry wood,27509085.66788
marginal,Generator,GB2 0,landscape care,9016638.23953
marginal,Generator,GB2 0,manure and slurry,1299.51265
marginal,Generator,GB2 0,municipal solid waste,5827.85983
marginal,Generator,GB2 0,rural solar thermal,0.01246
marginal,Generator,GB2 0,sewage sludge,896.25005
marginal,Generator,GB2 0,solar-hsat,3.00951
marginal,Generator,GB2 0,solid biomass,1800.92678
marginal,Generator,GB2 0,straw,1065.15498
marginal,Generator,GB2 0,unsustainable biogas,479750359.65928
marginal,Generator,GB2 0,unsustainable bioliquids,225890128.99256
marginal,Generator,GB2 0,unsustainable solid biomass,191578288.77169
marginal,Generator,GB2 0,urban central heat vent,8399.22876
marginal,Generator,GB2 0,urban central solar thermal,0.06049
marginal,Generator,GB2 0,urban decentral heat vent,0.23303
marginal,Generator,GB2 0,urban decentral solar thermal,0.01355
marginal,Generator,GB2 1,Offshore Wind (AC),1842719.54596
marginal,Generator,GB2 1,Offshore Wind (DC),14.53159
marginal,Generator,GB2 1,Offshore Wind (Floating),0.98328
marginal,Generator,GB2 1,Onshore Wind,1090063.82397
marginal,Generator,GB2 1,Solar,188648.6387
marginal,Generator,GB2 1,forest residues,16396797.77231
marginal,Generator,GB2 1,gas,6311860931.30931
marginal,Generator,GB2 1,industry wood,8794839.77894
marginal,Generator,GB2 1,landscape care,2928842.97579
marginal,Generator,GB2 1,manure and slurry,1266.62324
marginal,Generator,GB2 1,municipal solid waste,7790.2034
marginal,Generator,GB2 1,rural solar thermal,0.02686
marginal,Generator,GB2 1,sewage sludge,843.21659
marginal,Generator,GB2 1,solar-hsat,94.24897
marginal,Generator,GB2 1,solid biomass,1885.25481
marginal,Generator,GB2 1,straw,1243.58727
marginal,Generator,GB2 1,unsustainable biogas,778279162.22032
marginal,Generator,GB2 1,unsustainable bioliquids,366450051.23804
marginal,Generator,GB2 1,unsustainable solid biomass,310789783.31991
marginal,Generator,GB2 1,urban central heat vent,1984.6583
marginal,Generator,GB2 1,urban central solar thermal,0.09319
marginal,Generator,GB2 1,urban decentral heat vent,0.57921
marginal,Generator,GB2 1,urban decentral solar thermal,0.0236
marginal,Generator,GB3 0,Offshore Wind (AC),52525.27093
marginal,Generator,GB3 0,Offshore Wind (DC),15.62084
marginal,Generator,GB3 0,Offshore Wind (Floating),1.24957
marginal,Generator,GB3 0,Onshore Wind,96793.28427
marginal,Generator,GB3 0,Run of River,11183.49837
marginal,Generator,GB3 0,Solar,3967.85769
marginal,Generator,GB3 0,forest residues,2369573.73751
marginal,Generator,GB3 0,industry wood,1251512.6448
marginal,Generator,GB3 0,landscape care,405055.37631
marginal,Generator,GB3 0,manure and slurry,962.66342
marginal,Generator,GB3 0,municipal solid waste,1105.94611
marginal,Generator,GB3 0,rural solar thermal,0.01505
marginal,Generator,GB3 0,sewage sludge,1072.76162
marginal,Generator,GB3 0,solar-hsat,3.40019
marginal,Generator,GB3 0,solid biomass,1660.91436
marginal,Generator,GB3 0,straw,1075.65491
marginal,Generator,GB3 0,unsustainable biogas,57724917.09907
marginal,Generator,GB3 0,unsustainable bioliquids,27179394.27507
marginal,Generator,GB3 0,unsustainable solid biomass,23051915.20583
marginal,Generator,GB3 0,urban central heat vent,364.26959
marginal,Generator,GB3 0,urban central solar thermal,0.05091
marginal,Generator,GB3 0,urban decentral heat vent,0.67244
marginal,Generator,GB3 0,urban decentral solar thermal,0.0145
marginal,Generator,GR0 0,Offshore Wind (AC),0.72427
marginal,Generator,GR0 0,Offshore Wind (DC),4.01296
marginal,Generator,GR0 0,Offshore Wind (Floating),0.67887
marginal,Generator,GR0 0,Onshore Wind,176802.43394
marginal,Generator,GR0 0,Run of River,1917.90277
marginal,Generator,GR0 0,Solar,115928.62587
marginal,Generator,GR0 0,forest residues,11637900.15562
marginal,Generator,GR0 0,gas,1613417636.40798
marginal,Generator,GR0 0,industry wood,9216175.73196
marginal,Generator,GR0 0,landscape care,5155680.60598
marginal,Generator,GR0 0,manure and slurry,841.67057
marginal,Generator,GR0 0,municipal solid waste,2606.45464
marginal,Generator,GR0 0,rural solar thermal,1.20665
marginal,Generator,GR0 0,sewage sludge,664.89563
marginal,Generator,GR0 0,solar-hsat,682882.88663
marginal,Generator,GR0 0,solid biomass,62683167.7964
marginal,Generator,GR0 0,straw,1114.00282
marginal,Generator,GR0 0,unsustainable biogas,59905998.81021
marginal,Generator,GR0 0,unsustainable bioliquids,190422008.42976
marginal,Generator,GR0 0,unsustainable solid biomass,86003389.44705
marginal,Generator,GR0 0,urban central heat vent,11.76962
marginal,Generator,GR0 0,urban central solar thermal,0.68867
marginal,Generator,GR0 0,urban decentral heat vent,7.76822
marginal,Generator,GR0 0,urban decentral solar thermal,0.1449
marginal,Generator,HR0 0,Offshore Wind (AC),0.53377
marginal,Generator,HR0 0,Offshore Wind (DC),0.61669
marginal,Generator,HR0 0,Offshore Wind (Floating),0.26209
marginal,Generator,HR0 0,Onshore Wind,24077.2597
marginal,Generator,HR0 0,Run of River,11220.45664
marginal,Generator,HR0 0,Solar,1980.53526
marginal,Generator,HR0 0,forest residues,22163186.90726
marginal,Generator,HR0 0,industry wood,16495041.2713
marginal,Generator,HR0 0,landscape care,1698211.03258
marginal,Generator,HR0 0,manure and slurry,848.01138
marginal,Generator,HR0 0,municipal solid waste,710.99855
marginal,Generator,HR0 0,rural solar thermal,0.1427
marginal,Generator,HR0 0,sewage sludge,968.39473
marginal,Generator,HR0 0,solar-hsat,175037.81035
marginal,Generator,HR0 0,solid biomass,2053.93345
marginal,Generator,HR0 0,straw,1265.52979
marginal,Generator,HR0 0,unsustainable biogas,39401696.30191
marginal,Generator,HR0 0,unsustainable bioliquids,246204.23474
marginal,Generator,HR0 0,unsustainable solid biomass,165875055.66917
marginal,Generator,HR0 0,urban central heat vent,0.98781
marginal,Generator,HR0 0,urban central solar thermal,0.69276
marginal,Generator,HR0 0,urban decentral heat vent,0.9683
marginal,Generator,HR0 0,urban decentral solar thermal,0.09216
marginal,Generator,HU0 0,Onshore Wind,10643.24004
marginal,Generator,HU0 0,Run of River,858.98212
marginal,Generator,HU0 0,Solar,64243.81243
marginal,Generator,HU0 0,forest residues,63361900.04392
marginal,Generator,HU0 0,gas,2330430183.51848
marginal,Generator,HU0 0,industry wood,27342738.92233
marginal,Generator,HU0 0,landscape care,5070507.61906
marginal,Generator,HU0 0,manure and slurry,1177.28345
marginal,Generator,HU0 0,municipal solid waste,8467.00152
marginal,Generator,HU0 0,rural solar thermal,0.06048
marginal,Generator,HU0 0,sewage sludge,658.4467
marginal,Generator,HU0 0,solar-hsat,469484.06293
marginal,Generator,HU0 0,solid biomass,2458.56109
marginal,Generator,HU0 0,straw,1376.07057
marginal,Generator,HU0 0,unsustainable biogas,43331432.49943
marginal,Generator,HU0 0,unsustainable bioliquids,499362790.95017
marginal,Generator,HU0 0,unsustainable solid biomass,228956199.17203
marginal,Generator,HU0 0,urban central heat vent,0.96523
marginal,Generator,HU0 0,urban central solar thermal,0.46718
marginal,Generator,HU0 0,urban decentral heat vent,0.28276
marginal,Generator,HU0 0,urban decentral solar thermal,0.06372
marginal,Generator,IE3 0,Offshore Wind (AC),2694.46467
marginal,Generator,IE3 0,Offshore Wind (DC),130177.97291
marginal,Generator,IE3 0,Offshore Wind (Floating),1.18378
marginal,Generator,IE3 0,Onshore Wind,337542.18427
marginal,Generator,IE3 0,Run of River,8443.61778
marginal,Generator,IE3 0,Solar,22348.85442
marginal,Generator,IE3 0,forest residues,18318605.11047
marginal,Generator,IE3 0,gas,461555870.87745
marginal,Generator,IE3 0,industry wood,10539836.60312
marginal,Generator,IE3 0,landscape care,3818142.58277
marginal,Generator,IE3 0,manure and slurry,881.45848
marginal,Generator,IE3 0,municipal solid waste,2184.23099
marginal,Generator,IE3 0,rural solar thermal,0.01611
marginal,Generator,IE3 0,sewage sludge,1396.12385
marginal,Generator,IE3 0,solar-hsat,7.8733
marginal,Generator,IE3 0,solid biomass,2089.51011
marginal,Generator,IE3 0,straw,940.83911
marginal,Generator,IE3 0,unsustainable biogas,24271476.70859
marginal,Generator,IE3 0,unsustainable bioliquids,48293451.75688
marginal,Generator,IE3 0,unsustainable solid biomass,26474479.89929
marginal,Generator,IE3 0,urban central heat vent,0.47771
marginal,Generator,IE3 0,urban central solar thermal,0.0951
marginal,Generator,IE3 0,urban decentral heat vent,0.21217
marginal,Generator,IE3 0,urban decentral solar thermal,0.01773
marginal,Generator,IT0 0,Offshore Wind (AC),1340.93102
marginal,Generator,IT0 0,Offshore Wind (DC),0.93388
marginal,Generator,IT0 0,Offshore Wind (Floating),0.32782
marginal,Generator,IT0 0,Onshore Wind,216599.94715
marginal,Generator,IT0 0,Run of River,54169.71611
marginal,Generator,IT0 0,Solar,105681.88571
marginal,Generator,IT0 0,forest residues,54073005.39692
marginal,Generator,IT0 0,gas,5637184593.14037
marginal,Generator,IT0 0,industry wood,26256224.06073
marginal,Generator,IT0 0,landscape care,4146811.6379
marginal,Generator,IT0 0,manure and slurry,930.25758
marginal,Generator,IT0 0,municipal solid waste,15125.82116
marginal,Generator,IT0 0,rural solar thermal,0.17883
marginal,Generator,IT0 0,sewage sludge,753.81947
marginal,Generator,IT0 0,solar-hsat,1724841.38813
marginal,Generator,IT0 0,solid biomass,190034978.84596
marginal,Generator,IT0 0,straw,1124.2935
marginal,Generator,IT0 0,unsustainable biogas,318694486.97708
marginal,Generator,IT0 0,unsustainable bioliquids,370420304.51703
marginal,Generator,IT0 0,unsustainable solid biomass,267546976.38692
marginal,Generator,IT0 0,urban central heat vent,18.40168
marginal,Generator,IT0 0,urban central solar thermal,0.51904
marginal,Generator,IT0 0,urban decentral heat vent,7.02748
marginal,Generator,IT0 0,urban decentral solar thermal,0.12348
marginal,Generator,IT0 1,Offshore Wind (AC),0.44725
marginal,Generator,IT0 1,Offshore Wind (DC),0.43602
marginal,Generator,IT0 1,Offshore Wind (Floating),0.23209
marginal,Generator,IT0 1,Onshore Wind,2762.29121
marginal,Generator,IT0 1,Run of River,193648.19991
marginal,Generator,IT0 1,Solar,34089.5449
marginal,Generator,IT0 1,forest residues,104386229.3225
marginal,Generator,IT0 1,gas,6510210641.76414
marginal,Generator,IT0 1,industry wood,48360034.00427
marginal,Generator,IT0 1,landscape care,7653581.30818
marginal,Generator,IT0 1,manure and slurry,1411.58292
marginal,Generator,IT0 1,municipal solid waste,15150.14543
marginal,Generator,IT0 1,rural solar thermal,0.0912
marginal,Generator,IT0 1,sewage sludge,767.85352
marginal,Generator,IT0 1,solar-hsat,1912222.38388
marginal,Generator,IT0 1,solid biomass,2211.10863
marginal,Generator,IT0 1,straw,1322.51916
marginal,Generator,IT0 1,unsustainable biogas,630390491.98707
marginal,Generator,IT0 1,unsustainable bioliquids,732708426.34458
marginal,Generator,IT0 1,unsustainable solid biomass,529212802.17303
marginal,Generator,IT0 1,urban central heat vent,5.95677
marginal,Generator,IT0 1,urban central solar thermal,0.39557
marginal,Generator,IT0 1,urban decentral heat vent,3.84271
marginal,Generator,IT0 1,urban decentral solar thermal,0.10366
marginal,Generator,IT4 0,Offshore Wind (AC),0.86644
marginal,Generator,IT4 0,Offshore Wind (Floating),0.43216
marginal,Generator,IT4 0,Onshore Wind,39358.04737
marginal,Generator,IT4 0,Run of River,1922.81871
marginal,Generator,IT4 0,Solar,11822.00975
marginal,Generator,IT4 0,forest residues,2164921.28446
marginal,Generator,IT4 0,industry wood,1068558.55416
marginal,Generator,IT4 0,landscape care,171243.746
marginal,Generator,IT4 0,manure and slurry,828.16052
marginal,Generator,IT4 0,municipal solid waste,1466.51876
marginal,Generator,IT4 0,rural solar thermal,0.19391
marginal,Generator,IT4 0,sewage sludge,1211.37273
marginal,Generator,IT4 0,solar-hsat,140097.884
marginal,Generator,IT4 0,solid biomass,49088381.53909
marginal,Generator,IT4 0,straw,959.30463
marginal,Generator,IT4 0,unsustainable biogas,15856857.86338
marginal,Generator,IT4 0,unsustainable bioliquids,18430300.04695
marginal,Generator,IT4 0,unsustainable solid biomass,13324976.84662
marginal,Generator,IT4 0,urban central heat vent,6.21158
marginal,Generator,IT4 0,urban central solar thermal,0.96373
marginal,Generator,IT4 0,urban decentral heat vent,5.3474
marginal,Generator,IT4 0,urban decentral solar thermal,0.15355
marginal,Generator,LT0 0,Offshore Wind (AC),26.04712
marginal,Generator,LT0 0,Offshore Wind (DC),201007.68297
marginal,Generator,LT0 0,Offshore Wind (Floating),0.71131
marginal,Generator,LT0 0,Onshore Wind,63144.00662
marginal,Generator,LT0 0,Run of River,4120.83273
marginal,Generator,LT0 0,Solar,6035.43279
marginal,Generator,LT0 0,forest residues,46186905.10462
marginal,Generator,LT0 0,gas,207026634.97656
marginal,Generator,LT0 0,industry wood,21908439.3592
marginal,Generator,LT0 0,landscape care,3198936.71824
marginal,Generator,LT0 0,manure and slurry,827.86957
marginal,Generator,LT0 0,municipal solid waste,1649.75145
marginal,Generator,LT0 0,rural solar thermal,0.02108
marginal,Generator,LT0 0,sewage sludge,9.81831
marginal,Generator,LT0 0,solar-hsat,14474.7118
marginal,Generator,LT0 0,solid biomass,2041.04202
marginal,Generator,LT0 0,straw,1025.16433
marginal,Generator,LT0 0,unsustainable biogas,18683952.4355
marginal,Generator,LT0 0,unsustainable bioliquids,167527498.09593
marginal,Generator,LT0 0,unsustainable solid biomass,139166296.17393
marginal,Generator,LT0 0,urban central heat vent,5.61702
marginal,Generator,LT0 0,urban central solar thermal,0.09135
marginal,Generator,LT0 0,urban decentral heat vent,0.35672
marginal,Generator,LT0 0,urban decentral solar thermal,0.01688
marginal,Generator,LU0 0,Onshore Wind,7339.13137
marginal,Generator,LU0 0,Solar,1045.14934
marginal,Generator,LU0 0,forest residues,3936169.55836
marginal,Generator,LU0 0,industry wood,2176378.06534
marginal,Generator,LU0 0,landscape care,106819.77222
marginal,Generator,LU0 0,manure and slurry,744.88111
marginal,Generator,LU0 0,municipal solid waste,823.51211
marginal,Generator,LU0 0,rural solar thermal,0.03613
marginal,Generator,LU0 0,sewage sludge,1342.50762
marginal,Generator,LU0 0,solar-hsat,118770.18102
marginal,Generator,LU0 0,solid biomass,1805.609
marginal,Generator,LU0 0,straw,797.99574
marginal,Generator,LU0 0,unsustainable biogas,8622908.66863
marginal,Generator,LU0 0,unsustainable solid biomass,12714361.36881
marginal,Generator,LU0 0,urban central heat vent,349.24741
marginal,Generator,LU0 0,urban central solar thermal,0.09365
marginal,Generator,LU0 0,urban decentral heat vent,0.73599
marginal,Generator,LU0 0,urban decentral solar thermal,0.02829
marginal,Generator,LV0 0,Offshore Wind (AC),8.21487
marginal,Generator,LV0 0,Offshore Wind (DC),16.99011
marginal,Generator,LV0 0,Offshore Wind (Floating),1.0367
marginal,Generator,LV0 0,Onshore Wind,5873.11548
marginal,Generator,LV0 0,Run of River,34520.22444
marginal,Generator,LV0 0,Solar,870.48992
marginal,Generator,LV0 0,forest residues,87640700.9163
marginal,Generator,LV0 0,industry wood,43354289.47472
marginal,Generator,LV0 0,landscape care,2915707.1253
marginal,Generator,LV0 0,manure and slurry,856.20733
marginal,Generator,LV0 0,municipal solid waste,1285.4832
marginal,Generator,LV0 0,rural solar thermal,0.02521
marginal,Generator,LV0 0,sewage sludge,1349.04658
marginal,Generator,LV0 0,solar-hsat,22316.13123
marginal,Generator,LV0 0,solid biomass,1999.04974
marginal,Generator,LV0 0,straw,1044.46028
marginal,Generator,LV0 0,unsustainable biogas,38650142.07354
marginal,Generator,LV0 0,unsustainable bioliquids,81157378.77271
marginal,Generator,LV0 0,unsustainable solid biomass,273833297.06841
marginal,Generator,LV0 0,urban central heat vent,21.86417
marginal,Generator,LV0 0,urban central solar thermal,0.07993
marginal,Generator,LV0 0,urban decentral heat vent,0.33219
marginal,Generator,LV0 0,urban decentral solar thermal,0.02131
marginal,Generator,ME0 0,Offshore Wind (AC),0.08407
marginal,Generator,ME0 0,Offshore Wind (Floating),0.18112
marginal,Generator,ME0 0,Onshore Wind,845.71794
marginal,Generator,ME0 0,Run of River,272.0923
marginal,Generator,ME0 0,Solar,78.33666
marginal,Generator,ME0 0,forest residues,1349280.85573
marginal,Generator,ME0 0,industry wood,1801337.40631
marginal,Generator,ME0 0,landscape care,3.32134
marginal,Generator,ME0 0,manure and slurry,802.98674
marginal,Generator,ME0 0,municipal solid waste,664.10241
marginal,Generator,ME0 0,rural heat vent,4.26336
marginal,Generator,ME0 0,rural solar thermal,0.07946
marginal,Generator,ME0 0,sewage sludge,0.90701
marginal,Generator,ME0 0,solar-hsat,172448.08223
marginal,Generator,ME0 0,solid biomass,2201.65739
marginal,Generator,ME0 0,straw,1993.6079
marginal,Generator,ME0 0,unsustainable solid biomass,19371843.09258
marginal,Generator,ME0 0,urban central heat vent,0.98717
marginal,Generator,ME0 0,urban central solar thermal,1.0467
marginal,Generator,ME0 0,urban decentral heat vent,4.15864
marginal,Generator,ME0 0,urban decentral solar thermal,0.08041
marginal,Generator,MK0 0,Onshore Wind,375.26875
marginal,Generator,MK0 0,Run of River,5271.98703
marginal,Generator,MK0 0,Solar,8394.12062
marginal,Generator,MK0 0,forest residues,2925780.86312
marginal,Generator,MK0 0,industry wood,4996888.33306
marginal,Generator,MK0 0,landscape care,855.2557
marginal,Generator,MK0 0,manure and slurry,710.03638
marginal,Generator,MK0 0,municipal solid waste,1212.87643
marginal,Generator,MK0 0,rural heat vent,6.28176
marginal,Generator,MK0 0,rural solar thermal,0.08042
marginal,Generator,MK0 0,sewage sludge,1145.09943
marginal,Generator,MK0 0,solar-hsat,66335.61182
marginal,Generator,MK0 0,solid biomass,2493.88857
marginal,Generator,MK0 0,straw,809.42172
marginal,Generator,MK0 0,unsustainable biogas,9083935.06231
marginal,Generator,MK0 0,unsustainable solid biomass,18370791.14481
marginal,Generator,MK0 0,urban central heat vent,7.39237
marginal,Generator,MK0 0,urban central solar thermal,0.52198
marginal,Generator,MK0 0,urban decentral heat vent,6.64864
marginal,Generator,MK0 0,urban decentral solar thermal,0.07561
marginal,Generator,NL0 0,Offshore Wind (AC),653225.93098
marginal,Generator,NL0 0,Offshore Wind (DC),1055387.72749
marginal,Generator,NL0 0,Offshore Wind (Floating),0.34954
marginal,Generator,NL0 0,Onshore Wind,1545195.54157
marginal,Generator,NL0 0,Solar,96120.33571
marginal,Generator,NL0 0,forest residues,7501503.26196
marginal,Generator,NL0 0,gas,4906730883.2146
marginal,Generator,NL0 0,industry wood,3585995.6583
marginal,Generator,NL0 0,landscape care,2276287.03834
marginal,Generator,NL0 0,manure and slurry,1416.41721
marginal,Generator,NL0 0,municipal solid waste,41775.59762
marginal,Generator,NL0 0,rural solar thermal,8e-05
marginal,Generator,NL0 0,sewage sludge,679.22612
marginal,Generator,NL0 0,solar-hsat,114039.86072
marginal,Generator,NL0 0,solid biomass,1989.86313
marginal,Generator,NL0 0,straw,1049.71734
marginal,Generator,NL0 0,unsustainable biogas,170728815.32144
marginal,Generator,NL0 0,unsustainable bioliquids,1880243636.31853
marginal,Generator,NL0 0,unsustainable solid biomass,160660207.25015
marginal,Generator,NL0 0,urban central heat vent,1.12379
marginal,Generator,NL0 0,urban central solar thermal,0.12769
marginal,Generator,NL0 0,urban decentral heat vent,0.17739
marginal,Generator,NL0 0,urban decentral solar thermal,0.02667
marginal,Generator,NO1 0,Offshore Wind (AC),12688.1461
marginal,Generator,NO1 0,Offshore Wind (DC),11.03296
marginal,Generator,NO1 0,Offshore Wind (Floating),1.10889
marginal,Generator,NO1 0,Onshore Wind,271937.27434
marginal,Generator,NO1 0,Run of River,38085.16162
marginal,Generator,NO1 0,Solar,23.32966
marginal,Generator,NO1 0,forest residues,60250370.42316
marginal,Generator,NO1 0,gas,3086967941.32397
marginal,Generator,NO1 0,industry wood,48519229.59519
marginal,Generator,NO1 0,landscape care,2107.13504
marginal,Generator,NO1 0,manure and slurry,1171.80444
marginal,Generator,NO1 0,municipal solid waste,19155.63334
marginal,Generator,NO1 0,rural solar thermal,0.01163
marginal,Generator,NO1 0,sewage sludge,588.09072
marginal,Generator,NO1 0,solar-hsat,1.7651
marginal,Generator,NO1 0,solid biomass,445949737.78881
marginal,Generator,NO1 0,straw,549.49762
marginal,Generator,NO1 0,unsustainable biogas,41568322.33148
marginal,Generator,NO1 0,unsustainable bioliquids,80128976.72817
marginal,Generator,NO1 0,unsustainable solid biomass,104100530.43879
marginal,Generator,NO1 0,urban central heat vent,14240.65984
marginal,Generator,NO1 0,urban central solar thermal,0.05707
marginal,Generator,NO1 0,urban decentral heat vent,0.48754
marginal,Generator,NO1 0,urban decentral solar thermal,0.01168
marginal,Generator,PL0 0,Offshore Wind (AC),553315.50121
marginal,Generator,PL0 0,Offshore Wind (DC),712021.18094
marginal,Generator,PL0 0,Offshore Wind (Floating),1.44034
marginal,Generator,PL0 0,Onshore Wind,1409565.81785
marginal,Generator,PL0 0,Run of River,9947.39744
marginal,Generator,PL0 0,Solar,54829.46968
marginal,Generator,PL0 0,forest residues,257976111.02344
marginal,Generator,PL0 0,gas,4925517472.96652
marginal,Generator,PL0 0,industry wood,123289040.71699
marginal,Generator,PL0 0,landscape care,17530858.05362
marginal,Generator,PL0 0,manure and slurry,1512.52385
marginal,Generator,PL0 0,municipal solid waste,20970.99329
marginal,Generator,PL0 0,rural solar thermal,0.04642
marginal,Generator,PL0 0,sewage sludge,701.05434
marginal,Generator,PL0 0,solar-hsat,949080.11863
marginal,Generator,PL0 0,solid biomass,3798.48142
marginal,Generator,PL0 0,straw,1406.55236
marginal,Generator,PL0 0,unsustainable biogas,143082905.08003
marginal,Generator,PL0 0,unsustainable bioliquids,1036332961.83464
marginal,Generator,PL0 0,unsustainable solid biomass,1004624554.86808
marginal,Generator,PL0 0,urban central heat vent,0.59714
marginal,Generator,PL0 0,urban central solar thermal,0.19592
marginal,Generator,PL0 0,urban decentral heat vent,1.26153
marginal,Generator,PL0 0,urban decentral solar thermal,0.03501
marginal,Generator,PT0 0,Offshore Wind (AC),2025.40624
marginal,Generator,PT0 0,Offshore Wind (Floating),0.76631
marginal,Generator,PT0 0,Onshore Wind,186745.12495
marginal,Generator,PT0 0,Run of River,72106.66044
marginal,Generator,PT0 0,Solar,101904.68549
marginal,Generator,PT0 0,forest residues,71459237.60606
marginal,Generator,PT0 0,gas,552698757.53161
marginal,Generator,PT0 0,industry wood,27087843.03532
marginal,Generator,PT0 0,landscape care,4892489.38309
marginal,Generator,PT0 0,manure and slurry,950.57784
marginal,Generator,PT0 0,municipal solid waste,11619.59699
marginal,Generator,PT0 0,rural solar thermal,0.12969
marginal,Generator,PT0 0,sewage sludge,674.61207
marginal,Generator,PT0 0,solar-hsat,363306.91468
marginal,Generator,PT0 0,solid biomass,2073.76353
marginal,Generator,PT0 0,straw,1099.98942
marginal,Generator,PT0 0,unsustainable biogas,38411087.01081
marginal,Generator,PT0 0,unsustainable bioliquids,366804205.03042
marginal,Generator,PT0 0,unsustainable solid biomass,315621999.35318
marginal,Generator,PT0 0,urban central heat vent,22.67725
marginal,Generator,PT0 0,urban central solar thermal,0.50112
marginal,Generator,PT0 0,urban decentral heat vent,16.69759
marginal,Generator,PT0 0,urban decentral solar thermal,0.08083
marginal,Generator,RO0 0,Offshore Wind (AC),38.53389
marginal,Generator,RO0 0,Offshore Wind (DC),21.92614
marginal,Generator,RO0 0,Offshore Wind (Floating),0.64031
marginal,Generator,RO0 0,Onshore Wind,150453.44364
marginal,Generator,RO0 0,Run of River,83647.4175
marginal,Generator,RO0 0,Solar,53238.12338
marginal,Generator,RO0 0,forest residues,207265063.73476
marginal,Generator,RO0 0,gas,1278491651.96367
marginal,Generator,RO0 0,industry wood,80348081.74922
marginal,Generator,RO0 0,landscape care,18402483.82902
marginal,Generator,RO0 0,manure and slurry,946.40749
marginal,Generator,RO0 0,municipal solid waste,7480.72693
marginal,Generator,RO0 0,rural solar thermal,0.13508
marginal,Generator,RO0 0,sewage sludge,934.51883
marginal,Generator,RO0 0,solar-hsat,98263.74309
marginal,Generator,RO0 0,solid biomass,2509.31297
marginal,Generator,RO0 0,straw,1189.95654
marginal,Generator,RO0 0,unsustainable biogas,9092985.39137
marginal,Generator,RO0 0,unsustainable bioliquids,231497777.80805
marginal,Generator,RO0 0,unsustainable solid biomass,385545391.1131
marginal,Generator,RO0 0,urban central heat vent,1.35579
marginal,Generator,RO0 0,urban central solar thermal,0.59059
marginal,Generator,RO0 0,urban decentral heat vent,0.17715
marginal,Generator,RO0 0,urban decentral solar thermal,0.09845
marginal,Generator,RS0 0,Onshore Wind,17119.19058
marginal,Generator,RS0 0,Run of River,77758.98753
marginal,Generator,RS0 0,Solar,869.24775
marginal,Generator,RS0 0,forest residues,8328965.56384
marginal,Generator,RS0 0,industry wood,16041327.73823
marginal,Generator,RS0 0,landscape care,6649.45632
marginal,Generator,RS0 0,manure and slurry,926.37863
marginal,Generator,RS0 0,municipal solid waste,9182.59511
marginal,Generator,RS0 0,rural heat vent,6.67208
marginal,Generator,RS0 0,rural solar thermal,0.06679
marginal,Generator,RS0 0,sewage sludge,1213.34754
marginal,Generator,RS0 0,solar-hsat,84232.86827
marginal,Generator,RS0 0,solid biomass,2396.07499
marginal,Generator,RS0 0,straw,1325.33454
marginal,Generator,RS0 0,unsustainable biogas,13623208.38252
marginal,Generator,RS0 0,unsustainable solid biomass,131224526.61655
marginal,Generator,RS0 0,urban central heat vent,6.13553
marginal,Generator,RS0 0,urban central solar thermal,0.48914
marginal,Generator,RS0 0,urban decentral heat vent,6.18774
marginal,Generator,RS0 0,urban decentral solar thermal,0.0584
marginal,Generator,SE1 0,Offshore Wind (AC),18040.90882
marginal,Generator,SE1 0,Offshore Wind (DC),40.87102
marginal,Generator,SE1 0,Offshore Wind (Floating),0.95813
marginal,Generator,SE1 0,Onshore Wind,875638.67011
marginal,Generator,SE1 0,Run of River,73646.29932
marginal,Generator,SE1 0,Solar,5507.76631
marginal,Generator,SE1 0,forest residues,417170138.20158
marginal,Generator,SE1 0,gas,212405732.43746
marginal,Generator,SE1 0,industry wood,225084153.18092
marginal,Generator,SE1 0,landscape care,24897498.50155
marginal,Generator,SE1 0,manure and slurry,993.11235
marginal,Generator,SE1 0,municipal solid waste,23063.82569
marginal,Generator,SE1 0,rural solar thermal,0.01767
marginal,Generator,SE1 0,sewage sludge,718.42281
marginal,Generator,SE1 0,solar-hsat,135777.7627
marginal,Generator,SE1 0,solid biomass,1728.40893
marginal,Generator,SE1 0,straw,1183.70976
marginal,Generator,SE1 0,unsustainable biogas,87007388.37146
marginal,Generator,SE1 0,unsustainable bioliquids,531416919.81617
marginal,Generator,SE1 0,unsustainable solid biomass,1054902959.7696
marginal,Generator,SE1 0,urban central heat vent,17037.27134
marginal,Generator,SE1 0,urban central solar thermal,0.07477
marginal,Generator,SE1 0,urban decentral heat vent,1.4918
marginal,Generator,SE1 0,urban decentral solar thermal,0.02313
marginal,Generator,SI0 0,Offshore Wind (AC),0.12066
marginal,Generator,SI0 0,Offshore Wind (Floating),0.04384
marginal,Generator,SI0 0,Onshore Wind,0.12959
marginal,Generator,SI0 0,Run of River,24110.68843
marginal,Generator,SI0 0,Solar,700.45925
marginal,Generator,SI0 0,forest residues,52938018.07124
marginal,Generator,SI0 0,industry wood,24678938.7775
marginal,Generator,SI0 0,landscape care,615147.76884
marginal,Generator,SI0 0,manure and slurry,762.39239
marginal,Generator,SI0 0,municipal solid waste,1532.19862
marginal,Generator,SI0 0,rural solar thermal,0.07798
marginal,Generator,SI0 0,sewage sludge,865.41069
marginal,Generator,SI0 0,solar-hsat,3.60623
marginal,Generator,SI0 0,solid biomass,1880.11212
marginal,Generator,SI0 0,straw,862.80702
marginal,Generator,SI0 0,unsustainable biogas,10643102.2887
marginal,Generator,SI0 0,unsustainable solid biomass,61087512.96059
marginal,Generator,SI0 0,urban central heat vent,2.58872
marginal,Generator,SI0 0,urban central solar thermal,0.30763
marginal,Generator,SI0 0,urban decentral heat vent,2.21649
marginal,Generator,SI0 0,urban decentral solar thermal,0.07894
marginal,Generator,SK0 0,Onshore Wind,0.82892
marginal,Generator,SK0 0,Run of River,33171.77481
marginal,Generator,SK0 0,Solar,9487.01537
marginal,Generator,SK0 0,forest residues,59461229.46161
marginal,Generator,SK0 0,gas,1044318438.03539
marginal,Generator,SK0 0,industry wood,24938428.22578
marginal,Generator,SK0 0,landscape care,2635073.85958
marginal,Generator,SK0 0,manure and slurry,828.4743
marginal,Generator,SK0 0,municipal solid waste,4049.97831
marginal,Generator,SK0 0,rural solar thermal,0.06174
marginal,Generator,SK0 0,sewage sludge,1337.65027
marginal,Generator,SK0 0,solar-hsat,5.03193
marginal,Generator,SK0 0,solid biomass,2139.72127
marginal,Generator,SK0 0,straw,1062.56914
marginal,Generator,SK0 0,unsustainable biogas,68506977.14363
marginal,Generator,SK0 0,unsustainable bioliquids,181167915.43624
marginal,Generator,SK0 0,unsustainable solid biomass,156030746.72684
marginal,Generator,SK0 0,urban central heat vent,0.91273
marginal,Generator,SK0 0,urban central solar thermal,0.30484
marginal,Generator,SK0 0,urban decentral heat vent,0.15637
marginal,Generator,SK0 0,urban decentral solar thermal,0.05373
marginal,Generator,XK0 0,Onshore Wind,953.3023
marginal,Generator,XK0 0,Run of River,1492.97427
marginal,Generator,XK0 0,Solar,4421.78516
marginal,Generator,XK0 0,forest residues,844248.01493
marginal,Generator,XK0 0,industry wood,1597469.2568
marginal,Generator,XK0 0,manure and slurry,830.12907
marginal,Generator,XK0 0,municipal solid waste,621.43045
marginal,Generator,XK0 0,rural heat vent,0.78848
marginal,Generator,XK0 0,rural solar thermal,0.00016
marginal,Generator,XK0 0,sewage sludge,994.10619
marginal,Generator,XK0 0,solar-hsat,1961.75422
marginal,Generator,XK0 0,solid biomass,2209.12034
marginal,Generator,XK0 0,straw,1139.0973
marginal,Generator,XK0 0,unsustainable solid biomass,35606494.89187
marginal,Generator,XK0 0,urban central heat vent,0.4853
marginal,Generator,XK0 0,urban central solar thermal,0.39573
marginal,Generator,XK0 0,urban decentral heat vent,0.31349
marginal,Generator,XK0 0,urban decentral solar thermal,0.00025
marginal,Link,AL0 0,BEV charger,6927.34566
marginal,Link,AL0 0,CO2 pipeline,22.31116
marginal,Link,AL0 0,Combined-Cycle Gas,302.20482
marginal,Link,AL0 0,EAF,0.0918
marginal,Link,AL0 0,H2 DRI,724.81659
marginal,Link,AL0 0,H2 Electrolysis,0.30931
marginal,Link,AL0 0,HVC to air,43180.76416
marginal,Link,AL0 0,Haber-Bosch,13.42066
marginal,Link,AL0 0,Open-Cycle Gas,160.94183
marginal,Link,AL0 0,SMR,2993.37038
marginal,Link,AL0 0,Sabatier,0.52118
marginal,Link,AL0 0,battery charger,5.82589
marginal,Link,AL0 0,battery discharger,5.92106
marginal,Link,AL0 0,biogas to gas,710.57355
marginal,Link,AL0 0,biomass to liquid,769996.73308
marginal,Link,AL0 0,biomass-to-methanol,585.17624
marginal,Link,AL0 0,electricity distribution grid,34894.6405
marginal,Link,AL0 0,gas DRI,1596.3662
marginal,Link,AL0 0,gas for industry,581.66713
marginal,Link,AL0 0,gas pipeline new,-39976.44476
marginal,Link,AL0 0,heat100-200 industry electric boiler steam,48.48022
marginal,Link,AL0 0,heat100-200 industry gas,109.98324
marginal,Link,AL0 0,heat100-200 industry industrial heat pump high temperature,242422.71405
marginal,Link,AL0 0,heat100-200 industry solid biomass,3746.44584
marginal,Link,AL0 0,heat200-500 industry gas,22.27114
marginal,Link,AL0 0,heat200-500 industry hydrogen,165.3998
marginal,Link,AL0 0,heat200-500 industry solid biomass,652654.84286
marginal,Link,AL0 0,heat<100 industry electric boiler steam,49.11468
marginal,Link,AL0 0,heat<100 industry gas,238.19618
marginal,Link,AL0 0,heat<100 industry industrial heat pump medium temperature,285311.45248
marginal,Link,AL0 0,heat<100 industry solid biomass,100900.15004
marginal,Link,AL0 0,heat>500 industry gas,23075.48228
marginal,Link,AL0 0,heat>500 industry hydrogen,192.17312
marginal,Link,AL0 0,home battery charger,5.0507
marginal,Link,AL0 0,home battery discharger,5.3828
marginal,Link,AL0 0,methanolisation,2070.77486
marginal,Link,AL0 0,municipal solid waste,1348.25923
marginal,Link,AL0 0,rural air heat pump,0.18287
marginal,Link,AL0 0,rural biomass boiler,1482.30552
marginal,Link,AL0 0,rural gas boiler,12668.24819
marginal,Link,AL0 0,rural ground heat pump,0.34956
marginal,Link,AL0 0,rural resistive heater,2107.19769
marginal,Link,AL0 0,solid biomass for industry,1197.43853
marginal,Link,AL0 0,steel emission,382.9235
marginal,Link,AL0 0,urban central air heat pump,1.86249
marginal,Link,AL0 0,urban central gas CHP,870.43017
marginal,Link,AL0 0,urban central gas boiler,1691.56921
marginal,Link,AL0 0,urban central resistive heater,2.72077
marginal,Link,AL0 0,urban central solid biomass CHP,209577.61674
marginal,Link,AL0 0,urban central solid biomass CHP CC,726100.72426
marginal,Link,AL0 0,urban decentral air heat pump,0.17878
marginal,Link,AL0 0,urban decentral biomass boiler,1428.91734
marginal,Link,AL0 0,urban decentral gas boiler,16425.09154
marginal,Link,AL0 0,urban decentral resistive heater,2638.00678
marginal,Link,AL0 0,waste CHP,1189.76345
marginal,Link,AT0 0,BEV charger,76297.55214
marginal,Link,AT0 0,CO2 pipeline,5.23381
marginal,Link,AT0 0,Combined-Cycle Gas,59512756.29511
marginal,Link,AT0 0,EAF,0.15848
marginal,Link,AT0 0,H2 DRI,1197.44148
marginal,Link,AT0 0,H2 Electrolysis,0.31904
marginal,Link,AT0 0,HVC to air,152917.82867
marginal,Link,AT0 0,Haber-Bosch,8.38695
marginal,Link,AT0 0,Open-Cycle Gas,173.54516
marginal,Link,AT0 0,SMR,30.46868
marginal,Link,AT0 0,Sabatier,0.51879
marginal,Link,AT0 0,battery charger,5.00148
marginal,Link,AT0 0,battery discharger,4.76944
marginal,Link,AT0 0,biogas to gas,6060840.50067
marginal,Link,AT0 0,biomass to liquid,400.90506
marginal,Link,AT0 0,biomass-to-methanol,598.64712
marginal,Link,AT0 0,electricity distribution grid,731090.06219
marginal,Link,AT0 0,gas DRI,2780.58636
marginal,Link,AT0 0,gas for industry,19726.79304
marginal,Link,AT0 0,gas pipeline,32995.71861
marginal,Link,AT0 0,gas pipeline new,-95908.71809
marginal,Link,AT0 0,heat100-200 industry electric boiler steam,47.96575
marginal,Link,AT0 0,heat100-200 industry gas,40562.19599
marginal,Link,AT0 0,heat100-200 industry industrial heat pump high temperature,10972332.71427
marginal,Link,AT0 0,heat100-200 industry solid biomass,11376722.40701
marginal,Link,AT0 0,heat200-500 industry gas,25.87664
marginal,Link,AT0 0,heat200-500 industry hydrogen,114.33217
marginal,Link,AT0 0,heat200-500 industry solid biomass,30920104.21166
marginal,Link,AT0 0,heat<100 industry electric boiler steam,41.4491
marginal,Link,AT0 0,heat<100 industry gas,97.83899
marginal,Link,AT0 0,heat<100 industry industrial heat pump medium temperature,796.67285
marginal,Link,AT0 0,heat<100 industry solid biomass,16672703.08673
marginal,Link,AT0 0,heat>500 industry gas,2339203.14566
marginal,Link,AT0 0,heat>500 industry hydrogen,160.22299
marginal,Link,AT0 0,home battery charger,3.54878
marginal,Link,AT0 0,home battery discharger,3.74857
marginal,Link,AT0 0,methanolisation,15.49492
marginal,Link,AT0 0,municipal solid waste,7330.6615
marginal,Link,AT0 0,rural air heat pump,0.36621
marginal,Link,AT0 0,rural biomass boiler,75782055.471
marginal,Link,AT0 0,rural gas boiler,69845.42085
marginal,Link,AT0 0,rural ground heat pump,18448.16869
marginal,Link,AT0 0,rural resistive heater,5300.6888
marginal,Link,AT0 0,solid biomass for industry,178925.7199
marginal,Link,AT0 0,steel emission,25627.91406
marginal,Link,AT0 0,unsustainable bioliquids,3481683.52442
marginal,Link,AT0 0,urban central air heat pump,0.44344
marginal,Link,AT0 0,urban central gas CHP,1259.06505
marginal,Link,AT0 0,urban central gas boiler,55034.08566
marginal,Link,AT0 0,urban central resistive heater,707.13924
marginal,Link,AT0 0,urban central solid biomass CHP,46679540.39531
marginal,Link,AT0 0,urban central solid biomass CHP CC,13303.42132
marginal,Link,AT0 0,urban decentral air heat pump,5874.817
marginal,Link,AT0 0,urban decentral biomass boiler,71307797.51682
marginal,Link,AT0 0,urban decentral gas boiler,56587.54715
marginal,Link,AT0 0,urban decentral resistive heater,9754.06921
marginal,Link,AT0 0,waste CHP,1541.80833
marginal,Link,BA0 0,BEV charger,12295.37823
marginal,Link,BA0 0,CO2 pipeline,-1.22201
marginal,Link,BA0 0,Combined-Cycle Gas,278.1413
marginal,Link,BA0 0,EAF,0.09888
marginal,Link,BA0 0,H2 DRI,670.61018
marginal,Link,BA0 0,H2 Electrolysis,0.2926
marginal,Link,BA0 0,HVC to air,53648.60482
marginal,Link,BA0 0,Haber-Bosch,7.66223
marginal,Link,BA0 0,Open-Cycle Gas,155.98147
marginal,Link,BA0 0,SMR,31.31021
marginal,Link,BA0 0,Sabatier,0.49538
marginal,Link,BA0 0,battery charger,5.59913
marginal,Link,BA0 0,battery discharger,5.57643
marginal,Link,BA0 0,biogas to gas,45794.92344
marginal,Link,BA0 0,biomass to liquid,4765827.76801
marginal,Link,BA0 0,biomass-to-methanol,613.26888
marginal,Link,BA0 0,electricity distribution grid,112539.0379
marginal,Link,BA0 0,gas DRI,1739.67147
marginal,Link,BA0 0,gas for industry,3543.84145
marginal,Link,BA0 0,gas pipeline,15420.7602
marginal,Link,BA0 0,gas pipeline new,-42165.15385
marginal,Link,BA0 0,heat100-200 industry electric boiler steam,36.92401
marginal,Link,BA0 0,heat100-200 industry gas,85.40227
marginal,Link,BA0 0,heat100-200 industry industrial heat pump high temperature,3387.2954
marginal,Link,BA0 0,heat100-200 industry solid biomass,1464375.02531
marginal,Link,BA0 0,heat200-500 industry gas,19.1525
marginal,Link,BA0 0,heat200-500 industry hydrogen,149.10734
marginal,Link,BA0 0,heat200-500 industry solid biomass,1867363.43347
marginal,Link,BA0 0,heat<100 industry electric boiler steam,36.82192
marginal,Link,BA0 0,heat<100 industry gas,79.62895
marginal,Link,BA0 0,heat<100 industry industrial heat pump medium temperature,882.69086
marginal,Link,BA0 0,heat<100 industry solid biomass,1504359.05395
marginal,Link,BA0 0,heat>500 industry gas,213675.96504
marginal,Link,BA0 0,heat>500 industry hydrogen,165.6468
marginal,Link,BA0 0,home battery charger,12.44981
marginal,Link,BA0 0,home battery discharger,12.54805
marginal,Link,BA0 0,methanolisation,15.14864
marginal,Link,BA0 0,municipal solid waste,0.63217
marginal,Link,BA0 0,rural air heat pump,0.12267
marginal,Link,BA0 0,rural biomass boiler,1786.07239
marginal,Link,BA0 0,rural gas boiler,55318.48772
marginal,Link,BA0 0,rural ground heat pump,0.2168
marginal,Link,BA0 0,rural resistive heater,4518.55168
marginal,Link,BA0 0,solid biomass for industry,6707.46734
marginal,Link,BA0 0,steel emission,3453.22717
marginal,Link,BA0 0,urban central air heat pump,0.78682
marginal,Link,BA0 0,urban central gas CHP,952.96401
marginal,Link,BA0 0,urban central gas boiler,10993.60314
marginal,Link,BA0 0,urban central resistive heater,281.14227
marginal,Link,BA0 0,urban central solid biomass CHP,3453609.02129
marginal,Link,BA0 0,urban central solid biomass CHP CC,3812.97733
marginal,Link,BA0 0,urban decentral air heat pump,0.12855
marginal,Link,BA0 0,urban decentral biomass boiler,1703.02701
marginal,Link,BA0 0,urban decentral gas boiler,39477.99924
marginal,Link,BA0 0,urban decentral resistive heater,3283.32233
marginal,Link,BA0 0,waste CHP,1192.17371
marginal,Link,BE0 0,BEV charger,100657.02004
marginal,Link,BE0 0,CO2 pipeline,-7.80919
marginal,Link,BE0 0,Combined-Cycle Gas,88049114.21216
marginal,Link,BE0 0,DC,27722.02559
marginal,Link,BE0 0,EAF,0.15891
marginal,Link,BE0 0,H2 DRI,1103.67983
marginal,Link,BE0 0,H2 Electrolysis,0.29146
marginal,Link,BE0 0,HVC to air,238186.49323
marginal,Link,BE0 0,Haber-Bosch,45.57877
marginal,Link,BE0 0,Open-Cycle Gas,192.90735
marginal,Link,BE0 0,SMR,70.45841
marginal,Link,BE0 0,Sabatier,0.58352
marginal,Link,BE0 0,battery charger,4.51916
marginal,Link,BE0 0,battery discharger,4.63852
marginal,Link,BE0 0,biogas to gas,6544746.24211
marginal,Link,BE0 0,biomass to liquid,17.83301
marginal,Link,BE0 0,biomass-to-methanol,401.37927
marginal,Link,BE0 0,electricity distribution grid,997955.86632
marginal,Link,BE0 0,gas DRI,2827.24343
marginal,Link,BE0 0,gas for industry,47026.82728
marginal,Link,BE0 0,gas pipeline,218.95635
marginal,Link,BE0 0,gas pipeline new,193080.33284
marginal,Link,BE0 0,heat100-200 industry electric boiler steam,50.07819
marginal,Link,BE0 0,heat100-200 industry gas,114799.6304
marginal,Link,BE0 0,heat100-200 industry industrial heat pump high temperature,16115813.79069
marginal,Link,BE0 0,heat100-200 industry solid biomass,123.06722
marginal,Link,BE0 0,heat200-500 industry gas,1311917.20392
marginal,Link,BE0 0,heat200-500 industry hydrogen,131.14295
marginal,Link,BE0 0,heat200-500 industry solid biomass,662.69939
marginal,Link,BE0 0,heat<100 industry electric boiler steam,48.61922
marginal,Link,BE0 0,heat<100 industry gas,116527.79535
marginal,Link,BE0 0,heat<100 industry industrial heat pump medium temperature,14298486.73069
marginal,Link,BE0 0,heat<100 industry solid biomass,124.12279
marginal,Link,BE0 0,heat>500 industry gas,4336914.76583
marginal,Link,BE0 0,heat>500 industry hydrogen,178.53349
marginal,Link,BE0 0,home battery charger,3.4666
marginal,Link,BE0 0,home battery discharger,3.77059
marginal,Link,BE0 0,methanolisation,28.96694
marginal,Link,BE0 0,municipal solid waste,29442.91694
marginal,Link,BE0 0,rural air heat pump,0.5955
marginal,Link,BE0 0,rural biomass boiler,6690531.80395
marginal,Link,BE0 0,rural gas boiler,45545.61319
marginal,Link,BE0 0,rural ground heat pump,3537.96683
marginal,Link,BE0 0,rural resistive heater,595.31454
marginal,Link,BE0 0,solid biomass for industry,102608.87585
marginal,Link,BE0 0,steel emission,19962.85605
marginal,Link,BE0 0,unsustainable bioliquids,3985648.65872
marginal,Link,BE0 0,urban central air heat pump,4970.35149
marginal,Link,BE0 0,urban central gas CHP,1599.04133
marginal,Link,BE0 0,urban central gas boiler,104495.1941
marginal,Link,BE0 0,urban central resistive heater,311.72013
marginal,Link,BE0 0,urban central solid biomass CHP,217.86086
marginal,Link,BE0 0,urban central solid biomass CHP CC,212.00246
marginal,Link,BE0 0,urban decentral air heat pump,1552.94951
marginal,Link,BE0 0,urban decentral biomass boiler,43080999.81465
marginal,Link,BE0 0,urban decentral gas boiler,334629.11216
marginal,Link,BE0 0,urban decentral resistive heater,40253.62947
marginal,Link,BE0 0,waste CHP,1994.15351
marginal,Link,BG0 0,BEV charger,28765.48982
marginal,Link,BG0 0,CO2 pipeline,-12.46123
marginal,Link,BG0 0,Combined-Cycle Gas,2411515.40554
marginal,Link,BG0 0,H2 Electrolysis,0.31527
marginal,Link,BG0 0,HVC to air,121809.8978
marginal,Link,BG0 0,Haber-Bosch,12.06864
marginal,Link,BG0 0,Open-Cycle Gas,167.67935
marginal,Link,BG0 0,SMR,37.27365
marginal,Link,BG0 0,Sabatier,0.54925
marginal,Link,BG0 0,battery charger,5.55512
marginal,Link,BG0 0,battery discharger,6.10921
marginal,Link,BG0 0,biogas to gas,1439588.7346
marginal,Link,BG0 0,biomass to liquid,1103519.54837
marginal,Link,BG0 0,biomass-to-methanol,605.49578
marginal,Link,BG0 0,co2 sequestered,3792.07472
marginal,Link,BG0 0,electricity distribution grid,397014.27561
marginal,Link,BG0 0,gas for industry,15059.09278
marginal,Link,BG0 0,gas pipeline,44.5242
marginal,Link,BG0 0,gas pipeline new,485877.63258
marginal,Link,BG0 0,heat100-200 industry electric boiler steam,42.17692
marginal,Link,BG0 0,heat100-200 industry gas,100.94872
marginal,Link,BG0 0,heat100-200 industry industrial heat pump high temperature,5035.13713
marginal,Link,BG0 0,heat100-200 industry solid biomass,9318503.85135
marginal,Link,BG0 0,heat200-500 industry gas,24.76169
marginal,Link,BG0 0,heat200-500 industry hydrogen,136.04704
marginal,Link,BG0 0,heat200-500 industry solid biomass,10181568.47857
marginal,Link,BG0 0,heat<100 industry electric boiler steam,39.21873
marginal,Link,BG0 0,heat<100 industry gas,106.34911
marginal,Link,BG0 0,heat<100 industry industrial heat pump medium temperature,781.33133
marginal,Link,BG0 0,heat<100 industry solid biomass,6606809.48431
marginal,Link,BG0 0,heat>500 industry gas,1213337.65493
marginal,Link,BG0 0,heat>500 industry hydrogen,149.45475
marginal,Link,BG0 0,home battery charger,12.9982
marginal,Link,BG0 0,home battery discharger,12.27189
marginal,Link,BG0 0,methanolisation,18.65853
marginal,Link,BG0 0,municipal solid waste,2670.71925
marginal,Link,BG0 0,rural air heat pump,0.3063
marginal,Link,BG0 0,rural biomass boiler,21371924.48202
marginal,Link,BG0 0,rural gas boiler,592.38353
marginal,Link,BG0 0,rural ground heat pump,4164.55804
marginal,Link,BG0 0,rural resistive heater,389.17928
marginal,Link,BG0 0,solid biomass for industry,33682.50158
marginal,Link,BG0 0,unsustainable bioliquids,1443686.68123
marginal,Link,BG0 0,urban central air heat pump,0.72395
marginal,Link,BG0 0,urban central gas CHP,1370.78098
marginal,Link,BG0 0,urban central gas boiler,21852.29621
marginal,Link,BG0 0,urban central resistive heater,814.11787
marginal,Link,BG0 0,urban central solid biomass CHP,3667095.77227
marginal,Link,BG0 0,urban central solid biomass CHP CC,5389937.29543
marginal,Link,BG0 0,urban decentral air heat pump,6178.54865
marginal,Link,BG0 0,urban decentral biomass boiler,26501614.13869
marginal,Link,BG0 0,urban decentral gas boiler,813.96079
marginal,Link,BG0 0,urban decentral resistive heater,20712.23045
marginal,Link,BG0 0,waste CHP,1373.78788
marginal,Link,CH0 0,BEV charger,40783.23405
marginal,Link,CH0 0,CO2 pipeline,59.45928
marginal,Link,CH0 0,Combined-Cycle Gas,587769.18592
marginal,Link,CH0 0,EAF,0.0976
marginal,Link,CH0 0,H2 DRI,663.79534
marginal,Link,CH0 0,H2 Electrolysis,0.301
marginal,Link,CH0 0,HVC to air,192361.09295
marginal,Link,CH0 0,Haber-Bosch,9.42837
marginal,Link,CH0 0,Open-Cycle Gas,140.5539
marginal,Link,CH0 0,SMR,26.37148
marginal,Link,CH0 0,Sabatier,0.54958
marginal,Link,CH0 0,battery charger,4.57188
marginal,Link,CH0 0,battery discharger,5.0971
marginal,Link,CH0 0,biogas to gas,961.2272
marginal,Link,CH0 0,biomass to liquid,1010079.1967
marginal,Link,CH0 0,biomass-to-methanol,631.27053
marginal,Link,CH0 0,electricity distribution grid,742183.81218
marginal,Link,CH0 0,gas DRI,1733.9143
marginal,Link,CH0 0,gas for industry,10910.78725
marginal,Link,CH0 0,gas pipeline,140071.04678
marginal,Link,CH0 0,gas pipeline new,-292267.06609
marginal,Link,CH0 0,heat100-200 industry electric boiler steam,43.13686
marginal,Link,CH0 0,heat100-200 industry gas,165.4832
marginal,Link,CH0 0,heat100-200 industry industrial heat pump high temperature,26013.35661
marginal,Link,CH0 0,heat100-200 industry solid biomass,14513730.30899
marginal,Link,CH0 0,heat200-500 industry gas,20.87436
marginal,Link,CH0 0,heat200-500 industry hydrogen,127.19612
marginal,Link,CH0 0,heat200-500 industry solid biomass,11864565.996
marginal,Link,CH0 0,heat<100 industry electric boiler steam,42.16891
marginal,Link,CH0 0,heat<100 industry gas,82.01356
marginal,Link,CH0 0,heat<100 industry industrial heat pump medium temperature,824.174
marginal,Link,CH0 0,heat<100 industry solid biomass,10679723.56185
marginal,Link,CH0 0,heat>500 industry gas,911881.28962
marginal,Link,CH0 0,heat>500 industry hydrogen,148.03111
marginal,Link,CH0 0,home battery charger,7.76505
marginal,Link,CH0 0,home battery discharger,9.08614
marginal,Link,CH0 0,methanolisation,14.71012
marginal,Link,CH0 0,municipal solid waste,67274.91224
marginal,Link,CH0 0,rural air heat pump,0.16627
marginal,Link,CH0 0,rural biomass boiler,2916.0664
marginal,Link,CH0 0,rural gas boiler,3023.50285
marginal,Link,CH0 0,rural ground heat pump,31510.69125
marginal,Link,CH0 0,rural resistive heater,238.07587
marginal,Link,CH0 0,solid biomass for industry,22555.51665
marginal,Link,CH0 0,steel emission,2378.99787
marginal,Link,CH0 0,urban central air heat pump,0.54784
marginal,Link,CH0 0,urban central gas CHP,848.70833
marginal,Link,CH0 0,urban central gas boiler,25712.32068
marginal,Link,CH0 0,urban central resistive heater,2140.23991
marginal,Link,CH0 0,urban central solid biomass CHP,33016366.18603
marginal,Link,CH0 0,urban central solid biomass CHP CC,88153.04227
marginal,Link,CH0 0,urban decentral air heat pump,94842.06545
marginal,Link,CH0 0,urban decentral biomass boiler,2709.72136
marginal,Link,CH0 0,urban decentral gas boiler,114234.50694
marginal,Link,CH0 0,urban decentral resistive heater,8815.14124
marginal,Link,CH0 0,waste CHP,1469.58595
marginal,Link,CZ0 0,BEV charger,69142.15383
marginal,Link,CZ0 0,CO2 pipeline,2.83929
marginal,Link,CZ0 0,Combined-Cycle Gas,41238625.04066
marginal,Link,CZ0 0,EAF,0.15349
marginal,Link,CZ0 0,H2 DRI,992.43376
marginal,Link,CZ0 0,H2 Electrolysis,0.25473
marginal,Link,CZ0 0,HVC to air,164690.81526
marginal,Link,CZ0 0,Haber-Bosch,8.61347
marginal,Link,CZ0 0,Open-Cycle Gas,214.36294
marginal,Link,CZ0 0,SMR,24.54339
marginal,Link,CZ0 0,Sabatier,0.48149
marginal,Link,CZ0 0,battery charger,4.9055
marginal,Link,CZ0 0,battery discharger,5.04465
marginal,Link,CZ0 0,biogas to gas,16420061.2356
marginal,Link,CZ0 0,biomass to liquid,118.70731
marginal,Link,CZ0 0,biomass-to-methanol,580.24925
marginal,Link,CZ0 0,electricity distribution grid,737278.17294
marginal,Link,CZ0 0,gas DRI,2502.85513
marginal,Link,CZ0 0,gas for industry,15798.57578
marginal,Link,CZ0 0,gas pipeline,122961.53903
marginal,Link,CZ0 0,gas pipeline new,-310.76269
marginal,Link,CZ0 0,heat100-200 industry electric boiler steam,42.47414
marginal,Link,CZ0 0,heat100-200 industry gas,42043.37919
marginal,Link,CZ0 0,heat100-200 industry industrial heat pump high temperature,9529162.81781
marginal,Link,CZ0 0,heat100-200 industry solid biomass,1502.50672
marginal,Link,CZ0 0,heat200-500 industry gas,52.00664
marginal,Link,CZ0 0,heat200-500 industry hydrogen,125.30895
marginal,Link,CZ0 0,heat200-500 industry solid biomass,29333886.18799
marginal,Link,CZ0 0,heat<100 industry electric boiler steam,42.57458
marginal,Link,CZ0 0,heat<100 industry gas,60077.3232
marginal,Link,CZ0 0,heat<100 industry industrial heat pump medium temperature,8786035.83608
marginal,Link,CZ0 0,heat<100 industry solid biomass,2068111.02146
marginal,Link,CZ0 0,heat>500 industry gas,2141022.1468
marginal,Link,CZ0 0,heat>500 industry hydrogen,158.56365
marginal,Link,CZ0 0,home battery charger,4.30939
marginal,Link,CZ0 0,home battery discharger,4.29067
marginal,Link,CZ0 0,methanolisation,11.51395
marginal,Link,CZ0 0,municipal solid waste,3011.87795
marginal,Link,CZ0 0,rural air heat pump,0.24054
marginal,Link,CZ0 0,rural biomass boiler,67679613.93148
marginal,Link,CZ0 0,rural gas boiler,80695.52328
marginal,Link,CZ0 0,rural ground heat pump,9669.13466
marginal,Link,CZ0 0,rural resistive heater,23613.27937
marginal,Link,CZ0 0,solid biomass for industry,96544.92665
marginal,Link,CZ0 0,steel emission,19247.78318
marginal,Link,CZ0 0,unsustainable bioliquids,2447907.01855
marginal,Link,CZ0 0,urban central air heat pump,0.45076
marginal,Link,CZ0 0,urban central gas CHP,2834.83623
marginal,Link,CZ0 0,urban central gas boiler,85187.54961
marginal,Link,CZ0 0,urban central resistive heater,4.52467
marginal,Link,CZ0 0,urban central solid biomass CHP,39898251.9801
marginal,Link,CZ0 0,urban central solid biomass CHP CC,8409.43732
marginal,Link,CZ0 0,urban decentral air heat pump,5573.61239
marginal,Link,CZ0 0,urban decentral biomass boiler,108887527.07553
marginal,Link,CZ0 0,urban decentral gas boiler,139891.41516
marginal,Link,CZ0 0,urban decentral resistive heater,48588.74594
marginal,Link,CZ0 0,waste CHP,1706.64764
marginal,Link,DE0 0,BEV charger,84369.02977
marginal,Link,DE0 0,CO2 pipeline,-12.87184
marginal,Link,DE0 0,Combined-Cycle Gas,46666126.74713
marginal,Link,DE0 0,DC,30347.03858
marginal,Link,DE0 0,EAF,0.1689
marginal,Link,DE0 0,H2 DRI,1144.85018
marginal,Link,DE0 0,H2 Electrolysis,0.28392
marginal,Link,DE0 0,HVC to air,253475.64524
marginal,Link,DE0 0,Haber-Bosch,12.11148
marginal,Link,DE0 0,Open-Cycle Gas,210.25193
marginal,Link,DE0 0,SMR,27.45688
marginal,Link,DE0 0,Sabatier,0.58459
marginal,Link,DE0 0,battery charger,4.55425
marginal,Link,DE0 0,battery discharger,4.97796
marginal,Link,DE0 0,biogas to gas,45702946.49691
marginal,Link,DE0 0,biomass to liquid,243.99587
marginal,Link,DE0 0,biomass-to-methanol,595.54012
marginal,Link,DE0 0,co2 sequestered,16367.38389
marginal,Link,DE0 0,electricity distribution grid,839914.13106
marginal,Link,DE0 0,gas DRI,2937.73039
marginal,Link,DE0 0,gas for industry,39339.64502
marginal,Link,DE0 0,gas pipeline,151480.56519
marginal,Link,DE0 0,heat100-200 industry electric boiler steam,49.08561
marginal,Link,DE0 0,heat100-200 industry gas,110594.91321
marginal,Link,DE0 0,heat100-200 industry industrial heat pump high temperature,15202103.42315
marginal,Link,DE0 0,heat100-200 industry solid biomass,1639.17087
marginal,Link,DE0 0,heat200-500 industry gas,35.27642
marginal,Link,DE0 0,heat200-500 industry hydrogen,117.13164
marginal,Link,DE0 0,heat200-500 industry solid biomass,40265527.57307
marginal,Link,DE0 0,heat<100 industry electric boiler steam,47.23901
marginal,Link,DE0 0,heat<100 industry gas,78189.17465
marginal,Link,DE0 0,heat<100 industry industrial heat pump medium temperature,9020618.21269
marginal,Link,DE0 0,heat<100 industry solid biomass,9122103.63075
marginal,Link,DE0 0,heat>500 industry gas,3307816.40019
marginal,Link,DE0 0,heat>500 industry hydrogen,169.4685
marginal,Link,DE0 0,home battery charger,3.62349
marginal,Link,DE0 0,home battery discharger,3.2863
marginal,Link,DE0 0,methanolisation,16.49487
marginal,Link,DE0 0,municipal solid waste,16794.53912
marginal,Link,DE0 0,rural air heat pump,0.25773
marginal,Link,DE0 0,rural biomass boiler,29602931.86306
marginal,Link,DE0 0,rural gas boiler,103791.33053
marginal,Link,DE0 0,rural ground heat pump,10919.29543
marginal,Link,DE0 0,rural resistive heater,2682.74005
marginal,Link,DE0 0,solid biomass for industry,66104.36218
marginal,Link,DE0 0,steel emission,24799.5717
marginal,Link,DE0 0,unsustainable bioliquids,6676696.13036
marginal,Link,DE0 0,urban central air heat pump,0.68309
marginal,Link,DE0 0,urban central gas CHP,1331.37154
marginal,Link,DE0 0,urban central gas boiler,114373.11619
marginal,Link,DE0 0,urban central resistive heater,1179.716
marginal,Link,DE0 0,urban central solid biomass CHP,14080470.69297
marginal,Link,DE0 0,urban central solid biomass CHP CC,22090489.28954
marginal,Link,DE0 0,urban decentral air heat pump,3692.85975
marginal,Link,DE0 0,urban decentral biomass boiler,64931350.92236
marginal,Link,DE0 0,urban decentral gas boiler,216958.11228
marginal,Link,DE0 0,urban decentral resistive heater,7424.65636
marginal,Link,DE0 0,waste CHP,1574.85802
marginal,Link,DE0 1,BEV charger,48697.29455
marginal,Link,DE0 1,CO2 pipeline,202.22759
marginal,Link,DE0 1,Combined-Cycle Gas,30534770.49342
marginal,Link,DE0 1,H2 Electrolysis,0.28271
marginal,Link,DE0 1,HVC to air,122547.72846
marginal,Link,DE0 1,Haber-Bosch,6.30607
marginal,Link,DE0 1,Open-Cycle Gas,169.7071
marginal,Link,DE0 1,SMR,14.26608
marginal,Link,DE0 1,Sabatier,0.50291
marginal,Link,DE0 1,battery charger,5.06843
marginal,Link,DE0 1,battery discharger,4.38295
marginal,Link,DE0 1,biogas to gas,27652786.00324
marginal,Link,DE0 1,biomass to liquid,268.76483
marginal,Link,DE0 1,biomass-to-methanol,612.63293
marginal,Link,DE0 1,electricity distribution grid,531580.53392
marginal,Link,DE0 1,gas for industry,5382.98073
marginal,Link,DE0 1,gas pipeline,35127.0754
marginal,Link,DE0 1,gas pipeline new,-99.08991
marginal,Link,DE0 1,heat100-200 industry electric boiler steam,40.3509
marginal,Link,DE0 1,heat100-200 industry gas,9379.55757
marginal,Link,DE0 1,heat100-200 industry industrial heat pump high temperature,2110991.82649
marginal,Link,DE0 1,heat100-200 industry solid biomass,10390647.08833
marginal,Link,DE0 1,heat200-500 industry gas,24.09982
marginal,Link,DE0 1,heat200-500 industry hydrogen,131.22933
marginal,Link,DE0 1,heat200-500 industry solid biomass,13266556.15705
marginal,Link,DE0 1,heat<100 industry electric boiler steam,38.71595
marginal,Link,DE0 1,heat<100 industry gas,96.19403
marginal,Link,DE0 1,heat<100 industry industrial heat pump medium temperature,743.33212
marginal,Link,DE0 1,heat<100 industry solid biomass,9877991.11453
marginal,Link,DE0 1,heat>500 industry gas,784325.55791
marginal,Link,DE0 1,heat>500 industry hydrogen,149.65061
marginal,Link,DE0 1,home battery charger,3.34908
marginal,Link,DE0 1,home battery discharger,3.29176
marginal,Link,DE0 1,methanolisation,8.16138
marginal,Link,DE0 1,municipal solid waste,10040.9711
marginal,Link,DE0 1,rural air heat pump,0.17353
marginal,Link,DE0 1,rural biomass boiler,31068001.77153
marginal,Link,DE0 1,rural gas boiler,113053.02296
marginal,Link,DE0 1,rural ground heat pump,5712.46753
marginal,Link,DE0 1,rural resistive heater,1317.49066
marginal,Link,DE0 1,solid biomass for industry,36862.47675
marginal,Link,DE0 1,unsustainable bioliquids,4039605.12164
marginal,Link,DE0 1,urban central air heat pump,0.52134
marginal,Link,DE0 1,urban central gas CHP,1165.41319
marginal,Link,DE0 1,urban central gas boiler,23713.67151
marginal,Link,DE0 1,urban central resistive heater,169.99755
marginal,Link,DE0 1,urban central solid biomass CHP,16724957.10984
marginal,Link,DE0 1,urban central solid biomass CHP CC,330021.76724
marginal,Link,DE0 1,urban decentral air heat pump,1941.0751
marginal,Link,DE0 1,urban decentral biomass boiler,20200179.70075
marginal,Link,DE0 1,urban decentral gas boiler,67653.95581
marginal,Link,DE0 1,urban decentral resistive heater,3578.463
marginal,Link,DE0 1,waste CHP,1514.03169
marginal,Link,DE0 2,BEV charger,133632.82576
marginal,Link,DE0 2,CO2 pipeline,-601.63648
marginal,Link,DE0 2,Combined-Cycle Gas,142159367.66268
marginal,Link,DE0 2,DC,30533.7232
marginal,Link,DE0 2,EAF,0.21452
marginal,Link,DE0 2,H2 DRI,1436.79935
marginal,Link,DE0 2,H2 Electrolysis,0.31145
marginal,Link,DE0 2,HVC to air,340946.89963
marginal,Link,DE0 2,Haber-Bosch,187258.67929
marginal,Link,DE0 2,Open-Cycle Gas,201.77361
marginal,Link,DE0 2,SMR,122020.34205
marginal,Link,DE0 2,Sabatier,0.57566
marginal,Link,DE0 2,battery charger,5.00213
marginal,Link,DE0 2,battery discharger,4.97721
marginal,Link,DE0 2,biogas to gas,32219113.94751
marginal,Link,DE0 2,biomass to liquid,17.41279
marginal,Link,DE0 2,biomass-to-methanol,402.13892
marginal,Link,DE0 2,co2 sequestered,862.40111
marginal,Link,DE0 2,electricity distribution grid,1355649.31337
marginal,Link,DE0 2,gas DRI,3581.7995
marginal,Link,DE0 2,gas for industry,63053.03714
marginal,Link,DE0 2,gas pipeline,417817.01289
marginal,Link,DE0 2,heat100-200 industry electric boiler steam,57.96842
marginal,Link,DE0 2,heat100-200 industry gas,222325.68403
marginal,Link,DE0 2,heat100-200 industry industrial heat pump high temperature,29461166.79052
marginal,Link,DE0 2,heat100-200 industry solid biomass,123.53482
marginal,Link,DE0 2,heat200-500 industry gas,2245192.02475
marginal,Link,DE0 2,heat200-500 industry hydrogen,153.33479
marginal,Link,DE0 2,heat200-500 industry solid biomass,679.27002
marginal,Link,DE0 2,heat<100 industry electric boiler steam,53.91051
marginal,Link,DE0 2,heat<100 industry gas,188074.80759
marginal,Link,DE0 2,heat<100 industry industrial heat pump medium temperature,22922723.40055
marginal,Link,DE0 2,heat<100 industry solid biomass,128.50991
marginal,Link,DE0 2,heat>500 industry gas,6607439.91089
marginal,Link,DE0 2,heat>500 industry hydrogen,193.52562
marginal,Link,DE0 2,home battery charger,3.80221
marginal,Link,DE0 2,home battery discharger,3.946
marginal,Link,DE0 2,methanolisation,27.10106
marginal,Link,DE0 2,municipal solid waste,26603.38472
marginal,Link,DE0 2,rural air heat pump,0.38798
marginal,Link,DE0 2,rural biomass boiler,15351348.76699
marginal,Link,DE0 2,rural gas boiler,58762.62624
marginal,Link,DE0 2,rural ground heat pump,18010.05694
marginal,Link,DE0 2,rural resistive heater,3193.53714
marginal,Link,DE0 2,solid biomass for industry,142081.68705
marginal,Link,DE0 2,steel emission,62857.94635
marginal,Link,DE0 2,unsustainable bioliquids,4700022.89066
marginal,Link,DE0 2,urban central air heat pump,15978.95073
marginal,Link,DE0 2,urban central gas CHP,1733.822
marginal,Link,DE0 2,urban central gas boiler,269293.98404
marginal,Link,DE0 2,urban central resistive heater,4005.8722
marginal,Link,DE0 2,urban central solid biomass CHP,224.49634
marginal,Link,DE0 2,urban central solid biomass CHP CC,199.58988
marginal,Link,DE0 2,urban decentral air heat pump,5934.04814
marginal,Link,DE0 2,urban decentral biomass boiler,121697338.17748
marginal,Link,DE0 2,urban decentral gas boiler,422005.77588
marginal,Link,DE0 2,urban decentral resistive heater,10748.71117
marginal,Link,DE0 2,waste CHP,2040.47007
marginal,Link,DE0 3,BEV charger,66205.58691
marginal,Link,DE0 3,CO2 pipeline,2.86118
marginal,Link,DE0 3,Combined-Cycle Gas,56690401.67927
marginal,Link,DE0 3,H2 Electrolysis,0.29404
marginal,Link,DE0 3,HVC to air,171525.50277
marginal,Link,DE0 3,Haber-Bosch,6.44816
marginal,Link,DE0 3,Open-Cycle Gas,42483.97183
marginal,Link,DE0 3,SMR,15.30241
marginal,Link,DE0 3,Sabatier,0.52364
marginal,Link,DE0 3,battery charger,5.19857
marginal,Link,DE0 3,battery discharger,4.46014
marginal,Link,DE0 3,biogas to gas,34767686.7568
marginal,Link,DE0 3,biomass to liquid,146.14233
marginal,Link,DE0 3,biomass-to-methanol,600.61595
marginal,Link,DE0 3,electricity distribution grid,644163.85298
marginal,Link,DE0 3,gas for industry,14298.54773
marginal,Link,DE0 3,gas pipeline,21.14776
marginal,Link,DE0 3,gas pipeline new,-387076.88954
marginal,Link,DE0 3,heat100-200 industry electric boiler steam,42.4473
marginal,Link,DE0 3,heat100-200 industry gas,37689.87771
marginal,Link,DE0 3,heat100-200 industry industrial heat pump high temperature,8982161.82353
marginal,Link,DE0 3,heat100-200 industry solid biomass,1589.71585
marginal,Link,DE0 3,heat200-500 industry gas,30.98203
marginal,Link,DE0 3,heat200-500 industry hydrogen,119.6454
marginal,Link,DE0 3,heat200-500 industry solid biomass,22422521.31538
marginal,Link,DE0 3,heat<100 industry electric boiler steam,41.02287
marginal,Link,DE0 3,heat<100 industry gas,3461.88407
marginal,Link,DE0 3,heat<100 industry industrial heat pump medium temperature,698038.60716
marginal,Link,DE0 3,heat<100 industry solid biomass,15438757.42291
marginal,Link,DE0 3,heat>500 industry gas,2005327.82633
marginal,Link,DE0 3,heat>500 industry hydrogen,158.01755
marginal,Link,DE0 3,home battery charger,3.44585
marginal,Link,DE0 3,home battery discharger,3.24678
marginal,Link,DE0 3,methanolisation,7.82996
marginal,Link,DE0 3,municipal solid waste,11761.04911
marginal,Link,DE0 3,rural air heat pump,0.3461
marginal,Link,DE0 3,rural biomass boiler,27495388.69717
marginal,Link,DE0 3,rural gas boiler,92625.01378
marginal,Link,DE0 3,rural ground heat pump,7853.60898
marginal,Link,DE0 3,rural resistive heater,1875.55671
marginal,Link,DE0 3,solid biomass for industry,58447.04746
marginal,Link,DE0 3,unsustainable bioliquids,5070572.5872
marginal,Link,DE0 3,urban central air heat pump,0.57379
marginal,Link,DE0 3,urban central gas CHP,1279.62478
marginal,Link,DE0 3,urban central gas boiler,54938.79503
marginal,Link,DE0 3,urban central resistive heater,506.77948
marginal,Link,DE0 3,urban central solid biomass CHP,32894573.80676
marginal,Link,DE0 3,urban central solid biomass CHP CC,9910.76901
marginal,Link,DE0 3,urban decentral air heat pump,2940.50389
marginal,Link,DE0 3,urban decentral biomass boiler,41833857.42527
marginal,Link,DE0 3,urban decentral gas boiler,136751.67078
marginal,Link,DE0 3,urban decentral resistive heater,5351.3252
marginal,Link,DE0 3,waste CHP,1667.38839
marginal,Link,DE0 4,BEV charger,131077.15281
marginal,Link,DE0 4,CO2 pipeline,0.9692
marginal,Link,DE0 4,Combined-Cycle Gas,117272387.7626
marginal,Link,DE0 4,EAF,0.16134
marginal,Link,DE0 4,H2 DRI,1072.32494
marginal,Link,DE0 4,H2 Electrolysis,0.27339
marginal,Link,DE0 4,HVC to air,309591.00993
marginal,Link,DE0 4,Haber-Bosch,11.53275
marginal,Link,DE0 4,Open-Cycle Gas,155.73678
marginal,Link,DE0 4,SMR,17.62766
marginal,Link,DE0 4,Sabatier,0.59264
marginal,Link,DE0 4,battery charger,4.28792
marginal,Link,DE0 4,battery discharger,4.41279
marginal,Link,DE0 4,biogas to gas,34017119.46481
marginal,Link,DE0 4,biomass to liquid,41.97441
marginal,Link,DE0 4,biomass-to-methanol,531.22592
marginal,Link,DE0 4,electricity distribution grid,1304103.69285
marginal,Link,DE0 4,gas DRI,2538.46294
marginal,Link,DE0 4,gas for industry,45946.55887
marginal,Link,DE0 4,gas pipeline,63917.09059
marginal,Link,DE0 4,heat100-200 industry electric boiler steam,51.23637
marginal,Link,DE0 4,heat100-200 industry gas,96617.12436
marginal,Link,DE0 4,heat100-200 industry industrial heat pump high temperature,23437831.48977
marginal,Link,DE0 4,heat100-200 industry solid biomass,317.03577
marginal,Link,DE0 4,heat200-500 industry gas,1484397.87718
marginal,Link,DE0 4,heat200-500 industry hydrogen,136.68027
marginal,Link,DE0 4,heat200-500 industry solid biomass,3086.58547
marginal,Link,DE0 4,heat<100 industry electric boiler steam,47.22741
marginal,Link,DE0 4,heat<100 industry gas,74233.24528
marginal,Link,DE0 4,heat<100 industry industrial heat pump medium temperature,17085089.05664
marginal,Link,DE0 4,heat<100 industry solid biomass,361.50474
marginal,Link,DE0 4,heat>500 industry gas,3052765.43242
marginal,Link,DE0 4,heat>500 industry hydrogen,170.68375
marginal,Link,DE0 4,home battery charger,3.30263
marginal,Link,DE0 4,home battery discharger,3.37893
marginal,Link,DE0 4,methanolisation,6.90423
marginal,Link,DE0 4,municipal solid waste,23370.61168
marginal,Link,DE0 4,rural air heat pump,0.50952
marginal,Link,DE0 4,rural biomass boiler,13058653.2265
marginal,Link,DE0 4,rural gas boiler,50642.73531
marginal,Link,DE0 4,rural ground heat pump,16035.57884
marginal,Link,DE0 4,rural resistive heater,114.92181
marginal,Link,DE0 4,solid biomass for industry,95622.70072
marginal,Link,DE0 4,steel emission,19692.91143
marginal,Link,DE0 4,unsustainable bioliquids,4966575.36107
marginal,Link,DE0 4,urban central air heat pump,10603.17709
marginal,Link,DE0 4,urban central gas CHP,1992.15674
marginal,Link,DE0 4,urban central gas boiler,255935.89862
marginal,Link,DE0 4,urban central resistive heater,522.0798
marginal,Link,DE0 4,urban central solid biomass CHP,14202714.61411
marginal,Link,DE0 4,urban central solid biomass CHP CC,21068.58063
marginal,Link,DE0 4,urban decentral air heat pump,5455.8327
marginal,Link,DE0 4,urban decentral biomass boiler,112611708.0404
marginal,Link,DE0 4,urban decentral gas boiler,427344.7379
marginal,Link,DE0 4,urban decentral resistive heater,9142.80269
marginal,Link,DE0 4,waste CHP,2408.91445
marginal,Link,DE0 5,BEV charger,91940.91704
marginal,Link,DE0 5,CO2 pipeline,12021.21239
marginal,Link,DE0 5,Combined-Cycle Gas,72291593.03167
marginal,Link,DE0 5,DC,5593.86003
marginal,Link,DE0 5,EAF,0.12782
marginal,Link,DE0 5,H2 DRI,827.39802
marginal,Link,DE0 5,H2 Electrolysis,0.31271
marginal,Link,DE0 5,HVC to air,253438.5501
marginal,Link,DE0 5,Haber-Bosch,10.04375
marginal,Link,DE0 5,Open-Cycle Gas,201.74754
marginal,Link,DE0 5,SMR,26.44086
marginal,Link,DE0 5,Sabatier,0.53448
marginal,Link,DE0 5,battery charger,5.25298
marginal,Link,DE0 5,battery discharger,4.42495
marginal,Link,DE0 5,biogas to gas,40170876.10114
marginal,Link,DE0 5,biomass to liquid,161.25843
marginal,Link,DE0 5,biomass-to-methanol,588.54791
marginal,Link,DE0 5,electricity distribution grid,890656.52655
marginal,Link,DE0 5,gas DRI,2139.61653
marginal,Link,DE0 5,gas for industry,66546.75717
marginal,Link,DE0 5,gas pipeline,50775.44942
marginal,Link,DE0 5,heat100-200 industry electric boiler steam,49.00195
marginal,Link,DE0 5,heat100-200 industry gas,131604.51258
marginal,Link,DE0 5,heat100-200 industry industrial heat pump high temperature,17955243.56346
marginal,Link,DE0 5,heat100-200 industry solid biomass,1527.1013
marginal,Link,DE0 5,heat200-500 industry gas,43.23003
marginal,Link,DE0 5,heat200-500 industry hydrogen,123.26612
marginal,Link,DE0 5,heat200-500 industry solid biomass,42604900.17585
marginal,Link,DE0 5,heat<100 industry electric boiler steam,46.86636
marginal,Link,DE0 5,heat<100 industry gas,106156.41679
marginal,Link,DE0 5,heat<100 industry industrial heat pump medium temperature,11259029.04852
marginal,Link,DE0 5,heat<100 industry solid biomass,9517404.89111
marginal,Link,DE0 5,heat>500 industry gas,3913706.30711
marginal,Link,DE0 5,heat>500 industry hydrogen,178.1961
marginal,Link,DE0 5,home battery charger,3.82723
marginal,Link,DE0 5,home battery discharger,3.72304
marginal,Link,DE0 5,methanolisation,14.3632
marginal,Link,DE0 5,municipal solid waste,17377.36071
marginal,Link,DE0 5,rural air heat pump,0.15413
marginal,Link,DE0 5,rural biomass boiler,40872638.41284
marginal,Link,DE0 5,rural gas boiler,150367.27772
marginal,Link,DE0 5,rural ground heat pump,9982.50633
marginal,Link,DE0 5,rural resistive heater,2951.18715
marginal,Link,DE0 5,solid biomass for industry,63724.93268
marginal,Link,DE0 5,steel emission,7912.93026
marginal,Link,DE0 5,unsustainable bioliquids,5868473.32799
marginal,Link,DE0 5,urban central air heat pump,0.59153
marginal,Link,DE0 5,urban central gas CHP,1758.97487
marginal,Link,DE0 5,urban central gas boiler,99040.80126
marginal,Link,DE0 5,urban central resistive heater,24.78036
marginal,Link,DE0 5,urban central solid biomass CHP,7707775.1947
marginal,Link,DE0 5,urban central solid biomass CHP CC,17859436.78908
marginal,Link,DE0 5,urban decentral air heat pump,4001.74019
marginal,Link,DE0 5,urban decentral biomass boiler,51903703.45588
marginal,Link,DE0 5,urban decentral gas boiler,180625.38847
marginal,Link,DE0 5,urban decentral resistive heater,7120.61483
marginal,Link,DE0 5,waste CHP,1654.80582
marginal,Link,DK0 0,BEV charger,31222.01554
marginal,Link,DK0 0,CO2 pipeline,1.26633
marginal,Link,DK0 0,Combined-Cycle Gas,6430391.16568
marginal,Link,DK0 0,DC,165941.38215
marginal,Link,DK0 0,H2 Electrolysis,0.38731
marginal,Link,DK0 0,HVC to air,59046.95943
marginal,Link,DK0 0,Haber-Bosch,220173.82667
marginal,Link,DK0 0,Open-Cycle Gas,168.7551
marginal,Link,DK0 0,SMR,180336.83127
marginal,Link,DK0 0,Sabatier,0.56674
marginal,Link,DK0 0,battery charger,5.13931
marginal,Link,DK0 0,battery discharger,5.13682
marginal,Link,DK0 0,biogas to gas,8146214.69813
marginal,Link,DK0 0,biomass to liquid,231.40402
marginal,Link,DK0 0,biomass-to-methanol,594.98885
marginal,Link,DK0 0,co2 sequestered,3.93419
marginal,Link,DK0 0,electricity distribution grid,269214.62266
marginal,Link,DK0 0,gas for industry,12698.69824
marginal,Link,DK0 0,gas pipeline,90339.86885
marginal,Link,DK0 0,gas pipeline new,184979.61504
marginal,Link,DK0 0,heat100-200 industry electric boiler steam,46.84335
marginal,Link,DK0 0,heat100-200 industry gas,13634.8211
marginal,Link,DK0 0,heat100-200 industry industrial heat pump high temperature,1947669.20449
marginal,Link,DK0 0,heat100-200 industry solid biomass,764.06198
marginal,Link,DK0 0,heat200-500 industry gas,32.47003
marginal,Link,DK0 0,heat200-500 industry hydrogen,158.31646
marginal,Link,DK0 0,heat200-500 industry solid biomass,4670167.07933
marginal,Link,DK0 0,heat<100 industry electric boiler steam,47.14927
marginal,Link,DK0 0,heat<100 industry gas,14511.88905
marginal,Link,DK0 0,heat<100 industry industrial heat pump medium temperature,1875844.59103
marginal,Link,DK0 0,heat<100 industry solid biomass,882.65395
marginal,Link,DK0 0,heat>500 industry gas,407834.10716
marginal,Link,DK0 0,heat>500 industry hydrogen,156.44383
marginal,Link,DK0 0,home battery charger,3.76501
marginal,Link,DK0 0,home battery discharger,3.92661
marginal,Link,DK0 0,methanolisation,40074.65266
marginal,Link,DK0 0,municipal solid waste,10951.17946
marginal,Link,DK0 0,rural air heat pump,0.68886
marginal,Link,DK0 0,rural biomass boiler,10737852.8717
marginal,Link,DK0 0,rural gas boiler,8003.99764
marginal,Link,DK0 0,rural ground heat pump,8723.91078
marginal,Link,DK0 0,rural resistive heater,1298.11681
marginal,Link,DK0 0,solid biomass for industry,24598.21755
marginal,Link,DK0 0,unsustainable bioliquids,21894.15204
marginal,Link,DK0 0,urban central air heat pump,14735.25984
marginal,Link,DK0 0,urban central gas CHP,742.23548
marginal,Link,DK0 0,urban central gas boiler,73514.79063
marginal,Link,DK0 0,urban central resistive heater,799.92761
marginal,Link,DK0 0,urban central solid biomass CHP,1493.66243
marginal,Link,DK0 0,urban central solid biomass CHP CC,13270451.52749
marginal,Link,DK0 0,urban decentral air heat pump,10124.75337
marginal,Link,DK0 0,urban decentral biomass boiler,33231325.64092
marginal,Link,DK0 0,urban decentral gas boiler,23827.41457
marginal,Link,DK0 0,urban decentral resistive heater,23411.81484
marginal,Link,DK0 0,waste CHP,1074.20868
marginal,Link,DK1 0,BEV charger,17856.32392
marginal,Link,DK1 0,CO2 pipeline,-1.38593
marginal,Link,DK1 0,Combined-Cycle Gas,6731964.4665
marginal,Link,DK1 0,DC,65710.49911
marginal,Link,DK1 0,H2 Electrolysis,0.42638
marginal,Link,DK1 0,HVC to air,37432.82482
marginal,Link,DK1 0,Haber-Bosch,228179.36918
marginal,Link,DK1 0,Open-Cycle Gas,138.42839
marginal,Link,DK1 0,SMR,197163.46997
marginal,Link,DK1 0,Sabatier,0.50434
marginal,Link,DK1 0,battery charger,5.33155
marginal,Link,DK1 0,battery discharger,5.10825
marginal,Link,DK1 0,biogas to gas,2974791.71335
marginal,Link,DK1 0,biomass to liquid,16.25338
marginal,Link,DK1 0,biomass-to-methanol,372.21904
marginal,Link,DK1 0,co2 sequestered,2.78065
marginal,Link,DK1 0,electricity distribution grid,197578.93134
marginal,Link,DK1 0,gas for industry,1986.17653
marginal,Link,DK1 0,gas pipeline,15.91976
marginal,Link,DK1 0,heat100-200 industry electric boiler steam,48.41872
marginal,Link,DK1 0,heat100-200 industry gas,4612.81992
marginal,Link,DK1 0,heat100-200 industry industrial heat pump high temperature,853642.14704
marginal,Link,DK1 0,heat100-200 industry solid biomass,134.71684
marginal,Link,DK1 0,heat200-500 industry gas,83710.59591
marginal,Link,DK1 0,heat200-500 industry hydrogen,167.91445
marginal,Link,DK1 0,heat200-500 industry solid biomass,591.82316
marginal,Link,DK1 0,heat<100 industry electric boiler steam,49.48647
marginal,Link,DK1 0,heat<100 industry gas,5501.61747
marginal,Link,DK1 0,heat<100 industry industrial heat pump medium temperature,879842.44889
marginal,Link,DK1 0,heat<100 industry solid biomass,137.62274
marginal,Link,DK1 0,heat>500 industry gas,43313.8284
marginal,Link,DK1 0,heat>500 industry hydrogen,182.26422
marginal,Link,DK1 0,home battery charger,5.10687
marginal,Link,DK1 0,home battery discharger,5.08069
marginal,Link,DK1 0,methanolisation,59113.6477
marginal,Link,DK1 0,municipal solid waste,8249.91706
marginal,Link,DK1 0,rural air heat pump,0.77639
marginal,Link,DK1 0,rural biomass boiler,4635379.31142
marginal,Link,DK1 0,rural gas boiler,3355.96017
marginal,Link,DK1 0,rural ground heat pump,5466.47508
marginal,Link,DK1 0,rural resistive heater,637.64349
marginal,Link,DK1 0,solid biomass for industry,6832.23142
marginal,Link,DK1 0,unsustainable bioliquids,7987.95407
marginal,Link,DK1 0,urban central air heat pump,8499.99747
marginal,Link,DK1 0,urban central gas CHP,559.31766
marginal,Link,DK1 0,urban central gas boiler,34798.07045
marginal,Link,DK1 0,urban central resistive heater,4594.56629
marginal,Link,DK1 0,urban central solid biomass CHP,124.32412
marginal,Link,DK1 0,urban central solid biomass CHP CC,154.20262
marginal,Link,DK1 0,urban decentral air heat pump,6798.45757
marginal,Link,DK1 0,urban decentral biomass boiler,22854811.25333
marginal,Link,DK1 0,urban decentral gas boiler,15364.67331
marginal,Link,DK1 0,urban decentral resistive heater,17304.43316
marginal,Link,DK1 0,waste CHP,940.21428
marginal,Link,EE0 0,BEV charger,8527.43925
marginal,Link,EE0 0,CO2 pipeline,-0.33761
marginal,Link,EE0 0,Combined-Cycle Gas,1311398.99107
marginal,Link,EE0 0,DC,24765.44243
marginal,Link,EE0 0,H2 Electrolysis,0.3206
marginal,Link,EE0 0,HVC to air,23244.41488
marginal,Link,EE0 0,Haber-Bosch,17.60232
marginal,Link,EE0 0,Open-Cycle Gas,150.74492
marginal,Link,EE0 0,SMR,130.53848
marginal,Link,EE0 0,Sabatier,0.57828
marginal,Link,EE0 0,battery charger,5.0719
marginal,Link,EE0 0,battery discharger,5.22391
marginal,Link,EE0 0,biogas to gas,392578.49964
marginal,Link,EE0 0,biomass to liquid,6288764.56655
marginal,Link,EE0 0,biomass-to-methanol,592.15601
marginal,Link,EE0 0,co2 sequestered,2544.5707
marginal,Link,EE0 0,electricity distribution grid,95872.00762
marginal,Link,EE0 0,gas for industry,195.66143
marginal,Link,EE0 0,gas pipeline new,-22602.75541
marginal,Link,EE0 0,heat100-200 industry electric boiler steam,46.55516
marginal,Link,EE0 0,heat100-200 industry gas,229.91644
marginal,Link,EE0 0,heat100-200 industry industrial heat pump high temperature,666849.75836
marginal,Link,EE0 0,heat100-200 industry solid biomass,2133.49124
marginal,Link,EE0 0,heat200-500 industry gas,23.17083
marginal,Link,EE0 0,heat200-500 industry hydrogen,160.67504
marginal,Link,EE0 0,heat200-500 industry solid biomass,1119841.29728
marginal,Link,EE0 0,heat<100 industry electric boiler steam,47.78315
marginal,Link,EE0 0,heat<100 industry gas,2214.85404
marginal,Link,EE0 0,heat<100 industry industrial heat pump medium temperature,678023.59451
marginal,Link,EE0 0,heat<100 industry solid biomass,4881.31594
marginal,Link,EE0 0,heat>500 industry gas,49078.90258
marginal,Link,EE0 0,heat>500 industry hydrogen,178.89428
marginal,Link,EE0 0,home battery charger,5.28139
marginal,Link,EE0 0,home battery discharger,5.57707
marginal,Link,EE0 0,methanolisation,91.51859
marginal,Link,EE0 0,municipal solid waste,2279.93655
marginal,Link,EE0 0,rural air heat pump,0.114
marginal,Link,EE0 0,rural biomass boiler,20753827.97387
marginal,Link,EE0 0,rural gas boiler,1820.97444
marginal,Link,EE0 0,rural ground heat pump,3213.82018
marginal,Link,EE0 0,rural resistive heater,2159.64859
marginal,Link,EE0 0,solid biomass for industry,3896.06166
marginal,Link,EE0 0,urban central air heat pump,0.81059
marginal,Link,EE0 0,urban central gas CHP,592.706
marginal,Link,EE0 0,urban central gas boiler,25636.41312
marginal,Link,EE0 0,urban central resistive heater,1300.65264
marginal,Link,EE0 0,urban central solid biomass CHP,3915548.63322
marginal,Link,EE0 0,urban central solid biomass CHP CC,3440053.52916
marginal,Link,EE0 0,urban decentral air heat pump,2230.30058
marginal,Link,EE0 0,urban decentral biomass boiler,17618550.45616
marginal,Link,EE0 0,urban decentral gas boiler,1335.60773
marginal,Link,EE0 0,urban decentral resistive heater,6193.97334
marginal,Link,EE0 0,waste CHP,999.70991
marginal,Link,ES0 0,BEV charger,278352.21313
marginal,Link,ES0 0,CO2 pipeline,1.97971
marginal,Link,ES0 0,Combined-Cycle Gas,415086101.2303
marginal,Link,ES0 0,DC,59266.91597
marginal,Link,ES0 0,EAF,0.1638
marginal,Link,ES0 0,H2 DRI,1173.40896
marginal,Link,ES0 0,H2 Electrolysis,0.36183
marginal,Link,ES0 0,HVC to air,652507.90872
marginal,Link,ES0 0,Haber-Bosch,29.47559
marginal,Link,ES0 0,Open-Cycle Gas,171.06767
marginal,Link,ES0 0,SMR,96402.59838
marginal,Link,ES0 0,Sabatier,0.54363
marginal,Link,ES0 0,battery charger,7.31307
marginal,Link,ES0 0,battery discharger,7.32034
marginal,Link,ES0 0,biogas to gas,8157765.17067
marginal,Link,ES0 0,biomass to liquid,203248.08425
marginal,Link,ES0 0,biomass-to-methanol,603.93736
marginal,Link,ES0 0,co2 sequestered,25.96065
marginal,Link,ES0 0,electricity distribution grid,3180767.4086
marginal,Link,ES0 0,gas DRI,2734.52236
marginal,Link,ES0 0,gas for industry,135443.36003
marginal,Link,ES0 0,gas pipeline,121667.21017
marginal,Link,ES0 0,gas pipeline new,-0.76504
marginal,Link,ES0 0,heat100-200 industry electric boiler steam,64.43629
marginal,Link,ES0 0,heat100-200 industry gas,60515.33278
marginal,Link,ES0 0,heat100-200 industry industrial heat pump high temperature,34835669.53664
marginal,Link,ES0 0,heat100-200 industry solid biomass,1196.98728
marginal,Link,ES0 0,heat200-500 industry gas,28.94297
marginal,Link,ES0 0,heat200-500 industry hydrogen,131.82655
marginal,Link,ES0 0,heat200-500 industry solid biomass,96964983.57179
marginal,Link,ES0 0,heat<100 industry electric boiler steam,51.90316
marginal,Link,ES0 0,heat<100 industry gas,28308.15058
marginal,Link,ES0 0,heat<100 industry industrial heat pump medium temperature,12153665.44699
marginal,Link,ES0 0,heat<100 industry solid biomass,2140.27098
marginal,Link,ES0 0,heat>500 industry gas,8439708.57068
marginal,Link,ES0 0,heat>500 industry hydrogen,202.33796
marginal,Link,ES0 0,home battery charger,4.58947
marginal,Link,ES0 0,home battery discharger,4.19055
marginal,Link,ES0 0,methanolisation,82748.33709
marginal,Link,ES0 0,municipal solid waste,24643.32561
marginal,Link,ES0 0,rural air heat pump,0.72441
marginal,Link,ES0 0,rural biomass boiler,48219921.72297
marginal,Link,ES0 0,rural gas boiler,115503.17356
marginal,Link,ES0 0,rural ground heat pump,39124.8933
marginal,Link,ES0 0,rural resistive heater,11633.3158
marginal,Link,ES0 0,solid biomass for industry,289772.97827
marginal,Link,ES0 0,steel emission,17024.83656
marginal,Link,ES0 0,unsustainable bioliquids,18045604.80558
marginal,Link,ES0 0,urban central air heat pump,1.91957
marginal,Link,ES0 0,urban central gas CHP,802.59399
marginal,Link,ES0 0,urban central gas boiler,68812.93179
marginal,Link,ES0 0,urban central resistive heater,1610.01656
marginal,Link,ES0 0,urban central solid biomass CHP,6761889.45838
marginal,Link,ES0 0,urban central solid biomass CHP CC,25543846.86878
marginal,Link,ES0 0,urban decentral air heat pump,8266.67918
marginal,Link,ES0 0,urban decentral biomass boiler,81161690.31806
marginal,Link,ES0 0,urban decentral gas boiler,236533.52237
marginal,Link,ES0 0,urban decentral resistive heater,298118.85296
marginal,Link,ES0 0,waste CHP,1512.04024
marginal,Link,ES6 0,BEV charger,4851.3269
marginal,Link,ES6 0,Combined-Cycle Gas,141.2236
marginal,Link,ES6 0,DC,29528.68898
marginal,Link,ES6 0,H2 Electrolysis,0.57432
marginal,Link,ES6 0,HVC to air,11299.03863
marginal,Link,ES6 0,Haber-Bosch,15556.33389
marginal,Link,ES6 0,Open-Cycle Gas,80.68817
marginal,Link,ES6 0,SMR,10262.53386
marginal,Link,ES6 0,Sabatier,0.54526
marginal,Link,ES6 0,battery charger,5.69049
marginal,Link,ES6 0,battery discharger,5.38909
marginal,Link,ES6 0,biogas to gas,64399.07239
marginal,Link,ES6 0,biomass to liquid,24.07297
marginal,Link,ES6 0,biomass-to-methanol,434.73365
marginal,Link,ES6 0,electricity distribution grid,104376.27959
marginal,Link,ES6 0,gas pipeline,6.90698
marginal,Link,ES6 0,gas pipeline new,46378.14723
marginal,Link,ES6 0,heat100-200 industry electric boiler steam,68.99389
marginal,Link,ES6 0,heat100-200 industry gas,42.34849
marginal,Link,ES6 0,heat100-200 industry industrial heat pump high temperature,307144.3008
marginal,Link,ES6 0,heat100-200 industry solid biomass,179.78845
marginal,Link,ES6 0,heat200-500 industry gas,23105.98639
marginal,Link,ES6 0,heat200-500 industry hydrogen,188.83704
marginal,Link,ES6 0,heat200-500 industry solid biomass,1113.44166
marginal,Link,ES6 0,heat<100 industry electric boiler steam,80.30936
marginal,Link,ES6 0,heat<100 industry gas,48.22006
marginal,Link,ES6 0,heat<100 industry industrial heat pump medium temperature,119469.18151
marginal,Link,ES6 0,heat<100 industry solid biomass,191.17403
marginal,Link,ES6 0,heat>500 industry gas,20288.50773
marginal,Link,ES6 0,heat>500 industry hydrogen,197.88826
marginal,Link,ES6 0,home battery charger,5.67855
marginal,Link,ES6 0,home battery discharger,5.84623
marginal,Link,ES6 0,methanolisation,14.45706
marginal,Link,ES6 0,municipal solid waste,650.0696
marginal,Link,ES6 0,rural air heat pump,0.8288
marginal,Link,ES6 0,rural biomass boiler,561583.09917
marginal,Link,ES6 0,rural gas boiler,1351.77888
marginal,Link,ES6 0,rural ground heat pump,11.72812
marginal,Link,ES6 0,rural resistive heater,2134.48099
marginal,Link,ES6 0,solid biomass for industry,2526.23644
marginal,Link,ES6 0,unsustainable bioliquids,141367.01213
marginal,Link,ES6 0,urban central air heat pump,0.72849
marginal,Link,ES6 0,urban central gas CHP,207.16269
marginal,Link,ES6 0,urban central gas boiler,1358.35965
marginal,Link,ES6 0,urban central resistive heater,71.19223
marginal,Link,ES6 0,urban central solid biomass CHP,134.12188
marginal,Link,ES6 0,urban central solid biomass CHP CC,180.42041
marginal,Link,ES6 0,urban decentral air heat pump,169.2845
marginal,Link,ES6 0,urban decentral biomass boiler,1509541.16058
marginal,Link,ES6 0,urban decentral gas boiler,3547.09861
marginal,Link,ES6 0,urban decentral resistive heater,5831.23142
marginal,Link,ES6 0,waste CHP,598.80562
marginal,Link,EU,BOF,12561048066.2047
marginal,Link,EU,OCGT methanol,1400.53725
marginal,Link,EU,agriculture machinery oil,521014.73751
marginal,Link,EU,ammonia cracker,9.83999
marginal,Link,EU,coal,17849572.32784
marginal,Link,EU,coal for industry,1728119.96914
marginal,Link,EU,kerosene for aviation,7515311.92284
marginal,Link,EU,land transport oil,25691734.13013
marginal,Link,EU,lignite,89216.43606
marginal,Link,EU,naphtha for industry,8552319.83282
marginal,Link,EU,nuclear,2240025693.99639
marginal,Link,EU,oil,1979.45275
marginal,Link,EU,oil refining,47906583.07651
marginal,Link,EU,rural oil boiler,1742851.8557
marginal,Link,EU,shipping methanol,686267.35148
marginal,Link,EU,shipping oil,4970185.85617
marginal,Link,EU,solid biomass import,18.3651
marginal,Link,EU,urban decentral oil boiler,3138113.35676
marginal,Link,FI1 0,BEV charger,50166.19409
marginal,Link,FI1 0,CO2 pipeline,2.17723
marginal,Link,FI1 0,Combined-Cycle Gas,1835767.42936
marginal,Link,FI1 0,DC,46403.31592
marginal,Link,FI1 0,EAF,0.12289
marginal,Link,FI1 0,H2 DRI,1046.58386
marginal,Link,FI1 0,H2 Electrolysis,0.35347
marginal,Link,FI1 0,HVC to air,99518.9289
marginal,Link,FI1 0,Haber-Bosch,15.54732
marginal,Link,FI1 0,Open-Cycle Gas,127.6595
marginal,Link,FI1 0,SMR,124153.2721
marginal,Link,FI1 0,Sabatier,0.55279
marginal,Link,FI1 0,battery charger,4.84015
marginal,Link,FI1 0,battery discharger,4.94123
marginal,Link,FI1 0,biogas to gas,5298830.70669
marginal,Link,FI1 0,biomass to liquid,4409272.13342
marginal,Link,FI1 0,biomass-to-methanol,569.57302
marginal,Link,FI1 0,electricity distribution grid,827130.11733
marginal,Link,FI1 0,gas DRI,2178.72565
marginal,Link,FI1 0,gas for industry,9494.87273
marginal,Link,FI1 0,heat100-200 industry electric boiler steam,44.64467
marginal,Link,FI1 0,heat100-200 industry gas,278.579
marginal,Link,FI1 0,heat100-200 industry industrial heat pump high temperature,2807010.36744
marginal,Link,FI1 0,heat100-200 industry solid biomass,1748.21767
marginal,Link,FI1 0,heat200-500 industry gas,22.55442
marginal,Link,FI1 0,heat200-500 industry hydrogen,132.09385
marginal,Link,FI1 0,heat200-500 industry solid biomass,14107267.06931
marginal,Link,FI1 0,heat<100 industry electric boiler steam,54.194
marginal,Link,FI1 0,heat<100 industry gas,1114.68715
marginal,Link,FI1 0,heat<100 industry industrial heat pump medium temperature,16588876.34952
marginal,Link,FI1 0,heat<100 industry solid biomass,2528.66373
marginal,Link,FI1 0,heat>500 industry gas,415625.38548
marginal,Link,FI1 0,heat>500 industry hydrogen,152.58149
marginal,Link,FI1 0,home battery charger,5.47359
marginal,Link,FI1 0,home battery discharger,4.86225
marginal,Link,FI1 0,methanolisation,90526.40078
marginal,Link,FI1 0,municipal solid waste,11461.96669
marginal,Link,FI1 0,rural air heat pump,0.14593
marginal,Link,FI1 0,rural biomass boiler,44533951.91944
marginal,Link,FI1 0,rural gas boiler,24388.05061
marginal,Link,FI1 0,rural ground heat pump,26724.19857
marginal,Link,FI1 0,rural resistive heater,2645.06901
marginal,Link,FI1 0,solid biomass for industry,491433.27917
marginal,Link,FI1 0,steel emission,10045.15542
marginal,Link,FI1 0,unsustainable bioliquids,3564774.69392
marginal,Link,FI1 0,urban central air heat pump,0.51259
marginal,Link,FI1 0,urban central gas CHP,487.12124
marginal,Link,FI1 0,urban central gas boiler,142526.47622
marginal,Link,FI1 0,urban central resistive heater,1.21276
marginal,Link,FI1 0,urban central solid biomass CHP,72066185.37005
marginal,Link,FI1 0,urban central solid biomass CHP CC,28721868.62065
marginal,Link,FI1 0,urban decentral air heat pump,24016.13226
marginal,Link,FI1 0,urban decentral biomass boiler,106640331.02888
marginal,Link,FI1 0,urban decentral gas boiler,100050.91034
marginal,Link,FI1 0,urban decentral resistive heater,15758.76498
marginal,Link,FI1 0,waste CHP,1349.49377
marginal,Link,FR0 0,BEV charger,152370.82728
marginal,Link,FR0 0,CO2 pipeline,-2.63757
marginal,Link,FR0 0,Combined-Cycle Gas,30572709.7406
marginal,Link,FR0 0,DC,86750.46622
marginal,Link,FR0 0,EAF,0.17008
marginal,Link,FR0 0,H2 DRI,1158.02509
marginal,Link,FR0 0,H2 Electrolysis,0.35373
marginal,Link,FR0 0,HVC to air,381134.3287
marginal,Link,FR0 0,Haber-Bosch,71.11932
marginal,Link,FR0 0,Open-Cycle Gas,165.15477
marginal,Link,FR0 0,SMR,98503.70531
marginal,Link,FR0 0,Sabatier,0.51129
marginal,Link,FR0 0,battery charger,4.76679
marginal,Link,FR0 0,battery discharger,4.82459
marginal,Link,FR0 0,biogas to gas,9309652.67109
marginal,Link,FR0 0,biomass to liquid,80.02431
marginal,Link,FR0 0,biomass-to-methanol,554.97307
marginal,Link,FR0 0,electricity distribution grid,1983754.34374
marginal,Link,FR0 0,gas DRI,2964.13973
marginal,Link,FR0 0,gas for industry,43673.0124
marginal,Link,FR0 0,gas pipeline,861517.29972
marginal,Link,FR0 0,heat100-200 industry electric boiler steam,52.79654
marginal,Link,FR0 0,heat100-200 industry gas,96127.40526
marginal,Link,FR0 0,heat100-200 industry industrial heat pump high temperature,16304304.23962
marginal,Link,FR0 0,heat100-200 industry solid biomass,456.23202
marginal,Link,FR0 0,heat200-500 industry gas,534494.09483
marginal,Link,FR0 0,heat200-500 industry hydrogen,131.97877
marginal,Link,FR0 0,heat200-500 industry solid biomass,21269849.95898
marginal,Link,FR0 0,heat<100 industry electric boiler steam,50.32855
marginal,Link,FR0 0,heat<100 industry gas,79913.70399
marginal,Link,FR0 0,heat<100 industry industrial heat pump medium temperature,12926136.06581
marginal,Link,FR0 0,heat<100 industry solid biomass,513.45979
marginal,Link,FR0 0,heat>500 industry gas,2822803.45413
marginal,Link,FR0 0,heat>500 industry hydrogen,164.77358
marginal,Link,FR0 0,home battery charger,7.92691
marginal,Link,FR0 0,home battery discharger,7.75335
marginal,Link,FR0 0,methanolisation,72129.06629
marginal,Link,FR0 0,municipal solid waste,25997.29211
marginal,Link,FR0 0,rural air heat pump,0.47712
marginal,Link,FR0 0,rural biomass boiler,34977247.21877
marginal,Link,FR0 0,rural gas boiler,51510.47096
marginal,Link,FR0 0,rural ground heat pump,31442.90646
marginal,Link,FR0 0,rural resistive heater,4196.47309
marginal,Link,FR0 0,solid biomass for industry,69432.26595
marginal,Link,FR0 0,steel emission,23721.71682
marginal,Link,FR0 0,unsustainable bioliquids,7399694.85637
marginal,Link,FR0 0,urban central air heat pump,8.86473
marginal,Link,FR0 0,urban central gas CHP,1135.99643
marginal,Link,FR0 0,urban central gas boiler,212269.23874
marginal,Link,FR0 0,urban central resistive heater,777.74621
marginal,Link,FR0 0,urban central solid biomass CHP,228478.16375
marginal,Link,FR0 0,urban central solid biomass CHP CC,23036886.14717
marginal,Link,FR0 0,urban decentral air heat pump,87095.09099
marginal,Link,FR0 0,urban decentral biomass boiler,157644813.60247
marginal,Link,FR0 0,urban decentral gas boiler,210417.33188
marginal,Link,FR0 0,urban decentral resistive heater,279842.20367
marginal,Link,FR0 0,waste CHP,1852.60469
marginal,Link,FR0 1,BEV charger,100528.58741
marginal,Link,FR0 1,CO2 pipeline,-1.74666
marginal,Link,FR0 1,Combined-Cycle Gas,17739233.32897
marginal,Link,FR0 1,EAF,0.17233
marginal,Link,FR0 1,H2 DRI,1078.49847
marginal,Link,FR0 1,H2 Electrolysis,0.36769
marginal,Link,FR0 1,HVC to air,255714.43213
marginal,Link,FR0 1,Haber-Bosch,819.08134
marginal,Link,FR0 1,Open-Cycle Gas,157.41692
marginal,Link,FR0 1,SMR,8319.45246
marginal,Link,FR0 1,Sabatier,0.51217
marginal,Link,FR0 1,battery charger,5.68409
marginal,Link,FR0 1,battery discharger,5.43369
marginal,Link,FR0 1,biogas to gas,3182722.73959
marginal,Link,FR0 1,biomass to liquid,68.98088
marginal,Link,FR0 1,biomass-to-methanol,551.3069
marginal,Link,FR0 1,electricity distribution grid,1231182.04836
marginal,Link,FR0 1,gas DRI,2757.91507
marginal,Link,FR0 1,gas for industry,43189.83208
marginal,Link,FR0 1,gas pipeline,535140.49168
marginal,Link,FR0 1,heat100-200 industry electric boiler steam,49.35188
marginal,Link,FR0 1,heat100-200 industry gas,48854.79167
marginal,Link,FR0 1,heat100-200 industry industrial heat pump high temperature,10742817.99594
marginal,Link,FR0 1,heat100-200 industry solid biomass,366.52686
marginal,Link,FR0 1,heat200-500 industry gas,880043.86768
marginal,Link,FR0 1,heat200-500 industry hydrogen,133.20486
marginal,Link,FR0 1,heat200-500 industry solid biomass,10692.95901
marginal,Link,FR0 1,heat<100 industry electric boiler steam,48.30815
marginal,Link,FR0 1,heat<100 industry gas,48606.53122
marginal,Link,FR0 1,heat<100 industry industrial heat pump medium temperature,9297018.9817
marginal,Link,FR0 1,heat<100 industry solid biomass,407.20375
marginal,Link,FR0 1,heat>500 industry gas,2668076.9971
marginal,Link,FR0 1,heat>500 industry hydrogen,163.4094
marginal,Link,FR0 1,home battery charger,8.16498
marginal,Link,FR0 1,home battery discharger,7.53463
marginal,Link,FR0 1,methanolisation,6859.9656
marginal,Link,FR0 1,municipal solid waste,15270.03421
marginal,Link,FR0 1,rural air heat pump,0.54639
marginal,Link,FR0 1,rural biomass boiler,30900235.81223
marginal,Link,FR0 1,rural gas boiler,44186.44629
marginal,Link,FR0 1,rural ground heat pump,21303.95758
marginal,Link,FR0 1,rural resistive heater,4085.97668
marginal,Link,FR0 1,solid biomass for industry,43763.68231
marginal,Link,FR0 1,steel emission,18756.98409
marginal,Link,FR0 1,unsustainable bioliquids,2531267.94147
marginal,Link,FR0 1,urban central air heat pump,5195.52306
marginal,Link,FR0 1,urban central gas CHP,1073.23683
marginal,Link,FR0 1,urban central gas boiler,134225.45209
marginal,Link,FR0 1,urban central resistive heater,1967.64923
marginal,Link,FR0 1,urban central solid biomass CHP,5886287.24826
marginal,Link,FR0 1,urban central solid biomass CHP CC,2015644.74326
marginal,Link,FR0 1,urban decentral air heat pump,63610.45152
marginal,Link,FR0 1,urban decentral biomass boiler,93504335.54787
marginal,Link,FR0 1,urban decentral gas boiler,141524.35849
marginal,Link,FR0 1,urban decentral resistive heater,186253.67718
marginal,Link,FR0 1,waste CHP,1914.50677
marginal,Link,FR0 2,BEV charger,73472.75951
marginal,Link,FR0 2,CO2 pipeline,0.60042
marginal,Link,FR0 2,Combined-Cycle Gas,1345937.94304
marginal,Link,FR0 2,DC,53786.36266
marginal,Link,FR0 2,H2 Electrolysis,0.34983
marginal,Link,FR0 2,HVC to air,157629.10123
marginal,Link,FR0 2,Haber-Bosch,14.67323
marginal,Link,FR0 2,Open-Cycle Gas,166.01926
marginal,Link,FR0 2,SMR,8649.68964
marginal,Link,FR0 2,Sabatier,0.59043
marginal,Link,FR0 2,battery charger,5.46769
marginal,Link,FR0 2,battery discharger,4.63767
marginal,Link,FR0 2,biogas to gas,5509658.18416
marginal,Link,FR0 2,biomass to liquid,5097271.45584
marginal,Link,FR0 2,biomass-to-methanol,614.4804
marginal,Link,FR0 2,electricity distribution grid,945613.47073
marginal,Link,FR0 2,gas for industry,6590.1185
marginal,Link,FR0 2,gas pipeline,271.71077
marginal,Link,FR0 2,heat100-200 industry electric boiler steam,45.13831
marginal,Link,FR0 2,heat100-200 industry gas,35954.50017
marginal,Link,FR0 2,heat100-200 industry industrial heat pump high temperature,6005298.22351
marginal,Link,FR0 2,heat100-200 industry solid biomass,3961.2938
marginal,Link,FR0 2,heat200-500 industry gas,23.32331
marginal,Link,FR0 2,heat200-500 industry hydrogen,127.63708
marginal,Link,FR0 2,heat200-500 industry solid biomass,14292972.66057
marginal,Link,FR0 2,heat<100 industry electric boiler steam,44.36712
marginal,Link,FR0 2,heat<100 industry gas,93.16079
marginal,Link,FR0 2,heat<100 industry industrial heat pump medium temperature,1431.22037
marginal,Link,FR0 2,heat<100 industry solid biomass,11540317.85398
marginal,Link,FR0 2,heat>500 industry gas,1165193.36078
marginal,Link,FR0 2,heat>500 industry hydrogen,148.8403
marginal,Link,FR0 2,home battery charger,8.96718
marginal,Link,FR0 2,home battery discharger,8.14015
marginal,Link,FR0 2,methanolisation,6149.45012
marginal,Link,FR0 2,municipal solid waste,10118.48663
marginal,Link,FR0 2,rural air heat pump,0.28308
marginal,Link,FR0 2,rural biomass boiler,57068109.6658
marginal,Link,FR0 2,rural gas boiler,88017.23375
marginal,Link,FR0 2,rural ground heat pump,7798.56795
marginal,Link,FR0 2,rural resistive heater,86439.12909
marginal,Link,FR0 2,solid biomass for industry,37912.03491
marginal,Link,FR0 2,unsustainable bioliquids,4375608.0591
marginal,Link,FR0 2,urban central air heat pump,1.0743
marginal,Link,FR0 2,urban central gas CHP,997.14485
marginal,Link,FR0 2,urban central gas boiler,36677.50945
marginal,Link,FR0 2,urban central resistive heater,787.33714
marginal,Link,FR0 2,urban central solid biomass CHP,12616651.82655
marginal,Link,FR0 2,urban central solid biomass CHP CC,2008771.53941
marginal,Link,FR0 2,urban decentral air heat pump,32908.55242
marginal,Link,FR0 2,urban decentral biomass boiler,33275483.48639
marginal,Link,FR0 2,urban decentral gas boiler,51936.2256
marginal,Link,FR0 2,urban decentral resistive heater,64423.31361
marginal,Link,FR0 2,waste CHP,1523.20183
marginal,Link,FR0 3,BEV charger,71559.86711
marginal,Link,FR0 3,CO2 pipeline,0.41358
marginal,Link,FR0 3,Combined-Cycle Gas,14560970.06844
marginal,Link,FR0 3,DC,31868.69808
marginal,Link,FR0 3,H2 Electrolysis,0.36052
marginal,Link,FR0 3,HVC to air,160916.62799
marginal,Link,FR0 3,Haber-Bosch,18.37934
marginal,Link,FR0 3,Open-Cycle Gas,193.82599
marginal,Link,FR0 3,SMR,33496.98094
marginal,Link,FR0 3,Sabatier,0.57209
marginal,Link,FR0 3,battery charger,5.19863
marginal,Link,FR0 3,battery discharger,4.71473
marginal,Link,FR0 3,biogas to gas,5272354.44348
marginal,Link,FR0 3,biomass to liquid,1026.3102
marginal,Link,FR0 3,biomass-to-methanol,612.61316
marginal,Link,FR0 3,electricity distribution grid,806069.25755
marginal,Link,FR0 3,gas for industry,13718.46897
marginal,Link,FR0 3,gas pipeline,58150.27713
marginal,Link,FR0 3,heat100-200 industry electric boiler steam,45.72042
marginal,Link,FR0 3,heat100-200 industry gas,36175.37935
marginal,Link,FR0 3,heat100-200 industry industrial heat pump high temperature,5834850.91552
marginal,Link,FR0 3,heat100-200 industry solid biomass,2024.9826
marginal,Link,FR0 3,heat200-500 industry gas,25.69595
marginal,Link,FR0 3,heat200-500 industry hydrogen,135.11808
marginal,Link,FR0 3,heat200-500 industry solid biomass,12890846.51114
marginal,Link,FR0 3,heat<100 industry electric boiler steam,45.76798
marginal,Link,FR0 3,heat<100 industry gas,22618.96162
marginal,Link,FR0 3,heat<100 industry industrial heat pump medium temperature,3540164.53564
marginal,Link,FR0 3,heat<100 industry solid biomass,3563661.95591
marginal,Link,FR0 3,heat>500 industry gas,1035379.14838
marginal,Link,FR0 3,heat>500 industry hydrogen,147.95533
marginal,Link,FR0 3,home battery charger,8.06084
marginal,Link,FR0 3,home battery discharger,7.055
marginal,Link,FR0 3,methanolisation,25864.4624
marginal,Link,FR0 3,municipal solid waste,11745.24714
marginal,Link,FR0 3,rural air heat pump,0.39147
marginal,Link,FR0 3,rural biomass boiler,22305323.56461
marginal,Link,FR0 3,rural gas boiler,31129.63045
marginal,Link,FR0 3,rural ground heat pump,15919.33089
marginal,Link,FR0 3,rural resistive heater,2762.94464
marginal,Link,FR0 3,solid biomass for industry,27218.63045
marginal,Link,FR0 3,unsustainable bioliquids,4187810.81609
marginal,Link,FR0 3,urban central air heat pump,0.92168
marginal,Link,FR0 3,urban central gas CHP,1152.21832
marginal,Link,FR0 3,urban central gas boiler,66045.6817
marginal,Link,FR0 3,urban central resistive heater,275.43951
marginal,Link,FR0 3,urban central solid biomass CHP,15825598.87027
marginal,Link,FR0 3,urban central solid biomass CHP CC,9031752.98624
marginal,Link,FR0 3,urban decentral air heat pump,40482.42548
marginal,Link,FR0 3,urban decentral biomass boiler,61060109.21329
marginal,Link,FR0 3,urban decentral gas boiler,84264.79788
marginal,Link,FR0 3,urban decentral resistive heater,123989.33335
marginal,Link,FR0 3,waste CHP,1494.01721
marginal,Link,FR0 4,BEV charger,48162.00793
marginal,Link,FR0 4,CO2 pipeline,-0.15625
marginal,Link,FR0 4,Combined-Cycle Gas,5833576.22995
marginal,Link,FR0 4,H2 Electrolysis,0.33752
marginal,Link,FR0 4,HVC to air,116778.5548
marginal,Link,FR0 4,Haber-Bosch,9.73758
marginal,Link,FR0 4,Open-Cycle Gas,142.03616
marginal,Link,FR0 4,SMR,31.15184
marginal,Link,FR0 4,Sabatier,0.5678
marginal,Link,FR0 4,battery charger,4.62291
marginal,Link,FR0 4,battery discharger,4.56675
marginal,Link,FR0 4,biogas to gas,4139060.99734
marginal,Link,FR0 4,biomass to liquid,1390.95056
marginal,Link,FR0 4,biomass-to-methanol,619.92371
marginal,Link,FR0 4,electricity distribution grid,617589.1287
marginal,Link,FR0 4,gas for industry,32280.701
marginal,Link,FR0 4,gas pipeline,1301619.14041
marginal,Link,FR0 4,heat100-200 industry electric boiler steam,45.91378
marginal,Link,FR0 4,heat100-200 industry gas,35541.20536
marginal,Link,FR0 4,heat100-200 industry industrial heat pump high temperature,8474838.05903
marginal,Link,FR0 4,heat100-200 industry solid biomass,1923.44069
marginal,Link,FR0 4,heat200-500 industry gas,21.66989
marginal,Link,FR0 4,heat200-500 industry hydrogen,119.83304
marginal,Link,FR0 4,heat200-500 industry solid biomass,17377748.96933
marginal,Link,FR0 4,heat<100 industry electric boiler steam,44.83968
marginal,Link,FR0 4,heat<100 industry gas,2272.66556
marginal,Link,FR0 4,heat<100 industry industrial heat pump medium temperature,424717.11923
marginal,Link,FR0 4,heat<100 industry solid biomass,16171958.79739
marginal,Link,FR0 4,heat>500 industry gas,1947495.37471
marginal,Link,FR0 4,heat>500 industry hydrogen,155.75001
marginal,Link,FR0 4,home battery charger,7.01288
marginal,Link,FR0 4,home battery discharger,6.80193
marginal,Link,FR0 4,methanolisation,16.7526
marginal,Link,FR0 4,municipal solid waste,8030.62248
marginal,Link,FR0 4,rural air heat pump,0.31782
marginal,Link,FR0 4,rural biomass boiler,35348625.15645
marginal,Link,FR0 4,rural gas boiler,55950.35471
marginal,Link,FR0 4,rural ground heat pump,17459.22063
marginal,Link,FR0 4,rural resistive heater,6735.78442
marginal,Link,FR0 4,solid biomass for industry,40966.3292
marginal,Link,FR0 4,unsustainable bioliquids,3289243.71839
marginal,Link,FR0 4,urban central air heat pump,0.91911
marginal,Link,FR0 4,urban central gas CHP,756.3454
marginal,Link,FR0 4,urban central gas boiler,32366.25356
marginal,Link,FR0 4,urban central resistive heater,948.29869
marginal,Link,FR0 4,urban central solid biomass CHP,15818669.89721
marginal,Link,FR0 4,urban central solid biomass CHP CC,14938.03752
marginal,Link,FR0 4,urban decentral air heat pump,25352.7331
marginal,Link,FR0 4,urban decentral biomass boiler,31406925.85939
marginal,Link,FR0 4,urban decentral gas boiler,41881.05862
marginal,Link,FR0 4,urban decentral resistive heater,67258.7787
marginal,Link,FR0 4,waste CHP,1466.17883
marginal,Link,FR5 0,BEV charger,1726.6367
marginal,Link,FR5 0,CO2 pipeline,-1.21239
marginal,Link,FR5 0,Combined-Cycle Gas,5453722.05707
marginal,Link,FR5 0,DC,6202.20969
marginal,Link,FR5 0,H2 Electrolysis,0.31286
marginal,Link,FR5 0,HVC to air,5112.65804
marginal,Link,FR5 0,Haber-Bosch,3.92647
marginal,Link,FR5 0,Open-Cycle Gas,187.72504
marginal,Link,FR5 0,SMR,11.32998
marginal,Link,FR5 0,Sabatier,0.48258
marginal,Link,FR5 0,battery charger,8.88361
marginal,Link,FR5 0,battery discharger,8.65965
marginal,Link,FR5 0,biogas to gas,64992.44282
marginal,Link,FR5 0,biomass to liquid,63.10926
marginal,Link,FR5 0,biomass-to-methanol,550.70192
marginal,Link,FR5 0,electricity distribution grid,48979.95973
marginal,Link,FR5 0,gas pipeline new,-28778.31858
marginal,Link,FR5 0,heat100-200 industry electric boiler steam,48.23596
marginal,Link,FR5 0,heat100-200 industry gas,341.85195
marginal,Link,FR5 0,heat100-200 industry industrial heat pump high temperature,94694.60424
marginal,Link,FR5 0,heat100-200 industry solid biomass,820.09569
marginal,Link,FR5 0,heat200-500 industry gas,1957.30396
marginal,Link,FR5 0,heat200-500 industry hydrogen,208.27768
marginal,Link,FR5 0,heat200-500 industry solid biomass,216539.49251
marginal,Link,FR5 0,heat<100 industry electric boiler steam,51.08902
marginal,Link,FR5 0,heat<100 industry gas,564.67245
marginal,Link,FR5 0,heat<100 industry industrial heat pump medium temperature,82757.47601
marginal,Link,FR5 0,heat<100 industry solid biomass,974.14255
marginal,Link,FR5 0,heat>500 industry gas,2878.13185
marginal,Link,FR5 0,heat>500 industry hydrogen,244.24396
marginal,Link,FR5 0,home battery charger,284.40754
marginal,Link,FR5 0,home battery discharger,285.99296
marginal,Link,FR5 0,methanolisation,5.5269
marginal,Link,FR5 0,municipal solid waste,376.61886
marginal,Link,FR5 0,rural air heat pump,0.54843
marginal,Link,FR5 0,rural biomass boiler,3411643.12805
marginal,Link,FR5 0,rural gas boiler,5179.32388
marginal,Link,FR5 0,rural ground heat pump,219.60501
marginal,Link,FR5 0,rural resistive heater,6099.91387
marginal,Link,FR5 0,solid biomass for industry,305.21321
marginal,Link,FR5 0,unsustainable bioliquids,51318.36639
marginal,Link,FR5 0,urban decentral air heat pump,0.1168
marginal,Link,FR5 0,urban decentral biomass boiler,231.00879
marginal,Link,FR5 0,urban decentral gas boiler,0.25684
marginal,Link,FR5 0,urban decentral resistive heater,0.73422
marginal,Link,FR5 0,waste CHP,528.29364
marginal,Link,GB2 0,BEV charger,112082.75754
marginal,Link,GB2 0,CO2 pipeline,-2.22819
marginal,Link,GB2 0,Combined-Cycle Gas,38076494.77071
marginal,Link,GB2 0,DC,58088.61197
marginal,Link,GB2 0,H2 Electrolysis,0.40509
marginal,Link,GB2 0,HVC to air,384071.81824
marginal,Link,GB2 0,Haber-Bosch,212327.28189
marginal,Link,GB2 0,Open-Cycle Gas,138.93912
marginal,Link,GB2 0,SMR,310861.40946
marginal,Link,GB2 0,Sabatier,0.53546
marginal,Link,GB2 0,battery charger,4.74364
marginal,Link,GB2 0,battery discharger,4.84546
marginal,Link,GB2 0,biogas to gas,28278139.7829
marginal,Link,GB2 0,biomass to liquid,219.32577
marginal,Link,GB2 0,biomass-to-methanol,634.74846
marginal,Link,GB2 0,co2 sequestered,3.70528
marginal,Link,GB2 0,electricity distribution grid,1119087.08717
marginal,Link,GB2 0,gas for industry,42429.02847
marginal,Link,GB2 0,gas pipeline,52637.51307
marginal,Link,GB2 0,gas pipeline new,190400.73662
marginal,Link,GB2 0,heat100-200 industry electric boiler steam,57.47209
marginal,Link,GB2 0,heat100-200 industry gas,11177.73416
marginal,Link,GB2 0,heat100-200 industry industrial heat pump high temperature,15704218.62723
marginal,Link,GB2 0,heat100-200 industry solid biomass,582.34094
marginal,Link,GB2 0,heat200-500 industry gas,54.91552
marginal,Link,GB2 0,heat200-500 industry hydrogen,130.26691
marginal,Link,GB2 0,heat200-500 industry solid biomass,40172821.34458
marginal,Link,GB2 0,heat<100 industry electric boiler steam,54.75146
marginal,Link,GB2 0,heat<100 industry gas,8779.8594
marginal,Link,GB2 0,heat<100 industry industrial heat pump medium temperature,12659556.28436
marginal,Link,GB2 0,heat<100 industry solid biomass,675.25441
marginal,Link,GB2 0,heat>500 industry gas,2157828.83292
marginal,Link,GB2 0,heat>500 industry hydrogen,156.87426
marginal,Link,GB2 0,home battery charger,4.28601
marginal,Link,GB2 0,home battery discharger,4.23051
marginal,Link,GB2 0,methanolisation,121997.23426
marginal,Link,GB2 0,municipal solid waste,5792.56845
marginal,Link,GB2 0,rural air heat pump,0.44026
marginal,Link,GB2 0,rural biomass boiler,3574373.33932
marginal,Link,GB2 0,rural gas boiler,196975.90191
marginal,Link,GB2 0,rural ground heat pump,1284.00608
marginal,Link,GB2 0,rural resistive heater,27405.68863
marginal,Link,GB2 0,solid biomass for industry,72350.19167
marginal,Link,GB2 0,unsustainable bioliquids,1869061.48748
marginal,Link,GB2 0,urban central air heat pump,91.24626
marginal,Link,GB2 0,urban central gas CHP,655.5113
marginal,Link,GB2 0,urban central gas boiler,54043.19588
marginal,Link,GB2 0,urban central resistive heater,10423.76179
marginal,Link,GB2 0,urban central solid biomass CHP,2631.68001
marginal,Link,GB2 0,urban central solid biomass CHP CC,39908835.8139
marginal,Link,GB2 0,urban decentral air heat pump,3061.15729
marginal,Link,GB2 0,urban decentral biomass boiler,10284864.10019
marginal,Link,GB2 0,urban decentral gas boiler,508723.98785
marginal,Link,GB2 0,urban decentral resistive heater,69081.2234
marginal,Link,GB2 0,waste CHP,1512.40554
marginal,Link,GB2 1,BEV charger,236025.57522
marginal,Link,GB2 1,CO2 pipeline,-0.20203
marginal,Link,GB2 1,Combined-Cycle Gas,211068698.08461
marginal,Link,GB2 1,DC,263661.578
marginal,Link,GB2 1,EAF,0.15831
marginal,Link,GB2 1,H2 DRI,1013.06209
marginal,Link,GB2 1,H2 Electrolysis,0.36859
marginal,Link,GB2 1,HVC to air,662222.97955
marginal,Link,GB2 1,Haber-Bosch,332126.09288
marginal,Link,GB2 1,Open-Cycle Gas,145.13388
marginal,Link,GB2 1,SMR,365846.18261
marginal,Link,GB2 1,Sabatier,0.5435
marginal,Link,GB2 1,battery charger,5.39801
marginal,Link,GB2 1,battery discharger,5.50176
marginal,Link,GB2 1,biogas to gas,45880329.00802
marginal,Link,GB2 1,biomass to liquid,138.79188
marginal,Link,GB2 1,biomass-to-methanol,621.96138
marginal,Link,GB2 1,co2 sequestered,5.83504
marginal,Link,GB2 1,electricity distribution grid,2202932.6869
marginal,Link,GB2 1,gas DRI,2594.963
marginal,Link,GB2 1,gas for industry,12847.83546
marginal,Link,GB2 1,gas pipeline,260.80944
marginal,Link,GB2 1,heat100-200 industry electric boiler steam,57.73564
marginal,Link,GB2 1,heat100-200 industry gas,13015.77863
marginal,Link,GB2 1,heat100-200 industry industrial heat pump high temperature,18289818.12556
marginal,Link,GB2 1,heat100-200 industry solid biomass,515.80406
marginal,Link,GB2 1,heat200-500 industry gas,92.29311
marginal,Link,GB2 1,heat200-500 industry hydrogen,138.08647
marginal,Link,GB2 1,heat200-500 industry solid biomass,53532782.69421
marginal,Link,GB2 1,heat<100 industry electric boiler steam,55.04161
marginal,Link,GB2 1,heat<100 industry gas,10427.1865
marginal,Link,GB2 1,heat<100 industry industrial heat pump medium temperature,15034411.18094
marginal,Link,GB2 1,heat<100 industry solid biomass,568.08855
marginal,Link,GB2 1,heat>500 industry gas,1018324.77303
marginal,Link,GB2 1,heat>500 industry hydrogen,148.63783
marginal,Link,GB2 1,home battery charger,4.00059
marginal,Link,GB2 1,home battery discharger,4.14491
marginal,Link,GB2 1,methanolisation,117987.9862
marginal,Link,GB2 1,municipal solid waste,7068.76434
marginal,Link,GB2 1,rural air heat pump,0.25935
marginal,Link,GB2 1,rural biomass boiler,2890514.96417
marginal,Link,GB2 1,rural gas boiler,162224.15413
marginal,Link,GB2 1,rural ground heat pump,2342.15868
marginal,Link,GB2 1,rural resistive heater,17478.0597
marginal,Link,GB2 1,solid biomass for industry,87206.88646
marginal,Link,GB2 1,steel emission,13173.66428
marginal,Link,GB2 1,unsustainable bioliquids,3034616.68471
marginal,Link,GB2 1,urban central air heat pump,14160.44034
marginal,Link,GB2 1,urban central gas CHP,731.79524
marginal,Link,GB2 1,urban central gas boiler,141972.55049
marginal,Link,GB2 1,urban central resistive heater,16235.27966
marginal,Link,GB2 1,urban central solid biomass CHP,2851.63959
marginal,Link,GB2 1,urban central solid biomass CHP CC,35922143.61695
marginal,Link,GB2 1,urban decentral air heat pump,5207.72217
marginal,Link,GB2 1,urban decentral biomass boiler,22139220.54694
marginal,Link,GB2 1,urban decentral gas boiler,1264560.90948
marginal,Link,GB2 1,urban decentral resistive heater,144686.33476
marginal,Link,GB2 1,waste CHP,1598.57649
marginal,Link,GB3 0,BEV charger,8878.15986
marginal,Link,GB3 0,CO2 pipeline,-1.01658
marginal,Link,GB3 0,Combined-Cycle Gas,33140225.53153
marginal,Link,GB3 0,DC,5932.71814
marginal,Link,GB3 0,H2 Electrolysis,0.3506
marginal,Link,GB3 0,HVC to air,28479.25893
marginal,Link,GB3 0,Haber-Bosch,18.76696
marginal,Link,GB3 0,Open-Cycle Gas,136.78347
marginal,Link,GB3 0,SMR,7698.02094
marginal,Link,GB3 0,Sabatier,0.55053
marginal,Link,GB3 0,battery charger,4.63043
marginal,Link,GB3 0,battery discharger,4.6295
marginal,Link,GB3 0,biogas to gas,3403789.17075
marginal,Link,GB3 0,biomass to liquid,445031.21896
marginal,Link,GB3 0,biomass-to-methanol,601.16152
marginal,Link,GB3 0,electricity distribution grid,126429.90659
marginal,Link,GB3 0,gas for industry,1080.97931
marginal,Link,GB3 0,gas pipeline,9.66024
marginal,Link,GB3 0,gas pipeline new,56662.32864
marginal,Link,GB3 0,heat100-200 industry electric boiler steam,41.94664
marginal,Link,GB3 0,heat100-200 industry gas,78.42246
marginal,Link,GB3 0,heat100-200 industry industrial heat pump high temperature,804708.50715
marginal,Link,GB3 0,heat100-200 industry solid biomass,1500.51338
marginal,Link,GB3 0,heat200-500 industry gas,24.01426
marginal,Link,GB3 0,heat200-500 industry hydrogen,163.07149
marginal,Link,GB3 0,heat200-500 industry solid biomass,2427520.46497
marginal,Link,GB3 0,heat<100 industry electric boiler steam,42.77202
marginal,Link,GB3 0,heat<100 industry gas,84.56521
marginal,Link,GB3 0,heat<100 industry industrial heat pump medium temperature,681162.10688
marginal,Link,GB3 0,heat<100 industry solid biomass,2388.46244
marginal,Link,GB3 0,heat>500 industry gas,72563.81293
marginal,Link,GB3 0,heat>500 industry hydrogen,174.70658
marginal,Link,GB3 0,home battery charger,4.0336
marginal,Link,GB3 0,home battery discharger,3.99373
marginal,Link,GB3 0,methanolisation,5894.88172
marginal,Link,GB3 0,municipal solid waste,395.50609
marginal,Link,GB3 0,rural air heat pump,0.39151
marginal,Link,GB3 0,rural biomass boiler,795289.69015
marginal,Link,GB3 0,rural gas boiler,35856.83745
marginal,Link,GB3 0,rural ground heat pump,96.66978
marginal,Link,GB3 0,rural resistive heater,7809.30202
marginal,Link,GB3 0,solid biomass for industry,1688.72592
marginal,Link,GB3 0,unsustainable bioliquids,225031.30626
marginal,Link,GB3 0,urban central air heat pump,3.66006
marginal,Link,GB3 0,urban central gas CHP,684.4809
marginal,Link,GB3 0,urban central gas boiler,1690.19439
marginal,Link,GB3 0,urban central resistive heater,367.66241
marginal,Link,GB3 0,urban central solid biomass CHP,30103.66057
marginal,Link,GB3 0,urban central solid biomass CHP CC,1880001.65634
marginal,Link,GB3 0,urban decentral air heat pump,230.19267
marginal,Link,GB3 0,urban decentral biomass boiler,363381.54192
marginal,Link,GB3 0,urban decentral gas boiler,18505.97889
marginal,Link,GB3 0,urban decentral resistive heater,3734.97135
marginal,Link,GB3 0,waste CHP,931.03587
marginal,Link,GR0 0,BEV charger,50726.14128
marginal,Link,GR0 0,CO2 pipeline,-7.69698
marginal,Link,GR0 0,Combined-Cycle Gas,127544617.40583
marginal,Link,GR0 0,DC,10616.2574
marginal,Link,GR0 0,H2 Electrolysis,0.39246
marginal,Link,GR0 0,HVC to air,130420.08318
marginal,Link,GR0 0,Haber-Bosch,125598.08295
marginal,Link,GR0 0,Open-Cycle Gas,152.22158
marginal,Link,GR0 0,SMR,75662.27737
marginal,Link,GR0 0,Sabatier,0.54673
marginal,Link,GR0 0,battery charger,6.2431
marginal,Link,GR0 0,battery discharger,5.60878
marginal,Link,GR0 0,biogas to gas,3531755.39454
marginal,Link,GR0 0,biomass to liquid,25.31689
marginal,Link,GR0 0,biomass-to-methanol,417.51096
marginal,Link,GR0 0,co2 sequestered,6.61665
marginal,Link,GR0 0,electricity distribution grid,495328.48042
marginal,Link,GR0 0,gas for industry,4221.38143
marginal,Link,GR0 0,gas pipeline new,54.11764
marginal,Link,GR0 0,heat100-200 industry electric boiler steam,46.22194
marginal,Link,GR0 0,heat100-200 industry gas,81.08048
marginal,Link,GR0 0,heat100-200 industry industrial heat pump high temperature,2214878.30607
marginal,Link,GR0 0,heat100-200 industry solid biomass,194.86374
marginal,Link,GR0 0,heat200-500 industry gas,173290.5549
marginal,Link,GR0 0,heat200-500 industry hydrogen,174.43887
marginal,Link,GR0 0,heat200-500 industry solid biomass,992.12893
marginal,Link,GR0 0,heat<100 industry electric boiler steam,52.13759
marginal,Link,GR0 0,heat<100 industry gas,402.85851
marginal,Link,GR0 0,heat<100 industry industrial heat pump medium temperature,1208898.23266
marginal,Link,GR0 0,heat<100 industry solid biomass,217.96288
marginal,Link,GR0 0,heat>500 industry gas,1036843.50451
marginal,Link,GR0 0,heat>500 industry hydrogen,144.62485
marginal,Link,GR0 0,home battery charger,5.04344
marginal,Link,GR0 0,home battery discharger,5.30803
marginal,Link,GR0 0,methanolisation,70.29449
marginal,Link,GR0 0,municipal solid waste,2100.88384
marginal,Link,GR0 0,rural air heat pump,0.42844
marginal,Link,GR0 0,rural biomass boiler,23830622.4312
marginal,Link,GR0 0,rural gas boiler,6094.04274
marginal,Link,GR0 0,rural ground heat pump,0.90982
marginal,Link,GR0 0,rural resistive heater,19126.32231
marginal,Link,GR0 0,solid biomass for industry,17290.4112
marginal,Link,GR0 0,unsustainable bioliquids,1578163.75997
marginal,Link,GR0 0,urban central air heat pump,9.89537
marginal,Link,GR0 0,urban central gas CHP,962.1409
marginal,Link,GR0 0,urban central gas boiler,30926.67807
marginal,Link,GR0 0,urban central resistive heater,529.2967
marginal,Link,GR0 0,urban central solid biomass CHP,245.8424
marginal,Link,GR0 0,urban central solid biomass CHP CC,273.33562
marginal,Link,GR0 0,urban decentral air heat pump,0.13711
marginal,Link,GR0 0,urban decentral biomass boiler,52830477.98578
marginal,Link,GR0 0,urban decentral gas boiler,12482.26994
marginal,Link,GR0 0,urban decentral resistive heater,36687.25126
marginal,Link,GR0 0,waste CHP,1612.90122
marginal,Link,HR0 0,BEV charger,20539.89385
marginal,Link,HR0 0,CO2 pipeline,2.45827
marginal,Link,HR0 0,Combined-Cycle Gas,19113546.60321
marginal,Link,HR0 0,H2 Electrolysis,0.32024
marginal,Link,HR0 0,HVC to air,67736.33464
marginal,Link,HR0 0,Haber-Bosch,8.6649
marginal,Link,HR0 0,Open-Cycle Gas,153.53957
marginal,Link,HR0 0,SMR,30.66273
marginal,Link,HR0 0,Sabatier,0.5288
marginal,Link,HR0 0,battery charger,5.50625
marginal,Link,HR0 0,battery discharger,5.44421
marginal,Link,HR0 0,biogas to gas,2323242.99895
marginal,Link,HR0 0,biomass to liquid,2701871.88286
marginal,Link,HR0 0,biomass-to-methanol,620.86099
marginal,Link,HR0 0,electricity distribution grid,190437.57659
marginal,Link,HR0 0,gas for industry,6299.01796
marginal,Link,HR0 0,gas pipeline,14594.63481
marginal,Link,HR0 0,gas pipeline new,-9.41625
marginal,Link,HR0 0,heat100-200 industry electric boiler steam,37.0054
marginal,Link,HR0 0,heat100-200 industry gas,88.72467
marginal,Link,HR0 0,heat100-200 industry industrial heat pump high temperature,1500.82139
marginal,Link,HR0 0,heat100-200 industry solid biomass,4324768.73679
marginal,Link,HR0 0,heat200-500 industry gas,19.92707
marginal,Link,HR0 0,heat200-500 industry hydrogen,147.28949
marginal,Link,HR0 0,heat200-500 industry solid biomass,3175144.77734
marginal,Link,HR0 0,heat<100 industry electric boiler steam,36.99233
marginal,Link,HR0 0,heat<100 industry gas,87.89263
marginal,Link,HR0 0,heat<100 industry industrial heat pump medium temperature,596.23575
marginal,Link,HR0 0,heat<100 industry solid biomass,4713180.14202
marginal,Link,HR0 0,heat>500 industry gas,306823.62952
marginal,Link,HR0 0,heat>500 industry hydrogen,160.61278
marginal,Link,HR0 0,home battery charger,3.5838
marginal,Link,HR0 0,home battery discharger,3.47766
marginal,Link,HR0 0,methanolisation,20.8698
marginal,Link,HR0 0,municipal solid waste,72.45951
marginal,Link,HR0 0,rural air heat pump,0.2168
marginal,Link,HR0 0,rural biomass boiler,19159033.2221
marginal,Link,HR0 0,rural gas boiler,43315.26416
marginal,Link,HR0 0,rural ground heat pump,0.54453
marginal,Link,HR0 0,rural resistive heater,8522.65525
marginal,Link,HR0 0,solid biomass for industry,6428.56092
marginal,Link,HR0 0,unsustainable bioliquids,2037.13259
marginal,Link,HR0 0,urban central air heat pump,0.85487
marginal,Link,HR0 0,urban central gas CHP,1056.41079
marginal,Link,HR0 0,urban central gas boiler,15551.01115
marginal,Link,HR0 0,urban central resistive heater,46.53906
marginal,Link,HR0 0,urban central solid biomass CHP,4634760.90584
marginal,Link,HR0 0,urban central solid biomass CHP CC,13225.39765
marginal,Link,HR0 0,urban decentral air heat pump,0.13741
marginal,Link,HR0 0,urban decentral biomass boiler,16302222.82463
marginal,Link,HR0 0,urban decentral gas boiler,38137.54908
marginal,Link,HR0 0,urban decentral resistive heater,6585.05652
marginal,Link,HR0 0,waste CHP,1267.6459
marginal,Link,HU0 0,BEV charger,48744.86851
marginal,Link,HU0 0,CO2 pipeline,-1.30489
marginal,Link,HU0 0,Combined-Cycle Gas,54729058.50871
marginal,Link,HU0 0,EAF,0.12115
marginal,Link,HU0 0,H2 DRI,839.30791
marginal,Link,HU0 0,H2 Electrolysis,0.29637
marginal,Link,HU0 0,HVC to air,172146.67407
marginal,Link,HU0 0,Haber-Bosch,12.10544
marginal,Link,HU0 0,Open-Cycle Gas,180.22849
marginal,Link,HU0 0,SMR,91.62806
marginal,Link,HU0 0,Sabatier,0.53347
marginal,Link,HU0 0,battery charger,5.0997
marginal,Link,HU0 0,battery discharger,5.18407
marginal,Link,HU0 0,biogas to gas,2554204.09644
marginal,Link,HU0 0,biomass to liquid,275.80982
marginal,Link,HU0 0,biomass-to-methanol,586.28694
marginal,Link,HU0 0,electricity distribution grid,460805.54515
marginal,Link,HU0 0,gas DRI,1957.39011
marginal,Link,HU0 0,gas for industry,6722.35546
marginal,Link,HU0 0,gas pipeline,280563.81687
marginal,Link,HU0 0,gas pipeline new,-8.30713
marginal,Link,HU0 0,heat100-200 industry electric boiler steam,44.43629
marginal,Link,HU0 0,heat100-200 industry gas,32430.73202
marginal,Link,HU0 0,heat100-200 industry industrial heat pump high temperature,8605608.76729
marginal,Link,HU0 0,heat100-200 industry solid biomass,3249.67034
marginal,Link,HU0 0,heat200-500 industry gas,32.97671
marginal,Link,HU0 0,heat200-500 industry hydrogen,136.04839
marginal,Link,HU0 0,heat200-500 industry solid biomass,20644551.79372
marginal,Link,HU0 0,heat<100 industry electric boiler steam,42.64969
marginal,Link,HU0 0,heat<100 industry gas,124.05431
marginal,Link,HU0 0,heat<100 industry industrial heat pump medium temperature,1295.95151
marginal,Link,HU0 0,heat<100 industry solid biomass,18252684.39634
marginal,Link,HU0 0,heat>500 industry gas,1914887.20283
marginal,Link,HU0 0,heat>500 industry hydrogen,154.97643
marginal,Link,HU0 0,home battery charger,3.84643
marginal,Link,HU0 0,home battery discharger,3.62767
marginal,Link,HU0 0,methanolisation,72.55119
marginal,Link,HU0 0,municipal solid waste,8996.3142
marginal,Link,HU0 0,rural air heat pump,0.22561
marginal,Link,HU0 0,rural biomass boiler,33439090.17026
marginal,Link,HU0 0,rural gas boiler,148089.25798
marginal,Link,HU0 0,rural ground heat pump,725.37443
marginal,Link,HU0 0,rural resistive heater,139.00998
marginal,Link,HU0 0,solid biomass for industry,44666.62054
marginal,Link,HU0 0,steel emission,5558.11009
marginal,Link,HU0 0,unsustainable bioliquids,4132175.12959
marginal,Link,HU0 0,urban central air heat pump,0.6443
marginal,Link,HU0 0,urban central gas CHP,1619.07678
marginal,Link,HU0 0,urban central gas boiler,58906.07617
marginal,Link,HU0 0,urban central resistive heater,335.98399
marginal,Link,HU0 0,urban central solid biomass CHP,11729946.43791
marginal,Link,HU0 0,urban central solid biomass CHP CC,18768.54244
marginal,Link,HU0 0,urban decentral air heat pump,318.13324
marginal,Link,HU0 0,urban decentral biomass boiler,46099095.96696
marginal,Link,HU0 0,urban decentral gas boiler,199729.71241
marginal,Link,HU0 0,urban decentral resistive heater,322.65766
marginal,Link,HU0 0,waste CHP,1591.04691
marginal,Link,IE3 0,BEV charger,37627.62699
marginal,Link,IE3 0,Combined-Cycle Gas,17981335.58779
marginal,Link,IE3 0,DC,4386.89321
marginal,Link,IE3 0,H2 Electrolysis,0.39303
marginal,Link,IE3 0,HVC to air,78186.42353
marginal,Link,IE3 0,Haber-Bosch,6974.27059
marginal,Link,IE3 0,Open-Cycle Gas,153.02489
marginal,Link,IE3 0,SMR,4537.47965
marginal,Link,IE3 0,Sabatier,0.54696
marginal,Link,IE3 0,battery charger,5.14161
marginal,Link,IE3 0,battery discharger,4.97822
marginal,Link,IE3 0,biogas to gas,1431163.76008
marginal,Link,IE3 0,biomass to liquid,82.38722
marginal,Link,IE3 0,biomass-to-methanol,571.0789
marginal,Link,IE3 0,co2 sequestered,2446.1454
marginal,Link,IE3 0,electricity distribution grid,294358.7998
marginal,Link,IE3 0,gas for industry,5794.13835
marginal,Link,IE3 0,heat100-200 industry electric boiler steam,44.28333
marginal,Link,IE3 0,heat100-200 industry gas,88.66018
marginal,Link,IE3 0,heat100-200 industry industrial heat pump high temperature,2808325.76818
marginal,Link,IE3 0,heat100-200 industry solid biomass,461.64135
marginal,Link,IE3 0,heat200-500 industry gas,18524.3474
marginal,Link,IE3 0,heat200-500 industry hydrogen,143.98623
marginal,Link,IE3 0,heat200-500 industry solid biomass,6128207.02929
marginal,Link,IE3 0,heat<100 industry electric boiler steam,45.7077
marginal,Link,IE3 0,heat<100 industry gas,102.421
marginal,Link,IE3 0,heat<100 industry industrial heat pump medium temperature,2417684.23241
marginal,Link,IE3 0,heat<100 industry solid biomass,527.4787
marginal,Link,IE3 0,heat>500 industry gas,1485558.00331
marginal,Link,IE3 0,heat>500 industry hydrogen,145.10485
marginal,Link,IE3 0,home battery charger,3.57486
marginal,Link,IE3 0,home battery discharger,3.43408
marginal,Link,IE3 0,methanolisation,100.34041
marginal,Link,IE3 0,municipal solid waste,1678.77108
marginal,Link,IE3 0,rural air heat pump,0.38804
marginal,Link,IE3 0,rural biomass boiler,1899627.71869
marginal,Link,IE3 0,rural gas boiler,44102.5518
marginal,Link,IE3 0,rural ground heat pump,1004.38482
marginal,Link,IE3 0,rural resistive heater,11404.86208
marginal,Link,IE3 0,solid biomass for industry,31255.15366
marginal,Link,IE3 0,unsustainable bioliquids,399654.10608
marginal,Link,IE3 0,urban central air heat pump,2775.28263
marginal,Link,IE3 0,urban central gas CHP,914.17779
marginal,Link,IE3 0,urban central gas boiler,12645.89588
marginal,Link,IE3 0,urban central resistive heater,1429.08606
marginal,Link,IE3 0,urban central solid biomass CHP,2180.96078
marginal,Link,IE3 0,urban central solid biomass CHP CC,3658027.86586
marginal,Link,IE3 0,urban decentral air heat pump,565.8652
marginal,Link,IE3 0,urban decentral biomass boiler,2683396.43147
marginal,Link,IE3 0,urban decentral gas boiler,62723.60991
marginal,Link,IE3 0,urban decentral resistive heater,15566.4794
marginal,Link,IE3 0,waste CHP,1497.02923
marginal,Link,IT0 0,BEV charger,148459.04826
marginal,Link,IT0 0,CO2 pipeline,-3.37301
marginal,Link,IT0 0,Combined-Cycle Gas,352971120.8497
marginal,Link,IT0 0,DC,108938.08332
marginal,Link,IT0 0,EAF,0.15799
marginal,Link,IT0 0,H2 DRI,1157.40676
marginal,Link,IT0 0,H2 Electrolysis,0.32777
marginal,Link,IT0 0,HVC to air,396973.61387
marginal,Link,IT0 0,Haber-Bosch,39.82646
marginal,Link,IT0 0,Open-Cycle Gas,161.15935
marginal,Link,IT0 0,SMR,34.55173
marginal,Link,IT0 0,Sabatier,0.56721
marginal,Link,IT0 0,battery charger,6.40635
marginal,Link,IT0 0,battery discharger,5.48458
marginal,Link,IT0 0,biogas to gas,18786501.49797
marginal,Link,IT0 0,biomass to liquid,19.06094
marginal,Link,IT0 0,biomass-to-methanol,402.74401
marginal,Link,IT0 0,co2 sequestered,1.95135
marginal,Link,IT0 0,electricity distribution grid,1458886.31536
marginal,Link,IT0 0,gas DRI,2686.76453
marginal,Link,IT0 0,gas for industry,30825.25159
marginal,Link,IT0 0,gas pipeline,212492.44449
marginal,Link,IT0 0,heat100-200 industry electric boiler steam,50.89857
marginal,Link,IT0 0,heat100-200 industry gas,7702.18478
marginal,Link,IT0 0,heat100-200 industry industrial heat pump high temperature,11970910.09471
marginal,Link,IT0 0,heat100-200 industry solid biomass,122.64432
marginal,Link,IT0 0,heat200-500 industry gas,1253374.17703
marginal,Link,IT0 0,heat200-500 industry hydrogen,133.61191
marginal,Link,IT0 0,heat200-500 industry solid biomass,720.49299
marginal,Link,IT0 0,heat<100 industry electric boiler steam,55.06924
marginal,Link,IT0 0,heat<100 industry gas,34747.37645
marginal,Link,IT0 0,heat<100 industry industrial heat pump medium temperature,19749963.03925
marginal,Link,IT0 0,heat<100 industry solid biomass,127.45466
marginal,Link,IT0 0,heat>500 industry gas,2515080.45721
marginal,Link,IT0 0,heat>500 industry hydrogen,161.37993
marginal,Link,IT0 0,home battery charger,6.36995
marginal,Link,IT0 0,home battery discharger,6.07233
marginal,Link,IT0 0,methanolisation,9.8537
marginal,Link,IT0 0,municipal solid waste,13965.10988
marginal,Link,IT0 0,rural air heat pump,0.47791
marginal,Link,IT0 0,rural biomass boiler,161687608.13558
marginal,Link,IT0 0,rural gas boiler,324397.6881
marginal,Link,IT0 0,rural ground heat pump,4771.79301
marginal,Link,IT0 0,rural resistive heater,28075.56939
marginal,Link,IT0 0,solid biomass for industry,29398.70116
marginal,Link,IT0 0,steel emission,15794.05938
marginal,Link,IT0 0,unsustainable bioliquids,3066327.52016
marginal,Link,IT0 0,urban central air heat pump,7254.50894
marginal,Link,IT0 0,urban central gas CHP,903.98011
marginal,Link,IT0 0,urban central gas boiler,139477.24822
marginal,Link,IT0 0,urban central resistive heater,523.33758
marginal,Link,IT0 0,urban central solid biomass CHP,179.3122
marginal,Link,IT0 0,urban central solid biomass CHP CC,205.35127
marginal,Link,IT0 0,urban decentral air heat pump,127357.4099
marginal,Link,IT0 0,urban decentral biomass boiler,85775116.82577
marginal,Link,IT0 0,urban decentral gas boiler,166859.5908
marginal,Link,IT0 0,urban decentral resistive heater,83682.75969
marginal,Link,IT0 0,waste CHP,1581.87116
marginal,Link,IT0 1,BEV charger,208431.44991
marginal,Link,IT0 1,CO2 pipeline,-3.45402
marginal,Link,IT0 1,Combined-Cycle Gas,379736946.63866
marginal,Link,IT0 1,DC,8865.45949
marginal,Link,IT0 1,H2 Electrolysis,0.28988
marginal,Link,IT0 1,HVC to air,524546.56264
marginal,Link,IT0 1,Haber-Bosch,15.12068
marginal,Link,IT0 1,Open-Cycle Gas,156.36569
marginal,Link,IT0 1,SMR,27.87973
marginal,Link,IT0 1,Sabatier,0.53128
marginal,Link,IT0 1,battery charger,5.72844
marginal,Link,IT0 1,battery discharger,5.42827
marginal,Link,IT0 1,biogas to gas,37152261.00371
marginal,Link,IT0 1,biomass to liquid,78.49669
marginal,Link,IT0 1,biomass-to-methanol,558.8778
marginal,Link,IT0 1,co2 sequestered,13160.0485
marginal,Link,IT0 1,electricity distribution grid,2297278.11332
marginal,Link,IT0 1,gas for industry,97244.47365
marginal,Link,IT0 1,gas pipeline,103848.40955
marginal,Link,IT0 1,heat100-200 industry electric boiler steam,53.18467
marginal,Link,IT0 1,heat100-200 industry gas,65749.97148
marginal,Link,IT0 1,heat100-200 industry industrial heat pump high temperature,21064485.66348
marginal,Link,IT0 1,heat100-200 industry solid biomass,519.45371
marginal,Link,IT0 1,heat200-500 industry gas,153.47284
marginal,Link,IT0 1,heat200-500 industry hydrogen,147.63892
marginal,Link,IT0 1,heat200-500 industry solid biomass,73522569.38293
marginal,Link,IT0 1,heat<100 industry electric boiler steam,58.39125
marginal,Link,IT0 1,heat<100 industry gas,121760.73993
marginal,Link,IT0 1,heat<100 industry industrial heat pump medium temperature,32854323.28897
marginal,Link,IT0 1,heat<100 industry solid biomass,617.09655
marginal,Link,IT0 1,heat>500 industry gas,5176768.59104
marginal,Link,IT0 1,heat>500 industry hydrogen,189.98818
marginal,Link,IT0 1,home battery charger,4.99152
marginal,Link,IT0 1,home battery discharger,4.8385
marginal,Link,IT0 1,methanolisation,12.73266
marginal,Link,IT0 1,municipal solid waste,16377.92716
marginal,Link,IT0 1,rural air heat pump,0.54539
marginal,Link,IT0 1,rural biomass boiler,127191669.41711
marginal,Link,IT0 1,rural gas boiler,246399.0291
marginal,Link,IT0 1,rural ground heat pump,10594.44702
marginal,Link,IT0 1,rural resistive heater,8407.34318
marginal,Link,IT0 1,solid biomass for industry,45131.88298
marginal,Link,IT0 1,unsustainable bioliquids,6068978.58694
marginal,Link,IT0 1,urban central air heat pump,13569.39879
marginal,Link,IT0 1,urban central gas CHP,1126.02104
marginal,Link,IT0 1,urban central gas boiler,154283.11943
marginal,Link,IT0 1,urban central resistive heater,278.55069
marginal,Link,IT0 1,urban central solid biomass CHP,9185385.35284
marginal,Link,IT0 1,urban central solid biomass CHP CC,18928370.0281
marginal,Link,IT0 1,urban decentral air heat pump,144605.06263
marginal,Link,IT0 1,urban decentral biomass boiler,160301875.64593
marginal,Link,IT0 1,urban decentral gas boiler,302441.35928
marginal,Link,IT0 1,urban decentral resistive heater,184462.85349
marginal,Link,IT0 1,waste CHP,1814.89225
marginal,Link,IT4 0,BEV charger,9429.69628
marginal,Link,IT4 0,Combined-Cycle Gas,319.55257
marginal,Link,IT4 0,DC,18704.74798
marginal,Link,IT4 0,H2 Electrolysis,0.37729
marginal,Link,IT4 0,HVC to air,23834.3368
marginal,Link,IT4 0,Haber-Bosch,10.94596
marginal,Link,IT4 0,Open-Cycle Gas,174.27908
marginal,Link,IT4 0,SMR,17.49572
marginal,Link,IT4 0,Sabatier,0.53415
marginal,Link,IT4 0,battery charger,8.09632
marginal,Link,IT4 0,battery discharger,8.48631
marginal,Link,IT4 0,biogas to gas,935030.62614
marginal,Link,IT4 0,biomass to liquid,21.12344
marginal,Link,IT4 0,biomass-to-methanol,399.20492
marginal,Link,IT4 0,electricity distribution grid,106553.00211
marginal,Link,IT4 0,gas for industry,2735.97018
marginal,Link,IT4 0,heat100-200 industry electric boiler steam,44.18402
marginal,Link,IT4 0,heat100-200 industry gas,1568.55061
marginal,Link,IT4 0,heat100-200 industry industrial heat pump high temperature,941741.55293
marginal,Link,IT4 0,heat100-200 industry solid biomass,187.48029
marginal,Link,IT4 0,heat200-500 industry gas,291580.878
marginal,Link,IT4 0,heat200-500 industry hydrogen,176.38358
marginal,Link,IT4 0,heat200-500 industry solid biomass,836.58661
marginal,Link,IT4 0,heat<100 industry electric boiler steam,43.11654
marginal,Link,IT4 0,heat<100 industry gas,5787.08516
marginal,Link,IT4 0,heat<100 industry industrial heat pump medium temperature,1872848.18054
marginal,Link,IT4 0,heat<100 industry solid biomass,182.02906
marginal,Link,IT4 0,heat>500 industry gas,512300.68507
marginal,Link,IT4 0,heat>500 industry hydrogen,151.22291
marginal,Link,IT4 0,home battery charger,3.49351
marginal,Link,IT4 0,home battery discharger,3.7373
marginal,Link,IT4 0,methanolisation,5.46957
marginal,Link,IT4 0,municipal solid waste,869.38083
marginal,Link,IT4 0,rural air heat pump,0.15059
marginal,Link,IT4 0,rural biomass boiler,19194455.34341
marginal,Link,IT4 0,rural gas boiler,35761.2102
marginal,Link,IT4 0,rural ground heat pump,249.49106
marginal,Link,IT4 0,rural resistive heater,2830.9406
marginal,Link,IT4 0,solid biomass for industry,2052.56318
marginal,Link,IT4 0,unsustainable bioliquids,152736.25033
marginal,Link,IT4 0,urban central air heat pump,132.31837
marginal,Link,IT4 0,urban central gas CHP,1064.57579
marginal,Link,IT4 0,urban central gas boiler,2691.64319
marginal,Link,IT4 0,urban central resistive heater,18.3654
marginal,Link,IT4 0,urban central solid biomass CHP,213.45205
marginal,Link,IT4 0,urban central solid biomass CHP CC,249.49489
marginal,Link,IT4 0,urban decentral air heat pump,3344.31597
marginal,Link,IT4 0,urban decentral biomass boiler,796941.6363
marginal,Link,IT4 0,urban decentral gas boiler,1362.58726
marginal,Link,IT4 0,urban decentral resistive heater,2122.61788
marginal,Link,IT4 0,waste CHP,1099.42869
marginal,Link,LT0 0,BEV charger,25770.11195
marginal,Link,LT0 0,CO2 pipeline,-0.7403
marginal,Link,LT0 0,Combined-Cycle Gas,10886341.47755
marginal,Link,LT0 0,DC,10352.58354
marginal,Link,LT0 0,H2 Electrolysis,0.33572
marginal,Link,LT0 0,HVC to air,49671.51176
marginal,Link,LT0 0,Haber-Bosch,15.50056
marginal,Link,LT0 0,Open-Cycle Gas,137.70248
marginal,Link,LT0 0,SMR,55.57523
marginal,Link,LT0 0,Sabatier,0.55531
marginal,Link,LT0 0,battery charger,4.48692
marginal,Link,LT0 0,battery discharger,4.98814
marginal,Link,LT0 0,biogas to gas,1101373.96966
marginal,Link,LT0 0,biomass to liquid,1223642.83099
marginal,Link,LT0 0,biomass-to-methanol,622.302
marginal,Link,LT0 0,co2 sequestered,2640.67189
marginal,Link,LT0 0,electricity distribution grid,118556.49745
marginal,Link,LT0 0,gas for industry,184.13502
marginal,Link,LT0 0,gas pipeline,143.19757
marginal,Link,LT0 0,gas pipeline new,-1.2053
marginal,Link,LT0 0,heat100-200 industry electric boiler steam,38.87579
marginal,Link,LT0 0,heat100-200 industry gas,3302.92821
marginal,Link,LT0 0,heat100-200 industry industrial heat pump high temperature,928385.09645
marginal,Link,LT0 0,heat100-200 industry solid biomass,3668.41048
marginal,Link,LT0 0,heat200-500 industry gas,23.09843
marginal,Link,LT0 0,heat200-500 industry hydrogen,148.2005
marginal,Link,LT0 0,heat200-500 industry solid biomass,2521036.71682
marginal,Link,LT0 0,heat<100 industry electric boiler steam,39.81283
marginal,Link,LT0 0,heat<100 industry gas,103.11583
marginal,Link,LT0 0,heat<100 industry industrial heat pump medium temperature,3264.44727
marginal,Link,LT0 0,heat<100 industry solid biomass,2557538.73398
marginal,Link,LT0 0,heat>500 industry gas,92909.31107
marginal,Link,LT0 0,heat>500 industry hydrogen,174.26842
marginal,Link,LT0 0,home battery charger,3.81767
marginal,Link,LT0 0,home battery discharger,3.84113
marginal,Link,LT0 0,methanolisation,37.86573
marginal,Link,LT0 0,municipal solid waste,1223.49725
marginal,Link,LT0 0,rural air heat pump,0.04811
marginal,Link,LT0 0,rural biomass boiler,46243562.59729
marginal,Link,LT0 0,rural gas boiler,0.75187
marginal,Link,LT0 0,rural ground heat pump,753.59473
marginal,Link,LT0 0,rural resistive heater,5.13493
marginal,Link,LT0 0,solid biomass for industry,10582.72142
marginal,Link,LT0 0,unsustainable bioliquids,1388213.43696
marginal,Link,LT0 0,urban central air heat pump,0.59263
marginal,Link,LT0 0,urban central gas CHP,648.37596
marginal,Link,LT0 0,urban central gas boiler,43139.08962
marginal,Link,LT0 0,urban central resistive heater,90.12968
marginal,Link,LT0 0,urban central solid biomass CHP,2305395.04806
marginal,Link,LT0 0,urban central solid biomass CHP CC,4245727.62717
marginal,Link,LT0 0,urban decentral air heat pump,83.95609
marginal,Link,LT0 0,urban decentral biomass boiler,38042792.29951
marginal,Link,LT0 0,urban decentral gas boiler,1.54255
marginal,Link,LT0 0,urban decentral resistive heater,4.32119
marginal,Link,LT0 0,waste CHP,1104.32577
marginal,Link,LU0 0,BEV charger,10447.34107
marginal,Link,LU0 0,Combined-Cycle Gas,1019.13569
marginal,Link,LU0 0,H2 Electrolysis,0.29032
marginal,Link,LU0 0,HVC to air,8974.41103
marginal,Link,LU0 0,Haber-Bosch,10.40101
marginal,Link,LU0 0,Open-Cycle Gas,1550348.51938
marginal,Link,LU0 0,SMR,30.72066
marginal,Link,LU0 0,Sabatier,0.59147
marginal,Link,LU0 0,battery charger,5.51
marginal,Link,LU0 0,battery discharger,5.11553
marginal,Link,LU0 0,biogas to gas,508881.74449
marginal,Link,LU0 0,biomass to liquid,133.46185
marginal,Link,LU0 0,biomass-to-methanol,596.50147
marginal,Link,LU0 0,electricity distribution grid,64718.25624
marginal,Link,LU0 0,gas for industry,18114.26238
marginal,Link,LU0 0,gas pipeline,118763.51408
marginal,Link,LU0 0,heat100-200 industry electric boiler steam,35.61383
marginal,Link,LU0 0,heat100-200 industry gas,3505.29242
marginal,Link,LU0 0,heat100-200 industry industrial heat pump high temperature,292325.25513
marginal,Link,LU0 0,heat100-200 industry solid biomass,2715.39188
marginal,Link,LU0 0,heat200-500 industry gas,39.1314
marginal,Link,LU0 0,heat200-500 industry hydrogen,165.89697
marginal,Link,LU0 0,heat200-500 industry solid biomass,1586411.55285
marginal,Link,LU0 0,heat<100 industry electric boiler steam,36.51526
marginal,Link,LU0 0,heat<100 industry gas,2644.54053
marginal,Link,LU0 0,heat<100 industry industrial heat pump medium temperature,187440.99525
marginal,Link,LU0 0,heat<100 industry solid biomass,420182.78985
marginal,Link,LU0 0,heat>500 industry gas,185276.27245
marginal,Link,LU0 0,heat>500 industry hydrogen,169.26878
marginal,Link,LU0 0,home battery charger,3.58834
marginal,Link,LU0 0,home battery discharger,3.45444
marginal,Link,LU0 0,methanolisation,15.67385
marginal,Link,LU0 0,municipal solid waste,107.12994
marginal,Link,LU0 0,rural air heat pump,0.20183
marginal,Link,LU0 0,rural biomass boiler,431309.7327
marginal,Link,LU0 0,rural gas boiler,2795.19048
marginal,Link,LU0 0,rural ground heat pump,48.46794
marginal,Link,LU0 0,rural resistive heater,362.12646
marginal,Link,LU0 0,solid biomass for industry,2649.5117
marginal,Link,LU0 0,urban central air heat pump,0.96106
marginal,Link,LU0 0,urban central gas CHP,2672365.46385
marginal,Link,LU0 0,urban central gas boiler,7089.66284
marginal,Link,LU0 0,urban central resistive heater,497.47313
marginal,Link,LU0 0,urban central solid biomass CHP,1487074.54733
marginal,Link,LU0 0,urban central solid biomass CHP CC,871234.86739
marginal,Link,LU0 0,urban decentral air heat pump,200.58044
marginal,Link,LU0 0,urban decentral biomass boiler,2754245.35526
marginal,Link,LU0 0,urban decentral gas boiler,18287.52907
marginal,Link,LU0 0,urban decentral resistive heater,2856.04306
marginal,Link,LU0 0,waste CHP,1006.90429
marginal,Link,LV0 0,BEV charger,11008.99306
marginal,Link,LV0 0,Combined-Cycle Gas,4501165.0167
marginal,Link,LV0 0,H2 Electrolysis,0.33812
marginal,Link,LV0 0,HVC to air,27285.68143
marginal,Link,LV0 0,Haber-Bosch,17.48916
marginal,Link,LV0 0,Open-Cycle Gas,133.46505
marginal,Link,LV0 0,SMR,97.4255
marginal,Link,LV0 0,Sabatier,0.53184
marginal,Link,LV0 0,battery charger,5.0368
marginal,Link,LV0 0,battery discharger,4.87607
marginal,Link,LV0 0,biogas to gas,2278077.67746
marginal,Link,LV0 0,biomass to liquid,6601109.97573
marginal,Link,LV0 0,biomass-to-methanol,614.10595
marginal,Link,LV0 0,co2 sequestered,3706.87545
marginal,Link,LV0 0,electricity distribution grid,70885.54594
marginal,Link,LV0 0,gas for industry,273.40739
marginal,Link,LV0 0,gas pipeline,98.7744
marginal,Link,LV0 0,heat100-200 industry electric boiler steam,39.85767
marginal,Link,LV0 0,heat100-200 industry gas,200.54925
marginal,Link,LV0 0,heat100-200 industry industrial heat pump high temperature,475586.24472
marginal,Link,LV0 0,heat100-200 industry solid biomass,3207.01671
marginal,Link,LV0 0,heat200-500 industry gas,23.27196
marginal,Link,LV0 0,heat200-500 industry hydrogen,154.00325
marginal,Link,LV0 0,heat200-500 industry solid biomass,1773771.21646
marginal,Link,LV0 0,heat<100 industry electric boiler steam,40.62529
marginal,Link,LV0 0,heat<100 industry gas,392.27307
marginal,Link,LV0 0,heat<100 industry industrial heat pump medium temperature,92561.6776
marginal,Link,LV0 0,heat<100 industry solid biomass,3118148.93505
marginal,Link,LV0 0,heat>500 industry gas,95284.61119
marginal,Link,LV0 0,heat>500 industry hydrogen,173.79096
marginal,Link,LV0 0,home battery charger,3.4978
marginal,Link,LV0 0,home battery discharger,3.52964
marginal,Link,LV0 0,methanolisation,63.82325
marginal,Link,LV0 0,municipal solid waste,578.73105
marginal,Link,LV0 0,rural air heat pump,0.06266
marginal,Link,LV0 0,rural biomass boiler,39252315.08504
marginal,Link,LV0 0,rural gas boiler,11899.97206
marginal,Link,LV0 0,rural ground heat pump,0.10521
marginal,Link,LV0 0,rural resistive heater,10.70454
marginal,Link,LV0 0,solid biomass for industry,47632.39862
marginal,Link,LV0 0,unsustainable bioliquids,671519.28453
marginal,Link,LV0 0,urban central air heat pump,0.59864
marginal,Link,LV0 0,urban central gas CHP,603.37219
marginal,Link,LV0 0,urban central gas boiler,29305.86292
marginal,Link,LV0 0,urban central resistive heater,47.66307
marginal,Link,LV0 0,urban central solid biomass CHP,2892630.00777
marginal,Link,LV0 0,urban central solid biomass CHP CC,5826273.70114
marginal,Link,LV0 0,urban decentral air heat pump,0.03995
marginal,Link,LV0 0,urban decentral biomass boiler,28443023.22865
marginal,Link,LV0 0,urban decentral gas boiler,8853.8059
marginal,Link,LV0 0,urban decentral resistive heater,9.39683
marginal,Link,LV0 0,waste CHP,1013.87276
marginal,Link,ME0 0,BEV charger,2271.01652
marginal,Link,ME0 0,CO2 pipeline,7.80487
marginal,Link,ME0 0,Combined-Cycle Gas,313.63725
marginal,Link,ME0 0,DC,6766.36764
marginal,Link,ME0 0,EAF,0.10001
marginal,Link,ME0 0,H2 DRI,726.37954
marginal,Link,ME0 0,H2 Electrolysis,0.33013
marginal,Link,ME0 0,HVC to air,10884.21971
marginal,Link,ME0 0,Haber-Bosch,10.84311
marginal,Link,ME0 0,Open-Cycle Gas,166.00795
marginal,Link,ME0 0,SMR,75.69701
marginal,Link,ME0 0,Sabatier,0.54735
marginal,Link,ME0 0,battery charger,5.38709
marginal,Link,ME0 0,battery discharger,5.33678
marginal,Link,ME0 0,biogas to gas,768.25677
marginal,Link,ME0 0,biomass to liquid,503448.18065
marginal,Link,ME0 0,biomass-to-methanol,585.7225
marginal,Link,ME0 0,electricity distribution grid,30754.7882
marginal,Link,ME0 0,gas DRI,1521.18519
marginal,Link,ME0 0,gas for industry,118.62251
marginal,Link,ME0 0,heat100-200 industry electric boiler steam,51.27973
marginal,Link,ME0 0,heat100-200 industry gas,118.83818
marginal,Link,ME0 0,heat100-200 industry industrial heat pump high temperature,112617.30183
marginal,Link,ME0 0,heat100-200 industry solid biomass,11427.74633
marginal,Link,ME0 0,heat200-500 industry gas,21.71605
marginal,Link,ME0 0,heat200-500 industry hydrogen,167.31095
marginal,Link,ME0 0,heat200-500 industry solid biomass,465920.08116
marginal,Link,ME0 0,heat<100 industry electric boiler steam,51.93428
marginal,Link,ME0 0,heat<100 industry gas,98.05795
marginal,Link,ME0 0,heat<100 industry industrial heat pump medium temperature,2042.27189
marginal,Link,ME0 0,heat<100 industry solid biomass,346950.59125
marginal,Link,ME0 0,heat>500 industry gas,60616.51139
marginal,Link,ME0 0,heat>500 industry hydrogen,174.18695
marginal,Link,ME0 0,home battery charger,5.18915
marginal,Link,ME0 0,home battery discharger,4.75315
marginal,Link,ME0 0,methanolisation,44.90155
marginal,Link,ME0 0,municipal solid waste,0.55144
marginal,Link,ME0 0,rural air heat pump,0.20503
marginal,Link,ME0 0,rural biomass boiler,1904.79461
marginal,Link,ME0 0,rural gas boiler,4610.71341
marginal,Link,ME0 0,rural ground heat pump,0.32708
marginal,Link,ME0 0,rural resistive heater,560.66183
marginal,Link,ME0 0,solid biomass for industry,2221.08075
marginal,Link,ME0 0,steel emission,120.74659
marginal,Link,ME0 0,urban central air heat pump,1.0408
marginal,Link,ME0 0,urban central gas CHP,994.23159
marginal,Link,ME0 0,urban central gas boiler,788.31461
marginal,Link,ME0 0,urban central resistive heater,28.68025
marginal,Link,ME0 0,urban central solid biomass CHP,460318.08934
marginal,Link,ME0 0,urban central solid biomass CHP CC,36334.50406
marginal,Link,ME0 0,urban decentral air heat pump,0.20704
marginal,Link,ME0 0,urban decentral biomass boiler,1946.3064
marginal,Link,ME0 0,urban decentral gas boiler,7168.27823
marginal,Link,ME0 0,urban decentral resistive heater,949.13252
marginal,Link,ME0 0,waste CHP,989.47348
marginal,Link,MK0 0,BEV charger,7161.86998
marginal,Link,MK0 0,CO2 pipeline,-8.58686
marginal,Link,MK0 0,Combined-Cycle Gas,5068598.32453
marginal,Link,MK0 0,EAF,0.09386
marginal,Link,MK0 0,H2 DRI,789.18147
marginal,Link,MK0 0,H2 Electrolysis,0.32096
marginal,Link,MK0 0,HVC to air,33114.48391
marginal,Link,MK0 0,Haber-Bosch,11.7036
marginal,Link,MK0 0,Open-Cycle Gas,165.13713
marginal,Link,MK0 0,SMR,64.9894
marginal,Link,MK0 0,Sabatier,0.60019
marginal,Link,MK0 0,battery charger,5.66206
marginal,Link,MK0 0,battery discharger,5.1325
marginal,Link,MK0 0,biogas to gas,536086.20046
marginal,Link,MK0 0,biomass to liquid,571664.79507
marginal,Link,MK0 0,biomass-to-methanol,580.99465
marginal,Link,MK0 0,electricity distribution grid,62674.93552
marginal,Link,MK0 0,gas DRI,1732.36968
marginal,Link,MK0 0,gas for industry,3071.93954
marginal,Link,MK0 0,gas pipeline new,273158.33082
marginal,Link,MK0 0,heat100-200 industry electric boiler steam,47.84343
marginal,Link,MK0 0,heat100-200 industry gas,120.96387
marginal,Link,MK0 0,heat100-200 industry industrial heat pump high temperature,220400.92335
marginal,Link,MK0 0,heat100-200 industry solid biomass,5809.77685
marginal,Link,MK0 0,heat200-500 industry gas,24.55492
marginal,Link,MK0 0,heat200-500 industry hydrogen,167.80141
marginal,Link,MK0 0,heat200-500 industry solid biomass,559240.89626
marginal,Link,MK0 0,heat<100 industry electric boiler steam,47.92507
marginal,Link,MK0 0,heat<100 industry gas,97.28819
marginal,Link,MK0 0,heat<100 industry industrial heat pump medium temperature,3022.34198
marginal,Link,MK0 0,heat<100 industry solid biomass,825321.7367
marginal,Link,MK0 0,heat>500 industry gas,14485.23982
marginal,Link,MK0 0,heat>500 industry hydrogen,208.11955
marginal,Link,MK0 0,home battery charger,10.94259
marginal,Link,MK0 0,home battery discharger,11.16439
marginal,Link,MK0 0,methanolisation,45.22681
marginal,Link,MK0 0,municipal solid waste,654.13267
marginal,Link,MK0 0,rural air heat pump,0.08608
marginal,Link,MK0 0,rural biomass boiler,1261.56039
marginal,Link,MK0 0,rural gas boiler,15965.25809
marginal,Link,MK0 0,rural ground heat pump,0.16295
marginal,Link,MK0 0,rural resistive heater,1462.85507
marginal,Link,MK0 0,solid biomass for industry,627.50224
marginal,Link,MK0 0,steel emission,2946.79165
marginal,Link,MK0 0,urban central air heat pump,0.88629
marginal,Link,MK0 0,urban central gas CHP,974.09766
marginal,Link,MK0 0,urban central gas boiler,8671.89406
marginal,Link,MK0 0,urban central resistive heater,381.60043
marginal,Link,MK0 0,urban central solid biomass CHP,1898667.47758
marginal,Link,MK0 0,urban central solid biomass CHP CC,4292.9719
marginal,Link,MK0 0,urban decentral air heat pump,0.08691
marginal,Link,MK0 0,urban decentral biomass boiler,1230.82423
marginal,Link,MK0 0,urban decentral gas boiler,11920.56313
marginal,Link,MK0 0,urban decentral resistive heater,1114.20124
marginal,Link,MK0 0,waste CHP,1096.56077
marginal,Link,NL0 0,BEV charger,134698.59263
marginal,Link,NL0 0,CO2 pipeline,0.07793
marginal,Link,NL0 0,Combined-Cycle Gas,145215037.8851
marginal,Link,NL0 0,DC,40285.99986
marginal,Link,NL0 0,EAF,0.1873
marginal,Link,NL0 0,H2 DRI,1215.50558
marginal,Link,NL0 0,H2 Electrolysis,0.34745
marginal,Link,NL0 0,HVC to air,282230.79775
marginal,Link,NL0 0,Haber-Bosch,48.74373
marginal,Link,NL0 0,Open-Cycle Gas,187.55796
marginal,Link,NL0 0,SMR,97.91858
marginal,Link,NL0 0,Sabatier,0.52698
marginal,Link,NL0 0,battery charger,4.54924
marginal,Link,NL0 0,battery discharger,4.92532
marginal,Link,NL0 0,biogas to gas,10065079.35129
marginal,Link,NL0 0,biomass to liquid,80.06973
marginal,Link,NL0 0,biomass-to-methanol,561.65966
marginal,Link,NL0 0,co2 sequestered,16729.95672
marginal,Link,NL0 0,electricity distribution grid,1214535.35528
marginal,Link,NL0 0,gas DRI,3085.75226
marginal,Link,NL0 0,gas for industry,39716.53179
marginal,Link,NL0 0,gas pipeline,663.37618
marginal,Link,NL0 0,heat100-200 industry electric boiler steam,58.32476
marginal,Link,NL0 0,heat100-200 industry gas,220407.51223
marginal,Link,NL0 0,heat100-200 industry industrial heat pump high temperature,29126576.3144
marginal,Link,NL0 0,heat100-200 industry solid biomass,465.14609
marginal,Link,NL0 0,heat200-500 industry gas,1564247.14562
marginal,Link,NL0 0,heat200-500 industry hydrogen,144.62481
marginal,Link,NL0 0,heat200-500 industry solid biomass,22276490.50712
marginal,Link,NL0 0,heat<100 industry electric boiler steam,57.25431
marginal,Link,NL0 0,heat<100 industry gas,214931.18765
marginal,Link,NL0 0,heat<100 industry industrial heat pump medium temperature,28025943.09797
marginal,Link,NL0 0,heat<100 industry solid biomass,509.97994
marginal,Link,NL0 0,heat>500 industry gas,7658755.88782
marginal,Link,NL0 0,heat>500 industry hydrogen,199.1416
marginal,Link,NL0 0,home battery charger,4.04642
marginal,Link,NL0 0,home battery discharger,3.54045
marginal,Link,NL0 0,methanolisation,47.77818
marginal,Link,NL0 0,municipal solid waste,42650.40462
marginal,Link,NL0 0,rural air heat pump,0.90017
marginal,Link,NL0 0,rural biomass boiler,5592165.34579
marginal,Link,NL0 0,rural gas boiler,252624.10617
marginal,Link,NL0 0,rural ground heat pump,47426.62051
marginal,Link,NL0 0,rural resistive heater,158.72109
marginal,Link,NL0 0,solid biomass for industry,24415.76399
marginal,Link,NL0 0,steel emission,25978.76887
marginal,Link,NL0 0,unsustainable bioliquids,15556245.13112
marginal,Link,NL0 0,urban central air heat pump,16.85533
marginal,Link,NL0 0,urban central gas CHP,1231.42794
marginal,Link,NL0 0,urban central gas boiler,142159.09625
marginal,Link,NL0 0,urban central resistive heater,5171.29745
marginal,Link,NL0 0,urban central solid biomass CHP,3756.28775
marginal,Link,NL0 0,urban central solid biomass CHP CC,24162192.96589
marginal,Link,NL0 0,urban decentral air heat pump,12968.21687
marginal,Link,NL0 0,urban decentral biomass boiler,17607643.2559
marginal,Link,NL0 0,urban decentral gas boiler,742425.3934
marginal,Link,NL0 0,urban decentral resistive heater,17032.72296
marginal,Link,NL0 0,waste CHP,1777.10079
marginal,Link,NO1 0,BEV charger,32525.66171
marginal,Link,NO1 0,CO2 pipeline,-27.38583
marginal,Link,NO1 0,Combined-Cycle Gas,270.98357
marginal,Link,NO1 0,DC,313173.02824
marginal,Link,NO1 0,EAF,0.14162
marginal,Link,NO1 0,H2 DRI,1069.7906
marginal,Link,NO1 0,H2 Electrolysis,0.38966
marginal,Link,NO1 0,HVC to air,99017.59668
marginal,Link,NO1 0,Haber-Bosch,853505.91306
marginal,Link,NO1 0,Open-Cycle Gas,112.98399
marginal,Link,NO1 0,SMR,550877.44564
marginal,Link,NO1 0,Sabatier,0.61975
marginal,Link,NO1 0,battery charger,4.66139
marginal,Link,NO1 0,battery discharger,5.28811
marginal,Link,NO1 0,biogas to gas,2450738.7799
marginal,Link,NO1 0,biomass to liquid,16.39401
marginal,Link,NO1 0,biomass-to-methanol,383.96728
marginal,Link,NO1 0,co2 sequestered,2.24503
marginal,Link,NO1 0,electricity distribution grid,827155.11279
marginal,Link,NO1 0,gas DRI,2537.92197
marginal,Link,NO1 0,gas for industry,30217.21835
marginal,Link,NO1 0,gas pipeline,43.89578
marginal,Link,NO1 0,gas pipeline new,460375.70535
marginal,Link,NO1 0,heat100-200 industry electric boiler steam,53.24296
marginal,Link,NO1 0,heat100-200 industry gas,58.28332
marginal,Link,NO1 0,heat100-200 industry industrial heat pump high temperature,6275351.79221
marginal,Link,NO1 0,heat100-200 industry solid biomass,102.18176
marginal,Link,NO1 0,heat200-500 industry gas,591668.50252
marginal,Link,NO1 0,heat200-500 industry hydrogen,140.33547
marginal,Link,NO1 0,heat200-500 industry solid biomass,514.44914
marginal,Link,NO1 0,heat<100 industry electric boiler steam,53.85879
marginal,Link,NO1 0,heat<100 industry gas,62.60694
marginal,Link,NO1 0,heat<100 industry industrial heat pump medium temperature,5508275.98089
marginal,Link,NO1 0,heat<100 industry solid biomass,106.80021
marginal,Link,NO1 0,heat>500 industry gas,3254179.51913
marginal,Link,NO1 0,heat>500 industry hydrogen,166.94937
marginal,Link,NO1 0,home battery charger,5.65699
marginal,Link,NO1 0,home battery discharger,4.64525
marginal,Link,NO1 0,methanolisation,130.64364
marginal,Link,NO1 0,municipal solid waste,18564.44695
marginal,Link,NO1 0,rural air heat pump,0.17985
marginal,Link,NO1 0,rural biomass boiler,39771946.03614
marginal,Link,NO1 0,rural gas boiler,2676.27533
marginal,Link,NO1 0,rural ground heat pump,17155.36973
marginal,Link,NO1 0,rural resistive heater,423.03484
marginal,Link,NO1 0,solid biomass for industry,79687.658
marginal,Link,NO1 0,steel emission,9512.74362
marginal,Link,NO1 0,unsustainable bioliquids,663881.27673
marginal,Link,NO1 0,urban central air heat pump,0.74795
marginal,Link,NO1 0,urban central gas CHP,378.90733
marginal,Link,NO1 0,urban central gas boiler,34329.70359
marginal,Link,NO1 0,urban central resistive heater,11.1047
marginal,Link,NO1 0,urban central solid biomass CHP,119.58301
marginal,Link,NO1 0,urban central solid biomass CHP CC,149.03168
marginal,Link,NO1 0,urban decentral air heat pump,90785.69238
marginal,Link,NO1 0,urban decentral biomass boiler,135117994.99948
marginal,Link,NO1 0,urban decentral gas boiler,89620.09896
marginal,Link,NO1 0,urban decentral resistive heater,9388.1887
marginal,Link,NO1 0,waste CHP,1150.29004
marginal,Link,PL0 0,BEV charger,224245.68395
marginal,Link,PL0 0,CO2 pipeline,-0.67783
marginal,Link,PL0 0,Combined-Cycle Gas,124346633.67782
marginal,Link,PL0 0,DC,8167.49257
marginal,Link,PL0 0,EAF,0.15102
marginal,Link,PL0 0,H2 DRI,1040.96394
marginal,Link,PL0 0,H2 Electrolysis,0.25997
marginal,Link,PL0 0,HVC to air,636392.13551
marginal,Link,PL0 0,Haber-Bosch,13.66024
marginal,Link,PL0 0,Open-Cycle Gas,305.26975
marginal,Link,PL0 0,SMR,31.22424
marginal,Link,PL0 0,Sabatier,0.53178
marginal,Link,PL0 0,battery charger,5.15309
marginal,Link,PL0 0,battery discharger,4.89851
marginal,Link,PL0 0,biogas to gas,8435430.00664
marginal,Link,PL0 0,biomass to liquid,67.0091
marginal,Link,PL0 0,biomass-to-methanol,549.7493
marginal,Link,PL0 0,co2 sequestered,14535.73039
marginal,Link,PL0 0,electricity distribution grid,1865215.58479
marginal,Link,PL0 0,gas DRI,2621.41953
marginal,Link,PL0 0,gas for industry,40482.09852
marginal,Link,PL0 0,gas pipeline,687993.35327
marginal,Link,PL0 0,heat100-200 industry electric boiler steam,48.11824
marginal,Link,PL0 0,heat100-200 industry gas,238663.00043
marginal,Link,PL0 0,heat100-200 industry industrial heat pump high temperature,18646348.74085
marginal,Link,PL0 0,heat100-200 industry solid biomass,713.35682
marginal,Link,PL0 0,heat200-500 industry gas,535.59962
marginal,Link,PL0 0,heat200-500 industry hydrogen,148.6161
marginal,Link,PL0 0,heat200-500 industry solid biomass,62671576.72287
marginal,Link,PL0 0,heat<100 industry electric boiler steam,48.6541
marginal,Link,PL0 0,heat<100 industry gas,266833.27918
marginal,Link,PL0 0,heat<100 industry industrial heat pump medium temperature,20508059.27629
marginal,Link,PL0 0,heat<100 industry solid biomass,1024.08588
marginal,Link,PL0 0,heat>500 industry gas,6533929.16863
marginal,Link,PL0 0,heat>500 industry hydrogen,202.51461
marginal,Link,PL0 0,home battery charger,3.67954
marginal,Link,PL0 0,home battery discharger,3.83349
marginal,Link,PL0 0,methanolisation,16.00028
marginal,Link,PL0 0,municipal solid waste,23079.25037
marginal,Link,PL0 0,rural air heat pump,0.21759
marginal,Link,PL0 0,rural biomass boiler,292565323.65053
marginal,Link,PL0 0,rural gas boiler,137141.38209
marginal,Link,PL0 0,rural ground heat pump,1693.32922
marginal,Link,PL0 0,rural resistive heater,92548.25116
marginal,Link,PL0 0,solid biomass for industry,322556.47467
marginal,Link,PL0 0,steel emission,21511.58124
marginal,Link,PL0 0,unsustainable bioliquids,8581750.50782
marginal,Link,PL0 0,urban central air heat pump,0.53841
marginal,Link,PL0 0,urban central gas CHP,222651.10114
marginal,Link,PL0 0,urban central gas boiler,332760.63695
marginal,Link,PL0 0,urban central resistive heater,4414.4057
marginal,Link,PL0 0,urban central solid biomass CHP,38223948.61879
marginal,Link,PL0 0,urban central solid biomass CHP CC,22278312.18357
marginal,Link,PL0 0,urban decentral air heat pump,111.86427
marginal,Link,PL0 0,urban decentral biomass boiler,190239495.34622
marginal,Link,PL0 0,urban decentral gas boiler,85634.90016
marginal,Link,PL0 0,urban decentral resistive heater,67136.52271
marginal,Link,PL0 0,waste CHP,1905.11338
marginal,Link,PT0 0,BEV charger,69248.49405
marginal,Link,PT0 0,Combined-Cycle Gas,24838352.91378
marginal,Link,PT0 0,H2 Electrolysis,0.33279
marginal,Link,PT0 0,HVC to air,141454.77064
marginal,Link,PT0 0,Haber-Bosch,25.45257
marginal,Link,PT0 0,Open-Cycle Gas,170.85473
marginal,Link,PT0 0,SMR,15669.25395
marginal,Link,PT0 0,Sabatier,0.64329
marginal,Link,PT0 0,battery charger,6.93262
marginal,Link,PT0 0,battery discharger,6.63275
marginal,Link,PT0 0,biogas to gas,2264812.4462
marginal,Link,PT0 0,biomass to liquid,3997568.0485
marginal,Link,PT0 0,biomass-to-methanol,598.44583
marginal,Link,PT0 0,co2 sequestered,20.64458
marginal,Link,PT0 0,electricity distribution grid,662232.6169
marginal,Link,PT0 0,gas for industry,14570.07383
marginal,Link,PT0 0,heat100-200 industry electric boiler steam,43.38526
marginal,Link,PT0 0,heat100-200 industry gas,8127.22309
marginal,Link,PT0 0,heat100-200 industry industrial heat pump high temperature,4612879.66123
marginal,Link,PT0 0,heat100-200 industry solid biomass,1755.61072
marginal,Link,PT0 0,heat200-500 industry gas,25.89505
marginal,Link,PT0 0,heat200-500 industry hydrogen,129.57947
marginal,Link,PT0 0,heat200-500 industry solid biomass,15693239.77599
marginal,Link,PT0 0,heat<100 industry electric boiler steam,45.00587
marginal,Link,PT0 0,heat<100 industry gas,12443.6692
marginal,Link,PT0 0,heat<100 industry industrial heat pump medium temperature,5181260.76981
marginal,Link,PT0 0,heat<100 industry solid biomass,3514.66871
marginal,Link,PT0 0,heat>500 industry gas,1474654.2556
marginal,Link,PT0 0,heat>500 industry hydrogen,147.08753
marginal,Link,PT0 0,home battery charger,14.70117
marginal,Link,PT0 0,home battery discharger,13.86593
marginal,Link,PT0 0,methanolisation,13119.24304
marginal,Link,PT0 0,municipal solid waste,11270.36195
marginal,Link,PT0 0,rural air heat pump,0.3366
marginal,Link,PT0 0,rural biomass boiler,24916749.79403
marginal,Link,PT0 0,rural gas boiler,17053.31929
marginal,Link,PT0 0,rural ground heat pump,1718.07379
marginal,Link,PT0 0,rural resistive heater,72093.61626
marginal,Link,PT0 0,solid biomass for industry,133467.6328
marginal,Link,PT0 0,unsustainable bioliquids,3036985.49573
marginal,Link,PT0 0,urban central air heat pump,2.82829
marginal,Link,PT0 0,urban central gas CHP,940.96207
marginal,Link,PT0 0,urban central gas boiler,21731.84143
marginal,Link,PT0 0,urban central resistive heater,328.44177
marginal,Link,PT0 0,urban central solid biomass CHP,322272.14261
marginal,Link,PT0 0,urban central solid biomass CHP CC,4128315.77096
marginal,Link,PT0 0,urban decentral air heat pump,14488.11643
marginal,Link,PT0 0,urban decentral biomass boiler,25256316.22959
marginal,Link,PT0 0,urban decentral gas boiler,16480.98093
marginal,Link,PT0 0,urban decentral resistive heater,70096.30088
marginal,Link,PT0 0,waste CHP,1480.41096
marginal,Link,RO0 0,BEV charger,68480.51215
marginal,Link,RO0 0,CO2 pipeline,0.56542
marginal,Link,RO0 0,Combined-Cycle Gas,34125193.35435
marginal,Link,RO0 0,EAF,0.12627
marginal,Link,RO0 0,H2 DRI,882.36611
marginal,Link,RO0 0,H2 Electrolysis,0.32976
marginal,Link,RO0 0,HVC to air,329377.6949
marginal,Link,RO0 0,Haber-Bosch,12.85799
marginal,Link,RO0 0,Open-Cycle Gas,162.00178
marginal,Link,RO0 0,SMR,281.75123
marginal,Link,RO0 0,Sabatier,0.53828
marginal,Link,RO0 0,battery charger,5.69023
marginal,Link,RO0 0,battery discharger,5.57863
marginal,Link,RO0 0,biogas to gas,536497.32021
marginal,Link,RO0 0,biomass to liquid,623.16127
marginal,Link,RO0 0,biomass-to-methanol,608.27506
marginal,Link,RO0 0,electricity distribution grid,671272.87283
marginal,Link,RO0 0,gas DRI,2294.04785
marginal,Link,RO0 0,gas for industry,43058.76182
marginal,Link,RO0 0,gas pipeline,43.06757
marginal,Link,RO0 0,heat100-200 industry electric boiler steam,44.70409
marginal,Link,RO0 0,heat100-200 industry gas,1516.56142
marginal,Link,RO0 0,heat100-200 industry industrial heat pump high temperature,3991749.53462
marginal,Link,RO0 0,heat100-200 industry solid biomass,13570376.81183
marginal,Link,RO0 0,heat200-500 industry gas,27.63609
marginal,Link,RO0 0,heat200-500 industry hydrogen,120.28052
marginal,Link,RO0 0,heat200-500 industry solid biomass,20927314.60659
marginal,Link,RO0 0,heat<100 industry electric boiler steam,43.13012
marginal,Link,RO0 0,heat<100 industry gas,101.39791
marginal,Link,RO0 0,heat<100 industry industrial heat pump medium temperature,806.3179
marginal,Link,RO0 0,heat<100 industry solid biomass,20467148.69986
marginal,Link,RO0 0,heat>500 industry gas,2310379.56568
marginal,Link,RO0 0,heat>500 industry hydrogen,159.1853
marginal,Link,RO0 0,home battery charger,3.85936
marginal,Link,RO0 0,home battery discharger,3.85988
marginal,Link,RO0 0,methanolisation,187.93518
marginal,Link,RO0 0,municipal solid waste,7953.71918
marginal,Link,RO0 0,rural air heat pump,0.18116
marginal,Link,RO0 0,rural biomass boiler,153951228.76108
marginal,Link,RO0 0,rural gas boiler,118054.46972
marginal,Link,RO0 0,rural ground heat pump,0.56478
marginal,Link,RO0 0,rural resistive heater,3799.94482
marginal,Link,RO0 0,solid biomass for industry,41051.65007
marginal,Link,RO0 0,steel emission,9131.70116
marginal,Link,RO0 0,unsustainable bioliquids,1917668.05167
marginal,Link,RO0 0,urban central air heat pump,0.68118
marginal,Link,RO0 0,urban central gas CHP,1441.06561
marginal,Link,RO0 0,urban central gas boiler,56749.91395
marginal,Link,RO0 0,urban central resistive heater,495.30288
marginal,Link,RO0 0,urban central solid biomass CHP,20385055.53105
marginal,Link,RO0 0,urban central solid biomass CHP CC,78424.46894
marginal,Link,RO0 0,urban decentral air heat pump,0.14361
marginal,Link,RO0 0,urban decentral biomass boiler,113851497.2975
marginal,Link,RO0 0,urban decentral gas boiler,83247.46273
marginal,Link,RO0 0,urban decentral resistive heater,2845.88894
marginal,Link,RO0 0,waste CHP,1621.05936
marginal,Link,RS0 0,BEV charger,18995.21142
marginal,Link,RS0 0,CO2 pipeline,0.99422
marginal,Link,RS0 0,Combined-Cycle Gas,7540020.38689
marginal,Link,RS0 0,EAF,0.12359
marginal,Link,RS0 0,H2 DRI,837.57627
marginal,Link,RS0 0,H2 Electrolysis,0.34453
marginal,Link,RS0 0,HVC to air,129980.83908
marginal,Link,RS0 0,Haber-Bosch,8.56467
marginal,Link,RS0 0,Open-Cycle Gas,157.15614
marginal,Link,RS0 0,SMR,29.94053
marginal,Link,RS0 0,Sabatier,0.58871
marginal,Link,RS0 0,battery charger,5.82741
marginal,Link,RS0 0,battery discharger,4.81931
marginal,Link,RS0 0,biogas to gas,803701.90526
marginal,Link,RS0 0,biomass to liquid,1142667.50978
marginal,Link,RS0 0,biomass-to-methanol,610.00709
marginal,Link,RS0 0,electricity distribution grid,357279.84798
marginal,Link,RS0 0,gas DRI,1906.24245
marginal,Link,RS0 0,gas for industry,8831.4409
marginal,Link,RS0 0,gas pipeline,83061.37495
marginal,Link,RS0 0,gas pipeline new,-317556.34809
marginal,Link,RS0 0,heat100-200 industry electric boiler steam,38.14881
marginal,Link,RS0 0,heat100-200 industry gas,92.31731
marginal,Link,RS0 0,heat100-200 industry industrial heat pump high temperature,2283.48845
marginal,Link,RS0 0,heat100-200 industry solid biomass,5928101.01541
marginal,Link,RS0 0,heat200-500 industry gas,20.49473
marginal,Link,RS0 0,heat200-500 industry hydrogen,147.37274
marginal,Link,RS0 0,heat200-500 industry solid biomass,4763780.15519
marginal,Link,RS0 0,heat<100 industry electric boiler steam,38.69179
marginal,Link,RS0 0,heat<100 industry gas,91.89297
marginal,Link,RS0 0,heat<100 industry industrial heat pump medium temperature,691.80172
marginal,Link,RS0 0,heat<100 industry solid biomass,6477385.24982
marginal,Link,RS0 0,heat>500 industry gas,126915.23848
marginal,Link,RS0 0,heat>500 industry hydrogen,171.31973
marginal,Link,RS0 0,home battery charger,12.58343
marginal,Link,RS0 0,home battery discharger,11.78404
marginal,Link,RS0 0,methanolisation,14.29108
marginal,Link,RS0 0,municipal solid waste,8552.79523
marginal,Link,RS0 0,rural air heat pump,0.10892
marginal,Link,RS0 0,rural biomass boiler,1633.27742
marginal,Link,RS0 0,rural gas boiler,84274.79481
marginal,Link,RS0 0,rural ground heat pump,0.2016
marginal,Link,RS0 0,rural resistive heater,8178.04517
marginal,Link,RS0 0,solid biomass for industry,12818.60713
marginal,Link,RS0 0,steel emission,6274.96205
marginal,Link,RS0 0,urban central air heat pump,0.73319
marginal,Link,RS0 0,urban central gas CHP,1007.19028
marginal,Link,RS0 0,urban central gas boiler,42431.53951
marginal,Link,RS0 0,urban central resistive heater,1424.82909
marginal,Link,RS0 0,urban central solid biomass CHP,14684012.61676
marginal,Link,RS0 0,urban central solid biomass CHP CC,4175.40398
marginal,Link,RS0 0,urban decentral air heat pump,0.10569
marginal,Link,RS0 0,urban decentral biomass boiler,1570.07115
marginal,Link,RS0 0,urban decentral gas boiler,60297.51741
marginal,Link,RS0 0,urban decentral resistive heater,5515.59158
marginal,Link,RS0 0,waste CHP,1409.25071
marginal,Link,SE1 0,BEV charger,69102.0426
marginal,Link,SE1 0,Combined-Cycle Gas,27734.29427
marginal,Link,SE1 0,DC,195433.23683
marginal,Link,SE1 0,EAF,0.16142
marginal,Link,SE1 0,H2 DRI,1169.13442
marginal,Link,SE1 0,H2 Electrolysis,0.32692
marginal,Link,SE1 0,HVC to air,198776.09656
marginal,Link,SE1 0,Haber-Bosch,25.77291
marginal,Link,SE1 0,Open-Cycle Gas,130.09137
marginal,Link,SE1 0,SMR,306031.64131
marginal,Link,SE1 0,Sabatier,0.55538
marginal,Link,SE1 0,battery charger,4.79017
marginal,Link,SE1 0,battery discharger,4.63167
marginal,Link,SE1 0,biogas to gas,5127351.55348
marginal,Link,SE1 0,biomass to liquid,15348274.73186
marginal,Link,SE1 0,biomass-to-methanol,604.86847
marginal,Link,SE1 0,co2 sequestered,12861.23775
marginal,Link,SE1 0,electricity distribution grid,1412562.7899
marginal,Link,SE1 0,gas DRI,2412.16467
marginal,Link,SE1 0,gas for industry,8009.17099
marginal,Link,SE1 0,heat100-200 industry electric boiler steam,65.30322
marginal,Link,SE1 0,heat100-200 industry gas,83.04724
marginal,Link,SE1 0,heat100-200 industry industrial heat pump high temperature,2034201.52051
marginal,Link,SE1 0,heat100-200 industry solid biomass,1391.18716
marginal,Link,SE1 0,heat200-500 industry gas,22.10349
marginal,Link,SE1 0,heat200-500 industry hydrogen,146.33571
marginal,Link,SE1 0,heat200-500 industry solid biomass,5790747.98595
marginal,Link,SE1 0,heat<100 industry electric boiler steam,50.91035
marginal,Link,SE1 0,heat<100 industry gas,575.39923
marginal,Link,SE1 0,heat<100 industry industrial heat pump medium temperature,8017590.06001
marginal,Link,SE1 0,heat<100 industry solid biomass,1645.51651
marginal,Link,SE1 0,heat>500 industry gas,655615.03856
marginal,Link,SE1 0,heat>500 industry hydrogen,144.14209
marginal,Link,SE1 0,home battery charger,4.9372
marginal,Link,SE1 0,home battery discharger,4.71611
marginal,Link,SE1 0,methanolisation,216018.17853
marginal,Link,SE1 0,municipal solid waste,25892.14103
marginal,Link,SE1 0,rural air heat pump,0.22769
marginal,Link,SE1 0,rural biomass boiler,9474299.01481
marginal,Link,SE1 0,rural gas boiler,1131.9389
marginal,Link,SE1 0,rural ground heat pump,45875.18167
marginal,Link,SE1 0,rural resistive heater,9595.10327
marginal,Link,SE1 0,solid biomass for industry,551880.2578
marginal,Link,SE1 0,steel emission,13892.79203
marginal,Link,SE1 0,unsustainable bioliquids,4403734.5744
marginal,Link,SE1 0,urban central air heat pump,0.91163
marginal,Link,SE1 0,urban central gas CHP,477.48225
marginal,Link,SE1 0,urban central gas boiler,224052.66442
marginal,Link,SE1 0,urban central resistive heater,1.22001
marginal,Link,SE1 0,urban central solid biomass CHP,49959294.2057
marginal,Link,SE1 0,urban central solid biomass CHP CC,89960528.22696
marginal,Link,SE1 0,urban decentral air heat pump,56843.58939
marginal,Link,SE1 0,urban decentral biomass boiler,147858089.56738
marginal,Link,SE1 0,urban decentral gas boiler,17611.75578
marginal,Link,SE1 0,urban decentral resistive heater,126618.50195
marginal,Link,SE1 0,waste CHP,1465.47443
marginal,Link,SI0 0,BEV charger,20230.81038
marginal,Link,SI0 0,Combined-Cycle Gas,4799828.06507
marginal,Link,SI0 0,H2 Electrolysis,0.28948
marginal,Link,SI0 0,HVC to air,39118.9351
marginal,Link,SI0 0,Haber-Bosch,8.62913
marginal,Link,SI0 0,Open-Cycle Gas,154.76401
marginal,Link,SI0 0,SMR,32.39454
marginal,Link,SI0 0,Sabatier,0.54273
marginal,Link,SI0 0,battery charger,5.01034
marginal,Link,SI0 0,battery discharger,5.0988
marginal,Link,SI0 0,biogas to gas,627869.40088
marginal,Link,SI0 0,biomass to liquid,454.71334
marginal,Link,SI0 0,biomass-to-methanol,615.32403
marginal,Link,SI0 0,electricity distribution grid,155965.10881
marginal,Link,SI0 0,gas for industry,10303.90402
marginal,Link,SI0 0,gas pipeline,74176.30305
marginal,Link,SI0 0,heat100-200 industry electric boiler steam,38.19772
marginal,Link,SI0 0,heat100-200 industry gas,2531.9826
marginal,Link,SI0 0,heat100-200 industry industrial heat pump high temperature,1367089.52936
marginal,Link,SI0 0,heat100-200 industry solid biomass,2461365.60018
marginal,Link,SI0 0,heat200-500 industry gas,22.66292
marginal,Link,SI0 0,heat200-500 industry hydrogen,149.07842
marginal,Link,SI0 0,heat200-500 industry solid biomass,5230878.22147
marginal,Link,SI0 0,heat<100 industry electric boiler steam,36.09122
marginal,Link,SI0 0,heat<100 industry gas,97.35881
marginal,Link,SI0 0,heat<100 industry industrial heat pump medium temperature,909.20749
marginal,Link,SI0 0,heat<100 industry solid biomass,2916317.83459
marginal,Link,SI0 0,heat>500 industry gas,356141.2266
marginal,Link,SI0 0,heat>500 industry hydrogen,159.01302
marginal,Link,SI0 0,home battery charger,3.53018
marginal,Link,SI0 0,home battery discharger,3.29711
marginal,Link,SI0 0,methanolisation,17.61189
marginal,Link,SI0 0,municipal solid waste,866.02923
marginal,Link,SI0 0,rural air heat pump,0.18412
marginal,Link,SI0 0,rural biomass boiler,28511107.23735
marginal,Link,SI0 0,rural gas boiler,3493.37949
marginal,Link,SI0 0,rural ground heat pump,1297.88559
marginal,Link,SI0 0,rural resistive heater,3917.24762
marginal,Link,SI0 0,solid biomass for industry,15723.16726
marginal,Link,SI0 0,urban central air heat pump,0.56836
marginal,Link,SI0 0,urban central gas CHP,1131.61646
marginal,Link,SI0 0,urban central gas boiler,9343.96209
marginal,Link,SI0 0,urban central resistive heater,111.98919
marginal,Link,SI0 0,urban central solid biomass CHP,4528096.1453
marginal,Link,SI0 0,urban central solid biomass CHP CC,8331.30984
marginal,Link,SI0 0,urban decentral air heat pump,309.83824
marginal,Link,SI0 0,urban decentral biomass boiler,26673160.25627
marginal,Link,SI0 0,urban decentral gas boiler,3347.3189
marginal,Link,SI0 0,urban decentral resistive heater,3597.56895
marginal,Link,SI0 0,waste CHP,1137.99955
marginal,Link,SK0 0,BEV charger,31359.81005
marginal,Link,SK0 0,Combined-Cycle Gas,20169078.04299
marginal,Link,SK0 0,EAF,0.15868
marginal,Link,SK0 0,H2 DRI,1085.22465
marginal,Link,SK0 0,H2 Electrolysis,0.29986
marginal,Link,SK0 0,HVC to air,87621.90154
marginal,Link,SK0 0,Haber-Bosch,11.60571
marginal,Link,SK0 0,Open-Cycle Gas,184.44544
marginal,Link,SK0 0,SMR,100.2025
marginal,Link,SK0 0,Sabatier,0.55313
marginal,Link,SK0 0,battery charger,4.77046
marginal,Link,SK0 0,battery discharger,4.56097
marginal,Link,SK0 0,biogas to gas,4037768.41698
marginal,Link,SK0 0,biomass to liquid,375.56399
marginal,Link,SK0 0,biomass-to-methanol,596.9661
marginal,Link,SK0 0,electricity distribution grid,299290.3902
marginal,Link,SK0 0,gas DRI,2435.4428
marginal,Link,SK0 0,gas for industry,5458.9973
marginal,Link,SK0 0,gas pipeline,133790.12694
marginal,Link,SK0 0,heat100-200 industry electric boiler steam,41.49511
marginal,Link,SK0 0,heat100-200 industry gas,2666.9026
marginal,Link,SK0 0,heat100-200 industry industrial heat pump high temperature,621925.59094
marginal,Link,SK0 0,heat100-200 industry solid biomass,13219807.91331
marginal,Link,SK0 0,heat200-500 industry gas,29.88524
marginal,Link,SK0 0,heat200-500 industry hydrogen,137.32215
marginal,Link,SK0 0,heat200-500 industry solid biomass,12237718.54243
marginal,Link,SK0 0,heat<100 industry electric boiler steam,37.51213
marginal,Link,SK0 0,heat<100 industry gas,127.3535
marginal,Link,SK0 0,heat<100 industry industrial heat pump medium temperature,823.90449
marginal,Link,SK0 0,heat<100 industry solid biomass,7277603.18126
marginal,Link,SK0 0,heat>500 industry gas,989346.81645
marginal,Link,SK0 0,heat>500 industry hydrogen,148.42524
marginal,Link,SK0 0,home battery charger,3.73128
marginal,Link,SK0 0,home battery discharger,3.60165
marginal,Link,SK0 0,methanolisation,64.20517
marginal,Link,SK0 0,municipal solid waste,3303.03495
marginal,Link,SK0 0,rural air heat pump,0.22177
marginal,Link,SK0 0,rural biomass boiler,2606619.11819
marginal,Link,SK0 0,rural gas boiler,92016.33686
marginal,Link,SK0 0,rural ground heat pump,398.38368
marginal,Link,SK0 0,rural resistive heater,5820.46812
marginal,Link,SK0 0,solid biomass for industry,71354.03601
marginal,Link,SK0 0,steel emission,13910.97169
marginal,Link,SK0 0,unsustainable bioliquids,1499329.35154
marginal,Link,SK0 0,urban central air heat pump,0.60227
marginal,Link,SK0 0,urban central gas CHP,1707.31239
marginal,Link,SK0 0,urban central gas boiler,25531.7934
marginal,Link,SK0 0,urban central resistive heater,0.51264
marginal,Link,SK0 0,urban central solid biomass CHP,11547025.20096
marginal,Link,SK0 0,urban central solid biomass CHP CC,24059.3093
marginal,Link,SK0 0,urban decentral air heat pump,744.84213
marginal,Link,SK0 0,urban decentral biomass boiler,2148755.02011
marginal,Link,SK0 0,urban decentral gas boiler,76534.09007
marginal,Link,SK0 0,urban decentral resistive heater,6361.73372
marginal,Link,SK0 0,waste CHP,1390.29418
marginal,Link,XK0 0,BEV charger,3793.60382
marginal,Link,XK0 0,Combined-Cycle Gas,340.87557
marginal,Link,XK0 0,EAF,0.08674
marginal,Link,XK0 0,H2 DRI,705.36205
marginal,Link,XK0 0,H2 Electrolysis,0.33293
marginal,Link,XK0 0,HVC to air,27801.91465
marginal,Link,XK0 0,Haber-Bosch,10.64651
marginal,Link,XK0 0,Open-Cycle Gas,166.64958
marginal,Link,XK0 0,SMR,92.7715
marginal,Link,XK0 0,Sabatier,0.55361
marginal,Link,XK0 0,battery charger,5.794
marginal,Link,XK0 0,battery discharger,5.28371
marginal,Link,XK0 0,biogas to gas,679.22424
marginal,Link,XK0 0,biomass to liquid,990103.61083
marginal,Link,XK0 0,biomass-to-methanol,602.12144
marginal,Link,XK0 0,electricity distribution grid,61195.04552
marginal,Link,XK0 0,gas DRI,1582.78617
marginal,Link,XK0 0,gas for industry,814.05718
marginal,Link,XK0 0,heat100-200 industry electric boiler steam,47.15578
marginal,Link,XK0 0,heat100-200 industry gas,122.57398
marginal,Link,XK0 0,heat100-200 industry industrial heat pump high temperature,197998.72279
marginal,Link,XK0 0,heat100-200 industry solid biomass,9691.39426
marginal,Link,XK0 0,heat200-500 industry gas,22.32686
marginal,Link,XK0 0,heat200-500 industry hydrogen,164.36035
marginal,Link,XK0 0,heat200-500 industry solid biomass,652642.62988
marginal,Link,XK0 0,heat<100 industry electric boiler steam,47.81003
marginal,Link,XK0 0,heat<100 industry gas,96.83615
marginal,Link,XK0 0,heat<100 industry industrial heat pump medium temperature,2039.81947
marginal,Link,XK0 0,heat<100 industry solid biomass,635739.57559
marginal,Link,XK0 0,heat>500 industry gas,31767.43358
marginal,Link,XK0 0,heat>500 industry hydrogen,185.30663
marginal,Link,XK0 0,home battery charger,11.64142
marginal,Link,XK0 0,home battery discharger,12.24916
marginal,Link,XK0 0,methanolisation,34.8329
marginal,Link,XK0 0,municipal solid waste,0.68529
marginal,Link,XK0 0,rural air heat pump,0.87051
marginal,Link,XK0 0,rural biomass boiler,4732.38202
marginal,Link,XK0 0,rural gas boiler,2.36922
marginal,Link,XK0 0,rural ground heat pump,690.24948
marginal,Link,XK0 0,rural resistive heater,3.41344
marginal,Link,XK0 0,solid biomass for industry,1053.19336
marginal,Link,XK0 0,steel emission,1002.62049
marginal,Link,XK0 0,urban central air heat pump,0.58682
marginal,Link,XK0 0,urban central gas CHP,716.72585
marginal,Link,XK0 0,urban central gas boiler,0.99281
marginal,Link,XK0 0,urban central resistive heater,70.76904
marginal,Link,XK0 0,urban central solid biomass CHP,342109.4371
marginal,Link,XK0 0,urban central solid biomass CHP CC,6856.25231
marginal,Link,XK0 0,urban decentral air heat pump,1.56827
marginal,Link,XK0 0,urban decentral biomass boiler,59188.70363
marginal,Link,XK0 0,urban decentral gas boiler,2088.36765
marginal,Link,XK0 0,urban decentral resistive heater,410.31498
marginal,Link,XK0 0,waste CHP,1027.71403
marginal,StorageUnit,AL0 0,Reservoir & Dam,71546.98918
marginal,StorageUnit,AT0 0,Pumped Hydro Storage,73175.65999
marginal,StorageUnit,AT0 0,Reservoir & Dam,170505.21042
marginal,StorageUnit,BA0 0,Pumped Hydro Storage,28.58482
marginal,StorageUnit,BA0 0,Reservoir & Dam,48818.24228
marginal,StorageUnit,BE0 0,Pumped Hydro Storage,4567.0709
marginal,StorageUnit,BE0 0,Reservoir & Dam,622.46866
marginal,StorageUnit,BG0 0,Pumped Hydro Storage,15226.07017
marginal,StorageUnit,BG0 0,Reservoir & Dam,28659.45109
marginal,StorageUnit,CH0 0,Pumped Hydro Storage,76979.99238
marginal,StorageUnit,CH0 0,Reservoir & Dam,237246.25785
marginal,StorageUnit,CZ0 0,Pumped Hydro Storage,3248.25295
marginal,StorageUnit,CZ0 0,Reservoir & Dam,20069.96714
marginal,StorageUnit,DE0 0,Pumped Hydro Storage,1812.33304
marginal,StorageUnit,DE0 1,Pumped Hydro Storage,12575.30386
marginal,StorageUnit,DE0 2,Pumped Hydro Storage,8086.22951
marginal,StorageUnit,DE0 3,Pumped Hydro Storage,5040.33654
marginal,StorageUnit,DE0 4,Pumped Hydro Storage,12880.65728
marginal,StorageUnit,DE0 5,Pumped Hydro Storage,5853.54606
marginal,StorageUnit,ES0 0,Pumped Hydro Storage,116038.38107
marginal,StorageUnit,ES0 0,Reservoir & Dam,183091.57265
marginal,StorageUnit,ES6 0,Pumped Hydro Storage,7847.56692
marginal,StorageUnit,ES6 0,Reservoir & Dam,17685.89525
marginal,StorageUnit,FI1 0,Reservoir & Dam,59490.73134
marginal,StorageUnit,FR0 0,Pumped Hydro Storage,6088.42588
marginal,StorageUnit,FR0 1,Pumped Hydro Storage,56959.19896
marginal,StorageUnit,FR0 1,Reservoir & Dam,163331.39815
marginal,StorageUnit,FR0 2,Pumped Hydro Storage,13428.82024
marginal,StorageUnit,FR0 2,Reservoir & Dam,110056.3405
marginal,StorageUnit,FR0 4,Reservoir & Dam,4473.61024
marginal,StorageUnit,FR5 0,Reservoir & Dam,4781.6994
marginal,StorageUnit,GB2 0,Reservoir & Dam,970.63136
marginal,StorageUnit,GB3 0,Pumped Hydro Storage,3210.86419
marginal,StorageUnit,GB3 0,Reservoir & Dam,1766.03115
marginal,StorageUnit,GR0 0,Pumped Hydro Storage,10331.64139
marginal,StorageUnit,GR0 0,Reservoir & Dam,37534.7447
marginal,StorageUnit,HR0 0,Pumped Hydro Storage,4058.41273
marginal,StorageUnit,HR0 0,Reservoir & Dam,66040.74339
marginal,StorageUnit,HU0 0,Reservoir & Dam,1167.53832
marginal,StorageUnit,IE3 0,Pumped Hydro Storage,1710.24725
marginal,StorageUnit,IE3 0,Reservoir & Dam,37.37741
marginal,StorageUnit,IT0 0,Pumped Hydro Storage,46729.8003
marginal,StorageUnit,IT0 0,Reservoir & Dam,20747.18772
marginal,StorageUnit,IT0 1,Pumped Hydro Storage,79527.88432
marginal,StorageUnit,IT0 1,Reservoir & Dam,95647.11686
marginal,StorageUnit,IT4 0,Pumped Hydro Storage,5113.20207
marginal,StorageUnit,IT4 0,Reservoir & Dam,2253.82848
marginal,StorageUnit,LT0 0,Pumped Hydro Storage,4915.48406
marginal,StorageUnit,LU0 0,Pumped Hydro Storage,9724.33856
marginal,StorageUnit,ME0 0,Pumped Hydro Storage,3543.07631
marginal,StorageUnit,ME0 0,Reservoir & Dam,17549.52181
marginal,StorageUnit,MK0 0,Reservoir & Dam,10280.93378
marginal,StorageUnit,NO1 0,Pumped Hydro Storage,350.57677
marginal,StorageUnit,NO1 0,Reservoir & Dam,1190933.67357
marginal,StorageUnit,PL0 0,Pumped Hydro Storage,18918.95259
marginal,StorageUnit,PL0 0,Reservoir & Dam,9384.79887
marginal,StorageUnit,PT0 0,Pumped Hydro Storage,56759.18689
marginal,StorageUnit,PT0 0,Reservoir & Dam,34170.20375
marginal,StorageUnit,RO0 0,Reservoir & Dam,96449.51667
marginal,StorageUnit,RS0 0,Pumped Hydro Storage,6325.41382
marginal,StorageUnit,RS0 0,Reservoir & Dam,37615.26216
marginal,StorageUnit,SE1 0,Pumped Hydro Storage,390.76192
marginal,StorageUnit,SE1 0,Reservoir & Dam,563439.84381
marginal,StorageUnit,SI0 0,Pumped Hydro Storage,1897.79339
marginal,StorageUnit,SI0 0,Reservoir & Dam,21535.21621
marginal,StorageUnit,SK0 0,Pumped Hydro Storage,8475.41538
marginal,StorageUnit,SK0 0,Reservoir & Dam,7333.19762
marginal,StorageUnit,XK0 0,Reservoir & Dam,1621.24097
marginal,Store,AL0 0,Battery Storage,1e-05
marginal,Store,AL0 0,EV battery,-0.00013
marginal,Store,AL0 0,home battery,2e-05
marginal,Store,AL0 0,non-sequestered HVC,41583.72674
marginal,Store,AT0 0,Battery Storage,1e-05
marginal,Store,AT0 0,EV battery,-0.00013
marginal,Store,AT0 0,non-sequestered HVC,141348.97294
marginal,Store,BA0 0,EV battery,-0.00015
marginal,Store,BA0 0,non-sequestered HVC,54287.78998
marginal,Store,BE0 0,EV battery,-0.00014
marginal,Store,BE0 0,non-sequestered HVC,209268.92165
marginal,Store,BG0 0,EV battery,-0.00013
marginal,Store,BG0 0,co2 sequestered,33136.63757
marginal,Store,BG0 0,non-sequestered HVC,110850.69756
marginal,Store,CH0 0,EV battery,-0.00014
marginal,Store,CH0 0,non-sequestered HVC,129899.58721
marginal,Store,CZ0 0,EV battery,-0.00014
marginal,Store,CZ0 0,non-sequestered HVC,190262.08881
marginal,Store,DE0 0,EV battery,-0.00015
marginal,Store,DE0 0,co2 sequestered,134822.40874
marginal,Store,DE0 0,non-sequestered HVC,239852.58967
marginal,Store,DE0 1,EV battery,-0.00014
marginal,Store,DE0 1,non-sequestered HVC,109662.67146
marginal,Store,DE0 2,EV battery,-0.00013
marginal,Store,DE0 2,co2 sequestered,7248.75094
marginal,Store,DE0 2,non-sequestered HVC,377793.1568
marginal,Store,DE0 3,EV battery,-0.00015
marginal,Store,DE0 3,non-sequestered HVC,177960.93626
marginal,Store,DE0 4,EV battery,-0.00015
marginal,Store,DE0 4,non-sequestered HVC,310252.83986
marginal,Store,DE0 5,EV battery,-0.00013
marginal,Store,DE0 5,non-sequestered HVC,221554.49819
marginal,Store,DK0 0,EV battery,-0.00015
marginal,Store,DK0 0,co2 sequestered,34.48555
marginal,Store,DK0 0,non-sequestered HVC,42777.65533
marginal,Store,DK1 0,EV battery,-0.00014
marginal,Store,DK1 0,co2 sequestered,24.69277
marginal,Store,DK1 0,non-sequestered HVC,23965.04457
marginal,Store,EE0 0,EV battery,-0.00015
marginal,Store,EE0 0,co2 sequestered,21027.62515
marginal,Store,EE0 0,non-sequestered HVC,17679.27572
marginal,Store,ES0 0,EV battery,-0.00013
marginal,Store,ES0 0,co2 sequestered,226.89106
marginal,Store,ES0 0,non-sequestered HVC,664257.94957
marginal,Store,ES6 0,EV battery,-0.00013
marginal,Store,ES6 0,non-sequestered HVC,11058.15696
marginal,Store,EU,solid biomass import,98757.69558
marginal,Store,FI1 0,Battery Storage,1e-05
marginal,Store,FI1 0,EV battery,-0.00015
marginal,Store,FI1 0,home battery,1e-05
marginal,Store,FI1 0,non-sequestered HVC,83887.41917
marginal,Store,FR0 0,EV battery,-0.00014
marginal,Store,FR0 0,non-sequestered HVC,359617.56795
marginal,Store,FR0 1,EV battery,-0.00015
marginal,Store,FR0 1,non-sequestered HVC,263911.20283
marginal,Store,FR0 2,EV battery,-0.00014
marginal,Store,FR0 2,non-sequestered HVC,144140.66561
marginal,Store,FR0 3,EV battery,-0.00013
marginal,Store,FR0 3,non-sequestered HVC,165807.37164
marginal,Store,FR0 4,EV battery,-0.00014
marginal,Store,FR0 4,non-sequestered HVC,117676.3589
marginal,Store,FR5 0,EV battery,-0.00026
marginal,Store,FR5 0,home battery,1e-05
marginal,Store,FR5 0,non-sequestered HVC,4353.47837
marginal,Store,GB2 0,EV battery,-0.00014
marginal,Store,GB2 0,co2 sequestered,33.38959
marginal,Store,GB2 0,non-sequestered HVC,345229.17908
marginal,Store,GB2 1,EV battery,-0.00012
marginal,Store,GB2 1,co2 sequestered,49.46321
marginal,Store,GB2 1,non-sequestered HVC,704875.78822
marginal,Store,GB3 0,EV battery,-0.00013
marginal,Store,GB3 0,non-sequestered HVC,26213.19786
marginal,Store,GR0 0,Battery Storage,1e-05
marginal,Store,GR0 0,EV battery,-0.00013
marginal,Store,GR0 0,co2 sequestered,56.71996
marginal,Store,GR0 0,non-sequestered HVC,122659.84775
marginal,Store,HR0 0,EV battery,-0.00015
marginal,Store,HR0 0,non-sequestered HVC,67666.83043
marginal,Store,HU0 0,EV battery,-0.00014
marginal,Store,HU0 0,non-sequestered HVC,173158.1513
marginal,Store,IE3 0,Battery Storage,7e-05
marginal,Store,IE3 0,EV battery,-0.00013
marginal,Store,IE3 0,co2 sequestered,22059.93983
marginal,Store,IE3 0,non-sequestered HVC,71201.56087
marginal,Store,IT0 0,EV battery,-0.00013
marginal,Store,IT0 0,co2 sequestered,17.17953
marginal,Store,IT0 0,non-sequestered HVC,389323.1456
marginal,Store,IT0 1,EV battery,-0.00013
marginal,Store,IT0 1,co2 sequestered,115823.1195
marginal,Store,IT0 1,non-sequestered HVC,453434.77792
marginal,Store,IT4 0,Battery Storage,1e-05
marginal,Store,IT4 0,EV battery,-0.00014
marginal,Store,IT4 0,non-sequestered HVC,20539.16033
marginal,Store,LT0 0,EV battery,-0.00013
marginal,Store,LT0 0,co2 sequestered,25733.19205
marginal,Store,LT0 0,non-sequestered HVC,47225.42041
marginal,Store,LU0 0,EV battery,-0.00015
marginal,Store,LU0 0,non-sequestered HVC,8531.71217
marginal,Store,LV0 0,EV battery,-0.00014
marginal,Store,LV0 0,co2 sequestered,35770.92085
marginal,Store,LV0 0,non-sequestered HVC,29524.7824
marginal,Store,ME0 0,Battery Storage,1e-05
marginal,Store,ME0 0,EV battery,-0.00015
marginal,Store,ME0 0,home battery,2e-05
marginal,Store,ME0 0,non-sequestered HVC,11357.21226
marginal,Store,MK0 0,Battery Storage,1e-05
marginal,Store,MK0 0,EV battery,-0.00015
marginal,Store,MK0 0,home battery,2e-05
marginal,Store,MK0 0,non-sequestered HVC,32153.04992
marginal,Store,NL0 0,EV battery,-0.00013
marginal,Store,NL0 0,co2 sequestered,147091.74373
marginal,Store,NL0 0,non-sequestered HVC,230820.22882
marginal,Store,NO1 0,EV battery,-0.00015
marginal,Store,NO1 0,co2 sequestered,19.60778
marginal,Store,NO1 0,non-sequestered HVC,74945.68253
marginal,Store,PL0 0,EV battery,-0.00013
marginal,Store,PL0 0,co2 sequestered,135281.54409
marginal,Store,PL0 0,non-sequestered HVC,634812.47752
marginal,Store,PT0 0,Battery Storage,1e-05
marginal,Store,PT0 0,EV battery,-0.00015
marginal,Store,PT0 0,co2 sequestered,202.35833
marginal,Store,PT0 0,home battery,1e-05
marginal,Store,PT0 0,non-sequestered HVC,157022.47967
marginal,Store,RO0 0,EV battery,-0.00014
marginal,Store,RO0 0,non-sequestered HVC,314204.24982
marginal,Store,RS0 0,EV battery,-0.00014
marginal,Store,RS0 0,non-sequestered HVC,114205.58681
marginal,Store,SE1 0,Battery Storage,1e-05
marginal,Store,SE1 0,EV battery,-0.00013
marginal,Store,SE1 0,co2 sequestered,113750.72065
marginal,Store,SE1 0,non-sequestered HVC,160996.35685
marginal,Store,SI0 0,EV battery,-0.00013
marginal,Store,SI0 0,non-sequestered HVC,40632.87948
marginal,Store,SK0 0,EV battery,-0.00013
marginal,Store,SK0 0,non-sequestered HVC,94439.59024
marginal,Store,XK0 0,Battery Storage,1e-05
marginal,Store,XK0 0,EV battery,-0.00016
marginal,Store,XK0 0,home battery,3e-05
marginal,Store,XK0 0,non-sequestered HVC,25916.71904
