cost,component,location,carrier,0
capital,Generator,AL0 0,Offshore Wind (AC),2578.56312
capital,Generator,AL0 0,Offshore Wind (Floating),3260.54704
capital,Generator,AL0 0,Onshore Wind,27078545.76004
capital,Generator,AL0 0,Run of River,14853811.92575
capital,Generator,AL0 0,Solar,15419850.51948
capital,Generator,AL0 0,rural solar thermal,1106.37656
capital,Generator,AL0 0,solar-hsat,377042953.75389
capital,Generator,AL0 0,urban central solar thermal,2653.40623
capital,Generator,AL0 0,urban decentral solar thermal,1153.05635
capital,Generator,AT0 0,Onshore Wind,374354055.78817
capital,Generator,AT0 0,Run of River,1376313648.03682
capital,Generator,AT0 0,Solar,20184638.79255
capital,Generator,AT0 0,rural solar thermal,587.26195
capital,Generator,AT0 0,solar-hsat,2560704581.0211
capital,Generator,AT0 0,urban central solar thermal,1442.264
capital,Generator,AT0 0,urban decentral solar thermal,1322.31828
capital,Generator,BA0 0,Offshore Wind (AC),1411.94065
capital,Generator,BA0 0,Offshore Wind (Floating),1062.94375
capital,Generator,BA0 0,Onshore Wind,50338143.90175
capital,Generator,BA0 0,Solar,13985232.52599
capital,Generator,BA0 0,rural solar thermal,945.11576
capital,Generator,BA0 0,solar-hsat,439153014.20433
capital,Generator,BA0 0,urban central solar thermal,2150.21598
capital,Generator,BA0 0,urban decentral solar thermal,939.25866
capital,Generator,BE0 0,Offshore Wind (AC),460339539.53252
capital,Generator,BE0 0,Offshore Wind (DC),192304863.30829
capital,Generator,BE0 0,Offshore Wind (Floating),2898.21415
capital,Generator,BE0 0,Onshore Wind,1763000491.37281
capital,Generator,BE0 0,Run of River,18186779.19648
capital,Generator,BE0 0,Solar,25347198.64674
capital,Generator,BE0 0,rural solar thermal,46.74575
capital,Generator,BE0 0,solar-hsat,1288046622.40128
capital,Generator,BE0 0,urban central solar thermal,976.26683
capital,Generator,BE0 0,urban decentral solar thermal,557.25065
capital,Generator,BG0 0,Offshore Wind (AC),323688959.04823
capital,Generator,BG0 0,Offshore Wind (DC),3494298.52127
capital,Generator,BG0 0,Offshore Wind (Floating),5120.42426
capital,Generator,BG0 0,Onshore Wind,70357652.17864
capital,Generator,BG0 0,Run of River,34022009.05814
capital,Generator,BG0 0,Solar,125929116.37239
capital,Generator,BG0 0,rural solar thermal,832.99659
capital,Generator,BG0 0,solar-hsat,828341250.04468
capital,Generator,BG0 0,urban central solar thermal,1439.72899
capital,Generator,BG0 0,urban decentral solar thermal,1199.8229
capital,Generator,CH0 0,Onshore Wind,6364626.90497
capital,Generator,CH0 0,Run of River,1295123214.9052
capital,Generator,CH0 0,Solar,5068594.45955
capital,Generator,CH0 0,rural solar thermal,347.07743
capital,Generator,CH0 0,solar-hsat,2653478257.35668
capital,Generator,CH0 0,urban central solar thermal,1820.51301
capital,Generator,CH0 0,urban decentral solar thermal,396.195
capital,Generator,CZ0 0,Onshore Wind,2400322204.52708
capital,Generator,CZ0 0,Run of River,12396579.18494
capital,Generator,CZ0 0,Solar,68150637.33559
capital,Generator,CZ0 0,rural solar thermal,468.86605
capital,Generator,CZ0 0,solar-hsat,134024833.39574
capital,Generator,CZ0 0,urban central solar thermal,1366.36799
capital,Generator,CZ0 0,urban decentral solar thermal,784.14403
capital,Generator,DE0 0,Offshore Wind (AC),464757892.81506
capital,Generator,DE0 0,Offshore Wind (DC),359314325.25589
capital,Generator,DE0 0,Offshore Wind (Floating),1281.19823
capital,Generator,DE0 0,Onshore Wind,4664679228.45656
capital,Generator,DE0 0,Run of River,22970095.01057
capital,Generator,DE0 0,Solar,136919289.16849
capital,Generator,DE0 0,rural solar thermal,438.80512
capital,Generator,DE0 0,solar-hsat,910687146.02399
capital,Generator,DE0 0,urban central solar thermal,1024.06718
capital,Generator,DE0 0,urban decentral solar thermal,529.87299
capital,Generator,DE0 1,Onshore Wind,1340811713.19351
capital,Generator,DE0 1,Run of River,72178052.77618
capital,Generator,DE0 1,Solar,199216046.33972
capital,Generator,DE0 1,rural solar thermal,502.55239
capital,Generator,DE0 1,solar-hsat,505567586.45019
capital,Generator,DE0 1,urban central solar thermal,910.69694
capital,Generator,DE0 1,urban decentral solar thermal,660.49587
capital,Generator,DE0 2,Offshore Wind (AC),1156810252.44729
capital,Generator,DE0 2,Offshore Wind (DC),4753542937.21585
capital,Generator,DE0 2,Offshore Wind (Floating),2372.42742
capital,Generator,DE0 2,Onshore Wind,1727292676.87388
capital,Generator,DE0 2,Run of River,132010325.87154
capital,Generator,DE0 2,Solar,84732764.36872
capital,Generator,DE0 2,rural solar thermal,266.47075
capital,Generator,DE0 2,solar-hsat,1668064344.22572
capital,Generator,DE0 2,urban central solar thermal,1021.79644
capital,Generator,DE0 2,urban decentral solar thermal,515.05641
capital,Generator,DE0 3,Onshore Wind,52768641.0575
capital,Generator,DE0 3,Run of River,940688192.41467
capital,Generator,DE0 3,Solar,232333288.02084
capital,Generator,DE0 3,rural solar thermal,558.30026
capital,Generator,DE0 3,solar-hsat,1499718770.08389
capital,Generator,DE0 3,urban central solar thermal,1350.85411
capital,Generator,DE0 3,urban decentral solar thermal,943.70868
capital,Generator,DE0 4,Onshore Wind,1224309215.98446
capital,Generator,DE0 4,Run of River,269690009.68602
capital,Generator,DE0 4,Solar,115970370.53493
capital,Generator,DE0 4,rural solar thermal,329.64361
capital,Generator,DE0 4,solar-hsat,1659022921.45394
capital,Generator,DE0 4,urban central solar thermal,1304.49213
capital,Generator,DE0 4,urban decentral solar thermal,767.01223
capital,Generator,DE0 5,Offshore Wind (AC),429579921.58595
capital,Generator,DE0 5,Offshore Wind (DC),57939028.49147
capital,Generator,DE0 5,Offshore Wind (Floating),1620.42104
capital,Generator,DE0 5,Onshore Wind,4086876775.47592
capital,Generator,DE0 5,Run of River,29117199.61962
capital,Generator,DE0 5,Solar,566939583.41767
capital,Generator,DE0 5,rural solar thermal,561.84439
capital,Generator,DE0 5,solar-hsat,875023937.68172
capital,Generator,DE0 5,urban central solar thermal,1102.91288
capital,Generator,DE0 5,urban decentral solar thermal,698.33351
capital,Generator,DK0 0,Offshore Wind (AC),329699364.7419
capital,Generator,DK0 0,Offshore Wind (DC),134124097.45656
capital,Generator,DK0 0,Offshore Wind (Floating),4509.53579
capital,Generator,DK0 0,Onshore Wind,3524544753.33852
capital,Generator,DK0 0,Solar,85748529.30674
capital,Generator,DK0 0,rural solar thermal,132.02567
capital,Generator,DK0 0,solar-hsat,50078.71866
capital,Generator,DK0 0,urban central solar thermal,800.43876
capital,Generator,DK0 0,urban decentral solar thermal,420.12976
capital,Generator,DK1 0,Offshore Wind (AC),220811801.50861
capital,Generator,DK1 0,Offshore Wind (DC),3391.27979
capital,Generator,DK1 0,Offshore Wind (Floating),2909.74243
capital,Generator,DK1 0,Onshore Wind,1855655442.47587
capital,Generator,DK1 0,Solar,28221548.40829
capital,Generator,DK1 0,rural solar thermal,122.84403
capital,Generator,DK1 0,solar-hsat,501294461.79881
capital,Generator,DK1 0,urban central solar thermal,820.88791
capital,Generator,DK1 0,urban decentral solar thermal,466.45683
capital,Generator,EE0 0,Offshore Wind (AC),35167.55339
capital,Generator,EE0 0,Offshore Wind (DC),26705.51756
capital,Generator,EE0 0,Offshore Wind (Floating),4180.26898
capital,Generator,EE0 0,Onshore Wind,430012817.82098
capital,Generator,EE0 0,Solar,23011831.75486
capital,Generator,EE0 0,rural solar thermal,451.18972
capital,Generator,EE0 0,solar-hsat,31977623.48137
capital,Generator,EE0 0,urban central solar thermal,746.74619
capital,Generator,EE0 0,urban decentral solar thermal,500.6842
capital,Generator,ES0 0,Offshore Wind (AC),4025843.88997
capital,Generator,ES0 0,Offshore Wind (Floating),5535.7393
capital,Generator,ES0 0,Onshore Wind,3578991136.90678
capital,Generator,ES0 0,Run of River,40062148.34745
capital,Generator,ES0 0,Solar,1920327919.58032
capital,Generator,ES0 0,rural solar thermal,332.8044
capital,Generator,ES0 0,solar-hsat,7562627466.47428
capital,Generator,ES0 0,urban central solar thermal,3982.01003
capital,Generator,ES0 0,urban decentral solar thermal,426091923.46339
capital,Generator,ES6 0,Offshore Wind (AC),2564.52504
capital,Generator,ES6 0,Offshore Wind (Floating),3256.02626
capital,Generator,ES6 0,Onshore Wind,20403.13969
capital,Generator,ES6 0,Run of River,45303586.30495
capital,Generator,ES6 0,Solar,14173612.98165
capital,Generator,ES6 0,rural solar thermal,1788.7239
capital,Generator,ES6 0,solar-hsat,171437828.83978
capital,Generator,ES6 0,urban central solar thermal,1467.23233
capital,Generator,ES6 0,urban decentral solar thermal,1448.10203
capital,Generator,FI1 0,Offshore Wind (AC),32827.61833
capital,Generator,FI1 0,Offshore Wind (DC),1351926179.24222
capital,Generator,FI1 0,Offshore Wind (Floating),4580.11126
capital,Generator,FI1 0,Onshore Wind,1095683601.09038
capital,Generator,FI1 0,Run of River,453195348.92122
capital,Generator,FI1 0,Solar,8236174.19594
capital,Generator,FI1 0,rural solar thermal,209.58363
capital,Generator,FI1 0,solar-hsat,106536632.40775
capital,Generator,FI1 0,urban central solar thermal,873.49003
capital,Generator,FI1 0,urban decentral solar thermal,368.31914
capital,Generator,FR0 0,Offshore Wind (AC),740631527.35217
capital,Generator,FR0 0,Offshore Wind (DC),639737465.76513
capital,Generator,FR0 0,Offshore Wind (Floating),1691.28621
capital,Generator,FR0 0,Onshore Wind,3372139581.03715
capital,Generator,FR0 0,Solar,80758690.84237
capital,Generator,FR0 0,rural solar thermal,183.61936
capital,Generator,FR0 0,solar-hsat,4033.47569
capital,Generator,FR0 0,urban central solar thermal,1096.58715
capital,Generator,FR0 0,urban decentral solar thermal,520.15247
capital,Generator,FR0 1,Offshore Wind (AC),371828714.03039
capital,Generator,FR0 1,Offshore Wind (Floating),8933.16035
capital,Generator,FR0 1,Onshore Wind,135484959.20852
capital,Generator,FR0 1,Run of River,1275325841.55478
capital,Generator,FR0 1,Solar,161606681.42488
capital,Generator,FR0 1,rural solar thermal,543.34497
capital,Generator,FR0 1,solar-hsat,2141959599.23854
capital,Generator,FR0 1,urban central solar thermal,2784.33766
capital,Generator,FR0 1,urban decentral solar thermal,1795.71605
capital,Generator,FR0 2,Offshore Wind (AC),242156168.79685
capital,Generator,FR0 2,Offshore Wind (DC),108678629.11257
capital,Generator,FR0 2,Offshore Wind (Floating),5091.75834
capital,Generator,FR0 2,Onshore Wind,322014197.29549
capital,Generator,FR0 2,Run of River,387114376.07396
capital,Generator,FR0 2,Solar,241433339.91123
capital,Generator,FR0 2,rural solar thermal,987.22658
capital,Generator,FR0 2,solar-hsat,89831886.54675
capital,Generator,FR0 2,urban central solar thermal,1273.2625
capital,Generator,FR0 2,urban decentral solar thermal,1197.36955
capital,Generator,FR0 3,Offshore Wind (AC),3119143664.77256
capital,Generator,FR0 3,Offshore Wind (DC),777727569.38096
capital,Generator,FR0 3,Offshore Wind (Floating),6040.45244
capital,Generator,FR0 3,Onshore Wind,404522077.44741
capital,Generator,FR0 3,Solar,45458172.49775
capital,Generator,FR0 3,rural solar thermal,366.08928
capital,Generator,FR0 3,solar-hsat,5039.38751
capital,Generator,FR0 3,urban central solar thermal,1184.61668
capital,Generator,FR0 3,urban decentral solar thermal,625.02587
capital,Generator,FR0 4,Onshore Wind,410447026.49766
capital,Generator,FR0 4,Run of River,454890285.96669
capital,Generator,FR0 4,Solar,56506241.81208
capital,Generator,FR0 4,rural solar thermal,434.37863
capital,Generator,FR0 4,solar-hsat,4510.64966
capital,Generator,FR0 4,urban central solar thermal,992.12345
capital,Generator,FR0 4,urban decentral solar thermal,583.8869
capital,Generator,FR5 0,Offshore Wind (AC),3312.96296
capital,Generator,FR5 0,Offshore Wind (Floating),3789.08676
capital,Generator,FR5 0,Onshore Wind,16601723.22042
capital,Generator,FR5 0,Solar,11572.1041
capital,Generator,FR5 0,rural solar thermal,1204.76021
capital,Generator,FR5 0,solar-hsat,202392534.03292
capital,Generator,GB2 0,Offshore Wind (AC),6763200551.89102
capital,Generator,GB2 0,Offshore Wind (DC),3399401707.23485
capital,Generator,GB2 0,Offshore Wind (Floating),7200.25317
capital,Generator,GB2 0,Onshore Wind,1344688985.63516
capital,Generator,GB2 0,Run of River,885889663.85156
capital,Generator,GB2 0,Solar,84832274.37989
capital,Generator,GB2 0,rural solar thermal,158.47917
capital,Generator,GB2 0,solar-hsat,17925.95713
capital,Generator,GB2 0,urban central solar thermal,767.31393
capital,Generator,GB2 0,urban decentral solar thermal,177.84611
capital,Generator,GB2 1,Offshore Wind (AC),3261254595.33601
capital,Generator,GB2 1,Offshore Wind (DC),7969822699.02113
capital,Generator,GB2 1,Offshore Wind (Floating),5520.30615
capital,Generator,GB2 1,Onshore Wind,2781267000.27729
capital,Generator,GB2 1,Solar,513689971.30112
capital,Generator,GB2 1,rural solar thermal,411.23342
capital,Generator,GB2 1,solar-hsat,1796475849.47017
capital,Generator,GB2 1,urban central solar thermal,969.02372
capital,Generator,GB2 1,urban decentral solar thermal,420.36146
capital,Generator,GB3 0,Offshore Wind (AC),175735564.26197
capital,Generator,GB3 0,Offshore Wind (DC),780849115.04619
capital,Generator,GB3 0,Offshore Wind (Floating),5748.3953
capital,Generator,GB3 0,Onshore Wind,145379072.54324
capital,Generator,GB3 0,Run of River,234671738.20448
capital,Generator,GB3 0,Solar,12435366.77312
capital,Generator,GB3 0,rural solar thermal,193.99654
capital,Generator,GB3 0,solar-hsat,72240.29088
capital,Generator,GB3 0,urban central solar thermal,573.60856
capital,Generator,GB3 0,urban decentral solar thermal,200.9058
capital,Generator,GR0 0,Offshore Wind (AC),6911.09923
capital,Generator,GR0 0,Offshore Wind (DC),1403865566.94282
capital,Generator,GR0 0,Offshore Wind (Floating),5752.36323
capital,Generator,GR0 0,Onshore Wind,581562303.56742
capital,Generator,GR0 0,Run of River,31772365.34325
capital,Generator,GR0 0,Solar,218143872.98647
capital,Generator,GR0 0,rural solar thermal,1530.75341
capital,Generator,GR0 0,solar-hsat,1310496843.50771
capital,Generator,GR0 0,urban central solar thermal,3188.58987
capital,Generator,GR0 0,urban decentral solar thermal,2944.10928
capital,Generator,HR0 0,Offshore Wind (AC),6447.11859
capital,Generator,HR0 0,Offshore Wind (DC),7282.78084
capital,Generator,HR0 0,Offshore Wind (Floating),3560.75945
capital,Generator,HR0 0,Onshore Wind,131920777.44427
capital,Generator,HR0 0,Run of River,84182201.03601
capital,Generator,HR0 0,Solar,4256842.76015
capital,Generator,HR0 0,rural solar thermal,1172.46323
capital,Generator,HR0 0,solar-hsat,460593626.03016
capital,Generator,HR0 0,urban central solar thermal,1365.90138
capital,Generator,HR0 0,urban decentral solar thermal,2977.97249
capital,Generator,HU0 0,Onshore Wind,1087572744.8568
capital,Generator,HU0 0,Run of River,6070956.3265
capital,Generator,HU0 0,Solar,135337946.9739
capital,Generator,HU0 0,rural solar thermal,763.52169
capital,Generator,HU0 0,solar-hsat,1024283742.21518
capital,Generator,HU0 0,urban central solar thermal,1473.48654
capital,Generator,HU0 0,urban decentral solar thermal,2250.64784
capital,Generator,IE3 0,Offshore Wind (AC),259507378.2539
capital,Generator,IE3 0,Offshore Wind (DC),226500994.57353
capital,Generator,IE3 0,Offshore Wind (Floating),6786.29624
capital,Generator,IE3 0,Onshore Wind,550272573.76547
capital,Generator,IE3 0,Run of River,66564800.33115
capital,Generator,IE3 0,Solar,64207972.97133
capital,Generator,IE3 0,rural solar thermal,188.94456
capital,Generator,IE3 0,solar-hsat,447650516.27088
capital,Generator,IE3 0,urban central solar thermal,874.99669
capital,Generator,IE3 0,urban decentral solar thermal,290.64691
capital,Generator,IT0 0,Offshore Wind (AC),6051571.04421
capital,Generator,IT0 0,Offshore Wind (DC),378264204.95643
capital,Generator,IT0 0,Offshore Wind (Floating),5091.23313
capital,Generator,IT0 0,Onshore Wind,1015581950.17024
capital,Generator,IT0 0,Run of River,543612536.03769
capital,Generator,IT0 0,Solar,194414643.44674
capital,Generator,IT0 0,rural solar thermal,1491.28201
capital,Generator,IT0 0,solar-hsat,5628533404.83019
capital,Generator,IT0 0,urban central solar thermal,2975.45412
capital,Generator,IT0 0,urban decentral solar thermal,15326.98859
capital,Generator,IT0 1,Offshore Wind (AC),8466.5634
capital,Generator,IT0 1,Offshore Wind (DC),7660.97841
capital,Generator,IT0 1,Offshore Wind (Floating),4100.20534
capital,Generator,IT0 1,Onshore Wind,18746674.82899
capital,Generator,IT0 1,Run of River,1762900939.28859
capital,Generator,IT0 1,Solar,72004626.52049
capital,Generator,IT0 1,rural solar thermal,651.80917
capital,Generator,IT0 1,solar-hsat,6446129959.40768
capital,Generator,IT0 1,urban central solar thermal,2381.27011
capital,Generator,IT0 1,urban decentral solar thermal,20854.69893
capital,Generator,IT4 0,Offshore Wind (AC),13619.61823
capital,Generator,IT4 0,Offshore Wind (Floating),5062.02235
capital,Generator,IT4 0,Onshore Wind,230433563.90149
capital,Generator,IT4 0,Run of River,18490222.31421
capital,Generator,IT4 0,Solar,22587855.22974
capital,Generator,IT4 0,rural solar thermal,6385.2331
capital,Generator,IT4 0,solar-hsat,372129964.31449
capital,Generator,IT4 0,urban central solar thermal,2986.62373
capital,Generator,IT4 0,urban decentral solar thermal,8850.78782
capital,Generator,LT0 0,Offshore Wind (AC),18919.85731
capital,Generator,LT0 0,Offshore Wind (DC),425245467.30451
capital,Generator,LT0 0,Offshore Wind (Floating),2770.35024
capital,Generator,LT0 0,Onshore Wind,138285423.65749
capital,Generator,LT0 0,Run of River,31125207.56225
capital,Generator,LT0 0,Solar,15686887.69796
capital,Generator,LT0 0,rural solar thermal,438.38324
capital,Generator,LT0 0,solar-hsat,79510588.22326
capital,Generator,LT0 0,urban central solar thermal,900.804
capital,Generator,LT0 0,urban decentral solar thermal,509.64412
capital,Generator,LU0 0,Onshore Wind,232323707.93782
capital,Generator,LU0 0,Solar,2832643.49263
capital,Generator,LU0 0,rural solar thermal,490.74902
capital,Generator,LU0 0,solar-hsat,301402511.93884
capital,Generator,LU0 0,urban central solar thermal,894.2956
capital,Generator,LU0 0,urban decentral solar thermal,621.62873
capital,Generator,LV0 0,Offshore Wind (AC),23614.79998
capital,Generator,LV0 0,Offshore Wind (DC),194885034.42164
capital,Generator,LV0 0,Offshore Wind (Floating),4537.22433
capital,Generator,LV0 0,Onshore Wind,11572208.62031
capital,Generator,LV0 0,Run of River,473380508.2809
capital,Generator,LV0 0,Solar,2303867.22548
capital,Generator,LV0 0,rural solar thermal,465.20023
capital,Generator,LV0 0,solar-hsat,68206197.32276
capital,Generator,LV0 0,urban central solar thermal,751.97434
capital,Generator,LV0 0,urban decentral solar thermal,516.13916
capital,Generator,ME0 0,Offshore Wind (AC),1315.48645
capital,Generator,ME0 0,Offshore Wind (Floating),2773.75648
capital,Generator,ME0 0,Onshore Wind,13654945.13948
capital,Generator,ME0 0,Run of River,1651793.1934
capital,Generator,ME0 0,Solar,167588.51535
capital,Generator,ME0 0,rural solar thermal,702.28525
capital,Generator,ME0 0,solar-hsat,486283797.60673
capital,Generator,ME0 0,urban central solar thermal,1789.46301
capital,Generator,ME0 0,urban decentral solar thermal,708.82255
capital,Generator,MK0 0,Onshore Wind,8447554.15983
capital,Generator,MK0 0,Run of River,59045443.2567
capital,Generator,MK0 0,Solar,15545508.26792
capital,Generator,MK0 0,rural solar thermal,1181.08969
capital,Generator,MK0 0,solar-hsat,113244508.33758
capital,Generator,MK0 0,urban central solar thermal,2618.53419
capital,Generator,MK0 0,urban decentral solar thermal,1187.43845
capital,Generator,NL0 0,Offshore Wind (AC),1174437636.71327
capital,Generator,NL0 0,Offshore Wind (DC),11569138269.40118
capital,Generator,NL0 0,Offshore Wind (Floating),1296.93106
capital,Generator,NL0 0,Onshore Wind,1175523250.0845
capital,Generator,NL0 0,Solar,248276767.32132
capital,Generator,NL0 0,rural solar thermal,5.14174
capital,Generator,NL0 0,solar-hsat,339813317.88441
capital,Generator,NL0 0,urban central solar thermal,952.35437
capital,Generator,NL0 0,urban decentral solar thermal,520.20995
capital,Generator,NO1 0,Offshore Wind (AC),28255843.13938
capital,Generator,NO1 0,Offshore Wind (DC),3560715669.6009
capital,Generator,NO1 0,Offshore Wind (Floating),5029.37641
capital,Generator,NO1 0,Onshore Wind,639792371.3229
capital,Generator,NO1 0,Run of River,275042056.92383
capital,Generator,NO1 0,Solar,73327.00088
capital,Generator,NO1 0,rural solar thermal,209.60515
capital,Generator,NO1 0,solar-hsat,8753.55132
capital,Generator,NO1 0,urban central solar thermal,855.85554
capital,Generator,NO1 0,urban decentral solar thermal,219.75431
capital,Generator,PL0 0,Offshore Wind (AC),1049262301.57193
capital,Generator,PL0 0,Offshore Wind (DC),1301264070.18836
capital,Generator,PL0 0,Offshore Wind (Floating),8137.84649
capital,Generator,PL0 0,Onshore Wind,4632831559.07648
capital,Generator,PL0 0,Run of River,56210389.48212
capital,Generator,PL0 0,Solar,137290958.75377
capital,Generator,PL0 0,rural solar thermal,488.03323
capital,Generator,PL0 0,solar-hsat,2697256949.76702
capital,Generator,PL0 0,urban central solar thermal,1229.69867
capital,Generator,PL0 0,urban decentral solar thermal,673.49615
capital,Generator,PT0 0,Offshore Wind (AC),1139899315.71696
capital,Generator,PT0 0,Offshore Wind (Floating),5936.81813
capital,Generator,PT0 0,Onshore Wind,616509800.34689
capital,Generator,PT0 0,Run of River,781982318.70502
capital,Generator,PT0 0,Solar,183052741.28311
capital,Generator,PT0 0,rural solar thermal,2443.64644
capital,Generator,PT0 0,solar-hsat,397754452.03905
capital,Generator,PT0 0,urban central solar thermal,1685.13022
capital,Generator,PT0 0,urban decentral solar thermal,2386.29502
capital,Generator,RO0 0,Offshore Wind (AC),338196692.38024
capital,Generator,RO0 0,Offshore Wind (DC),585849167.77582
capital,Generator,RO0 0,Offshore Wind (Floating),7042.16322
capital,Generator,RO0 0,Onshore Wind,637733445.88349
capital,Generator,RO0 0,Run of River,1085206556.13942
capital,Generator,RO0 0,Solar,106116189.25709
capital,Generator,RO0 0,rural solar thermal,1014.18113
capital,Generator,RO0 0,solar-hsat,318325430.74755
capital,Generator,RO0 0,urban central solar thermal,1422.48201
capital,Generator,RO0 0,urban decentral solar thermal,1740.20813
capital,Generator,RS0 0,Onshore Wind,89347344.17035
capital,Generator,RS0 0,Run of River,526478263.35986
capital,Generator,RS0 0,Solar,1864016.46231
capital,Generator,RS0 0,rural solar thermal,872.96974
capital,Generator,RS0 0,solar-hsat,96518.20488
capital,Generator,RS0 0,urban central solar thermal,1723.92357
capital,Generator,RS0 0,urban decentral solar thermal,869.75565
capital,Generator,SE1 0,Offshore Wind (AC),36685916.14412
capital,Generator,SE1 0,Offshore Wind (DC),448897.58792
capital,Generator,SE1 0,Offshore Wind (Floating),4506.48416
capital,Generator,SE1 0,Onshore Wind,1919538807.50678
capital,Generator,SE1 0,Run of River,394149905.66452
capital,Generator,SE1 0,Solar,14943406.30165
capital,Generator,SE1 0,rural solar thermal,180.3437
capital,Generator,SE1 0,solar-hsat,460454362.92759
capital,Generator,SE1 0,urban central solar thermal,794.00667
capital,Generator,SE1 0,urban decentral solar thermal,371.65267
capital,Generator,SI0 0,Offshore Wind (AC),1199.01551
capital,Generator,SI0 0,Offshore Wind (Floating),1187.10156
capital,Generator,SI0 0,Onshore Wind,2135.98983
capital,Generator,SI0 0,Run of River,155445758.14368
capital,Generator,SI0 0,Solar,1570839.1886
capital,Generator,SI0 0,rural solar thermal,743.14873
capital,Generator,SI0 0,solar-hsat,8440.15566
capital,Generator,SI0 0,urban central solar thermal,1551.54385
capital,Generator,SI0 0,urban decentral solar thermal,1424.41967
capital,Generator,SK0 0,Onshore Wind,11364.88076
capital,Generator,SK0 0,Run of River,375255980.16312
capital,Generator,SK0 0,Solar,23519713.84525
capital,Generator,SK0 0,rural solar thermal,642.04916
capital,Generator,SK0 0,solar-hsat,11294.10644
capital,Generator,SK0 0,urban central solar thermal,1177.0878
capital,Generator,SK0 0,urban decentral solar thermal,1062.15356
capital,Generator,XK0 0,Onshore Wind,15622190.43203
capital,Generator,XK0 0,Run of River,9306745.23148
capital,Generator,XK0 0,Solar,8644530.70143
capital,Generator,XK0 0,rural solar thermal,5.19882
capital,Generator,XK0 0,solar-hsat,10083835.20064
capital,Generator,XK0 0,urban central solar thermal,1127.80816
capital,Generator,XK0 0,urban decentral solar thermal,0.74237
capital,Line,AL0 0,AC,79383299.72642
capital,Line,AT0 0,AC,452246931.39839
capital,Line,BA0 0,AC,128859045.24615
capital,Line,BE0 0,AC,132294395.04691
capital,Line,BG0 0,AC,240709785.26156
capital,Line,CH0 0,AC,495733044.13378
capital,Line,CZ0 0,AC,243022348.25193
capital,Line,DE0 0,AC,582820005.69249
capital,Line,DE0 1,AC,465191429.65178
capital,Line,DE0 2,AC,289218374.52188
capital,Line,DE0 3,AC,130297548.45686
capital,Line,DE0 4,AC,65855244.42637
capital,Line,DE0 5,AC,122467637.92028
capital,Line,DK1 0,AC,92018255.13598
capital,Line,EE0 0,AC,34479190.53832
capital,Line,ES0 0,AC,380252192.80472
capital,Line,FI1 0,AC,164747361.63609
capital,Line,FR0 0,AC,861062076.98221
capital,Line,FR0 1,AC,437004111.69808
capital,Line,FR0 2,AC,175983166.83606
capital,Line,FR0 4,AC,3451633.76
capital,Line,GB2 0,AC,457480582.84278
capital,Line,GB3 0,AC,47856526.08134
capital,Line,GR0 0,AC,48987285.47571
capital,Line,HR0 0,AC,183894692.23639
capital,Line,HU0 0,AC,273318958.65242
capital,Line,IT0 0,AC,280957341.92612
capital,Line,IT0 1,AC,38683404.46554
capital,Line,LT0 0,AC,107375434.77326
capital,Line,ME0 0,AC,53440462.96271
capital,Line,MK0 0,AC,37466027.51957
capital,Line,NO1 0,AC,128929177.92303
capital,Line,PL0 0,AC,51242287.83323
capital,Line,RO0 0,AC,110192312.03459
capital,Line,RS0 0,AC,20274705.30248
capital,Link,AL0 0,CO2 pipeline,11006.8662
capital,Link,AL0 0,Combined-Cycle Gas,1354.54153
capital,Link,AL0 0,EAF,1542.02065
capital,Link,AL0 0,H2 DRI,1444.64814
capital,Link,AL0 0,H2 Electrolysis,88378.8358
capital,Link,AL0 0,Haber-Bosch,3705.98222
capital,Link,AL0 0,Open-Cycle Gas,1293.75618
capital,Link,AL0 0,SMR,1787.81478
capital,Link,AL0 0,Sabatier,1075.91545
capital,Link,AL0 0,battery charger,26480391.29347
capital,Link,AL0 0,biogas to gas,7295824.16304
capital,Link,AL0 0,biomass to liquid,2970.77041
capital,Link,AL0 0,biomass-to-methanol,6013.72931
capital,Link,AL0 0,electricity distribution grid,26096865.277
capital,Link,AL0 0,gas DRI,1410.37191
capital,Link,AL0 0,gas pipeline new,37577.67427
capital,Link,AL0 0,heat100-200 industry electric boiler steam,435.05335
capital,Link,AL0 0,heat100-200 industry gas,142636.49356
capital,Link,AL0 0,heat100-200 industry industrial heat pump high temperature,2782194.24797
capital,Link,AL0 0,heat100-200 industry solid biomass,5742.57212
capital,Link,AL0 0,heat200-500 industry gas,14688.10649
capital,Link,AL0 0,heat200-500 industry hydrogen,53.1623
capital,Link,AL0 0,heat200-500 industry solid biomass,221999.63806
capital,Link,AL0 0,heat<100 industry electric boiler steam,449.92151
capital,Link,AL0 0,heat<100 industry gas,167433.74115
capital,Link,AL0 0,heat<100 industry industrial heat pump medium temperature,2874408.03539
capital,Link,AL0 0,heat<100 industry solid biomass,8879.65808
capital,Link,AL0 0,heat>500 industry gas,17363.87442
capital,Link,AL0 0,heat>500 industry hydrogen,2705.20637
capital,Link,AL0 0,home battery charger,4213.92241
capital,Link,AL0 0,methanolisation,2482.97841
capital,Link,AL0 0,rural air heat pump,7380.73022
capital,Link,AL0 0,rural biomass boiler,73645541.43073
capital,Link,AL0 0,rural gas boiler,1667.11737
capital,Link,AL0 0,rural ground heat pump,106843.04709
capital,Link,AL0 0,rural resistive heater,62782.38031
capital,Link,AL0 0,urban central air heat pump,898792.7681
capital,Link,AL0 0,urban central gas CHP,1429.76494
capital,Link,AL0 0,urban central gas boiler,72495.17856
capital,Link,AL0 0,urban central resistive heater,445153.44662
capital,Link,AL0 0,urban central solid biomass CHP,10070728.31014
capital,Link,AL0 0,urban central solid biomass CHP CC,14649.32218
capital,Link,AL0 0,urban decentral air heat pump,7092.86129
capital,Link,AL0 0,urban decentral biomass boiler,98813248.65322
capital,Link,AL0 0,urban decentral gas boiler,1676.40427
capital,Link,AL0 0,urban decentral resistive heater,84202.96471
capital,Link,AL0 0,waste CHP,3102.27344
capital,Link,AT0 0,CO2 pipeline,8654183.2457
capital,Link,AT0 0,Combined-Cycle Gas,352632828.25641
capital,Link,AT0 0,EAF,1821.62757
capital,Link,AT0 0,H2 DRI,1597.08075
capital,Link,AT0 0,H2 Electrolysis,12857.46756
capital,Link,AT0 0,Haber-Bosch,2005.72595
capital,Link,AT0 0,Open-Cycle Gas,1293.4194
capital,Link,AT0 0,SMR,1895.99116
capital,Link,AT0 0,Sabatier,799.83915
capital,Link,AT0 0,battery charger,56764417.06869
capital,Link,AT0 0,biogas to gas,105768691.34321
capital,Link,AT0 0,biomass to liquid,2454.6271
capital,Link,AT0 0,biomass-to-methanol,5786.19339
capital,Link,AT0 0,electricity distribution grid,515319457.77614
capital,Link,AT0 0,gas DRI,1587.0209
capital,Link,AT0 0,gas pipeline,11817541.81551
capital,Link,AT0 0,gas pipeline new,9511.44201
capital,Link,AT0 0,heat100-200 industry electric boiler steam,270.64166
capital,Link,AT0 0,heat100-200 industry gas,8644404.34299
capital,Link,AT0 0,heat100-200 industry industrial heat pump high temperature,168981511.14106
capital,Link,AT0 0,heat100-200 industry solid biomass,3313.97369
capital,Link,AT0 0,heat200-500 industry gas,694107.7925
capital,Link,AT0 0,heat200-500 industry hydrogen,31.5431
capital,Link,AT0 0,heat200-500 industry solid biomass,10446893.37743
capital,Link,AT0 0,heat<100 industry electric boiler steam,227.30175
capital,Link,AT0 0,heat<100 industry gas,3224621.99321
capital,Link,AT0 0,heat<100 industry industrial heat pump medium temperature,50996324.40726
capital,Link,AT0 0,heat<100 industry solid biomass,4216083.01738
capital,Link,AT0 0,heat>500 industry gas,1692567.33537
capital,Link,AT0 0,heat>500 industry hydrogen,161.19407
capital,Link,AT0 0,home battery charger,4100.68714
capital,Link,AT0 0,methanolisation,1126.58245
capital,Link,AT0 0,rural air heat pump,6297.37399
capital,Link,AT0 0,rural biomass boiler,303486292.12624
capital,Link,AT0 0,rural gas boiler,206924205.43043
capital,Link,AT0 0,rural ground heat pump,740175627.16699
capital,Link,AT0 0,rural resistive heater,261950.74241
capital,Link,AT0 0,urban central air heat pump,11283.97859
capital,Link,AT0 0,urban central gas CHP,1410.1547
capital,Link,AT0 0,urban central gas boiler,7010741.76068
capital,Link,AT0 0,urban central resistive heater,4783058.19903
capital,Link,AT0 0,urban central solid biomass CHP,380708386.70667
capital,Link,AT0 0,urban central solid biomass CHP CC,99637062.50061
capital,Link,AT0 0,urban decentral air heat pump,113343503.56313
capital,Link,AT0 0,urban decentral biomass boiler,312570280.54169
capital,Link,AT0 0,urban decentral gas boiler,213117885.78363
capital,Link,AT0 0,urban decentral resistive heater,11045466.5304
capital,Link,AT0 0,waste CHP,3362.66739
capital,Link,BA0 0,CO2 pipeline,8188.81226
capital,Link,BA0 0,Combined-Cycle Gas,1349.07541
capital,Link,BA0 0,EAF,1578.34667
capital,Link,BA0 0,H2 DRI,1435.91193
capital,Link,BA0 0,H2 Electrolysis,30317.67312
capital,Link,BA0 0,Haber-Bosch,2213.32894
capital,Link,BA0 0,Open-Cycle Gas,1293.41563
capital,Link,BA0 0,SMR,1877.54822
capital,Link,BA0 0,Sabatier,851.03609
capital,Link,BA0 0,battery charger,8637252.86858
capital,Link,BA0 0,biogas to gas,10077924.07675
capital,Link,BA0 0,biomass to liquid,2600.41718
capital,Link,BA0 0,biomass-to-methanol,5730.73689
capital,Link,BA0 0,electricity distribution grid,77653743.07444
capital,Link,BA0 0,gas DRI,1463.33285
capital,Link,BA0 0,gas pipeline,3487367.17429
capital,Link,BA0 0,gas pipeline new,232566.51919
capital,Link,BA0 0,heat100-200 industry electric boiler steam,280.01879
capital,Link,BA0 0,heat100-200 industry gas,285265.3595
capital,Link,BA0 0,heat100-200 industry industrial heat pump high temperature,5568870.17526
capital,Link,BA0 0,heat100-200 industry solid biomass,7285.86371
capital,Link,BA0 0,heat200-500 industry gas,41950.16973
capital,Link,BA0 0,heat200-500 industry hydrogen,50.13277
capital,Link,BA0 0,heat200-500 industry solid biomass,632237.8483
capital,Link,BA0 0,heat<100 industry electric boiler steam,288.8271
capital,Link,BA0 0,heat<100 industry gas,291463.61309
capital,Link,BA0 0,heat<100 industry industrial heat pump medium temperature,5002966.14843
capital,Link,BA0 0,heat<100 industry solid biomass,15964.51654
capital,Link,BA0 0,heat>500 industry gas,155746.419
capital,Link,BA0 0,heat>500 industry hydrogen,307.48427
capital,Link,BA0 0,home battery charger,4121.03989
capital,Link,BA0 0,methanolisation,1290.48219
capital,Link,BA0 0,rural air heat pump,4248.50569
capital,Link,BA0 0,rural biomass boiler,349295266.083
capital,Link,BA0 0,rural gas boiler,1649.92328
capital,Link,BA0 0,rural ground heat pump,17681.13113
capital,Link,BA0 0,rural resistive heater,297426.97492
capital,Link,BA0 0,urban central air heat pump,1577271.8529
capital,Link,BA0 0,urban central gas CHP,1433.20456
capital,Link,BA0 0,urban central gas boiler,1288551.25705
capital,Link,BA0 0,urban central resistive heater,1204958.43101
capital,Link,BA0 0,urban central solid biomass CHP,62164912.68556
capital,Link,BA0 0,urban central solid biomass CHP CC,20752.52061
capital,Link,BA0 0,urban decentral air heat pump,4247.87166
capital,Link,BA0 0,urban decentral biomass boiler,252223086.52615
capital,Link,BA0 0,urban decentral gas boiler,1643.9414
capital,Link,BA0 0,urban decentral resistive heater,214759.67182
capital,Link,BA0 0,waste CHP,3199.40207
capital,Link,BE0 0,CO2 pipeline,108988.18403
capital,Link,BE0 0,Combined-Cycle Gas,532147618.33723
capital,Link,BE0 0,DC,23219324.12346
capital,Link,BE0 0,EAF,1827.83795
capital,Link,BE0 0,H2 DRI,1602.61983
capital,Link,BE0 0,H2 Electrolysis,23036.22311
capital,Link,BE0 0,Haber-Bosch,3127.27797
capital,Link,BE0 0,Open-Cycle Gas,1292.5708
capital,Link,BE0 0,SMR,2336.12011
capital,Link,BE0 0,Sabatier,883.36729
capital,Link,BE0 0,battery charger,13697.19121
capital,Link,BE0 0,biogas to gas,168960897.29165
capital,Link,BE0 0,biomass to liquid,1835.4712
capital,Link,BE0 0,biomass-to-methanol,3244.21107
capital,Link,BE0 0,electricity distribution grid,886871044.07164
capital,Link,BE0 0,gas DRI,1586.71785
capital,Link,BE0 0,gas pipeline,18821571.77033
capital,Link,BE0 0,gas pipeline new,89050.99631
capital,Link,BE0 0,heat100-200 industry electric boiler steam,280.11968
capital,Link,BE0 0,heat100-200 industry gas,9493960.47928
capital,Link,BE0 0,heat100-200 industry industrial heat pump high temperature,185592158.9521
capital,Link,BE0 0,heat100-200 industry solid biomass,552.26576
capital,Link,BE0 0,heat200-500 industry gas,949949.7232
capital,Link,BE0 0,heat200-500 industry hydrogen,41.38631
capital,Link,BE0 0,heat200-500 industry solid biomass,14297233.46179
capital,Link,BE0 0,heat<100 industry electric boiler steam,270.90895
capital,Link,BE0 0,heat<100 industry gas,7472391.59674
capital,Link,BE0 0,heat<100 industry industrial heat pump medium temperature,128646145.25025
capital,Link,BE0 0,heat<100 industry solid biomass,583.11386
capital,Link,BE0 0,heat>500 industry gas,3135266.27589
capital,Link,BE0 0,heat>500 industry hydrogen,429.92058
capital,Link,BE0 0,home battery charger,4472.98062
capital,Link,BE0 0,methanolisation,1337.6726
capital,Link,BE0 0,rural air heat pump,6662.93803
capital,Link,BE0 0,rural biomass boiler,20149409.10996
capital,Link,BE0 0,rural gas boiler,118215354.23709
capital,Link,BE0 0,rural ground heat pump,251966036.3601
capital,Link,BE0 0,rural resistive heater,1378556.68095
capital,Link,BE0 0,urban central air heat pump,35922589.68993
capital,Link,BE0 0,urban central gas CHP,1568.13833
capital,Link,BE0 0,urban central gas boiler,14228602.98721
capital,Link,BE0 0,urban central resistive heater,8374899.9352
capital,Link,BE0 0,urban central solid biomass CHP,358367591.48661
capital,Link,BE0 0,urban central solid biomass CHP CC,43509.22267
capital,Link,BE0 0,urban decentral air heat pump,41147891.65445
capital,Link,BE0 0,urban decentral biomass boiler,266481315.13342
capital,Link,BE0 0,urban decentral gas boiler,1563429621.88831
capital,Link,BE0 0,urban decentral resistive heater,72329249.53714
capital,Link,BE0 0,waste CHP,6972.8703
capital,Link,BG0 0,CO2 pipeline,11288.31953
capital,Link,BG0 0,Combined-Cycle Gas,9745296.93662
capital,Link,BG0 0,H2 Electrolysis,19365.60935
capital,Link,BG0 0,Haber-Bosch,2588.44078
capital,Link,BG0 0,Open-Cycle Gas,1292.95761
capital,Link,BG0 0,SMR,1810.82058
capital,Link,BG0 0,Sabatier,948.96895
capital,Link,BG0 0,battery charger,58350828.56301
capital,Link,BG0 0,biogas to gas,88317998.86251
capital,Link,BG0 0,biomass to liquid,3845.95903
capital,Link,BG0 0,biomass-to-methanol,8889.02337
capital,Link,BG0 0,electricity distribution grid,323857021.78147
capital,Link,BG0 0,gas pipeline,4651416.62342
capital,Link,BG0 0,gas pipeline new,8203.31778
capital,Link,BG0 0,heat100-200 industry electric boiler steam,233.85504
capital,Link,BG0 0,heat100-200 industry gas,1804557.38592
capital,Link,BG0 0,heat100-200 industry industrial heat pump high temperature,19455185.32803
capital,Link,BG0 0,heat100-200 industry solid biomass,12994550.47899
capital,Link,BG0 0,heat200-500 industry gas,228575.1264
capital,Link,BG0 0,heat200-500 industry hydrogen,35.53161
capital,Link,BG0 0,heat200-500 industry solid biomass,3440653.1034
capital,Link,BG0 0,heat<100 industry electric boiler steam,234.23337
capital,Link,BG0 0,heat<100 industry gas,1277474.53378
capital,Link,BG0 0,heat<100 industry industrial heat pump medium temperature,7236.91782
capital,Link,BG0 0,heat<100 industry solid biomass,20502990.45427
capital,Link,BG0 0,heat>500 industry gas,876870.66636
capital,Link,BG0 0,heat>500 industry hydrogen,267.24727
capital,Link,BG0 0,home battery charger,374185.62359
capital,Link,BG0 0,methanolisation,1570.79228
capital,Link,BG0 0,rural air heat pump,6222.44927
capital,Link,BG0 0,rural biomass boiler,101145902.72138
capital,Link,BG0 0,rural gas boiler,2527510.63897
capital,Link,BG0 0,rural ground heat pump,104172213.4484
capital,Link,BG0 0,rural resistive heater,7363978.65088
capital,Link,BG0 0,urban central air heat pump,9445.72541
capital,Link,BG0 0,urban central gas CHP,1440.31879
capital,Link,BG0 0,urban central gas boiler,4321414.52993
capital,Link,BG0 0,urban central resistive heater,2418628.10526
capital,Link,BG0 0,urban central solid biomass CHP,139499706.23559
capital,Link,BG0 0,urban central solid biomass CHP CC,21837.29186
capital,Link,BG0 0,urban decentral air heat pump,171487145.31158
capital,Link,BG0 0,urban decentral biomass boiler,157562315.54839
capital,Link,BG0 0,urban decentral gas boiler,3937286.81176
capital,Link,BG0 0,urban decentral resistive heater,11199578.77108
capital,Link,BG0 0,waste CHP,3012.30759
capital,Link,CH0 0,CO2 pipeline,39322.91728
capital,Link,CH0 0,Combined-Cycle Gas,5763343.97968
capital,Link,CH0 0,EAF,1574.4926
capital,Link,CH0 0,H2 DRI,1441.27558
capital,Link,CH0 0,H2 Electrolysis,18327.08319
capital,Link,CH0 0,Haber-Bosch,2671.78532
capital,Link,CH0 0,Open-Cycle Gas,1291.3426
capital,Link,CH0 0,SMR,2004.24108
capital,Link,CH0 0,Sabatier,903.6772
capital,Link,CH0 0,battery charger,11633.49266
capital,Link,CH0 0,biogas to gas,368839.8286
capital,Link,CH0 0,biomass to liquid,1749.03331
capital,Link,CH0 0,biomass-to-methanol,2794.53874
capital,Link,CH0 0,electricity distribution grid,621412929.46111
capital,Link,CH0 0,gas DRI,1451.87995
capital,Link,CH0 0,gas pipeline,6573997.11064
capital,Link,CH0 0,gas pipeline new,1205176.01698
capital,Link,CH0 0,heat100-200 industry electric boiler steam,236.97286
capital,Link,CH0 0,heat100-200 industry gas,2821545.04339
capital,Link,CH0 0,heat100-200 industry industrial heat pump high temperature,55156207.39998
capital,Link,CH0 0,heat100-200 industry solid biomass,363.2035
capital,Link,CH0 0,heat200-500 industry gas,266321.89057
capital,Link,CH0 0,heat200-500 industry hydrogen,44.89178
capital,Link,CH0 0,heat200-500 industry solid biomass,4008702.08303
capital,Link,CH0 0,heat<100 industry electric boiler steam,238.02468
capital,Link,CH0 0,heat<100 industry gas,2065003.31351
capital,Link,CH0 0,heat<100 industry industrial heat pump medium temperature,35551044.67398
capital,Link,CH0 0,heat<100 industry solid biomass,403.17527
capital,Link,CH0 0,heat>500 industry gas,662981.14055
capital,Link,CH0 0,heat>500 industry hydrogen,340.18725
capital,Link,CH0 0,home battery charger,67233.72222
capital,Link,CH0 0,methanolisation,1375.26172
capital,Link,CH0 0,rural air heat pump,4927.73951
capital,Link,CH0 0,rural biomass boiler,12709.84208
capital,Link,CH0 0,rural gas boiler,3324.08546
capital,Link,CH0 0,rural ground heat pump,659740973.59926
capital,Link,CH0 0,rural resistive heater,383124.467
capital,Link,CH0 0,urban central air heat pump,37419847.25657
capital,Link,CH0 0,urban central gas CHP,1441.56284
capital,Link,CH0 0,urban central gas boiler,10154710.09036
capital,Link,CH0 0,urban central resistive heater,6570279.45408
capital,Link,CH0 0,urban central solid biomass CHP,183823087.07785
capital,Link,CH0 0,urban central solid biomass CHP CC,6683.58914
capital,Link,CH0 0,urban decentral air heat pump,1936735627.94642
capital,Link,CH0 0,urban decentral biomass boiler,494458022.48559
capital,Link,CH0 0,urban decentral gas boiler,3334.85609
capital,Link,CH0 0,urban decentral resistive heater,1206770.70436
capital,Link,CH0 0,waste CHP,10390146.40117
capital,Link,CZ0 0,CO2 pipeline,159935.71473
capital,Link,CZ0 0,Combined-Cycle Gas,165355858.30563
capital,Link,CZ0 0,EAF,1778.74011
capital,Link,CZ0 0,H2 DRI,1550.07853
capital,Link,CZ0 0,H2 Electrolysis,12676.98166
capital,Link,CZ0 0,Haber-Bosch,2027.63317
capital,Link,CZ0 0,Open-Cycle Gas,1293.59782
capital,Link,CZ0 0,SMR,1887.4374
capital,Link,CZ0 0,Sabatier,794.84087
capital,Link,CZ0 0,battery charger,12951.03066
capital,Link,CZ0 0,biogas to gas,288461927.51837
capital,Link,CZ0 0,biomass to liquid,2262.69609
capital,Link,CZ0 0,biomass-to-methanol,4355.58468
capital,Link,CZ0 0,electricity distribution grid,587742467.92091
capital,Link,CZ0 0,gas DRI,1582.83779
capital,Link,CZ0 0,gas pipeline,15837300.93355
capital,Link,CZ0 0,gas pipeline new,2541.02351
capital,Link,CZ0 0,heat100-200 industry electric boiler steam,241.01436
capital,Link,CZ0 0,heat100-200 industry gas,5599640.6444
capital,Link,CZ0 0,heat100-200 industry industrial heat pump high temperature,109463399.90665
capital,Link,CZ0 0,heat100-200 industry solid biomass,1071.84589
capital,Link,CZ0 0,heat200-500 industry gas,658465.30717
capital,Link,CZ0 0,heat200-500 industry hydrogen,32.33799
capital,Link,CZ0 0,heat200-500 industry solid biomass,9910375.44402
capital,Link,CZ0 0,heat<100 industry electric boiler steam,240.03917
capital,Link,CZ0 0,heat<100 industry gas,4985764.7306
capital,Link,CZ0 0,heat<100 industry industrial heat pump medium temperature,85834311.80419
capital,Link,CZ0 0,heat<100 industry solid biomass,1401.57505
capital,Link,CZ0 0,heat>500 industry gas,1549974.33741
capital,Link,CZ0 0,heat>500 industry hydrogen,166.05912
capital,Link,CZ0 0,home battery charger,4338.3372
capital,Link,CZ0 0,methanolisation,1059.5872
capital,Link,CZ0 0,rural air heat pump,5516.00454
capital,Link,CZ0 0,rural biomass boiler,335984988.96149
capital,Link,CZ0 0,rural gas boiler,339623930.79443
capital,Link,CZ0 0,rural ground heat pump,971890985.66181
capital,Link,CZ0 0,rural resistive heater,11284040.29046
capital,Link,CZ0 0,urban central air heat pump,49269.87448
capital,Link,CZ0 0,urban central gas CHP,1434.196
capital,Link,CZ0 0,urban central gas boiler,21305162.59019
capital,Link,CZ0 0,urban central resistive heater,5824573.13221
capital,Link,CZ0 0,urban central solid biomass CHP,540465018.51604
capital,Link,CZ0 0,urban central solid biomass CHP CC,2173181.46832
capital,Link,CZ0 0,urban decentral air heat pump,153577076.39079
capital,Link,CZ0 0,urban decentral biomass boiler,647169340.18781
capital,Link,CZ0 0,urban decentral gas boiler,654178616.3828
capital,Link,CZ0 0,urban decentral resistive heater,31908725.10994
capital,Link,CZ0 0,waste CHP,4221.58237
capital,Link,DE0 0,CO2 pipeline,364008.63994
capital,Link,DE0 0,Combined-Cycle Gas,309046562.14855
capital,Link,DE0 0,DC,169790742.32792
capital,Link,DE0 0,EAF,1857.47996
capital,Link,DE0 0,H2 DRI,1632.33811
capital,Link,DE0 0,H2 Electrolysis,782095069.89964
capital,Link,DE0 0,Haber-Bosch,3123.13884
capital,Link,DE0 0,Open-Cycle Gas,1291.45082
capital,Link,DE0 0,SMR,1579.56126
capital,Link,DE0 0,Sabatier,1115.95584
capital,Link,DE0 0,battery charger,7239.37375
capital,Link,DE0 0,biogas to gas,500337037.19061
capital,Link,DE0 0,biomass to liquid,1981.36169
capital,Link,DE0 0,biomass-to-methanol,3302.59396
capital,Link,DE0 0,electricity distribution grid,904955919.17761
capital,Link,DE0 0,gas DRI,1593.17109
capital,Link,DE0 0,gas pipeline,22398167.55046
capital,Link,DE0 0,heat100-200 industry electric boiler steam,294.97098
capital,Link,DE0 0,heat100-200 industry gas,8960663.9534
capital,Link,DE0 0,heat100-200 industry industrial heat pump high temperature,175166988.2327
capital,Link,DE0 0,heat100-200 industry solid biomass,500.32849
capital,Link,DE0 0,heat200-500 industry gas,903817.74995
capital,Link,DE0 0,heat200-500 industry hydrogen,45.37861
capital,Link,DE0 0,heat200-500 industry solid biomass,13602904.67297
capital,Link,DE0 0,heat<100 industry electric boiler steam,277.69451
capital,Link,DE0 0,heat<100 industry gas,6480199.01363
capital,Link,DE0 0,heat<100 industry industrial heat pump medium temperature,111564484.83189
capital,Link,DE0 0,heat<100 industry solid biomass,508.59635
capital,Link,DE0 0,heat>500 industry gas,61.50024
capital,Link,DE0 0,heat>500 industry hydrogen,23947377.12342
capital,Link,DE0 0,home battery charger,4292.86656
capital,Link,DE0 0,methanolisation,1884.26424
capital,Link,DE0 0,rural air heat pump,7284.9576
capital,Link,DE0 0,rural biomass boiler,152062929.72848
capital,Link,DE0 0,rural gas boiler,445412931.58674
capital,Link,DE0 0,rural ground heat pump,1038693816.46691
capital,Link,DE0 0,rural resistive heater,400945.72937
capital,Link,DE0 0,urban central air heat pump,91293886.53901
capital,Link,DE0 0,urban central gas CHP,1433.59378
capital,Link,DE0 0,urban central gas boiler,15500522.82952
capital,Link,DE0 0,urban central resistive heater,13288586.82499
capital,Link,DE0 0,urban central solid biomass CHP,408170006.8645
capital,Link,DE0 0,urban central solid biomass CHP CC,16517.89592
capital,Link,DE0 0,urban decentral air heat pump,107366943.08927
capital,Link,DE0 0,urban decentral biomass boiler,379071163.13118
capital,Link,DE0 0,urban decentral gas boiler,1110350815.62437
capital,Link,DE0 0,urban decentral resistive heater,59212170.36722
capital,Link,DE0 0,waste CHP,6624.20979
capital,Link,DE0 1,CO2 pipeline,4800992.78149
capital,Link,DE0 1,Combined-Cycle Gas,213505407.52673
capital,Link,DE0 1,H2 Electrolysis,17798.87119
capital,Link,DE0 1,Haber-Bosch,1909.48135
capital,Link,DE0 1,Open-Cycle Gas,1291.87659
capital,Link,DE0 1,SMR,1534.14198
capital,Link,DE0 1,Sabatier,853.66073
capital,Link,DE0 1,battery charger,14289.7749
capital,Link,DE0 1,biogas to gas,263163877.46753
capital,Link,DE0 1,biomass to liquid,2618.72069
capital,Link,DE0 1,biomass-to-methanol,5634.6562
capital,Link,DE0 1,electricity distribution grid,413330494.52906
capital,Link,DE0 1,gas pipeline,8036863.96094
capital,Link,DE0 1,gas pipeline new,4086.80803
capital,Link,DE0 1,heat100-200 industry electric boiler steam,222.67001
capital,Link,DE0 1,heat100-200 industry gas,3249425.09364
capital,Link,DE0 1,heat100-200 industry industrial heat pump high temperature,63517269.2124
capital,Link,DE0 1,heat100-200 industry solid biomass,3405.11518
capital,Link,DE0 1,heat200-500 industry gas,297781.46196
capital,Link,DE0 1,heat200-500 industry hydrogen,34.77899
capital,Link,DE0 1,heat200-500 industry solid biomass,4482100.46263
capital,Link,DE0 1,heat<100 industry electric boiler steam,220.17875
capital,Link,DE0 1,heat<100 industry gas,1910001.08985
capital,Link,DE0 1,heat<100 industry industrial heat pump medium temperature,12614835.03735
capital,Link,DE0 1,heat<100 industry solid biomass,18902076.18264
capital,Link,DE0 1,heat>500 industry gas,568622.94652
capital,Link,DE0 1,heat>500 industry hydrogen,265.36742
capital,Link,DE0 1,home battery charger,4167.94109
capital,Link,DE0 1,methanolisation,1085.0339
capital,Link,DE0 1,rural air heat pump,6051.17689
capital,Link,DE0 1,rural biomass boiler,163869005.30169
capital,Link,DE0 1,rural gas boiler,479994527.12081
capital,Link,DE0 1,rural ground heat pump,961983776.66692
capital,Link,DE0 1,rural resistive heater,297559.53518
capital,Link,DE0 1,urban central air heat pump,5733.1136
capital,Link,DE0 1,urban central gas CHP,1429.77909
capital,Link,DE0 1,urban central gas boiler,6179416.07953
capital,Link,DE0 1,urban central resistive heater,2011042.61846
capital,Link,DE0 1,urban central solid biomass CHP,143370991.55251
capital,Link,DE0 1,urban central solid biomass CHP CC,85345012.86065
capital,Link,DE0 1,urban decentral air heat pump,51230638.25718
capital,Link,DE0 1,urban decentral biomass boiler,113551400.07198
capital,Link,DE0 1,urban decentral gas boiler,332607441.42014
capital,Link,DE0 1,urban decentral resistive heater,14704102.65229
capital,Link,DE0 1,waste CHP,3336.71111
capital,Link,DE0 2,CO2 pipeline,7568807.71384
capital,Link,DE0 2,Combined-Cycle Gas,1035663408.06484
capital,Link,DE0 2,EAF,1886.54217
capital,Link,DE0 2,H2 DRI,1665.80904
capital,Link,DE0 2,H2 Electrolysis,1016789308.44938
capital,Link,DE0 2,Haber-Bosch,2990.81134
capital,Link,DE0 2,Open-Cycle Gas,1291.13825
capital,Link,DE0 2,SMR,1578.26859
capital,Link,DE0 2,Sabatier,1108.37223
capital,Link,DE0 2,battery charger,8171.36249
capital,Link,DE0 2,biogas to gas,326507848.55226
capital,Link,DE0 2,biomass to liquid,1799.19865
capital,Link,DE0 2,biomass-to-methanol,3311.72927
capital,Link,DE0 2,electricity distribution grid,1404402196.07101
capital,Link,DE0 2,gas DRI,1593.54553
capital,Link,DE0 2,gas pipeline,30205086.21893
capital,Link,DE0 2,heat100-200 industry electric boiler steam,348.40797
capital,Link,DE0 2,heat100-200 industry gas,17369463.53261
capital,Link,DE0 2,heat100-200 industry industrial heat pump high temperature,339545683.54132
capital,Link,DE0 2,heat100-200 industry solid biomass,599.82273
capital,Link,DE0 2,heat200-500 industry gas,1625185.67574
capital,Link,DE0 2,heat200-500 industry hydrogen,52.93547
capital,Link,DE0 2,heat200-500 industry solid biomass,24459670.5451
capital,Link,DE0 2,heat<100 industry electric boiler steam,318.5602
capital,Link,DE0 2,heat<100 industry gas,11980616.10886
capital,Link,DE0 2,heat<100 industry industrial heat pump medium temperature,206261222.58518
capital,Link,DE0 2,heat<100 industry solid biomass,594.27291
capital,Link,DE0 2,heat>500 industry gas,1806572.67595
capital,Link,DE0 2,heat>500 industry hydrogen,33379847.49627
capital,Link,DE0 2,home battery charger,4284.53241
capital,Link,DE0 2,methanolisation,1599.14917
capital,Link,DE0 2,rural air heat pump,7218.84325
capital,Link,DE0 2,rural biomass boiler,63086082.1568
capital,Link,DE0 2,rural gas boiler,184787685.24291
capital,Link,DE0 2,rural ground heat pump,652412716.18594
capital,Link,DE0 2,rural resistive heater,184807.96483
capital,Link,DE0 2,urban central air heat pump,145335709.25801
capital,Link,DE0 2,urban central gas CHP,1432.94723
capital,Link,DE0 2,urban central gas boiler,26873024.83084
capital,Link,DE0 2,urban central resistive heater,23937325.9147
capital,Link,DE0 2,urban central solid biomass CHP,809465326.63523
capital,Link,DE0 2,urban central solid biomass CHP CC,70743.12082
capital,Link,DE0 2,urban decentral air heat pump,158432706.15427
capital,Link,DE0 2,urban decentral biomass boiler,685742325.15328
capital,Link,DE0 2,urban decentral gas boiler,2008632214.99812
capital,Link,DE0 2,urban decentral resistive heater,103168077.53539
capital,Link,DE0 2,waste CHP,6630.18465
capital,Link,DE0 3,CO2 pipeline,2621906.23523
capital,Link,DE0 3,Combined-Cycle Gas,350046764.94684
capital,Link,DE0 3,H2 Electrolysis,10682.83354
capital,Link,DE0 3,Haber-Bosch,1880.57882
capital,Link,DE0 3,Open-Cycle Gas,1112334.42689
capital,Link,DE0 3,SMR,1878.7314
capital,Link,DE0 3,Sabatier,748.75136
capital,Link,DE0 3,battery charger,44210823.17532
capital,Link,DE0 3,biogas to gas,317318199.43068
capital,Link,DE0 3,biomass to liquid,2146.55725
capital,Link,DE0 3,biomass-to-methanol,3971.37056
capital,Link,DE0 3,electricity distribution grid,577690409.8031
capital,Link,DE0 3,gas pipeline,3317522.45066
capital,Link,DE0 3,gas pipeline new,3781.24745
capital,Link,DE0 3,heat100-200 industry electric boiler steam,231.57646
capital,Link,DE0 3,heat100-200 industry gas,5277179.96587
capital,Link,DE0 3,heat100-200 industry industrial heat pump high temperature,103160052.44535
capital,Link,DE0 3,heat100-200 industry solid biomass,855.11403
capital,Link,DE0 3,heat200-500 industry gas,503287.49819
capital,Link,DE0 3,heat200-500 industry hydrogen,31.88993
capital,Link,DE0 3,heat200-500 industry solid biomass,7574944.1948
capital,Link,DE0 3,heat<100 industry electric boiler steam,218.35798
capital,Link,DE0 3,heat<100 industry gas,3348644.3099
capital,Link,DE0 3,heat<100 industry industrial heat pump medium temperature,57649737.01617
capital,Link,DE0 3,heat<100 industry solid biomass,1186.64785
capital,Link,DE0 3,heat>500 industry gas,1449321.32873
capital,Link,DE0 3,heat>500 industry hydrogen,138.73241
capital,Link,DE0 3,home battery charger,4076.18049
capital,Link,DE0 3,methanolisation,944.05751
capital,Link,DE0 3,rural air heat pump,6371.42408
capital,Link,DE0 3,rural biomass boiler,126342373.23973
capital,Link,DE0 3,rural gas boiler,370073935.50035
capital,Link,DE0 3,rural ground heat pump,814567392.27397
capital,Link,DE0 3,rural resistive heater,160741.98138
capital,Link,DE0 3,urban central air heat pump,9961697.86396
capital,Link,DE0 3,urban central gas CHP,1415.90508
capital,Link,DE0 3,urban central gas boiler,9686607.68893
capital,Link,DE0 3,urban central resistive heater,3914381.94456
capital,Link,DE0 3,urban central solid biomass CHP,325187450.39226
capital,Link,DE0 3,urban central solid biomass CHP CC,46931586.47864
capital,Link,DE0 3,urban decentral air heat pump,66612745.66225
capital,Link,DE0 3,urban decentral biomass boiler,211651890.74152
capital,Link,DE0 3,urban decentral gas boiler,619957075.00432
capital,Link,DE0 3,urban decentral resistive heater,21550727.0355
capital,Link,DE0 3,waste CHP,4629.84056
capital,Link,DE0 4,CO2 pipeline,4406969.51372
capital,Link,DE0 4,Combined-Cycle Gas,612159192.21054
capital,Link,DE0 4,EAF,1790.77155
capital,Link,DE0 4,H2 DRI,1563.18156
capital,Link,DE0 4,H2 Electrolysis,11749.16005
capital,Link,DE0 4,Haber-Bosch,1926.01333
capital,Link,DE0 4,Open-Cycle Gas,1291.43136
capital,Link,DE0 4,SMR,1875.74209
capital,Link,DE0 4,Sabatier,746.11121
capital,Link,DE0 4,battery charger,34674.86136
capital,Link,DE0 4,biogas to gas,297870699.51702
capital,Link,DE0 4,biomass to liquid,1844.41459
capital,Link,DE0 4,biomass-to-methanol,3400.54772
capital,Link,DE0 4,electricity distribution grid,1111002013.4167
capital,Link,DE0 4,gas DRI,1583.82752
capital,Link,DE0 4,gas pipeline,13851172.13292
capital,Link,DE0 4,heat100-200 industry electric boiler steam,299.98755
capital,Link,DE0 4,heat100-200 industry gas,13772757.2277
capital,Link,DE0 4,heat100-200 industry industrial heat pump high temperature,269236137.31465
capital,Link,DE0 4,heat100-200 industry solid biomass,648.35287
capital,Link,DE0 4,heat200-500 industry gas,1075766.22732
capital,Link,DE0 4,heat200-500 industry hydrogen,39.43944
capital,Link,DE0 4,heat200-500 industry solid biomass,16190856.95456
capital,Link,DE0 4,heat<100 industry electric boiler steam,271.44087
capital,Link,DE0 4,heat<100 industry gas,8892450.54532
capital,Link,DE0 4,heat<100 industry industrial heat pump medium temperature,153094290.74935
capital,Link,DE0 4,heat<100 industry solid biomass,671.83317
capital,Link,DE0 4,heat>500 industry gas,2208416.27127
capital,Link,DE0 4,heat>500 industry hydrogen,163.04675
capital,Link,DE0 4,home battery charger,4095.04665
capital,Link,DE0 4,methanolisation,958.93889
capital,Link,DE0 4,rural air heat pump,6917.11523
capital,Link,DE0 4,rural biomass boiler,49806808.37473
capital,Link,DE0 4,rural gas boiler,145890892.4797
capital,Link,DE0 4,rural ground heat pump,549062669.71826
capital,Link,DE0 4,rural resistive heater,92174.29649
capital,Link,DE0 4,urban central air heat pump,75353206.80301
capital,Link,DE0 4,urban central gas CHP,1423.715
capital,Link,DE0 4,urban central gas boiler,31330471.65018
capital,Link,DE0 4,urban central resistive heater,9190975.39958
capital,Link,DE0 4,urban central solid biomass CHP,850926784.53963
capital,Link,DE0 4,urban central solid biomass CHP CC,38814.61989
capital,Link,DE0 4,urban decentral air heat pump,136728184.34491
capital,Link,DE0 4,urban decentral biomass boiler,595839847.03718
capital,Link,DE0 4,urban decentral gas boiler,1745295671.33096
capital,Link,DE0 4,urban decentral resistive heater,63102098.2178
capital,Link,DE0 4,waste CHP,7096.36088
capital,Link,DE0 5,CO2 pipeline,733873.89341
capital,Link,DE0 5,Combined-Cycle Gas,370546471.52785
capital,Link,DE0 5,EAF,1693.53416
capital,Link,DE0 5,H2 DRI,1503.85042
capital,Link,DE0 5,H2 Electrolysis,471710316.07236
capital,Link,DE0 5,Haber-Bosch,2691.67974
capital,Link,DE0 5,Open-Cycle Gas,1291.3877
capital,Link,DE0 5,SMR,1635.05005
capital,Link,DE0 5,Sabatier,1035.94714
capital,Link,DE0 5,battery charger,10384.42199
capital,Link,DE0 5,biogas to gas,381529132.41227
capital,Link,DE0 5,biomass to liquid,1966.36636
capital,Link,DE0 5,biomass-to-methanol,3309.40049
capital,Link,DE0 5,electricity distribution grid,779962165.67599
capital,Link,DE0 5,gas DRI,1529.97218
capital,Link,DE0 5,gas pipeline,17413353.45327
capital,Link,DE0 5,heat100-200 industry electric boiler steam,298.91034
capital,Link,DE0 5,heat100-200 industry gas,10579154.52034
capital,Link,DE0 5,heat100-200 industry industrial heat pump high temperature,206806221.70915
capital,Link,DE0 5,heat100-200 industry solid biomass,547.85693
capital,Link,DE0 5,heat200-500 industry gas,956240.23119
capital,Link,DE0 5,heat200-500 industry hydrogen,50.76291
capital,Link,DE0 5,heat200-500 industry solid biomass,14391874.97107
capital,Link,DE0 5,heat<100 industry electric boiler steam,281.06693
capital,Link,DE0 5,heat<100 industry gas,7732867.60495
capital,Link,DE0 5,heat<100 industry industrial heat pump medium temperature,133130121.46484
capital,Link,DE0 5,heat<100 industry solid biomass,552.09501
capital,Link,DE0 5,heat>500 industry gas,1573917.06328
capital,Link,DE0 5,heat>500 industry hydrogen,15738907.35594
capital,Link,DE0 5,home battery charger,4258.79134
capital,Link,DE0 5,methanolisation,1577.96637
capital,Link,DE0 5,rural air heat pump,5893.96367
capital,Link,DE0 5,rural biomass boiler,234001503.84743
capital,Link,DE0 5,rural gas boiler,685422121.02907
capital,Link,DE0 5,rural ground heat pump,1460131154.35017
capital,Link,DE0 5,rural resistive heater,527866.79609
capital,Link,DE0 5,urban central air heat pump,40999319.23781
capital,Link,DE0 5,urban central gas CHP,1420.70741
capital,Link,DE0 5,urban central gas boiler,14735402.11735
capital,Link,DE0 5,urban central resistive heater,11401456.57573
capital,Link,DE0 5,urban central solid biomass CHP,386954137.89069
capital,Link,DE0 5,urban central solid biomass CHP CC,10874.58332
capital,Link,DE0 5,urban decentral air heat pump,109358762.62527
capital,Link,DE0 5,urban decentral biomass boiler,326041587.55027
capital,Link,DE0 5,urban decentral gas boiler,955020001.18809
capital,Link,DE0 5,urban decentral resistive heater,44877994.72542
capital,Link,DE0 5,waste CHP,6688.50669
capital,Link,DK0 0,CO2 pipeline,23282958.30135
capital,Link,DK0 0,Combined-Cycle Gas,81231815.00642
capital,Link,DK0 0,DC,180332203.15189
capital,Link,DK0 0,H2 Electrolysis,1601591560.86704
capital,Link,DK0 0,Haber-Bosch,229138739.45195
capital,Link,DK0 0,Open-Cycle Gas,1292.41297
capital,Link,DK0 0,SMR,1444.98173
capital,Link,DK0 0,Sabatier,1413.51487
capital,Link,DK0 0,battery charger,5978.20645
capital,Link,DK0 0,biogas to gas,170824735.01364
capital,Link,DK0 0,biomass to liquid,2169.05281
capital,Link,DK0 0,biomass-to-methanol,3765.03334
capital,Link,DK0 0,electricity distribution grid,247599168.8186
capital,Link,DK0 0,gas pipeline,42660271.15443
capital,Link,DK0 0,gas pipeline new,2554.91472
capital,Link,DK0 0,heat100-200 industry electric boiler steam,285.90323
capital,Link,DK0 0,heat100-200 industry gas,1147247.6044
capital,Link,DK0 0,heat100-200 industry industrial heat pump high temperature,22425596.44747
capital,Link,DK0 0,heat100-200 industry solid biomass,744.11501
capital,Link,DK0 0,heat200-500 industry gas,104852.34806
capital,Link,DK0 0,heat200-500 industry hydrogen,75.45389
capital,Link,DK0 0,heat200-500 industry solid biomass,1578785.93388
capital,Link,DK0 0,heat<100 industry electric boiler steam,298.40553
capital,Link,DK0 0,heat<100 industry gas,979792.19159
capital,Link,DK0 0,heat<100 industry industrial heat pump medium temperature,16867583.80878
capital,Link,DK0 0,heat<100 industry solid biomass,829.78687
capital,Link,DK0 0,heat>500 industry gas,12.16206
capital,Link,DK0 0,heat>500 industry hydrogen,2957198.82267
capital,Link,DK0 0,home battery charger,4642.60405
capital,Link,DK0 0,methanolisation,163567672.68156
capital,Link,DK0 0,rural air heat pump,9428.62753
capital,Link,DK0 0,rural biomass boiler,33101606.15028
capital,Link,DK0 0,rural gas boiler,21672343.61559
capital,Link,DK0 0,rural ground heat pump,186349265.36748
capital,Link,DK0 0,rural resistive heater,1066328.36874
capital,Link,DK0 0,urban central air heat pump,220578565.01809
capital,Link,DK0 0,urban central gas CHP,1417.21371
capital,Link,DK0 0,urban central gas boiler,22655322.64243
capital,Link,DK0 0,urban central resistive heater,3222961.42477
capital,Link,DK0 0,urban central solid biomass CHP,105968631.58888
capital,Link,DK0 0,urban central solid biomass CHP CC,9257.14422
capital,Link,DK0 0,urban decentral air heat pump,211827771.90573
capital,Link,DK0 0,urban decentral biomass boiler,166910189.34718
capital,Link,DK0 0,urban decentral gas boiler,109279741.89688
capital,Link,DK0 0,urban decentral resistive heater,11338014.38661
capital,Link,DK0 0,waste CHP,3406.36103
capital,Link,DK1 0,CO2 pipeline,119982501.3864
capital,Link,DK1 0,Combined-Cycle Gas,108770721.48111
capital,Link,DK1 0,DC,20024525.49238
capital,Link,DK1 0,H2 Electrolysis,1492537156.12852
capital,Link,DK1 0,Haber-Bosch,115834409.76237
capital,Link,DK1 0,Open-Cycle Gas,1290.97021
capital,Link,DK1 0,SMR,1461.40123
capital,Link,DK1 0,Sabatier,1451.88398
capital,Link,DK1 0,battery charger,5300.83997
capital,Link,DK1 0,biogas to gas,51225792.32052
capital,Link,DK1 0,biomass to liquid,1785.84066
capital,Link,DK1 0,biomass-to-methanol,2720.99143
capital,Link,DK1 0,electricity distribution grid,189653702.40623
capital,Link,DK1 0,heat100-200 industry electric boiler steam,373.32035
capital,Link,DK1 0,heat100-200 industry gas,502302.85795
capital,Link,DK1 0,heat100-200 industry industrial heat pump high temperature,9818794.16641
capital,Link,DK1 0,heat100-200 industry solid biomass,552.88372
capital,Link,DK1 0,heat200-500 industry gas,60818.28798
capital,Link,DK1 0,heat200-500 industry hydrogen,112.42549
capital,Link,DK1 0,heat200-500 industry solid biomass,916119.48423
capital,Link,DK1 0,heat<100 industry electric boiler steam,389.75796
capital,Link,DK1 0,heat<100 industry gas,458925.09342
capital,Link,DK1 0,heat<100 industry industrial heat pump medium temperature,7900091.68933
capital,Link,DK1 0,heat<100 industry solid biomass,586.4844
capital,Link,DK1 0,heat>500 industry gas,24.91439
capital,Link,DK1 0,heat>500 industry hydrogen,315417.71965
capital,Link,DK1 0,home battery charger,6328.9328
capital,Link,DK1 0,methanolisation,241290058.93643
capital,Link,DK1 0,rural air heat pump,9566.21301
capital,Link,DK1 0,rural biomass boiler,13346304.31157
capital,Link,DK1 0,rural gas boiler,8738116.56526
capital,Link,DK1 0,rural ground heat pump,92361619.56106
capital,Link,DK1 0,rural resistive heater,426960.43192
capital,Link,DK1 0,urban central air heat pump,134589278.83033
capital,Link,DK1 0,urban central gas CHP,1440.07941
capital,Link,DK1 0,urban central gas boiler,14745047.53385
capital,Link,DK1 0,urban central resistive heater,1561803.21254
capital,Link,DK1 0,urban central solid biomass CHP,4428.1007
capital,Link,DK1 0,urban central solid biomass CHP CC,3179.81948
capital,Link,DK1 0,urban decentral air heat pump,144104430.5682
capital,Link,DK1 0,urban decentral biomass boiler,115903953.03065
capital,Link,DK1 0,urban decentral gas boiler,75884846.34495
capital,Link,DK1 0,urban decentral resistive heater,8520718.55453
capital,Link,DK1 0,waste CHP,3121.5622
capital,Link,EE0 0,CO2 pipeline,10002.16923
capital,Link,EE0 0,Combined-Cycle Gas,22634261.19737
capital,Link,EE0 0,DC,45728772.79243
capital,Link,EE0 0,H2 Electrolysis,5875930.563
capital,Link,EE0 0,Haber-Bosch,9124.27422
capital,Link,EE0 0,Open-Cycle Gas,1292.75292
capital,Link,EE0 0,SMR,1799.43785
capital,Link,EE0 0,Sabatier,1176.87026
capital,Link,EE0 0,battery charger,4343.69102
capital,Link,EE0 0,biogas to gas,29995747.59898
capital,Link,EE0 0,biomass to liquid,111933642.74894
capital,Link,EE0 0,biomass-to-methanol,113484201.5305
capital,Link,EE0 0,electricity distribution grid,81518471.3763
capital,Link,EE0 0,gas pipeline new,2528808.95383
capital,Link,EE0 0,heat100-200 industry electric boiler steam,420.52961
capital,Link,EE0 0,heat100-200 industry gas,390688.98802
capital,Link,EE0 0,heat100-200 industry industrial heat pump high temperature,16092.13634
capital,Link,EE0 0,heat100-200 industry solid biomass,6260327.31078
capital,Link,EE0 0,heat200-500 industry gas,25176.90876
capital,Link,EE0 0,heat200-500 industry hydrogen,53.75792
capital,Link,EE0 0,heat200-500 industry solid biomass,379809.07562
capital,Link,EE0 0,heat<100 industry electric boiler steam,439.74899
capital,Link,EE0 0,heat<100 industry gas,353482.57287
capital,Link,EE0 0,heat<100 industry industrial heat pump medium temperature,9293.58596
capital,Link,EE0 0,heat<100 industry solid biomass,5667351.78746
capital,Link,EE0 0,heat>500 industry gas,547.5854
capital,Link,EE0 0,heat>500 industry hydrogen,352870.90843
capital,Link,EE0 0,home battery charger,5411.31887
capital,Link,EE0 0,methanolisation,5780.90343
capital,Link,EE0 0,rural air heat pump,3632.51606
capital,Link,EE0 0,rural biomass boiler,116113701.34955
capital,Link,EE0 0,rural gas boiler,8170029.12065
capital,Link,EE0 0,rural ground heat pump,81582076.39725
capital,Link,EE0 0,rural resistive heater,1113106.72656
capital,Link,EE0 0,urban central air heat pump,5209.25415
capital,Link,EE0 0,urban central gas CHP,1427.37102
capital,Link,EE0 0,urban central gas boiler,6864998.01525
capital,Link,EE0 0,urban central resistive heater,2569265.04859
capital,Link,EE0 0,urban central solid biomass CHP,108010639.06519
capital,Link,EE0 0,urban central solid biomass CHP CC,21537563.68216
capital,Link,EE0 0,urban decentral air heat pump,79927974.20765
capital,Link,EE0 0,urban decentral biomass boiler,120646504.9343
capital,Link,EE0 0,urban decentral gas boiler,8488967.68565
capital,Link,EE0 0,urban decentral resistive heater,3344079.17439
capital,Link,EE0 0,waste CHP,2524.28423
capital,Link,ES0 0,CO2 pipeline,177909.61047
capital,Link,ES0 0,Combined-Cycle Gas,1990312537.55515
capital,Link,ES0 0,DC,22990955.73546
capital,Link,ES0 0,EAF,1853.61166
capital,Link,ES0 0,H2 DRI,1643.07587
capital,Link,ES0 0,H2 Electrolysis,763247689.62693
capital,Link,ES0 0,Haber-Bosch,59835015.26609
capital,Link,ES0 0,Open-Cycle Gas,1293.97013
capital,Link,ES0 0,SMR,5740.12122
capital,Link,ES0 0,Sabatier,1319.09498
capital,Link,ES0 0,battery charger,572343243.87297
capital,Link,ES0 0,biogas to gas,481205662.21885
capital,Link,ES0 0,biomass to liquid,1791.7495
capital,Link,ES0 0,biomass-to-methanol,3407.32823
capital,Link,ES0 0,electricity distribution grid,2119461393.44022
capital,Link,ES0 0,gas DRI,1582.07885
capital,Link,ES0 0,gas pipeline,16166939.51152
capital,Link,ES0 0,gas pipeline new,2536.97894
capital,Link,ES0 0,heat100-200 industry electric boiler steam,400.02678
capital,Link,ES0 0,heat100-200 industry gas,20414204.54213
capital,Link,ES0 0,heat100-200 industry industrial heat pump high temperature,399066187.21791
capital,Link,ES0 0,heat100-200 industry solid biomass,668.35287
capital,Link,ES0 0,heat200-500 industry gas,2176717.22538
capital,Link,ES0 0,heat200-500 industry hydrogen,52.31871
capital,Link,ES0 0,heat200-500 industry solid biomass,32760078.13166
capital,Link,ES0 0,heat<100 industry electric boiler steam,295.52874
capital,Link,ES0 0,heat<100 industry gas,6312766.77677
capital,Link,ES0 0,heat<100 industry industrial heat pump medium temperature,108681880.31088
capital,Link,ES0 0,heat<100 industry solid biomass,572.46073
capital,Link,ES0 0,heat>500 industry gas,3404184.34868
capital,Link,ES0 0,heat>500 industry hydrogen,34040293.26861
capital,Link,ES0 0,home battery charger,4297.72225
capital,Link,ES0 0,methanolisation,5104.708
capital,Link,ES0 0,rural air heat pump,7559.91362
capital,Link,ES0 0,rural biomass boiler,150348546.93644
capital,Link,ES0 0,rural gas boiler,343717956.87443
capital,Link,ES0 0,rural ground heat pump,1082309524.97011
capital,Link,ES0 0,rural resistive heater,64678087.95698
capital,Link,ES0 0,urban central air heat pump,58691869.34149
capital,Link,ES0 0,urban central gas CHP,1450.31171
capital,Link,ES0 0,urban central gas boiler,10213584.26898
capital,Link,ES0 0,urban central resistive heater,3909084.20009
capital,Link,ES0 0,urban central solid biomass CHP,316574087.90461
capital,Link,ES0 0,urban central solid biomass CHP CC,5943.51634
capital,Link,ES0 0,urban decentral air heat pump,728926207.53296
capital,Link,ES0 0,urban decentral biomass boiler,401748551.47694
capital,Link,ES0 0,urban decentral gas boiler,918453780.26362
capital,Link,ES0 0,urban decentral resistive heater,170540519.13469
capital,Link,ES0 0,waste CHP,5515.03538
capital,Link,ES6 0,Combined-Cycle Gas,972176648.20485
capital,Link,ES6 0,H2 Electrolysis,79822601.31369
capital,Link,ES6 0,Haber-Bosch,35439458.11939
capital,Link,ES6 0,Open-Cycle Gas,1290.89425
capital,Link,ES6 0,SMR,1431.16781
capital,Link,ES6 0,Sabatier,1429.51841
capital,Link,ES6 0,battery charger,4241.44708
capital,Link,ES6 0,biogas to gas,2786290.43535
capital,Link,ES6 0,biomass to liquid,1950.65014
capital,Link,ES6 0,biomass-to-methanol,3405.30073
capital,Link,ES6 0,electricity distribution grid,85435055.93244
capital,Link,ES6 0,gas pipeline,10706829.76057
capital,Link,ES6 0,gas pipeline new,124994.52698
capital,Link,ES6 0,heat100-200 industry electric boiler steam,592.50597
capital,Link,ES6 0,heat100-200 industry gas,179836.79499
capital,Link,ES6 0,heat100-200 industry industrial heat pump high temperature,3514524.94976
capital,Link,ES6 0,heat100-200 industry solid biomass,1026.52605
capital,Link,ES6 0,heat200-500 industry gas,16789.03089
capital,Link,ES6 0,heat200-500 industry hydrogen,89.85552
capital,Link,ES6 0,heat200-500 industry solid biomass,253502.4195
capital,Link,ES6 0,heat<100 industry electric boiler steam,732.59819
capital,Link,ES6 0,heat<100 industry gas,62016.47826
capital,Link,ES6 0,heat<100 industry industrial heat pump medium temperature,1066541.39164
capital,Link,ES6 0,heat<100 industry solid biomass,1077.47526
capital,Link,ES6 0,heat>500 industry gas,24.29572
capital,Link,ES6 0,heat>500 industry hydrogen,147702.46869
capital,Link,ES6 0,home battery charger,7914.65064
capital,Link,ES6 0,methanolisation,223848.71593
capital,Link,ES6 0,rural air heat pump,15141.53043
capital,Link,ES6 0,rural biomass boiler,2284593.40544
capital,Link,ES6 0,rural gas boiler,5222902.33998
capital,Link,ES6 0,rural ground heat pump,15099980.55592
capital,Link,ES6 0,rural resistive heater,980342.91566
capital,Link,ES6 0,urban central air heat pump,2705969.16588
capital,Link,ES6 0,urban central gas CHP,1419.81741
capital,Link,ES6 0,urban central gas boiler,781500.40113
capital,Link,ES6 0,urban central resistive heater,284016.70944
capital,Link,ES6 0,urban central solid biomass CHP,5652.77254
capital,Link,ES6 0,urban central solid biomass CHP CC,4837.75571
capital,Link,ES6 0,urban decentral air heat pump,6071412.85744
capital,Link,ES6 0,urban decentral biomass boiler,16331849.79431
capital,Link,ES6 0,urban decentral gas boiler,37336909.18644
capital,Link,ES6 0,urban decentral resistive heater,6936706.11465
capital,Link,ES6 0,waste CHP,2614.89632
capital,Link,EU,BOF,15784842687.94521
capital,Link,EU,OCGT methanol,64503.23356
capital,Link,EU,ammonia cracker,77574.51467
capital,Link,EU,coal,20296285875.88247
capital,Link,EU,lignite,17957030907.85671
capital,Link,EU,nuclear,76509097852.66687
capital,Link,EU,oil,96031.29094
capital,Link,EU,rural oil boiler,1283100906.1847
capital,Link,EU,urban decentral oil boiler,2788316961.51102
capital,Link,FI1 0,CO2 pipeline,11737449.05891
capital,Link,FI1 0,Combined-Cycle Gas,283933825.86966
capital,Link,FI1 0,DC,39460326.07501
capital,Link,FI1 0,EAF,1768.78897
capital,Link,FI1 0,H2 DRI,1590.64065
capital,Link,FI1 0,H2 Electrolysis,49956978.95077
capital,Link,FI1 0,Haber-Bosch,9069.94565
capital,Link,FI1 0,Open-Cycle Gas,1292.13961
capital,Link,FI1 0,SMR,1572.36668
capital,Link,FI1 0,Sabatier,1405.16138
capital,Link,FI1 0,battery charger,4048.62608
capital,Link,FI1 0,biogas to gas,79629493.31664
capital,Link,FI1 0,biomass to liquid,2250.45222
capital,Link,FI1 0,biomass-to-methanol,4900.7998
capital,Link,FI1 0,electricity distribution grid,825047803.60602
capital,Link,FI1 0,gas DRI,1528.38524
capital,Link,FI1 0,heat100-200 industry electric boiler steam,356.39848
capital,Link,FI1 0,heat100-200 industry gas,1643326.6672
capital,Link,FI1 0,heat100-200 industry industrial heat pump high temperature,32123130.13539
capital,Link,FI1 0,heat100-200 industry solid biomass,1047.86559
capital,Link,FI1 0,heat200-500 industry gas,316658.14307
capital,Link,FI1 0,heat200-500 industry hydrogen,49.53445
capital,Link,FI1 0,heat200-500 industry solid biomass,4766136.18768
capital,Link,FI1 0,heat<100 industry electric boiler steam,398.7199
capital,Link,FI1 0,heat<100 industry gas,8594795.72356
capital,Link,FI1 0,heat<100 industry industrial heat pump medium temperature,147969508.23086
capital,Link,FI1 0,heat<100 industry solid biomass,780.56637
capital,Link,FI1 0,heat>500 industry gas,21.51474
capital,Link,FI1 0,heat>500 industry hydrogen,3020028.418
capital,Link,FI1 0,home battery charger,5655.66699
capital,Link,FI1 0,methanolisation,11472.85262
capital,Link,FI1 0,rural air heat pump,3854.05492
capital,Link,FI1 0,rural biomass boiler,177969373.67851
capital,Link,FI1 0,rural gas boiler,2698.26743
capital,Link,FI1 0,rural ground heat pump,489134420.33493
capital,Link,FI1 0,rural resistive heater,20778276.74313
capital,Link,FI1 0,urban central air heat pump,24136740.64227
capital,Link,FI1 0,urban central gas CHP,1432.45701
capital,Link,FI1 0,urban central gas boiler,61731653.47061
capital,Link,FI1 0,urban central resistive heater,21676924.04544
capital,Link,FI1 0,urban central solid biomass CHP,708826508.44946
capital,Link,FI1 0,urban central solid biomass CHP CC,70450241.42684
capital,Link,FI1 0,urban decentral air heat pump,728179172.86022
capital,Link,FI1 0,urban decentral biomass boiler,607077252.34148
capital,Link,FI1 0,urban decentral gas boiler,2600.49827
capital,Link,FI1 0,urban decentral resistive heater,82029690.70514
capital,Link,FI1 0,waste CHP,3657.99531
capital,Link,FR0 0,CO2 pipeline,37685422.21982
capital,Link,FR0 0,Combined-Cycle Gas,373570069.74416
capital,Link,FR0 0,EAF,1903.24053
capital,Link,FR0 0,H2 DRI,1683.89091
capital,Link,FR0 0,H2 Electrolysis,200754546.83132
capital,Link,FR0 0,Haber-Bosch,4779111.75502
capital,Link,FR0 0,Open-Cycle Gas,1291.37785
capital,Link,FR0 0,SMR,70232.87156
capital,Link,FR0 0,Sabatier,1203.67751
capital,Link,FR0 0,battery charger,5027.16967
capital,Link,FR0 0,biogas to gas,367822295.43745
capital,Link,FR0 0,biomass to liquid,1866.18681
capital,Link,FR0 0,biomass-to-methanol,3209.35448
capital,Link,FR0 0,electricity distribution grid,1830937643.8771
capital,Link,FR0 0,gas DRI,1598.49578
capital,Link,FR0 0,gas pipeline,68453861.2305
capital,Link,FR0 0,heat100-200 industry electric boiler steam,338.03931
capital,Link,FR0 0,heat100-200 industry gas,9593181.78063
capital,Link,FR0 0,heat100-200 industry industrial heat pump high temperature,187531751.18802
capital,Link,FR0 0,heat100-200 industry solid biomass,452.96402
capital,Link,FR0 0,heat200-500 industry gas,866068.75584
capital,Link,FR0 0,heat200-500 industry hydrogen,41.97068
capital,Link,FR0 0,heat200-500 industry solid biomass,13034824.62777
capital,Link,FR0 0,heat<100 industry electric boiler steam,314.85524
capital,Link,FR0 0,heat<100 industry gas,6740644.44364
capital,Link,FR0 0,heat<100 industry industrial heat pump medium temperature,116048440.40401
capital,Link,FR0 0,heat<100 industry solid biomass,449.43604
capital,Link,FR0 0,heat>500 industry gas,1139365.87217
capital,Link,FR0 0,heat>500 industry hydrogen,11393578.90721
capital,Link,FR0 0,home battery charger,13826.75684
capital,Link,FR0 0,methanolisation,4208.62837
capital,Link,FR0 0,rural air heat pump,6676.7069
capital,Link,FR0 0,rural biomass boiler,136134288.19701
capital,Link,FR0 0,rural gas boiler,167895791.40835
capital,Link,FR0 0,rural ground heat pump,875325456.27557
capital,Link,FR0 0,rural resistive heater,25213156.8509
capital,Link,FR0 0,urban central air heat pump,81692887.22655
capital,Link,FR0 0,urban central gas CHP,1493.18868
capital,Link,FR0 0,urban central gas boiler,52623728.01767
capital,Link,FR0 0,urban central resistive heater,22793341.94461
capital,Link,FR0 0,urban central solid biomass CHP,801966969.26713
capital,Link,FR0 0,urban central solid biomass CHP CC,7193.21909
capital,Link,FR0 0,urban decentral air heat pump,2449002707.51313
capital,Link,FR0 0,urban decentral biomass boiler,980162562.94722
capital,Link,FR0 0,urban decentral gas boiler,1208844380.01913
capital,Link,FR0 0,urban decentral resistive heater,188555737.76439
capital,Link,FR0 0,waste CHP,6399.97497
capital,Link,FR0 1,CO2 pipeline,12553.60147
capital,Link,FR0 1,Combined-Cycle Gas,245413749.63613
capital,Link,FR0 1,EAF,1859.22627
capital,Link,FR0 1,H2 DRI,1640.40249
capital,Link,FR0 1,H2 Electrolysis,229238083.98851
capital,Link,FR0 1,Haber-Bosch,61257.17593
capital,Link,FR0 1,Open-Cycle Gas,1291.84265
capital,Link,FR0 1,SMR,2694.2255
capital,Link,FR0 1,Sabatier,1396.29151
capital,Link,FR0 1,battery charger,5768.2016
capital,Link,FR0 1,biogas to gas,99603301.34594
capital,Link,FR0 1,biomass to liquid,1920.56856
capital,Link,FR0 1,biomass-to-methanol,3241.83006
capital,Link,FR0 1,electricity distribution grid,1099931939.69942
capital,Link,FR0 1,gas DRI,1591.26582
capital,Link,FR0 1,gas pipeline,21926857.87791
capital,Link,FR0 1,heat100-200 industry electric boiler steam,285.83636
capital,Link,FR0 1,heat100-200 industry gas,6312766.76384
capital,Link,FR0 1,heat100-200 industry industrial heat pump high temperature,123404698.69117
capital,Link,FR0 1,heat100-200 industry solid biomass,447.93946
capital,Link,FR0 1,heat200-500 industry gas,639597.59454
capital,Link,FR0 1,heat200-500 industry hydrogen,39.06271
capital,Link,FR0 1,heat200-500 industry solid biomass,9626336.71959
capital,Link,FR0 1,heat<100 industry electric boiler steam,273.82169
capital,Link,FR0 1,heat<100 industry gas,4843117.15489
capital,Link,FR0 1,heat<100 industry industrial heat pump medium temperature,83379672.93595
capital,Link,FR0 1,heat<100 industry solid biomass,471.28946
capital,Link,FR0 1,heat>500 industry gas,1077620.07769
capital,Link,FR0 1,heat>500 industry hydrogen,10776147.93392
capital,Link,FR0 1,home battery charger,7281.2371
capital,Link,FR0 1,methanolisation,7100.11587
capital,Link,FR0 1,rural air heat pump,6984.68065
capital,Link,FR0 1,rural biomass boiler,112752538.95144
capital,Link,FR0 1,rural gas boiler,139058844.11102
capital,Link,FR0 1,rural ground heat pump,655212513.45922
capital,Link,FR0 1,rural resistive heater,21567358.85437
capital,Link,FR0 1,urban central air heat pump,49031616.69597
capital,Link,FR0 1,urban central gas CHP,1461.57933
capital,Link,FR0 1,urban central gas boiler,18514259.96103
capital,Link,FR0 1,urban central resistive heater,8915823.51961
capital,Link,FR0 1,urban central solid biomass CHP,469184752.75482
capital,Link,FR0 1,urban central solid biomass CHP CC,6675.02867
capital,Link,FR0 1,urban decentral air heat pump,1233200352.06802
capital,Link,FR0 1,urban decentral biomass boiler,470247529.49717
capital,Link,FR0 1,urban decentral gas boiler,579961023.54824
capital,Link,FR0 1,urban decentral resistive heater,90236342.97561
capital,Link,FR0 1,waste CHP,6629.31042
capital,Link,FR0 2,CO2 pipeline,24605.95745
capital,Link,FR0 2,Combined-Cycle Gas,17206216.35242
capital,Link,FR0 2,DC,78516758.93583
capital,Link,FR0 2,H2 Electrolysis,68451.18968
capital,Link,FR0 2,Haber-Bosch,5580.45886
capital,Link,FR0 2,Open-Cycle Gas,1292.12467
capital,Link,FR0 2,SMR,7529.04334
capital,Link,FR0 2,Sabatier,995.34847
capital,Link,FR0 2,battery charger,5409.32679
capital,Link,FR0 2,biogas to gas,180583738.65285
capital,Link,FR0 2,biomass to liquid,4555.23057
capital,Link,FR0 2,biomass-to-methanol,12019.56734
capital,Link,FR0 2,electricity distribution grid,746516812.23838
capital,Link,FR0 2,gas pipeline,64004471.04187
capital,Link,FR0 2,heat100-200 industry electric boiler steam,268.32362
capital,Link,FR0 2,heat100-200 industry gas,3534673.92068
capital,Link,FR0 2,heat100-200 industry industrial heat pump high temperature,28927858.41958
capital,Link,FR0 2,heat100-200 industry solid biomass,32991593.14989
capital,Link,FR0 2,heat200-500 industry gas,320853.2078
capital,Link,FR0 2,heat200-500 industry hydrogen,33.35087
capital,Link,FR0 2,heat200-500 industry solid biomass,4829254.22559
capital,Link,FR0 2,heat<100 industry electric boiler steam,255.69441
capital,Link,FR0 2,heat<100 industry gas,2232451.48451
capital,Link,FR0 2,heat<100 industry industrial heat pump medium temperature,7030.4544
capital,Link,FR0 2,heat<100 industry solid biomass,35835018.78622
capital,Link,FR0 2,heat>500 industry gas,843125.02323
capital,Link,FR0 2,heat>500 industry hydrogen,2712.34967
capital,Link,FR0 2,home battery charger,8370.72033
capital,Link,FR0 2,methanolisation,2414.9979
capital,Link,FR0 2,rural air heat pump,6497.86373
capital,Link,FR0 2,rural biomass boiler,327709430.24644
capital,Link,FR0 2,rural gas boiler,404167347.34442
capital,Link,FR0 2,rural ground heat pump,827053169.00886
capital,Link,FR0 2,rural resistive heater,65959836.50137
capital,Link,FR0 2,urban central air heat pump,4539.9434
capital,Link,FR0 2,urban central gas CHP,1490.72673
capital,Link,FR0 2,urban central gas boiler,10777756.18288
capital,Link,FR0 2,urban central resistive heater,2782255.95688
capital,Link,FR0 2,urban central solid biomass CHP,249979690.63349
capital,Link,FR0 2,urban central solid biomass CHP CC,43499623.99227
capital,Link,FR0 2,urban decentral air heat pump,868924008.20982
capital,Link,FR0 2,urban decentral biomass boiler,217137873.43189
capital,Link,FR0 2,urban decentral gas boiler,267798330.51181
capital,Link,FR0 2,urban decentral resistive heater,40479553.83753
capital,Link,FR0 2,waste CHP,2945.7574
capital,Link,FR0 3,CO2 pipeline,53077.05426
capital,Link,FR0 3,Combined-Cycle Gas,169651998.07469
capital,Link,FR0 3,DC,49492073.28417
capital,Link,FR0 3,H2 Electrolysis,165908565.45028
capital,Link,FR0 3,Haber-Bosch,44151198.53814
capital,Link,FR0 3,Open-Cycle Gas,1293.07936
capital,Link,FR0 3,SMR,6974.13342
capital,Link,FR0 3,Sabatier,1178.4957
capital,Link,FR0 3,battery charger,5011.02831
capital,Link,FR0 3,biogas to gas,409102363.31374
capital,Link,FR0 3,biomass to liquid,1918.01299
capital,Link,FR0 3,biomass-to-methanol,3127.83637
capital,Link,FR0 3,electricity distribution grid,776505688.68127
capital,Link,FR0 3,gas pipeline,21884890.96173
capital,Link,FR0 3,heat100-200 industry electric boiler steam,285.07696
capital,Link,FR0 3,heat100-200 industry gas,3435462.84207
capital,Link,FR0 3,heat100-200 industry industrial heat pump high temperature,67157176.54469
capital,Link,FR0 3,heat100-200 industry solid biomass,400.77875
capital,Link,FR0 3,heat200-500 industry gas,289393.87487
capital,Link,FR0 3,heat200-500 industry hydrogen,46.25994
capital,Link,FR0 3,heat200-500 industry solid biomass,4355856.29543
capital,Link,FR0 3,heat<100 industry electric boiler steam,284.55855
capital,Link,FR0 3,heat<100 industry gas,2536287.77256
capital,Link,FR0 3,heat<100 industry industrial heat pump medium temperature,43664739.18247
capital,Link,FR0 3,heat<100 industry solid biomass,434.80719
capital,Link,FR0 3,heat>500 industry gas,418199.23464
capital,Link,FR0 3,heat>500 industry hydrogen,4182650.37108
capital,Link,FR0 3,home battery charger,13630.13056
capital,Link,FR0 3,methanolisation,8519.32316
capital,Link,FR0 3,rural air heat pump,7421.02558
capital,Link,FR0 3,rural biomass boiler,108854511.3977
capital,Link,FR0 3,rural gas boiler,134251367.39274
capital,Link,FR0 3,rural ground heat pump,371775669.99102
capital,Link,FR0 3,rural resistive heater,20897116.51325
capital,Link,FR0 3,urban central air heat pump,41795003.60374
capital,Link,FR0 3,urban central gas CHP,1508.0822
capital,Link,FR0 3,urban central gas boiler,24480871.35752
capital,Link,FR0 3,urban central resistive heater,8725149.92623
capital,Link,FR0 3,urban central solid biomass CHP,294527533.31498
capital,Link,FR0 3,urban central solid biomass CHP CC,5948.24804
capital,Link,FR0 3,urban decentral air heat pump,1099350126.20896
capital,Link,FR0 3,urban decentral biomass boiler,415638409.3504
capital,Link,FR0 3,urban decentral gas boiler,512611044.59299
capital,Link,FR0 3,urban decentral resistive heater,79156938.08352
capital,Link,FR0 3,waste CHP,5738.22404
capital,Link,FR0 4,CO2 pipeline,7346.49682
capital,Link,FR0 4,Combined-Cycle Gas,128155890.34493
capital,Link,FR0 4,H2 Electrolysis,288545827.03597
capital,Link,FR0 4,Haber-Bosch,49864633.56401
capital,Link,FR0 4,Open-Cycle Gas,1290.74251
capital,Link,FR0 4,SMR,2186.1689
capital,Link,FR0 4,Sabatier,1479.56007
capital,Link,FR0 4,battery charger,5324.36886
capital,Link,FR0 4,biogas to gas,154995987.93124
capital,Link,FR0 4,biomass to liquid,4488.50842
capital,Link,FR0 4,biomass-to-methanol,11128.00198
capital,Link,FR0 4,electricity distribution grid,585960462.53865
capital,Link,FR0 4,gas pipeline,93289786.40961
capital,Link,FR0 4,heat100-200 industry electric boiler steam,281.1312
capital,Link,FR0 4,heat100-200 industry gas,4979562.79534
capital,Link,FR0 4,heat100-200 industry industrial heat pump high temperature,97336883.9989
capital,Link,FR0 4,heat100-200 industry solid biomass,4845.41213
capital,Link,FR0 4,heat200-500 industry gas,390056.36218
capital,Link,FR0 4,heat200-500 industry hydrogen,35.18617
capital,Link,FR0 4,heat200-500 industry solid biomass,5870711.25097
capital,Link,FR0 4,heat<100 industry electric boiler steam,272.23682
capital,Link,FR0 4,heat<100 industry gas,3348644.35294
capital,Link,FR0 4,heat<100 industry industrial heat pump medium temperature,52566975.74035
capital,Link,FR0 4,heat<100 industry solid biomass,4745794.4613
capital,Link,FR0 4,heat>500 industry gas,665421.51549
capital,Link,FR0 4,heat>500 industry hydrogen,8747576.0906
capital,Link,FR0 4,home battery charger,12708.39425
capital,Link,FR0 4,methanolisation,284329.98165
capital,Link,FR0 4,rural air heat pump,5879.26625
capital,Link,FR0 4,rural biomass boiler,171871655.89474
capital,Link,FR0 4,rural gas boiler,211971047.62725
capital,Link,FR0 4,rural ground heat pump,760830730.46733
capital,Link,FR0 4,rural resistive heater,34403723.25947
capital,Link,FR0 4,urban central air heat pump,3790.15606
capital,Link,FR0 4,urban central gas CHP,1442.06408
capital,Link,FR0 4,urban central gas boiler,7048260.14277
capital,Link,FR0 4,urban central resistive heater,2599569.46466
capital,Link,FR0 4,urban central solid biomass CHP,214419193.55584
capital,Link,FR0 4,urban central solid biomass CHP CC,15412176.62586
capital,Link,FR0 4,urban decentral air heat pump,619542710.96384
capital,Link,FR0 4,urban decentral biomass boiler,177380645.52345
capital,Link,FR0 4,urban decentral gas boiler,218765340.12934
capital,Link,FR0 4,urban decentral resistive heater,33657855.78168
capital,Link,FR0 4,waste CHP,2847.26961
capital,Link,FR5 0,CO2 pipeline,5395.84605
capital,Link,FR5 0,Combined-Cycle Gas,24206089.28021
capital,Link,FR5 0,DC,11220855.84172
capital,Link,FR5 0,H2 Electrolysis,43705.66919
capital,Link,FR5 0,Haber-Bosch,5105.87389
capital,Link,FR5 0,Open-Cycle Gas,1295.59226
capital,Link,FR5 0,SMR,5912.98771
capital,Link,FR5 0,Sabatier,948.15328
capital,Link,FR5 0,battery charger,23033219.44183
capital,Link,FR5 0,biogas to gas,1972262.2875
capital,Link,FR5 0,biomass to liquid,1835.48551
capital,Link,FR5 0,biomass-to-methanol,3223.58935
capital,Link,FR5 0,electricity distribution grid,40988103.1293
capital,Link,FR5 0,gas pipeline new,2901409.19805
capital,Link,FR5 0,heat100-200 industry electric boiler steam,408.10792
capital,Link,FR5 0,heat100-200 industry gas,55816.03023
capital,Link,FR5 0,heat100-200 industry industrial heat pump high temperature,1089875.66626
capital,Link,FR5 0,heat100-200 industry solid biomass,1344.38459
capital,Link,FR5 0,heat200-500 industry gas,6295.97516
capital,Link,FR5 0,heat200-500 industry hydrogen,60.46673
capital,Link,FR5 0,heat200-500 industry solid biomass,95660.68534
capital,Link,FR5 0,heat<100 industry electric boiler steam,426.89386
capital,Link,FR5 0,heat<100 industry gas,43422.19623
capital,Link,FR5 0,heat<100 industry industrial heat pump medium temperature,746249.15514
capital,Link,FR5 0,heat<100 industry solid biomass,1490.11795
capital,Link,FR5 0,heat>500 industry gas,2199.48075
capital,Link,FR5 0,heat>500 industry hydrogen,1307.16229
capital,Link,FR5 0,home battery charger,130480.45003
capital,Link,FR5 0,methanolisation,1930.82729
capital,Link,FR5 0,rural air heat pump,9085.13766
capital,Link,FR5 0,rural biomass boiler,19552049.29846
capital,Link,FR5 0,rural gas boiler,24113739.70582
capital,Link,FR5 0,rural ground heat pump,55025522.42794
capital,Link,FR5 0,rural resistive heater,3995274.88722
capital,Link,FR5 0,urban decentral air heat pump,1902.24808
capital,Link,FR5 0,urban decentral biomass boiler,1474.76553
capital,Link,FR5 0,urban decentral gas boiler,1362.53456
capital,Link,FR5 0,urban decentral resistive heater,1546.03005
capital,Link,FR5 0,waste CHP,1755.50659
capital,Link,GB2 0,CO2 pipeline,854462.54087
capital,Link,GB2 0,Combined-Cycle Gas,521405525.8622
capital,Link,GB2 0,DC,21181658.5042
capital,Link,GB2 0,H2 Electrolysis,2392902930.31681
capital,Link,GB2 0,Haber-Bosch,507565849.87833
capital,Link,GB2 0,Open-Cycle Gas,1292.67628
capital,Link,GB2 0,SMR,1482.72188
capital,Link,GB2 0,Sabatier,1545.15561
capital,Link,GB2 0,battery charger,6108.48505
capital,Link,GB2 0,biogas to gas,365383144.66934
capital,Link,GB2 0,biomass to liquid,2084.35626
capital,Link,GB2 0,biomass-to-methanol,3876.4097
capital,Link,GB2 0,electricity distribution grid,1278084571.31557
capital,Link,GB2 0,gas pipeline,71839559.09284
capital,Link,GB2 0,gas pipeline new,2546.35614
capital,Link,GB2 0,heat100-200 industry electric boiler steam,346.65376
capital,Link,GB2 0,heat100-200 industry gas,9196305.75487
capital,Link,GB2 0,heat100-200 industry industrial heat pump high temperature,179773379.24444
capital,Link,GB2 0,heat100-200 industry solid biomass,509.70881
capital,Link,GB2 0,heat200-500 industry gas,901721.09279
capital,Link,GB2 0,heat200-500 industry hydrogen,56.20481
capital,Link,GB2 0,heat200-500 industry solid biomass,13571254.64374
capital,Link,GB2 0,heat<100 industry electric boiler steam,324.10878
capital,Link,GB2 0,heat<100 industry gas,6560811.3329
capital,Link,GB2 0,heat<100 industry industrial heat pump medium temperature,112952307.41102
capital,Link,GB2 0,heat<100 industry solid biomass,509.9341
capital,Link,GB2 0,heat>500 industry gas,11.77963
capital,Link,GB2 0,heat>500 industry hydrogen,15664711.84717
capital,Link,GB2 0,home battery charger,4641.48943
capital,Link,GB2 0,methanolisation,46137436.22995
capital,Link,GB2 0,rural air heat pump,12303.73901
capital,Link,GB2 0,rural biomass boiler,14835335.98386
capital,Link,GB2 0,rural gas boiler,647217887.81018
capital,Link,GB2 0,rural ground heat pump,1260878390.72658
capital,Link,GB2 0,rural resistive heater,5987409.54617
capital,Link,GB2 0,urban central air heat pump,18538.76746
capital,Link,GB2 0,urban central gas CHP,1466.98446
capital,Link,GB2 0,urban central gas boiler,6027734.07553
capital,Link,GB2 0,urban central resistive heater,6595041.56519
capital,Link,GB2 0,urban central solid biomass CHP,217559922.80477
capital,Link,GB2 0,urban central solid biomass CHP CC,106518071.62914
capital,Link,GB2 0,urban decentral air heat pump,52148336.26448
capital,Link,GB2 0,urban decentral biomass boiler,43286723.60598
capital,Link,GB2 0,urban decentral gas boiler,1888460217.75071
capital,Link,GB2 0,urban decentral resistive heater,118287855.93598
capital,Link,GB2 0,waste CHP,4445.9473
capital,Link,GB2 1,CO2 pipeline,2220197.52199
capital,Link,GB2 1,Combined-Cycle Gas,2700240592.79545
capital,Link,GB2 1,DC,336043079.24158
capital,Link,GB2 1,EAF,1806.59925
capital,Link,GB2 1,H2 DRI,1604.49551
capital,Link,GB2 1,H2 Electrolysis,2617179502.58927
capital,Link,GB2 1,Haber-Bosch,547407022.02543
capital,Link,GB2 1,Open-Cycle Gas,1292.71396
capital,Link,GB2 1,SMR,1500.69621
capital,Link,GB2 1,Sabatier,1646.09819
capital,Link,GB2 1,battery charger,6461.91972
capital,Link,GB2 1,biogas to gas,572308306.82862
capital,Link,GB2 1,biomass to liquid,1928.50643
capital,Link,GB2 1,biomass-to-methanol,3442.9462
capital,Link,GB2 1,electricity distribution grid,2637127704.96379
capital,Link,GB2 1,gas DRI,1562.72539
capital,Link,GB2 1,gas pipeline,83822228.1183
capital,Link,GB2 1,heat100-200 industry electric boiler steam,352.65437
capital,Link,GB2 1,heat100-200 industry gas,10709382.4623
capital,Link,GB2 1,heat100-200 industry industrial heat pump high temperature,209351937.27864
capital,Link,GB2 1,heat100-200 industry solid biomass,448.46491
capital,Link,GB2 1,heat200-500 industry gas,1201589.04478
capital,Link,GB2 1,heat200-500 industry hydrogen,63.43689
capital,Link,GB2 1,heat200-500 industry solid biomass,18084396.48731
capital,Link,GB2 1,heat<100 industry electric boiler steam,332.21187
capital,Link,GB2 1,heat<100 industry gas,7794895.49377
capital,Link,GB2 1,heat<100 industry industrial heat pump medium temperature,134197759.71204
capital,Link,GB2 1,heat<100 industry solid biomass,449.14247
capital,Link,GB2 1,heat>500 industry gas,10.77077
capital,Link,GB2 1,heat>500 industry hydrogen,7402665.12104
capital,Link,GB2 1,home battery charger,4668.74551
capital,Link,GB2 1,methanolisation,83559100.36505
capital,Link,GB2 1,rural air heat pump,9668.69565
capital,Link,GB2 1,rural biomass boiler,15075217.47212
capital,Link,GB2 1,rural gas boiler,657683143.89383
capital,Link,GB2 1,rural ground heat pump,140196510.03879
capital,Link,GB2 1,rural resistive heater,31800720.02368
capital,Link,GB2 1,urban central air heat pump,145759531.14047
capital,Link,GB2 1,urban central gas CHP,1481.73
capital,Link,GB2 1,urban central gas boiler,21317629.31566
capital,Link,GB2 1,urban central resistive heater,25254240.10516
capital,Link,GB2 1,urban central solid biomass CHP,580409349.55287
capital,Link,GB2 1,urban central solid biomass CHP CC,38674.43602
capital,Link,GB2 1,urban decentral air heat pump,124219737.72049
capital,Link,GB2 1,urban decentral biomass boiler,119606481.90485
capital,Link,GB2 1,urban decentral gas boiler,5218045258.36705
capital,Link,GB2 1,urban decentral resistive heater,267199058.96707
capital,Link,GB2 1,waste CHP,6461.87338
capital,Link,GB3 0,CO2 pipeline,613155.34629
capital,Link,GB3 0,Combined-Cycle Gas,366810679.9335
capital,Link,GB3 0,DC,16041627.32214
capital,Link,GB3 0,H2 Electrolysis,185004078.45101
capital,Link,GB3 0,Haber-Bosch,8838892.53687
capital,Link,GB3 0,Open-Cycle Gas,1293.66709
capital,Link,GB3 0,SMR,1431.96612
capital,Link,GB3 0,Sabatier,1986.93342
capital,Link,GB3 0,battery charger,5852.35083
capital,Link,GB3 0,biogas to gas,61848669.4224
capital,Link,GB3 0,biomass to liquid,4306.13806
capital,Link,GB3 0,biomass-to-methanol,10194.57214
capital,Link,GB3 0,electricity distribution grid,104793105.22597
capital,Link,GB3 0,gas pipeline,6485038.20645
capital,Link,GB3 0,gas pipeline new,2535.54003
capital,Link,GB3 0,heat100-200 industry electric boiler steam,290.57945
capital,Link,GB3 0,heat100-200 industry gas,471332.62831
capital,Link,GB3 0,heat100-200 industry industrial heat pump high temperature,9199499.12351
capital,Link,GB3 0,heat100-200 industry solid biomass,12768.43715
capital,Link,GB3 0,heat200-500 industry gas,54531.19507
capital,Link,GB3 0,heat200-500 industry hydrogen,75.58175
capital,Link,GB3 0,heat200-500 industry solid biomass,821410.25208
capital,Link,GB3 0,heat<100 industry electric boiler steam,320.03758
capital,Link,GB3 0,heat<100 industry gas,353482.5757
capital,Link,GB3 0,heat<100 industry industrial heat pump medium temperature,3959398.37198
capital,Link,GB3 0,heat<100 industry solid biomass,2000001.84598
capital,Link,GB3 0,heat>500 industry gas,20.0253
capital,Link,GB3 0,heat>500 industry hydrogen,525028.57264
capital,Link,GB3 0,home battery charger,4634.68449
capital,Link,GB3 0,methanolisation,27460036.68538
capital,Link,GB3 0,rural air heat pump,12174.15428
capital,Link,GB3 0,rural biomass boiler,3526067.39012
capital,Link,GB3 0,rural gas boiler,153830954.08085
capital,Link,GB3 0,rural ground heat pump,247841582.98689
capital,Link,GB3 0,rural resistive heater,1424020.13921
capital,Link,GB3 0,urban central air heat pump,2426.26153
capital,Link,GB3 0,urban central gas CHP,1475.62437
capital,Link,GB3 0,urban central gas boiler,251644.28406
capital,Link,GB3 0,urban central resistive heater,26332.61305
capital,Link,GB3 0,urban central solid biomass CHP,4205.82383
capital,Link,GB3 0,urban central solid biomass CHP CC,38318127.27215
capital,Link,GB3 0,urban decentral air heat pump,4196319.59916
capital,Link,GB3 0,urban decentral biomass boiler,1620567.17355
capital,Link,GB3 0,urban decentral gas boiler,70700121.94257
capital,Link,GB3 0,urban decentral resistive heater,4483394.8425
capital,Link,GB3 0,waste CHP,2049.67046
capital,Link,GR0 0,CO2 pipeline,6484.95676
capital,Link,GR0 0,Combined-Cycle Gas,812212335.12184
capital,Link,GR0 0,H2 Electrolysis,53661350.8252
capital,Link,GR0 0,Haber-Bosch,5055.44648
capital,Link,GR0 0,Open-Cycle Gas,1293.57628
capital,Link,GR0 0,SMR,1855.55852
capital,Link,GR0 0,Sabatier,1230.58107
capital,Link,GR0 0,battery charger,105698829.88196
capital,Link,GR0 0,biogas to gas,80720174.30634
capital,Link,GR0 0,biomass to liquid,2145.31875
capital,Link,GR0 0,biomass-to-methanol,3636.98897
capital,Link,GR0 0,electricity distribution grid,420630565.41542
capital,Link,GR0 0,gas pipeline new,7398.04434
capital,Link,GR0 0,heat100-200 industry electric boiler steam,282.47763
capital,Link,GR0 0,heat100-200 industry gas,1296061.0005
capital,Link,GR0 0,heat100-200 industry industrial heat pump high temperature,25335064.47813
capital,Link,GR0 0,heat100-200 industry solid biomass,897.65843
capital,Link,GR0 0,heat200-500 industry gas,125823.92321
capital,Link,GR0 0,heat200-500 industry hydrogen,53.13934
capital,Link,GR0 0,heat200-500 industry solid biomass,1894369.5496
capital,Link,GR0 0,heat<100 industry electric boiler steam,382.71745
capital,Link,GR0 0,heat<100 industry gas,626343.48336
capital,Link,GR0 0,heat<100 industry industrial heat pump medium temperature,10782083.75872
capital,Link,GR0 0,heat<100 industry solid biomass,1339.91899
capital,Link,GR0 0,heat>500 industry gas,562352.3845
capital,Link,GR0 0,heat>500 industry hydrogen,2383027.52414
capital,Link,GR0 0,home battery charger,6150.26402
capital,Link,GR0 0,methanolisation,3042.72265
capital,Link,GR0 0,rural air heat pump,9635.70193
capital,Link,GR0 0,rural biomass boiler,110693083.23505
capital,Link,GR0 0,rural gas boiler,24154654.19048
capital,Link,GR0 0,rural ground heat pump,125706356.81885
capital,Link,GR0 0,rural resistive heater,7936070.3614
capital,Link,GR0 0,urban central air heat pump,21102710.88559
capital,Link,GR0 0,urban central gas CHP,1445.58816
capital,Link,GR0 0,urban central gas boiler,2339329.13692
capital,Link,GR0 0,urban central resistive heater,7414068.48206
capital,Link,GR0 0,urban central solid biomass CHP,120107848.99664
capital,Link,GR0 0,urban central solid biomass CHP CC,7447.04455
capital,Link,GR0 0,urban decentral air heat pump,9243.46825
capital,Link,GR0 0,urban decentral biomass boiler,366606159.38552
capital,Link,GR0 0,urban decentral gas boiler,79998178.2534
capital,Link,GR0 0,urban decentral resistive heater,26283530.90998
capital,Link,GR0 0,waste CHP,4722.45723
capital,Link,HR0 0,CO2 pipeline,12002.86534
capital,Link,HR0 0,Combined-Cycle Gas,81294851.99813
capital,Link,HR0 0,H2 Electrolysis,13894.51457
capital,Link,HR0 0,Haber-Bosch,2060.47999
capital,Link,HR0 0,Open-Cycle Gas,1292.21555
capital,Link,HR0 0,SMR,1970.13793
capital,Link,HR0 0,Sabatier,797.69371
capital,Link,HR0 0,battery charger,12549508.27292
capital,Link,HR0 0,biogas to gas,43540122.97278
capital,Link,HR0 0,biomass to liquid,8059158.81964
capital,Link,HR0 0,biomass-to-methanol,42751250.86015
capital,Link,HR0 0,electricity distribution grid,147800509.66913
capital,Link,HR0 0,gas pipeline,3320220.82253
capital,Link,HR0 0,gas pipeline new,5756.24188
capital,Link,HR0 0,heat100-200 industry electric boiler steam,189.407
capital,Link,HR0 0,heat100-200 industry gas,837162.36719
capital,Link,HR0 0,heat100-200 industry industrial heat pump high temperature,2135.98569
capital,Link,HR0 0,heat100-200 industry solid biomass,13439175.22979
capital,Link,HR0 0,heat200-500 industry gas,71302.26284
capital,Link,HR0 0,heat200-500 industry hydrogen,43.08561
capital,Link,HR0 0,heat200-500 industry solid biomass,1073952.18027
capital,Link,HR0 0,heat<100 industry electric boiler steam,186.19011
capital,Link,HR0 0,heat<100 industry gas,911585.11023
capital,Link,HR0 0,heat<100 industry industrial heat pump medium temperature,1419.45028
capital,Link,HR0 0,heat<100 industry solid biomass,14634225.101
capital,Link,HR0 0,heat>500 industry gas,222761.85911
capital,Link,HR0 0,heat>500 industry hydrogen,211.73259
capital,Link,HR0 0,home battery charger,4115.91413
capital,Link,HR0 0,methanolisation,1066.13987
capital,Link,HR0 0,rural air heat pump,7229.31158
capital,Link,HR0 0,rural biomass boiler,104363212.03885
capital,Link,HR0 0,rural gas boiler,195679247.3154
capital,Link,HR0 0,rural ground heat pump,371210969.19021
capital,Link,HR0 0,rural resistive heater,3920659.60517
capital,Link,HR0 0,urban central air heat pump,3445.9749
capital,Link,HR0 0,urban central gas CHP,1426.75087
capital,Link,HR0 0,urban central gas boiler,2027000.82044
capital,Link,HR0 0,urban central resistive heater,1103166.49324
capital,Link,HR0 0,urban central solid biomass CHP,112980398.576
capital,Link,HR0 0,urban central solid biomass CHP CC,113044.48963
capital,Link,HR0 0,urban decentral air heat pump,10881.97765
capital,Link,HR0 0,urban decentral biomass boiler,106759292.28643
capital,Link,HR0 0,urban decentral gas boiler,200171857.0214
capital,Link,HR0 0,urban decentral resistive heater,5806561.2002
capital,Link,HR0 0,waste CHP,2372.62413
capital,Link,HU0 0,CO2 pipeline,11541.36669
capital,Link,HU0 0,Combined-Cycle Gas,217613531.76292
capital,Link,HU0 0,EAF,1641.74564
capital,Link,HU0 0,H2 DRI,1479.96111
capital,Link,HU0 0,H2 Electrolysis,13229.36017
capital,Link,HU0 0,Haber-Bosch,2048.83744
capital,Link,HU0 0,Open-Cycle Gas,1293.16271
capital,Link,HU0 0,SMR,1935.77476
capital,Link,HU0 0,Sabatier,808.75135
capital,Link,HU0 0,battery charger,45531869.98804
capital,Link,HU0 0,biogas to gas,255908413.31089
capital,Link,HU0 0,biomass to liquid,2531.19008
capital,Link,HU0 0,biomass-to-methanol,4898.15686
capital,Link,HU0 0,electricity distribution grid,392944332.40669
capital,Link,HU0 0,gas DRI,1493.29664
capital,Link,HU0 0,gas pipeline,6009224.82986
capital,Link,HU0 0,gas pipeline new,2547.2141
capital,Link,HU0 0,heat100-200 industry electric boiler steam,236.11955
capital,Link,HU0 0,heat100-200 industry gas,5053968.1114
capital,Link,HU0 0,heat100-200 industry industrial heat pump high temperature,98795211.35405
capital,Link,HU0 0,heat100-200 industry solid biomass,1570.50732
capital,Link,HU0 0,heat200-500 industry gas,463481.78187
capital,Link,HU0 0,heat200-500 industry hydrogen,34.45936
capital,Link,HU0 0,heat200-500 industry solid biomass,6975306.34268
capital,Link,HU0 0,heat<100 industry electric boiler steam,228.07433
capital,Link,HU0 0,heat<100 industry gas,3528473.03176
capital,Link,HU0 0,heat<100 industry industrial heat pump medium temperature,60744118.83933
capital,Link,HU0 0,heat<100 industry solid biomass,2904.02672
capital,Link,HU0 0,heat>500 industry gas,1386419.96633
capital,Link,HU0 0,heat>500 industry hydrogen,157.61558
capital,Link,HU0 0,home battery charger,4122.91501
capital,Link,HU0 0,methanolisation,1152.2077
capital,Link,HU0 0,rural air heat pump,6008.15237
capital,Link,HU0 0,rural biomass boiler,159349444.26831
capital,Link,HU0 0,rural gas boiler,553108224.86125
capital,Link,HU0 0,rural ground heat pump,939970462.49623
capital,Link,HU0 0,rural resistive heater,157183.34739
capital,Link,HU0 0,urban central air heat pump,773454.79781
capital,Link,HU0 0,urban central gas CHP,1434.75758
capital,Link,HU0 0,urban central gas boiler,9101321.91879
capital,Link,HU0 0,urban central resistive heater,2935831.04668
capital,Link,HU0 0,urban central solid biomass CHP,336758611.10718
capital,Link,HU0 0,urban central solid biomass CHP CC,13352.82697
capital,Link,HU0 0,urban decentral air heat pump,7611181.80833
capital,Link,HU0 0,urban decentral biomass boiler,275423890.40437
capital,Link,HU0 0,urban decentral gas boiler,956007219.26227
capital,Link,HU0 0,urban decentral resistive heater,18521514.14109
capital,Link,HU0 0,waste CHP,3765.26813
capital,Link,IE3 0,Combined-Cycle Gas,459915038.01844
capital,Link,IE3 0,H2 Electrolysis,219877705.9011
capital,Link,IE3 0,Haber-Bosch,50730523.85155
capital,Link,IE3 0,Open-Cycle Gas,1294.94733
capital,Link,IE3 0,SMR,7006620.18873
capital,Link,IE3 0,Sabatier,1100.59252
capital,Link,IE3 0,battery charger,5947.39365
capital,Link,IE3 0,biogas to gas,49642642.08321
capital,Link,IE3 0,biomass to liquid,2004.39057
capital,Link,IE3 0,biomass-to-methanol,3402.51467
capital,Link,IE3 0,electricity distribution grid,233562564.88347
capital,Link,IE3 0,heat100-200 industry electric boiler steam,265.26318
capital,Link,IE3 0,heat100-200 industry gas,1643326.63352
capital,Link,IE3 0,heat100-200 industry industrial heat pump high temperature,32123697.38684
capital,Link,IE3 0,heat100-200 industry solid biomass,649.63464
capital,Link,IE3 0,heat200-500 industry gas,150989.16194
capital,Link,IE3 0,heat200-500 industry hydrogen,47.97185
capital,Link,IE3 0,heat200-500 industry solid biomass,2273115.32396
capital,Link,IE3 0,heat<100 industry electric boiler steam,279.43192
capital,Link,IE3 0,heat<100 industry gas,1252682.11381
capital,Link,IE3 0,heat<100 industry industrial heat pump medium temperature,21565286.50456
capital,Link,IE3 0,heat<100 industry solid biomass,784.67265
capital,Link,IE3 0,heat>500 industry gas,597646.6371
capital,Link,IE3 0,heat>500 industry hydrogen,5976349.39451
capital,Link,IE3 0,home battery charger,4419.96795
capital,Link,IE3 0,methanolisation,2609.66585
capital,Link,IE3 0,rural air heat pump,11208.79408
capital,Link,IE3 0,rural biomass boiler,8222437.621
capital,Link,IE3 0,rural gas boiler,149027671.76373
capital,Link,IE3 0,rural ground heat pump,327503588.6112
capital,Link,IE3 0,rural resistive heater,3898376.12755
capital,Link,IE3 0,urban central air heat pump,10368061.27439
capital,Link,IE3 0,urban central gas CHP,1556.16738
capital,Link,IE3 0,urban central gas boiler,1802248.94766
capital,Link,IE3 0,urban central resistive heater,1712715.82429
capital,Link,IE3 0,urban central solid biomass CHP,56306436.02089
capital,Link,IE3 0,urban central solid biomass CHP CC,13646544.78206
capital,Link,IE3 0,urban decentral air heat pump,10841011.67688
capital,Link,IE3 0,urban decentral biomass boiler,13012809.96487
capital,Link,IE3 0,urban decentral gas boiler,235850834.212
capital,Link,IE3 0,urban decentral resistive heater,16489185.40632
capital,Link,IE3 0,waste CHP,5471.82323
capital,Link,IT0 0,CO2 pipeline,10086.97729
capital,Link,IT0 0,Combined-Cycle Gas,1887433767.51182
capital,Link,IT0 0,DC,90865988.72062
capital,Link,IT0 0,EAF,1827.3862
capital,Link,IT0 0,H2 DRI,1616.2905
capital,Link,IT0 0,H2 Electrolysis,37521.1712
capital,Link,IT0 0,Haber-Bosch,5184.49013
capital,Link,IT0 0,Open-Cycle Gas,1293.52474
capital,Link,IT0 0,SMR,3986.44969
capital,Link,IT0 0,Sabatier,1097.53371
capital,Link,IT0 0,battery charger,540581609.99679
capital,Link,IT0 0,biogas to gas,221595007.55941
capital,Link,IT0 0,biomass to liquid,1915.82161
capital,Link,IT0 0,biomass-to-methanol,3303.84499
capital,Link,IT0 0,electricity distribution grid,1185649561.10218
capital,Link,IT0 0,gas DRI,1575.87929
capital,Link,IT0 0,gas pipeline,9911401.74958
capital,Link,IT0 0,heat100-200 industry electric boiler steam,271.60864
capital,Link,IT0 0,heat100-200 industry gas,7007305.39027
capital,Link,IT0 0,heat100-200 industry industrial heat pump high temperature,136981634.78832
capital,Link,IT0 0,heat100-200 industry solid biomass,532.30125
capital,Link,IT0 0,heat200-500 industry gas,908011.03918
capital,Link,IT0 0,heat200-500 industry hydrogen,38.91937
capital,Link,IT0 0,heat200-500 industry solid biomass,13666066.37338
capital,Link,IT0 0,heat<100 industry electric boiler steam,306.78651
capital,Link,IT0 0,heat<100 industry gas,10250492.16249
capital,Link,IT0 0,heat<100 industry industrial heat pump medium temperature,176474930.95937
capital,Link,IT0 0,heat<100 industry solid biomass,601.43293
capital,Link,IT0 0,heat>500 industry gas,1818360.24956
capital,Link,IT0 0,heat>500 industry hydrogen,744.57519
capital,Link,IT0 0,home battery charger,4555.20191
capital,Link,IT0 0,methanolisation,2488.99351
capital,Link,IT0 0,rural air heat pump,8422.1291
capital,Link,IT0 0,rural biomass boiler,921088460.05187
capital,Link,IT0 0,rural gas boiler,1438492205.141
capital,Link,IT0 0,rural ground heat pump,2354842393.57279
capital,Link,IT0 0,rural resistive heater,8753764.06457
capital,Link,IT0 0,urban central air heat pump,100781527.51457
capital,Link,IT0 0,urban central gas CHP,1508.35461
capital,Link,IT0 0,urban central gas boiler,21808348.22036
capital,Link,IT0 0,urban central resistive heater,2196068.23223
capital,Link,IT0 0,urban central solid biomass CHP,522857932.11656
capital,Link,IT0 0,urban central solid biomass CHP CC,5553.82698
capital,Link,IT0 0,urban decentral air heat pump,3576663476.90653
capital,Link,IT0 0,urban decentral biomass boiler,558327216.6984
capital,Link,IT0 0,urban decentral gas boiler,871956803.25154
capital,Link,IT0 0,urban decentral resistive heater,30702763.69959
capital,Link,IT0 0,waste CHP,5468.20781
capital,Link,IT0 1,CO2 pipeline,16922.42747
capital,Link,IT0 1,Combined-Cycle Gas,2295130107.64822
capital,Link,IT0 1,H2 Electrolysis,17561.9569
capital,Link,IT0 1,Haber-Bosch,2725.7885
capital,Link,IT0 1,Open-Cycle Gas,1294.43204
capital,Link,IT0 1,SMR,2496.1024
capital,Link,IT0 1,Sabatier,883.83807
capital,Link,IT0 1,battery charger,351469217.85941
capital,Link,IT0 1,biogas to gas,532194775.35247
capital,Link,IT0 1,biomass to liquid,1794.919
capital,Link,IT0 1,biomass-to-methanol,3299.23925
capital,Link,IT0 1,electricity distribution grid,1708326191.53577
capital,Link,IT0 1,gas pipeline,82550567.52671
capital,Link,IT0 1,heat100-200 industry electric boiler steam,289.92425
capital,Link,IT0 1,heat100-200 industry gas,12365095.8001
capital,Link,IT0 1,heat100-200 industry industrial heat pump high temperature,241718460.11298
capital,Link,IT0 1,heat100-200 industry solid biomass,642.10428
capital,Link,IT0 1,heat200-500 industry gas,1650350.6095
capital,Link,IT0 1,heat200-500 industry hydrogen,46.48031
capital,Link,IT0 1,heat200-500 industry solid biomass,24838395.55746
capital,Link,IT0 1,heat<100 industry electric boiler steam,329.39141
capital,Link,IT0 1,heat<100 industry gas,17084233.40659
capital,Link,IT0 1,heat<100 industry industrial heat pump medium temperature,294125188.76204
capital,Link,IT0 1,heat<100 industry solid biomass,782.56053
capital,Link,IT0 1,heat>500 industry gas,3751795.82336
capital,Link,IT0 1,heat>500 industry hydrogen,276.54949
capital,Link,IT0 1,home battery charger,4155.41432
capital,Link,IT0 1,methanolisation,1339.00253
capital,Link,IT0 1,rural air heat pump,6389.4244
capital,Link,IT0 1,rural biomass boiler,487535290.83604
capital,Link,IT0 1,rural gas boiler,761398873.19759
capital,Link,IT0 1,rural ground heat pump,1489879354.67785
capital,Link,IT0 1,rural resistive heater,4630054.19879
capital,Link,IT0 1,urban central air heat pump,64631513.03066
capital,Link,IT0 1,urban central gas CHP,1538.97928
capital,Link,IT0 1,urban central gas boiler,13046000.87521
capital,Link,IT0 1,urban central resistive heater,8791716.96729
capital,Link,IT0 1,urban central solid biomass CHP,804888909.09218
capital,Link,IT0 1,urban central solid biomass CHP CC,6652.11269
capital,Link,IT0 1,urban decentral air heat pump,4317372087.58191
capital,Link,IT0 1,urban decentral biomass boiler,745381592.56624
capital,Link,IT0 1,urban decentral gas boiler,1164085380.79148
capital,Link,IT0 1,urban decentral resistive heater,45940536.67206
capital,Link,IT0 1,waste CHP,6432.10509
capital,Link,IT4 0,Combined-Cycle Gas,1367.18851
capital,Link,IT4 0,DC,64110410.9741
capital,Link,IT4 0,H2 Electrolysis,55599.92881
capital,Link,IT4 0,Haber-Bosch,7142.74379
capital,Link,IT4 0,Open-Cycle Gas,1294.36038
capital,Link,IT4 0,SMR,5190.66504
capital,Link,IT4 0,Sabatier,1135.40577
capital,Link,IT4 0,battery charger,38392960.15447
capital,Link,IT4 0,biogas to gas,11260020.92061
capital,Link,IT4 0,biomass to liquid,2010.88806
capital,Link,IT4 0,biomass-to-methanol,3266.42658
capital,Link,IT4 0,electricity distribution grid,89706496.59198
capital,Link,IT4 0,heat100-200 industry electric boiler steam,316.64518
capital,Link,IT4 0,heat100-200 industry gas,551928.73542
capital,Link,IT4 0,heat100-200 industry industrial heat pump high temperature,10788316.06826
capital,Link,IT4 0,heat100-200 industry solid biomass,1065.36648
capital,Link,IT4 0,heat200-500 industry gas,211805.13152
capital,Link,IT4 0,heat200-500 industry hydrogen,48.2435
capital,Link,IT4 0,heat200-500 industry solid biomass,3188196.33731
capital,Link,IT4 0,heat<100 industry electric boiler steam,274.9986
capital,Link,IT4 0,heat<100 industry gas,973593.17659
capital,Link,IT4 0,heat<100 industry industrial heat pump medium temperature,16761036.0379
capital,Link,IT4 0,heat<100 industry solid biomass,893.255
capital,Link,IT4 0,heat>500 industry gas,371480.85109
capital,Link,IT4 0,heat>500 industry hydrogen,1457.9774
capital,Link,IT4 0,home battery charger,5934.42232
capital,Link,IT4 0,methanolisation,2876.284
capital,Link,IT4 0,rural air heat pump,9207.59082
capital,Link,IT4 0,rural biomass boiler,143184892.20312
capital,Link,IT4 0,rural gas boiler,223616254.31344
capital,Link,IT4 0,rural ground heat pump,300578086.07952
capital,Link,IT4 0,rural resistive heater,1427744.52844
capital,Link,IT4 0,urban central air heat pump,3422423.70963
capital,Link,IT4 0,urban central gas CHP,1456.24026
capital,Link,IT4 0,urban central gas boiler,547016.346
capital,Link,IT4 0,urban central resistive heater,107203.60397
capital,Link,IT4 0,urban central solid biomass CHP,9614835.91886
capital,Link,IT4 0,urban central solid biomass CHP CC,6599.37849
capital,Link,IT4 0,urban decentral air heat pump,96272398.25687
capital,Link,IT4 0,urban decentral biomass boiler,6362606.24631
capital,Link,IT4 0,urban decentral gas boiler,9936678.05716
capital,Link,IT4 0,urban decentral resistive heater,1520890.04114
capital,Link,IT4 0,waste CHP,4297.11855
capital,Link,LT0 0,CO2 pipeline,10544.71904
capital,Link,LT0 0,Combined-Cycle Gas,120296810.04151
capital,Link,LT0 0,DC,49763675.72641
capital,Link,LT0 0,H2 Electrolysis,6320684.94144
capital,Link,LT0 0,Haber-Bosch,9022.31728
capital,Link,LT0 0,Open-Cycle Gas,1290.79126
capital,Link,LT0 0,SMR,1757.04547
capital,Link,LT0 0,Sabatier,1057.48654
capital,Link,LT0 0,battery charger,4334.88656
capital,Link,LT0 0,biogas to gas,67981270.20195
capital,Link,LT0 0,biomass to liquid,2598.47795
capital,Link,LT0 0,biomass-to-methanol,5287.49266
capital,Link,LT0 0,electricity distribution grid,96516397.44839
capital,Link,LT0 0,gas pipeline,2535034.01006
capital,Link,LT0 0,gas pipeline new,4587513.89663
capital,Link,LT0 0,heat100-200 industry electric boiler steam,313.11233
capital,Link,LT0 0,heat100-200 industry gas,545733.47338
capital,Link,LT0 0,heat100-200 industry industrial heat pump high temperature,10665795.31484
capital,Link,LT0 0,heat100-200 industry solid biomass,1989.16061
capital,Link,LT0 0,heat200-500 industry gas,56624.38194
capital,Link,LT0 0,heat200-500 industry hydrogen,58.48595
capital,Link,LT0 0,heat200-500 industry solid biomass,853087.65698
capital,Link,LT0 0,heat<100 industry electric boiler steam,323.21806
capital,Link,LT0 0,heat<100 industry gas,496102.72468
capital,Link,LT0 0,heat<100 industry industrial heat pump medium temperature,8538972.38563
capital,Link,LT0 0,heat<100 industry solid biomass,2359.52612
capital,Link,LT0 0,heat>500 industry gas,37232.46662
capital,Link,LT0 0,heat>500 industry hydrogen,373264.27073
capital,Link,LT0 0,home battery charger,4149.03668
capital,Link,LT0 0,methanolisation,2729.56184
capital,Link,LT0 0,rural air heat pump,1344.41391
capital,Link,LT0 0,rural biomass boiler,305889302.59146
capital,Link,LT0 0,rural gas boiler,1546.27035
capital,Link,LT0 0,rural ground heat pump,24937358.45423
capital,Link,LT0 0,rural resistive heater,142329.63938
capital,Link,LT0 0,urban central air heat pump,15914147.49001
capital,Link,LT0 0,urban central gas CHP,1429.9882
capital,Link,LT0 0,urban central gas boiler,11350162.19754
capital,Link,LT0 0,urban central resistive heater,4097354.34884
capital,Link,LT0 0,urban central solid biomass CHP,143864737.35844
capital,Link,LT0 0,urban central solid biomass CHP CC,23362.68555
capital,Link,LT0 0,urban decentral air heat pump,3637670.12878
capital,Link,LT0 0,urban decentral biomass boiler,298503903.65752
capital,Link,LT0 0,urban decentral gas boiler,1570.58976
capital,Link,LT0 0,urban decentral resistive heater,144385.38448
capital,Link,LT0 0,waste CHP,3234.5415
capital,Link,LU0 0,Combined-Cycle Gas,2047.27071
capital,Link,LU0 0,H2 Electrolysis,27811.22221
capital,Link,LU0 0,Haber-Bosch,4037.62424
capital,Link,LU0 0,Open-Cycle Gas,1621.45744
capital,Link,LU0 0,SMR,2261.25458
capital,Link,LU0 0,Sabatier,928.11818
capital,Link,LU0 0,battery charger,7581654.84147
capital,Link,LU0 0,biogas to gas,7591435.46505
capital,Link,LU0 0,biomass to liquid,1729.68369
capital,Link,LU0 0,biomass-to-methanol,3053.9501
capital,Link,LU0 0,electricity distribution grid,72266608.30631
capital,Link,LU0 0,gas pipeline,2722504.25282
capital,Link,LU0 0,heat100-200 industry electric boiler steam,285.75425
capital,Link,LU0 0,heat100-200 industry gas,173634.33856
capital,Link,LU0 0,heat100-200 industry industrial heat pump high temperature,3393239.10881
capital,Link,LU0 0,heat100-200 industry solid biomass,1524.65574
capital,Link,LU0 0,heat200-500 industry gas,35656.69775
capital,Link,LU0 0,heat200-500 industry hydrogen,62.46091
capital,Link,LU0 0,heat200-500 industry solid biomass,537572.87603
capital,Link,LU0 0,heat<100 industry electric boiler steam,295.98633
capital,Link,LU0 0,heat<100 industry gas,179836.69332
capital,Link,LU0 0,heat<100 industry industrial heat pump medium temperature,3095023.72532
capital,Link,LU0 0,heat<100 industry solid biomass,1782.66328
capital,Link,LU0 0,heat>500 industry gas,134789.25978
capital,Link,LU0 0,heat>500 industry hydrogen,514.57176
capital,Link,LU0 0,home battery charger,4762.22578
capital,Link,LU0 0,methanolisation,1342.07575
capital,Link,LU0 0,rural air heat pump,6302.76764
capital,Link,LU0 0,rural biomass boiler,2232541.49566
capital,Link,LU0 0,rural gas boiler,12352115.76839
capital,Link,LU0 0,rural ground heat pump,20536854.35259
capital,Link,LU0 0,rural resistive heater,148144.44212
capital,Link,LU0 0,urban central air heat pump,4100447.20467
capital,Link,LU0 0,urban central gas CHP,1678.53942
capital,Link,LU0 0,urban central gas boiler,1194649.37117
capital,Link,LU0 0,urban central resistive heater,1614509.16292
capital,Link,LU0 0,urban central solid biomass CHP,39371785.495
capital,Link,LU0 0,urban central solid biomass CHP CC,34978.20036
capital,Link,LU0 0,urban decentral air heat pump,5695268.08586
capital,Link,LU0 0,urban decentral biomass boiler,17850600.09401
capital,Link,LU0 0,urban decentral gas boiler,98763082.04116
capital,Link,LU0 0,urban decentral resistive heater,5412867.45728
capital,Link,LU0 0,waste CHP,6302.66079
capital,Link,LV0 0,Combined-Cycle Gas,113904875.90999
capital,Link,LV0 0,H2 Electrolysis,6515345.50675
capital,Link,LV0 0,Haber-Bosch,7652.23829
capital,Link,LV0 0,Open-Cycle Gas,1290.65822
capital,Link,LV0 0,SMR,1770.12423
capital,Link,LV0 0,Sabatier,1053.48557
capital,Link,LV0 0,battery charger,4316.51919
capital,Link,LV0 0,biogas to gas,49537685.07721
capital,Link,LV0 0,biomass to liquid,108024190.90632
capital,Link,LV0 0,biomass-to-methanol,138821387.48157
capital,Link,LV0 0,electricity distribution grid,72498777.28592
capital,Link,LV0 0,gas pipeline,2539116.37222
capital,Link,LV0 0,heat100-200 industry electric boiler steam,345.36502
capital,Link,LV0 0,heat100-200 industry gas,279063.02484
capital,Link,LV0 0,heat100-200 industry industrial heat pump high temperature,10938.43833
capital,Link,LV0 0,heat100-200 industry solid biomass,4472472.64083
capital,Link,LV0 0,heat200-500 industry gas,39851.47744
capital,Link,LV0 0,heat200-500 industry hydrogen,53.67154
capital,Link,LV0 0,heat200-500 industry solid biomass,600692.2902
capital,Link,LV0 0,heat<100 industry electric boiler steam,285.35749
capital,Link,LV0 0,heat<100 industry gas,651134.3622
capital,Link,LV0 0,heat<100 industry industrial heat pump medium temperature,4695.54736
capital,Link,LV0 0,heat<100 industry solid biomass,10450027.85923
capital,Link,LV0 0,heat>500 industry gas,38383.95972
capital,Link,LV0 0,heat>500 industry hydrogen,385042.59557
capital,Link,LV0 0,home battery charger,4173.91269
capital,Link,LV0 0,methanolisation,2836.9797
capital,Link,LV0 0,rural air heat pump,3577.59973
capital,Link,LV0 0,rural biomass boiler,213807611.23631
capital,Link,LV0 0,rural gas boiler,58472634.80708
capital,Link,LV0 0,rural ground heat pump,13740.75709
capital,Link,LV0 0,rural resistive heater,2791157.21379
capital,Link,LV0 0,urban central air heat pump,5182.25231
capital,Link,LV0 0,urban central gas CHP,1430.37072
capital,Link,LV0 0,urban central gas boiler,7206275.02445
capital,Link,LV0 0,urban central resistive heater,3837807.4164
capital,Link,LV0 0,urban central solid biomass CHP,127216181.70249
capital,Link,LV0 0,urban central solid biomass CHP CC,36791860.4143
capital,Link,LV0 0,urban decentral air heat pump,2430.00783
capital,Link,LV0 0,urban decentral biomass boiler,200011537.09784
capital,Link,LV0 0,urban decentral gas boiler,54699650.29916
capital,Link,LV0 0,urban decentral resistive heater,2359964.89758
capital,Link,LV0 0,waste CHP,2505.99808
capital,Link,ME0 0,CO2 pipeline,5112.96159
capital,Link,ME0 0,Combined-Cycle Gas,1356.2569
capital,Link,ME0 0,EAF,1652.63522
capital,Link,ME0 0,H2 DRI,1513.25203
capital,Link,ME0 0,H2 Electrolysis,25753.42419
capital,Link,ME0 0,Haber-Bosch,2803.86251
capital,Link,ME0 0,Open-Cycle Gas,1294.28473
capital,Link,ME0 0,SMR,2065.85294
capital,Link,ME0 0,Sabatier,930.82618
capital,Link,ME0 0,battery charger,30023420.40757
capital,Link,ME0 0,biogas to gas,714512.21181
capital,Link,ME0 0,biomass to liquid,2665.95798
capital,Link,ME0 0,biomass-to-methanol,5495.30667
capital,Link,ME0 0,electricity distribution grid,23314214.77611
capital,Link,ME0 0,gas DRI,1471.55155
capital,Link,ME0 0,heat100-200 industry electric boiler steam,409.08039
capital,Link,ME0 0,heat100-200 industry gas,68219.53473
capital,Link,ME0 0,heat100-200 industry industrial heat pump high temperature,1327208.82679
capital,Link,ME0 0,heat100-200 industry solid biomass,5993.86727
capital,Link,ME0 0,heat200-500 industry gas,10506.29989
capital,Link,ME0 0,heat200-500 industry hydrogen,49.93338
capital,Link,ME0 0,heat200-500 industry solid biomass,158870.88546
capital,Link,ME0 0,heat<100 industry electric boiler steam,423.26166
capital,Link,ME0 0,heat<100 industry gas,68219.53441
capital,Link,ME0 0,heat<100 industry industrial heat pump medium temperature,1165136.12533
capital,Link,ME0 0,heat<100 industry solid biomass,10008.26138
capital,Link,ME0 0,heat>500 industry gas,44893.1371
capital,Link,ME0 0,heat>500 industry hydrogen,545.25393
capital,Link,ME0 0,home battery charger,24337.56958
capital,Link,ME0 0,methanolisation,1654.10981
capital,Link,ME0 0,rural air heat pump,5606.32194
capital,Link,ME0 0,rural biomass boiler,25873850.66742
capital,Link,ME0 0,rural gas boiler,1558.65198
capital,Link,ME0 0,rural ground heat pump,30989.52499
capital,Link,ME0 0,rural resistive heater,21962.76244
capital,Link,ME0 0,urban central air heat pump,216614.80933
capital,Link,ME0 0,urban central gas CHP,1312.25622
capital,Link,ME0 0,urban central gas boiler,1752.98349
capital,Link,ME0 0,urban central resistive heater,174059.96441
capital,Link,ME0 0,urban central solid biomass CHP,5082548.74663
capital,Link,ME0 0,urban central solid biomass CHP CC,14318.35785
capital,Link,ME0 0,urban decentral air heat pump,5629.67358
capital,Link,ME0 0,urban decentral biomass boiler,40663431.84283
capital,Link,ME0 0,urban decentral gas boiler,1565.62969
capital,Link,ME0 0,urban decentral resistive heater,34552.34037
capital,Link,ME0 0,waste CHP,2941.95794
capital,Link,MK0 0,CO2 pipeline,5206.12812
capital,Link,MK0 0,Combined-Cycle Gas,23053403.10302
capital,Link,MK0 0,EAF,1599.38987
capital,Link,MK0 0,H2 DRI,1472.59695
capital,Link,MK0 0,H2 Electrolysis,30499.70157
capital,Link,MK0 0,Haber-Bosch,3092.87727
capital,Link,MK0 0,Open-Cycle Gas,1293.77914
capital,Link,MK0 0,SMR,2015.77178
capital,Link,MK0 0,Sabatier,966.83513
capital,Link,MK0 0,battery charger,414922.91338
capital,Link,MK0 0,biogas to gas,8199643.42613
capital,Link,MK0 0,biomass to liquid,3133.54809
capital,Link,MK0 0,biomass-to-methanol,6403.1949
capital,Link,MK0 0,electricity distribution grid,46779980.78335
capital,Link,MK0 0,gas DRI,1449.51239
capital,Link,MK0 0,gas pipeline new,3467.10509
capital,Link,MK0 0,heat100-200 industry electric boiler steam,422.12827
capital,Link,MK0 0,heat100-200 industry gas,130228.02311
capital,Link,MK0 0,heat100-200 industry industrial heat pump high temperature,2537123.30287
capital,Link,MK0 0,heat100-200 industry solid biomass,8119.97339
capital,Link,MK0 0,heat200-500 industry gas,12591.80977
capital,Link,MK0 0,heat200-500 industry hydrogen,50.48371
capital,Link,MK0 0,heat200-500 industry solid biomass,190438.88004
capital,Link,MK0 0,heat<100 industry electric boiler steam,436.91979
capital,Link,MK0 0,heat<100 industry gas,161233.13062
capital,Link,MK0 0,heat<100 industry industrial heat pump medium temperature,2760104.88682
capital,Link,MK0 0,heat<100 industry solid biomass,16765.69268
capital,Link,MK0 0,heat>500 industry gas,11107.31207
capital,Link,MK0 0,heat>500 industry hydrogen,714.21902
capital,Link,MK0 0,home battery charger,4186.09776
capital,Link,MK0 0,methanolisation,1813.48397
capital,Link,MK0 0,rural air heat pump,3868.96724
capital,Link,MK0 0,rural biomass boiler,110862572.18314
capital,Link,MK0 0,rural gas boiler,1689.26541
capital,Link,MK0 0,rural ground heat pump,16908.715
capital,Link,MK0 0,rural resistive heater,94465.337
capital,Link,MK0 0,urban central air heat pump,1126462.01449
capital,Link,MK0 0,urban central gas CHP,1433.2906
capital,Link,MK0 0,urban central gas boiler,693609.97403
capital,Link,MK0 0,urban central resistive heater,1533092.89192
capital,Link,MK0 0,urban central solid biomass CHP,44944860.1611
capital,Link,MK0 0,urban central solid biomass CHP CC,18601.2899
capital,Link,MK0 0,urban decentral air heat pump,3843.71626
capital,Link,MK0 0,urban decentral biomass boiler,91098664.16365
capital,Link,MK0 0,urban decentral gas boiler,1687.68145
capital,Link,MK0 0,urban decentral resistive heater,77647.15652
capital,Link,MK0 0,waste CHP,3022.66274
capital,Link,NL0 0,CO2 pipeline,3181.39092
capital,Link,NL0 0,Combined-Cycle Gas,1094826270.5819
capital,Link,NL0 0,DC,70406187.00672
capital,Link,NL0 0,EAF,1919.79023
capital,Link,NL0 0,H2 DRI,1699.07278
capital,Link,NL0 0,H2 Electrolysis,2106167726.7281
capital,Link,NL0 0,Haber-Bosch,36048340.35721
capital,Link,NL0 0,Open-Cycle Gas,1290.33933
capital,Link,NL0 0,SMR,1498.26219
capital,Link,NL0 0,Sabatier,1702.9995
capital,Link,NL0 0,battery charger,6869.1201
capital,Link,NL0 0,biogas to gas,179207938.92019
capital,Link,NL0 0,biomass to liquid,1825.71625
capital,Link,NL0 0,biomass-to-methanol,3172.91091
capital,Link,NL0 0,electricity distribution grid,1707862387.64881
capital,Link,NL0 0,gas DRI,1597.85301
capital,Link,NL0 0,gas pipeline,42931588.67236
capital,Link,NL0 0,heat100-200 industry electric boiler steam,385.87435
capital,Link,NL0 0,heat100-200 industry gas,17164840.99381
capital,Link,NL0 0,heat100-200 industry industrial heat pump high temperature,335545344.31271
capital,Link,NL0 0,heat100-200 industry solid biomass,513.02215
capital,Link,NL0 0,heat200-500 industry gas,1635671.63163
capital,Link,NL0 0,heat200-500 industry hydrogen,65.35539
capital,Link,NL0 0,heat200-500 industry solid biomass,24617452.437
capital,Link,NL0 0,heat<100 industry electric boiler steam,375.38635
capital,Link,NL0 0,heat<100 industry gas,14634720.42657
capital,Link,NL0 0,heat<100 industry industrial heat pump medium temperature,251954872.43828
capital,Link,NL0 0,heat<100 industry solid biomass,506.10857
capital,Link,NL0 0,heat>500 industry gas,15.88853
capital,Link,NL0 0,heat>500 industry hydrogen,55549340.83833
capital,Link,NL0 0,home battery charger,4676.12827
capital,Link,NL0 0,methanolisation,59627464.35629
capital,Link,NL0 0,rural air heat pump,7089.45064
capital,Link,NL0 0,rural biomass boiler,11547210.89408
capital,Link,NL0 0,rural gas boiler,383193866.87589
capital,Link,NL0 0,rural ground heat pump,1092919498.03171
capital,Link,NL0 0,rural resistive heater,47314.00857
capital,Link,NL0 0,urban central air heat pump,155315796.79975
capital,Link,NL0 0,urban central gas CHP,1438.77648
capital,Link,NL0 0,urban central gas boiler,20633948.42946
capital,Link,NL0 0,urban central resistive heater,15145702.95514
capital,Link,NL0 0,urban central solid biomass CHP,369980939.04502
capital,Link,NL0 0,urban central solid biomass CHP CC,9748.48443
capital,Link,NL0 0,urban decentral air heat pump,333328585.58128
capital,Link,NL0 0,urban decentral biomass boiler,106081921.72225
capital,Link,NL0 0,urban decentral gas boiler,3520325571.53888
capital,Link,NL0 0,urban decentral resistive heater,175582060.13424
capital,Link,NL0 0,waste CHP,6701.92673
capital,Link,NO1 0,CO2 pipeline,35811757.07793
capital,Link,NO1 0,Combined-Cycle Gas,78905452.70303
capital,Link,NO1 0,DC,136411573.39264
capital,Link,NO1 0,EAF,1783.96063
capital,Link,NO1 0,H2 DRI,1592.67164
capital,Link,NO1 0,H2 Electrolysis,1820755975.91808
capital,Link,NO1 0,Haber-Bosch,263176161.95229
capital,Link,NO1 0,Open-Cycle Gas,1290.86527
capital,Link,NO1 0,SMR,1407.57737
capital,Link,NO1 0,Sabatier,1588.38056
capital,Link,NO1 0,battery charger,4043.04546
capital,Link,NO1 0,biogas to gas,16995474.02184
capital,Link,NO1 0,biomass to liquid,1818.29805
capital,Link,NO1 0,biomass-to-methanol,3081.37927
capital,Link,NO1 0,electricity distribution grid,820298553.32481
capital,Link,NO1 0,gas DRI,1546.22888
capital,Link,NO1 0,gas pipeline,28954989.67369
capital,Link,NO1 0,gas pipeline new,1248440.98638
capital,Link,NO1 0,heat100-200 industry electric boiler steam,337.39932
capital,Link,NO1 0,heat100-200 industry gas,3671093.66179
capital,Link,NO1 0,heat100-200 industry industrial heat pump high temperature,71763607.63601
capital,Link,NO1 0,heat100-200 industry solid biomass,362.11028
capital,Link,NO1 0,heat200-500 industry gas,429899.20743
capital,Link,NO1 0,heat200-500 industry hydrogen,56.11818
capital,Link,NO1 0,heat200-500 industry solid biomass,6470319.84058
capital,Link,NO1 0,heat<100 industry electric boiler steam,336.99964
capital,Link,NO1 0,heat<100 industry gas,2852549.77524
capital,Link,NO1 0,heat<100 industry industrial heat pump medium temperature,49109499.43848
capital,Link,NO1 0,heat<100 industry solid biomass,378.07008
capital,Link,NO1 0,heat>500 industry gas,13.67211
capital,Link,NO1 0,heat>500 industry hydrogen,23507409.48013
capital,Link,NO1 0,home battery charger,5132.84104
capital,Link,NO1 0,methanolisation,218969900.45162
capital,Link,NO1 0,rural air heat pump,4742.88991
capital,Link,NO1 0,rural biomass boiler,163858502.98534
capital,Link,NO1 0,rural gas boiler,3233.03235
capital,Link,NO1 0,rural ground heat pump,379393519.51871
capital,Link,NO1 0,rural resistive heater,1227090.98941
capital,Link,NO1 0,urban central air heat pump,42766202.7721
capital,Link,NO1 0,urban central gas CHP,1424.32582
capital,Link,NO1 0,urban central gas boiler,10476187.39586
capital,Link,NO1 0,urban central resistive heater,10682585.83289
capital,Link,NO1 0,urban central solid biomass CHP,2123.72581
capital,Link,NO1 0,urban central solid biomass CHP CC,2878.62854
capital,Link,NO1 0,urban decentral air heat pump,1601848465.65645
capital,Link,NO1 0,urban decentral biomass boiler,570579084.51274
capital,Link,NO1 0,urban decentral gas boiler,3157.01112
capital,Link,NO1 0,urban decentral resistive heater,33648541.3302
capital,Link,NO1 0,waste CHP,2724.1982
capital,Link,PL0 0,CO2 pipeline,8598.5527
capital,Link,PL0 0,Combined-Cycle Gas,655711369.00486
capital,Link,PL0 0,DC,56388208.23462
capital,Link,PL0 0,EAF,1827.19331
capital,Link,PL0 0,H2 DRI,1600.51609
capital,Link,PL0 0,H2 Electrolysis,835244163.58852
capital,Link,PL0 0,Haber-Bosch,3296.64209
capital,Link,PL0 0,Open-Cycle Gas,1292.28801
capital,Link,PL0 0,SMR,1616.76444
capital,Link,PL0 0,Sabatier,1155.70251
capital,Link,PL0 0,battery charger,7861.31546
capital,Link,PL0 0,biogas to gas,420587599.80242
capital,Link,PL0 0,biomass to liquid,2110.57577
capital,Link,PL0 0,biomass-to-methanol,4613.14307
capital,Link,PL0 0,electricity distribution grid,1430991335.36667
capital,Link,PL0 0,gas DRI,1589.60378
capital,Link,PL0 0,gas pipeline,23087118.89751
capital,Link,PL0 0,heat100-200 industry electric boiler steam,311.37166
capital,Link,PL0 0,heat100-200 industry gas,11044252.76317
capital,Link,PL0 0,heat100-200 industry industrial heat pump high temperature,215897379.74539
capital,Link,PL0 0,heat100-200 industry solid biomass,1062.26368
capital,Link,PL0 0,heat200-500 industry gas,1407114.67767
capital,Link,PL0 0,heat200-500 industry hydrogen,45.63337
capital,Link,PL0 0,heat200-500 industry solid biomass,21177384.93924
capital,Link,PL0 0,heat<100 industry electric boiler steam,316.75271
capital,Link,PL0 0,heat<100 industry gas,10771395.93937
capital,Link,PL0 0,heat<100 industry industrial heat pump medium temperature,185442150.81464
capital,Link,PL0 0,heat<100 industry solid biomass,1294.15788
capital,Link,PL0 0,heat>500 industry gas,2624713.89707
capital,Link,PL0 0,heat>500 industry hydrogen,26247380.98602
capital,Link,PL0 0,home battery charger,4211.53457
capital,Link,PL0 0,methanolisation,2186.39505
capital,Link,PL0 0,rural air heat pump,6096.4563
capital,Link,PL0 0,rural biomass boiler,1445046935.73858
capital,Link,PL0 0,rural gas boiler,531829904.1857
capital,Link,PL0 0,rural ground heat pump,1551199170.63316
capital,Link,PL0 0,rural resistive heater,42192912.70907
capital,Link,PL0 0,urban central air heat pump,59723153.28053
capital,Link,PL0 0,urban central gas CHP,1431.24304
capital,Link,PL0 0,urban central gas boiler,62959760.67726
capital,Link,PL0 0,urban central resistive heater,28957070.30014
capital,Link,PL0 0,urban central solid biomass CHP,1411613959.25719
capital,Link,PL0 0,urban central solid biomass CHP CC,9258305.16446
capital,Link,PL0 0,urban decentral air heat pump,3961211.13685
capital,Link,PL0 0,urban decentral biomass boiler,1227806836.03752
capital,Link,PL0 0,urban decentral gas boiler,451877635.12653
capital,Link,PL0 0,urban decentral resistive heater,37691907.81875
capital,Link,PL0 0,waste CHP,4634.69026
capital,Link,PT0 0,Combined-Cycle Gas,458028843.90139
capital,Link,PT0 0,H2 Electrolysis,87616955.95573
capital,Link,PT0 0,Haber-Bosch,6375551.78803
capital,Link,PT0 0,Open-Cycle Gas,1294.24144
capital,Link,PT0 0,SMR,9658.75085
capital,Link,PT0 0,Sabatier,1311.48051
capital,Link,PT0 0,battery charger,55676.07016
capital,Link,PT0 0,biogas to gas,82050115.33218
capital,Link,PT0 0,biomass to liquid,3901.99442
capital,Link,PT0 0,biomass-to-methanol,9934.90529
capital,Link,PT0 0,electricity distribution grid,530725077.46085
capital,Link,PT0 0,heat100-200 industry electric boiler steam,284.49498
capital,Link,PT0 0,heat100-200 industry gas,2703718.95989
capital,Link,PT0 0,heat100-200 industry industrial heat pump high temperature,52839071.77859
capital,Link,PT0 0,heat100-200 industry solid biomass,12812.86625
capital,Link,PT0 0,heat200-500 industry gas,352310.95235
capital,Link,PT0 0,heat200-500 industry hydrogen,38.43503
capital,Link,PT0 0,heat200-500 industry solid biomass,5302627.94682
capital,Link,PT0 0,heat<100 industry electric boiler steam,287.31312
capital,Link,PT0 0,heat<100 industry gas,2691316.66361
capital,Link,PT0 0,heat<100 industry industrial heat pump medium temperature,13422.90773
capital,Link,PT0 0,heat<100 industry solid biomass,43196906.74256
capital,Link,PT0 0,heat>500 industry gas,759001.89671
capital,Link,PT0 0,heat>500 industry hydrogen,3830810.38218
capital,Link,PT0 0,home battery charger,6026.74862
capital,Link,PT0 0,methanolisation,7529.92755
capital,Link,PT0 0,rural air heat pump,9373.34483
capital,Link,PT0 0,rural biomass boiler,154601460.5275
capital,Link,PT0 0,rural gas boiler,89226428.20776
capital,Link,PT0 0,rural ground heat pump,608884008.50049
capital,Link,PT0 0,rural resistive heater,103110467.4897
capital,Link,PT0 0,urban central air heat pump,144083.35514
capital,Link,PT0 0,urban central gas CHP,1469.63686
capital,Link,PT0 0,urban central gas boiler,4056511.46591
capital,Link,PT0 0,urban central resistive heater,2066895.80158
capital,Link,PT0 0,urban central solid biomass CHP,125799875.75132
capital,Link,PT0 0,urban central solid biomass CHP CC,562491.01555
capital,Link,PT0 0,urban decentral air heat pump,483575521.51624
capital,Link,PT0 0,urban decentral biomass boiler,200069479.19364
capital,Link,PT0 0,urban decentral gas boiler,115467764.41132
capital,Link,PT0 0,urban decentral resistive heater,108781773.62334
capital,Link,PT0 0,waste CHP,3155.85885
capital,Link,RO0 0,CO2 pipeline,2572.25109
capital,Link,RO0 0,Combined-Cycle Gas,132190271.79376
capital,Link,RO0 0,EAF,1713.44304
capital,Link,RO0 0,H2 DRI,1510.49524
capital,Link,RO0 0,H2 Electrolysis,22517.0045
capital,Link,RO0 0,Haber-Bosch,2293.87443
capital,Link,RO0 0,Open-Cycle Gas,1291.67926
capital,Link,RO0 0,SMR,1615.20648
capital,Link,RO0 0,Sabatier,956.33256
capital,Link,RO0 0,battery charger,6043193.86897
capital,Link,RO0 0,biogas to gas,181838566.07313
capital,Link,RO0 0,biomass to liquid,3130.97556
capital,Link,RO0 0,biomass-to-methanol,6484.47461
capital,Link,RO0 0,electricity distribution grid,482003231.61573
capital,Link,RO0 0,gas DRI,1546.46804
capital,Link,RO0 0,heat100-200 industry electric boiler steam,247.45731
capital,Link,RO0 0,heat100-200 industry gas,4960955.62436
capital,Link,RO0 0,heat100-200 industry industrial heat pump high temperature,96974867.94263
capital,Link,RO0 0,heat100-200 industry solid biomass,3357.64002
capital,Link,RO0 0,heat200-500 industry gas,469766.75045
capital,Link,RO0 0,heat200-500 industry hydrogen,32.3667
capital,Link,RO0 0,heat200-500 industry solid biomass,7069979.10739
capital,Link,RO0 0,heat<100 industry electric boiler steam,243.12154
capital,Link,RO0 0,heat<100 industry gas,3956353.35971
capital,Link,RO0 0,heat<100 industry industrial heat pump medium temperature,45420927.65456
capital,Link,RO0 0,heat<100 industry solid biomass,21163158.77428
capital,Link,RO0 0,heat>500 industry gas,1673702.43589
capital,Link,RO0 0,heat>500 industry hydrogen,313.11292
capital,Link,RO0 0,home battery charger,4164.03222
capital,Link,RO0 0,methanolisation,1401.0623
capital,Link,RO0 0,rural air heat pump,5857.54364
capital,Link,RO0 0,rural biomass boiler,798923468.41182
capital,Link,RO0 0,rural gas boiler,501640939.504
capital,Link,RO0 0,rural ground heat pump,871339138.7809
capital,Link,RO0 0,rural resistive heater,2223982.14367
capital,Link,RO0 0,urban central air heat pump,14818.92647
capital,Link,RO0 0,urban central gas CHP,1437.66432
capital,Link,RO0 0,urban central gas boiler,8405089.13061
capital,Link,RO0 0,urban central resistive heater,5202711.84014
capital,Link,RO0 0,urban central solid biomass CHP,325080846.37931
capital,Link,RO0 0,urban central solid biomass CHP CC,13557.88092
capital,Link,RO0 0,urban decentral air heat pump,8528.46983
capital,Link,RO0 0,urban decentral biomass boiler,663687318.79944
capital,Link,RO0 0,urban decentral gas boiler,416726686.97701
capital,Link,RO0 0,urban decentral resistive heater,12646585.37259
capital,Link,RO0 0,waste CHP,3619.8872
capital,Link,RS0 0,CO2 pipeline,2573.33641
capital,Link,RS0 0,Combined-Cycle Gas,31331644.98517
capital,Link,RS0 0,EAF,1648.63305
capital,Link,RS0 0,H2 DRI,1487.47491
capital,Link,RS0 0,H2 Electrolysis,19584.41971
capital,Link,RS0 0,Haber-Bosch,2427.55366
capital,Link,RS0 0,Open-Cycle Gas,1293.05733
capital,Link,RS0 0,SMR,2088.23637
capital,Link,RS0 0,Sabatier,872.04077
capital,Link,RS0 0,battery charger,7119496.02088
capital,Link,RS0 0,biogas to gas,79473648.42653
capital,Link,RS0 0,biomass to liquid,2972.9983
capital,Link,RS0 0,biomass-to-methanol,6047.62668
capital,Link,RS0 0,electricity distribution grid,233247454.35181
capital,Link,RS0 0,gas DRI,1494.15175
capital,Link,RS0 0,gas pipeline new,25411.61136
capital,Link,RS0 0,heat100-200 industry electric boiler steam,226.4986
capital,Link,RS0 0,heat100-200 industry gas,1147247.67719
capital,Link,RS0 0,heat100-200 industry industrial heat pump high temperature,22421744.23002
capital,Link,RS0 0,heat100-200 industry solid biomass,4327.64241
capital,Link,RS0 0,heat200-500 industry gas,106950.56623
capital,Link,RS0 0,heat200-500 industry hydrogen,43.50285
capital,Link,RS0 0,heat200-500 industry solid biomass,1610354.23962
capital,Link,RS0 0,heat<100 industry electric boiler steam,233.7137
capital,Link,RS0 0,heat<100 industry gas,1252682.39526
capital,Link,RS0 0,heat<100 industry industrial heat pump medium temperature,21555264.60219
capital,Link,RS0 0,heat<100 industry solid biomass,11013.90966
capital,Link,RS0 0,heat>500 industry gas,92999.10925
capital,Link,RS0 0,heat>500 industry hydrogen,349.89812
capital,Link,RS0 0,home battery charger,7497.66264
capital,Link,RS0 0,methanolisation,1364.01272
capital,Link,RS0 0,rural air heat pump,3773.43665
capital,Link,RS0 0,rural biomass boiler,640004827.10995
capital,Link,RS0 0,rural gas boiler,1637.73127
capital,Link,RS0 0,rural ground heat pump,17841.08917
capital,Link,RS0 0,rural resistive heater,545028.33409
capital,Link,RS0 0,urban central air heat pump,528588.37251
capital,Link,RS0 0,urban central gas CHP,1427.93851
capital,Link,RS0 0,urban central gas boiler,7993853.75483
capital,Link,RS0 0,urban central resistive heater,3040969.85699
capital,Link,RS0 0,urban central solid biomass CHP,257964854.52153
capital,Link,RS0 0,urban central solid biomass CHP CC,12721.16817
capital,Link,RS0 0,urban decentral air heat pump,3730.32054
capital,Link,RS0 0,urban decentral biomass boiler,423414503.71217
capital,Link,RS0 0,urban decentral gas boiler,1629.73659
capital,Link,RS0 0,urban decentral resistive heater,360556.12289
capital,Link,RS0 0,waste CHP,3299.85813
capital,Link,SE1 0,Combined-Cycle Gas,5239428.01416
capital,Link,SE1 0,DC,26495334.15163
capital,Link,SE1 0,EAF,1823.98127
capital,Link,SE1 0,H2 DRI,1632.95457
capital,Link,SE1 0,H2 Electrolysis,78355236.98379
capital,Link,SE1 0,Haber-Bosch,6880.92847
capital,Link,SE1 0,Open-Cycle Gas,1291.74308
capital,Link,SE1 0,SMR,1438.31067
capital,Link,SE1 0,Sabatier,1411.48562
capital,Link,SE1 0,battery charger,4053.15332
capital,Link,SE1 0,biogas to gas,108615863.0557
capital,Link,SE1 0,biomass to liquid,19915403.75896
capital,Link,SE1 0,biomass-to-methanol,37825880.98274
capital,Link,SE1 0,electricity distribution grid,1147755929.76793
capital,Link,SE1 0,gas DRI,1550.35579
capital,Link,SE1 0,heat100-200 industry electric boiler steam,395.05729
capital,Link,SE1 0,heat100-200 industry gas,1190636.50709
capital,Link,SE1 0,heat100-200 industry industrial heat pump high temperature,23264007.91928
capital,Link,SE1 0,heat100-200 industry solid biomass,9528.43387
capital,Link,SE1 0,heat200-500 industry gas,130016.40347
capital,Link,SE1 0,heat200-500 industry hydrogen,54.17
capital,Link,SE1 0,heat200-500 industry solid biomass,1957471.70481
capital,Link,SE1 0,heat<100 industry electric boiler steam,369.42653
capital,Link,SE1 0,heat<100 industry gas,4154789.73436
capital,Link,SE1 0,heat<100 industry industrial heat pump medium temperature,71513721.85894
capital,Link,SE1 0,heat<100 industry solid biomass,15260.93589
capital,Link,SE1 0,heat>500 industry gas,16.27389
capital,Link,SE1 0,heat>500 industry hydrogen,4739497.19297
capital,Link,SE1 0,home battery charger,5133.14596
capital,Link,SE1 0,methanolisation,8807.69294
capital,Link,SE1 0,rural air heat pump,4943.58868
capital,Link,SE1 0,rural biomass boiler,36199558.54929
capital,Link,SE1 0,rural gas boiler,3449240.82383
capital,Link,SE1 0,rural ground heat pump,852595422.54976
capital,Link,SE1 0,rural resistive heater,3312229.43207
capital,Link,SE1 0,urban central air heat pump,4576.02689
capital,Link,SE1 0,urban central gas CHP,1428.57416
capital,Link,SE1 0,urban central gas boiler,63389497.69027
capital,Link,SE1 0,urban central resistive heater,23730687.93697
capital,Link,SE1 0,urban central solid biomass CHP,578112136.13036
capital,Link,SE1 0,urban central solid biomass CHP CC,1397950672.40021
capital,Link,SE1 0,urban decentral air heat pump,1316374040.17849
capital,Link,SE1 0,urban decentral biomass boiler,714866825.67406
capital,Link,SE1 0,urban decentral gas boiler,68115411.8318
capital,Link,SE1 0,urban decentral resistive heater,48009765.68343
capital,Link,SE1 0,waste CHP,2892.25101
capital,Link,SI0 0,Combined-Cycle Gas,20328915.57175
capital,Link,SI0 0,H2 Electrolysis,13782.66913
capital,Link,SI0 0,Haber-Bosch,2094.98329
capital,Link,SI0 0,Open-Cycle Gas,1291.58715
capital,Link,SI0 0,SMR,1972.83111
capital,Link,SI0 0,Sabatier,796.95265
capital,Link,SI0 0,battery charger,75015.94717
capital,Link,SI0 0,biogas to gas,9107640.89936
capital,Link,SI0 0,biomass to liquid,2629.15019
capital,Link,SI0 0,biomass-to-methanol,5803.49348
capital,Link,SI0 0,electricity distribution grid,101874374.80742
capital,Link,SI0 0,gas pipeline,3321347.86477
capital,Link,SI0 0,heat100-200 industry electric boiler steam,217.61365
capital,Link,SI0 0,heat100-200 industry gas,1277474.35367
capital,Link,SI0 0,heat100-200 industry industrial heat pump high temperature,24966401.38487
capital,Link,SI0 0,heat100-200 industry solid biomass,5264.88985
capital,Link,SI0 0,heat200-500 industry gas,117442.05147
capital,Link,SI0 0,heat200-500 industry hydrogen,42.29955
capital,Link,SI0 0,heat200-500 industry solid biomass,1768122.7631
capital,Link,SI0 0,heat<100 industry electric boiler steam,242.74089
capital,Link,SI0 0,heat<100 industry gas,564321.55356
capital,Link,SI0 0,heat<100 industry industrial heat pump medium temperature,6576333.22684
capital,Link,SI0 0,heat<100 industry solid biomass,2930913.77533
capital,Link,SI0 0,heat>500 industry gas,258373.72404
capital,Link,SI0 0,heat>500 industry hydrogen,198.94812
capital,Link,SI0 0,home battery charger,4097.13803
capital,Link,SI0 0,methanolisation,1113.4078
capital,Link,SI0 0,rural air heat pump,5956.88578
capital,Link,SI0 0,rural biomass boiler,142736714.77149
capital,Link,SI0 0,rural gas boiler,15082419.46597
capital,Link,SI0 0,rural ground heat pump,81281179.23787
capital,Link,SI0 0,rural resistive heater,1631957.66168
capital,Link,SI0 0,urban central air heat pump,24650.04434
capital,Link,SI0 0,urban central gas CHP,1431.27152
capital,Link,SI0 0,urban central gas boiler,1276031.10575
capital,Link,SI0 0,urban central resistive heater,891863.10085
capital,Link,SI0 0,urban central solid biomass CHP,61212596.05871
capital,Link,SI0 0,urban central solid biomass CHP CC,50377.14278
capital,Link,SI0 0,urban decentral air heat pump,8699621.49432
capital,Link,SI0 0,urban decentral biomass boiler,145968016.99687
capital,Link,SI0 0,urban decentral gas boiler,15423858.28683
capital,Link,SI0 0,urban decentral resistive heater,1785694.1215
capital,Link,SI0 0,waste CHP,3064.50928
capital,Link,SK0 0,Combined-Cycle Gas,81511604.23166
capital,Link,SK0 0,EAF,1768.0285
capital,Link,SK0 0,H2 DRI,1555.7371
capital,Link,SK0 0,H2 Electrolysis,12883.50468
capital,Link,SK0 0,Haber-Bosch,1994.73827
capital,Link,SK0 0,Open-Cycle Gas,1293.0414
capital,Link,SK0 0,SMR,1922.35286
capital,Link,SK0 0,Sabatier,784.02047
capital,Link,SK0 0,battery charger,119165.24147
capital,Link,SK0 0,biogas to gas,85452643.93132
capital,Link,SK0 0,biomass to liquid,2624.64479
capital,Link,SK0 0,biomass-to-methanol,5512.99526
capital,Link,SK0 0,electricity distribution grid,235714897.73019
capital,Link,SK0 0,gas DRI,1565.03672
capital,Link,SK0 0,heat100-200 industry electric boiler steam,220.30057
capital,Link,SK0 0,heat100-200 industry gas,2920762.8948
capital,Link,SK0 0,heat100-200 industry industrial heat pump high temperature,57092135.22417
capital,Link,SK0 0,heat100-200 industry solid biomass,3699.59005
capital,Link,SK0 0,heat200-500 industry gas,274714.01589
capital,Link,SK0 0,heat200-500 industry hydrogen,33.11786
capital,Link,SK0 0,heat200-500 industry solid biomass,4134944.54305
capital,Link,SK0 0,heat<100 industry electric boiler steam,221.18746
capital,Link,SK0 0,heat<100 industry gas,1407700.37569
capital,Link,SK0 0,heat<100 industry industrial heat pump medium temperature,187995.16968
capital,Link,SK0 0,heat<100 industry solid biomass,22426809.71299
capital,Link,SK0 0,heat>500 industry gas,715401.51259
capital,Link,SK0 0,heat>500 industry hydrogen,152.54298
capital,Link,SK0 0,home battery charger,4110.69727
capital,Link,SK0 0,methanolisation,1138.64612
capital,Link,SK0 0,rural air heat pump,5983.75001
capital,Link,SK0 0,rural biomass boiler,12985709.66658
capital,Link,SK0 0,rural gas boiler,352189241.72972
capital,Link,SK0 0,rural ground heat pump,668055354.42654
capital,Link,SK0 0,rural resistive heater,2554191.1938
capital,Link,SK0 0,urban central air heat pump,11295.45823
capital,Link,SK0 0,urban central gas CHP,1427.85654
capital,Link,SK0 0,urban central gas boiler,3550373.8512
capital,Link,SK0 0,urban central resistive heater,2165101.97419
capital,Link,SK0 0,urban central solid biomass CHP,165697988.78895
capital,Link,SK0 0,urban central solid biomass CHP CC,18711.75996
capital,Link,SK0 0,urban decentral air heat pump,16822559.09077
capital,Link,SK0 0,urban decentral biomass boiler,11478982.03607
capital,Link,SK0 0,urban decentral gas boiler,311324839.60569
capital,Link,SK0 0,urban decentral resistive heater,9052941.04803
capital,Link,SK0 0,waste CHP,3307.98602
capital,Link,XK0 0,Combined-Cycle Gas,1354.91145
capital,Link,XK0 0,EAF,1527.5948
capital,Link,XK0 0,H2 DRI,1430.55282
capital,Link,XK0 0,H2 Electrolysis,153355.65526
capital,Link,XK0 0,Haber-Bosch,3220.02047
capital,Link,XK0 0,Open-Cycle Gas,1293.88832
capital,Link,XK0 0,SMR,3299.73424
capital,Link,XK0 0,Sabatier,873.43345
capital,Link,XK0 0,battery charger,12684745.38429
capital,Link,XK0 0,biogas to gas,2494461.29341
capital,Link,XK0 0,biomass to liquid,18761446.85751
capital,Link,XK0 0,biomass-to-methanol,32085388.80005
capital,Link,XK0 0,electricity distribution grid,51473101.46932
capital,Link,XK0 0,gas DRI,1407.82295
capital,Link,XK0 0,heat100-200 industry electric boiler steam,366.83409
capital,Link,XK0 0,heat100-200 industry gas,117832.94807
capital,Link,XK0 0,heat100-200 industry industrial heat pump high temperature,5284.83966
capital,Link,XK0 0,heat100-200 industry solid biomass,1888261.02058
capital,Link,XK0 0,heat200-500 industry gas,14688.10816
capital,Link,XK0 0,heat200-500 industry hydrogen,43.96089
capital,Link,XK0 0,heat200-500 industry solid biomass,222016.57372
capital,Link,XK0 0,heat<100 industry electric boiler steam,367.62305
capital,Link,XK0 0,heat<100 industry gas,124027.25603
capital,Link,XK0 0,heat<100 industry industrial heat pump medium temperature,3763.75909
capital,Link,XK0 0,heat<100 industry solid biomass,1988602.84485
capital,Link,XK0 0,heat>500 industry gas,23897.97352
capital,Link,XK0 0,heat>500 industry hydrogen,388.55631
capital,Link,XK0 0,home battery charger,77716.03209
capital,Link,XK0 0,methanolisation,1583.23265
capital,Link,XK0 0,rural air heat pump,5264.10749
capital,Link,XK0 0,rural biomass boiler,152378.51412
capital,Link,XK0 0,rural gas boiler,1646.43495
capital,Link,XK0 0,rural ground heat pump,4655690.92126
capital,Link,XK0 0,rural resistive heater,2675.36478
capital,Link,XK0 0,urban central air heat pump,2212.12979
capital,Link,XK0 0,urban central gas CHP,1306.44004
capital,Link,XK0 0,urban central gas boiler,1275.47341
capital,Link,XK0 0,urban central resistive heater,53346.2648
capital,Link,XK0 0,urban central solid biomass CHP,997417.52522
capital,Link,XK0 0,urban central solid biomass CHP CC,31091.7664
capital,Link,XK0 0,urban decentral air heat pump,5387.52836
capital,Link,XK0 0,urban decentral biomass boiler,3701283.42625
capital,Link,XK0 0,urban decentral gas boiler,1405.88628
capital,Link,XK0 0,urban decentral resistive heater,3893.44646
capital,Link,XK0 0,waste CHP,1964.67001
capital,StorageUnit,AL0 0,Reservoir & Dam,308888750.57444
capital,StorageUnit,AT0 0,Pumped Hydro Storage,968906199.16096
capital,StorageUnit,AT0 0,Reservoir & Dam,795309515.52648
capital,StorageUnit,BA0 0,Pumped Hydro Storage,80387443.22041
capital,StorageUnit,BA0 0,Reservoir & Dam,324016205.79865
capital,StorageUnit,BE0 0,Pumped Hydro Storage,238969944.84614
capital,StorageUnit,BE0 0,Reservoir & Dam,2326790.57208
capital,StorageUnit,BG0 0,Pumped Hydro Storage,157851706.68736
capital,StorageUnit,BG0 0,Reservoir & Dam,351720641.91216
capital,StorageUnit,CH0 0,Pumped Hydro Storage,933142921.86461
capital,StorageUnit,CH0 0,Reservoir & Dam,1910456916.79149
capital,StorageUnit,CZ0 0,Pumped Hydro Storage,214672758.22305
capital,StorageUnit,CZ0 0,Reservoir & Dam,122953307.34807
capital,StorageUnit,DE0 0,Pumped Hydro Storage,58463595.06939
capital,StorageUnit,DE0 1,Pumped Hydro Storage,283200943.09336
capital,StorageUnit,DE0 2,Pumped Hydro Storage,380652813.52212
capital,StorageUnit,DE0 3,Pumped Hydro Storage,107885064.36636
capital,StorageUnit,DE0 4,Pumped Hydro Storage,310204181.4635
capital,StorageUnit,DE0 5,Pumped Hydro Storage,182662194.84493
capital,StorageUnit,ES0 0,Pumped Hydro Storage,1369939056.52681
capital,StorageUnit,ES0 0,Reservoir & Dam,2495507959.01041
capital,StorageUnit,ES6 0,Pumped Hydro Storage,250735743.35386
capital,StorageUnit,ES6 0,Reservoir & Dam,230966826.77735
capital,StorageUnit,FI1 0,Reservoir & Dam,213940218.20706
capital,StorageUnit,FR0 0,Pumped Hydro Storage,147620577.55022
capital,StorageUnit,FR0 1,Pumped Hydro Storage,640779271.834
capital,StorageUnit,FR0 1,Reservoir & Dam,860935785.39339
capital,StorageUnit,FR0 2,Pumped Hydro Storage,168265534.55909
capital,StorageUnit,FR0 2,Reservoir & Dam,655378064.4141
capital,StorageUnit,FR0 4,Reservoir & Dam,25395124.10827
capital,StorageUnit,FR5 0,Reservoir & Dam,24657347.05265
capital,StorageUnit,GB2 0,Reservoir & Dam,14524549.40005
capital,StorageUnit,GB3 0,Pumped Hydro Storage,80387443.22041
capital,StorageUnit,GB3 0,Reservoir & Dam,25943220.31204
capital,StorageUnit,GR0 0,Pumped Hydro Storage,127706415.4797
capital,StorageUnit,GR0 0,Reservoir & Dam,468804952.96269
capital,StorageUnit,HR0 0,Pumped Hydro Storage,44889079.08922
capital,StorageUnit,HR0 0,Reservoir & Dam,265352456.70155
capital,StorageUnit,HU0 0,Reservoir & Dam,5115564.56857
capital,StorageUnit,IE3 0,Pumped Hydro Storage,71617903.96001
capital,StorageUnit,IE3 0,Reservoir & Dam,182698.73459
capital,StorageUnit,IT0 0,Pumped Hydro Storage,437746168.08208
capital,StorageUnit,IT0 0,Reservoir & Dam,133187377.51746
capital,StorageUnit,IT0 1,Pumped Hydro Storage,901782684.07192
capital,StorageUnit,IT0 1,Reservoir & Dam,618946773.05027
capital,StorageUnit,IT4 0,Pumped Hydro Storage,43847696.30204
capital,StorageUnit,IT4 0,Reservoir & Dam,14250501.29816
capital,StorageUnit,LT0 0,Pumped Hydro Storage,164428861.13267
capital,StorageUnit,LU0 0,Pumped Hydro Storage,236412162.56186
capital,StorageUnit,ME0 0,Pumped Hydro Storage,56088511.5197
capital,StorageUnit,ME0 0,Reservoir & Dam,63023938.18354
capital,StorageUnit,MK0 0,Reservoir & Dam,67781230.53358
capital,StorageUnit,NO1 0,Pumped Hydro Storage,42806313.51487
capital,StorageUnit,NO1 0,Reservoir & Dam,5530456951.94381
capital,StorageUnit,PL0 0,Pumped Hydro Storage,465516375.74004
capital,StorageUnit,PL0 0,Reservoir & Dam,24297768.01451
capital,StorageUnit,PT0 0,Pumped Hydro Storage,716727135.80383
capital,StorageUnit,PT0 0,Reservoir & Dam,211820912.88579
capital,StorageUnit,RO0 0,Reservoir & Dam,812998407.00966
capital,StorageUnit,RS0 0,Pumped Hydro Storage,112177023.0394
capital,StorageUnit,RS0 0,Reservoir & Dam,144350270.20102
capital,StorageUnit,SE1 0,Pumped Hydro Storage,16808283.58245
capital,StorageUnit,SE1 0,Reservoir & Dam,1987613629.76376
capital,StorageUnit,SI0 0,Pumped Hydro Storage,32885772.22653
capital,StorageUnit,SI0 0,Reservoir & Dam,105269183.88448
capital,StorageUnit,SK0 0,Pumped Hydro Storage,150273363.17649
capital,StorageUnit,SK0 0,Reservoir & Dam,51594122.64874
capital,StorageUnit,XK0 0,Reservoir & Dam,6394455.71071
capital,Store,AL0 0,Battery Storage,99949432.38039
capital,Store,AL0 0,H2 Store,8764.19201
capital,Store,AL0 0,co2 stored,2661.26673
capital,Store,AL0 0,gas,2639.93383
capital,Store,AL0 0,home battery,5721.52311
capital,Store,AT0 0,Battery Storage,174364449.09471
capital,Store,AT0 0,H2 Store,2733.90191
capital,Store,AT0 0,co2 stored,7084.30416
capital,Store,AT0 0,gas,1558082752.0262
capital,Store,AT0 0,home battery,5499.72425
capital,Store,BA0 0,Battery Storage,26551271.51784
capital,Store,BA0 0,H2 Store,5186.49705
capital,Store,BA0 0,co2 stored,2702.67557
capital,Store,BA0 0,gas,51991.65709
capital,Store,BA0 0,home battery,5491.28259
capital,Store,BE0 0,Battery Storage,42286.90102
capital,Store,BE0 0,H2 Store,4384.1826
capital,Store,BE0 0,co2 stored,11728.91033
capital,Store,BE0 0,gas,9733986.40272
capital,Store,BE0 0,home battery,6816.30885
capital,Store,BG0 0,Battery Storage,267618578.68335
capital,Store,BG0 0,H2 Store,2870.77204
capital,Store,BG0 0,co2 sequestered,12175.8866
capital,Store,BG0 0,co2 stored,2652.62657
capital,Store,BG0 0,gas,101394842.22434
capital,Store,BG0 0,home battery,601012.54343
capital,Store,CH0 0,Battery Storage,35137.12946
capital,Store,CH0 0,H2 Store,2868.87105
capital,Store,CH0 0,co2 stored,5012.36321
capital,Store,CH0 0,gas,7519.83566
capital,Store,CH0 0,home battery,108124.33656
capital,Store,CZ0 0,Battery Storage,41294.24719
capital,Store,CZ0 0,H2 Store,2862.23369
capital,Store,CZ0 0,co2 stored,9476.37137
capital,Store,CZ0 0,gas,655369292.19978
capital,Store,CZ0 0,home battery,6944.78761
capital,Store,DE0 0,Battery Storage,21601.64155
capital,Store,DE0 0,H2 Store,60692753.27787
capital,Store,DE0 0,co2 sequestered,326015.73629
capital,Store,DE0 0,co2 stored,21718.30463
capital,Store,DE0 0,gas,1646927978.79239
capital,Store,DE0 0,home battery,5872.62924
capital,Store,DE0 1,Battery Storage,44262.97006
capital,Store,DE0 1,H2 Store,3271.69685
capital,Store,DE0 1,co2 stored,20687.94274
capital,Store,DE0 1,gas,619965310.77409
capital,Store,DE0 1,home battery,5960.6832
capital,Store,DE0 2,Battery Storage,24907.91903
capital,Store,DE0 2,H2 Store,56246474.49993
capital,Store,DE0 2,co2 sequestered,4380883.41077
capital,Store,DE0 2,co2 stored,38582.71585
capital,Store,DE0 2,gas,1124457661.10928
capital,Store,DE0 2,home battery,6015.1825
capital,Store,DE0 3,Battery Storage,135803596.15821
capital,Store,DE0 3,H2 Store,2729.12763
capital,Store,DE0 3,co2 stored,18465.61425
capital,Store,DE0 3,gas,604672265.76304
capital,Store,DE0 3,home battery,5540.38572
capital,Store,DE0 4,Battery Storage,107375.11383
capital,Store,DE0 4,H2 Store,2806.99284
capital,Store,DE0 4,co2 stored,66754.08128
capital,Store,DE0 4,gas,107939490.04699
capital,Store,DE0 4,home battery,5475.86308
capital,Store,DE0 5,Battery Storage,32665.00193
capital,Store,DE0 5,H2 Store,27759429.73588
capital,Store,DE0 5,co2 stored,29807.45053
capital,Store,DE0 5,gas,617599820.23295
capital,Store,DE0 5,home battery,6165.9985
capital,Store,DK0 0,Battery Storage,13073.21983
capital,Store,DK0 0,H2 Store,55060902.69979
capital,Store,DK0 0,co2 sequestered,20299400.70261
capital,Store,DK0 0,co2 stored,634588.52545
capital,Store,DK0 0,gas,67934711.28523
capital,Store,DK0 0,home battery,6866.40504
capital,Store,DK1 0,Battery Storage,8881.40866
capital,Store,DK1 0,H2 Store,30039119.8913
capital,Store,DK1 0,co2 sequestered,21613380.89976
capital,Store,DK1 0,co2 stored,56382.91766
capital,Store,DK1 0,gas,121673686.22429
capital,Store,DK1 0,home battery,10122.06526
capital,Store,EE0 0,Battery Storage,6010.28531
capital,Store,EE0 0,H2 Store,26255.66018
capital,Store,EE0 0,co2 sequestered,6779208.58797
capital,Store,EE0 0,co2 stored,2534.43002
capital,Store,EE0 0,gas,55696.4592
capital,Store,EE0 0,home battery,8673.61343
capital,Store,ES0 0,Battery Storage,2522279452.67624
capital,Store,ES0 0,H2 Store,41767590.09496
capital,Store,ES0 0,co2 sequestered,14665.29198
capital,Store,ES0 0,co2 stored,2984.86157
capital,Store,ES0 0,gas,739154022.97422
capital,Store,ES0 0,home battery,5785.18397
capital,Store,ES6 0,Battery Storage,4168.65197
capital,Store,ES6 0,H2 Store,7283.15842
capital,Store,ES6 0,co2 stored,3458.56829
capital,Store,ES6 0,gas,9997.35866
capital,Store,ES6 0,home battery,12712.17039
capital,Store,EU,ammonia store,19083033.71141
capital,Store,EU,methanol,0.0
capital,Store,EU,uranium,12178447915.53234
capital,Store,FI1 0,Battery Storage,3415.59972
capital,Store,FI1 0,H2 Store,5614.01301
capital,Store,FI1 0,co2 stored,26795.88345
capital,Store,FI1 0,gas,115237.86698
capital,Store,FI1 0,home battery,8931.21183
capital,Store,FR0 0,Battery Storage,8244.9336
capital,Store,FR0 0,H2 Store,6510355.84848
capital,Store,FR0 0,co2 stored,13282.716
capital,Store,FR0 0,gas,1806246843.04623
capital,Store,FR0 0,home battery,21596.21335
capital,Store,FR0 1,Battery Storage,12727.44779
capital,Store,FR0 1,H2 Store,32681122.0239
capital,Store,FR0 1,co2 stored,4237.69415
capital,Store,FR0 1,gas,146008353.13476
capital,Store,FR0 1,home battery,11710.72228
capital,Store,FR0 2,Battery Storage,9342.10192
capital,Store,FR0 2,H2 Store,4577.76499
capital,Store,FR0 2,co2 stored,4130.36916
capital,Store,FR0 2,gas,588089603.66667
capital,Store,FR0 2,home battery,13453.93982
capital,Store,FR0 3,Battery Storage,8137.13007
capital,Store,FR0 3,H2 Store,4787859.9785
capital,Store,FR0 3,co2 stored,5764.056
capital,Store,FR0 3,gas,845253.82289
capital,Store,FR0 3,home battery,21592.67244
capital,Store,FR0 4,Battery Storage,9592.97835
capital,Store,FR0 4,H2 Store,19417120.47996
capital,Store,FR0 4,co2 stored,13433.18557
capital,Store,FR0 4,gas,256207386.39651
capital,Store,FR0 4,home battery,20459.09441
capital,Store,FR5 0,Battery Storage,86449469.02066
capital,Store,FR5 0,H2 Store,3585.60478
capital,Store,FR5 0,co2 stored,2810.62469
capital,Store,FR5 0,gas,58660.98065
capital,Store,FR5 0,home battery,299075.63869
capital,Store,GB2 0,Battery Storage,10498.46584
capital,Store,GB2 0,H2 Store,165043503.99091
capital,Store,GB2 0,co2 sequestered,4112446.43541
capital,Store,GB2 0,co2 stored,2322625.51052
capital,Store,GB2 0,gas,586813162.24484
capital,Store,GB2 0,home battery,6608.75233
capital,Store,GB2 1,Battery Storage,11379.71129
capital,Store,GB2 1,H2 Store,195413770.40144
capital,Store,GB2 1,co2 sequestered,7633359.12885
capital,Store,GB2 1,co2 stored,2694728.13505
capital,Store,GB2 1,gas,1806246035.11999
capital,Store,GB2 1,home battery,6748.76722
capital,Store,GB3 0,Battery Storage,12196.51047
capital,Store,GB3 0,H2 Store,12171188.77474
capital,Store,GB3 0,co2 stored,1891152.58119
capital,Store,GB3 0,gas,83830507.21983
capital,Store,GB3 0,home battery,6925.4507
capital,Store,GR0 0,Battery Storage,438590060.4139
capital,Store,GR0 0,H2 Store,1789389.22279
capital,Store,GR0 0,co2 sequestered,11801.31756
capital,Store,GR0 0,co2 stored,2671.13019
capital,Store,GR0 0,gas,83830501.45621
capital,Store,GR0 0,home battery,10041.7979
capital,Store,HR0 0,Battery Storage,38555781.8117
capital,Store,HR0 0,H2 Store,2731.78457
capital,Store,HR0 0,co2 stored,2800.49446
capital,Store,HR0 0,gas,179141501.24818
capital,Store,HR0 0,home battery,5688.57498
capital,Store,HU0 0,Battery Storage,139900026.51457
capital,Store,HU0 0,H2 Store,2743.26943
capital,Store,HU0 0,co2 stored,3001.6291
capital,Store,HU0 0,gas,1593552159.15886
capital,Store,HU0 0,home battery,5969.89696
capital,Store,IE3 0,Battery Storage,12633.40321
capital,Store,IE3 0,H2 Store,21548064.17112
capital,Store,IE3 0,co2 sequestered,1032478.15387
capital,Store,IE3 0,co2 stored,14120.63457
capital,Store,IE3 0,gas,167664016.94288
capital,Store,IE3 0,home battery,6033.92609
capital,Store,IT0 0,Battery Storage,1985662124.4707
capital,Store,IT0 0,H2 Store,3314.97831
capital,Store,IT0 0,co2 sequestered,4939.46936
capital,Store,IT0 0,co2 stored,2778.90934
capital,Store,IT0 0,gas,862076544.78558
capital,Store,IT0 0,home battery,7326.43138
capital,Store,IT0 1,Battery Storage,1079613743.16055
capital,Store,IT0 1,H2 Store,2761.60783
capital,Store,IT0 1,co2 sequestered,41039.46386
capital,Store,IT0 1,co2 stored,3610.50289
capital,Store,IT0 1,gas,1806246237.12798
capital,Store,IT0 1,home battery,5489.72686
capital,Store,IT4 0,Battery Storage,145892247.87453
capital,Store,IT4 0,H2 Store,4376.53722
capital,Store,IT4 0,co2 stored,2788.64653
capital,Store,IT4 0,gas,286867.72384
capital,Store,IT4 0,home battery,9568.36096
capital,Store,LT0 0,Battery Storage,6180.8135
capital,Store,LT0 0,H2 Store,215707.42167
capital,Store,LT0 0,co2 sequestered,18145.16794
capital,Store,LT0 0,co2 stored,2547.67963
capital,Store,LT0 0,gas,65896.80414
capital,Store,LT0 0,home battery,3641.80335
capital,Store,LU0 0,Battery Storage,34932032.01815
capital,Store,LU0 0,H2 Store,5350.19844
capital,Store,LU0 0,co2 stored,7729.7231
capital,Store,LU0 0,gas,50159.65165
capital,Store,LU0 0,home battery,8790.09673
capital,Store,LV0 0,Battery Storage,6017.8277
capital,Store,LV0 0,H2 Store,221499.54596
capital,Store,LV0 0,co2 sequestered,11563727.26025
capital,Store,LV0 0,co2 stored,2534.28419
capital,Store,LV0 0,gas,435997177.25398
capital,Store,LV0 0,home battery,3764.12638
capital,Store,ME0 0,Battery Storage,120569846.48648
capital,Store,ME0 0,H2 Store,3086.11443
capital,Store,ME0 0,co2 stored,2674.45277
capital,Store,ME0 0,gas,2613.03513
capital,Store,ME0 0,home battery,39041.68919
capital,Store,MK0 0,Battery Storage,1294707.68025
capital,Store,MK0 0,H2 Store,3293.64405
capital,Store,MK0 0,co2 stored,2659.01232
capital,Store,MK0 0,gas,12153.42481
capital,Store,MK0 0,home battery,5574.83035
capital,Store,NL0 0,Battery Storage,17562.51126
capital,Store,NL0 0,H2 Store,122676935.23999
capital,Store,NL0 0,co2 sequestered,1251578.41031
capital,Store,NL0 0,co2 stored,1384145.84664
capital,Store,NL0 0,gas,1806246395.68946
capital,Store,NL0 0,home battery,7068.94153
capital,Store,NO1 0,Battery Storage,2714.44461
capital,Store,NO1 0,H2 Store,2578.52585
capital,Store,NO1 0,co2 sequestered,149067.19892
capital,Store,NO1 0,co2 stored,6016.76129
capital,Store,NO1 0,gas,9153.61324
capital,Store,NO1 0,home battery,8184.17961
capital,Store,PL0 0,Battery Storage,24390.85546
capital,Store,PL0 0,H2 Store,53724226.19908
capital,Store,PL0 0,co2 sequestered,1067160.24353
capital,Store,PL0 0,co2 stored,49355.1261
capital,Store,PL0 0,gas,1806247765.9277
capital,Store,PL0 0,home battery,6024.97705
capital,Store,PT0 0,Battery Storage,175581.74751
capital,Store,PT0 0,H2 Store,10206782.11805
capital,Store,PT0 0,co2 sequestered,24214.6962
capital,Store,PT0 0,co2 stored,2712.52063
capital,Store,PT0 0,gas,83830592.54568
capital,Store,PT0 0,home battery,9680.24436
capital,Store,RO0 0,Battery Storage,27767369.59656
capital,Store,RO0 0,H2 Store,4572.13671
capital,Store,RO0 0,co2 stored,2668.62445
capital,Store,RO0 0,gas,925471540.29694
capital,Store,RO0 0,home battery,5969.26498
capital,Store,RS0 0,Battery Storage,32765835.34284
capital,Store,RS0 0,H2 Store,2876.42984
capital,Store,RS0 0,co2 stored,2686.56647
capital,Store,RS0 0,gas,83830499.24135
capital,Store,RS0 0,home battery,12075.81283
capital,Store,SE1 0,Battery Storage,3088.27655
capital,Store,SE1 0,H2 Store,3351.87004
capital,Store,SE1 0,co2 sequestered,3177401.94579
capital,Store,SE1 0,co2 stored,3251.5159
capital,Store,SE1 0,gas,63878778.88036
capital,Store,SE1 0,home battery,8184.36645
capital,Store,SI0 0,Battery Storage,232312.70844
capital,Store,SI0 0,H2 Store,2729.76714
capital,Store,SI0 0,co2 stored,3168.2676
capital,Store,SI0 0,gas,69273.11531
capital,Store,SI0 0,home battery,5407.41407
capital,Store,SK0 0,Battery Storage,511710.51444
capital,Store,SK0 0,H2 Store,2759.51124
capital,Store,SK0 0,co2 stored,3285.04713
capital,Store,SK0 0,gas,608401618.62624
capital,Store,SK0 0,home battery,5871.36256
capital,Store,XK0 0,Battery Storage,44551462.61736
capital,Store,XK0 0,H2 Store,4047.88698
capital,Store,XK0 0,co2 stored,2663.95268
capital,Store,XK0 0,gas,2696.73117
capital,Store,XK0 0,home battery,124880.55768
marginal,Generator,,co2-ets,14841040918.50948
marginal,Generator,AL0 0,Offshore Wind (AC),0.30626
marginal,Generator,AL0 0,Offshore Wind (Floating),0.36
marginal,Generator,AL0 0,Onshore Wind,2104.9722
marginal,Generator,AL0 0,Run of River,2089.7944
marginal,Generator,AL0 0,Solar,7636.68005
marginal,Generator,AL0 0,forest residues,6443429.36313
marginal,Generator,AL0 0,industry wood,3919358.27948
marginal,Generator,AL0 0,landscape care,711.57864
marginal,Generator,AL0 0,manure and slurry,3204225.02229
marginal,Generator,AL0 0,municipal solid waste,1601.98064
marginal,Generator,AL0 0,rural heat vent,12.12652
marginal,Generator,AL0 0,rural solar thermal,0.16571
marginal,Generator,AL0 0,sewage sludge,59190.63429
marginal,Generator,AL0 0,solar-hsat,211300.77456
marginal,Generator,AL0 0,solid biomass,50431018.67063
marginal,Generator,AL0 0,straw,1633514.62745
marginal,Generator,AL0 0,unsustainable solid biomass,17858308.23931
marginal,Generator,AL0 0,urban central heat vent,403.99225
marginal,Generator,AL0 0,urban central solar thermal,0.75795
marginal,Generator,AL0 0,urban decentral heat vent,13.44828
marginal,Generator,AL0 0,urban decentral solar thermal,0.1657
marginal,Generator,AT0 0,Onshore Wind,89670.01623
marginal,Generator,AT0 0,Run of River,204467.59616
marginal,Generator,AT0 0,Solar,7992.84721
marginal,Generator,AT0 0,forest residues,138825251.87624
marginal,Generator,AT0 0,gas,250052176.17382
marginal,Generator,AT0 0,industry wood,78666919.76194
marginal,Generator,AT0 0,landscape care,4082377.02051
marginal,Generator,AT0 0,manure and slurry,8767749.06261
marginal,Generator,AT0 0,municipal solid waste,7233.60863
marginal,Generator,AT0 0,rural solar thermal,0.07408
marginal,Generator,AT0 0,sewage sludge,6322187.72989
marginal,Generator,AT0 0,solar-hsat,1188528.40091
marginal,Generator,AT0 0,solid biomass,2635.5116
marginal,Generator,AT0 0,straw,24171675.61284
marginal,Generator,AT0 0,unsustainable biogas,102843192.08405
marginal,Generator,AT0 0,unsustainable bioliquids,420166566.87511
marginal,Generator,AT0 0,unsustainable solid biomass,520608719.30271
marginal,Generator,AT0 0,urban central heat vent,30557.32551
marginal,Generator,AT0 0,urban central solar thermal,0.24788
marginal,Generator,AT0 0,urban decentral heat vent,16.27449
marginal,Generator,AT0 0,urban decentral solar thermal,0.15166
marginal,Generator,BA0 0,Offshore Wind (AC),0.14888
marginal,Generator,BA0 0,Offshore Wind (Floating),0.04597
marginal,Generator,BA0 0,Onshore Wind,4042.95811
marginal,Generator,BA0 0,Solar,6203.81133
marginal,Generator,BA0 0,forest residues,8076280.72129
marginal,Generator,BA0 0,industry wood,13287579.85531
marginal,Generator,BA0 0,landscape care,1550.38757
marginal,Generator,BA0 0,manure and slurry,2853433.86587
marginal,Generator,BA0 0,municipal solid waste,440.49318
marginal,Generator,BA0 0,rural heat vent,13.04745
marginal,Generator,BA0 0,rural solar thermal,0.0898
marginal,Generator,BA0 0,sewage sludge,149922.22431
marginal,Generator,BA0 0,solar-hsat,232623.8094
marginal,Generator,BA0 0,solid biomass,20714897.45082
marginal,Generator,BA0 0,straw,3037590.51545
marginal,Generator,BA0 0,unsustainable biogas,766898.34436
marginal,Generator,BA0 0,unsustainable solid biomass,161935919.97124
marginal,Generator,BA0 0,urban central heat vent,4435.80373
marginal,Generator,BA0 0,urban central solar thermal,0.51072
marginal,Generator,BA0 0,urban decentral heat vent,12.88041
marginal,Generator,BA0 0,urban decentral solar thermal,0.09356
marginal,Generator,BE0 0,Offshore Wind (AC),237503.65767
marginal,Generator,BE0 0,Offshore Wind (DC),94100.1436
marginal,Generator,BE0 0,Offshore Wind (Floating),0.6167
marginal,Generator,BE0 0,Onshore Wind,946464.35286
marginal,Generator,BE0 0,Run of River,2814.77061
marginal,Generator,BE0 0,Solar,9297.26344
marginal,Generator,BE0 0,forest residues,41724387.36379
marginal,Generator,BE0 0,gas,775358367.75532
marginal,Generator,BE0 0,industry wood,11815353.87157
marginal,Generator,BE0 0,landscape care,5046218.53145
marginal,Generator,BE0 0,manure and slurry,68302241.77438
marginal,Generator,BE0 0,municipal solid waste,31641.36783
marginal,Generator,BE0 0,rural solar thermal,0.00533
marginal,Generator,BE0 0,sewage sludge,23150805.85996
marginal,Generator,BE0 0,solar-hsat,506852.02126
marginal,Generator,BE0 0,solid biomass,703026128.52245
marginal,Generator,BE0 0,straw,8230609.11567
marginal,Generator,BE0 0,unsustainable biogas,111024826.99934
marginal,Generator,BE0 0,unsustainable bioliquids,481333982.66505
marginal,Generator,BE0 0,unsustainable solid biomass,133295150.36519
marginal,Generator,BE0 0,urban central heat vent,2520.82071
marginal,Generator,BE0 0,urban central solar thermal,0.10491
marginal,Generator,BE0 0,urban decentral heat vent,16.46247
marginal,Generator,BE0 0,urban decentral solar thermal,0.02796
marginal,Generator,BG0 0,Offshore Wind (AC),95835.94761
marginal,Generator,BG0 0,Offshore Wind (DC),1230.06264
marginal,Generator,BG0 0,Offshore Wind (Floating),0.83061
marginal,Generator,BG0 0,Onshore Wind,15382.00651
marginal,Generator,BG0 0,Run of River,1548.09323
marginal,Generator,BG0 0,Solar,63952.42953
marginal,Generator,BG0 0,forest residues,65872487.24867
marginal,Generator,BG0 0,gas,53344833.5662
marginal,Generator,BG0 0,industry wood,19931512.58787
marginal,Generator,BG0 0,landscape care,4458487.08102
marginal,Generator,BG0 0,manure and slurry,10852423.39381
marginal,Generator,BG0 0,municipal solid waste,2918.48223
marginal,Generator,BG0 0,rural solar thermal,0.11346
marginal,Generator,BG0 0,sewage sludge,141.83106
marginal,Generator,BG0 0,solar-hsat,479975.85128
marginal,Generator,BG0 0,solid biomass,4429.69806
marginal,Generator,BG0 0,straw,32663896.79985
marginal,Generator,BG0 0,unsustainable biogas,24422925.53406
marginal,Generator,BG0 0,unsustainable bioliquids,174228531.56096
marginal,Generator,BG0 0,unsustainable solid biomass,180754319.99957
marginal,Generator,BG0 0,urban central heat vent,15079.75422
marginal,Generator,BG0 0,urban central solar thermal,0.29717
marginal,Generator,BG0 0,urban decentral heat vent,26.43043
marginal,Generator,BG0 0,urban decentral solar thermal,0.13538
marginal,Generator,CH0 0,Onshore Wind,535.58076
marginal,Generator,CH0 0,Run of River,115724.68096
marginal,Generator,CH0 0,Solar,2072.81013
marginal,Generator,CH0 0,forest residues,173386040.46979
marginal,Generator,CH0 0,industry wood,76653034.85812
marginal,Generator,CH0 0,landscape care,16176.02627
marginal,Generator,CH0 0,manure and slurry,206756.92402
marginal,Generator,CH0 0,municipal solid waste,73281.67464
marginal,Generator,CH0 0,rural solar thermal,0.03664
marginal,Generator,CH0 0,sewage sludge,4463.21193
marginal,Generator,CH0 0,solar-hsat,1324977.60986
marginal,Generator,CH0 0,solid biomass,64766068.45904
marginal,Generator,CH0 0,straw,53709.82148
marginal,Generator,CH0 0,unsustainable solid biomass,22147.81698
marginal,Generator,CH0 0,urban central heat vent,39.33026
marginal,Generator,CH0 0,urban central solar thermal,0.32526
marginal,Generator,CH0 0,urban decentral heat vent,20.58729
marginal,Generator,CH0 0,urban decentral solar thermal,0.04274
marginal,Generator,CZ0 0,Onshore Wind,837181.41293
marginal,Generator,CZ0 0,Run of River,1307.13556
marginal,Generator,CZ0 0,Solar,28333.85744
marginal,Generator,CZ0 0,forest residues,105287291.65118
marginal,Generator,CZ0 0,industry wood,51907075.50874
marginal,Generator,CZ0 0,landscape care,9266133.49609
marginal,Generator,CZ0 0,manure and slurry,80014313.6065
marginal,Generator,CZ0 0,municipal solid waste,3038.05182
marginal,Generator,CZ0 0,rural solar thermal,0.03883
marginal,Generator,CZ0 0,sewage sludge,867448.34793
marginal,Generator,CZ0 0,solar-hsat,61622.2296
marginal,Generator,CZ0 0,solid biomass,300349202.89517
marginal,Generator,CZ0 0,straw,40935301.18313
marginal,Generator,CZ0 0,unsustainable biogas,278560953.23699
marginal,Generator,CZ0 0,unsustainable bioliquids,295370935.11434
marginal,Generator,CZ0 0,unsustainable solid biomass,375903334.1157
marginal,Generator,CZ0 0,urban central heat vent,3766.56384
marginal,Generator,CZ0 0,urban central solar thermal,0.22184
marginal,Generator,CZ0 0,urban decentral heat vent,12.17595
marginal,Generator,CZ0 0,urban decentral solar thermal,0.05271
marginal,Generator,DE0 0,Offshore Wind (AC),235709.74906
marginal,Generator,DE0 0,Offshore Wind (DC),198985.82967
marginal,Generator,DE0 0,Offshore Wind (Floating),0.21638
marginal,Generator,DE0 0,Onshore Wind,2377873.96605
marginal,Generator,DE0 0,Run of River,3305.8682
marginal,Generator,DE0 0,Solar,53780.39387
marginal,Generator,DE0 0,forest residues,86036353.73303
marginal,Generator,DE0 0,gas,797265.54196
marginal,Generator,DE0 0,industry wood,37419634.01976
marginal,Generator,DE0 0,landscape care,3005611.45041
marginal,Generator,DE0 0,manure and slurry,59648880.78184
marginal,Generator,DE0 0,municipal solid waste,18343.38451
marginal,Generator,DE0 0,rural solar thermal,0.03591
marginal,Generator,DE0 0,sewage sludge,2699303.7429
marginal,Generator,DE0 0,solar-hsat,370801.06256
marginal,Generator,DE0 0,solid biomass,92022362.57925
marginal,Generator,DE0 0,straw,63127032.78842
marginal,Generator,DE0 0,unsustainable biogas,775566397.63182
marginal,Generator,DE0 0,unsustainable bioliquids,805908838.15013
marginal,Generator,DE0 0,unsustainable solid biomass,303417324.56145
marginal,Generator,DE0 0,urban central heat vent,142.75779
marginal,Generator,DE0 0,urban central solar thermal,0.11902
marginal,Generator,DE0 0,urban decentral heat vent,19.83513
marginal,Generator,DE0 0,urban decentral solar thermal,0.03321
marginal,Generator,DE0 1,Onshore Wind,470764.40365
marginal,Generator,DE0 1,Run of River,8837.33168
marginal,Generator,DE0 1,Solar,84189.2206
marginal,Generator,DE0 1,forest residues,69555759.21938
marginal,Generator,DE0 1,industry wood,29259222.32111
marginal,Generator,DE0 1,landscape care,2349222.37899
marginal,Generator,DE0 1,manure and slurry,15638931.35731
marginal,Generator,DE0 1,municipal solid waste,9990.99246
marginal,Generator,DE0 1,rural solar thermal,0.03622
marginal,Generator,DE0 1,sewage sludge,1492488.14008
marginal,Generator,DE0 1,solar-hsat,216823.22436
marginal,Generator,DE0 1,solid biomass,2693.25096
marginal,Generator,DE0 1,straw,31131756.60579
marginal,Generator,DE0 1,unsustainable biogas,469209807.8682
marginal,Generator,DE0 1,unsustainable bioliquids,487564751.43365
marginal,Generator,DE0 1,unsustainable solid biomass,183544462.61418
marginal,Generator,DE0 1,urban central heat vent,16605.77895
marginal,Generator,DE0 1,urban central solar thermal,0.10105
marginal,Generator,DE0 1,urban decentral heat vent,13.0096
marginal,Generator,DE0 1,urban decentral solar thermal,0.04184
marginal,Generator,DE0 2,Offshore Wind (AC),608726.10619
marginal,Generator,DE0 2,Offshore Wind (DC),2528300.32382
marginal,Generator,DE0 2,Offshore Wind (Floating),0.59404
marginal,Generator,DE0 2,Onshore Wind,835113.25672
marginal,Generator,DE0 2,Run of River,17022.29678
marginal,Generator,DE0 2,Solar,32058.37646
marginal,Generator,DE0 2,forest residues,60828777.95338
marginal,Generator,DE0 2,gas,328532766.74234
marginal,Generator,DE0 2,industry wood,29224921.53302
marginal,Generator,DE0 2,landscape care,2349265.42329
marginal,Generator,DE0 2,manure and slurry,41497154.16743
marginal,Generator,DE0 2,municipal solid waste,26185.6336
marginal,Generator,DE0 2,rural solar thermal,0.02443
marginal,Generator,DE0 2,sewage sludge,4051520.86745
marginal,Generator,DE0 2,solar-hsat,711912.46159
marginal,Generator,DE0 2,solid biomass,1601476564.76165
marginal,Generator,DE0 2,straw,30643914.69031
marginal,Generator,DE0 2,unsustainable biogas,546532942.52084
marginal,Generator,DE0 2,unsustainable bioliquids,567915257.89188
marginal,Generator,DE0 2,unsustainable solid biomass,213810945.61004
marginal,Generator,DE0 2,urban central heat vent,247.50689
marginal,Generator,DE0 2,urban central solar thermal,0.11884
marginal,Generator,DE0 2,urban decentral heat vent,22.0192
marginal,Generator,DE0 2,urban decentral solar thermal,0.02904
marginal,Generator,DE0 3,Onshore Wind,13473.18106
marginal,Generator,DE0 3,Run of River,127503.54185
marginal,Generator,DE0 3,Solar,100021.43869
marginal,Generator,DE0 3,forest residues,102410955.32816
marginal,Generator,DE0 3,industry wood,41048168.96972
marginal,Generator,DE0 3,landscape care,3291792.47973
marginal,Generator,DE0 3,manure and slurry,15608811.95914
marginal,Generator,DE0 3,municipal solid waste,12397.64709
marginal,Generator,DE0 3,rural solar thermal,0.05394
marginal,Generator,DE0 3,sewage sludge,1898700.53244
marginal,Generator,DE0 3,solar-hsat,696874.50043
marginal,Generator,DE0 3,solid biomass,5059.59308
marginal,Generator,DE0 3,straw,34890749.01717
marginal,Generator,DE0 3,unsustainable biogas,589809201.97731
marginal,Generator,DE0 3,unsustainable bioliquids,612884508.59626
marginal,Generator,DE0 3,unsustainable solid biomass,230722376.02992
marginal,Generator,DE0 3,urban central heat vent,578.4666
marginal,Generator,DE0 3,urban central solar thermal,0.22686
marginal,Generator,DE0 3,urban decentral heat vent,13.96816
marginal,Generator,DE0 3,urban decentral solar thermal,0.06946
marginal,Generator,DE0 4,Onshore Wind,365177.15032
marginal,Generator,DE0 4,Run of River,33367.79935
marginal,Generator,DE0 4,Solar,48378.98026
marginal,Generator,DE0 4,forest residues,86922137.47069
marginal,Generator,DE0 4,industry wood,40436383.85079
marginal,Generator,DE0 4,landscape care,3244359.78228
marginal,Generator,DE0 4,manure and slurry,12110985.73812
marginal,Generator,DE0 4,municipal solid waste,25154.24482
marginal,Generator,DE0 4,rural solar thermal,0.03792
marginal,Generator,DE0 4,sewage sludge,3563262.15903
marginal,Generator,DE0 4,solar-hsat,769345.93606
marginal,Generator,DE0 4,solid biomass,1276073242.17164
marginal,Generator,DE0 4,straw,28834415.94442
marginal,Generator,DE0 4,unsustainable biogas,577213830.61185
marginal,Generator,DE0 4,unsustainable bioliquids,599785343.21448
marginal,Generator,DE0 4,unsustainable solid biomass,225804417.47147
marginal,Generator,DE0 4,urban central heat vent,656.52789
marginal,Generator,DE0 4,urban central solar thermal,0.18459
marginal,Generator,DE0 4,urban decentral heat vent,10.18785
marginal,Generator,DE0 4,urban decentral solar thermal,0.0546
marginal,Generator,DE0 5,Offshore Wind (AC),192165.14382
marginal,Generator,DE0 5,Offshore Wind (DC),29412.12575
marginal,Generator,DE0 5,Offshore Wind (Floating),0.33037
marginal,Generator,DE0 5,Onshore Wind,1854940.55839
marginal,Generator,DE0 5,Run of River,4300.81666
marginal,Generator,DE0 5,Solar,232039.24762
marginal,Generator,DE0 5,forest residues,97049980.56767
marginal,Generator,DE0 5,gas,155862288.3192
marginal,Generator,DE0 5,industry wood,40174163.525
marginal,Generator,DE0 5,landscape care,3229053.47595
marginal,Generator,DE0 5,manure and slurry,37720408.64509
marginal,Generator,DE0 5,municipal solid waste,16079.12415
marginal,Generator,DE0 5,rural solar thermal,0.03831
marginal,Generator,DE0 5,sewage sludge,2528922.02283
marginal,Generator,DE0 5,solar-hsat,368599.90955
marginal,Generator,DE0 5,solid biomass,146096159.20496
marginal,Generator,DE0 5,straw,35470787.49184
marginal,Generator,DE0 5,unsustainable biogas,681456450.31599
marginal,Generator,DE0 5,unsustainable bioliquids,708107206.37856
marginal,Generator,DE0 5,unsustainable solid biomass,266584675.88432
marginal,Generator,DE0 5,urban central heat vent,280.71581
marginal,Generator,DE0 5,urban central solar thermal,0.14708
marginal,Generator,DE0 5,urban decentral heat vent,20.33495
marginal,Generator,DE0 5,urban decentral solar thermal,0.04044
marginal,Generator,DK0 0,Offshore Wind (AC),134003.96141
marginal,Generator,DK0 0,Offshore Wind (DC),63615.75674
marginal,Generator,DK0 0,Offshore Wind (Floating),1.03344
marginal,Generator,DK0 0,Onshore Wind,2438884.50629
marginal,Generator,DK0 0,Solar,32576.81851
marginal,Generator,DK0 0,forest residues,17048177.01801
marginal,Generator,DK0 0,gas,57862.44594
marginal,Generator,DK0 0,industry wood,6143620.99835
marginal,Generator,DK0 0,landscape care,1932620.56105
marginal,Generator,DK0 0,manure and slurry,59766715.52581
marginal,Generator,DK0 0,municipal solid waste,10493.56702
marginal,Generator,DK0 0,rural solar thermal,0.01385
marginal,Generator,DK0 0,sewage sludge,241269.35756
marginal,Generator,DK0 0,solar-hsat,18.15748
marginal,Generator,DK0 0,solid biomass,3013.89382
marginal,Generator,DK0 0,straw,21895462.8303
marginal,Generator,DK0 0,unsustainable biogas,138222725.05978
marginal,Generator,DK0 0,unsustainable bioliquids,2641885.98625
marginal,Generator,DK0 0,unsustainable solid biomass,121970070.11743
marginal,Generator,DK0 0,urban central heat vent,3804.15524
marginal,Generator,DK0 0,urban central solar thermal,0.08385
marginal,Generator,DK0 0,urban decentral heat vent,37.48984
marginal,Generator,DK0 0,urban decentral solar thermal,0.02542
marginal,Generator,DK1 0,Offshore Wind (AC),82295.3094
marginal,Generator,DK1 0,Offshore Wind (DC),1.15324
marginal,Generator,DK1 0,Offshore Wind (Floating),0.56787
marginal,Generator,DK1 0,Onshore Wind,1543890.4001
marginal,Generator,DK1 0,Solar,11503.66852
marginal,Generator,DK1 0,forest residues,4453795.79693
marginal,Generator,DK1 0,industry wood,1980320.62223
marginal,Generator,DK1 0,landscape care,634475.788
marginal,Generator,DK1 0,manure and slurry,16624995.40408
marginal,Generator,DK1 0,municipal solid waste,10488.73322
marginal,Generator,DK1 0,rural solar thermal,0.01681
marginal,Generator,DK1 0,sewage sludge,200627.95559
marginal,Generator,DK1 0,solar-hsat,237465.54358
marginal,Generator,DK1 0,solid biomass,15724015.43362
marginal,Generator,DK1 0,straw,5571914.54069
marginal,Generator,DK1 0,unsustainable biogas,50460560.30656
marginal,Generator,DK1 0,unsustainable bioliquids,964473.44995
marginal,Generator,DK1 0,unsustainable solid biomass,44545846.15593
marginal,Generator,DK1 0,urban central heat vent,5789.11192
marginal,Generator,DK1 0,urban central solar thermal,0.09225
marginal,Generator,DK1 0,urban decentral heat vent,44.69409
marginal,Generator,DK1 0,urban decentral solar thermal,0.03608
marginal,Generator,EE0 0,Offshore Wind (AC),15.94291
marginal,Generator,EE0 0,Offshore Wind (DC),11.37683
marginal,Generator,EE0 0,Offshore Wind (Floating),0.89962
marginal,Generator,EE0 0,Onshore Wind,248341.54824
marginal,Generator,EE0 0,Solar,8066.68508
marginal,Generator,EE0 0,forest residues,46336223.67138
marginal,Generator,EE0 0,industry wood,28509073.97542
marginal,Generator,EE0 0,landscape care,1909921.23839
marginal,Generator,EE0 0,manure and slurry,14411989.39758
marginal,Generator,EE0 0,municipal solid waste,3097.4667
marginal,Generator,EE0 0,rural solar thermal,0.02746
marginal,Generator,EE0 0,sewage sludge,1.62322
marginal,Generator,EE0 0,solar-hsat,13442.12486
marginal,Generator,EE0 0,solid biomass,1810.30048
marginal,Generator,EE0 0,straw,4825152.64107
marginal,Generator,EE0 0,unsustainable biogas,6651482.61265
marginal,Generator,EE0 0,unsustainable solid biomass,196665148.04279
marginal,Generator,EE0 0,urban central heat vent,9168.33025
marginal,Generator,EE0 0,urban central solar thermal,0.08231
marginal,Generator,EE0 0,urban decentral heat vent,11.82783
marginal,Generator,EE0 0,urban decentral solar thermal,0.02031
marginal,Generator,ES0 0,Offshore Wind (AC),1125.72247
marginal,Generator,ES0 0,Offshore Wind (Floating),0.8936
marginal,Generator,ES0 0,Onshore Wind,874199.10126
marginal,Generator,ES0 0,Run of River,1938.57569
marginal,Generator,ES0 0,Solar,651536.79931
marginal,Generator,ES0 0,forest residues,155899271.57357
marginal,Generator,ES0 0,gas,524657346.16859
marginal,Generator,ES0 0,industry wood,56074132.2913
marginal,Generator,ES0 0,landscape care,22171741.96135
marginal,Generator,ES0 0,manure and slurry,181500765.96387
marginal,Generator,ES0 0,municipal solid waste,24415.1123
marginal,Generator,ES0 0,rural solar thermal,0.07557
marginal,Generator,ES0 0,sewage sludge,2492376.72662
marginal,Generator,ES0 0,solar-hsat,4920311.53734
marginal,Generator,ES0 0,solid biomass,88058465.41409
marginal,Generator,ES0 0,straw,100481203.70497
marginal,Generator,ES0 0,unsustainable biogas,138401803.16772
marginal,Generator,ES0 0,unsustainable bioliquids,2181179843.90533
marginal,Generator,ES0 0,unsustainable solid biomass,557035192.02939
marginal,Generator,ES0 0,urban central heat vent,97.94373
marginal,Generator,ES0 0,urban central solar thermal,1.01832
marginal,Generator,ES0 0,urban decentral heat vent,43.57477
marginal,Generator,ES0 0,urban decentral solar thermal,74548.25843
marginal,Generator,ES6 0,Offshore Wind (AC),0.5192
marginal,Generator,ES6 0,Offshore Wind (Floating),0.36836
marginal,Generator,ES6 0,Onshore Wind,6.95157
marginal,Generator,ES6 0,Run of River,2278.55294
marginal,Generator,ES6 0,Solar,8233.14108
marginal,Generator,ES6 0,forest residues,1175796.27698
marginal,Generator,ES6 0,industry wood,491787.64027
marginal,Generator,ES6 0,landscape care,174249.41328
marginal,Generator,ES6 0,manure and slurry,344793.80462
marginal,Generator,ES6 0,municipal solid waste,1186.37455
marginal,Generator,ES6 0,rural solar thermal,0.45981
marginal,Generator,ES6 0,sewage sludge,62290.70624
marginal,Generator,ES6 0,solar-hsat,121220.10695
marginal,Generator,ES6 0,solid biomass,3142750.11896
marginal,Generator,ES6 0,straw,934242.68359
marginal,Generator,ES6 0,unsustainable biogas,1083299.95143
marginal,Generator,ES6 0,unsustainable bioliquids,17072361.54045
marginal,Generator,ES6 0,unsustainable solid biomass,4374927.64527
marginal,Generator,ES6 0,urban central heat vent,3849.07497
marginal,Generator,ES6 0,urban central solar thermal,0.38195
marginal,Generator,ES6 0,urban decentral heat vent,46.64762
marginal,Generator,ES6 0,urban decentral solar thermal,0.14711
marginal,Generator,EU,co2-ets,145204549173.83755
marginal,Generator,EU,coal,5005660770.09544
marginal,Generator,EU,lignite,141703348.14084
marginal,Generator,EU,oil primary,280063921150.8169
marginal,Generator,EU,uranium,6557718408.09616
marginal,Generator,FI1 0,Offshore Wind (AC),16.02842
marginal,Generator,FI1 0,Offshore Wind (DC),693297.02183
marginal,Generator,FI1 0,Offshore Wind (Floating),1.07497
marginal,Generator,FI1 0,Onshore Wind,469159.18718
marginal,Generator,FI1 0,Run of River,75999.99766
marginal,Generator,FI1 0,Solar,2768.23696
marginal,Generator,FI1 0,forest residues,233625206.7672
marginal,Generator,FI1 0,gas,30455050.76818
marginal,Generator,FI1 0,industry wood,126203257.23824
marginal,Generator,FI1 0,landscape care,7501140.88134
marginal,Generator,FI1 0,manure and slurry,6671113.59562
marginal,Generator,FI1 0,municipal solid waste,10263.13359
marginal,Generator,FI1 0,rural solar thermal,0.01733
marginal,Generator,FI1 0,sewage sludge,5850616.89561
marginal,Generator,FI1 0,solar-hsat,42369.22768
marginal,Generator,FI1 0,solid biomass,2890.44348
marginal,Generator,FI1 0,straw,15177318.41898
marginal,Generator,FI1 0,unsustainable biogas,89879854.26133
marginal,Generator,FI1 0,unsustainable bioliquids,430649344.89946
marginal,Generator,FI1 0,unsustainable solid biomass,962739710.91971
marginal,Generator,FI1 0,urban central heat vent,502.8599
marginal,Generator,FI1 0,urban central solar thermal,0.09002
marginal,Generator,FI1 0,urban decentral heat vent,6.46125
marginal,Generator,FI1 0,urban decentral solar thermal,0.01826
marginal,Generator,FR0 0,Offshore Wind (AC),338321.30392
marginal,Generator,FR0 0,Offshore Wind (DC),272209.90128
marginal,Generator,FR0 0,Offshore Wind (Floating),0.35607
marginal,Generator,FR0 0,Onshore Wind,1437988.72395
marginal,Generator,FR0 0,Solar,31327.48806
marginal,Generator,FR0 0,forest residues,38254762.85459
marginal,Generator,FR0 0,gas,317992793.98769
marginal,Generator,FR0 0,industry wood,39845390.27661
marginal,Generator,FR0 0,landscape care,7637289.26703
marginal,Generator,FR0 0,manure and slurry,73607897.05319
marginal,Generator,FR0 0,municipal solid waste,25051.22087
marginal,Generator,FR0 0,rural solar thermal,0.02146
marginal,Generator,FR0 0,sewage sludge,14967.0369
marginal,Generator,FR0 0,solar-hsat,1.20097
marginal,Generator,FR0 0,solid biomass,820355990.96828
marginal,Generator,FR0 0,straw,107857559.61721
marginal,Generator,FR0 0,unsustainable biogas,157962218.99672
marginal,Generator,FR0 0,unsustainable bioliquids,893890312.93317
marginal,Generator,FR0 0,unsustainable solid biomass,391621988.39629
marginal,Generator,FR0 0,urban central heat vent,161.93433
marginal,Generator,FR0 0,urban central solar thermal,0.12839
marginal,Generator,FR0 0,urban decentral heat vent,29.94912
marginal,Generator,FR0 0,urban decentral solar thermal,0.02906
marginal,Generator,FR0 1,Offshore Wind (AC),141008.69522
marginal,Generator,FR0 1,Offshore Wind (Floating),2.05628
marginal,Generator,FR0 1,Onshore Wind,40789.53012
marginal,Generator,FR0 1,Run of River,136173.85645
marginal,Generator,FR0 1,Solar,70580.88877
marginal,Generator,FR0 1,forest residues,48949344.75212
marginal,Generator,FR0 1,gas,471221520.39591
marginal,Generator,FR0 1,industry wood,48023727.14443
marginal,Generator,FR0 1,landscape care,9205609.86573
marginal,Generator,FR0 1,manure and slurry,38616658.91676
marginal,Generator,FR0 1,municipal solid waste,17679.50202
marginal,Generator,FR0 1,rural solar thermal,0.08721
marginal,Generator,FR0 1,sewage sludge,2968.25772
marginal,Generator,FR0 1,solar-hsat,1080587.88979
marginal,Generator,FR0 1,solid biomass,658149433.75681
marginal,Generator,FR0 1,straw,15603591.07063
marginal,Generator,FR0 1,unsustainable biogas,53988547.03731
marginal,Generator,FR0 1,unsustainable bioliquids,305510426.14422
marginal,Generator,FR0 1,unsustainable solid biomass,133865723.51875
marginal,Generator,FR0 1,urban central heat vent,182.97921
marginal,Generator,FR0 1,urban central solar thermal,0.66085
marginal,Generator,FR0 1,urban decentral heat vent,151.13335
marginal,Generator,FR0 1,urban decentral solar thermal,0.23089
marginal,Generator,FR0 2,Offshore Wind (AC),82165.60927
marginal,Generator,FR0 2,Offshore Wind (DC),42264.40448
marginal,Generator,FR0 2,Offshore Wind (Floating),0.83198
marginal,Generator,FR0 2,Onshore Wind,101208.38232
marginal,Generator,FR0 2,Run of River,42631.90451
marginal,Generator,FR0 2,Solar,118183.28345
marginal,Generator,FR0 2,forest residues,94732406.2324
marginal,Generator,FR0 2,industry wood,77521590.94335
marginal,Generator,FR0 2,landscape care,14897274.46873
marginal,Generator,FR0 2,manure and slurry,60994167.27193
marginal,Generator,FR0 2,municipal solid waste,11289.86507
marginal,Generator,FR0 2,rural solar thermal,0.09927
marginal,Generator,FR0 2,sewage sludge,2227.03832
marginal,Generator,FR0 2,solar-hsat,47077.72648
marginal,Generator,FR0 2,solid biomass,1901.88572
marginal,Generator,FR0 2,straw,34673050.06278
marginal,Generator,FR0 2,unsustainable biogas,93446123.59586
marginal,Generator,FR0 2,unsustainable bioliquids,528802518.09609
marginal,Generator,FR0 2,unsustainable solid biomass,231681871.36478
marginal,Generator,FR0 2,urban central heat vent,28590.36943
marginal,Generator,FR0 2,urban central solar thermal,0.20647
marginal,Generator,FR0 2,urban decentral heat vent,23.58928
marginal,Generator,FR0 2,urban decentral solar thermal,0.11325
marginal,Generator,FR0 3,Offshore Wind (AC),1407153.90332
marginal,Generator,FR0 3,Offshore Wind (DC),355211.55707
marginal,Generator,FR0 3,Offshore Wind (Floating),1.29803
marginal,Generator,FR0 3,Onshore Wind,169611.55043
marginal,Generator,FR0 3,Solar,18674.96666
marginal,Generator,FR0 3,forest residues,20661696.49807
marginal,Generator,FR0 3,gas,53113924.69907
marginal,Generator,FR0 3,industry wood,19979572.64431
marginal,Generator,FR0 3,landscape care,3833509.98063
marginal,Generator,FR0 3,manure and slurry,236940742.69377
marginal,Generator,FR0 3,municipal solid waste,12070.59452
marginal,Generator,FR0 3,rural solar thermal,0.04009
marginal,Generator,FR0 3,sewage sludge,2047.50901
marginal,Generator,FR0 3,solar-hsat,1.53946
marginal,Generator,FR0 3,solid biomass,63268319.12569
marginal,Generator,FR0 3,straw,41265685.76511
marginal,Generator,FR0 3,unsustainable biogas,89437673.07361
marginal,Generator,FR0 3,unsustainable bioliquids,506105033.69272
marginal,Generator,FR0 3,unsustainable solid biomass,221732237.5339
marginal,Generator,FR0 3,urban central heat vent,85.4762
marginal,Generator,FR0 3,urban central solar thermal,0.16874
marginal,Generator,FR0 3,urban decentral heat vent,32.19329
marginal,Generator,FR0 3,urban decentral solar thermal,0.04099
marginal,Generator,FR0 4,Onshore Wind,129136.7949
marginal,Generator,FR0 4,Run of River,43049.08579
marginal,Generator,FR0 4,Solar,16338.26415
marginal,Generator,FR0 4,forest residues,49937169.99454
marginal,Generator,FR0 4,industry wood,47116267.21257
marginal,Generator,FR0 4,landscape care,9051303.19179
marginal,Generator,FR0 4,manure and slurry,46721912.74996
marginal,Generator,FR0 4,municipal solid waste,8877.95767
marginal,Generator,FR0 4,rural solar thermal,0.03743
marginal,Generator,FR0 4,sewage sludge,4029.47104
marginal,Generator,FR0 4,solar-hsat,1.36009
marginal,Generator,FR0 4,solid biomass,1852.11659
marginal,Generator,FR0 4,straw,35121560.50522
marginal,Generator,FR0 4,unsustainable biogas,70204062.81121
marginal,Generator,FR0 4,unsustainable bioliquids,397270440.40218
marginal,Generator,FR0 4,unsustainable solid biomass,174057041.3525
marginal,Generator,FR0 4,urban central heat vent,22788.79266
marginal,Generator,FR0 4,urban central solar thermal,0.11437
marginal,Generator,FR0 4,urban decentral heat vent,4850.8964
marginal,Generator,FR0 4,urban decentral solar thermal,0.04257
marginal,Generator,FR5 0,Offshore Wind (AC),0.53429
marginal,Generator,FR5 0,Offshore Wind (Floating),0.38639
marginal,Generator,FR5 0,Onshore Wind,3867.0673
marginal,Generator,FR5 0,Solar,3.60763
marginal,Generator,FR5 0,forest residues,1128752.72776
marginal,Generator,FR5 0,industry wood,1152536.92247
marginal,Generator,FR5 0,landscape care,228358.0623
marginal,Generator,FR5 0,manure and slurry,353476.6088
marginal,Generator,FR5 0,municipal solid waste,938.38998
marginal,Generator,FR5 0,rural solar thermal,0.15739
marginal,Generator,FR5 0,sewage sludge,68.01985
marginal,Generator,FR5 0,solar-hsat,99301.76583
marginal,Generator,FR5 0,solid biomass,217435.98715
marginal,Generator,FR5 0,straw,555653.434
marginal,Generator,FR5 0,unsustainable biogas,1095361.1991
marginal,Generator,FR5 0,unsustainable bioliquids,6198405.80792
marginal,Generator,FR5 0,unsustainable solid biomass,2729387.83476
marginal,Generator,FR5 0,urban decentral heat vent,2.09145
marginal,Generator,GB2 0,Offshore Wind (AC),3754265.39693
marginal,Generator,GB2 0,Offshore Wind (DC),1829723.9279
marginal,Generator,GB2 0,Offshore Wind (Floating),1.84616
marginal,Generator,GB2 0,Onshore Wind,704440.47711
marginal,Generator,GB2 0,Run of River,39816.11076
marginal,Generator,GB2 0,Solar,28943.51794
marginal,Generator,GB2 0,forest residues,47697960.85492
marginal,Generator,GB2 0,gas,5906422.00438
marginal,Generator,GB2 0,industry wood,27510144.77888
marginal,Generator,GB2 0,landscape care,9017423.31153
marginal,Generator,GB2 0,manure and slurry,122578281.31351
marginal,Generator,GB2 0,municipal solid waste,5426.76834
marginal,Generator,GB2 0,rural solar thermal,0.0124
marginal,Generator,GB2 0,sewage sludge,92891.45376
marginal,Generator,GB2 0,solar-hsat,5.22868
marginal,Generator,GB2 0,solid biomass,5419.57271
marginal,Generator,GB2 0,straw,15179695.49157
marginal,Generator,GB2 0,unsustainable biogas,479754198.32693
marginal,Generator,GB2 0,unsustainable bioliquids,225892063.46761
marginal,Generator,GB2 0,unsustainable solid biomass,191575848.27999
marginal,Generator,GB2 0,urban central heat vent,24254.60732
marginal,Generator,GB2 0,urban central solar thermal,0.06209
marginal,Generator,GB2 0,urban decentral heat vent,49.84597
marginal,Generator,GB2 0,urban decentral solar thermal,0.01431
marginal,Generator,GB2 1,Offshore Wind (AC),1796063.43403
marginal,Generator,GB2 1,Offshore Wind (DC),3972407.87132
marginal,Generator,GB2 1,Offshore Wind (Floating),1.30811
marginal,Generator,GB2 1,Onshore Wind,1901956.75192
marginal,Generator,GB2 1,Solar,191051.09135
marginal,Generator,GB2 1,forest residues,16396595.21582
marginal,Generator,GB2 1,gas,379426807.41696
marginal,Generator,GB2 1,industry wood,8793977.6416
marginal,Generator,GB2 1,landscape care,2928623.42972
marginal,Generator,GB2 1,manure and slurry,123916325.16629
marginal,Generator,GB2 1,municipal solid waste,6963.0576
marginal,Generator,GB2 1,rural solar thermal,0.02804
marginal,Generator,GB2 1,sewage sludge,121647.94189
marginal,Generator,GB2 1,solar-hsat,733220.04978
marginal,Generator,GB2 1,solid biomass,378875868.23714
marginal,Generator,GB2 1,straw,60453987.10014
marginal,Generator,GB2 1,unsustainable biogas,778290934.7897
marginal,Generator,GB2 1,unsustainable bioliquids,366450599.65358
marginal,Generator,GB2 1,unsustainable solid biomass,310779245.77265
marginal,Generator,GB2 1,urban central heat vent,8328.13658
marginal,Generator,GB2 1,urban central solar thermal,0.10062
marginal,Generator,GB2 1,urban decentral heat vent,48.36809
marginal,Generator,GB2 1,urban decentral solar thermal,0.02853
marginal,Generator,GB3 0,Offshore Wind (AC),71812.00965
marginal,Generator,GB3 0,Offshore Wind (DC),393938.20245
marginal,Generator,GB3 0,Offshore Wind (Floating),1.45874
marginal,Generator,GB3 0,Onshore Wind,93543.04875
marginal,Generator,GB3 0,Run of River,9780.52743
marginal,Generator,GB3 0,Solar,3771.36935
marginal,Generator,GB3 0,forest residues,2369726.15029
marginal,Generator,GB3 0,industry wood,1251554.73906
marginal,Generator,GB3 0,landscape care,405026.76616
marginal,Generator,GB3 0,manure and slurry,32095664.80013
marginal,Generator,GB3 0,municipal solid waste,998.93892
marginal,Generator,GB3 0,rural solar thermal,0.01507
marginal,Generator,GB3 0,sewage sludge,7286.10113
marginal,Generator,GB3 0,solar-hsat,20.06291
marginal,Generator,GB3 0,solid biomass,1777.46473
marginal,Generator,GB3 0,straw,90229.13507
marginal,Generator,GB3 0,unsustainable biogas,57724353.11276
marginal,Generator,GB3 0,unsustainable bioliquids,27179369.15661
marginal,Generator,GB3 0,unsustainable solid biomass,23051968.67637
marginal,Generator,GB3 0,urban central heat vent,8333.12515
marginal,Generator,GB3 0,urban central solar thermal,0.04157
marginal,Generator,GB3 0,urban decentral heat vent,51.54951
marginal,Generator,GB3 0,urban decentral solar thermal,0.01404
marginal,Generator,GR0 0,Offshore Wind (AC),1.41581
marginal,Generator,GR0 0,Offshore Wind (DC),543967.86799
marginal,Generator,GR0 0,Offshore Wind (Floating),1.04494
marginal,Generator,GR0 0,Onshore Wind,164586.96097
marginal,Generator,GR0 0,Run of River,1722.26862
marginal,Generator,GR0 0,Solar,121722.37828
marginal,Generator,GR0 0,forest residues,11637341.61867
marginal,Generator,GR0 0,gas,24652.52052
marginal,Generator,GR0 0,industry wood,9214433.26276
marginal,Generator,GR0 0,landscape care,5155025.43125
marginal,Generator,GR0 0,manure and slurry,12438030.66845
marginal,Generator,GR0 0,municipal solid waste,2828.38559
marginal,Generator,GR0 0,rural solar thermal,0.25738
marginal,Generator,GR0 0,sewage sludge,848684.55544
marginal,Generator,GR0 0,solar-hsat,842044.07662
marginal,Generator,GR0 0,solid biomass,213665319.41028
marginal,Generator,GR0 0,straw,20668378.56351
marginal,Generator,GR0 0,unsustainable biogas,59907218.40892
marginal,Generator,GR0 0,unsustainable bioliquids,190424282.62697
marginal,Generator,GR0 0,unsustainable solid biomass,86012479.52067
marginal,Generator,GR0 0,urban central heat vent,86.00236
marginal,Generator,GR0 0,urban central solar thermal,0.80359
marginal,Generator,GR0 0,urban decentral heat vent,37.56671
marginal,Generator,GR0 0,urban decentral solar thermal,0.36455
marginal,Generator,HR0 0,Offshore Wind (AC),1.1368
marginal,Generator,HR0 0,Offshore Wind (DC),1.38553
marginal,Generator,HR0 0,Offshore Wind (Floating),0.36986
marginal,Generator,HR0 0,Onshore Wind,22686.18583
marginal,Generator,HR0 0,Run of River,10833.06903
marginal,Generator,HR0 0,Solar,1858.74797
marginal,Generator,HR0 0,forest residues,22164542.35869
marginal,Generator,HR0 0,industry wood,16494663.25965
marginal,Generator,HR0 0,landscape care,1698388.61052
marginal,Generator,HR0 0,manure and slurry,5667271.80957
marginal,Generator,HR0 0,municipal solid waste,538.26462
marginal,Generator,HR0 0,rural solar thermal,0.13548
marginal,Generator,HR0 0,sewage sludge,67921.02813
marginal,Generator,HR0 0,solar-hsat,247582.5516
marginal,Generator,HR0 0,solid biomass,1840.68568
marginal,Generator,HR0 0,straw,10650617.89047
marginal,Generator,HR0 0,unsustainable biogas,39402423.17621
marginal,Generator,HR0 0,unsustainable bioliquids,246204.04793
marginal,Generator,HR0 0,unsustainable solid biomass,165865378.57098
marginal,Generator,HR0 0,urban central heat vent,26754.66122
marginal,Generator,HR0 0,urban central solar thermal,0.2486
marginal,Generator,HR0 0,urban decentral heat vent,20.16801
marginal,Generator,HR0 0,urban decentral solar thermal,0.24267
marginal,Generator,HU0 0,Onshore Wind,291918.07419
marginal,Generator,HU0 0,Run of River,838.32342
marginal,Generator,HU0 0,Solar,63588.45822
marginal,Generator,HU0 0,forest residues,63368683.20733
marginal,Generator,HU0 0,gas,345064344.72529
marginal,Generator,HU0 0,industry wood,27341265.09203
marginal,Generator,HU0 0,landscape care,5070356.13615
marginal,Generator,HU0 0,manure and slurry,109516350.071
marginal,Generator,HU0 0,municipal solid waste,8492.10162
marginal,Generator,HU0 0,rural solar thermal,0.08438
marginal,Generator,HU0 0,sewage sludge,544520.461
marginal,Generator,HU0 0,solar-hsat,548930.08809
marginal,Generator,HU0 0,solid biomass,91183191.71002
marginal,Generator,HU0 0,straw,51669445.74378
marginal,Generator,HU0 0,unsustainable biogas,43331525.6683
marginal,Generator,HU0 0,unsustainable bioliquids,499361404.78619
marginal,Generator,HU0 0,unsustainable solid biomass,228992570.62607
marginal,Generator,HU0 0,urban central heat vent,18588.94624
marginal,Generator,HU0 0,urban central solar thermal,0.27647
marginal,Generator,HU0 0,urban decentral heat vent,19.2261
marginal,Generator,HU0 0,urban decentral solar thermal,0.16853
marginal,Generator,IE3 0,Offshore Wind (AC),132654.79784
marginal,Generator,IE3 0,Offshore Wind (DC),126704.82009
marginal,Generator,IE3 0,Offshore Wind (Floating),1.71696
marginal,Generator,IE3 0,Onshore Wind,326491.37792
marginal,Generator,IE3 0,Run of River,8916.03533
marginal,Generator,IE3 0,Solar,22165.4313
marginal,Generator,IE3 0,forest residues,18319792.61032
marginal,Generator,IE3 0,gas,77210654.57826
marginal,Generator,IE3 0,industry wood,10539219.35487
marginal,Generator,IE3 0,landscape care,3818195.62728
marginal,Generator,IE3 0,manure and slurry,32303611.40368
marginal,Generator,IE3 0,municipal solid waste,2080.28805
marginal,Generator,IE3 0,rural solar thermal,0.01407
marginal,Generator,IE3 0,sewage sludge,3919.76237
marginal,Generator,IE3 0,solar-hsat,169403.22725
marginal,Generator,IE3 0,solid biomass,49019709.68046
marginal,Generator,IE3 0,straw,267151.66581
marginal,Generator,IE3 0,unsustainable biogas,24270898.99817
marginal,Generator,IE3 0,unsustainable bioliquids,48293585.83328
marginal,Generator,IE3 0,unsustainable solid biomass,26487927.44459
marginal,Generator,IE3 0,urban central heat vent,1267.44257
marginal,Generator,IE3 0,urban central solar thermal,0.08955
marginal,Generator,IE3 0,urban decentral heat vent,55.32572
marginal,Generator,IE3 0,urban decentral solar thermal,0.02339
marginal,Generator,IT0 0,Offshore Wind (AC),1248.64649
marginal,Generator,IT0 0,Offshore Wind (DC),102999.33619
marginal,Generator,IT0 0,Offshore Wind (Floating),0.64114
marginal,Generator,IT0 0,Onshore Wind,178435.98585
marginal,Generator,IT0 0,Run of River,53607.04567
marginal,Generator,IT0 0,Solar,47461.64189
marginal,Generator,IT0 0,forest residues,54067930.51347
marginal,Generator,IT0 0,gas,388372055.44842
marginal,Generator,IT0 0,industry wood,26253956.73588
marginal,Generator,IT0 0,landscape care,4147283.94422
marginal,Generator,IT0 0,manure and slurry,24295659.12331
marginal,Generator,IT0 0,municipal solid waste,15070.74864
marginal,Generator,IT0 0,rural solar thermal,0.20395
marginal,Generator,IT0 0,sewage sludge,223114.1179
marginal,Generator,IT0 0,solar-hsat,2873534.0802
marginal,Generator,IT0 0,solid biomass,949552203.56315
marginal,Generator,IT0 0,straw,34532570.22844
marginal,Generator,IT0 0,unsustainable biogas,318701815.22221
marginal,Generator,IT0 0,unsustainable bioliquids,370420735.46761
marginal,Generator,IT0 0,unsustainable solid biomass,267551647.70863
marginal,Generator,IT0 0,urban central heat vent,2484.4033
marginal,Generator,IT0 0,urban central solar thermal,0.76224
marginal,Generator,IT0 0,urban decentral heat vent,42.46847
marginal,Generator,IT0 0,urban decentral solar thermal,1.56286
marginal,Generator,IT0 1,Offshore Wind (AC),1.35051
marginal,Generator,IT0 1,Offshore Wind (DC),1.36279
marginal,Generator,IT0 1,Offshore Wind (Floating),0.42517
marginal,Generator,IT0 1,Onshore Wind,2556.36706
marginal,Generator,IT0 1,Run of River,190305.52276
marginal,Generator,IT0 1,Solar,32911.1314
marginal,Generator,IT0 1,forest residues,104385666.95864
marginal,Generator,IT0 1,gas,945039452.70516
marginal,Generator,IT0 1,industry wood,48368726.09761
marginal,Generator,IT0 1,landscape care,7653450.31255
marginal,Generator,IT0 1,manure and slurry,182923510.49034
marginal,Generator,IT0 1,municipal solid waste,15988.41019
marginal,Generator,IT0 1,rural solar thermal,0.08929
marginal,Generator,IT0 1,sewage sludge,247086.82021
marginal,Generator,IT0 1,solar-hsat,3178356.68953
marginal,Generator,IT0 1,solid biomass,788705934.22201
marginal,Generator,IT0 1,straw,32406347.30666
marginal,Generator,IT0 1,unsustainable biogas,630391343.42599
marginal,Generator,IT0 1,unsustainable bioliquids,732716806.64432
marginal,Generator,IT0 1,unsustainable solid biomass,529160771.02368
marginal,Generator,IT0 1,urban central heat vent,3379.77081
marginal,Generator,IT0 1,urban central solar thermal,0.46905
marginal,Generator,IT0 1,urban decentral heat vent,30.43345
marginal,Generator,IT0 1,urban decentral solar thermal,2.73493
marginal,Generator,IT4 0,Offshore Wind (AC),2.98871
marginal,Generator,IT4 0,Offshore Wind (Floating),0.69329
marginal,Generator,IT4 0,Onshore Wind,55562.51147
marginal,Generator,IT4 0,Run of River,1809.14485
marginal,Generator,IT4 0,Solar,7722.47854
marginal,Generator,IT4 0,forest residues,2165039.22929
marginal,Generator,IT4 0,industry wood,1068649.3933
marginal,Generator,IT4 0,landscape care,171235.63426
marginal,Generator,IT4 0,manure and slurry,3496440.43925
marginal,Generator,IT4 0,municipal solid waste,1313.30456
marginal,Generator,IT4 0,rural solar thermal,0.67241
marginal,Generator,IT4 0,sewage sludge,13061.84586
marginal,Generator,IT4 0,solar-hsat,213766.37019
marginal,Generator,IT4 0,solid biomass,99339755.10591
marginal,Generator,IT4 0,straw,429532.95687
marginal,Generator,IT4 0,unsustainable biogas,15856694.90673
marginal,Generator,IT4 0,unsustainable bioliquids,18430266.02123
marginal,Generator,IT4 0,unsustainable solid biomass,13326360.27219
marginal,Generator,IT4 0,urban central heat vent,208.8727
marginal,Generator,IT4 0,urban central solar thermal,0.83564
marginal,Generator,IT4 0,urban decentral heat vent,51.90424
marginal,Generator,IT4 0,urban decentral solar thermal,0.8936
marginal,Generator,LT0 0,Offshore Wind (AC),8.3036
marginal,Generator,LT0 0,Offshore Wind (DC),215384.21395
marginal,Generator,LT0 0,Offshore Wind (Floating),0.58665
marginal,Generator,LT0 0,Onshore Wind,62036.99446
marginal,Generator,LT0 0,Run of River,4368.47778
marginal,Generator,LT0 0,Solar,6001.83781
marginal,Generator,LT0 0,forest residues,46189379.31715
marginal,Generator,LT0 0,gas,18763.90532
marginal,Generator,LT0 0,industry wood,21904866.11517
marginal,Generator,LT0 0,landscape care,3198798.67621
marginal,Generator,LT0 0,manure and slurry,25355621.22873
marginal,Generator,LT0 0,municipal solid waste,1658.01332
marginal,Generator,LT0 0,rural solar thermal,0.02567
marginal,Generator,LT0 0,sewage sludge,10.38959
marginal,Generator,LT0 0,solar-hsat,31960.08098
marginal,Generator,LT0 0,solid biomass,13910.61656
marginal,Generator,LT0 0,straw,14728397.57197
marginal,Generator,LT0 0,unsustainable biogas,18683577.98281
marginal,Generator,LT0 0,unsustainable bioliquids,167529669.08969
marginal,Generator,LT0 0,unsustainable solid biomass,139175377.69044
marginal,Generator,LT0 0,urban central heat vent,1471.32412
marginal,Generator,LT0 0,urban central solar thermal,0.11346
marginal,Generator,LT0 0,urban decentral heat vent,14.0641
marginal,Generator,LT0 0,urban decentral solar thermal,0.02058
marginal,Generator,LU0 0,Onshore Wind,90191.87984
marginal,Generator,LU0 0,Solar,947.31903
marginal,Generator,LU0 0,forest residues,3936575.6577
marginal,Generator,LU0 0,industry wood,2176414.34307
marginal,Generator,LU0 0,landscape care,106825.31645
marginal,Generator,LU0 0,manure and slurry,2707372.488
marginal,Generator,LU0 0,municipal solid waste,694.5033
marginal,Generator,LU0 0,rural solar thermal,0.03792
marginal,Generator,LU0 0,sewage sludge,1348.36827
marginal,Generator,LU0 0,solar-hsat,125010.31003
marginal,Generator,LU0 0,solid biomass,34334745.16521
marginal,Generator,LU0 0,straw,473088.24346
marginal,Generator,LU0 0,unsustainable biogas,8622843.29073
marginal,Generator,LU0 0,unsustainable solid biomass,12730393.23414
marginal,Generator,LU0 0,urban central heat vent,2320.33549
marginal,Generator,LU0 0,urban central solar thermal,0.09833
marginal,Generator,LU0 0,urban decentral heat vent,147.63861
marginal,Generator,LU0 0,urban decentral solar thermal,0.03355
marginal,Generator,LV0 0,Offshore Wind (AC),10.23331
marginal,Generator,LV0 0,Offshore Wind (DC),98578.39908
marginal,Generator,LV0 0,Offshore Wind (Floating),1.1086
marginal,Generator,LV0 0,Onshore Wind,5423.2202
marginal,Generator,LV0 0,Run of River,33945.25046
marginal,Generator,LV0 0,Solar,770.27154
marginal,Generator,LV0 0,forest residues,87641570.85164
marginal,Generator,LV0 0,industry wood,43356603.45923
marginal,Generator,LV0 0,landscape care,2915913.35953
marginal,Generator,LV0 0,manure and slurry,14037322.88281
marginal,Generator,LV0 0,municipal solid waste,1081.9291
marginal,Generator,LV0 0,rural solar thermal,0.03433
marginal,Generator,LV0 0,sewage sludge,1968.61452
marginal,Generator,LV0 0,solar-hsat,28567.90285
marginal,Generator,LV0 0,solid biomass,1810.00701
marginal,Generator,LV0 0,straw,8680759.56121
marginal,Generator,LV0 0,unsustainable biogas,38650063.86158
marginal,Generator,LV0 0,unsustainable bioliquids,81157607.6386
marginal,Generator,LV0 0,unsustainable solid biomass,273861520.19554
marginal,Generator,LV0 0,urban central heat vent,12962.15439
marginal,Generator,LV0 0,urban central solar thermal,0.08364
marginal,Generator,LV0 0,urban decentral heat vent,10.70518
marginal,Generator,LV0 0,urban decentral solar thermal,0.0253
marginal,Generator,ME0 0,Offshore Wind (AC),0.11387
marginal,Generator,ME0 0,Offshore Wind (Floating),0.25202
marginal,Generator,ME0 0,Onshore Wind,860.7339
marginal,Generator,ME0 0,Run of River,276.16933
marginal,Generator,ME0 0,Solar,61.99465
marginal,Generator,ME0 0,forest residues,1349265.39793
marginal,Generator,ME0 0,industry wood,1801531.48835
marginal,Generator,ME0 0,landscape care,3.57611
marginal,Generator,ME0 0,manure and slurry,530443.97921
marginal,Generator,ME0 0,municipal solid waste,491.48946
marginal,Generator,ME0 0,rural heat vent,10.57562
marginal,Generator,ME0 0,rural solar thermal,0.09169
marginal,Generator,ME0 0,sewage sludge,1.47776
marginal,Generator,ME0 0,solar-hsat,283761.8433
marginal,Generator,ME0 0,solid biomass,10670553.07493
marginal,Generator,ME0 0,straw,29675.81034
marginal,Generator,ME0 0,unsustainable solid biomass,19378940.75747
marginal,Generator,ME0 0,urban central heat vent,242.19592
marginal,Generator,ME0 0,urban central solar thermal,0.43435
marginal,Generator,ME0 0,urban decentral heat vent,14.0833
marginal,Generator,ME0 0,urban decentral solar thermal,0.09814
marginal,Generator,MK0 0,Onshore Wind,344.87684
marginal,Generator,MK0 0,Run of River,4873.97512
marginal,Generator,MK0 0,Solar,7842.53209
marginal,Generator,MK0 0,forest residues,2925763.87106
marginal,Generator,MK0 0,industry wood,4997167.37509
marginal,Generator,MK0 0,landscape care,855.57517
marginal,Generator,MK0 0,manure and slurry,1245577.80769
marginal,Generator,MK0 0,municipal solid waste,1052.48105
marginal,Generator,MK0 0,rural heat vent,15.3447
marginal,Generator,MK0 0,rural solar thermal,0.10476
marginal,Generator,MK0 0,sewage sludge,9914.17973
marginal,Generator,MK0 0,solar-hsat,68749.13484
marginal,Generator,MK0 0,solid biomass,73895182.32221
marginal,Generator,MK0 0,straw,1580281.82864
marginal,Generator,MK0 0,unsustainable biogas,9083881.05459
marginal,Generator,MK0 0,unsustainable solid biomass,18376237.68146
marginal,Generator,MK0 0,urban central heat vent,2976.52607
marginal,Generator,MK0 0,urban central solar thermal,0.67593
marginal,Generator,MK0 0,urban decentral heat vent,15.72378
marginal,Generator,MK0 0,urban decentral solar thermal,0.12057
marginal,Generator,NL0 0,Offshore Wind (AC),658098.28576
marginal,Generator,NL0 0,Offshore Wind (DC),5966741.90154
marginal,Generator,NL0 0,Offshore Wind (Floating),0.26299
marginal,Generator,NL0 0,Onshore Wind,780511.22271
marginal,Generator,NL0 0,Solar,98117.90721
marginal,Generator,NL0 0,forest residues,7501870.76177
marginal,Generator,NL0 0,gas,478834795.54978
marginal,Generator,NL0 0,industry wood,3585424.80377
marginal,Generator,NL0 0,landscape care,2276359.7417
marginal,Generator,NL0 0,manure and slurry,83508028.394
marginal,Generator,NL0 0,municipal solid waste,45190.66143
marginal,Generator,NL0 0,rural solar thermal,0.00067
marginal,Generator,NL0 0,sewage sludge,677507.75095
marginal,Generator,NL0 0,solar-hsat,141813.08244
marginal,Generator,NL0 0,solid biomass,461776234.76081
marginal,Generator,NL0 0,straw,5061163.25263
marginal,Generator,NL0 0,unsustainable biogas,170729778.61237
marginal,Generator,NL0 0,unsustainable bioliquids,1880219954.10129
marginal,Generator,NL0 0,unsustainable solid biomass,160678419.67933
marginal,Generator,NL0 0,urban central heat vent,3653.60272
marginal,Generator,NL0 0,urban central solar thermal,0.10943
marginal,Generator,NL0 0,urban decentral heat vent,33.04713
marginal,Generator,NL0 0,urban decentral solar thermal,0.03061
marginal,Generator,NO1 0,Offshore Wind (AC),13150.36867
marginal,Generator,NO1 0,Offshore Wind (DC),1877788.60877
marginal,Generator,NO1 0,Offshore Wind (Floating),1.26314
marginal,Generator,NO1 0,Onshore Wind,262817.55016
marginal,Generator,NO1 0,Run of River,36024.67337
marginal,Generator,NO1 0,Solar,24.85042
marginal,Generator,NO1 0,forest residues,60250828.85006
marginal,Generator,NO1 0,gas,1658758.12231
marginal,Generator,NO1 0,industry wood,48516604.20958
marginal,Generator,NO1 0,landscape care,2107.18303
marginal,Generator,NO1 0,manure and slurry,1174.19313
marginal,Generator,NO1 0,municipal solid waste,16949.35598
marginal,Generator,NO1 0,rural solar thermal,0.01669
marginal,Generator,NO1 0,sewage sludge,962761.29628
marginal,Generator,NO1 0,solar-hsat,3.01108
marginal,Generator,NO1 0,solid biomass,541042981.68965
marginal,Generator,NO1 0,straw,550.05315
marginal,Generator,NO1 0,unsustainable biogas,41568692.69317
marginal,Generator,NO1 0,unsustainable bioliquids,80129497.5885
marginal,Generator,NO1 0,unsustainable solid biomass,104099030.33467
marginal,Generator,NO1 0,urban central heat vent,16400.00241
marginal,Generator,NO1 0,urban central solar thermal,0.07703
marginal,Generator,NO1 0,urban decentral heat vent,3.91103
marginal,Generator,NO1 0,urban decentral solar thermal,0.01525
marginal,Generator,PL0 0,Offshore Wind (AC),495910.30843
marginal,Generator,PL0 0,Offshore Wind (DC),606637.18967
marginal,Generator,PL0 0,Offshore Wind (Floating),2.09686
marginal,Generator,PL0 0,Onshore Wind,2216886.00041
marginal,Generator,PL0 0,Run of River,10886.52453
marginal,Generator,PL0 0,Solar,54379.52504
marginal,Generator,PL0 0,forest residues,257971346.2603
marginal,Generator,PL0 0,gas,95109527.83896
marginal,Generator,PL0 0,industry wood,123301265.97304
marginal,Generator,PL0 0,landscape care,17531093.10281
marginal,Generator,PL0 0,manure and slurry,138485806.11431
marginal,Generator,PL0 0,municipal solid waste,21647.62806
marginal,Generator,PL0 0,rural solar thermal,0.04249
marginal,Generator,PL0 0,sewage sludge,2005991.22855
marginal,Generator,PL0 0,solar-hsat,1157265.03524
marginal,Generator,PL0 0,solid biomass,992777163.63531
marginal,Generator,PL0 0,straw,96064332.64675
marginal,Generator,PL0 0,unsustainable biogas,143083317.52248
marginal,Generator,PL0 0,unsustainable bioliquids,1036326593.27594
marginal,Generator,PL0 0,unsustainable solid biomass,1004555525.38549
marginal,Generator,PL0 0,urban central heat vent,3501.68625
marginal,Generator,PL0 0,urban central solar thermal,0.19804
marginal,Generator,PL0 0,urban decentral heat vent,17.88255
marginal,Generator,PL0 0,urban decentral solar thermal,0.04257
marginal,Generator,PT0 0,Offshore Wind (AC),394465.17451
marginal,Generator,PT0 0,Offshore Wind (Floating),1.22298
marginal,Generator,PT0 0,Onshore Wind,176010.82391
marginal,Generator,PT0 0,Run of River,67048.38557
marginal,Generator,PT0 0,Solar,107595.44962
marginal,Generator,PT0 0,forest residues,71459930.66861
marginal,Generator,PT0 0,gas,78618522.02578
marginal,Generator,PT0 0,industry wood,27088961.76413
marginal,Generator,PT0 0,landscape care,4892700.53762
marginal,Generator,PT0 0,manure and slurry,39385596.92859
marginal,Generator,PT0 0,municipal solid waste,12624.24078
marginal,Generator,PT0 0,rural solar thermal,0.31873
marginal,Generator,PT0 0,sewage sludge,1043682.91508
marginal,Generator,PT0 0,solar-hsat,258444.378
marginal,Generator,PT0 0,solid biomass,2429.13468
marginal,Generator,PT0 0,straw,8787402.51975
marginal,Generator,PT0 0,unsustainable biogas,38410672.33278
marginal,Generator,PT0 0,unsustainable bioliquids,366801782.94536
marginal,Generator,PT0 0,unsustainable solid biomass,315611333.26045
marginal,Generator,PT0 0,urban central heat vent,19509.39761
marginal,Generator,PT0 0,urban central solar thermal,0.38509
marginal,Generator,PT0 0,urban decentral heat vent,39.78817
marginal,Generator,PT0 0,urban decentral solar thermal,0.2569
marginal,Generator,RO0 0,Offshore Wind (AC),131781.93207
marginal,Generator,RO0 0,Offshore Wind (DC),235930.1958
marginal,Generator,RO0 0,Offshore Wind (Floating),1.38812
marginal,Generator,RO0 0,Onshore Wind,145850.44638
marginal,Generator,RO0 0,Run of River,86181.50838
marginal,Generator,RO0 0,Solar,52189.44219
marginal,Generator,RO0 0,forest residues,207259239.18845
marginal,Generator,RO0 0,gas,243228430.99483
marginal,Generator,RO0 0,industry wood,80357101.13163
marginal,Generator,RO0 0,landscape care,18400538.90075
marginal,Generator,RO0 0,manure and slurry,42337744.39421
marginal,Generator,RO0 0,municipal solid waste,7263.13244
marginal,Generator,RO0 0,rural solar thermal,0.10789
marginal,Generator,RO0 0,sewage sludge,43414.55427
marginal,Generator,RO0 0,solar-hsat,178537.83679
marginal,Generator,RO0 0,solid biomass,9086.78113
marginal,Generator,RO0 0,straw,62810832.55138
marginal,Generator,RO0 0,unsustainable biogas,9093160.36799
marginal,Generator,RO0 0,unsustainable bioliquids,231496370.91468
marginal,Generator,RO0 0,unsustainable solid biomass,385517894.18155
marginal,Generator,RO0 0,urban central heat vent,28523.97607
marginal,Generator,RO0 0,urban central solar thermal,0.29099
marginal,Generator,RO0 0,urban decentral heat vent,20.34086
marginal,Generator,RO0 0,urban decentral solar thermal,0.14817
marginal,Generator,RS0 0,Onshore Wind,16827.51254
marginal,Generator,RS0 0,Run of River,92387.99429
marginal,Generator,RS0 0,Solar,786.33768
marginal,Generator,RS0 0,forest residues,8328372.20069
marginal,Generator,RS0 0,industry wood,16043417.7678
marginal,Generator,RS0 0,landscape care,6649.40256
marginal,Generator,RS0 0,manure and slurry,18696622.0117
marginal,Generator,RS0 0,municipal solid waste,9159.17255
marginal,Generator,RS0 0,rural heat vent,27.50411
marginal,Generator,RS0 0,rural solar thermal,0.07818
marginal,Generator,RS0 0,sewage sludge,7938.17035
marginal,Generator,RS0 0,solar-hsat,41.20296
marginal,Generator,RS0 0,solid biomass,468984159.74538
marginal,Generator,RS0 0,straw,25498272.82748
marginal,Generator,RS0 0,unsustainable biogas,13622942.99771
marginal,Generator,RS0 0,unsustainable solid biomass,131226191.56966
marginal,Generator,RS0 0,urban central heat vent,21127.42997
marginal,Generator,RS0 0,urban central solar thermal,0.41886
marginal,Generator,RS0 0,urban decentral heat vent,29.29416
marginal,Generator,RS0 0,urban decentral solar thermal,0.08448
marginal,Generator,SE1 0,Offshore Wind (AC),19021.17364
marginal,Generator,SE1 0,Offshore Wind (DC),221.98006
marginal,Generator,SE1 0,Offshore Wind (Floating),1.0129
marginal,Generator,SE1 0,Onshore Wind,855854.17009
marginal,Generator,SE1 0,Run of River,73970.67179
marginal,Generator,SE1 0,Solar,5302.30986
marginal,Generator,SE1 0,forest residues,417168840.3824
marginal,Generator,SE1 0,gas,8188.7161
marginal,Generator,SE1 0,industry wood,225103606.19182
marginal,Generator,SE1 0,landscape care,24899708.90338
marginal,Generator,SE1 0,manure and slurry,30256678.37966
marginal,Generator,SE1 0,municipal solid waste,22394.37234
marginal,Generator,SE1 0,rural solar thermal,0.01637
marginal,Generator,SE1 0,sewage sludge,2848431.7224
marginal,Generator,SE1 0,solar-hsat,191312.50405
marginal,Generator,SE1 0,solid biomass,1694.21366
marginal,Generator,SE1 0,straw,17348791.6503
marginal,Generator,SE1 0,unsustainable biogas,87007522.46356
marginal,Generator,SE1 0,unsustainable bioliquids,531413443.81605
marginal,Generator,SE1 0,unsustainable solid biomass,1054788816.5098
marginal,Generator,SE1 0,urban central heat vent,89156.73244
marginal,Generator,SE1 0,urban central solar thermal,0.06814
marginal,Generator,SE1 0,urban decentral heat vent,6.70403
marginal,Generator,SE1 0,urban decentral solar thermal,0.02269
marginal,Generator,SI0 0,Offshore Wind (AC),0.16347
marginal,Generator,SI0 0,Offshore Wind (Floating),0.06535
marginal,Generator,SI0 0,Onshore Wind,0.17626
marginal,Generator,SI0 0,Run of River,22772.28587
marginal,Generator,SI0 0,Solar,589.11832
marginal,Generator,SI0 0,forest residues,52938805.07495
marginal,Generator,SI0 0,industry wood,24683922.23505
marginal,Generator,SI0 0,landscape care,615101.54352
marginal,Generator,SI0 0,manure and slurry,2676022.07099
marginal,Generator,SI0 0,municipal solid waste,1413.03525
marginal,Generator,SI0 0,rural solar thermal,0.07415
marginal,Generator,SI0 0,sewage sludge,130493.96127
marginal,Generator,SI0 0,solar-hsat,3.04305
marginal,Generator,SI0 0,solid biomass,3568.85351
marginal,Generator,SI0 0,straw,790470.61027
marginal,Generator,SI0 0,unsustainable biogas,10643189.06018
marginal,Generator,SI0 0,unsustainable solid biomass,61084375.20003
marginal,Generator,SI0 0,urban central heat vent,5110.59296
marginal,Generator,SI0 0,urban central solar thermal,0.29105
marginal,Generator,SI0 0,urban decentral heat vent,22.47191
marginal,Generator,SI0 0,urban decentral solar thermal,0.11257
marginal,Generator,SK0 0,Onshore Wind,2.572
marginal,Generator,SK0 0,Run of River,35257.26262
marginal,Generator,SK0 0,Solar,8920.7319
marginal,Generator,SK0 0,forest residues,59463066.99038
marginal,Generator,SK0 0,gas,144545207.21152
marginal,Generator,SK0 0,industry wood,24944155.0507
marginal,Generator,SK0 0,landscape care,2634668.83259
marginal,Generator,SK0 0,manure and slurry,23850852.8748
marginal,Generator,SK0 0,municipal solid waste,3838.6868
marginal,Generator,SK0 0,rural solar thermal,0.05887
marginal,Generator,SK0 0,sewage sludge,4793.90497
marginal,Generator,SK0 0,solar-hsat,3.90529
marginal,Generator,SK0 0,solid biomass,5484.71224
marginal,Generator,SK0 0,straw,14848415.71278
marginal,Generator,SK0 0,unsustainable biogas,68507174.46196
marginal,Generator,SK0 0,unsustainable bioliquids,181167712.75541
marginal,Generator,SK0 0,unsustainable solid biomass,156034863.6729
marginal,Generator,SK0 0,urban central heat vent,14922.08384
marginal,Generator,SK0 0,urban central solar thermal,0.1808
marginal,Generator,SK0 0,urban decentral heat vent,201.23268
marginal,Generator,SK0 0,urban decentral solar thermal,0.07587
marginal,Generator,XK0 0,Onshore Wind,902.15233
marginal,Generator,XK0 0,Run of River,1512.67203
marginal,Generator,XK0 0,Solar,4089.23635
marginal,Generator,XK0 0,forest residues,844148.79245
marginal,Generator,XK0 0,industry wood,1597476.86591
marginal,Generator,XK0 0,manure and slurry,356432.81994
marginal,Generator,XK0 0,municipal solid waste,466.7059
marginal,Generator,XK0 0,rural heat vent,1.99114
marginal,Generator,XK0 0,rural solar thermal,0.00122
marginal,Generator,XK0 0,sewage sludge,45355.89036
marginal,Generator,XK0 0,solar-hsat,5345.63408
marginal,Generator,XK0 0,solid biomass,2227.71657
marginal,Generator,XK0 0,straw,997772.89695
marginal,Generator,XK0 0,unsustainable solid biomass,35609498.17768
marginal,Generator,XK0 0,urban central heat vent,1.14469
marginal,Generator,XK0 0,urban central solar thermal,0.2314
marginal,Generator,XK0 0,urban decentral heat vent,0.94882
marginal,Generator,XK0 0,urban decentral solar thermal,0.00015
marginal,Link,AL0 0,BEV charger,6927.34579
marginal,Link,AL0 0,CO2 pipeline,0.82646
marginal,Link,AL0 0,Combined-Cycle Gas,32.01775
marginal,Link,AL0 0,EAF,0.02115
marginal,Link,AL0 0,H2 DRI,300.16164
marginal,Link,AL0 0,H2 Electrolysis,21.10209
marginal,Link,AL0 0,HVC to air,43180.53518
marginal,Link,AL0 0,Haber-Bosch,1.84327
marginal,Link,AL0 0,Open-Cycle Gas,22.2868
marginal,Link,AL0 0,SMR,0.54936
marginal,Link,AL0 0,Sabatier,0.6859
marginal,Link,AL0 0,battery charger,25290.75991
marginal,Link,AL0 0,battery discharger,25703.87964
marginal,Link,AL0 0,biogas to gas,1122777.49264
marginal,Link,AL0 0,biomass to liquid,49.14168
marginal,Link,AL0 0,biomass-to-methanol,1799.72594
marginal,Link,AL0 0,electricity distribution grid,30554.52149
marginal,Link,AL0 0,gas DRI,243.84391
marginal,Link,AL0 0,gas for industry,581.66713
marginal,Link,AL0 0,gas pipeline new,1542.54181
marginal,Link,AL0 0,heat100-200 industry electric boiler steam,52.76447
marginal,Link,AL0 0,heat100-200 industry gas,10.427
marginal,Link,AL0 0,heat100-200 industry industrial heat pump high temperature,243195.13145
marginal,Link,AL0 0,heat100-200 industry solid biomass,1685.43885
marginal,Link,AL0 0,heat200-500 industry gas,2.20427
marginal,Link,AL0 0,heat200-500 industry hydrogen,62.84151
marginal,Link,AL0 0,heat200-500 industry solid biomass,653646.37451
marginal,Link,AL0 0,heat<100 industry electric boiler steam,54.48704
marginal,Link,AL0 0,heat<100 industry gas,9.75221
marginal,Link,AL0 0,heat<100 industry industrial heat pump medium temperature,322227.89937
marginal,Link,AL0 0,heat<100 industry solid biomass,2624.2261
marginal,Link,AL0 0,heat>500 industry gas,22764.22824
marginal,Link,AL0 0,heat>500 industry hydrogen,3216.0957
marginal,Link,AL0 0,home battery charger,3.96621
marginal,Link,AL0 0,home battery discharger,4.22702
marginal,Link,AL0 0,methanolisation,1.52591
marginal,Link,AL0 0,municipal solid waste,1348.09779
marginal,Link,AL0 0,rural air heat pump,0.3057
marginal,Link,AL0 0,rural biomass boiler,14341179.12834
marginal,Link,AL0 0,rural gas boiler,0.2243
marginal,Link,AL0 0,rural ground heat pump,4.14269
marginal,Link,AL0 0,rural resistive heater,54.78253
marginal,Link,AL0 0,solid biomass for industry,1197.43853
marginal,Link,AL0 0,steel emission,382.9289
marginal,Link,AL0 0,urban central air heat pump,146.58801
marginal,Link,AL0 0,urban central gas CHP,56.84489
marginal,Link,AL0 0,urban central gas boiler,5.32067
marginal,Link,AL0 0,urban central resistive heater,363.99195
marginal,Link,AL0 0,urban central solid biomass CHP,1847056.63569
marginal,Link,AL0 0,urban central solid biomass CHP CC,1840.62306
marginal,Link,AL0 0,urban decentral air heat pump,0.29776
marginal,Link,AL0 0,urban decentral biomass boiler,18355597.98521
marginal,Link,AL0 0,urban decentral gas boiler,0.23342
marginal,Link,AL0 0,urban decentral resistive heater,61.62446
marginal,Link,AL0 0,waste CHP,1443.33772
marginal,Link,AT0 0,BEV charger,76297.55228
marginal,Link,AT0 0,CO2 pipeline,10515.33836
marginal,Link,AT0 0,Combined-Cycle Gas,31.63986
marginal,Link,AT0 0,EAF,0.04314
marginal,Link,AT0 0,H2 DRI,546.78998
marginal,Link,AT0 0,H2 Electrolysis,3.24929
marginal,Link,AT0 0,HVC to air,152917.71279
marginal,Link,AT0 0,Haber-Bosch,0.78592
marginal,Link,AT0 0,Open-Cycle Gas,21.94242
marginal,Link,AT0 0,SMR,0.64437
marginal,Link,AT0 0,Sabatier,0.50927
marginal,Link,AT0 0,battery charger,47020.76279
marginal,Link,AT0 0,battery discharger,44839.11762
marginal,Link,AT0 0,biogas to gas,16271947.00482
marginal,Link,AT0 0,biomass to liquid,34.16532
marginal,Link,AT0 0,biomass-to-methanol,1713.56095
marginal,Link,AT0 0,electricity distribution grid,781223.15046
marginal,Link,AT0 0,gas DRI,542.91706
marginal,Link,AT0 0,gas for industry,19726.79304
marginal,Link,AT0 0,gas pipeline,6771.70017
marginal,Link,AT0 0,gas pipeline new,143.4321
marginal,Link,AT0 0,heat100-200 industry electric boiler steam,32.8956
marginal,Link,AT0 0,heat100-200 industry gas,8.08076
marginal,Link,AT0 0,heat100-200 industry industrial heat pump high temperature,14769778.67331
marginal,Link,AT0 0,heat100-200 industry solid biomass,982.98514
marginal,Link,AT0 0,heat200-500 industry gas,1.54026
marginal,Link,AT0 0,heat200-500 industry hydrogen,37.22392
marginal,Link,AT0 0,heat200-500 industry solid biomass,30921146.43132
marginal,Link,AT0 0,heat<100 industry electric boiler steam,27.56144
marginal,Link,AT0 0,heat<100 industry gas,6.66592
marginal,Link,AT0 0,heat<100 industry industrial heat pump medium temperature,5716804.95777
marginal,Link,AT0 0,heat<100 industry solid biomass,1357704.52422
marginal,Link,AT0 0,heat>500 industry gas,2339199.83025
marginal,Link,AT0 0,heat>500 industry hydrogen,192.28755
marginal,Link,AT0 0,home battery charger,3.63553
marginal,Link,AT0 0,home battery discharger,3.84021
marginal,Link,AT0 0,methanolisation,0.64764
marginal,Link,AT0 0,municipal solid waste,7330.59739
marginal,Link,AT0 0,rural air heat pump,0.31836
marginal,Link,AT0 0,rural biomass boiler,75659684.41181
marginal,Link,AT0 0,rural gas boiler,3.44534
marginal,Link,AT0 0,rural ground heat pump,39765.20259
marginal,Link,AT0 0,rural resistive heater,596.57641
marginal,Link,AT0 0,solid biomass for industry,178925.7199
marginal,Link,AT0 0,steel emission,25627.91575
marginal,Link,AT0 0,unsustainable bioliquids,3481683.53954
marginal,Link,AT0 0,urban central air heat pump,1.2858
marginal,Link,AT0 0,urban central gas CHP,57.87793
marginal,Link,AT0 0,urban central gas boiler,3314.43336
marginal,Link,AT0 0,urban central resistive heater,5333.15175
marginal,Link,AT0 0,urban central solid biomass CHP,77025193.10824
marginal,Link,AT0 0,urban central solid biomass CHP CC,15256021.80803
marginal,Link,AT0 0,urban decentral air heat pump,5873.95471
marginal,Link,AT0 0,urban decentral biomass boiler,71207477.84096
marginal,Link,AT0 0,urban decentral gas boiler,33599.60955
marginal,Link,AT0 0,urban decentral resistive heater,36224.52958
marginal,Link,AT0 0,waste CHP,1705.02186
marginal,Link,BA0 0,BEV charger,12295.37837
marginal,Link,BA0 0,CO2 pipeline,1.58332
marginal,Link,BA0 0,Combined-Cycle Gas,29.92253
marginal,Link,BA0 0,EAF,0.025
marginal,Link,BA0 0,H2 DRI,282.22408
marginal,Link,BA0 0,H2 Electrolysis,6.96238
marginal,Link,BA0 0,HVC to air,53648.36259
marginal,Link,BA0 0,Haber-Bosch,0.96063
marginal,Link,BA0 0,Open-Cycle Gas,21.949
marginal,Link,BA0 0,SMR,0.64196
marginal,Link,BA0 0,Sabatier,0.52372
marginal,Link,BA0 0,battery charger,7546.23291
marginal,Link,BA0 0,battery discharger,7515.62908
marginal,Link,BA0 0,biogas to gas,1550976.0985
marginal,Link,BA0 0,biomass to liquid,38.50949
marginal,Link,BA0 0,biomass-to-methanol,1692.44038
marginal,Link,BA0 0,electricity distribution grid,105727.52606
marginal,Link,BA0 0,gas DRI,333.52059
marginal,Link,BA0 0,gas for industry,3543.84145
marginal,Link,BA0 0,gas pipeline,39.40956
marginal,Link,BA0 0,gas pipeline new,9686.20147
marginal,Link,BA0 0,heat100-200 industry electric boiler steam,34.16111
marginal,Link,BA0 0,heat100-200 industry gas,8.42433
marginal,Link,BA0 0,heat100-200 industry industrial heat pump high temperature,486847.42102
marginal,Link,BA0 0,heat100-200 industry solid biomass,2144.51857
marginal,Link,BA0 0,heat200-500 industry gas,1.87913
marginal,Link,BA0 0,heat200-500 industry hydrogen,59.24534
marginal,Link,BA0 0,heat200-500 industry solid biomass,1868222.0301
marginal,Link,BA0 0,heat<100 industry electric boiler steam,35.19382
marginal,Link,BA0 0,heat<100 industry gas,7.96008
marginal,Link,BA0 0,heat<100 industry industrial heat pump medium temperature,560741.16018
marginal,Link,BA0 0,heat<100 industry solid biomass,4772.74947
marginal,Link,BA0 0,heat>500 industry gas,213655.16672
marginal,Link,BA0 0,heat>500 industry hydrogen,367.56716
marginal,Link,BA0 0,home battery charger,3.96394
marginal,Link,BA0 0,home battery discharger,3.99522
marginal,Link,BA0 0,methanolisation,0.76354
marginal,Link,BA0 0,municipal solid waste,0.4699
marginal,Link,BA0 0,rural air heat pump,0.16247
marginal,Link,BA0 0,rural biomass boiler,57656054.08323
marginal,Link,BA0 0,rural gas boiler,0.21035
marginal,Link,BA0 0,rural ground heat pump,0.56177
marginal,Link,BA0 0,rural resistive heater,73.27935
marginal,Link,BA0 0,solid biomass for industry,6707.46734
marginal,Link,BA0 0,steel emission,3453.23543
marginal,Link,BA0 0,urban central air heat pump,226.32908
marginal,Link,BA0 0,urban central gas CHP,57.78446
marginal,Link,BA0 0,urban central gas boiler,439.13795
marginal,Link,BA0 0,urban central resistive heater,887.23639
marginal,Link,BA0 0,urban central solid biomass CHP,11253916.35592
marginal,Link,BA0 0,urban central solid biomass CHP CC,2744.49439
marginal,Link,BA0 0,urban decentral air heat pump,0.17036
marginal,Link,BA0 0,urban decentral biomass boiler,41376512.71059
marginal,Link,BA0 0,urban decentral gas boiler,0.20247
marginal,Link,BA0 0,urban decentral resistive heater,61.72634
marginal,Link,BA0 0,waste CHP,1473.67013
marginal,Link,BE0 0,BEV charger,100657.02018
marginal,Link,BE0 0,CO2 pipeline,1.64397
marginal,Link,BE0 0,Combined-Cycle Gas,3334396.16539
marginal,Link,BE0 0,DC,43836.50083
marginal,Link,BE0 0,EAF,0.04411
marginal,Link,BE0 0,H2 DRI,553.77787
marginal,Link,BE0 0,H2 Electrolysis,5.59224
marginal,Link,BE0 0,HVC to air,238186.80445
marginal,Link,BE0 0,Haber-Bosch,1.62175
marginal,Link,BE0 0,Open-Cycle Gas,21.16582
marginal,Link,BE0 0,SMR,0.74656
marginal,Link,BE0 0,Sabatier,0.64638
marginal,Link,BE0 0,battery charger,14.91646
marginal,Link,BE0 0,battery discharger,15.31042
marginal,Link,BE0 0,biogas to gas,26001192.7955
marginal,Link,BE0 0,biomass to liquid,16.38855
marginal,Link,BE0 0,biomass-to-methanol,750.47786
marginal,Link,BE0 0,electricity distribution grid,1197012.71508
marginal,Link,BE0 0,gas DRI,542.38766
marginal,Link,BE0 0,gas for industry,47026.82728
marginal,Link,BE0 0,gas pipeline,416.63902
marginal,Link,BE0 0,gas pipeline new,4304.49621
marginal,Link,BE0 0,heat100-200 industry electric boiler steam,33.99097
marginal,Link,BE0 0,heat100-200 industry gas,7.86628
marginal,Link,BE0 0,heat100-200 industry industrial heat pump high temperature,16227000.94252
marginal,Link,BE0 0,heat100-200 industry solid biomass,158.79886
marginal,Link,BE0 0,heat200-500 industry gas,1.69958
marginal,Link,BE0 0,heat200-500 industry hydrogen,48.82763
marginal,Link,BE0 0,heat200-500 industry solid biomass,42325754.35574
marginal,Link,BE0 0,heat<100 industry electric boiler steam,32.86726
marginal,Link,BE0 0,heat<100 industry gas,7.67311
marginal,Link,BE0 0,heat<100 industry industrial heat pump medium temperature,14426068.79905
marginal,Link,BE0 0,heat<100 industry solid biomass,167.88844
marginal,Link,BE0 0,heat>500 industry gas,4336879.94731
marginal,Link,BE0 0,heat>500 industry hydrogen,514.99602
marginal,Link,BE0 0,home battery charger,3.89712
marginal,Link,BE0 0,home battery discharger,4.23886
marginal,Link,BE0 0,methanolisation,0.90445
marginal,Link,BE0 0,municipal solid waste,29444.2149
marginal,Link,BE0 0,rural air heat pump,0.50434
marginal,Link,BE0 0,rural biomass boiler,6706001.75907
marginal,Link,BE0 0,rural gas boiler,0.39481
marginal,Link,BE0 0,rural ground heat pump,16156.67039
marginal,Link,BE0 0,rural resistive heater,104.50992
marginal,Link,BE0 0,solid biomass for industry,102608.87585
marginal,Link,BE0 0,steel emission,19962.85897
marginal,Link,BE0 0,unsustainable bioliquids,3985648.67383
marginal,Link,BE0 0,urban central air heat pump,5646.37257
marginal,Link,BE0 0,urban central gas CHP,101.81524
marginal,Link,BE0 0,urban central gas boiler,5876.35748
marginal,Link,BE0 0,urban central resistive heater,8867.25534
marginal,Link,BE0 0,urban central solid biomass CHP,55565592.96737
marginal,Link,BE0 0,urban central solid biomass CHP CC,5549.08801
marginal,Link,BE0 0,urban decentral air heat pump,1552.54724
marginal,Link,BE0 0,urban decentral biomass boiler,43127053.13195
marginal,Link,BE0 0,urban decentral gas boiler,174527.54884
marginal,Link,BE0 0,urban decentral resistive heater,195442.3713
marginal,Link,BE0 0,waste CHP,5092.23576
marginal,Link,BG0 0,BEV charger,28765.48996
marginal,Link,BG0 0,CO2 pipeline,-2.36271
marginal,Link,BG0 0,Combined-Cycle Gas,31.48329
marginal,Link,BG0 0,H2 Electrolysis,4.65989
marginal,Link,BG0 0,HVC to air,121809.70686
marginal,Link,BG0 0,Haber-Bosch,1.16495
marginal,Link,BG0 0,Open-Cycle Gas,21.53056
marginal,Link,BG0 0,SMR,0.55211
marginal,Link,BG0 0,Sabatier,0.6734
marginal,Link,BG0 0,battery charger,63223.9999
marginal,Link,BG0 0,battery discharger,69530.2208
marginal,Link,BG0 0,biogas to gas,13586563.44134
marginal,Link,BG0 0,biomass to liquid,74.31292
marginal,Link,BG0 0,biomass-to-methanol,2888.99472
marginal,Link,BG0 0,co2 sequestered,4.1954
marginal,Link,BG0 0,electricity distribution grid,402210.95027
marginal,Link,BG0 0,gas for industry,15059.09278
marginal,Link,BG0 0,gas pipeline,59.54428
marginal,Link,BG0 0,gas pipeline new,-81.56431
marginal,Link,BG0 0,heat100-200 industry electric boiler steam,28.3905
marginal,Link,BG0 0,heat100-200 industry gas,6.57346
marginal,Link,BG0 0,heat100-200 industry industrial heat pump high temperature,1700501.65037
marginal,Link,BG0 0,heat100-200 industry solid biomass,4186414.69274
marginal,Link,BG0 0,heat200-500 industry gas,1.41378
marginal,Link,BG0 0,heat200-500 industry hydrogen,42.09938
marginal,Link,BG0 0,heat200-500 industry solid biomass,10182636.82941
marginal,Link,BG0 0,heat<100 industry electric boiler steam,28.43829
marginal,Link,BG0 0,heat<100 industry gas,6.79785
marginal,Link,BG0 0,heat<100 industry industrial heat pump medium temperature,750.25041
marginal,Link,BG0 0,heat<100 industry solid biomass,6607223.3777
marginal,Link,BG0 0,heat>500 industry gas,1213320.08646
marginal,Link,BG0 0,heat>500 industry hydrogen,319.11854
marginal,Link,BG0 0,home battery charger,159.98777
marginal,Link,BG0 0,home battery discharger,151.04804
marginal,Link,BG0 0,methanolisation,0.91207
marginal,Link,BG0 0,municipal solid waste,2670.56081
marginal,Link,BG0 0,rural air heat pump,0.26488
marginal,Link,BG0 0,rural biomass boiler,21331762.91829
marginal,Link,BG0 0,rural gas boiler,0.52714
marginal,Link,BG0 0,rural ground heat pump,4337.08123
marginal,Link,BG0 0,rural resistive heater,211.9648
marginal,Link,BG0 0,solid biomass for industry,33682.50158
marginal,Link,BG0 0,unsustainable bioliquids,1443686.69635
marginal,Link,BG0 0,urban central air heat pump,1.20711
marginal,Link,BG0 0,urban central gas CHP,54.66453
marginal,Link,BG0 0,urban central gas boiler,475.59298
marginal,Link,BG0 0,urban central resistive heater,5414.62541
marginal,Link,BG0 0,urban central solid biomass CHP,29959767.73537
marginal,Link,BG0 0,urban central solid biomass CHP CC,2905.6667
marginal,Link,BG0 0,urban decentral air heat pump,6177.40808
marginal,Link,BG0 0,urban decentral biomass boiler,26462321.57839
marginal,Link,BG0 0,urban decentral gas boiler,217.00945
marginal,Link,BG0 0,urban decentral resistive heater,21089.60891
marginal,Link,BG0 0,waste CHP,1427.82893
marginal,Link,CH0 0,BEV charger,40783.23417
marginal,Link,CH0 0,CO2 pipeline,32.7239
marginal,Link,CH0 0,Combined-Cycle Gas,31.88697
marginal,Link,CH0 0,EAF,0.02439
marginal,Link,CH0 0,H2 DRI,290.18354
marginal,Link,CH0 0,H2 Electrolysis,4.92498
marginal,Link,CH0 0,HVC to air,189391.97525
marginal,Link,CH0 0,Haber-Bosch,1.36085
marginal,Link,CH0 0,Open-Cycle Gas,20.0896
marginal,Link,CH0 0,SMR,0.58937
marginal,Link,CH0 0,Sabatier,0.63137
marginal,Link,CH0 0,battery charger,12.89509
marginal,Link,CH0 0,battery discharger,14.37648
marginal,Link,CH0 0,biogas to gas,56573.17423
marginal,Link,CH0 0,biomass to liquid,13.82106
marginal,Link,CH0 0,biomass-to-methanol,580.14752
marginal,Link,CH0 0,electricity distribution grid,747584.26212
marginal,Link,CH0 0,gas DRI,314.13552
marginal,Link,CH0 0,gas for industry,10910.78725
marginal,Link,CH0 0,gas pipeline,3865.75058
marginal,Link,CH0 0,gas pipeline new,-43200.41497
marginal,Link,CH0 0,heat100-200 industry electric boiler steam,28.70166
marginal,Link,CH0 0,heat100-200 industry gas,5.98987
marginal,Link,CH0 0,heat100-200 industry industrial heat pump high temperature,4822237.62375
marginal,Link,CH0 0,heat100-200 industry solid biomass,103.95656
marginal,Link,CH0 0,heat200-500 industry gas,1.79842
marginal,Link,CH0 0,heat200-500 industry hydrogen,53.12842
marginal,Link,CH0 0,heat200-500 industry solid biomass,11865427.8429
marginal,Link,CH0 0,heat<100 industry electric boiler steam,28.85514
marginal,Link,CH0 0,heat<100 industry gas,6.01987
marginal,Link,CH0 0,heat<100 industry industrial heat pump medium temperature,3985761.93296
marginal,Link,CH0 0,heat<100 industry solid biomass,115.49524
marginal,Link,CH0 0,heat>500 industry gas,911854.63785
marginal,Link,CH0 0,heat>500 industry hydrogen,406.92563
marginal,Link,CH0 0,home battery charger,32.33795
marginal,Link,CH0 0,home battery discharger,37.83968
marginal,Link,CH0 0,methanolisation,0.81075
marginal,Link,CH0 0,municipal solid waste,67277.9292
marginal,Link,CH0 0,rural air heat pump,0.24344
marginal,Link,CH0 0,rural biomass boiler,2985.51254
marginal,Link,CH0 0,rural gas boiler,0.22503
marginal,Link,CH0 0,rural ground heat pump,32448.35366
marginal,Link,CH0 0,rural resistive heater,76.56986
marginal,Link,CH0 0,solid biomass for industry,22555.51665
marginal,Link,CH0 0,steel emission,2379.0033
marginal,Link,CH0 0,urban central air heat pump,7874.93606
marginal,Link,CH0 0,urban central gas CHP,60.61215
marginal,Link,CH0 0,urban central gas boiler,2609.62479
marginal,Link,CH0 0,urban central resistive heater,6020.82231
marginal,Link,CH0 0,urban central solid biomass CHP,30559680.81217
marginal,Link,CH0 0,urban central solid biomass CHP CC,669.65174
marginal,Link,CH0 0,urban decentral air heat pump,94993.17468
marginal,Link,CH0 0,urban decentral biomass boiler,116719323.48883
marginal,Link,CH0 0,urban decentral gas boiler,0.23356
marginal,Link,CH0 0,urban decentral resistive heater,650.29919
marginal,Link,CH0 0,waste CHP,8764781.05847
marginal,Link,CZ0 0,BEV charger,69142.15396
marginal,Link,CZ0 0,CO2 pipeline,209.68132
marginal,Link,CZ0 0,Combined-Cycle Gas,32.3483
marginal,Link,CZ0 0,EAF,0.0441
marginal,Link,CZ0 0,H2 DRI,473.34704
marginal,Link,CZ0 0,H2 Electrolysis,2.81354
marginal,Link,CZ0 0,HVC to air,164690.44963
marginal,Link,CZ0 0,Haber-Bosch,0.8201
marginal,Link,CZ0 0,Open-Cycle Gas,22.10414
marginal,Link,CZ0 0,SMR,0.61087
marginal,Link,CZ0 0,Sabatier,0.48535
marginal,Link,CZ0 0,battery charger,14.80722
marginal,Link,CZ0 0,battery discharger,15.22722
marginal,Link,CZ0 0,biogas to gas,44392715.78867
marginal,Link,CZ0 0,biomass to liquid,28.58954
marginal,Link,CZ0 0,biomass-to-methanol,1171.53366
marginal,Link,CZ0 0,electricity distribution grid,817783.03922
marginal,Link,CZ0 0,gas DRI,535.82749
marginal,Link,CZ0 0,gas for industry,15798.57578
marginal,Link,CZ0 0,gas pipeline,25619.64494
marginal,Link,CZ0 0,gas pipeline new,-2.81132
marginal,Link,CZ0 0,heat100-200 industry electric boiler steam,29.25468
marginal,Link,CZ0 0,heat100-200 industry gas,6.8115
marginal,Link,CZ0 0,heat100-200 industry industrial heat pump high temperature,9570328.50831
marginal,Link,CZ0 0,heat100-200 industry solid biomass,310.81174
marginal,Link,CZ0 0,heat200-500 industry gas,1.58751
marginal,Link,CZ0 0,heat200-500 industry hydrogen,38.19283
marginal,Link,CZ0 0,heat200-500 industry solid biomass,29335805.57111
marginal,Link,CZ0 0,heat<100 industry electric boiler steam,29.14403
marginal,Link,CZ0 0,heat<100 industry gas,6.78221
marginal,Link,CZ0 0,heat<100 industry industrial heat pump medium temperature,9623354.36073
marginal,Link,CZ0 0,heat<100 industry solid biomass,408.04505
marginal,Link,CZ0 0,heat>500 industry gas,2141018.05361
marginal,Link,CZ0 0,heat>500 industry hydrogen,198.17973
marginal,Link,CZ0 0,home battery charger,3.75031
marginal,Link,CZ0 0,home battery discharger,3.73402
marginal,Link,CZ0 0,methanolisation,0.61177
marginal,Link,CZ0 0,municipal solid waste,3011.76324
marginal,Link,CZ0 0,rural air heat pump,0.22816
marginal,Link,CZ0 0,rural biomass boiler,67556929.03567
marginal,Link,CZ0 0,rural gas boiler,4.46447
marginal,Link,CZ0 0,rural ground heat pump,39009.10435
marginal,Link,CZ0 0,rural resistive heater,229.4519
marginal,Link,CZ0 0,solid biomass for industry,96544.92665
marginal,Link,CZ0 0,steel emission,19247.79836
marginal,Link,CZ0 0,unsustainable bioliquids,2447907.03368
marginal,Link,CZ0 0,urban central air heat pump,7.3874
marginal,Link,CZ0 0,urban central gas CHP,59.24437
marginal,Link,CZ0 0,urban central gas boiler,5137.63679
marginal,Link,CZ0 0,urban central resistive heater,9312.04501
marginal,Link,CZ0 0,urban central solid biomass CHP,90107269.16752
marginal,Link,CZ0 0,urban central solid biomass CHP CC,313929.15858
marginal,Link,CZ0 0,urban decentral air heat pump,5573.07321
marginal,Link,CZ0 0,urban decentral biomass boiler,108747106.80995
marginal,Link,CZ0 0,urban decentral gas boiler,84117.34604
marginal,Link,CZ0 0,urban decentral resistive heater,107704.66982
marginal,Link,CZ0 0,waste CHP,2510.23258
marginal,Link,DE0 0,BEV charger,84369.02989
marginal,Link,DE0 0,CO2 pipeline,-102.60953
marginal,Link,DE0 0,Combined-Cycle Gas,32.59866
marginal,Link,DE0 0,DC,48497.95899
marginal,Link,DE0 0,EAF,0.04787
marginal,Link,DE0 0,H2 DRI,608.90097
marginal,Link,DE0 0,H2 Electrolysis,169991.71669
marginal,Link,DE0 0,HVC to air,253474.57
marginal,Link,DE0 0,Haber-Bosch,1.89278
marginal,Link,DE0 0,Open-Cycle Gas,20.1817
marginal,Link,DE0 0,SMR,0.29647
marginal,Link,DE0 0,Sabatier,0.84338
marginal,Link,DE0 0,battery charger,8.67512
marginal,Link,DE0 0,battery discharger,9.48222
marginal,Link,DE0 0,biogas to gas,76976832.7551
marginal,Link,DE0 0,biomass to liquid,20.53955
marginal,Link,DE0 0,biomass-to-methanol,772.61311
marginal,Link,DE0 0,co2 sequestered,118.53709
marginal,Link,DE0 0,electricity distribution grid,1049135.13471
marginal,Link,DE0 0,gas DRI,553.24442
marginal,Link,DE0 0,gas for industry,39339.64502
marginal,Link,DE0 0,gas pipeline,141226.34402
marginal,Link,DE0 0,heat100-200 industry electric boiler steam,35.79806
marginal,Link,DE0 0,heat100-200 industry gas,7.44818
marginal,Link,DE0 0,heat100-200 industry industrial heat pump high temperature,15309768.34163
marginal,Link,DE0 0,heat100-200 industry solid biomass,143.77615
marginal,Link,DE0 0,heat200-500 industry gas,1.66151
marginal,Link,DE0 0,heat200-500 industry hydrogen,53.54579
marginal,Link,DE0 0,heat200-500 industry solid biomass,40266822.84589
marginal,Link,DE0 0,heat<100 industry electric boiler steam,33.72645
marginal,Link,DE0 0,heat<100 industry gas,7.0483
marginal,Link,DE0 0,heat<100 industry industrial heat pump medium temperature,12511436.32065
marginal,Link,DE0 0,heat<100 industry solid biomass,146.31303
marginal,Link,DE0 0,heat>500 industry gas,75.52857
marginal,Link,DE0 0,heat>500 industry hydrogen,32024960.41484
marginal,Link,DE0 0,home battery charger,3.98739
marginal,Link,DE0 0,home battery discharger,3.61634
marginal,Link,DE0 0,methanolisation,1.39028
marginal,Link,DE0 0,municipal solid waste,16794.67452
marginal,Link,DE0 0,rural air heat pump,0.3254
marginal,Link,DE0 0,rural biomass boiler,29516892.23867
marginal,Link,DE0 0,rural gas boiler,3.78243
marginal,Link,DE0 0,rural ground heat pump,42759.43821
marginal,Link,DE0 0,rural resistive heater,801.53716
marginal,Link,DE0 0,solid biomass for industry,66104.36218
marginal,Link,DE0 0,steel emission,24799.58091
marginal,Link,DE0 0,unsustainable bioliquids,6676696.14548
marginal,Link,DE0 0,urban central air heat pump,13939.48548
marginal,Link,DE0 0,urban central gas CHP,59.13763
marginal,Link,DE0 0,urban central gas boiler,3517.22957
marginal,Link,DE0 0,urban central resistive heater,12338.02194
marginal,Link,DE0 0,urban central solid biomass CHP,62942404.9047
marginal,Link,DE0 0,urban central solid biomass CHP CC,1985.17591
marginal,Link,DE0 0,urban decentral air heat pump,3691.54649
marginal,Link,DE0 0,urban decentral biomass boiler,64755502.19434
marginal,Link,DE0 0,urban decentral gas boiler,70474.61797
marginal,Link,DE0 0,urban decentral resistive heater,173907.01198
marginal,Link,DE0 0,waste CHP,4862.33676
marginal,Link,DE0 1,BEV charger,48697.29469
marginal,Link,DE0 1,CO2 pipeline,8459.63665
marginal,Link,DE0 1,Combined-Cycle Gas,32.47707
marginal,Link,DE0 1,H2 Electrolysis,4.01294
marginal,Link,DE0 1,HVC to air,122547.63353
marginal,Link,DE0 1,Haber-Bosch,0.7681
marginal,Link,DE0 1,Open-Cycle Gas,20.57151
marginal,Link,DE0 1,SMR,0.29826
marginal,Link,DE0 1,Sabatier,0.52174
marginal,Link,DE0 1,battery charger,17.10166
marginal,Link,DE0 1,battery discharger,14.78874
marginal,Link,DE0 1,biogas to gas,40491988.55198
marginal,Link,DE0 1,biomass to liquid,38.94615
marginal,Link,DE0 1,biomass-to-methanol,1656.13891
marginal,Link,DE0 1,electricity distribution grid,603385.45149
marginal,Link,DE0 1,gas for industry,5382.98073
marginal,Link,DE0 1,gas pipeline,68508.87388
marginal,Link,DE0 1,gas pipeline new,40.62891
marginal,Link,DE0 1,heat100-200 industry electric boiler steam,27.03633
marginal,Link,DE0 1,heat100-200 industry gas,6.28181
marginal,Link,DE0 1,heat100-200 industry industrial heat pump high temperature,5553645.70859
marginal,Link,DE0 1,heat100-200 industry solid biomass,1009.11746
marginal,Link,DE0 1,heat200-500 industry gas,1.4091
marginal,Link,DE0 1,heat200-500 industry hydrogen,41.13082
marginal,Link,DE0 1,heat200-500 industry solid biomass,13267590.60051
marginal,Link,DE0 1,heat<100 industry electric boiler steam,26.69729
marginal,Link,DE0 1,heat<100 industry gas,6.13189
marginal,Link,DE0 1,heat<100 industry industrial heat pump medium temperature,1414635.76579
marginal,Link,DE0 1,heat<100 industry solid biomass,6090220.57976
marginal,Link,DE0 1,heat>500 industry gas,784308.25982
marginal,Link,DE0 1,heat>500 industry hydrogen,317.20327
marginal,Link,DE0 1,home battery charger,3.52942
marginal,Link,DE0 1,home battery discharger,3.46901
marginal,Link,DE0 1,methanolisation,0.72078
marginal,Link,DE0 1,municipal solid waste,10040.91525
marginal,Link,DE0 1,rural air heat pump,0.23269
marginal,Link,DE0 1,rural biomass boiler,31032567.28814
marginal,Link,DE0 1,rural gas boiler,5.48018
marginal,Link,DE0 1,rural ground heat pump,40418.14174
marginal,Link,DE0 1,rural resistive heater,487.43175
marginal,Link,DE0 1,solid biomass for industry,36862.47675
marginal,Link,DE0 1,unsustainable bioliquids,4039605.13676
marginal,Link,DE0 1,urban central air heat pump,0.50171
marginal,Link,DE0 1,urban central gas CHP,60.32513
marginal,Link,DE0 1,urban central gas boiler,1896.82046
marginal,Link,DE0 1,urban central resistive heater,1201.08657
marginal,Link,DE0 1,urban central solid biomass CHP,28138536.68217
marginal,Link,DE0 1,urban central solid biomass CHP CC,13092006.70788
marginal,Link,DE0 1,urban decentral air heat pump,1940.85624
marginal,Link,DE0 1,urban decentral biomass boiler,20178270.80359
marginal,Link,DE0 1,urban decentral gas boiler,38098.07101
marginal,Link,DE0 1,urban decentral resistive heater,36698.46965
marginal,Link,DE0 1,waste CHP,1631.78604
marginal,Link,DE0 2,BEV charger,133632.82589
marginal,Link,DE0 2,CO2 pipeline,6934.10102
marginal,Link,DE0 2,Combined-Cycle Gas,32.45255
marginal,Link,DE0 2,DC,36959.44539
marginal,Link,DE0 2,EAF,0.05154
marginal,Link,DE0 2,H2 DRI,656.97797
marginal,Link,DE0 2,H2 Electrolysis,224200.74646
marginal,Link,DE0 2,HVC to air,340945.05737
marginal,Link,DE0 2,Haber-Bosch,1.66411
marginal,Link,DE0 2,Open-Cycle Gas,20.11162
marginal,Link,DE0 2,SMR,0.33805
marginal,Link,DE0 2,Sabatier,0.82149
marginal,Link,DE0 2,battery charger,10.35765
marginal,Link,DE0 2,battery discharger,10.30605
marginal,Link,DE0 2,biogas to gas,50253035.00645
marginal,Link,DE0 2,biomass to liquid,15.3664
marginal,Link,DE0 2,biomass-to-methanol,776.10432
marginal,Link,DE0 2,co2 sequestered,1578.23339
marginal,Link,DE0 2,electricity distribution grid,1689711.90901
marginal,Link,DE0 2,gas DRI,553.81072
marginal,Link,DE0 2,gas for industry,63053.03714
marginal,Link,DE0 2,gas pipeline,71459.09952
marginal,Link,DE0 2,heat100-200 industry electric boiler steam,42.34998
marginal,Link,DE0 2,heat100-200 industry gas,8.89135
marginal,Link,DE0 2,heat100-200 industry industrial heat pump high temperature,29676726.94287
marginal,Link,DE0 2,heat100-200 industry solid biomass,172.45045
marginal,Link,DE0 2,heat200-500 industry gas,1.81698
marginal,Link,DE0 2,heat200-500 industry hydrogen,62.55485
marginal,Link,DE0 2,heat200-500 industry solid biomass,72410462.20039
marginal,Link,DE0 2,heat<100 industry electric boiler steam,38.68383
marginal,Link,DE0 2,heat<100 industry gas,8.39271
marginal,Link,DE0 2,heat<100 industry industrial heat pump medium temperature,23128776.35601
marginal,Link,DE0 2,heat<100 industry solid biomass,171.11918
marginal,Link,DE0 2,heat>500 industry gas,2190499.92675
marginal,Link,DE0 2,heat>500 industry hydrogen,42768177.24811
marginal,Link,DE0 2,home battery charger,4.10314
marginal,Link,DE0 2,home battery discharger,4.25831
marginal,Link,DE0 2,methanolisation,1.11668
marginal,Link,DE0 2,municipal solid waste,26602.38332
marginal,Link,DE0 2,rural air heat pump,0.36597
marginal,Link,DE0 2,rural biomass boiler,15355310.66927
marginal,Link,DE0 2,rural gas boiler,3.44392
marginal,Link,DE0 2,rural ground heat pump,35503.04963
marginal,Link,DE0 2,rural resistive heater,506.83431
marginal,Link,DE0 2,solid biomass for industry,142081.68705
marginal,Link,DE0 2,steel emission,62857.96318
marginal,Link,DE0 2,unsustainable bioliquids,4700022.90577
marginal,Link,DE0 2,urban central air heat pump,24251.28637
marginal,Link,DE0 2,urban central gas CHP,60.49415
marginal,Link,DE0 2,urban central gas boiler,7547.97365
marginal,Link,DE0 2,urban central resistive heater,25284.83729
marginal,Link,DE0 2,urban central solid biomass CHP,126129339.21624
marginal,Link,DE0 2,urban central solid biomass CHP CC,9096.5659
marginal,Link,DE0 2,urban decentral air heat pump,5932.22311
marginal,Link,DE0 2,urban decentral biomass boiler,121800610.13304
marginal,Link,DE0 2,urban decentral gas boiler,155196.00566
marginal,Link,DE0 2,urban decentral resistive heater,288516.37837
marginal,Link,DE0 2,waste CHP,4913.7486
marginal,Link,DE0 3,BEV charger,66205.58704
marginal,Link,DE0 3,CO2 pipeline,6093.7587
marginal,Link,DE0 3,Combined-Cycle Gas,32.94712
marginal,Link,DE0 3,H2 Electrolysis,2.48713
marginal,Link,DE0 3,HVC to air,171525.40859
marginal,Link,DE0 3,Haber-Bosch,0.69134
marginal,Link,DE0 3,Open-Cycle Gas,21.12219
marginal,Link,DE0 3,SMR,0.61287
marginal,Link,DE0 3,Sabatier,0.47172
marginal,Link,DE0 3,battery charger,37633.26646
marginal,Link,DE0 3,battery discharger,32287.61663
marginal,Link,DE0 3,biogas to gas,48834817.14596
marginal,Link,DE0 3,biomass to liquid,25.32469
marginal,Link,DE0 3,biomass-to-methanol,1026.00022
marginal,Link,DE0 3,electricity distribution grid,723659.94223
marginal,Link,DE0 3,gas for industry,14298.54773
marginal,Link,DE0 3,gas pipeline,22.9033
marginal,Link,DE0 3,gas pipeline new,-7.55675
marginal,Link,DE0 3,heat100-200 industry electric boiler steam,28.07765
marginal,Link,DE0 3,heat100-200 industry gas,6.91072
marginal,Link,DE0 3,heat100-200 industry industrial heat pump high temperature,9019145.66853
marginal,Link,DE0 3,heat100-200 industry solid biomass,247.37699
marginal,Link,DE0 3,heat200-500 industry gas,1.54538
marginal,Link,DE0 3,heat200-500 industry hydrogen,37.66591
marginal,Link,DE0 3,heat200-500 industry solid biomass,22423741.78098
marginal,Link,DE0 3,heat<100 industry electric boiler steam,26.45592
marginal,Link,DE0 3,heat<100 industry gas,6.45393
marginal,Link,DE0 3,heat<100 industry industrial heat pump medium temperature,6464412.8843
marginal,Link,DE0 3,heat<100 industry solid biomass,344.09266
marginal,Link,DE0 3,heat>500 industry gas,2005327.05686
marginal,Link,DE0 3,heat>500 industry hydrogen,165.45007
marginal,Link,DE0 3,home battery charger,3.50629
marginal,Link,DE0 3,home battery discharger,3.30372
marginal,Link,DE0 3,methanolisation,0.62425
marginal,Link,DE0 3,municipal solid waste,11761.39257
marginal,Link,DE0 3,rural air heat pump,0.31392
marginal,Link,DE0 3,rural biomass boiler,27459166.00098
marginal,Link,DE0 3,rural gas boiler,2.83855
marginal,Link,DE0 3,rural ground heat pump,37610.64523
marginal,Link,DE0 3,rural resistive heater,361.81671
marginal,Link,DE0 3,solid biomass for industry,58447.04746
marginal,Link,DE0 3,unsustainable bioliquids,5070572.60229
marginal,Link,DE0 3,urban central air heat pump,1585.54969
marginal,Link,DE0 3,urban central gas CHP,60.14473
marginal,Link,DE0 3,urban central gas boiler,4480.86945
marginal,Link,DE0 3,urban central resistive heater,3327.35493
marginal,Link,DE0 3,urban central solid biomass CHP,52339322.09939
marginal,Link,DE0 3,urban central solid biomass CHP CC,6908471.88534
marginal,Link,DE0 3,urban decentral air heat pump,2940.19795
marginal,Link,DE0 3,urban decentral biomass boiler,41784824.00095
marginal,Link,DE0 3,urban decentral gas boiler,92284.03621
marginal,Link,DE0 3,urban decentral resistive heater,61718.62043
marginal,Link,DE0 3,waste CHP,2938.65562
marginal,Link,DE0 4,BEV charger,131077.15294
marginal,Link,DE0 4,CO2 pipeline,11453.32759
marginal,Link,DE0 4,Combined-Cycle Gas,31.84924
marginal,Link,DE0 4,EAF,0.0459
marginal,Link,DE0 4,H2 DRI,494.69193
marginal,Link,DE0 4,H2 Electrolysis,2.69972
marginal,Link,DE0 4,HVC to air,309589.42879
marginal,Link,DE0 4,Haber-Bosch,0.74431
marginal,Link,DE0 4,Open-Cycle Gas,20.16416
marginal,Link,DE0 4,SMR,0.54131
marginal,Link,DE0 4,Sabatier,0.52669
marginal,Link,DE0 4,battery charger,30.80503
marginal,Link,DE0 4,battery discharger,31.70215
marginal,Link,DE0 4,biogas to gas,45831650.89198
marginal,Link,DE0 4,biomass to liquid,16.64367
marginal,Link,DE0 4,biomass-to-methanol,809.72885
marginal,Link,DE0 4,electricity distribution grid,1499308.36637
marginal,Link,DE0 4,gas DRI,537.50032
marginal,Link,DE0 4,gas for industry,45946.55887
marginal,Link,DE0 4,gas pipeline,298.13224
marginal,Link,DE0 4,heat100-200 industry electric boiler steam,36.45961
marginal,Link,DE0 4,heat100-200 industry gas,8.50406
marginal,Link,DE0 4,heat100-200 industry industrial heat pump high temperature,23531473.2627
marginal,Link,DE0 4,heat100-200 industry solid biomass,186.52289
marginal,Link,DE0 4,heat200-500 industry gas,1.68031
marginal,Link,DE0 4,heat200-500 industry hydrogen,46.46978
marginal,Link,DE0 4,heat200-500 industry solid biomass,47922731.71027
marginal,Link,DE0 4,heat<100 industry electric boiler steam,32.97431
marginal,Link,DE0 4,heat<100 industry gas,7.91469
marginal,Link,DE0 4,heat<100 industry industrial heat pump medium temperature,17166450.24969
marginal,Link,DE0 4,heat<100 industry solid biomass,193.70215
marginal,Link,DE0 4,heat>500 industry gas,3052762.97213
marginal,Link,DE0 4,heat>500 industry hydrogen,194.47269
marginal,Link,DE0 4,home battery charger,3.41412
marginal,Link,DE0 4,home battery discharger,3.49301
marginal,Link,DE0 4,methanolisation,0.53327
marginal,Link,DE0 4,municipal solid waste,23369.96303
marginal,Link,DE0 4,rural air heat pump,0.42494
marginal,Link,DE0 4,rural biomass boiler,13032120.87715
marginal,Link,DE0 4,rural gas boiler,1.78873
marginal,Link,DE0 4,rural ground heat pump,29299.62046
marginal,Link,DE0 4,rural resistive heater,250.36482
marginal,Link,DE0 4,solid biomass for industry,95622.70072
marginal,Link,DE0 4,steel emission,19692.9171
marginal,Link,DE0 4,unsustainable bioliquids,4966575.37619
marginal,Link,DE0 4,urban central air heat pump,11936.28233
marginal,Link,DE0 4,urban central gas CHP,60.43517
marginal,Link,DE0 4,urban central gas boiler,15253.21328
marginal,Link,DE0 4,urban central resistive heater,6075.51258
marginal,Link,DE0 4,urban central solid biomass CHP,143220382.18713
marginal,Link,DE0 4,urban central solid biomass CHP CC,5138.72264
marginal,Link,DE0 4,urban decentral air heat pump,5455.36426
marginal,Link,DE0 4,urban decentral biomass boiler,112476841.73481
marginal,Link,DE0 4,urban decentral gas boiler,265579.07863
marginal,Link,DE0 4,urban decentral resistive heater,167247.95541
marginal,Link,DE0 4,waste CHP,5478.4733
marginal,Link,DE0 5,BEV charger,91940.91717
marginal,Link,DE0 5,CO2 pipeline,-510.02838
marginal,Link,DE0 5,Combined-Cycle Gas,32.32637
marginal,Link,DE0 5,DC,10276.65187
marginal,Link,DE0 5,EAF,0.03607
marginal,Link,DE0 5,H2 DRI,395.73857
marginal,Link,DE0 5,H2 Electrolysis,121287.69171
marginal,Link,DE0 5,HVC to air,253437.28669
marginal,Link,DE0 5,Haber-Bosch,1.44529
marginal,Link,DE0 5,Open-Cycle Gas,20.12474
marginal,Link,DE0 5,SMR,0.36553
marginal,Link,DE0 5,Sabatier,0.66842
marginal,Link,DE0 5,battery charger,13.64806
marginal,Link,DE0 5,battery discharger,11.49672
marginal,Link,DE0 5,biogas to gas,58718919.55988
marginal,Link,DE0 5,biomass to liquid,20.17471
marginal,Link,DE0 5,biomass-to-methanol,775.18495
marginal,Link,DE0 5,electricity distribution grid,1079357.0087
marginal,Link,DE0 5,gas DRI,446.32905
marginal,Link,DE0 5,gas for industry,66546.75717
marginal,Link,DE0 5,gas pipeline,1089.04592
marginal,Link,DE0 5,heat100-200 industry electric boiler steam,36.24992
marginal,Link,DE0 5,heat100-200 industry gas,7.79366
marginal,Link,DE0 5,heat100-200 industry industrial heat pump high temperature,18083352.86695
marginal,Link,DE0 5,heat100-200 industry solid biomass,157.45413
marginal,Link,DE0 5,heat200-500 industry gas,1.54302
marginal,Link,DE0 5,heat200-500 industry hydrogen,59.88064
marginal,Link,DE0 5,heat200-500 industry solid biomass,42606459.3198
marginal,Link,DE0 5,heat<100 industry electric boiler steam,34.06808
marginal,Link,DE0 5,heat<100 industry gas,7.41288
marginal,Link,DE0 5,heat<100 industry industrial heat pump medium temperature,14926499.80183
marginal,Link,DE0 5,heat<100 industry solid biomass,158.91898
marginal,Link,DE0 5,heat>500 industry gas,1925304.23081
marginal,Link,DE0 5,heat>500 industry hydrogen,19251749.65847
marginal,Link,DE0 5,home battery charger,4.22253
marginal,Link,DE0 5,home battery discharger,4.10758
marginal,Link,DE0 5,methanolisation,1.1004
marginal,Link,DE0 5,municipal solid waste,17377.36881
marginal,Link,DE0 5,rural air heat pump,0.19527
marginal,Link,DE0 5,rural biomass boiler,40770041.43406
marginal,Link,DE0 5,rural gas boiler,6.63778
marginal,Link,DE0 5,rural ground heat pump,52098.13011
marginal,Link,DE0 5,rural resistive heater,998.33123
marginal,Link,DE0 5,solid biomass for industry,63724.93268
marginal,Link,DE0 5,steel emission,7912.93725
marginal,Link,DE0 5,unsustainable bioliquids,5868473.34311
marginal,Link,DE0 5,urban central air heat pump,6706.51308
marginal,Link,DE0 5,urban central gas CHP,56.94494
marginal,Link,DE0 5,urban central gas boiler,3939.61606
marginal,Link,DE0 5,urban central resistive heater,11134.21592
marginal,Link,DE0 5,urban central solid biomass CHP,59509747.58269
marginal,Link,DE0 5,urban central solid biomass CHP CC,1244.15439
marginal,Link,DE0 5,urban decentral air heat pump,4000.55279
marginal,Link,DE0 5,urban decentral biomass boiler,51782192.50004
marginal,Link,DE0 5,urban decentral gas boiler,79124.97218
marginal,Link,DE0 5,urban decentral resistive heater,113407.09602
marginal,Link,DE0 5,waste CHP,4911.08211
marginal,Link,DK0 0,BEV charger,31222.01568
marginal,Link,DK0 0,CO2 pipeline,-41638.29353
marginal,Link,DK0 0,Combined-Cycle Gas,32.41703
marginal,Link,DK0 0,DC,164823.38901
marginal,Link,DK0 0,H2 Electrolysis,397402.05933
marginal,Link,DK0 0,HVC to air,59047.49359
marginal,Link,DK0 0,Haber-Bosch,238331.69798
marginal,Link,DK0 0,Open-Cycle Gas,21.05141
marginal,Link,DK0 0,SMR,0.19659
marginal,Link,DK0 0,Sabatier,1.02943
marginal,Link,DK0 0,battery charger,7.73159
marginal,Link,DK0 0,battery discharger,7.72786
marginal,Link,DK0 0,biogas to gas,26282824.01653
marginal,Link,DK0 0,biomass to liquid,25.99473
marginal,Link,DK0 0,biomass-to-methanol,947.78333
marginal,Link,DK0 0,co2 sequestered,7004.74439
marginal,Link,DK0 0,electricity distribution grid,308535.35195
marginal,Link,DK0 0,gas for industry,12698.69824
marginal,Link,DK0 0,gas pipeline,56576.37131
marginal,Link,DK0 0,gas pipeline new,-9.15896
marginal,Link,DK0 0,heat100-200 industry electric boiler steam,34.68169
marginal,Link,DK0 0,heat100-200 industry gas,6.63877
marginal,Link,DK0 0,heat100-200 industry industrial heat pump high temperature,1961085.76027
marginal,Link,DK0 0,heat100-200 industry solid biomass,214.1791
marginal,Link,DK0 0,heat200-500 industry gas,1.65746
marginal,Link,DK0 0,heat200-500 industry hydrogen,89.37924
marginal,Link,DK0 0,heat200-500 industry solid biomass,4671392.81092
marginal,Link,DK0 0,heat<100 industry electric boiler steam,36.19007
marginal,Link,DK0 0,heat<100 industry gas,6.40274
marginal,Link,DK0 0,heat<100 industry industrial heat pump medium temperature,1891976.38386
marginal,Link,DK0 0,heat<100 industry solid biomass,239.12445
marginal,Link,DK0 0,heat>500 industry gas,14.90327
marginal,Link,DK0 0,heat>500 industry hydrogen,3954041.06804
marginal,Link,DK0 0,home battery charger,4.27321
marginal,Link,DK0 0,home battery discharger,4.45663
marginal,Link,DK0 0,methanolisation,143355.80472
marginal,Link,DK0 0,municipal solid waste,10951.8706
marginal,Link,DK0 0,rural air heat pump,0.66713
marginal,Link,DK0 0,rural biomass boiler,10693296.93228
marginal,Link,DK0 0,rural gas boiler,1.52705
marginal,Link,DK0 0,rural ground heat pump,11081.17631
marginal,Link,DK0 0,rural resistive heater,265.80159
marginal,Link,DK0 0,solid biomass for industry,24598.21755
marginal,Link,DK0 0,unsustainable bioliquids,21894.16717
marginal,Link,DK0 0,urban central air heat pump,29551.46722
marginal,Link,DK0 0,urban central gas CHP,58.20193
marginal,Link,DK0 0,urban central gas boiler,6100.6512
marginal,Link,DK0 0,urban central resistive heater,3162.22232
marginal,Link,DK0 0,urban central solid biomass CHP,13363518.26053
marginal,Link,DK0 0,urban central solid biomass CHP CC,1003.75611
marginal,Link,DK0 0,urban decentral air heat pump,10118.10225
marginal,Link,DK0 0,urban decentral biomass boiler,33116492.59916
marginal,Link,DK0 0,urban decentral gas boiler,7111.55659
marginal,Link,DK0 0,urban decentral resistive heater,40823.73446
marginal,Link,DK0 0,waste CHP,1634.09506
marginal,Link,DK1 0,BEV charger,17856.32406
marginal,Link,DK1 0,CO2 pipeline,-96873.38451
marginal,Link,DK1 0,Combined-Cycle Gas,30.92098
marginal,Link,DK1 0,DC,56610.24303
marginal,Link,DK1 0,H2 Electrolysis,420646.63699
marginal,Link,DK1 0,HVC to air,37432.65978
marginal,Link,DK1 0,Haber-Bosch,98641.86477
marginal,Link,DK1 0,Open-Cycle Gas,19.76745
marginal,Link,DK1 0,SMR,0.20237
marginal,Link,DK1 0,Sabatier,0.93497
marginal,Link,DK1 0,battery charger,7.09986
marginal,Link,DK1 0,battery discharger,6.80249
marginal,Link,DK1 0,biogas to gas,7882645.028
marginal,Link,DK1 0,biomass to liquid,14.98485
marginal,Link,DK1 0,biomass-to-methanol,552.25358
marginal,Link,DK1 0,co2 sequestered,7369.49373
marginal,Link,DK1 0,electricity distribution grid,216691.9804
marginal,Link,DK1 0,gas for industry,1986.17653
marginal,Link,DK1 0,gas pipeline,13184.4058
marginal,Link,DK1 0,heat100-200 industry electric boiler steam,45.43239
marginal,Link,DK1 0,heat100-200 industry gas,6.60372
marginal,Link,DK1 0,heat100-200 industry industrial heat pump high temperature,858098.99718
marginal,Link,DK1 0,heat100-200 industry solid biomass,158.26952
marginal,Link,DK1 0,heat200-500 industry gas,2.26623
marginal,Link,DK1 0,heat200-500 industry hydrogen,133.22098
marginal,Link,DK1 0,heat200-500 industry solid biomass,2708609.90539
marginal,Link,DK1 0,heat<100 industry electric boiler steam,47.45974
marginal,Link,DK1 0,heat<100 industry gas,6.78516
marginal,Link,DK1 0,heat<100 industry industrial heat pump medium temperature,885852.78766
marginal,Link,DK1 0,heat<100 industry solid biomass,167.90821
marginal,Link,DK1 0,heat>500 industry gas,30.47262
marginal,Link,DK1 0,heat>500 industry hydrogen,420209.12507
marginal,Link,DK1 0,home battery charger,6.09102
marginal,Link,DK1 0,home battery discharger,6.0598
marginal,Link,DK1 0,methanolisation,255245.50028
marginal,Link,DK1 0,municipal solid waste,8249.89632
marginal,Link,DK1 0,rural air heat pump,0.76687
marginal,Link,DK1 0,rural biomass boiler,4671856.13348
marginal,Link,DK1 0,rural gas boiler,0.54145
marginal,Link,DK1 0,rural ground heat pump,6559.37754
marginal,Link,DK1 0,rural resistive heater,197.22637
marginal,Link,DK1 0,solid biomass for industry,6832.23142
marginal,Link,DK1 0,unsustainable bioliquids,7987.96918
marginal,Link,DK1 0,urban central air heat pump,17552.12564
marginal,Link,DK1 0,urban central gas CHP,53.37127
marginal,Link,DK1 0,urban central gas boiler,3164.79153
marginal,Link,DK1 0,urban central resistive heater,1597.5567
marginal,Link,DK1 0,urban central solid biomass CHP,330.03952
marginal,Link,DK1 0,urban central solid biomass CHP CC,223.05215
marginal,Link,DK1 0,urban decentral air heat pump,6792.99749
marginal,Link,DK1 0,urban decentral biomass boiler,22942768.63514
marginal,Link,DK1 0,urban decentral gas boiler,3714.38643
marginal,Link,DK1 0,urban decentral resistive heater,30163.0446
marginal,Link,DK1 0,waste CHP,1300.44372
marginal,Link,EE0 0,BEV charger,8527.43939
marginal,Link,EE0 0,CO2 pipeline,-1.4535
marginal,Link,EE0 0,Combined-Cycle Gas,32.15714
marginal,Link,EE0 0,DC,30245.68989
marginal,Link,EE0 0,H2 Electrolysis,2575.57163
marginal,Link,EE0 0,HVC to air,23244.34966
marginal,Link,EE0 0,Haber-Bosch,6.05407
marginal,Link,EE0 0,Open-Cycle Gas,21.42209
marginal,Link,EE0 0,SMR,0.42626
marginal,Link,EE0 0,Sabatier,0.86206
marginal,Link,EE0 0,battery charger,5.92227
marginal,Link,EE0 0,battery discharger,6.09976
marginal,Link,EE0 0,biogas to gas,4616640.04282
marginal,Link,EE0 0,biomass to liquid,3229892.87837
marginal,Link,EE0 0,biomass-to-methanol,42989879.00558
marginal,Link,EE0 0,co2 sequestered,2480.84868
marginal,Link,EE0 0,electricity distribution grid,101767.2693
marginal,Link,EE0 0,gas for industry,195.66143
marginal,Link,EE0 0,gas pipeline new,12830.60234
marginal,Link,EE0 0,heat100-200 industry electric boiler steam,51.25644
marginal,Link,EE0 0,heat100-200 industry gas,8.40326
marginal,Link,EE0 0,heat100-200 industry industrial heat pump high temperature,1318.88224
marginal,Link,EE0 0,heat100-200 industry solid biomass,2016409.10298
marginal,Link,EE0 0,heat200-500 industry gas,1.91925
marginal,Link,EE0 0,heat200-500 industry hydrogen,63.58787
marginal,Link,EE0 0,heat200-500 industry solid biomass,1120850.39283
marginal,Link,EE0 0,heat<100 industry electric boiler steam,53.49897
marginal,Link,EE0 0,heat<100 industry gas,8.42204
marginal,Link,EE0 0,heat<100 industry industrial heat pump medium temperature,959.39068
marginal,Link,EE0 0,heat<100 industry solid biomass,1825129.91394
marginal,Link,EE0 0,heat>500 industry gas,662.09694
marginal,Link,EE0 0,heat>500 industry hydrogen,470414.59656
marginal,Link,EE0 0,home battery charger,5.12065
marginal,Link,EE0 0,home battery discharger,5.40733
marginal,Link,EE0 0,methanolisation,4.75754
marginal,Link,EE0 0,municipal solid waste,2279.86338
marginal,Link,EE0 0,rural air heat pump,0.12035
marginal,Link,EE0 0,rural biomass boiler,20712334.93107
marginal,Link,EE0 0,rural gas boiler,371.20727
marginal,Link,EE0 0,rural ground heat pump,3213.16725
marginal,Link,EE0 0,rural resistive heater,3599.75069
marginal,Link,EE0 0,solid biomass for industry,3896.06166
marginal,Link,EE0 0,urban central air heat pump,0.61819
marginal,Link,EE0 0,urban central gas CHP,52.50254
marginal,Link,EE0 0,urban central gas boiler,1608.5601
marginal,Link,EE0 0,urban central resistive heater,4122.12669
marginal,Link,EE0 0,urban central solid biomass CHP,22304589.26732
marginal,Link,EE0 0,urban central solid biomass CHP CC,3327473.99423
marginal,Link,EE0 0,urban decentral air heat pump,2229.92258
marginal,Link,EE0 0,urban decentral biomass boiler,17584041.61935
marginal,Link,EE0 0,urban decentral gas boiler,310.01666
marginal,Link,EE0 0,urban decentral resistive heater,7492.72607
marginal,Link,EE0 0,waste CHP,953.24284
marginal,Link,ES0 0,BEV charger,278352.21327
marginal,Link,ES0 0,CO2 pipeline,-2.88966
marginal,Link,ES0 0,Combined-Cycle Gas,176105.86746
marginal,Link,ES0 0,DC,58682.53958
marginal,Link,ES0 0,EAF,0.0476
marginal,Link,ES0 0,H2 DRI,608.43995
marginal,Link,ES0 0,H2 Electrolysis,250375.42325
marginal,Link,ES0 0,HVC to air,652507.06809
marginal,Link,ES0 0,Haber-Bosch,33751.97572
marginal,Link,ES0 0,Open-Cycle Gas,22.46059
marginal,Link,ES0 0,SMR,2.78115
marginal,Link,ES0 0,Sabatier,0.87648
marginal,Link,ES0 0,battery charger,655362.98437
marginal,Link,ES0 0,battery discharger,656013.70805
marginal,Link,ES0 0,biogas to gas,74045197.4931
marginal,Link,ES0 0,biomass to liquid,15.15232
marginal,Link,ES0 0,biomass-to-methanol,812.34339
marginal,Link,ES0 0,co2 sequestered,5.04534
marginal,Link,ES0 0,electricity distribution grid,3180592.70685
marginal,Link,ES0 0,gas DRI,534.32354
marginal,Link,ES0 0,gas for industry,135443.36003
marginal,Link,ES0 0,gas pipeline,578.17046
marginal,Link,ES0 0,gas pipeline new,-0.97801
marginal,Link,ES0 0,heat100-200 industry electric boiler steam,48.24314
marginal,Link,ES0 0,heat100-200 industry gas,9.08137
marginal,Link,ES0 0,heat100-200 industry industrial heat pump high temperature,34894727.91119
marginal,Link,ES0 0,heat100-200 industry solid biomass,191.52866
marginal,Link,ES0 0,heat200-500 industry gas,2.18253
marginal,Link,ES0 0,heat200-500 industry hydrogen,61.32736
marginal,Link,ES0 0,heat200-500 industry solid biomass,96966082.17016
marginal,Link,ES0 0,heat<100 industry electric boiler steam,35.62673
marginal,Link,ES0 0,heat<100 industry gas,7.18724
marginal,Link,ES0 0,heat<100 industry industrial heat pump medium temperature,12185387.18997
marginal,Link,ES0 0,heat<100 industry solid biomass,164.32199
marginal,Link,ES0 0,heat>500 industry gas,4253683.17718
marginal,Link,ES0 0,heat>500 industry hydrogen,40624591.28894
marginal,Link,ES0 0,home battery charger,4.01763
marginal,Link,ES0 0,home battery discharger,3.66842
marginal,Link,ES0 0,methanolisation,3.52504
marginal,Link,ES0 0,municipal solid waste,24643.13102
marginal,Link,ES0 0,rural air heat pump,0.58224
marginal,Link,ES0 0,rural biomass boiler,47983253.90105
marginal,Link,ES0 0,rural gas boiler,2.13156
marginal,Link,ES0 0,rural ground heat pump,75948.8447
marginal,Link,ES0 0,rural resistive heater,429.54949
marginal,Link,ES0 0,solid biomass for industry,289772.97827
marginal,Link,ES0 0,steel emission,17024.84281
marginal,Link,ES0 0,unsustainable bioliquids,18045604.82068
marginal,Link,ES0 0,urban central air heat pump,7341.00171
marginal,Link,ES0 0,urban central gas CHP,73.1343
marginal,Link,ES0 0,urban central gas boiler,4694.95055
marginal,Link,ES0 0,urban central resistive heater,3113.64989
marginal,Link,ES0 0,urban central solid biomass CHP,46190730.03791
marginal,Link,ES0 0,urban central solid biomass CHP CC,572.74173
marginal,Link,ES0 0,urban decentral air heat pump,35430.95449
marginal,Link,ES0 0,urban decentral biomass boiler,80893613.45912
marginal,Link,ES0 0,urban decentral gas boiler,138925.5549
marginal,Link,ES0 0,urban decentral resistive heater,233636.82702
marginal,Link,ES0 0,waste CHP,3568.19001
marginal,Link,ES6 0,BEV charger,4851.32704
marginal,Link,ES6 0,Combined-Cycle Gas,28.35519
marginal,Link,ES6 0,DC,24974.52477
marginal,Link,ES6 0,H2 Electrolysis,33036.58202
marginal,Link,ES6 0,HVC to air,11298.87895
marginal,Link,ES6 0,Haber-Bosch,40235.47999
marginal,Link,ES6 0,Open-Cycle Gas,19.72038
marginal,Link,ES6 0,SMR,0.22476
marginal,Link,ES6 0,Sabatier,1.09073
marginal,Link,ES6 0,battery charger,5.85189
marginal,Link,ES6 0,battery discharger,5.54195
marginal,Link,ES6 0,biogas to gas,428572.67597
marginal,Link,ES6 0,biomass to liquid,19.68955
marginal,Link,ES6 0,biomass-to-methanol,811.48346
marginal,Link,ES6 0,electricity distribution grid,107881.42615
marginal,Link,ES6 0,gas pipeline,601.0882
marginal,Link,ES6 0,gas pipeline new,613.59932
marginal,Link,ES6 0,heat100-200 industry electric boiler steam,72.37354
marginal,Link,ES6 0,heat100-200 industry gas,8.72977
marginal,Link,ES6 0,heat100-200 industry industrial heat pump high temperature,307134.76734
marginal,Link,ES6 0,heat100-200 industry solid biomass,295.07181
marginal,Link,ES6 0,heat200-500 industry gas,2.43554
marginal,Link,ES6 0,heat200-500 industry hydrogen,106.51724
marginal,Link,ES6 0,heat200-500 industry solid biomass,746911.66632
marginal,Link,ES6 0,heat<100 industry electric boiler steam,89.08945
marginal,Link,ES6 0,heat<100 industry gas,10.67902
marginal,Link,ES6 0,heat<100 industry industrial heat pump medium temperature,119454.2841
marginal,Link,ES6 0,heat<100 industry solid biomass,309.89007
marginal,Link,ES6 0,heat>500 industry gas,29.85211
marginal,Link,ES6 0,heat>500 industry hydrogen,195936.76069
marginal,Link,ES6 0,home battery charger,7.02768
marginal,Link,ES6 0,home battery discharger,7.2352
marginal,Link,ES6 0,methanolisation,215.28098
marginal,Link,ES6 0,municipal solid waste,650.01569
marginal,Link,ES6 0,rural air heat pump,0.92548
marginal,Link,ES6 0,rural biomass boiler,568088.84295
marginal,Link,ES6 0,rural gas boiler,0.21027
marginal,Link,ES6 0,rural ground heat pump,814.35904
marginal,Link,ES6 0,rural resistive heater,112.4274
marginal,Link,ES6 0,solid biomass for industry,2526.23644
marginal,Link,ES6 0,unsustainable bioliquids,141367.02725
marginal,Link,ES6 0,urban central air heat pump,220.13736
marginal,Link,ES6 0,urban central gas CHP,49.33855
marginal,Link,ES6 0,urban central gas boiler,94.66452
marginal,Link,ES6 0,urban central resistive heater,252.04664
marginal,Link,ES6 0,urban central solid biomass CHP,523.12239
marginal,Link,ES6 0,urban central solid biomass CHP CC,471.21438
marginal,Link,ES6 0,urban decentral air heat pump,169.23535
marginal,Link,ES6 0,urban decentral biomass boiler,1533626.67865
marginal,Link,ES6 0,urban decentral gas boiler,237.19573
marginal,Link,ES6 0,urban decentral resistive heater,9964.73962
marginal,Link,ES6 0,waste CHP,937.22401
marginal,Link,EU,BOF,12561111562.55242
marginal,Link,EU,OCGT methanol,901.54287
marginal,Link,EU,agriculture machinery oil,521014.73751
marginal,Link,EU,ammonia cracker,11.21513
marginal,Link,EU,coal,277165624.4128
marginal,Link,EU,coal for industry,1728119.96914
marginal,Link,EU,kerosene for aviation,7515311.92284
marginal,Link,EU,land transport oil,25691734.13013
marginal,Link,EU,lignite,46506981.2905
marginal,Link,EU,naphtha for industry,8552319.83282
marginal,Link,EU,nuclear,2234010894.78856
marginal,Link,EU,oil,5321.49284
marginal,Link,EU,oil refining,48374252.30464
marginal,Link,EU,rural oil boiler,1761858.35519
marginal,Link,EU,shipping methanol,686267.35148
marginal,Link,EU,shipping oil,4970185.85617
marginal,Link,EU,solid biomass import,29.29143
marginal,Link,EU,urban decentral oil boiler,3177520.63151
marginal,Link,FI1 0,BEV charger,50166.19423
marginal,Link,FI1 0,CO2 pipeline,6680.31858
marginal,Link,FI1 0,Combined-Cycle Gas,7373.40642
marginal,Link,FI1 0,DC,55464.31976
marginal,Link,FI1 0,EAF,0.03763
marginal,Link,FI1 0,H2 DRI,552.93248
marginal,Link,FI1 0,H2 Electrolysis,24715.06641
marginal,Link,FI1 0,HVC to air,99518.5793
marginal,Link,FI1 0,Haber-Bosch,8.31726
marginal,Link,FI1 0,Open-Cycle Gas,20.88862
marginal,Link,FI1 0,SMR,0.26713
marginal,Link,FI1 0,Sabatier,0.97422
marginal,Link,FI1 0,battery charger,5.25045
marginal,Link,FI1 0,battery discharger,5.36011
marginal,Link,FI1 0,biogas to gas,12255035.65528
marginal,Link,FI1 0,biomass to liquid,28.44255
marginal,Link,FI1 0,biomass-to-methanol,1378.07122
marginal,Link,FI1 0,electricity distribution grid,1013208.21252
marginal,Link,FI1 0,gas DRI,443.69207
marginal,Link,FI1 0,gas for industry,9494.87273
marginal,Link,FI1 0,heat100-200 industry electric boiler steam,43.04966
marginal,Link,FI1 0,heat100-200 industry gas,7.52303
marginal,Link,FI1 0,heat100-200 industry industrial heat pump high temperature,2807751.52709
marginal,Link,FI1 0,heat100-200 industry solid biomass,305.4635
marginal,Link,FI1 0,heat200-500 industry gas,1.40834
marginal,Link,FI1 0,heat200-500 industry hydrogen,58.14201
marginal,Link,FI1 0,heat200-500 industry solid biomass,14108195.40347
marginal,Link,FI1 0,heat<100 industry electric boiler steam,48.4273
marginal,Link,FI1 0,heat<100 industry gas,7.23313
marginal,Link,FI1 0,heat<100 industry industrial heat pump medium temperature,16590955.44964
marginal,Link,FI1 0,heat<100 industry solid biomass,226.61737
marginal,Link,FI1 0,heat>500 industry gas,26.27193
marginal,Link,FI1 0,heat>500 industry hydrogen,4036877.14143
marginal,Link,FI1 0,home battery charger,5.64296
marginal,Link,FI1 0,home battery discharger,5.01272
marginal,Link,FI1 0,methanolisation,11.1099
marginal,Link,FI1 0,municipal solid waste,11461.90802
marginal,Link,FI1 0,rural air heat pump,0.18869
marginal,Link,FI1 0,rural biomass boiler,44478917.4968
marginal,Link,FI1 0,rural gas boiler,0.27135
marginal,Link,FI1 0,rural ground heat pump,26722.74912
marginal,Link,FI1 0,rural resistive heater,27691.97605
marginal,Link,FI1 0,solid biomass for industry,491433.27917
marginal,Link,FI1 0,steel emission,10045.16483
marginal,Link,FI1 0,unsustainable bioliquids,3564774.70903
marginal,Link,FI1 0,urban central air heat pump,6534.56788
marginal,Link,FI1 0,urban central gas CHP,55.7254
marginal,Link,FI1 0,urban central gas boiler,16034.79229
marginal,Link,FI1 0,urban central resistive heater,28151.48055
marginal,Link,FI1 0,urban central solid biomass CHP,138333619.52254
marginal,Link,FI1 0,urban central solid biomass CHP CC,10866359.54407
marginal,Link,FI1 0,urban decentral air heat pump,24021.03558
marginal,Link,FI1 0,urban decentral biomass boiler,106516477.22614
marginal,Link,FI1 0,urban decentral gas boiler,0.22741
marginal,Link,FI1 0,urban decentral resistive heater,114072.48413
marginal,Link,FI1 0,waste CHP,2146.28832
marginal,Link,FR0 0,BEV charger,152370.82741
marginal,Link,FR0 0,CO2 pipeline,-70.02201
marginal,Link,FR0 0,Combined-Cycle Gas,652396.84293
marginal,Link,FR0 0,DC,92673.5499
marginal,Link,FR0 0,EAF,0.05068
marginal,Link,FR0 0,H2 DRI,670.96443
marginal,Link,FR0 0,H2 Electrolysis,86070.99022
marginal,Link,FR0 0,HVC to air,381133.48128
marginal,Link,FR0 0,Haber-Bosch,3111.6075
marginal,Link,FR0 0,Open-Cycle Gas,20.11238
marginal,Link,FR0 0,SMR,23.90993
marginal,Link,FR0 0,Sabatier,0.80138
marginal,Link,FR0 0,battery charger,6.3199
marginal,Link,FR0 0,battery discharger,6.39653
marginal,Link,FR0 0,biogas to gas,56591211.64315
marginal,Link,FR0 0,biomass to liquid,17.20374
marginal,Link,FR0 0,biomass-to-methanol,737.32552
marginal,Link,FR0 0,electricity distribution grid,2205617.99384
marginal,Link,FR0 0,gas DRI,562.0982
marginal,Link,FR0 0,gas for industry,43673.0124
marginal,Link,FR0 0,gas pipeline,172599.57788
marginal,Link,FR0 0,heat100-200 industry electric boiler steam,41.08846
marginal,Link,FR0 0,heat100-200 industry gas,7.5202
marginal,Link,FR0 0,heat100-200 industry industrial heat pump high temperature,16397512.79678
marginal,Link,FR0 0,heat100-200 industry solid biomass,130.04211
marginal,Link,FR0 0,heat200-500 industry gas,1.66119
marginal,Link,FR0 0,heat200-500 industry hydrogen,49.51865
marginal,Link,FR0 0,heat200-500 industry solid biomass,38580944.69485
marginal,Link,FR0 0,heat<100 industry electric boiler steam,38.27364
marginal,Link,FR0 0,heat<100 industry gas,7.06095
marginal,Link,FR0 0,heat<100 industry industrial heat pump medium temperature,13013736.50012
marginal,Link,FR0 0,heat<100 industry solid biomass,129.15853
marginal,Link,FR0 0,heat>500 industry gas,1385749.79194
marginal,Link,FR0 0,heat>500 industry hydrogen,13963181.04041
marginal,Link,FR0 0,home battery charger,11.60507
marginal,Link,FR0 0,home battery discharger,11.35097
marginal,Link,FR0 0,methanolisation,2.87675
marginal,Link,FR0 0,municipal solid waste,25997.20381
marginal,Link,FR0 0,rural air heat pump,0.40997
marginal,Link,FR0 0,rural biomass boiler,34814408.9517
marginal,Link,FR0 0,rural gas boiler,7.10996
marginal,Link,FR0 0,rural ground heat pump,45828.89799
marginal,Link,FR0 0,rural resistive heater,595.35257
marginal,Link,FR0 0,solid biomass for industry,69432.26595
marginal,Link,FR0 0,steel emission,23721.72481
marginal,Link,FR0 0,unsustainable bioliquids,7399694.87147
marginal,Link,FR0 0,urban central air heat pump,15426.41409
marginal,Link,FR0 0,urban central gas CHP,76.24076
marginal,Link,FR0 0,urban central gas boiler,15453.53191
marginal,Link,FR0 0,urban central resistive heater,22846.98761
marginal,Link,FR0 0,urban central solid biomass CHP,109123021.68859
marginal,Link,FR0 0,urban central solid biomass CHP CC,732.85994
marginal,Link,FR0 0,urban decentral air heat pump,87088.47988
marginal,Link,FR0 0,urban decentral biomass boiler,157126385.5294
marginal,Link,FR0 0,urban decentral gas boiler,84413.54576
marginal,Link,FR0 0,urban decentral resistive heater,416725.50006
marginal,Link,FR0 0,waste CHP,4159.9813
marginal,Link,FR0 1,BEV charger,100528.58754
marginal,Link,FR0 1,CO2 pipeline,-3.6437
marginal,Link,FR0 1,Combined-Cycle Gas,33.83978
marginal,Link,FR0 1,EAF,0.05154
marginal,Link,FR0 1,H2 DRI,602.34414
marginal,Link,FR0 1,H2 Electrolysis,79425.77694
marginal,Link,FR0 1,HVC to air,255713.68834
marginal,Link,FR0 1,Haber-Bosch,32.1908
marginal,Link,FR0 1,Open-Cycle Gas,20.53821
marginal,Link,FR0 1,SMR,0.99909
marginal,Link,FR0 1,Sabatier,0.90179
marginal,Link,FR0 1,battery charger,8.41576
marginal,Link,FR0 1,battery discharger,8.04503
marginal,Link,FR0 1,biogas to gas,15326343.32577
marginal,Link,FR0 1,biomass to liquid,18.78234
marginal,Link,FR0 1,biomass-to-methanol,749.63848
marginal,Link,FR0 1,electricity distribution grid,1340298.0517
marginal,Link,FR0 1,gas DRI,549.85074
marginal,Link,FR0 1,gas for industry,43189.83208
marginal,Link,FR0 1,gas pipeline,88511.49499
marginal,Link,FR0 1,heat100-200 industry electric boiler steam,34.67701
marginal,Link,FR0 1,heat100-200 industry gas,6.86364
marginal,Link,FR0 1,heat100-200 industry industrial heat pump high temperature,10790275.49332
marginal,Link,FR0 1,heat100-200 industry solid biomass,128.73284
marginal,Link,FR0 1,heat200-500 industry gas,1.6852
marginal,Link,FR0 1,heat200-500 industry hydrogen,46.2169
marginal,Link,FR0 1,heat200-500 industry solid biomass,28493248.828
marginal,Link,FR0 1,heat<100 industry electric boiler steam,33.27276
marginal,Link,FR0 1,heat<100 industry gas,6.59724
marginal,Link,FR0 1,heat<100 industry industrial heat pump medium temperature,9350386.79014
marginal,Link,FR0 1,heat<100 industry solid biomass,135.36479
marginal,Link,FR0 1,heat>500 industry gas,1331467.96653
marginal,Link,FR0 1,heat>500 industry hydrogen,12995560.5542
marginal,Link,FR0 1,home battery charger,6.91031
marginal,Link,FR0 1,home battery discharger,6.37683
marginal,Link,FR0 1,methanolisation,4.94095
marginal,Link,FR0 1,municipal solid waste,15270.19549
marginal,Link,FR0 1,rural air heat pump,0.4553
marginal,Link,FR0 1,rural biomass boiler,30779312.26538
marginal,Link,FR0 1,rural gas boiler,4.10682
marginal,Link,FR0 1,rural ground heat pump,33442.73259
marginal,Link,FR0 1,rural resistive heater,726.14624
marginal,Link,FR0 1,solid biomass for industry,43763.68231
marginal,Link,FR0 1,steel emission,18756.99135
marginal,Link,FR0 1,unsustainable bioliquids,2531267.95659
marginal,Link,FR0 1,urban central air heat pump,8638.1268
marginal,Link,FR0 1,urban central gas CHP,67.84462
marginal,Link,FR0 1,urban central gas boiler,6752.21962
marginal,Link,FR0 1,urban central resistive heater,9271.00989
marginal,Link,FR0 1,urban central solid biomass CHP,69085188.68742
marginal,Link,FR0 1,urban central solid biomass CHP CC,672.52028
marginal,Link,FR0 1,urban decentral air heat pump,63605.05932
marginal,Link,FR0 1,urban decentral biomass boiler,93264871.50021
marginal,Link,FR0 1,urban decentral gas boiler,60059.35168
marginal,Link,FR0 1,urban decentral resistive heater,272473.13123
marginal,Link,FR0 1,waste CHP,4498.09234
marginal,Link,FR0 2,BEV charger,73472.75965
marginal,Link,FR0 2,CO2 pipeline,26.28811
marginal,Link,FR0 2,Combined-Cycle Gas,21259.51538
marginal,Link,FR0 2,DC,62922.50151
marginal,Link,FR0 2,H2 Electrolysis,22.71504
marginal,Link,FR0 2,HVC to air,157628.7264
marginal,Link,FR0 2,Haber-Bosch,3.3396
marginal,Link,FR0 2,Open-Cycle Gas,20.78932
marginal,Link,FR0 2,SMR,2.86768
marginal,Link,FR0 2,Sabatier,0.72232
marginal,Link,FR0 2,battery charger,7.51826
marginal,Link,FR0 2,battery discharger,6.37695
marginal,Link,FR0 2,biogas to gas,27794385.66788
marginal,Link,FR0 2,biomass to liquid,95.13387
marginal,Link,FR0 2,biomass-to-methanol,4075.01246
marginal,Link,FR0 2,electricity distribution grid,964870.05073
marginal,Link,FR0 2,gas for industry,6590.1185
marginal,Link,FR0 2,gas pipeline,527.51888
marginal,Link,FR0 2,heat100-200 industry electric boiler steam,32.50871
marginal,Link,FR0 2,heat100-200 industry gas,6.12855
marginal,Link,FR0 2,heat100-200 industry industrial heat pump high temperature,2529201.56697
marginal,Link,FR0 2,heat100-200 industry solid biomass,10627743.25832
marginal,Link,FR0 2,heat200-500 industry gas,1.33113
marginal,Link,FR0 2,heat200-500 industry hydrogen,39.42022
marginal,Link,FR0 2,heat200-500 industry solid biomass,14293977.98633
marginal,Link,FR0 2,heat<100 industry electric boiler steam,31.00605
marginal,Link,FR0 2,heat<100 industry gas,5.84409
marginal,Link,FR0 2,heat<100 industry industrial heat pump medium temperature,727.45535
marginal,Link,FR0 2,heat<100 industry solid biomass,11542506.32058
marginal,Link,FR0 2,heat>500 industry gas,1164869.5263
marginal,Link,FR0 2,heat>500 industry hydrogen,3282.23782
marginal,Link,FR0 2,home battery charger,7.63761
marginal,Link,FR0 2,home battery discharger,6.9332
marginal,Link,FR0 2,methanolisation,1.64536
marginal,Link,FR0 2,municipal solid waste,10118.08218
marginal,Link,FR0 2,rural air heat pump,0.24246
marginal,Link,FR0 2,rural biomass boiler,56930668.67069
marginal,Link,FR0 2,rural gas boiler,33819.42349
marginal,Link,FR0 2,rural ground heat pump,31147.05073
marginal,Link,FR0 2,rural resistive heater,52878.3152
marginal,Link,FR0 2,solid biomass for industry,37912.03491
marginal,Link,FR0 2,unsustainable bioliquids,4375608.0742
marginal,Link,FR0 2,urban central air heat pump,0.56652
marginal,Link,FR0 2,urban central gas CHP,72.2247
marginal,Link,FR0 2,urban central gas boiler,2049.93115
marginal,Link,FR0 2,urban central resistive heater,3150.44756
marginal,Link,FR0 2,urban central solid biomass CHP,45727313.44848
marginal,Link,FR0 2,urban central solid biomass CHP CC,6710489.65853
marginal,Link,FR0 2,urban decentral air heat pump,32905.34268
marginal,Link,FR0 2,urban decentral biomass boiler,33213551.77241
marginal,Link,FR0 2,urban decentral gas boiler,23829.77557
marginal,Link,FR0 2,urban decentral resistive heater,91008.85358
marginal,Link,FR0 2,waste CHP,1407.72371
marginal,Link,FR0 3,BEV charger,71559.86725
marginal,Link,FR0 3,CO2 pipeline,23.69833
marginal,Link,FR0 3,Combined-Cycle Gas,378130.51284
marginal,Link,FR0 3,DC,38064.25533
marginal,Link,FR0 3,H2 Electrolysis,60188.87277
marginal,Link,FR0 3,HVC to air,160916.17408
marginal,Link,FR0 3,Haber-Bosch,35882.55198
marginal,Link,FR0 3,Open-Cycle Gas,21.6284
marginal,Link,FR0 3,SMR,1.67257
marginal,Link,FR0 3,Sabatier,0.87433
marginal,Link,FR0 3,battery charger,6.92612
marginal,Link,FR0 3,battery discharger,6.28143
marginal,Link,FR0 3,biogas to gas,62957698.03302
marginal,Link,FR0 3,biomass to liquid,18.71806
marginal,Link,FR0 3,biomass-to-methanol,706.44848
marginal,Link,FR0 3,electricity distribution grid,917532.14663
marginal,Link,FR0 3,gas for industry,13718.46897
marginal,Link,FR0 3,gas pipeline,107661.94335
marginal,Link,FR0 3,heat100-200 industry electric boiler steam,34.58359
marginal,Link,FR0 3,heat100-200 industry gas,5.92816
marginal,Link,FR0 3,heat100-200 industry industrial heat pump high temperature,5870542.83974
marginal,Link,FR0 3,heat100-200 industry solid biomass,114.82026
marginal,Link,FR0 3,heat200-500 industry gas,1.65981
marginal,Link,FR0 3,heat200-500 industry hydrogen,54.90442
marginal,Link,FR0 3,heat200-500 industry solid biomass,12891892.27392
marginal,Link,FR0 3,heat<100 industry electric boiler steam,34.55966
marginal,Link,FR0 3,heat<100 industry gas,5.91259
marginal,Link,FR0 3,heat<100 industry industrial heat pump medium temperature,4894945.53546
marginal,Link,FR0 3,heat<100 industry solid biomass,124.62771
marginal,Link,FR0 3,heat>500 industry gas,503228.41513
marginal,Link,FR0 3,heat>500 industry hydrogen,5174015.59546
marginal,Link,FR0 3,home battery charger,11.96723
marginal,Link,FR0 3,home battery discharger,10.47394
marginal,Link,FR0 3,methanolisation,5.71733
marginal,Link,FR0 3,municipal solid waste,11745.48766
marginal,Link,FR0 3,rural air heat pump,0.34413
marginal,Link,FR0 3,rural biomass boiler,22186633.34862
marginal,Link,FR0 3,rural gas boiler,8262.93357
marginal,Link,FR0 3,rural ground heat pump,16304.9967
marginal,Link,FR0 3,rural resistive heater,28389.58155
marginal,Link,FR0 3,solid biomass for industry,27218.63045
marginal,Link,FR0 3,unsustainable bioliquids,4187810.83119
marginal,Link,FR0 3,urban central air heat pump,6136.53246
marginal,Link,FR0 3,urban central gas CHP,81.87313
marginal,Link,FR0 3,urban central gas boiler,6902.41723
marginal,Link,FR0 3,urban central resistive heater,8874.8959
marginal,Link,FR0 3,urban central solid biomass CHP,38426170.45116
marginal,Link,FR0 3,urban central solid biomass CHP CC,568.10508
marginal,Link,FR0 3,urban decentral air heat pump,40476.14527
marginal,Link,FR0 3,urban decentral biomass boiler,60822176.57288
marginal,Link,FR0 3,urban decentral gas boiler,31135.10557
marginal,Link,FR0 3,urban decentral resistive heater,190906.51156
marginal,Link,FR0 3,waste CHP,3508.72661
marginal,Link,FR0 4,BEV charger,48162.00805
marginal,Link,FR0 4,CO2 pipeline,4.31709
marginal,Link,FR0 4,Combined-Cycle Gas,30.97746
marginal,Link,FR0 4,H2 Electrolysis,83867.06345
marginal,Link,FR0 4,HVC to air,116778.56764
marginal,Link,FR0 4,Haber-Bosch,28817.38635
marginal,Link,FR0 4,Open-Cycle Gas,19.7522
marginal,Link,FR0 4,SMR,0.7234
marginal,Link,FR0 4,Sabatier,1.16229
marginal,Link,FR0 4,battery charger,6.45018
marginal,Link,FR0 4,battery discharger,6.37183
marginal,Link,FR0 4,biogas to gas,23853207.9244
marginal,Link,FR0 4,biomass to liquid,92.82781
marginal,Link,FR0 4,biomass-to-methanol,3737.15892
marginal,Link,FR0 4,electricity distribution grid,697930.45392
marginal,Link,FR0 4,gas for industry,32280.701
marginal,Link,FR0 4,gas pipeline,241912.09963
marginal,Link,FR0 4,heat100-200 industry electric boiler steam,34.10316
marginal,Link,FR0 4,heat100-200 industry gas,6.48609
marginal,Link,FR0 4,heat100-200 industry industrial heat pump high temperature,8509458.25434
marginal,Link,FR0 4,heat100-200 industry solid biomass,1438.82503
marginal,Link,FR0 4,heat200-500 industry gas,1.3799
marginal,Link,FR0 4,heat200-500 industry hydrogen,41.68559
marginal,Link,FR0 4,heat200-500 industry solid biomass,17378665.86078
marginal,Link,FR0 4,heat<100 industry electric boiler steam,33.00059
marginal,Link,FR0 4,heat<100 industry gas,6.01344
marginal,Link,FR0 4,heat<100 industry industrial heat pump medium temperature,5894677.0076
marginal,Link,FR0 4,heat<100 industry solid biomass,1527723.7809
marginal,Link,FR0 4,heat>500 industry gas,815257.56997
marginal,Link,FR0 4,heat>500 industry hydrogen,10939442.09999
marginal,Link,FR0 4,home battery charger,9.95032
marginal,Link,FR0 4,home battery discharger,9.65101
marginal,Link,FR0 4,methanolisation,183.04393
marginal,Link,FR0 4,municipal solid waste,8030.56273
marginal,Link,FR0 4,rural air heat pump,0.25871
marginal,Link,FR0 4,rural biomass boiler,35253863.31143
marginal,Link,FR0 4,rural gas boiler,4200.41886
marginal,Link,FR0 4,rural ground heat pump,28223.02578
marginal,Link,FR0 4,rural resistive heater,37518.77521
marginal,Link,FR0 4,solid biomass for industry,40966.3292
marginal,Link,FR0 4,unsustainable bioliquids,3289243.7335
marginal,Link,FR0 4,urban central air heat pump,0.45793
marginal,Link,FR0 4,urban central gas CHP,65.47321
marginal,Link,FR0 4,urban central gas boiler,2655.01186
marginal,Link,FR0 4,urban central resistive heater,2445.05782
marginal,Link,FR0 4,urban central solid biomass CHP,38522785.82168
marginal,Link,FR0 4,urban central solid biomass CHP CC,2352346.27705
marginal,Link,FR0 4,urban decentral air heat pump,25345.84147
marginal,Link,FR0 4,urban decentral biomass boiler,31343775.68967
marginal,Link,FR0 4,urban decentral gas boiler,17993.11749
marginal,Link,FR0 4,urban decentral resistive heater,100780.77529
marginal,Link,FR0 4,waste CHP,1265.9047
marginal,Link,FR5 0,BEV charger,1726.63692
marginal,Link,FR5 0,CO2 pipeline,-0.36226
marginal,Link,FR5 0,Combined-Cycle Gas,2614.07364
marginal,Link,FR5 0,DC,15444.35289
marginal,Link,FR5 0,H2 Electrolysis,10.49545
marginal,Link,FR5 0,HVC to air,5112.58512
marginal,Link,FR5 0,Haber-Bosch,2.59856
marginal,Link,FR5 0,Open-Cycle Gas,23.87171
marginal,Link,FR5 0,SMR,2.44327
marginal,Link,FR5 0,Sabatier,0.60122
marginal,Link,FR5 0,battery charger,23959.71181
marginal,Link,FR5 0,battery discharger,23355.66484
marginal,Link,FR5 0,biogas to gas,303372.03146
marginal,Link,FR5 0,biomass to liquid,16.41272
marginal,Link,FR5 0,biomass-to-methanol,742.67452
marginal,Link,FR5 0,electricity distribution grid,46699.35921
marginal,Link,FR5 0,gas pipeline new,-3346.03175
marginal,Link,FR5 0,heat100-200 industry electric boiler steam,49.51354
marginal,Link,FR5 0,heat100-200 industry gas,12.31253
marginal,Link,FR5 0,heat100-200 industry industrial heat pump high temperature,95155.37563
marginal,Link,FR5 0,heat100-200 industry solid biomass,387.01777
marginal,Link,FR5 0,heat200-500 industry gas,4.16454
marginal,Link,FR5 0,heat200-500 industry hydrogen,71.55395
marginal,Link,FR5 0,heat200-500 industry solid biomass,279894.96479
marginal,Link,FR5 0,heat<100 industry electric boiler steam,51.76226
marginal,Link,FR5 0,heat<100 industry gas,12.83561
marginal,Link,FR5 0,heat<100 industry industrial heat pump medium temperature,83563.91837
marginal,Link,FR5 0,heat<100 industry solid biomass,429.19161
marginal,Link,FR5 0,heat>500 industry gas,2741.77012
marginal,Link,FR5 0,heat>500 industry hydrogen,1561.02004
marginal,Link,FR5 0,home battery charger,86.62551
marginal,Link,FR5 0,home battery discharger,87.10841
marginal,Link,FR5 0,methanolisation,1.30716
marginal,Link,FR5 0,municipal solid waste,376.56648
marginal,Link,FR5 0,rural air heat pump,0.39388
marginal,Link,FR5 0,rural biomass boiler,3403632.43009
marginal,Link,FR5 0,rural gas boiler,2163.30004
marginal,Link,FR5 0,rural ground heat pump,2020.61251
marginal,Link,FR5 0,rural resistive heater,1764.4543
marginal,Link,FR5 0,solid biomass for industry,305.21321
marginal,Link,FR5 0,unsustainable bioliquids,51318.3815
marginal,Link,FR5 0,urban decentral air heat pump,0.12336
marginal,Link,FR5 0,urban decentral biomass boiler,149.1964
marginal,Link,FR5 0,urban decentral gas boiler,0.08326
marginal,Link,FR5 0,urban decentral resistive heater,1.79903
marginal,Link,FR5 0,waste CHP,576.85478
marginal,Link,GB2 0,BEV charger,112082.75767
marginal,Link,GB2 0,CO2 pipeline,-119.31443
marginal,Link,GB2 0,Combined-Cycle Gas,1811321.5873
marginal,Link,GB2 0,DC,76255.70302
marginal,Link,GB2 0,H2 Electrolysis,645648.51153
marginal,Link,GB2 0,HVC to air,384071.39971
marginal,Link,GB2 0,Haber-Bosch,607671.72352
marginal,Link,GB2 0,Open-Cycle Gas,21.28643
marginal,Link,GB2 0,SMR,0.2626
marginal,Link,GB2 0,Sabatier,1.08571
marginal,Link,GB2 0,battery charger,7.2449
marginal,Link,GB2 0,battery discharger,7.40039
marginal,Link,GB2 0,biogas to gas,56227703.68269
marginal,Link,GB2 0,biomass to liquid,23.53833
marginal,Link,GB2 0,biomass-to-methanol,991.25345
marginal,Link,GB2 0,co2 sequestered,1367.51991
marginal,Link,GB2 0,electricity distribution grid,1592242.28094
marginal,Link,GB2 0,gas for industry,42429.02847
marginal,Link,GB2 0,gas pipeline,359.05434
marginal,Link,GB2 0,gas pipeline new,-5.58121
marginal,Link,GB2 0,heat100-200 industry electric boiler steam,42.12592
marginal,Link,GB2 0,heat100-200 industry gas,7.20703
marginal,Link,GB2 0,heat100-200 industry industrial heat pump high temperature,15715201.51897
marginal,Link,GB2 0,heat100-200 industry solid biomass,146.31488
marginal,Link,GB2 0,heat200-500 industry gas,2.39581
marginal,Link,GB2 0,heat200-500 industry hydrogen,66.0926
marginal,Link,GB2 0,heat200-500 industry solid biomass,40174729.0246
marginal,Link,GB2 0,heat<100 industry electric boiler steam,39.36871
marginal,Link,GB2 0,heat<100 industry gas,6.83185
marginal,Link,GB2 0,heat<100 industry industrial heat pump medium temperature,12669390.47729
marginal,Link,GB2 0,heat<100 industry solid biomass,146.45158
marginal,Link,GB2 0,heat>500 industry gas,14.44055
marginal,Link,GB2 0,heat>500 industry hydrogen,20944008.67196
marginal,Link,GB2 0,home battery charger,4.82608
marginal,Link,GB2 0,home battery discharger,4.76359
marginal,Link,GB2 0,methanolisation,37657.11799
marginal,Link,GB2 0,municipal solid waste,5792.51788
marginal,Link,GB2 0,rural air heat pump,0.68683
marginal,Link,GB2 0,rural biomass boiler,3555527.26639
marginal,Link,GB2 0,rural gas boiler,6.88819
marginal,Link,GB2 0,rural ground heat pump,66087.7309
marginal,Link,GB2 0,rural resistive heater,345.6348
marginal,Link,GB2 0,solid biomass for industry,72350.19167
marginal,Link,GB2 0,unsustainable bioliquids,1869061.50831
marginal,Link,GB2 0,urban central air heat pump,2.33699
marginal,Link,GB2 0,urban central gas CHP,74.32953
marginal,Link,GB2 0,urban central gas boiler,1461.32296
marginal,Link,GB2 0,urban central resistive heater,8863.41341
marginal,Link,GB2 0,urban central solid biomass CHP,25813923.6695
marginal,Link,GB2 0,urban central solid biomass CHP CC,14144851.2843
marginal,Link,GB2 0,urban decentral air heat pump,3057.25804
marginal,Link,GB2 0,urban decentral biomass boiler,10231410.20991
marginal,Link,GB2 0,urban decentral gas boiler,115824.51499
marginal,Link,GB2 0,urban decentral resistive heater,553878.28304
marginal,Link,GB2 0,waste CHP,2478.98917
marginal,Link,GB2 1,BEV charger,236025.57536
marginal,Link,GB2 1,CO2 pipeline,-414.4603
marginal,Link,GB2 1,Combined-Cycle Gas,2550726.53741
marginal,Link,GB2 1,DC,277406.48545
marginal,Link,GB2 1,EAF,0.04624
marginal,Link,GB2 1,H2 DRI,558.22584
marginal,Link,GB2 1,H2 Electrolysis,635584.35058
marginal,Link,GB2 1,HVC to air,662222.03629
marginal,Link,GB2 1,Haber-Bosch,656734.50638
marginal,Link,GB2 1,Open-Cycle Gas,21.31852
marginal,Link,GB2 1,SMR,0.26569
marginal,Link,GB2 1,Sabatier,1.11772
marginal,Link,GB2 1,battery charger,8.69774
marginal,Link,GB2 1,battery discharger,8.86493
marginal,Link,GB2 1,biogas to gas,88084377.70525
marginal,Link,GB2 1,biomass to liquid,19.08401
marginal,Link,GB2 1,biomass-to-methanol,827.1188
marginal,Link,GB2 1,co2 sequestered,2675.52874
marginal,Link,GB2 1,electricity distribution grid,3312400.08725
marginal,Link,GB2 1,gas DRI,501.71357
marginal,Link,GB2 1,gas for industry,12847.83546
marginal,Link,GB2 1,gas pipeline,482.00071
marginal,Link,GB2 1,heat100-200 industry electric boiler steam,42.89577
marginal,Link,GB2 1,heat100-200 industry gas,7.42615
marginal,Link,GB2 1,heat100-200 industry industrial heat pump high temperature,18302560.84107
marginal,Link,GB2 1,heat100-200 industry solid biomass,128.67461
marginal,Link,GB2 1,heat200-500 industry gas,2.47984
marginal,Link,GB2 1,heat200-500 industry hydrogen,74.62516
marginal,Link,GB2 1,heat200-500 industry solid biomass,53535900.53114
marginal,Link,GB2 1,heat<100 industry electric boiler steam,40.31968
marginal,Link,GB2 1,heat<100 industry gas,7.18125
marginal,Link,GB2 1,heat<100 industry industrial heat pump medium temperature,15046008.47143
marginal,Link,GB2 1,heat<100 industry solid biomass,128.99269
marginal,Link,GB2 1,heat>500 industry gas,13.18641
marginal,Link,GB2 1,heat>500 industry hydrogen,9895143.34035
marginal,Link,GB2 1,home battery charger,4.55972
marginal,Link,GB2 1,home battery discharger,4.72422
marginal,Link,GB2 1,methanolisation,73388.48952
marginal,Link,GB2 1,municipal solid waste,7068.72667
marginal,Link,GB2 1,rural air heat pump,0.44316
marginal,Link,GB2 1,rural biomass boiler,2876235.94404
marginal,Link,GB2 1,rural gas boiler,30911.62283
marginal,Link,GB2 1,rural ground heat pump,5749.30757
marginal,Link,GB2 1,rural resistive heater,135807.08939
marginal,Link,GB2 1,solid biomass for industry,87206.88646
marginal,Link,GB2 1,steel emission,13173.674
marginal,Link,GB2 1,unsustainable bioliquids,3034616.70555
marginal,Link,GB2 1,urban central air heat pump,22250.43269
marginal,Link,GB2 1,urban central gas CHP,71.20072
marginal,Link,GB2 1,urban central gas boiler,2777.18475
marginal,Link,GB2 1,urban central resistive heater,20411.25698
marginal,Link,GB2 1,urban central solid biomass CHP,79425973.53265
marginal,Link,GB2 1,urban central solid biomass CHP CC,4725.15894
marginal,Link,GB2 1,urban decentral air heat pump,5202.71423
marginal,Link,GB2 1,urban decentral biomass boiler,22026934.09368
marginal,Link,GB2 1,urban decentral gas boiler,367574.54079
marginal,Link,GB2 1,urban decentral resistive heater,1137283.65015
marginal,Link,GB2 1,waste CHP,4145.29456
marginal,Link,GB3 0,BEV charger,8878.15998
marginal,Link,GB3 0,CO2 pipeline,-827.5388
marginal,Link,GB3 0,Combined-Cycle Gas,1010642.67102
marginal,Link,GB3 0,DC,11291.3453
marginal,Link,GB3 0,H2 Electrolysis,40642.3966
marginal,Link,GB3 0,HVC to air,28479.31292
marginal,Link,GB3 0,Haber-Bosch,7810.27475
marginal,Link,GB3 0,Open-Cycle Gas,22.13924
marginal,Link,GB3 0,SMR,0.20573
marginal,Link,GB3 0,Sabatier,1.35201
marginal,Link,GB3 0,battery charger,6.89489
marginal,Link,GB3 0,battery discharger,6.8935
marginal,Link,GB3 0,biogas to gas,9519629.08915
marginal,Link,GB3 0,biomass to liquid,87.78246
marginal,Link,GB3 0,biomass-to-methanol,3384.85252
marginal,Link,GB3 0,electricity distribution grid,151709.11304
marginal,Link,GB3 0,gas for industry,1080.97931
marginal,Link,GB3 0,gas pipeline,12197.87414
marginal,Link,GB3 0,gas pipeline new,0.09665
marginal,Link,GB3 0,heat100-200 industry electric boiler steam,35.35563
marginal,Link,GB3 0,heat100-200 industry gas,7.60543
marginal,Link,GB3 0,heat100-200 industry industrial heat pump high temperature,804031.61558
marginal,Link,GB3 0,heat100-200 industry solid biomass,3779.7801
marginal,Link,GB3 0,heat200-500 industry gas,1.87036
marginal,Link,GB3 0,heat200-500 industry hydrogen,89.46577
marginal,Link,GB3 0,heat200-500 industry solid biomass,2428482.77515
marginal,Link,GB3 0,heat<100 industry electric boiler steam,38.99265
marginal,Link,GB3 0,heat<100 industry gas,8.35597
marginal,Link,GB3 0,heat<100 industry industrial heat pump medium temperature,442856.27768
marginal,Link,GB3 0,heat<100 industry solid biomass,641333.72647
marginal,Link,GB3 0,heat>500 industry gas,24.61856
marginal,Link,GB3 0,heat>500 industry hydrogen,700571.61034
marginal,Link,GB3 0,home battery charger,4.57095
marginal,Link,GB3 0,home battery discharger,4.52577
marginal,Link,GB3 0,methanolisation,21679.81837
marginal,Link,GB3 0,municipal solid waste,395.46876
marginal,Link,GB3 0,rural air heat pump,0.61368
marginal,Link,GB3 0,rural biomass boiler,791648.5194
marginal,Link,GB3 0,rural gas boiler,1819.86741
marginal,Link,GB3 0,rural ground heat pump,11851.24715
marginal,Link,GB3 0,rural resistive heater,5389.91657
marginal,Link,GB3 0,solid biomass for industry,1688.72592
marginal,Link,GB3 0,unsustainable bioliquids,225031.3271
marginal,Link,GB3 0,urban central air heat pump,0.25499
marginal,Link,GB3 0,urban central gas CHP,68.48455
marginal,Link,GB3 0,urban central gas boiler,31.94508
marginal,Link,GB3 0,urban central resistive heater,37.43718
marginal,Link,GB3 0,urban central solid biomass CHP,518.92115
marginal,Link,GB3 0,urban central solid biomass CHP CC,5699149.84223
marginal,Link,GB3 0,urban decentral air heat pump,229.89673
marginal,Link,GB3 0,urban decentral biomass boiler,361991.90916
marginal,Link,GB3 0,urban decentral gas boiler,5630.56247
marginal,Link,GB3 0,urban decentral resistive heater,18390.70282
marginal,Link,GB3 0,waste CHP,669.05525
marginal,Link,GR0 0,BEV charger,50726.1414
marginal,Link,GR0 0,CO2 pipeline,-2.04856
marginal,Link,GR0 0,Combined-Cycle Gas,33.80658
marginal,Link,GR0 0,DC,19921.68449
marginal,Link,GR0 0,H2 Electrolysis,17062.40056
marginal,Link,GR0 0,HVC to air,130419.56093
marginal,Link,GR0 0,Haber-Bosch,2.59022
marginal,Link,GR0 0,Open-Cycle Gas,22.14064
marginal,Link,GR0 0,SMR,0.53963
marginal,Link,GR0 0,Sabatier,0.83353
marginal,Link,GR0 0,battery charger,116693.19224
marginal,Link,GR0 0,battery discharger,104836.67103
marginal,Link,GR0 0,biogas to gas,12422220.51571
marginal,Link,GR0 0,biomass to liquid,25.36465
marginal,Link,GR0 0,biomass-to-methanol,899.35726
marginal,Link,GR0 0,co2 sequestered,4.155
marginal,Link,GR0 0,electricity distribution grid,499247.00554
marginal,Link,GR0 0,gas for industry,4221.38143
marginal,Link,GR0 0,gas pipeline new,136.56302
marginal,Link,GR0 0,heat100-200 industry electric boiler steam,34.17965
marginal,Link,GR0 0,heat100-200 industry gas,6.91584
marginal,Link,GR0 0,heat100-200 industry industrial heat pump high temperature,2214942.37113
marginal,Link,GR0 0,heat100-200 industry solid biomass,261.17685
marginal,Link,GR0 0,heat200-500 industry gas,1.64599
marginal,Link,GR0 0,heat200-500 industry hydrogen,62.26362
marginal,Link,GR0 0,heat200-500 industry solid biomass,5605161.30334
marginal,Link,GR0 0,heat<100 industry electric boiler steam,46.19418
marginal,Link,GR0 0,heat<100 industry gas,8.41322
marginal,Link,GR0 0,heat<100 industry industrial heat pump medium temperature,1209274.12517
marginal,Link,GR0 0,heat<100 industry solid biomass,389.69586
marginal,Link,GR0 0,heat>500 industry gas,750949.33683
marginal,Link,GR0 0,heat>500 industry hydrogen,2776144.01413
marginal,Link,GR0 0,home battery charger,5.13698
marginal,Link,GR0 0,home battery discharger,5.40648
marginal,Link,GR0 0,methanolisation,1.79173
marginal,Link,GR0 0,municipal solid waste,2100.81071
marginal,Link,GR0 0,rural air heat pump,0.51078
marginal,Link,GR0 0,rural biomass boiler,23812014.02055
marginal,Link,GR0 0,rural gas boiler,0.20517
marginal,Link,GR0 0,rural ground heat pump,4931.08711
marginal,Link,GR0 0,rural resistive heater,513.57023
marginal,Link,GR0 0,solid biomass for industry,17290.4112
marginal,Link,GR0 0,unsustainable bioliquids,1578163.7751
marginal,Link,GR0 0,urban central air heat pump,2791.07845
marginal,Link,GR0 0,urban central gas CHP,58.31303
marginal,Link,GR0 0,urban central gas boiler,95.0824
marginal,Link,GR0 0,urban central resistive heater,4520.2419
marginal,Link,GR0 0,urban central solid biomass CHP,17510862.728
marginal,Link,GR0 0,urban central solid biomass CHP CC,765.12474
marginal,Link,GR0 0,urban decentral air heat pump,0.30676
marginal,Link,GR0 0,urban decentral biomass boiler,52824302.59751
marginal,Link,GR0 0,urban decentral gas boiler,2766.1314
marginal,Link,GR0 0,urban decentral resistive heater,45576.98119
marginal,Link,GR0 0,waste CHP,2950.06013
marginal,Link,HR0 0,BEV charger,20539.89398
marginal,Link,HR0 0,CO2 pipeline,11.08097
marginal,Link,HR0 0,Combined-Cycle Gas,33.22098
marginal,Link,HR0 0,H2 Electrolysis,3.38336
marginal,Link,HR0 0,HVC to air,67736.32485
marginal,Link,HR0 0,Haber-Bosch,0.81582
marginal,Link,HR0 0,Open-Cycle Gas,20.85431
marginal,Link,HR0 0,SMR,0.60667
marginal,Link,HR0 0,Sabatier,0.53155
marginal,Link,HR0 0,battery charger,10866.76121
marginal,Link,HR0 0,battery discharger,10744.32368
marginal,Link,HR0 0,biogas to gas,6700434.78625
marginal,Link,HR0 0,biomass to liquid,233129.96207
marginal,Link,HR0 0,biomass-to-methanol,16195065.42575
marginal,Link,HR0 0,electricity distribution grid,210203.32595
marginal,Link,HR0 0,gas for industry,6299.01796
marginal,Link,HR0 0,gas pipeline,12272.60096
marginal,Link,HR0 0,gas pipeline new,84.71721
marginal,Link,HR0 0,heat100-200 industry electric boiler steam,22.986
marginal,Link,HR0 0,heat100-200 industry gas,6.03185
marginal,Link,HR0 0,heat100-200 industry industrial heat pump high temperature,168.02426
marginal,Link,HR0 0,heat100-200 industry solid biomass,4329094.91687
marginal,Link,HR0 0,heat200-500 industry gas,1.5367
marginal,Link,HR0 0,heat200-500 industry hydrogen,50.83918
marginal,Link,HR0 0,heat200-500 industry solid biomass,3176058.84839
marginal,Link,HR0 0,heat<100 industry electric boiler steam,22.59867
marginal,Link,HR0 0,heat<100 industry gas,5.87501
marginal,Link,HR0 0,heat<100 industry industrial heat pump medium temperature,142.61747
marginal,Link,HR0 0,heat<100 industry solid biomass,4714687.47468
marginal,Link,HR0 0,heat>500 industry gas,306814.10415
marginal,Link,HR0 0,heat>500 industry hydrogen,252.85002
marginal,Link,HR0 0,home battery charger,3.66184
marginal,Link,HR0 0,home battery discharger,3.55339
marginal,Link,HR0 0,methanolisation,0.66736
marginal,Link,HR0 0,municipal solid waste,72.35876
marginal,Link,HR0 0,rural air heat pump,0.28271
marginal,Link,HR0 0,rural biomass boiler,19135160.42775
marginal,Link,HR0 0,rural gas boiler,1.84771
marginal,Link,HR0 0,rural ground heat pump,14405.86828
marginal,Link,HR0 0,rural resistive heater,122.69448
marginal,Link,HR0 0,solid biomass for industry,6428.56092
marginal,Link,HR0 0,unsustainable bioliquids,2037.14769
marginal,Link,HR0 0,urban central air heat pump,0.34292
marginal,Link,HR0 0,urban central gas CHP,51.70566
marginal,Link,HR0 0,urban central gas boiler,407.06648
marginal,Link,HR0 0,urban central resistive heater,892.38053
marginal,Link,HR0 0,urban central solid biomass CHP,28347482.62487
marginal,Link,HR0 0,urban central solid biomass CHP CC,17160.40988
marginal,Link,HR0 0,urban decentral air heat pump,0.37182
marginal,Link,HR0 0,urban decentral biomass boiler,16291924.97223
marginal,Link,HR0 0,urban decentral gas boiler,26446.76573
marginal,Link,HR0 0,urban decentral resistive heater,18356.76855
marginal,Link,HR0 0,waste CHP,990.21651
marginal,Link,HU0 0,BEV charger,48744.86864
marginal,Link,HU0 0,CO2 pipeline,0.50805
marginal,Link,HU0 0,Combined-Cycle Gas,33.62138
marginal,Link,HU0 0,EAF,0.03179
marginal,Link,HU0 0,H2 DRI,356.93671
marginal,Link,HU0 0,H2 Electrolysis,2.98001
marginal,Link,HU0 0,HVC to air,172146.23037
marginal,Link,HU0 0,Haber-Bosch,0.81473
marginal,Link,HU0 0,Open-Cycle Gas,21.72515
marginal,Link,HU0 0,SMR,0.59133
marginal,Link,HU0 0,Sabatier,0.53533
marginal,Link,HU0 0,battery charger,35890.09701
marginal,Link,HU0 0,battery discharger,36483.85099
marginal,Link,HU0 0,biogas to gas,39372182.73523
marginal,Link,HU0 0,biomass to liquid,36.42793
marginal,Link,HU0 0,biomass-to-methanol,1377.07887
marginal,Link,HU0 0,electricity distribution grid,560986.96321
marginal,Link,HU0 0,gas DRI,384.25506
marginal,Link,HU0 0,gas for industry,6722.35546
marginal,Link,HU0 0,gas pipeline,20726.69411
marginal,Link,HU0 0,gas pipeline new,-10.41167
marginal,Link,HU0 0,heat100-200 industry electric boiler steam,28.64967
marginal,Link,HU0 0,heat100-200 industry gas,6.92364
marginal,Link,HU0 0,heat100-200 industry industrial heat pump high temperature,8637996.23623
marginal,Link,HU0 0,heat100-200 industry solid biomass,458.10289
marginal,Link,HU0 0,heat200-500 industry gas,1.50673
marginal,Link,HU0 0,heat200-500 industry hydrogen,40.40308
marginal,Link,HU0 0,heat200-500 industry solid biomass,20645886.68878
marginal,Link,HU0 0,heat<100 industry electric boiler steam,27.68651
marginal,Link,HU0 0,heat<100 industry gas,6.65154
marginal,Link,HU0 0,heat<100 industry industrial heat pump medium temperature,6809951.0864
marginal,Link,HU0 0,heat<100 industry solid biomass,856.62411
marginal,Link,HU0 0,heat>500 industry gas,1914883.78376
marginal,Link,HU0 0,heat>500 industry hydrogen,188.06859
marginal,Link,HU0 0,home battery charger,3.93728
marginal,Link,HU0 0,home battery discharger,3.71336
marginal,Link,HU0 0,methanolisation,0.7714
marginal,Link,HU0 0,municipal solid waste,8996.01528
marginal,Link,HU0 0,rural air heat pump,0.30608
marginal,Link,HU0 0,rural biomass boiler,33383410.03661
marginal,Link,HU0 0,rural gas boiler,2.51103
marginal,Link,HU0 0,rural ground heat pump,36612.6108
marginal,Link,HU0 0,rural resistive heater,134.66584
marginal,Link,HU0 0,solid biomass for industry,44666.62054
marginal,Link,HU0 0,steel emission,5558.10893
marginal,Link,HU0 0,unsustainable bioliquids,4132175.14469
marginal,Link,HU0 0,urban central air heat pump,100.53281
marginal,Link,HU0 0,urban central gas CHP,56.69132
marginal,Link,HU0 0,urban central gas boiler,3089.08049
marginal,Link,HU0 0,urban central resistive heater,3752.19417
marginal,Link,HU0 0,urban central solid biomass CHP,58566835.52614
marginal,Link,HU0 0,urban central solid biomass CHP CC,1630.37156
marginal,Link,HU0 0,urban decentral air heat pump,318.24167
marginal,Link,HU0 0,urban decentral biomass boiler,46064355.95807
marginal,Link,HU0 0,urban decentral gas boiler,152278.17403
marginal,Link,HU0 0,urban decentral resistive heater,53656.71309
marginal,Link,HU0 0,waste CHP,2047.01147
marginal,Link,IE3 0,BEV charger,37627.62712
marginal,Link,IE3 0,Combined-Cycle Gas,109872.13552
marginal,Link,IE3 0,DC,8370.81709
marginal,Link,IE3 0,H2 Electrolysis,67111.73201
marginal,Link,IE3 0,HVC to air,78185.67055
marginal,Link,IE3 0,Haber-Bosch,37510.58922
marginal,Link,IE3 0,Open-Cycle Gas,23.2885
marginal,Link,IE3 0,SMR,2282.30123
marginal,Link,IE3 0,Sabatier,0.79024
marginal,Link,IE3 0,battery charger,7.74298
marginal,Link,IE3 0,battery discharger,7.49695
marginal,Link,IE3 0,biogas to gas,7638664.78825
marginal,Link,IE3 0,biomass to liquid,21.29861
marginal,Link,IE3 0,biomass-to-methanol,810.39837
marginal,Link,IE3 0,co2 sequestered,342.17757
marginal,Link,IE3 0,electricity distribution grid,347184.986
marginal,Link,IE3 0,gas for industry,5794.13835
marginal,Link,IE3 0,heat100-200 industry electric boiler steam,32.22875
marginal,Link,IE3 0,heat100-200 industry gas,8.02622
marginal,Link,IE3 0,heat100-200 industry industrial heat pump high temperature,2808508.42002
marginal,Link,IE3 0,heat100-200 industry solid biomass,188.33888
marginal,Link,IE3 0,heat200-500 industry gas,2.30394
marginal,Link,IE3 0,heat200-500 industry hydrogen,54.32698
marginal,Link,IE3 0,heat200-500 industry solid biomass,6726288.50079
marginal,Link,IE3 0,heat<100 industry electric boiler steam,33.96942
marginal,Link,IE3 0,heat<100 industry gas,8.00329
marginal,Link,IE3 0,heat<100 industry industrial heat pump medium temperature,2417914.92053
marginal,Link,IE3 0,heat<100 industry solid biomass,227.69731
marginal,Link,IE3 0,heat>500 industry gas,720856.36082
marginal,Link,IE3 0,heat>500 industry hydrogen,7405461.75055
marginal,Link,IE3 0,home battery charger,4.00147
marginal,Link,IE3 0,home battery discharger,3.8439
marginal,Link,IE3 0,methanolisation,1.80326
marginal,Link,IE3 0,municipal solid waste,1678.71218
marginal,Link,IE3 0,rural air heat pump,0.63061
marginal,Link,IE3 0,rural biomass boiler,1895019.47233
marginal,Link,IE3 0,rural gas boiler,3.33336
marginal,Link,IE3 0,rural ground heat pump,16645.16966
marginal,Link,IE3 0,rural resistive heater,735.27225
marginal,Link,IE3 0,solid biomass for industry,31255.15366
marginal,Link,IE3 0,unsustainable bioliquids,399654.12119
marginal,Link,IE3 0,urban central air heat pump,1765.37391
marginal,Link,IE3 0,urban central gas CHP,100.33023
marginal,Link,IE3 0,urban central gas boiler,501.61878
marginal,Link,IE3 0,urban central resistive heater,2803.01087
marginal,Link,IE3 0,urban central solid biomass CHP,7531407.55704
marginal,Link,IE3 0,urban central solid biomass CHP CC,1736555.67266
marginal,Link,IE3 0,urban decentral air heat pump,565.18365
marginal,Link,IE3 0,urban decentral biomass boiler,2678411.98916
marginal,Link,IE3 0,urban decentral gas boiler,19791.05305
marginal,Link,IE3 0,urban decentral resistive heater,55485.71169
marginal,Link,IE3 0,waste CHP,3400.94856
marginal,Link,IT0 0,BEV charger,148459.04839
marginal,Link,IT0 0,CO2 pipeline,-1.31539
marginal,Link,IT0 0,Combined-Cycle Gas,25876.04564
marginal,Link,IT0 0,DC,55220.53929
marginal,Link,IT0 0,EAF,0.04474
marginal,Link,IT0 0,H2 DRI,571.63491
marginal,Link,IT0 0,H2 Electrolysis,8.77985
marginal,Link,IT0 0,HVC to air,396972.61199
marginal,Link,IT0 0,Haber-Bosch,2.82757
marginal,Link,IT0 0,Open-Cycle Gas,22.02261
marginal,Link,IT0 0,SMR,1.27917
marginal,Link,IT0 0,Sabatier,0.81896
marginal,Link,IT0 0,battery charger,551418.15121
marginal,Link,IT0 0,battery discharger,472078.50752
marginal,Link,IT0 0,biogas to gas,34103266.35939
marginal,Link,IT0 0,biomass to liquid,18.60193
marginal,Link,IT0 0,biomass-to-methanol,773.12765
marginal,Link,IT0 0,co2 sequestered,1.70073
marginal,Link,IT0 0,electricity distribution grid,1501476.06185
marginal,Link,IT0 0,gas DRI,524.0104
marginal,Link,IT0 0,gas for industry,30825.25159
marginal,Link,IT0 0,gas pipeline,190.77505
marginal,Link,IT0 0,heat100-200 industry electric boiler steam,32.99154
marginal,Link,IT0 0,heat100-200 industry gas,7.42333
marginal,Link,IT0 0,heat100-200 industry industrial heat pump high temperature,11978377.32413
marginal,Link,IT0 0,heat100-200 industry solid biomass,153.023
marginal,Link,IT0 0,heat200-500 industry gas,1.7547
marginal,Link,IT0 0,heat200-500 industry hydrogen,45.64912
marginal,Link,IT0 0,heat200-500 industry solid biomass,40449401.33485
marginal,Link,IT0 0,heat<100 industry electric boiler steam,37.23525
marginal,Link,IT0 0,heat<100 industry gas,8.39648
marginal,Link,IT0 0,heat<100 industry industrial heat pump medium temperature,19788019.12929
marginal,Link,IT0 0,heat<100 industry solid biomass,173.03029
marginal,Link,IT0 0,heat>500 industry gas,2515004.91965
marginal,Link,IT0 0,heat>500 industry hydrogen,891.50937
marginal,Link,IT0 0,home battery charger,4.3747
marginal,Link,IT0 0,home battery discharger,4.1703
marginal,Link,IT0 0,methanolisation,1.77255
marginal,Link,IT0 0,municipal solid waste,13964.77748
marginal,Link,IT0 0,rural air heat pump,0.39165
marginal,Link,IT0 0,rural biomass boiler,161618802.67912
marginal,Link,IT0 0,rural gas boiler,23.49775
marginal,Link,IT0 0,rural ground heat pump,83514.90069
marginal,Link,IT0 0,rural resistive heater,636.80829
marginal,Link,IT0 0,solid biomass for industry,29398.70116
marginal,Link,IT0 0,steel emission,15794.06153
marginal,Link,IT0 0,unsustainable bioliquids,3066327.53527
marginal,Link,IT0 0,urban central air heat pump,9256.80381
marginal,Link,IT0 0,urban central gas CHP,84.5505
marginal,Link,IT0 0,urban central gas boiler,7378.55121
marginal,Link,IT0 0,urban central resistive heater,983.4254
marginal,Link,IT0 0,urban central solid biomass CHP,71015904.26255
marginal,Link,IT0 0,urban central solid biomass CHP CC,509.79908
marginal,Link,IT0 0,urban decentral air heat pump,158440.4665
marginal,Link,IT0 0,urban decentral biomass boiler,85785215.06094
marginal,Link,IT0 0,urban decentral gas boiler,127075.8875
marginal,Link,IT0 0,urban decentral resistive heater,43203.21858
marginal,Link,IT0 0,waste CHP,3513.6201
marginal,Link,IT0 1,BEV charger,208431.45005
marginal,Link,IT0 1,CO2 pipeline,-16.47477
marginal,Link,IT0 1,Combined-Cycle Gas,4283771.42827
marginal,Link,IT0 1,DC,751.76191
marginal,Link,IT0 1,H2 Electrolysis,3.80124
marginal,Link,IT0 1,HVC to air,524545.45162
marginal,Link,IT0 1,Haber-Bosch,1.28581
marginal,Link,IT0 1,Open-Cycle Gas,22.80222
marginal,Link,IT0 1,SMR,0.99359
marginal,Link,IT0 1,Sabatier,0.5983
marginal,Link,IT0 1,battery charger,308727.53953
marginal,Link,IT0 1,battery discharger,292550.29654
marginal,Link,IT0 1,biogas to gas,81886966.35345
marginal,Link,IT0 1,biomass to liquid,15.22495
marginal,Link,IT0 1,biomass-to-methanol,771.36337
marginal,Link,IT0 1,co2 sequestered,13.94508
marginal,Link,IT0 1,electricity distribution grid,2341375.15941
marginal,Link,IT0 1,gas for industry,97244.47365
marginal,Link,IT0 1,gas pipeline,19858.47444
marginal,Link,IT0 1,heat100-200 industry electric boiler steam,35.22485
marginal,Link,IT0 1,heat100-200 industry gas,8.55431
marginal,Link,IT0 1,heat100-200 industry industrial heat pump high temperature,21128370.25007
marginal,Link,IT0 1,heat100-200 industry solid biomass,184.6578
marginal,Link,IT0 1,heat200-500 industry gas,1.91717
marginal,Link,IT0 1,heat200-500 industry hydrogen,54.84646
marginal,Link,IT0 1,heat200-500 industry solid biomass,73527780.23275
marginal,Link,IT0 1,heat<100 industry electric boiler steam,40.06288
marginal,Link,IT0 1,heat<100 industry gas,9.566
marginal,Link,IT0 1,heat<100 industry industrial heat pump medium temperature,32987772.65738
marginal,Link,IT0 1,heat<100 industry solid biomass,225.36557
marginal,Link,IT0 1,heat>500 industry gas,5176754.12768
marginal,Link,IT0 1,heat>500 industry hydrogen,330.0964
marginal,Link,IT0 1,home battery charger,3.84161
marginal,Link,IT0 1,home battery discharger,3.72384
marginal,Link,IT0 1,methanolisation,0.93864
marginal,Link,IT0 1,municipal solid waste,16377.83799
marginal,Link,IT0 1,rural air heat pump,0.39467
marginal,Link,IT0 1,rural biomass boiler,127001594.31134
marginal,Link,IT0 1,rural gas boiler,7.40919
marginal,Link,IT0 1,rural ground heat pump,82249.9046
marginal,Link,IT0 1,rural resistive heater,663.27211
marginal,Link,IT0 1,solid biomass for industry,45131.88298
marginal,Link,IT0 1,unsustainable bioliquids,6068978.60206
marginal,Link,IT0 1,urban central air heat pump,11240.06266
marginal,Link,IT0 1,urban central gas CHP,102.45517
marginal,Link,IT0 1,urban central gas boiler,5504.18578
marginal,Link,IT0 1,urban central resistive heater,6742.82706
marginal,Link,IT0 1,urban central solid biomass CHP,123930361.05154
marginal,Link,IT0 1,urban central solid biomass CHP CC,673.81341
marginal,Link,IT0 1,urban decentral air heat pump,204520.7537
marginal,Link,IT0 1,urban decentral biomass boiler,160046658.04874
marginal,Link,IT0 1,urban decentral gas boiler,221998.28966
marginal,Link,IT0 1,urban decentral resistive heater,95966.89351
marginal,Link,IT0 1,waste CHP,4598.94518
marginal,Link,IT4 0,BEV charger,9429.69642
marginal,Link,IT4 0,Combined-Cycle Gas,35.58254
marginal,Link,IT4 0,DC,30724.37177
marginal,Link,IT4 0,H2 Electrolysis,15.84179
marginal,Link,IT4 0,HVC to air,23833.86844
marginal,Link,IT4 0,Haber-Bosch,3.91241
marginal,Link,IT4 0,Open-Cycle Gas,22.80318
marginal,Link,IT4 0,SMR,2.14526
marginal,Link,IT4 0,Sabatier,0.76959
marginal,Link,IT4 0,battery charger,34035.14349
marginal,Link,IT4 0,battery discharger,35674.51981
marginal,Link,IT4 0,biogas to gas,1732135.13629
marginal,Link,IT4 0,biomass to liquid,21.45812
marginal,Link,IT4 0,biomass-to-methanol,758.90814
marginal,Link,IT4 0,electricity distribution grid,116075.24942
marginal,Link,IT4 0,gas for industry,2735.97018
marginal,Link,IT4 0,heat100-200 industry electric boiler steam,38.57551
marginal,Link,IT4 0,heat100-200 industry gas,8.66814
marginal,Link,IT4 0,heat100-200 industry industrial heat pump high temperature,943220.39037
marginal,Link,IT4 0,heat100-200 industry solid biomass,308.38547
marginal,Link,IT4 0,heat200-500 industry gas,1.57906
marginal,Link,IT4 0,heat200-500 industry hydrogen,56.47135
marginal,Link,IT4 0,heat200-500 industry solid biomass,9435163.82828
marginal,Link,IT4 0,heat<100 industry electric boiler steam,33.39457
marginal,Link,IT4 0,heat<100 industry gas,8.15702
marginal,Link,IT4 0,heat<100 industry industrial heat pump medium temperature,1879156.37689
marginal,Link,IT4 0,heat<100 industry solid biomass,259.05097
marginal,Link,IT4 0,heat>500 industry gas,512136.06969
marginal,Link,IT4 0,heat>500 industry hydrogen,1746.24356
marginal,Link,IT4 0,home battery charger,4.79358
marginal,Link,IT4 0,home battery discharger,5.12808
marginal,Link,IT4 0,methanolisation,1.84041
marginal,Link,IT4 0,municipal solid waste,869.33549
marginal,Link,IT4 0,rural air heat pump,0.29458
marginal,Link,IT4 0,rural biomass boiler,19181091.68948
marginal,Link,IT4 0,rural gas boiler,3786.99727
marginal,Link,IT4 0,rural ground heat pump,7906.10685
marginal,Link,IT4 0,rural resistive heater,2830.32718
marginal,Link,IT4 0,solid biomass for industry,2052.56318
marginal,Link,IT4 0,unsustainable bioliquids,152736.26546
marginal,Link,IT4 0,urban central air heat pump,332.94999
marginal,Link,IT4 0,urban central gas CHP,74.39516
marginal,Link,IT4 0,urban central gas boiler,115.93855
marginal,Link,IT4 0,urban central resistive heater,110.04006
marginal,Link,IT4 0,urban central solid biomass CHP,1186648.04767
marginal,Link,IT4 0,urban central solid biomass CHP CC,650.76094
marginal,Link,IT4 0,urban decentral air heat pump,3343.01107
marginal,Link,IT4 0,urban decentral biomass boiler,796737.88397
marginal,Link,IT4 0,urban decentral gas boiler,867.19596
marginal,Link,IT4 0,urban decentral resistive heater,2729.46079
marginal,Link,IT4 0,waste CHP,2260.02373
marginal,Link,LT0 0,BEV charger,25770.1121
marginal,Link,LT0 0,CO2 pipeline,-4.34117
marginal,Link,LT0 0,Combined-Cycle Gas,27.97598
marginal,Link,LT0 0,DC,18251.78328
marginal,Link,LT0 0,H2 Electrolysis,2854.03651
marginal,Link,LT0 0,HVC to air,49671.2042
marginal,Link,LT0 0,Haber-Bosch,5.24685
marginal,Link,LT0 0,Open-Cycle Gas,19.80461
marginal,Link,LT0 0,SMR,0.36818
marginal,Link,LT0 0,Sabatier,0.77733
marginal,Link,LT0 0,battery charger,5.25846
marginal,Link,LT0 0,battery discharger,5.84588
marginal,Link,LT0 0,biogas to gas,10458044.03204
marginal,Link,LT0 0,biomass to liquid,38.47363
marginal,Link,LT0 0,biomass-to-methanol,1524.51609
marginal,Link,LT0 0,co2 sequestered,5.55574
marginal,Link,LT0 0,electricity distribution grid,125987.07087
marginal,Link,LT0 0,gas for industry,184.13502
marginal,Link,LT0 0,gas pipeline,69.96771
marginal,Link,LT0 0,gas pipeline new,63536.28882
marginal,Link,LT0 0,heat100-200 industry electric boiler steam,38.05653
marginal,Link,LT0 0,heat100-200 industry gas,6.49558
marginal,Link,LT0 0,heat100-200 industry industrial heat pump high temperature,932601.62246
marginal,Link,LT0 0,heat100-200 industry solid biomass,575.0021
marginal,Link,LT0 0,heat200-500 industry gas,1.8262
marginal,Link,LT0 0,heat200-500 industry hydrogen,69.17911
marginal,Link,LT0 0,heat200-500 industry solid biomass,2521988.21604
marginal,Link,LT0 0,heat<100 industry electric boiler steam,39.31678
marginal,Link,LT0 0,heat<100 industry gas,6.71803
marginal,Link,LT0 0,heat<100 industry industrial heat pump medium temperature,957699.9746
marginal,Link,LT0 0,heat<100 industry solid biomass,683.16021
marginal,Link,LT0 0,heat>500 industry gas,44945.76219
marginal,Link,LT0 0,heat>500 industry hydrogen,463288.65241
marginal,Link,LT0 0,home battery charger,4.07911
marginal,Link,LT0 0,home battery discharger,4.10418
marginal,Link,LT0 0,methanolisation,1.84737
marginal,Link,LT0 0,municipal solid waste,1223.38033
marginal,Link,LT0 0,rural air heat pump,0.03703
marginal,Link,LT0 0,rural biomass boiler,46181194.62392
marginal,Link,LT0 0,rural gas boiler,0.1124
marginal,Link,LT0 0,rural ground heat pump,752.94699
marginal,Link,LT0 0,rural resistive heater,90.21077
marginal,Link,LT0 0,solid biomass for industry,10582.72142
marginal,Link,LT0 0,unsustainable bioliquids,1388213.45208
marginal,Link,LT0 0,urban central air heat pump,2738.50841
marginal,Link,LT0 0,urban central gas CHP,52.102
marginal,Link,LT0 0,urban central gas boiler,1832.4311
marginal,Link,LT0 0,urban central resistive heater,5099.71476
marginal,Link,LT0 0,urban central solid biomass CHP,24379267.90696
marginal,Link,LT0 0,urban central solid biomass CHP CC,3146.67753
marginal,Link,LT0 0,urban decentral air heat pump,83.86558
marginal,Link,LT0 0,urban decentral biomass boiler,37992160.64667
marginal,Link,LT0 0,urban decentral gas boiler,0.12691
marginal,Link,LT0 0,urban decentral resistive heater,70.48135
marginal,Link,LT0 0,waste CHP,1589.37263
marginal,Link,LU0 0,BEV charger,10447.3412
marginal,Link,LU0 0,Combined-Cycle Gas,63.9867
marginal,Link,LU0 0,H2 Electrolysis,6.08013
marginal,Link,LU0 0,HVC to air,8973.11879
marginal,Link,LU0 0,Haber-Bosch,2.06971
marginal,Link,LU0 0,Open-Cycle Gas,45.03255
marginal,Link,LU0 0,SMR,0.67756
marginal,Link,LU0 0,Sabatier,0.6899
marginal,Link,LU0 0,battery charger,7250.43396
marginal,Link,LU0 0,battery discharger,6731.35556
marginal,Link,LU0 0,biogas to gas,1168082.73588
marginal,Link,LU0 0,biomass to liquid,13.326
marginal,Link,LU0 0,biomass-to-methanol,678.34895
marginal,Link,LU0 0,electricity distribution grid,80251.48733
marginal,Link,LU0 0,gas for industry,18114.26238
marginal,Link,LU0 0,gas pipeline,35.92819
marginal,Link,LU0 0,heat100-200 industry electric boiler steam,34.81648
marginal,Link,LU0 0,heat100-200 industry gas,280.76434
marginal,Link,LU0 0,heat100-200 industry industrial heat pump high temperature,296202.59064
marginal,Link,LU0 0,heat100-200 industry solid biomass,439.55953
marginal,Link,LU0 0,heat200-500 industry gas,2.18201
marginal,Link,LU0 0,heat200-500 industry hydrogen,73.88397
marginal,Link,LU0 0,heat200-500 industry solid biomass,1587907.19988
marginal,Link,LU0 0,heat<100 industry electric boiler steam,36.07226
marginal,Link,LU0 0,heat<100 industry gas,616.26407
marginal,Link,LU0 0,heat<100 industry industrial heat pump medium temperature,346284.04342
marginal,Link,LU0 0,heat<100 industry solid biomass,514.39738
marginal,Link,LU0 0,heat>500 industry gas,185230.1399
marginal,Link,LU0 0,heat>500 industry hydrogen,615.99398
marginal,Link,LU0 0,home battery charger,4.2747
marginal,Link,LU0 0,home battery discharger,4.11519
marginal,Link,LU0 0,methanolisation,0.77663
marginal,Link,LU0 0,municipal solid waste,107.08906
marginal,Link,LU0 0,rural air heat pump,0.26627
marginal,Link,LU0 0,rural biomass boiler,429961.82761
marginal,Link,LU0 0,rural gas boiler,186.04831
marginal,Link,LU0 0,rural ground heat pump,842.44919
marginal,Link,LU0 0,rural resistive heater,450.17364
marginal,Link,LU0 0,solid biomass for industry,2649.5117
marginal,Link,LU0 0,urban central air heat pump,618.0513
marginal,Link,LU0 0,urban central gas CHP,100.58969
marginal,Link,LU0 0,urban central gas boiler,257.28889
marginal,Link,LU0 0,urban central resistive heater,2093.96806
marginal,Link,LU0 0,urban central solid biomass CHP,6977687.45019
marginal,Link,LU0 0,urban central solid biomass CHP CC,4311.57214
marginal,Link,LU0 0,urban decentral air heat pump,200.51112
marginal,Link,LU0 0,urban decentral biomass boiler,2745971.76635
marginal,Link,LU0 0,urban decentral gas boiler,6482.7588
marginal,Link,LU0 0,urban decentral resistive heater,16954.57714
marginal,Link,LU0 0,waste CHP,4443.95595
marginal,Link,LV0 0,BEV charger,11008.99319
marginal,Link,LV0 0,Combined-Cycle Gas,28.0909
marginal,Link,LV0 0,H2 Electrolysis,2914.34695
marginal,Link,LV0 0,HVC to air,27285.62751
marginal,Link,LV0 0,Haber-Bosch,4.35994
marginal,Link,LV0 0,Open-Cycle Gas,19.69753
marginal,Link,LV0 0,SMR,0.40836
marginal,Link,LV0 0,Sabatier,0.73759
marginal,Link,LV0 0,battery charger,5.87594
marginal,Link,LV0 0,battery discharger,5.68843
marginal,Link,LV0 0,biogas to gas,7620733.97913
marginal,Link,LV0 0,biomass to liquid,3125401.25565
marginal,Link,LV0 0,biomass-to-methanol,52590688.23659
marginal,Link,LV0 0,co2 sequestered,3625.19929
marginal,Link,LV0 0,electricity distribution grid,93309.69737
marginal,Link,LV0 0,gas for industry,273.40739
marginal,Link,LV0 0,gas pipeline,43977.49434
marginal,Link,LV0 0,heat100-200 industry electric boiler steam,42.09558
marginal,Link,LV0 0,heat100-200 industry gas,7.38903
marginal,Link,LV0 0,heat100-200 industry industrial heat pump high temperature,884.24179
marginal,Link,LV0 0,heat100-200 industry solid biomass,1440885.84185
marginal,Link,LV0 0,heat200-500 industry gas,1.715
marginal,Link,LV0 0,heat200-500 industry hydrogen,63.43796
marginal,Link,LV0 0,heat200-500 industry solid biomass,1774766.79328
marginal,Link,LV0 0,heat<100 industry electric boiler steam,34.68375
marginal,Link,LV0 0,heat<100 industry gas,6.12301
marginal,Link,LV0 0,heat<100 industry industrial heat pump medium temperature,480.62198
marginal,Link,LV0 0,heat<100 industry solid biomass,3366038.96076
marginal,Link,LV0 0,heat>500 industry gas,45915.56279
marginal,Link,LV0 0,heat>500 industry hydrogen,479399.51272
marginal,Link,LV0 0,home battery charger,3.74008
marginal,Link,LV0 0,home battery discharger,3.77413
marginal,Link,LV0 0,methanolisation,1.91984
marginal,Link,LV0 0,municipal solid waste,578.6521
marginal,Link,LV0 0,rural air heat pump,0.10835
marginal,Link,LV0 0,rural biomass boiler,39168324.36896
marginal,Link,LV0 0,rural gas boiler,2203.56903
marginal,Link,LV0 0,rural ground heat pump,0.50201
marginal,Link,LV0 0,rural resistive heater,12902.73008
marginal,Link,LV0 0,solid biomass for industry,47632.39862
marginal,Link,LV0 0,unsustainable bioliquids,671519.29963
marginal,Link,LV0 0,urban central air heat pump,0.55764
marginal,Link,LV0 0,urban central gas CHP,49.8143
marginal,Link,LV0 0,urban central gas boiler,762.88753
marginal,Link,LV0 0,urban central resistive heater,3116.0252
marginal,Link,LV0 0,urban central solid biomass CHP,27516167.69245
marginal,Link,LV0 0,urban central solid biomass CHP CC,5685581.23285
marginal,Link,LV0 0,urban decentral air heat pump,0.05788
marginal,Link,LV0 0,urban decentral biomass boiler,28387993.16674
marginal,Link,LV0 0,urban decentral gas boiler,1841.68195
marginal,Link,LV0 0,urban decentral resistive heater,8478.51112
marginal,Link,LV0 0,waste CHP,931.21252
marginal,Link,ME0 0,BEV charger,2271.01666
marginal,Link,ME0 0,CO2 pipeline,-0.08549
marginal,Link,ME0 0,Combined-Cycle Gas,32.63528
marginal,Link,ME0 0,DC,33591.66622
marginal,Link,ME0 0,EAF,0.03331
marginal,Link,ME0 0,H2 DRI,409.88286
marginal,Link,ME0 0,H2 Electrolysis,6.69213
marginal,Link,ME0 0,HVC to air,10883.98741
marginal,Link,ME0 0,Haber-Bosch,1.23829
marginal,Link,ME0 0,Open-Cycle Gas,22.56809
marginal,Link,ME0 0,SMR,0.73942
marginal,Link,ME0 0,Sabatier,0.6047
marginal,Link,ME0 0,battery charger,29223.38646
marginal,Link,ME0 0,battery discharger,28950.43606
marginal,Link,ME0 0,biogas to gas,109753.53997
marginal,Link,ME0 0,biomass to liquid,40.47123
marginal,Link,ME0 0,biomass-to-methanol,1603.21635
marginal,Link,ME0 0,electricity distribution grid,29588.09347
marginal,Link,ME0 0,gas DRI,347.42068
marginal,Link,ME0 0,gas for industry,118.62251
marginal,Link,ME0 0,heat100-200 industry electric boiler steam,49.59922
marginal,Link,ME0 0,heat100-200 industry gas,11.26724
marginal,Link,ME0 0,heat100-200 industry industrial heat pump high temperature,115916.41754
marginal,Link,ME0 0,heat100-200 industry solid biomass,1760.56175
marginal,Link,ME0 0,heat200-500 industry gas,2.35667
marginal,Link,ME0 0,heat200-500 industry hydrogen,59.01815
marginal,Link,ME0 0,heat200-500 industry solid biomass,466904.88771
marginal,Link,ME0 0,heat<100 industry electric boiler steam,51.33048
marginal,Link,ME0 0,heat<100 industry gas,11.28462
marginal,Link,ME0 0,heat<100 industry industrial heat pump medium temperature,130503.96763
marginal,Link,ME0 0,heat<100 industry solid biomass,2964.43476
marginal,Link,ME0 0,heat>500 industry gas,60567.51168
marginal,Link,ME0 0,heat>500 industry hydrogen,650.07735
marginal,Link,ME0 0,home battery charger,14.66247
marginal,Link,ME0 0,home battery discharger,13.43048
marginal,Link,ME0 0,methanolisation,0.97807
marginal,Link,ME0 0,municipal solid waste,0.4084
marginal,Link,ME0 0,rural air heat pump,0.28618
marginal,Link,ME0 0,rural biomass boiler,5567032.30504
marginal,Link,ME0 0,rural gas boiler,0.18307
marginal,Link,ME0 0,rural ground heat pump,1.23446
marginal,Link,ME0 0,rural resistive heater,26.53705
marginal,Link,ME0 0,solid biomass for industry,2221.08075
marginal,Link,ME0 0,steel emission,120.75669
marginal,Link,ME0 0,urban central air heat pump,32.52766
marginal,Link,ME0 0,urban central gas CHP,58.6968
marginal,Link,ME0 0,urban central gas boiler,0.93661
marginal,Link,ME0 0,urban central resistive heater,239.9725
marginal,Link,ME0 0,urban central solid biomass CHP,936608.19942
marginal,Link,ME0 0,urban central solid biomass CHP CC,1759.96367
marginal,Link,ME0 0,urban decentral air heat pump,0.28799
marginal,Link,ME0 0,urban decentral biomass boiler,8684779.65218
marginal,Link,ME0 0,urban decentral gas boiler,0.18249
marginal,Link,ME0 0,urban decentral resistive heater,42.58526
marginal,Link,ME0 0,waste CHP,1214.39438
marginal,Link,MK0 0,BEV charger,7161.87012
marginal,Link,MK0 0,CO2 pipeline,-1.98268
marginal,Link,MK0 0,Combined-Cycle Gas,34.60289
marginal,Link,MK0 0,EAF,0.02413
marginal,Link,MK0 0,H2 DRI,347.19363
marginal,Link,MK0 0,H2 Electrolysis,8.05097
marginal,Link,MK0 0,HVC to air,33114.25804
marginal,Link,MK0 0,Haber-Bosch,1.37834
marginal,Link,MK0 0,Open-Cycle Gas,22.32115
marginal,Link,MK0 0,SMR,0.61261
marginal,Link,MK0 0,Sabatier,0.70007
marginal,Link,MK0 0,battery charger,380.73771
marginal,Link,MK0 0,battery discharger,345.12758
marginal,Link,MK0 0,biogas to gas,1261829.02934
marginal,Link,MK0 0,biomass to liquid,53.8636
marginal,Link,MK0 0,biomass-to-methanol,1947.27387
marginal,Link,MK0 0,electricity distribution grid,60882.8369
marginal,Link,MK0 0,gas DRI,310.11704
marginal,Link,MK0 0,gas for industry,3071.93954
marginal,Link,MK0 0,gas pipeline new,35.07982
marginal,Link,MK0 0,heat100-200 industry electric boiler steam,51.13172
marginal,Link,MK0 0,heat100-200 industry gas,10.52008
marginal,Link,MK0 0,heat100-200 industry industrial heat pump high temperature,221630.35411
marginal,Link,MK0 0,heat100-200 industry solid biomass,2398.50007
marginal,Link,MK0 0,heat200-500 industry gas,2.3153
marginal,Link,MK0 0,heat200-500 industry hydrogen,59.64799
marginal,Link,MK0 0,heat200-500 industry solid biomass,560318.63374
marginal,Link,MK0 0,heat<100 industry electric boiler steam,52.92657
marginal,Link,MK0 0,heat<100 industry gas,9.63991
marginal,Link,MK0 0,heat<100 industry industrial heat pump medium temperature,309332.71834
marginal,Link,MK0 0,heat<100 industry solid biomass,5010.45646
marginal,Link,MK0 0,heat>500 industry gas,14418.76692
marginal,Link,MK0 0,heat>500 industry hydrogen,850.73824
marginal,Link,MK0 0,home battery charger,3.58182
marginal,Link,MK0 0,home battery discharger,3.65444
marginal,Link,MK0 0,methanolisation,1.11811
marginal,Link,MK0 0,municipal solid waste,653.96793
marginal,Link,MK0 0,rural air heat pump,0.11364
marginal,Link,MK0 0,rural biomass boiler,16968763.39849
marginal,Link,MK0 0,rural gas boiler,0.23639
marginal,Link,MK0 0,rural ground heat pump,0.47436
marginal,Link,MK0 0,rural resistive heater,42.44487
marginal,Link,MK0 0,solid biomass for industry,627.50224
marginal,Link,MK0 0,steel emission,2946.79372
marginal,Link,MK0 0,urban central air heat pump,185.2386
marginal,Link,MK0 0,urban central gas CHP,56.6983
marginal,Link,MK0 0,urban central gas boiler,54.67465
marginal,Link,MK0 0,urban central resistive heater,1004.78677
marginal,Link,MK0 0,urban central solid biomass CHP,8038152.1449
marginal,Link,MK0 0,urban central solid biomass CHP CC,2420.86144
marginal,Link,MK0 0,urban decentral air heat pump,0.11463
marginal,Link,MK0 0,urban decentral biomass boiler,13782445.19639
marginal,Link,MK0 0,urban decentral gas boiler,0.21584
marginal,Link,MK0 0,urban decentral resistive heater,35.22761
marginal,Link,MK0 0,waste CHP,1307.95474
marginal,Link,NL0 0,BEV charger,134698.59277
marginal,Link,NL0 0,CO2 pipeline,-0.13455
marginal,Link,NL0 0,Combined-Cycle Gas,347407.43243
marginal,Link,NL0 0,DC,67718.52542
marginal,Link,NL0 0,EAF,0.05552
marginal,Link,NL0 0,H2 DRI,718.56513
marginal,Link,NL0 0,H2 Electrolysis,532803.58416
marginal,Link,NL0 0,HVC to air,282229.83726
marginal,Link,NL0 0,Haber-Bosch,36826.07712
marginal,Link,NL0 0,Open-Cycle Gas,19.40783
marginal,Link,NL0 0,SMR,0.22547
marginal,Link,NL0 0,Sabatier,1.25939
marginal,Link,NL0 0,battery charger,8.18084
marginal,Link,NL0 0,battery discharger,8.85715
marginal,Link,NL0 0,biogas to gas,27581189.69793
marginal,Link,NL0 0,biomass to liquid,16.13165
marginal,Link,NL0 0,biomass-to-methanol,723.46909
marginal,Link,NL0 0,co2 sequestered,425.60089
marginal,Link,NL0 0,electricity distribution grid,1810194.05432
marginal,Link,NL0 0,gas DRI,561.1594
marginal,Link,NL0 0,gas for industry,39716.53179
marginal,Link,NL0 0,gas pipeline,1016.45493
marginal,Link,NL0 0,heat100-200 industry electric boiler steam,46.92734
marginal,Link,NL0 0,heat100-200 industry gas,8.76754
marginal,Link,NL0 0,heat100-200 industry industrial heat pump high temperature,29340194.2947
marginal,Link,NL0 0,heat100-200 industry solid biomass,147.17452
marginal,Link,NL0 0,heat200-500 industry gas,1.85904
marginal,Link,NL0 0,heat200-500 industry hydrogen,77.20612
marginal,Link,NL0 0,heat200-500 industry solid biomass,72868380.69967
marginal,Link,NL0 0,heat<100 industry electric boiler steam,45.63972
marginal,Link,NL0 0,heat<100 industry gas,8.67056
marginal,Link,NL0 0,heat<100 industry industrial heat pump medium temperature,28261465.49353
marginal,Link,NL0 0,heat<100 industry solid biomass,145.24568
marginal,Link,NL0 0,heat>500 industry gas,19.42808
marginal,Link,NL0 0,heat>500 industry hydrogen,74265288.13445
marginal,Link,NL0 0,home battery charger,4.90081
marginal,Link,NL0 0,home battery discharger,4.28801
marginal,Link,NL0 0,methanolisation,46439.50099
marginal,Link,NL0 0,municipal solid waste,42650.3688
marginal,Link,NL0 0,rural air heat pump,0.77165
marginal,Link,NL0 0,rural biomass boiler,5592977.06433
marginal,Link,NL0 0,rural gas boiler,2.77801
marginal,Link,NL0 0,rural ground heat pump,115529.44706
marginal,Link,NL0 0,rural resistive heater,80.98233
marginal,Link,NL0 0,solid biomass for industry,24415.76399
marginal,Link,NL0 0,steel emission,25978.76934
marginal,Link,NL0 0,unsustainable bioliquids,15556245.14622
marginal,Link,NL0 0,urban central air heat pump,22998.17823
marginal,Link,NL0 0,urban central gas CHP,60.50253
marginal,Link,NL0 0,urban central gas boiler,3834.99262
marginal,Link,NL0 0,urban central resistive heater,11951.54693
marginal,Link,NL0 0,urban central solid biomass CHP,50282361.63028
marginal,Link,NL0 0,urban central solid biomass CHP CC,1018.17712
marginal,Link,NL0 0,urban decentral air heat pump,12960.63846
marginal,Link,NL0 0,urban decentral biomass boiler,17559456.03019
marginal,Link,NL0 0,urban decentral gas boiler,233545.94939
marginal,Link,NL0 0,urban decentral resistive heater,505642.32835
marginal,Link,NL0 0,waste CHP,4528.96767
marginal,Link,NO1 0,BEV charger,32525.66185
marginal,Link,NO1 0,CO2 pipeline,-48155.42368
marginal,Link,NO1 0,Combined-Cycle Gas,28.39979
marginal,Link,NO1 0,DC,259407.35476
marginal,Link,NO1 0,EAF,0.03999
marginal,Link,NO1 0,H2 DRI,551.83438
marginal,Link,NO1 0,H2 Electrolysis,880806.4865
marginal,Link,NO1 0,HVC to air,99017.39246
marginal,Link,NO1 0,Haber-Bosch,356834.92931
marginal,Link,NO1 0,Open-Cycle Gas,19.70478
marginal,Link,NO1 0,SMR,0.1907
marginal,Link,NO1 0,Sabatier,1.25695
marginal,Link,NO1 0,battery charger,4.89572
marginal,Link,NO1 0,battery discharger,5.55394
marginal,Link,NO1 0,biogas to gas,2615381.46869
marginal,Link,NO1 0,biomass to liquid,15.85448
marginal,Link,NO1 0,biomass-to-methanol,688.82354
marginal,Link,NO1 0,co2 sequestered,50.63755
marginal,Link,NO1 0,electricity distribution grid,943505.78639
marginal,Link,NO1 0,gas DRI,473.90665
marginal,Link,NO1 0,gas for industry,30217.21835
marginal,Link,NO1 0,gas pipeline,9185.02913
marginal,Link,NO1 0,gas pipeline new,-24309.69052
marginal,Link,NO1 0,heat100-200 industry electric boiler steam,40.99606
marginal,Link,NO1 0,heat100-200 industry gas,6.01225
marginal,Link,NO1 0,heat100-200 industry industrial heat pump high temperature,6275416.35641
marginal,Link,NO1 0,heat100-200 industry solid biomass,103.60542
marginal,Link,NO1 0,heat200-500 industry gas,1.84632
marginal,Link,NO1 0,heat200-500 industry hydrogen,66.52236
marginal,Link,NO1 0,heat200-500 industry solid biomass,19152423.93558
marginal,Link,NO1 0,heat<100 industry electric boiler steam,40.91447
marginal,Link,NO1 0,heat<100 industry gas,5.82431
marginal,Link,NO1 0,heat<100 industry industrial heat pump medium temperature,5508354.84206
marginal,Link,NO1 0,heat<100 industry solid biomass,108.20986
marginal,Link,NO1 0,heat>500 industry gas,16.78388
marginal,Link,NO1 0,heat>500 industry hydrogen,31441076.24855
marginal,Link,NO1 0,home battery charger,5.41096
marginal,Link,NO1 0,home battery discharger,4.44323
marginal,Link,NO1 0,methanolisation,263256.14098
marginal,Link,NO1 0,municipal solid waste,18564.32791
marginal,Link,NO1 0,rural air heat pump,0.23767
marginal,Link,NO1 0,rural biomass boiler,39813047.31277
marginal,Link,NO1 0,rural gas boiler,0.15933
marginal,Link,NO1 0,rural ground heat pump,17154.44855
marginal,Link,NO1 0,rural resistive heater,3275.22018
marginal,Link,NO1 0,solid biomass for industry,79687.658
marginal,Link,NO1 0,steel emission,9512.74653
marginal,Link,NO1 0,unsustainable bioliquids,663881.29185
marginal,Link,NO1 0,urban central air heat pump,6728.5739
marginal,Link,NO1 0,urban central gas CHP,48.63229
marginal,Link,NO1 0,urban central gas boiler,951.15298
marginal,Link,NO1 0,urban central resistive heater,16688.81643
marginal,Link,NO1 0,urban central solid biomass CHP,201.46975
marginal,Link,NO1 0,urban central solid biomass CHP CC,221.59418
marginal,Link,NO1 0,urban decentral air heat pump,90783.87601
marginal,Link,NO1 0,urban decentral biomass boiler,135255039.30347
marginal,Link,NO1 0,urban decentral gas boiler,0.16992
marginal,Link,NO1 0,urban decentral resistive heater,107607.64683
marginal,Link,NO1 0,waste CHP,1422.78767
marginal,Link,PL0 0,BEV charger,224245.68408
marginal,Link,PL0 0,CO2 pipeline,-1.456
marginal,Link,PL0 0,Combined-Cycle Gas,30.53925
marginal,Link,PL0 0,DC,14958.06444
marginal,Link,PL0 0,EAF,0.0453
marginal,Link,PL0 0,H2 DRI,556.25529
marginal,Link,PL0 0,H2 Electrolysis,167505.24102
marginal,Link,PL0 0,HVC to air,636391.57418
marginal,Link,PL0 0,Haber-Bosch,1.8328
marginal,Link,PL0 0,Open-Cycle Gas,20.94248
marginal,Link,PL0 0,SMR,0.36698
marginal,Link,PL0 0,Sabatier,0.77683
marginal,Link,PL0 0,battery charger,10.08058
marginal,Link,PL0 0,battery discharger,9.58257
marginal,Link,PL0 0,biogas to gas,64732504.94863
marginal,Link,PL0 0,biomass to liquid,24.34105
marginal,Link,PL0 0,biomass-to-methanol,1269.18724
marginal,Link,PL0 0,co2 sequestered,341.93333
marginal,Link,PL0 0,electricity distribution grid,1924386.98693
marginal,Link,PL0 0,gas DRI,547.18627
marginal,Link,PL0 0,gas for industry,40482.09852
marginal,Link,PL0 0,gas pipeline,74887.43685
marginal,Link,PL0 0,heat100-200 industry electric boiler steam,37.87342
marginal,Link,PL0 0,heat100-200 industry gas,7.83212
marginal,Link,PL0 0,heat100-200 industry industrial heat pump high temperature,18878047.3548
marginal,Link,PL0 0,heat100-200 industry solid biomass,307.61614
marginal,Link,PL0 0,heat200-500 industry gas,1.74611
marginal,Link,PL0 0,heat200-500 industry hydrogen,53.83906
marginal,Link,PL0 0,heat200-500 industry solid biomass,62689075.34727
marginal,Link,PL0 0,heat<100 industry electric boiler steam,38.48017
marginal,Link,PL0 0,heat<100 industry gas,7.98875
marginal,Link,PL0 0,heat<100 industry industrial heat pump medium temperature,20800575.1338
marginal,Link,PL0 0,heat<100 industry solid biomass,376.08967
marginal,Link,PL0 0,heat>500 industry gas,3180130.82689
marginal,Link,PL0 0,heat>500 industry hydrogen,32430502.91879
marginal,Link,PL0 0,home battery charger,3.83621
marginal,Link,PL0 0,home battery discharger,3.99672
marginal,Link,PL0 0,methanolisation,1.47245
marginal,Link,PL0 0,municipal solid waste,23079.09084
marginal,Link,PL0 0,rural air heat pump,0.24924
marginal,Link,PL0 0,rural biomass boiler,292131690.94232
marginal,Link,PL0 0,rural gas boiler,16.39603
marginal,Link,PL0 0,rural ground heat pump,62085.64434
marginal,Link,PL0 0,rural resistive heater,4353.00947
marginal,Link,PL0 0,solid biomass for industry,322556.47467
marginal,Link,PL0 0,steel emission,21511.59024
marginal,Link,PL0 0,unsustainable bioliquids,8581750.52293
marginal,Link,PL0 0,urban central air heat pump,10452.98911
marginal,Link,PL0 0,urban central gas CHP,54.79227
marginal,Link,PL0 0,urban central gas boiler,8815.66394
marginal,Link,PL0 0,urban central resistive heater,41094.66692
marginal,Link,PL0 0,urban central solid biomass CHP,224321991.07075
marginal,Link,PL0 0,urban central solid biomass CHP CC,1320555.28855
marginal,Link,PL0 0,urban decentral air heat pump,111.85907
marginal,Link,PL0 0,urban decentral biomass boiler,190069084.90036
marginal,Link,PL0 0,urban decentral gas boiler,40761.4169
marginal,Link,PL0 0,urban decentral resistive heater,115266.05553
marginal,Link,PL0 0,waste CHP,3037.68457
marginal,Link,PT0 0,BEV charger,69248.49419
marginal,Link,PT0 0,Combined-Cycle Gas,300060.57072
marginal,Link,PT0 0,H2 Electrolysis,26291.03614
marginal,Link,PT0 0,HVC to air,141454.59621
marginal,Link,PT0 0,Haber-Bosch,3528.90929
marginal,Link,PT0 0,Open-Cycle Gas,22.50354
marginal,Link,PT0 0,SMR,4.88429
marginal,Link,PT0 0,Sabatier,1.02429
marginal,Link,PT0 0,battery charger,60.65883
marginal,Link,PT0 0,battery discharger,58.03492
marginal,Link,PT0 0,biogas to gas,12627386.71675
marginal,Link,PT0 0,biomass to liquid,76.17706
marginal,Link,PT0 0,biomass-to-methanol,3285.14235
marginal,Link,PT0 0,co2 sequestered,7.39909
marginal,Link,PT0 0,electricity distribution grid,620818.39222
marginal,Link,PT0 0,gas for industry,14570.07383
marginal,Link,PT0 0,heat100-200 industry electric boiler steam,34.20596
marginal,Link,PT0 0,heat100-200 industry gas,7.49756
marginal,Link,PT0 0,heat100-200 industry industrial heat pump high temperature,4620048.60348
marginal,Link,PT0 0,heat100-200 industry solid biomass,3898.00742
marginal,Link,PT0 0,heat200-500 industry gas,1.34591
marginal,Link,PT0 0,heat200-500 industry hydrogen,45.05904
marginal,Link,PT0 0,heat200-500 industry solid biomass,15694315.06047
marginal,Link,PT0 0,heat<100 industry electric boiler steam,34.58322
marginal,Link,PT0 0,heat<100 industry gas,7.29942
marginal,Link,PT0 0,heat<100 industry industrial heat pump medium temperature,1398.71662
marginal,Link,PT0 0,heat<100 industry solid biomass,13920424.81884
marginal,Link,PT0 0,heat>500 industry gas,1001498.24074
marginal,Link,PT0 0,heat>500 industry hydrogen,4568947.09942
marginal,Link,PT0 0,home battery charger,5.08097
marginal,Link,PT0 0,home battery discharger,4.79231
marginal,Link,PT0 0,methanolisation,5.18487
marginal,Link,PT0 0,municipal solid waste,11270.22562
marginal,Link,PT0 0,rural air heat pump,0.39703
marginal,Link,PT0 0,rural biomass boiler,24855028.10929
marginal,Link,PT0 0,rural gas boiler,5288.50682
marginal,Link,PT0 0,rural ground heat pump,19132.63109
marginal,Link,PT0 0,rural resistive heater,6602.39591
marginal,Link,PT0 0,solid biomass for industry,133467.6328
marginal,Link,PT0 0,unsustainable bioliquids,3036985.51084
marginal,Link,PT0 0,urban central air heat pump,19.09521
marginal,Link,PT0 0,urban central gas CHP,74.11984
marginal,Link,PT0 0,urban central gas boiler,1392.61266
marginal,Link,PT0 0,urban central resistive heater,2569.67954
marginal,Link,PT0 0,urban central solid biomass CHP,24531054.30497
marginal,Link,PT0 0,urban central solid biomass CHP CC,85451.66928
marginal,Link,PT0 0,urban decentral air heat pump,14485.65557
marginal,Link,PT0 0,urban decentral biomass boiler,25211973.60551
marginal,Link,PT0 0,urban decentral gas boiler,10022.07975
marginal,Link,PT0 0,urban decentral resistive heater,77930.9595
marginal,Link,PT0 0,waste CHP,1643.84056
marginal,Link,RO0 0,BEV charger,68480.51228
marginal,Link,RO0 0,CO2 pipeline,-0.20116
marginal,Link,RO0 0,Combined-Cycle Gas,31.34285
marginal,Link,RO0 0,EAF,0.03482
marginal,Link,RO0 0,H2 DRI,406.51567
marginal,Link,RO0 0,H2 Electrolysis,5.39696
marginal,Link,RO0 0,HVC to air,329377.54366
marginal,Link,RO0 0,Haber-Bosch,1.05916
marginal,Link,RO0 0,Open-Cycle Gas,20.38537
marginal,Link,RO0 0,SMR,0.43087
marginal,Link,RO0 0,Sabatier,0.66101
marginal,Link,RO0 0,battery charger,6642.23474
marginal,Link,RO0 0,battery discharger,6511.95747
marginal,Link,RO0 0,biogas to gas,27973809.02258
marginal,Link,RO0 0,biomass to liquid,53.84412
marginal,Link,RO0 0,biomass-to-methanol,1978.0632
marginal,Link,RO0 0,electricity distribution grid,762831.46365
marginal,Link,RO0 0,gas DRI,474.28292
marginal,Link,RO0 0,gas for industry,43058.76182
marginal,Link,RO0 0,gas pipeline,70.34439
marginal,Link,RO0 0,heat100-200 industry electric boiler steam,30.0531
marginal,Link,RO0 0,heat100-200 industry gas,6.67207
marginal,Link,RO0 0,heat100-200 industry industrial heat pump high temperature,8477289.72732
marginal,Link,RO0 0,heat100-200 industry solid biomass,997.25842
marginal,Link,RO0 0,heat200-500 industry gas,1.45712
marginal,Link,RO0 0,heat200-500 industry hydrogen,38.23284
marginal,Link,RO0 0,heat200-500 industry solid biomass,20928435.03743
marginal,Link,RO0 0,heat<100 industry electric boiler steam,29.48625
marginal,Link,RO0 0,heat<100 industry gas,6.4297
marginal,Link,RO0 0,heat<100 industry industrial heat pump medium temperature,5093681.32435
marginal,Link,RO0 0,heat<100 industry solid biomass,6819903.57934
marginal,Link,RO0 0,heat>500 industry gas,2310357.34182
marginal,Link,RO0 0,heat>500 industry hydrogen,374.47447
marginal,Link,RO0 0,home battery charger,3.99882
marginal,Link,RO0 0,home battery discharger,3.99935
marginal,Link,RO0 0,methanolisation,0.88547
marginal,Link,RO0 0,municipal solid waste,7953.71434
marginal,Link,RO0 0,rural air heat pump,0.21763
marginal,Link,RO0 0,rural biomass boiler,153670391.32606
marginal,Link,RO0 0,rural gas boiler,3.75089
marginal,Link,RO0 0,rural ground heat pump,34125.87839
marginal,Link,RO0 0,rural resistive heater,338.66254
marginal,Link,RO0 0,solid biomass for industry,41051.65007
marginal,Link,RO0 0,steel emission,9131.70573
marginal,Link,RO0 0,unsustainable bioliquids,1917668.06679
marginal,Link,RO0 0,urban central air heat pump,1.78607
marginal,Link,RO0 0,urban central gas CHP,51.99273
marginal,Link,RO0 0,urban central gas boiler,1497.29839
marginal,Link,RO0 0,urban central resistive heater,7166.58303
marginal,Link,RO0 0,urban central solid biomass CHP,67045140.30391
marginal,Link,RO0 0,urban central solid biomass CHP CC,1689.49439
marginal,Link,RO0 0,urban decentral air heat pump,0.30124
marginal,Link,RO0 0,urban decentral biomass boiler,113698757.0124
marginal,Link,RO0 0,urban decentral gas boiler,43722.34921
marginal,Link,RO0 0,urban decentral resistive heater,45500.6686
marginal,Link,RO0 0,waste CHP,2025.41518
marginal,Link,RS0 0,BEV charger,18995.21155
marginal,Link,RS0 0,CO2 pipeline,-0.22451
marginal,Link,RS0 0,Combined-Cycle Gas,33.84762
marginal,Link,RS0 0,EAF,0.03361
marginal,Link,RS0 0,H2 DRI,367.61724
marginal,Link,RS0 0,H2 Electrolysis,5.18026
marginal,Link,RS0 0,HVC to air,129980.57183
marginal,Link,RS0 0,Haber-Bosch,1.04261
marginal,Link,RS0 0,Open-Cycle Gas,21.6232
marginal,Link,RS0 0,SMR,0.78182
marginal,Link,RS0 0,Sabatier,0.62879
marginal,Link,RS0 0,battery charger,8361.44116
marginal,Link,RS0 0,battery discharger,6914.96595
marginal,Link,RS0 0,biogas to gas,12229024.04336
marginal,Link,RS0 0,biomass to liquid,49.32011
marginal,Link,RS0 0,biomass-to-methanol,1812.52814
marginal,Link,RS0 0,electricity distribution grid,347167.2568
marginal,Link,RS0 0,gas DRI,385.70332
marginal,Link,RS0 0,gas for industry,8831.4409
marginal,Link,RS0 0,gas pipeline,17025.78541
marginal,Link,RS0 0,gas pipeline new,901.77811
marginal,Link,RS0 0,heat100-200 industry electric boiler steam,27.45059
marginal,Link,RS0 0,heat100-200 industry gas,6.97012
marginal,Link,RS0 0,heat100-200 industry industrial heat pump high temperature,1959865.28348
marginal,Link,RS0 0,heat100-200 industry solid biomass,1278.13039
marginal,Link,RS0 0,heat200-500 industry gas,1.54412
marginal,Link,RS0 0,heat200-500 industry hydrogen,51.37012
marginal,Link,RS0 0,heat200-500 industry solid biomass,4764709.95059
marginal,Link,RS0 0,heat<100 industry electric boiler steam,28.37354
marginal,Link,RS0 0,heat<100 industry gas,6.98557
marginal,Link,RS0 0,heat<100 industry industrial heat pump medium temperature,2417308.6244
marginal,Link,RS0 0,heat<100 industry solid biomass,3312.14879
marginal,Link,RS0 0,heat>500 industry gas,126889.8465
marginal,Link,RS0 0,heat>500 industry hydrogen,418.10602
marginal,Link,RS0 0,home battery charger,5.73869
marginal,Link,RS0 0,home battery discharger,5.37413
marginal,Link,RS0 0,methanolisation,0.77452
marginal,Link,RS0 0,municipal solid waste,8552.61212
marginal,Link,RS0 0,rural air heat pump,0.1361
marginal,Link,RS0 0,rural biomass boiler,101862651.7637
marginal,Link,RS0 0,rural gas boiler,0.17101
marginal,Link,RS0 0,rural ground heat pump,0.51348
marginal,Link,RS0 0,rural resistive heater,190.17103
marginal,Link,RS0 0,solid biomass for industry,12818.60713
marginal,Link,RS0 0,steel emission,6274.97091
marginal,Link,RS0 0,urban central air heat pump,74.40199
marginal,Link,RS0 0,urban central gas CHP,55.99887
marginal,Link,RS0 0,urban central gas boiler,2446.39765
marginal,Link,RS0 0,urban central resistive heater,4725.09198
marginal,Link,RS0 0,urban central solid biomass CHP,48253825.56352
marginal,Link,RS0 0,urban central solid biomass CHP CC,1557.36721
marginal,Link,RS0 0,urban decentral air heat pump,0.13101
marginal,Link,RS0 0,urban decentral biomass boiler,66484218.36048
marginal,Link,RS0 0,urban decentral gas boiler,0.18126
marginal,Link,RS0 0,urban decentral resistive heater,134.94252
marginal,Link,RS0 0,waste CHP,1623.29869
marginal,Link,SE1 0,BEV charger,69102.04273
marginal,Link,SE1 0,Combined-Cycle Gas,29.73555
marginal,Link,SE1 0,DC,174575.26333
marginal,Link,SE1 0,EAF,0.04946
marginal,Link,SE1 0,H2 DRI,625.31839
marginal,Link,SE1 0,H2 Electrolysis,34490.27837
marginal,Link,SE1 0,HVC to air,198776.04889
marginal,Link,SE1 0,Haber-Bosch,5.64184
marginal,Link,SE1 0,Open-Cycle Gas,20.53736
marginal,Link,SE1 0,SMR,0.21337
marginal,Link,SE1 0,Sabatier,0.96017
marginal,Link,SE1 0,battery charger,5.1597
marginal,Link,SE1 0,battery discharger,4.98898
marginal,Link,SE1 0,biogas to gas,16709213.26345
marginal,Link,SE1 0,biomass to liquid,574833.75467
marginal,Link,SE1 0,biomass-to-methanol,14329019.87182
marginal,Link,SE1 0,co2 sequestered,1073.89856
marginal,Link,SE1 0,electricity distribution grid,1463311.36979
marginal,Link,SE1 0,gas DRI,480.89026
marginal,Link,SE1 0,gas for industry,8009.17099
marginal,Link,SE1 0,heat100-200 industry electric boiler steam,47.76105
marginal,Link,SE1 0,heat100-200 industry gas,8.42109
marginal,Link,SE1 0,heat100-200 industry industrial heat pump high temperature,2033790.84388
marginal,Link,SE1 0,heat100-200 industry solid biomass,2915.55491
marginal,Link,SE1 0,heat200-500 industry gas,1.39895
marginal,Link,SE1 0,heat200-500 industry hydrogen,63.63235
marginal,Link,SE1 0,heat200-500 industry solid biomass,5791693.44202
marginal,Link,SE1 0,heat<100 industry electric boiler steam,44.83709
marginal,Link,SE1 0,heat<100 industry gas,6.82789
marginal,Link,SE1 0,heat<100 industry industrial heat pump medium temperature,8017050.45819
marginal,Link,SE1 0,heat<100 industry solid biomass,4781.85302
marginal,Link,SE1 0,heat>500 industry gas,19.96531
marginal,Link,SE1 0,heat>500 industry hydrogen,6338405.56724
marginal,Link,SE1 0,home battery charger,4.82273
marginal,Link,SE1 0,home battery discharger,4.60677
marginal,Link,SE1 0,methanolisation,8.03512
marginal,Link,SE1 0,municipal solid waste,25892.07186
marginal,Link,SE1 0,rural air heat pump,0.24084
marginal,Link,SE1 0,rural biomass boiler,9469618.76937
marginal,Link,SE1 0,rural gas boiler,96.019
marginal,Link,SE1 0,rural ground heat pump,45873.34404
marginal,Link,SE1 0,rural resistive heater,10738.69957
marginal,Link,SE1 0,solid biomass for industry,551880.2578
marginal,Link,SE1 0,steel emission,13892.80533
marginal,Link,SE1 0,unsustainable bioliquids,4403734.58952
marginal,Link,SE1 0,urban central air heat pump,0.55351
marginal,Link,SE1 0,urban central gas CHP,49.61173
marginal,Link,SE1 0,urban central gas boiler,12075.69751
marginal,Link,SE1 0,urban central resistive heater,29728.15545
marginal,Link,SE1 0,urban central solid biomass CHP,83039008.48857
marginal,Link,SE1 0,urban central solid biomass CHP CC,216030464.6774
marginal,Link,SE1 0,urban decentral air heat pump,56841.56965
marginal,Link,SE1 0,urban decentral biomass boiler,147794281.47225
marginal,Link,SE1 0,urban decentral gas boiler,1769.36284
marginal,Link,SE1 0,urban decentral resistive heater,144048.5813
marginal,Link,SE1 0,waste CHP,1408.41323
marginal,Link,SI0 0,BEV charger,20230.81052
marginal,Link,SI0 0,Combined-Cycle Gas,32.28685
marginal,Link,SI0 0,H2 Electrolysis,3.10171
marginal,Link,SI0 0,HVC to air,39118.79438
marginal,Link,SI0 0,Haber-Bosch,0.84816
marginal,Link,SI0 0,Open-Cycle Gas,20.31149
marginal,Link,SI0 0,SMR,0.72356
marginal,Link,SI0 0,Sabatier,0.54828
marginal,Link,SI0 0,battery charger,71.97522
marginal,Link,SI0 0,battery discharger,73.24593
marginal,Link,SI0 0,biogas to gas,1401331.37033
marginal,Link,SI0 0,biomass to liquid,39.28257
marginal,Link,SI0 0,biomass-to-methanol,1719.98825
marginal,Link,SI0 0,electricity distribution grid,156955.57348
marginal,Link,SI0 0,gas for industry,10303.90402
marginal,Link,SI0 0,gas pipeline,12024.56672
marginal,Link,SI0 0,heat100-200 industry electric boiler steam,26.39494
marginal,Link,SI0 0,heat100-200 industry gas,6.48697
marginal,Link,SI0 0,heat100-200 industry industrial heat pump high temperature,2182101.40647
marginal,Link,SI0 0,heat100-200 industry solid biomass,1563.59421
marginal,Link,SI0 0,heat200-500 industry gas,1.4731
marginal,Link,SI0 0,heat200-500 industry hydrogen,49.92074
marginal,Link,SI0 0,heat200-500 industry solid biomass,5231893.77332
marginal,Link,SI0 0,heat<100 industry electric boiler steam,29.4966
marginal,Link,SI0 0,heat<100 industry gas,7.21134
marginal,Link,SI0 0,heat<100 industry industrial heat pump medium temperature,737069.06
marginal,Link,SI0 0,heat<100 industry solid biomass,943765.54255
marginal,Link,SI0 0,heat>500 industry gas,356133.10965
marginal,Link,SI0 0,heat>500 industry hydrogen,237.59811
marginal,Link,SI0 0,home battery charger,3.59261
marginal,Link,SI0 0,home battery discharger,3.35542
marginal,Link,SI0 0,methanolisation,0.70565
marginal,Link,SI0 0,municipal solid waste,865.9586
marginal,Link,SI0 0,rural air heat pump,0.22552
marginal,Link,SI0 0,rural biomass boiler,28473965.78116
marginal,Link,SI0 0,rural gas boiler,0.73963
marginal,Link,SI0 0,rural ground heat pump,3308.62918
marginal,Link,SI0 0,rural resistive heater,166.49505
marginal,Link,SI0 0,solid biomass for industry,15723.16726
marginal,Link,SI0 0,urban central air heat pump,3.03342
marginal,Link,SI0 0,urban central gas CHP,54.20968
marginal,Link,SI0 0,urban central gas boiler,450.91901
marginal,Link,SI0 0,urban central resistive heater,1083.24808
marginal,Link,SI0 0,urban central solid biomass CHP,12117125.93151
marginal,Link,SI0 0,urban central solid biomass CHP CC,7134.37698
marginal,Link,SI0 0,urban decentral air heat pump,309.82294
marginal,Link,SI0 0,urban decentral biomass boiler,26645998.3672
marginal,Link,SI0 0,urban decentral gas boiler,2017.90927
marginal,Link,SI0 0,urban decentral resistive heater,4916.41658
marginal,Link,SI0 0,waste CHP,1329.85074
marginal,Link,SK0 0,BEV charger,31359.81018
marginal,Link,SK0 0,Combined-Cycle Gas,34.2098
marginal,Link,SK0 0,EAF,0.04423
marginal,Link,SK0 0,H2 DRI,482.90753
marginal,Link,SK0 0,H2 Electrolysis,2.99671
marginal,Link,SK0 0,HVC to air,87621.72287
marginal,Link,SK0 0,Haber-Bosch,0.77864
marginal,Link,SK0 0,Open-Cycle Gas,21.62004
marginal,Link,SK0 0,SMR,0.67773
marginal,Link,SK0 0,Sabatier,0.53502
marginal,Link,SK0 0,battery charger,123.01766
marginal,Link,SK0 0,battery discharger,117.61546
marginal,Link,SK0 0,biogas to gas,13147378.30941
marginal,Link,SK0 0,biomass to liquid,39.19703
marginal,Link,SK0 0,biomass-to-methanol,1609.97959
marginal,Link,SK0 0,electricity distribution grid,348685.42017
marginal,Link,SK0 0,gas DRI,505.71201
marginal,Link,SK0 0,gas for industry,5458.9973
marginal,Link,SK0 0,gas pipeline,1282.15891
marginal,Link,SK0 0,heat100-200 industry electric boiler steam,26.69815
marginal,Link,SK0 0,heat100-200 industry gas,6.53341
marginal,Link,SK0 0,heat100-200 industry industrial heat pump high temperature,4991702.29654
marginal,Link,SK0 0,heat100-200 industry solid biomass,1099.11163
marginal,Link,SK0 0,heat200-500 industry gas,1.48013
marginal,Link,SK0 0,heat200-500 industry hydrogen,39.2271
marginal,Link,SK0 0,heat200-500 industry solid biomass,12238964.47575
marginal,Link,SK0 0,heat<100 industry electric boiler steam,26.81128
marginal,Link,SK0 0,heat<100 industry gas,6.86376
marginal,Link,SK0 0,heat<100 industry industrial heat pump medium temperature,20887.81438
marginal,Link,SK0 0,heat<100 industry solid biomass,7224236.52379
marginal,Link,SK0 0,heat>500 industry gas,989343.33211
marginal,Link,SK0 0,heat>500 industry hydrogen,182.0999
marginal,Link,SK0 0,home battery charger,3.82111
marginal,Link,SK0 0,home battery discharger,3.68837
marginal,Link,SK0 0,methanolisation,0.70798
marginal,Link,SK0 0,municipal solid waste,3302.93215
marginal,Link,SK0 0,rural air heat pump,0.25945
marginal,Link,SK0 0,rural biomass boiler,2603519.75154
marginal,Link,SK0 0,rural gas boiler,1.56049
marginal,Link,SK0 0,rural ground heat pump,26843.4687
marginal,Link,SK0 0,rural resistive heater,318.74709
marginal,Link,SK0 0,solid biomass for industry,71354.03601
marginal,Link,SK0 0,steel emission,13910.97242
marginal,Link,SK0 0,unsustainable bioliquids,1499329.36665
marginal,Link,SK0 0,urban central air heat pump,1.41847
marginal,Link,SK0 0,urban central gas CHP,57.1904
marginal,Link,SK0 0,urban central gas boiler,1042.90433
marginal,Link,SK0 0,urban central resistive heater,2766.12427
marginal,Link,SK0 0,urban central solid biomass CHP,34167882.54885
marginal,Link,SK0 0,urban central solid biomass CHP CC,2433.44809
marginal,Link,SK0 0,urban decentral air heat pump,744.76584
marginal,Link,SK0 0,urban decentral biomass boiler,2146852.42977
marginal,Link,SK0 0,urban decentral gas boiler,55475.53356
marginal,Link,SK0 0,urban decentral resistive heater,30196.1388
marginal,Link,SK0 0,waste CHP,1621.92166
marginal,Link,XK0 0,BEV charger,3793.60396
marginal,Link,XK0 0,Combined-Cycle Gas,32.1634
marginal,Link,XK0 0,EAF,0.01917
marginal,Link,XK0 0,H2 DRI,275.64516
marginal,Link,XK0 0,H2 Electrolysis,65.45398
marginal,Link,XK0 0,HVC to air,27801.84868
marginal,Link,XK0 0,Haber-Bosch,1.29847
marginal,Link,XK0 0,Open-Cycle Gas,22.41104
marginal,Link,XK0 0,SMR,1.32097
marginal,Link,XK0 0,Sabatier,0.58016
marginal,Link,XK0 0,battery charger,11483.37214
marginal,Link,XK0 0,battery discharger,10472.0012
marginal,Link,XK0 0,biogas to gas,383640.64383
marginal,Link,XK0 0,biomass to liquid,541631.16267
marginal,Link,XK0 0,biomass-to-methanol,12154494.83131
marginal,Link,XK0 0,electricity distribution grid,61045.31162
marginal,Link,XK0 0,gas DRI,239.52542
marginal,Link,XK0 0,gas for industry,814.05718
marginal,Link,XK0 0,heat100-200 industry electric boiler steam,44.41805
marginal,Link,XK0 0,heat100-200 industry gas,10.14404
marginal,Link,XK0 0,heat100-200 industry industrial heat pump high temperature,419.82159
marginal,Link,XK0 0,heat100-200 industry solid biomass,607825.44083
marginal,Link,XK0 0,heat200-500 industry gas,2.05176
marginal,Link,XK0 0,heat200-500 industry hydrogen,51.90955
marginal,Link,XK0 0,heat200-500 industry solid biomass,653673.96449
marginal,Link,XK0 0,heat<100 industry electric boiler steam,44.56551
marginal,Link,XK0 0,heat<100 industry gas,9.87715
marginal,Link,XK0 0,heat<100 industry industrial heat pump medium temperature,381.20702
marginal,Link,XK0 0,heat<100 industry solid biomass,640450.08387
marginal,Link,XK0 0,heat>500 industry gas,31738.86326
marginal,Link,XK0 0,heat>500 industry hydrogen,462.47981
marginal,Link,XK0 0,home battery charger,40.37585
marginal,Link,XK0 0,home battery discharger,42.48362
marginal,Link,XK0 0,methanolisation,1.02238
marginal,Link,XK0 0,municipal solid waste,0.56095
marginal,Link,XK0 0,rural air heat pump,0.71944
marginal,Link,XK0 0,rural biomass boiler,108856.52563
marginal,Link,XK0 0,rural gas boiler,0.15078
marginal,Link,XK0 0,rural ground heat pump,661.38307
marginal,Link,XK0 0,rural resistive heater,5.30388
marginal,Link,XK0 0,solid biomass for industry,1053.19336
marginal,Link,XK0 0,steel emission,1002.63289
marginal,Link,XK0 0,urban central air heat pump,0.24108
marginal,Link,XK0 0,urban central gas CHP,51.20155
marginal,Link,XK0 0,urban central gas boiler,0.10135
marginal,Link,XK0 0,urban central resistive heater,158.40336
marginal,Link,XK0 0,urban central solid biomass CHP,293520.2593
marginal,Link,XK0 0,urban central solid biomass CHP CC,4539.94767
marginal,Link,XK0 0,urban decentral air heat pump,0.78557
marginal,Link,XK0 0,urban decentral biomass boiler,2648108.07758
marginal,Link,XK0 0,urban decentral gas boiler,0.11839
marginal,Link,XK0 0,urban decentral resistive heater,8.67514
marginal,Link,XK0 0,waste CHP,838.58593
marginal,StorageUnit,AL0 0,Reservoir & Dam,68389.44475
marginal,StorageUnit,AT0 0,Pumped Hydro Storage,108926.26999
marginal,StorageUnit,AT0 0,Reservoir & Dam,175804.12591
marginal,StorageUnit,BA0 0,Pumped Hydro Storage,76.43644
marginal,StorageUnit,BA0 0,Reservoir & Dam,45324.12331
marginal,StorageUnit,BE0 0,Pumped Hydro Storage,9762.88723
marginal,StorageUnit,BE0 0,Reservoir & Dam,632.73786
marginal,StorageUnit,BG0 0,Pumped Hydro Storage,16562.19445
marginal,StorageUnit,BG0 0,Reservoir & Dam,24425.94226
marginal,StorageUnit,CH0 0,Pumped Hydro Storage,103440.42264
marginal,StorageUnit,CH0 0,Reservoir & Dam,251699.53459
marginal,StorageUnit,CZ0 0,Pumped Hydro Storage,4604.35976
marginal,StorageUnit,CZ0 0,Reservoir & Dam,21379.16553
marginal,StorageUnit,DE0 0,Pumped Hydro Storage,3132.97604
marginal,StorageUnit,DE0 1,Pumped Hydro Storage,21276.50088
marginal,StorageUnit,DE0 2,Pumped Hydro Storage,13705.54365
marginal,StorageUnit,DE0 3,Pumped Hydro Storage,7147.27657
marginal,StorageUnit,DE0 4,Pumped Hydro Storage,21224.57453
marginal,StorageUnit,DE0 5,Pumped Hydro Storage,7769.22944
marginal,StorageUnit,ES0 0,Pumped Hydro Storage,180425.54393
marginal,StorageUnit,ES0 0,Reservoir & Dam,206709.60279
marginal,StorageUnit,ES6 0,Pumped Hydro Storage,24415.89609
marginal,StorageUnit,ES6 0,Reservoir & Dam,16846.24593
marginal,StorageUnit,FI1 0,Reservoir & Dam,61610.93766
marginal,StorageUnit,FR0 0,Pumped Hydro Storage,8207.89462
marginal,StorageUnit,FR0 1,Pumped Hydro Storage,66265.39235
marginal,StorageUnit,FR0 1,Reservoir & Dam,140896.96595
marginal,StorageUnit,FR0 2,Pumped Hydro Storage,20884.42225
marginal,StorageUnit,FR0 2,Reservoir & Dam,124308.76735
marginal,StorageUnit,FR0 4,Reservoir & Dam,4644.0493
marginal,StorageUnit,FR5 0,Reservoir & Dam,4743.81473
marginal,StorageUnit,GB2 0,Reservoir & Dam,898.42597
marginal,StorageUnit,GB3 0,Pumped Hydro Storage,6198.23462
marginal,StorageUnit,GB3 0,Reservoir & Dam,1711.08755
marginal,StorageUnit,GR0 0,Pumped Hydro Storage,11400.57198
marginal,StorageUnit,GR0 0,Reservoir & Dam,40970.42572
marginal,StorageUnit,HR0 0,Pumped Hydro Storage,5145.42823
marginal,StorageUnit,HR0 0,Reservoir & Dam,57138.35748
marginal,StorageUnit,HU0 0,Reservoir & Dam,1184.46883
marginal,StorageUnit,IE3 0,Pumped Hydro Storage,3162.58556
marginal,StorageUnit,IE3 0,Reservoir & Dam,37.50148
marginal,StorageUnit,IT0 0,Pumped Hydro Storage,58173.29331
marginal,StorageUnit,IT0 0,Reservoir & Dam,20769.85765
marginal,StorageUnit,IT0 1,Pumped Hydro Storage,111447.83431
marginal,StorageUnit,IT0 1,Reservoir & Dam,97813.25643
marginal,StorageUnit,IT4 0,Pumped Hydro Storage,5242.73409
marginal,StorageUnit,IT4 0,Reservoir & Dam,2427.68815
marginal,StorageUnit,LT0 0,Pumped Hydro Storage,10214.97783
marginal,StorageUnit,LU0 0,Pumped Hydro Storage,11564.95794
marginal,StorageUnit,ME0 0,Pumped Hydro Storage,3614.22899
marginal,StorageUnit,ME0 0,Reservoir & Dam,16420.34703
marginal,StorageUnit,MK0 0,Reservoir & Dam,10407.16763
marginal,StorageUnit,NO1 0,Pumped Hydro Storage,685.07197
marginal,StorageUnit,NO1 0,Reservoir & Dam,1287855.22061
marginal,StorageUnit,PL0 0,Pumped Hydro Storage,31867.88756
marginal,StorageUnit,PL0 0,Reservoir & Dam,8311.39422
marginal,StorageUnit,PT0 0,Pumped Hydro Storage,86506.44245
marginal,StorageUnit,PT0 0,Reservoir & Dam,35960.63533
marginal,StorageUnit,RO0 0,Reservoir & Dam,97369.4064
marginal,StorageUnit,RS0 0,Pumped Hydro Storage,6895.38238
marginal,StorageUnit,RS0 0,Reservoir & Dam,32831.18963
marginal,StorageUnit,SE1 0,Pumped Hydro Storage,689.36259
marginal,StorageUnit,SE1 0,Reservoir & Dam,575360.07559
marginal,StorageUnit,SI0 0,Pumped Hydro Storage,2338.85921
marginal,StorageUnit,SI0 0,Reservoir & Dam,25060.70246
marginal,StorageUnit,SK0 0,Pumped Hydro Storage,10058.90144
marginal,StorageUnit,SK0 0,Reservoir & Dam,7429.38319
marginal,StorageUnit,XK0 0,Reservoir & Dam,1824.01322
marginal,Store,AL0 0,Battery Storage,1e-05
marginal,Store,AL0 0,EV battery,-0.00024
marginal,Store,AL0 0,home battery,4e-05
marginal,Store,AL0 0,non-sequestered HVC,42078.78713
marginal,Store,AT0 0,Battery Storage,2e-05
marginal,Store,AT0 0,EV battery,-0.00027
marginal,Store,AT0 0,home battery,1e-05
marginal,Store,AT0 0,non-sequestered HVC,155673.12276
marginal,Store,BA0 0,EV battery,-0.00026
marginal,Store,BA0 0,non-sequestered HVC,60265.36889
marginal,Store,BE0 0,EV battery,-0.00026
marginal,Store,BE0 0,home battery,1e-05
marginal,Store,BE0 0,non-sequestered HVC,194433.6281
marginal,Store,BG0 0,EV battery,-0.00028
marginal,Store,BG0 0,co2 sequestered,36.64619
marginal,Store,BG0 0,home battery,1e-05
marginal,Store,BG0 0,non-sequestered HVC,117824.69069
marginal,Store,CH0 0,EV battery,-0.00025
marginal,Store,CH0 0,home battery,1e-05
marginal,Store,CH0 0,non-sequestered HVC,122322.71428
marginal,Store,CZ0 0,EV battery,-0.00025
marginal,Store,CZ0 0,non-sequestered HVC,187360.8761
marginal,Store,DE0 0,EV battery,-0.00026
marginal,Store,DE0 0,co2 sequestered,969.11456
marginal,Store,DE0 0,home battery,1e-05
marginal,Store,DE0 0,non-sequestered HVC,245638.55479
marginal,Store,DE0 1,EV battery,-0.00026
marginal,Store,DE0 1,home battery,1e-05
marginal,Store,DE0 1,non-sequestered HVC,109445.12925
marginal,Store,DE0 2,EV battery,-0.00025
marginal,Store,DE0 2,co2 sequestered,13139.71976
marginal,Store,DE0 2,non-sequestered HVC,359673.44441
marginal,Store,DE0 3,EV battery,-0.00027
marginal,Store,DE0 3,home battery,1e-05
marginal,Store,DE0 3,non-sequestered HVC,172508.61137
marginal,Store,DE0 4,EV battery,-0.00024
marginal,Store,DE0 4,non-sequestered HVC,292277.77652
marginal,Store,DE0 5,EV battery,-0.00024
marginal,Store,DE0 5,non-sequestered HVC,211178.01422
marginal,Store,DK0 0,EV battery,-0.00023
marginal,Store,DK0 0,co2 sequestered,60416.32363
marginal,Store,DK0 0,home battery,1e-05
marginal,Store,DK0 0,non-sequestered HVC,41041.75216
marginal,Store,DK1 0,EV battery,-0.00027
marginal,Store,DK1 0,co2 sequestered,64664.05989
marginal,Store,DK1 0,home battery,1e-05
marginal,Store,DK1 0,non-sequestered HVC,26429.43401
marginal,Store,EE0 0,Battery Storage,1e-05
marginal,Store,EE0 0,EV battery,-0.00028
marginal,Store,EE0 0,co2 sequestered,20475.97933
marginal,Store,EE0 0,home battery,1e-05
marginal,Store,EE0 0,non-sequestered HVC,18926.3789
marginal,Store,ES0 0,EV battery,-0.00027
marginal,Store,ES0 0,co2 sequestered,44.30075
marginal,Store,ES0 0,home battery,1e-05
marginal,Store,ES0 0,non-sequestered HVC,627517.96569
marginal,Store,ES6 0,EV battery,-0.00024
marginal,Store,ES6 0,non-sequestered HVC,11037.65544
marginal,Store,EU,solid biomass import,158682.96708
marginal,Store,FI1 0,Battery Storage,1e-05
marginal,Store,FI1 0,EV battery,-0.00025
marginal,Store,FI1 0,home battery,2e-05
marginal,Store,FI1 0,non-sequestered HVC,80542.35017
marginal,Store,FR0 0,EV battery,-0.00027
marginal,Store,FR0 0,home battery,1e-05
marginal,Store,FR0 0,non-sequestered HVC,351164.79256
marginal,Store,FR0 1,EV battery,-0.00025
marginal,Store,FR0 1,non-sequestered HVC,243442.10181
marginal,Store,FR0 2,EV battery,-0.00025
marginal,Store,FR0 2,home battery,1e-05
marginal,Store,FR0 2,non-sequestered HVC,151470.48533
marginal,Store,FR0 3,EV battery,-0.00025
marginal,Store,FR0 3,non-sequestered HVC,152663.76132
marginal,Store,FR0 4,EV battery,-0.00026
marginal,Store,FR0 4,non-sequestered HVC,129463.0302
marginal,Store,FR5 0,EV battery,-0.00049
marginal,Store,FR5 0,home battery,2e-05
marginal,Store,FR5 0,non-sequestered HVC,4265.28623
marginal,Store,GB2 0,EV battery,-0.00024
marginal,Store,GB2 0,co2 sequestered,12366.82123
marginal,Store,GB2 0,home battery,1e-05
marginal,Store,GB2 0,non-sequestered HVC,327918.85414
marginal,Store,GB2 1,EV battery,-0.00026
marginal,Store,GB2 1,co2 sequestered,23017.45713
marginal,Store,GB2 1,home battery,1e-05
marginal,Store,GB2 1,non-sequestered HVC,659558.34737
marginal,Store,GB3 0,EV battery,-0.00027
marginal,Store,GB3 0,home battery,1e-05
marginal,Store,GB3 0,non-sequestered HVC,29568.25758
marginal,Store,GR0 0,Battery Storage,1e-05
marginal,Store,GR0 0,EV battery,-0.00023
marginal,Store,GR0 0,co2 sequestered,35.74438
marginal,Store,GR0 0,home battery,1e-05
marginal,Store,GR0 0,non-sequestered HVC,143210.39637
marginal,Store,HR0 0,EV battery,-0.00024
marginal,Store,HR0 0,home battery,1e-05
marginal,Store,HR0 0,non-sequestered HVC,58051.42111
marginal,Store,HU0 0,EV battery,-0.00026
marginal,Store,HU0 0,home battery,1e-05
marginal,Store,HU0 0,non-sequestered HVC,154904.5862
marginal,Store,IE3 0,Battery Storage,0.00012
marginal,Store,IE3 0,EV battery,-0.00027
marginal,Store,IE3 0,co2 sequestered,3113.13116
marginal,Store,IE3 0,home battery,1e-05
marginal,Store,IE3 0,non-sequestered HVC,70609.32291
marginal,Store,IT0 0,EV battery,-0.00024
marginal,Store,IT0 0,co2 sequestered,14.66043
marginal,Store,IT0 0,non-sequestered HVC,420644.8804
marginal,Store,IT0 1,EV battery,-0.00028
marginal,Store,IT0 1,co2 sequestered,122.04829
marginal,Store,IT0 1,home battery,1e-05
marginal,Store,IT0 1,non-sequestered HVC,470178.64074
marginal,Store,IT4 0,Battery Storage,1e-05
marginal,Store,IT4 0,EV battery,-0.00027
marginal,Store,IT4 0,non-sequestered HVC,20878.78611
marginal,Store,LT0 0,EV battery,-0.00025
marginal,Store,LT0 0,co2 sequestered,54.7143
marginal,Store,LT0 0,non-sequestered HVC,43842.43127
marginal,Store,LU0 0,EV battery,-0.00027
marginal,Store,LU0 0,home battery,1e-05
marginal,Store,LU0 0,non-sequestered HVC,8881.85026
marginal,Store,LV0 0,EV battery,-0.00028
marginal,Store,LV0 0,co2 sequestered,34992.3938
marginal,Store,LV0 0,home battery,1e-05
marginal,Store,LV0 0,non-sequestered HVC,26646.47678
marginal,Store,ME0 0,Battery Storage,1e-05
marginal,Store,ME0 0,EV battery,-0.00027
marginal,Store,ME0 0,home battery,3e-05
marginal,Store,ME0 0,non-sequestered HVC,9440.37001
marginal,Store,MK0 0,Battery Storage,1e-05
marginal,Store,MK0 0,EV battery,-0.00024
marginal,Store,MK0 0,home battery,4e-05
marginal,Store,MK0 0,non-sequestered HVC,31134.17135
marginal,Store,NL0 0,EV battery,-0.00024
marginal,Store,NL0 0,co2 sequestered,3784.1821
marginal,Store,NL0 0,home battery,1e-05
marginal,Store,NL0 0,non-sequestered HVC,263439.13774
marginal,Store,NO1 0,EV battery,-0.00028
marginal,Store,NO1 0,co2 sequestered,446.46968
marginal,Store,NO1 0,home battery,1e-05
marginal,Store,NO1 0,non-sequestered HVC,77253.28366
marginal,Store,PL0 0,EV battery,-0.00026
marginal,Store,PL0 0,co2 sequestered,3196.10616
marginal,Store,PL0 0,home battery,1e-05
marginal,Store,PL0 0,non-sequestered HVC,579909.67843
marginal,Store,PT0 0,Battery Storage,1e-05
marginal,Store,PT0 0,EV battery,-0.00027
marginal,Store,PT0 0,co2 sequestered,72.48949
marginal,Store,PT0 0,home battery,1e-05
marginal,Store,PT0 0,non-sequestered HVC,149819.5997
marginal,Store,RO0 0,EV battery,-0.00025
marginal,Store,RO0 0,non-sequestered HVC,339760.93944
marginal,Store,RS0 0,EV battery,-0.00027
marginal,Store,RS0 0,home battery,1e-05
marginal,Store,RS0 0,non-sequestered HVC,127735.71927
marginal,Store,SE1 0,Battery Storage,1e-05
marginal,Store,SE1 0,EV battery,-0.00027
marginal,Store,SE1 0,co2 sequestered,9432.54157
marginal,Store,SE1 0,home battery,1e-05
marginal,Store,SE1 0,non-sequestered HVC,155911.32256
marginal,Store,SI0 0,EV battery,-0.00028
marginal,Store,SI0 0,home battery,1e-05
marginal,Store,SI0 0,non-sequestered HVC,35836.73496
marginal,Store,SK0 0,EV battery,-0.00027
marginal,Store,SK0 0,home battery,1e-05
marginal,Store,SK0 0,non-sequestered HVC,96033.91461
marginal,Store,XK0 0,Battery Storage,1e-05
marginal,Store,XK0 0,EV battery,-0.00029
marginal,Store,XK0 0,home battery,5e-05
marginal,Store,XK0 0,non-sequestered HVC,28542.04516
