cost,component,location,carrier,0
capital,Generator,AL0 0,Offshore Wind (AC),2122.80028
capital,Generator,AL0 0,Offshore Wind (Floating),2594.04404
capital,Generator,AL0 0,Onshore Wind,27078496.13027
capital,Generator,AL0 0,Run of River,14853811.92575
capital,Generator,AL0 0,Solar,15419847.72802
capital,Generator,AL0 0,rural solar thermal,860.68237
capital,Generator,AL0 0,solar-hsat,258309897.49175
capital,Generator,AL0 0,urban central solar thermal,2757.69088
capital,Generator,AL0 0,urban decentral solar thermal,892.43592
capital,Generator,AT0 0,Onshore Wind,374356764.67382
capital,Generator,AT0 0,Run of River,1376313648.03682
capital,Generator,AT0 0,Solar,20184589.35478
capital,Generator,AT0 0,rural solar thermal,757.24782
capital,Generator,AT0 0,solar-hsat,1873899554.71195
capital,Generator,AT0 0,urban central solar thermal,1639.91913
capital,Generator,AT0 0,urban decentral solar thermal,791.30193
capital,Generator,BA0 0,Offshore Wind (AC),977.33137
capital,Generator,BA0 0,Offshore Wind (Floating),922.74418
capital,Generator,BA0 0,Onshore Wind,50338239.53038
capital,Generator,BA0 0,Solar,13985205.7752
capital,Generator,BA0 0,rural solar thermal,706.15553
capital,Generator,BA0 0,solar-hsat,304145047.80296
capital,Generator,BA0 0,urban central solar thermal,2204.16694
capital,Generator,BA0 0,urban decentral solar thermal,710.99916
capital,Generator,BE0 0,Offshore Wind (AC),460339539.53252
capital,Generator,BE0 0,Offshore Wind (DC),192304438.58906
capital,Generator,BE0 0,Offshore Wind (Floating),1756.715
capital,Generator,BE0 0,Onshore Wind,797869815.45754
capital,Generator,BE0 0,Run of River,18186779.19648
capital,Generator,BE0 0,Solar,25347163.19417
capital,Generator,BE0 0,rural solar thermal,88.60158
capital,Generator,BE0 0,solar-hsat,61241558.12486
capital,Generator,BE0 0,urban central solar thermal,1124.62017
capital,Generator,BE0 0,urban decentral solar thermal,495.66255
capital,Generator,BG0 0,Offshore Wind (AC),3008.64579
capital,Generator,BG0 0,Offshore Wind (DC),3830.65664
capital,Generator,BG0 0,Offshore Wind (Floating),3258.42579
capital,Generator,BG0 0,Onshore Wind,70359026.34817
capital,Generator,BG0 0,Run of River,34022009.05814
capital,Generator,BG0 0,Solar,125929040.12338
capital,Generator,BG0 0,rural solar thermal,822.62006
capital,Generator,BG0 0,solar-hsat,543346056.83492
capital,Generator,BG0 0,urban central solar thermal,1749.04746
capital,Generator,BG0 0,urban decentral solar thermal,900.56002
capital,Generator,CH0 0,Onshore Wind,6364625.66515
capital,Generator,CH0 0,Run of River,1295123214.9052
capital,Generator,CH0 0,Solar,5068418.16256
capital,Generator,CH0 0,rural solar thermal,320.61676
capital,Generator,CH0 0,solar-hsat,2044320066.91799
capital,Generator,CH0 0,urban central solar thermal,1564.34434
capital,Generator,CH0 0,urban decentral solar thermal,325.97454
capital,Generator,CZ0 0,Onshore Wind,16200818.06815
capital,Generator,CZ0 0,Run of River,12396579.18494
capital,Generator,CZ0 0,Solar,68150703.58987
capital,Generator,CZ0 0,rural solar thermal,471.81763
capital,Generator,CZ0 0,solar-hsat,65487871.13691
capital,Generator,CZ0 0,urban central solar thermal,1267.45097
capital,Generator,CZ0 0,urban decentral solar thermal,623.11052
capital,Generator,DE0 0,Offshore Wind (AC),464757892.81506
capital,Generator,DE0 0,Offshore Wind (DC),359314148.58595
capital,Generator,DE0 0,Offshore Wind (Floating),1621.66567
capital,Generator,DE0 0,Onshore Wind,1482255885.56532
capital,Generator,DE0 0,Run of River,22970095.01057
capital,Generator,DE0 0,Solar,136919120.38256
capital,Generator,DE0 0,rural solar thermal,473.78078
capital,Generator,DE0 0,solar-hsat,31735.42565
capital,Generator,DE0 0,urban central solar thermal,977.72298
capital,Generator,DE0 0,urban decentral solar thermal,527.74712
capital,Generator,DE0 1,Onshore Wind,390671095.42164
capital,Generator,DE0 1,Run of River,72178052.77618
capital,Generator,DE0 1,Solar,199216147.89766
capital,Generator,DE0 1,rural solar thermal,512.26836
capital,Generator,DE0 1,solar-hsat,157296625.04846
capital,Generator,DE0 1,urban central solar thermal,1079.54942
capital,Generator,DE0 1,urban decentral solar thermal,598.10614
capital,Generator,DE0 2,Offshore Wind (AC),1156810252.44729
capital,Generator,DE0 2,Offshore Wind (DC),4205159664.25244
capital,Generator,DE0 2,Offshore Wind (Floating),1945.60804
capital,Generator,DE0 2,Onshore Wind,818604251.00469
capital,Generator,DE0 2,Run of River,132010325.87154
capital,Generator,DE0 2,Solar,84732840.40357
capital,Generator,DE0 2,rural solar thermal,363.10862
capital,Generator,DE0 2,solar-hsat,21393.52973
capital,Generator,DE0 2,urban central solar thermal,1230.06705
capital,Generator,DE0 2,urban decentral solar thermal,492.73146
capital,Generator,DE0 3,Onshore Wind,52768294.70337
capital,Generator,DE0 3,Run of River,940688192.41467
capital,Generator,DE0 3,Solar,232333215.93056
capital,Generator,DE0 3,rural solar thermal,642.84703
capital,Generator,DE0 3,solar-hsat,1022521447.50312
capital,Generator,DE0 3,urban central solar thermal,1332.75814
capital,Generator,DE0 3,urban decentral solar thermal,690.67831
capital,Generator,DE0 4,Onshore Wind,332000708.36736
capital,Generator,DE0 4,Run of River,269690009.68602
capital,Generator,DE0 4,Solar,115970257.61458
capital,Generator,DE0 4,rural solar thermal,480.08132
capital,Generator,DE0 4,solar-hsat,624281167.53026
capital,Generator,DE0 4,urban central solar thermal,1638.53423
capital,Generator,DE0 4,urban decentral solar thermal,613.91867
capital,Generator,DE0 5,Offshore Wind (AC),429579705.1006
capital,Generator,DE0 5,Offshore Wind (DC),57938937.42042
capital,Generator,DE0 5,Offshore Wind (Floating),1788.21377
capital,Generator,DE0 5,Onshore Wind,1468254406.47975
capital,Generator,DE0 5,Run of River,29117199.61962
capital,Generator,DE0 5,Solar,566940250.44236
capital,Generator,DE0 5,rural solar thermal,587.93706
capital,Generator,DE0 5,solar-hsat,429318058.7428
capital,Generator,DE0 5,urban central solar thermal,1071.93763
capital,Generator,DE0 5,urban decentral solar thermal,669.53242
capital,Generator,DK0 0,Offshore Wind (AC),329699068.24026
capital,Generator,DK0 0,Offshore Wind (DC),11731.15119
capital,Generator,DK0 0,Offshore Wind (Floating),3769.0065
capital,Generator,DK0 0,Onshore Wind,2005089474.06846
capital,Generator,DK0 0,Solar,85748541.18183
capital,Generator,DK0 0,rural solar thermal,142.8806
capital,Generator,DK0 0,solar-hsat,8398.4389
capital,Generator,DK0 0,urban central solar thermal,864.14137
capital,Generator,DK0 0,urban decentral solar thermal,403.77462
capital,Generator,DK1 0,Offshore Wind (AC),220812640.44824
capital,Generator,DK1 0,Offshore Wind (DC),2684.69888
capital,Generator,DK1 0,Offshore Wind (Floating),2858.84098
capital,Generator,DK1 0,Onshore Wind,718731277.06457
capital,Generator,DK1 0,Solar,28221579.16632
capital,Generator,DK1 0,rural solar thermal,122.98781
capital,Generator,DK1 0,solar-hsat,8513.68744
capital,Generator,DK1 0,urban central solar thermal,904.76755
capital,Generator,DK1 0,urban decentral solar thermal,458.99016
capital,Generator,EE0 0,Offshore Wind (AC),15532.14716
capital,Generator,EE0 0,Offshore Wind (DC),9727.50164
capital,Generator,EE0 0,Offshore Wind (Floating),3895.46956
capital,Generator,EE0 0,Onshore Wind,531318080.33203
capital,Generator,EE0 0,Solar,23011843.47198
capital,Generator,EE0 0,rural solar thermal,475.78844
capital,Generator,EE0 0,solar-hsat,45269695.78497
capital,Generator,EE0 0,urban central solar thermal,864.90616
capital,Generator,EE0 0,urban decentral solar thermal,520.4908
capital,Generator,ES0 0,Offshore Wind (AC),4025768.736
capital,Generator,ES0 0,Offshore Wind (Floating),3531.16148
capital,Generator,ES0 0,Onshore Wind,3578975774.02671
capital,Generator,ES0 0,Run of River,40062148.34745
capital,Generator,ES0 0,Solar,1920333919.79098
capital,Generator,ES0 0,rural solar thermal,647.62836
capital,Generator,ES0 0,solar-hsat,3390638633.7581
capital,Generator,ES0 0,urban central solar thermal,2152.53198
capital,Generator,ES0 0,urban decentral solar thermal,1360.52018
capital,Generator,ES6 0,Offshore Wind (AC),1566.4248
capital,Generator,ES6 0,Offshore Wind (Floating),2720.12675
capital,Generator,ES6 0,Onshore Wind,3358.74149
capital,Generator,ES6 0,Run of River,45303586.30495
capital,Generator,ES6 0,Solar,14173698.72605
capital,Generator,ES6 0,rural solar thermal,1351.95092
capital,Generator,ES6 0,solar-hsat,65190327.78622
capital,Generator,ES6 0,urban central solar thermal,1566.50518
capital,Generator,ES6 0,urban decentral solar thermal,1048.0511
capital,Generator,FI1 0,Offshore Wind (AC),42089.72869
capital,Generator,FI1 0,Offshore Wind (DC),387476564.63875
capital,Generator,FI1 0,Offshore Wind (Floating),4744.12528
capital,Generator,FI1 0,Onshore Wind,1095681565.95787
capital,Generator,FI1 0,Run of River,453195348.92122
capital,Generator,FI1 0,Solar,8236158.58016
capital,Generator,FI1 0,rural solar thermal,158.38322
capital,Generator,FI1 0,solar-hsat,175532.97065
capital,Generator,FI1 0,urban central solar thermal,802.83136
capital,Generator,FI1 0,urban decentral solar thermal,334.41467
capital,Generator,FR0 0,Offshore Wind (AC),201909473.75369
capital,Generator,FR0 0,Offshore Wind (DC),103812.27352
capital,Generator,FR0 0,Offshore Wind (Floating),1876.1319
capital,Generator,FR0 0,Onshore Wind,1453048358.33409
capital,Generator,FR0 0,Solar,80758709.22343
capital,Generator,FR0 0,rural solar thermal,201.53434
capital,Generator,FR0 0,solar-hsat,5750.90589
capital,Generator,FR0 0,urban central solar thermal,1076.45838
capital,Generator,FR0 0,urban decentral solar thermal,505.69576
capital,Generator,FR0 1,Offshore Wind (AC),22170296.88495
capital,Generator,FR0 1,Offshore Wind (Floating),4194.6872
capital,Generator,FR0 1,Onshore Wind,135484978.99
capital,Generator,FR0 1,Run of River,1275325841.55478
capital,Generator,FR0 1,Solar,161606442.87707
capital,Generator,FR0 1,rural solar thermal,551.93186
capital,Generator,FR0 1,solar-hsat,2245290030.33644
capital,Generator,FR0 1,urban central solar thermal,2337.49663
capital,Generator,FR0 1,urban decentral solar thermal,811.28824
capital,Generator,FR0 2,Offshore Wind (AC),4998.44834
capital,Generator,FR0 2,Offshore Wind (DC),3672.85632
capital,Generator,FR0 2,Offshore Wind (Floating),3616.37344
capital,Generator,FR0 2,Onshore Wind,322014182.57757
capital,Generator,FR0 2,Run of River,387114376.07396
capital,Generator,FR0 2,Solar,241433376.99839
capital,Generator,FR0 2,rural solar thermal,738.85347
capital,Generator,FR0 2,solar-hsat,322482961.55709
capital,Generator,FR0 2,urban central solar thermal,1622.50212
capital,Generator,FR0 2,urban decentral solar thermal,773.79996
capital,Generator,FR0 3,Offshore Wind (AC),288773064.1595
capital,Generator,FR0 3,Offshore Wind (DC),34498.21818
capital,Generator,FR0 3,Offshore Wind (Floating),4784.0883
capital,Generator,FR0 3,Onshore Wind,404522310.72763
capital,Generator,FR0 3,Solar,45458181.04384
capital,Generator,FR0 3,rural solar thermal,404.15983
capital,Generator,FR0 3,solar-hsat,9736.33885
capital,Generator,FR0 3,urban central solar thermal,1162.58515
capital,Generator,FR0 3,urban decentral solar thermal,585.02686
capital,Generator,FR0 4,Onshore Wind,410447427.66542
capital,Generator,FR0 4,Run of River,454890285.96669
capital,Generator,FR0 4,Solar,56506372.43216
capital,Generator,FR0 4,rural solar thermal,442.30588
capital,Generator,FR0 4,solar-hsat,6023.09319
capital,Generator,FR0 4,urban central solar thermal,1304.01204
capital,Generator,FR0 4,urban decentral solar thermal,528.6105
capital,Generator,FR5 0,Offshore Wind (AC),1587.28408
capital,Generator,FR5 0,Offshore Wind (Floating),2700.67446
capital,Generator,FR5 0,Onshore Wind,1967254.33568
capital,Generator,FR5 0,Solar,3260.35433
capital,Generator,FR5 0,rural solar thermal,990.9824
capital,Generator,FR5 0,solar-hsat,84551515.77194
capital,Generator,GB2 0,Offshore Wind (AC),1503457593.34271
capital,Generator,GB2 0,Offshore Wind (DC),95964.70235
capital,Generator,GB2 0,Offshore Wind (Floating),5060.1253
capital,Generator,GB2 0,Onshore Wind,2067463890.74078
capital,Generator,GB2 0,Run of River,885889663.85156
capital,Generator,GB2 0,Solar,84832292.69732
capital,Generator,GB2 0,rural solar thermal,169.87801
capital,Generator,GB2 0,solar-hsat,6583.4397
capital,Generator,GB2 0,urban central solar thermal,803.55407
capital,Generator,GB2 0,urban decentral solar thermal,185.15458
capital,Generator,GB2 1,Offshore Wind (AC),3261262273.65568
capital,Generator,GB2 1,Offshore Wind (DC),17934.49007
capital,Generator,GB2 1,Offshore Wind (Floating),4306.59708
capital,Generator,GB2 1,Onshore Wind,1948822956.987
capital,Generator,GB2 1,Solar,513690302.43003
capital,Generator,GB2 1,rural solar thermal,364.9668
capital,Generator,GB2 1,solar-hsat,11872.26115
capital,Generator,GB2 1,urban central solar thermal,919.22799
capital,Generator,GB2 1,urban decentral solar thermal,371.90099
capital,Generator,GB3 0,Offshore Wind (AC),16069.3135
capital,Generator,GB3 0,Offshore Wind (DC),13026.71712
capital,Generator,GB3 0,Offshore Wind (Floating),4747.0253
capital,Generator,GB3 0,Onshore Wind,145379033.27498
capital,Generator,GB3 0,Run of River,234671738.20448
capital,Generator,GB3 0,Solar,12435346.29785
capital,Generator,GB3 0,rural solar thermal,192.93621
capital,Generator,GB3 0,solar-hsat,5302.98388
capital,Generator,GB3 0,urban central solar thermal,695.9286
capital,Generator,GB3 0,urban decentral solar thermal,195.26356
capital,Generator,GR0 0,Offshore Wind (AC),3870.33012
capital,Generator,GR0 0,Offshore Wind (DC),6419.64045
capital,Generator,GR0 0,Offshore Wind (Floating),3739.92198
capital,Generator,GR0 0,Onshore Wind,581563776.88076
capital,Generator,GR0 0,Run of River,31772365.34325
capital,Generator,GR0 0,Solar,218143864.62256
capital,Generator,GR0 0,rural solar thermal,12640.98653
capital,Generator,GR0 0,solar-hsat,1037322465.64922
capital,Generator,GR0 0,urban central solar thermal,2011.65303
capital,Generator,GR0 0,urban decentral solar thermal,1385.94233
capital,Generator,HR0 0,Offshore Wind (AC),3297.06477
capital,Generator,HR0 0,Offshore Wind (DC),3335.16233
capital,Generator,HR0 0,Offshore Wind (Floating),2795.66535
capital,Generator,HR0 0,Onshore Wind,131921286.7102
capital,Generator,HR0 0,Run of River,84182201.03601
capital,Generator,HR0 0,Solar,4256860.8551
capital,Generator,HR0 0,rural solar thermal,1173.6275
capital,Generator,HR0 0,solar-hsat,341755745.64348
capital,Generator,HR0 0,urban central solar thermal,2752.65828
capital,Generator,HR0 0,urban decentral solar thermal,1171.95937
capital,Generator,HU0 0,Onshore Wind,36914902.8223
capital,Generator,HU0 0,Run of River,6070956.3265
capital,Generator,HU0 0,Solar,135337890.70305
capital,Generator,HU0 0,rural solar thermal,543.32205
capital,Generator,HU0 0,solar-hsat,863612408.9109
capital,Generator,HU0 0,urban central solar thermal,1791.27391
capital,Generator,HU0 0,urban decentral solar thermal,843.71533
capital,Generator,IE3 0,Offshore Wind (AC),5042405.07623
capital,Generator,IE3 0,Offshore Wind (DC),226497923.03011
capital,Generator,IE3 0,Offshore Wind (Floating),4673.97513
capital,Generator,IE3 0,Onshore Wind,550273689.18554
capital,Generator,IE3 0,Run of River,66564800.33115
capital,Generator,IE3 0,Solar,64208043.62076
capital,Generator,IE3 0,rural solar thermal,183.8197
capital,Generator,IE3 0,solar-hsat,6985.04187
capital,Generator,IE3 0,urban central solar thermal,834.82221
capital,Generator,IE3 0,urban decentral solar thermal,263.82325
capital,Generator,IT0 0,Offshore Wind (AC),6051790.67453
capital,Generator,IT0 0,Offshore Wind (DC),2575.89686
capital,Generator,IT0 0,Offshore Wind (Floating),3222.99092
capital,Generator,IT0 0,Onshore Wind,1015583003.45872
capital,Generator,IT0 0,Run of River,543612536.03769
capital,Generator,IT0 0,Solar,194414865.04876
capital,Generator,IT0 0,rural solar thermal,1233.86583
capital,Generator,IT0 0,solar-hsat,2538622356.13678
capital,Generator,IT0 0,urban central solar thermal,2042.90142
capital,Generator,IT0 0,urban decentral solar thermal,1266.05408
capital,Generator,IT0 1,Offshore Wind (AC),3240.29602
capital,Generator,IT0 1,Offshore Wind (DC),2472.96387
capital,Generator,IT0 1,Offshore Wind (Floating),2697.51811
capital,Generator,IT0 1,Onshore Wind,18746611.86906
capital,Generator,IT0 1,Run of River,1762900939.28859
capital,Generator,IT0 1,Solar,72004256.86102
capital,Generator,IT0 1,rural solar thermal,636.62228
capital,Generator,IT0 1,solar-hsat,3476737461.91856
capital,Generator,IT0 1,urban central solar thermal,1710.61536
capital,Generator,IT0 1,urban decentral solar thermal,883.07956
capital,Generator,IT4 0,Offshore Wind (AC),3837.09868
capital,Generator,IT4 0,Offshore Wind (Floating),3299.89676
capital,Generator,IT4 0,Onshore Wind,137128202.63807
capital,Generator,IT4 0,Run of River,18490222.31421
capital,Generator,IT4 0,Solar,22587717.24083
capital,Generator,IT4 0,rural solar thermal,1766.5375
capital,Generator,IT4 0,solar-hsat,201166010.22661
capital,Generator,IT4 0,urban central solar thermal,2626.77695
capital,Generator,IT4 0,urban decentral solar thermal,1702.76143
capital,Generator,LT0 0,Offshore Wind (AC),94213.49557
capital,Generator,LT0 0,Offshore Wind (DC),261697432.64549
capital,Generator,LT0 0,Offshore Wind (Floating),3008.178
capital,Generator,LT0 0,Onshore Wind,138285681.64259
capital,Generator,LT0 0,Run of River,31125207.56225
capital,Generator,LT0 0,Solar,15686887.11202
capital,Generator,LT0 0,rural solar thermal,432.98979
capital,Generator,LT0 0,solar-hsat,11094936.72489
capital,Generator,LT0 0,urban central solar thermal,897.32876
capital,Generator,LT0 0,urban decentral solar thermal,510.70202
capital,Generator,LU0 0,Onshore Wind,17138186.66108
capital,Generator,LU0 0,Solar,2832650.27776
capital,Generator,LU0 0,rural solar thermal,463.60577
capital,Generator,LU0 0,solar-hsat,301401963.42468
capital,Generator,LU0 0,urban central solar thermal,895.47898
capital,Generator,LU0 0,urban decentral solar thermal,538.91528
capital,Generator,LV0 0,Offshore Wind (AC),19565.83671
capital,Generator,LV0 0,Offshore Wind (DC),33413.57293
capital,Generator,LV0 0,Offshore Wind (Floating),4640.58441
capital,Generator,LV0 0,Onshore Wind,11572193.90305
capital,Generator,LV0 0,Run of River,473380508.2809
capital,Generator,LV0 0,Solar,2303875.60152
capital,Generator,LV0 0,rural solar thermal,361.77418
capital,Generator,LV0 0,solar-hsat,24848975.99597
capital,Generator,LV0 0,urban central solar thermal,874.00895
capital,Generator,LV0 0,urban decentral solar thermal,448.34649
capital,Generator,ME0 0,Offshore Wind (AC),960.22184
capital,Generator,ME0 0,Offshore Wind (Floating),2271.29744
capital,Generator,ME0 0,Onshore Wind,13654961.11796
capital,Generator,ME0 0,Run of River,1651793.1934
capital,Generator,ME0 0,Solar,167659.93902
capital,Generator,ME0 0,rural solar thermal,661.473
capital,Generator,ME0 0,solar-hsat,300049326.77991
capital,Generator,ME0 0,urban central solar thermal,2333.42929
capital,Generator,ME0 0,urban decentral solar thermal,664.72715
capital,Generator,MK0 0,Onshore Wind,8447561.42645
capital,Generator,MK0 0,Run of River,59045443.2567
capital,Generator,MK0 0,Solar,15545587.28646
capital,Generator,MK0 0,rural solar thermal,779.22571
capital,Generator,MK0 0,solar-hsat,85682844.60579
capital,Generator,MK0 0,urban central solar thermal,1939.75365
capital,Generator,MK0 0,urban decentral solar thermal,785.31172
capital,Generator,NL0 0,Offshore Wind (AC),1174437636.71327
capital,Generator,NL0 0,Offshore Wind (DC),61118.3743
capital,Generator,NL0 0,Offshore Wind (Floating),1740.93035
capital,Generator,NL0 0,Onshore Wind,3385686054.09918
capital,Generator,NL0 0,Solar,248276788.69287
capital,Generator,NL0 0,rural solar thermal,17.99672
capital,Generator,NL0 0,solar-hsat,74644.75488
capital,Generator,NL0 0,urban central solar thermal,955.28716
capital,Generator,NL0 0,urban decentral solar thermal,504.90922
capital,Generator,NO1 0,Offshore Wind (AC),28255933.87841
capital,Generator,NO1 0,Offshore Wind (DC),20194.495
capital,Generator,NO1 0,Offshore Wind (Floating),4609.31385
capital,Generator,NO1 0,Onshore Wind,639792756.79502
capital,Generator,NO1 0,Run of River,275042056.92383
capital,Generator,NO1 0,Solar,73399.09167
capital,Generator,NO1 0,rural solar thermal,170.69619
capital,Generator,NO1 0,solar-hsat,5422.22927
capital,Generator,NO1 0,urban central solar thermal,865.38183
capital,Generator,NO1 0,urban decentral solar thermal,176.57193
capital,Generator,PL0 0,Offshore Wind (AC),1049262130.86095
capital,Generator,PL0 0,Offshore Wind (DC),1301263958.98668
capital,Generator,PL0 0,Offshore Wind (Floating),5446.22649
capital,Generator,PL0 0,Onshore Wind,2066856182.56515
capital,Generator,PL0 0,Run of River,56210389.48212
capital,Generator,PL0 0,Solar,137290909.56911
capital,Generator,PL0 0,rural solar thermal,527.63235
capital,Generator,PL0 0,solar-hsat,2005036674.06179
capital,Generator,PL0 0,urban central solar thermal,1213.03387
capital,Generator,PL0 0,urban decentral solar thermal,656.66641
capital,Generator,PT0 0,Offshore Wind (AC),5043377.77531
capital,Generator,PT0 0,Offshore Wind (Floating),3882.45812
capital,Generator,PT0 0,Onshore Wind,616512865.09116
capital,Generator,PT0 0,Run of River,781982318.70502
capital,Generator,PT0 0,Solar,183052928.797
capital,Generator,PT0 0,rural solar thermal,1047.72547
capital,Generator,PT0 0,solar-hsat,501613795.93389
capital,Generator,PT0 0,urban central solar thermal,1677.535
capital,Generator,PT0 0,urban decentral solar thermal,962.51887
capital,Generator,RO0 0,Offshore Wind (AC),8257.76152
capital,Generator,RO0 0,Offshore Wind (DC),8016.45504
capital,Generator,RO0 0,Offshore Wind (Floating),3734.96988
capital,Generator,RO0 0,Onshore Wind,637739835.76876
capital,Generator,RO0 0,Run of River,1085206556.13942
capital,Generator,RO0 0,Solar,106116281.21107
capital,Generator,RO0 0,rural solar thermal,1216.51172
capital,Generator,RO0 0,solar-hsat,155185566.01924
capital,Generator,RO0 0,urban central solar thermal,1728.78749
capital,Generator,RO0 0,urban decentral solar thermal,1032.02667
capital,Generator,RS0 0,Onshore Wind,89347407.73429
capital,Generator,RS0 0,Run of River,526478263.35986
capital,Generator,RS0 0,Solar,1864137.391
capital,Generator,RS0 0,rural solar thermal,715.87022
capital,Generator,RS0 0,solar-hsat,175981949.21895
capital,Generator,RS0 0,urban central solar thermal,2309.12825
capital,Generator,RS0 0,urban decentral solar thermal,723.96007
capital,Generator,SE1 0,Offshore Wind (AC),36685683.06772
capital,Generator,SE1 0,Offshore Wind (DC),85975.58393
capital,Generator,SE1 0,Offshore Wind (Floating),4573.82012
capital,Generator,SE1 0,Onshore Wind,1919541689.95425
capital,Generator,SE1 0,Run of River,394149905.66452
capital,Generator,SE1 0,Solar,14943402.90709
capital,Generator,SE1 0,rural solar thermal,202.94969
capital,Generator,SE1 0,solar-hsat,104047534.81709
capital,Generator,SE1 0,urban central solar thermal,934.05307
capital,Generator,SE1 0,urban decentral solar thermal,392.63611
capital,Generator,SI0 0,Offshore Wind (AC),1093.75222
capital,Generator,SI0 0,Offshore Wind (Floating),910.93532
capital,Generator,SI0 0,Onshore Wind,1836.97636
capital,Generator,SI0 0,Run of River,155445758.14368
capital,Generator,SI0 0,Solar,1570787.01122
capital,Generator,SI0 0,rural solar thermal,802.1523
capital,Generator,SI0 0,solar-hsat,7971.86952
capital,Generator,SI0 0,urban central solar thermal,1688.07327
capital,Generator,SI0 0,urban decentral solar thermal,914.63744
capital,Generator,SK0 0,Onshore Wind,3839.07931
capital,Generator,SK0 0,Run of River,375255980.16312
capital,Generator,SK0 0,Solar,23519890.0316
capital,Generator,SK0 0,rural solar thermal,756.66573
capital,Generator,SK0 0,solar-hsat,14330.23028
capital,Generator,SK0 0,urban central solar thermal,1340.00576
capital,Generator,SK0 0,urban decentral solar thermal,803.33726
capital,Generator,XK0 0,Onshore Wind,15622199.80402
capital,Generator,XK0 0,Run of River,9306745.23148
capital,Generator,XK0 0,Solar,8644529.35018
capital,Generator,XK0 0,rural solar thermal,1.37097
capital,Generator,XK0 0,solar-hsat,3243976.34346
capital,Generator,XK0 0,urban central solar thermal,1783.05169
capital,Generator,XK0 0,urban decentral solar thermal,1.35806
capital,Line,AL0 0,AC,79383299.72642
capital,Line,AT0 0,AC,452246931.39839
capital,Line,BA0 0,AC,128859045.24615
capital,Line,BE0 0,AC,132294395.04691
capital,Line,BG0 0,AC,240709785.26156
capital,Line,CH0 0,AC,495733044.13378
capital,Line,CZ0 0,AC,243022348.25193
capital,Line,DE0 0,AC,582820005.69249
capital,Line,DE0 1,AC,465191429.65178
capital,Line,DE0 2,AC,289218374.52188
capital,Line,DE0 3,AC,130297548.45686
capital,Line,DE0 4,AC,65855244.42637
capital,Line,DE0 5,AC,122467637.92028
capital,Line,DK1 0,AC,92018255.13598
capital,Line,EE0 0,AC,34479190.53832
capital,Line,ES0 0,AC,380252192.80472
capital,Line,FI1 0,AC,164747361.63609
capital,Line,FR0 0,AC,861062076.98221
capital,Line,FR0 1,AC,437004111.69808
capital,Line,FR0 2,AC,175983166.83606
capital,Line,FR0 4,AC,3451633.76
capital,Line,GB2 0,AC,457480582.84278
capital,Line,GB3 0,AC,47856526.08134
capital,Line,GR0 0,AC,48987285.47571
capital,Line,HR0 0,AC,183894692.23639
capital,Line,HU0 0,AC,273318958.65242
capital,Line,IT0 0,AC,280957341.92612
capital,Line,IT0 1,AC,38683404.46554
capital,Line,LT0 0,AC,107375434.77326
capital,Line,ME0 0,AC,53440462.96271
capital,Line,MK0 0,AC,37466027.51957
capital,Line,NO1 0,AC,128929177.92303
capital,Line,PL0 0,AC,51242287.83323
capital,Line,RO0 0,AC,110192312.03459
capital,Line,RS0 0,AC,20274705.30248
capital,Link,AL0 0,CO2 pipeline,50478.28616
capital,Link,AL0 0,Combined-Cycle Gas,2452.35242
capital,Link,AL0 0,EAF,3037.15873
capital,Link,AL0 0,H2 DRI,1835.13141
capital,Link,AL0 0,H2 Electrolysis,2101.37451
capital,Link,AL0 0,Haber-Bosch,16657.59284
capital,Link,AL0 0,Open-Cycle Gas,1630.59979
capital,Link,AL0 0,SMR,2869650.78085
capital,Link,AL0 0,Sabatier,879.59288
capital,Link,AL0 0,battery charger,4292.51869
capital,Link,AL0 0,biogas to gas,5045.84033
capital,Link,AL0 0,biomass to liquid,28815032.26504
capital,Link,AL0 0,biomass-to-methanol,2716.74263
capital,Link,AL0 0,electricity distribution grid,34734742.08668
capital,Link,AL0 0,gas DRI,2778.52448
capital,Link,AL0 0,gas pipeline new,6688042.7354
capital,Link,AL0 0,heat100-200 industry electric boiler steam,525.39472
capital,Link,AL0 0,heat100-200 industry gas,142644.98709
capital,Link,AL0 0,heat100-200 industry industrial heat pump high temperature,2778530.80414
capital,Link,AL0 0,heat100-200 industry solid biomass,6248.61002
capital,Link,AL0 0,heat200-500 industry gas,14696.11289
capital,Link,AL0 0,heat200-500 industry hydrogen,224.60502
capital,Link,AL0 0,heat200-500 industry solid biomass,29900.9656
capital,Link,AL0 0,heat<100 industry electric boiler steam,536.02806
capital,Link,AL0 0,heat<100 industry gas,167458.90787
capital,Link,AL0 0,heat<100 industry industrial heat pump medium temperature,2871576.05166
capital,Link,AL0 0,heat<100 industry solid biomass,7967.98072
capital,Link,AL0 0,heat>500 industry gas,17301.0331
capital,Link,AL0 0,heat>500 industry hydrogen,209.03272
capital,Link,AL0 0,home battery charger,5704.97012
capital,Link,AL0 0,methanolisation,2450115.26731
capital,Link,AL0 0,rural air heat pump,4430.66206
capital,Link,AL0 0,rural biomass boiler,7160.07702
capital,Link,AL0 0,rural gas boiler,28706787.6746
capital,Link,AL0 0,rural ground heat pump,8273.01996
capital,Link,AL0 0,rural resistive heater,3208667.35883
capital,Link,AL0 0,urban central air heat pump,5655.4902
capital,Link,AL0 0,urban central gas CHP,2746.47206
capital,Link,AL0 0,urban central gas boiler,939283.24734
capital,Link,AL0 0,urban central resistive heater,1966.57731
capital,Link,AL0 0,urban central solid biomass CHP,12587.25894
capital,Link,AL0 0,urban central solid biomass CHP CC,4711922.1097
capital,Link,AL0 0,urban decentral air heat pump,4328.94421
capital,Link,AL0 0,urban decentral biomass boiler,7260.73679
capital,Link,AL0 0,urban decentral gas boiler,37802821.683
capital,Link,AL0 0,urban decentral resistive heater,4374381.62992
capital,Link,AL0 0,waste CHP,2211.4486
capital,Link,AT0 0,CO2 pipeline,22216.77805
capital,Link,AT0 0,Combined-Cycle Gas,352632763.30379
capital,Link,AT0 0,EAF,3883.28274
capital,Link,AT0 0,H2 DRI,2020.30383
capital,Link,AT0 0,H2 Electrolysis,2009.80939
capital,Link,AT0 0,Haber-Bosch,8867.49541
capital,Link,AT0 0,Open-Cycle Gas,1866.79137
capital,Link,AT0 0,SMR,86121.85602
capital,Link,AT0 0,Sabatier,871.28603
capital,Link,AT0 0,battery charger,4054.46806
capital,Link,AT0 0,biogas to gas,39395332.1438
capital,Link,AT0 0,biomass to liquid,165011396.05493
capital,Link,AT0 0,biomass-to-methanol,2765.99805
capital,Link,AT0 0,electricity distribution grid,439770773.27384
capital,Link,AT0 0,gas DRI,3581.16412
capital,Link,AT0 0,gas pipeline,11817541.81551
capital,Link,AT0 0,gas pipeline new,13490250.75748
capital,Link,AT0 0,heat100-200 industry electric boiler steam,402.25679
capital,Link,AT0 0,heat100-200 industry gas,8644429.43979
capital,Link,AT0 0,heat100-200 industry industrial heat pump high temperature,168966301.41732
capital,Link,AT0 0,heat100-200 industry solid biomass,10561.63596
capital,Link,AT0 0,heat200-500 industry gas,694140.16758
capital,Link,AT0 0,heat200-500 industry hydrogen,131.29381
capital,Link,AT0 0,heat200-500 industry solid biomass,202652.27328
capital,Link,AT0 0,heat<100 industry electric boiler steam,387.98494
capital,Link,AT0 0,heat<100 industry gas,3224621.81895
capital,Link,AT0 0,heat<100 industry industrial heat pump medium temperature,27968.08422
capital,Link,AT0 0,heat<100 industry solid biomass,51728395.83569
capital,Link,AT0 0,heat>500 industry gas,1692712.67123
capital,Link,AT0 0,heat>500 industry hydrogen,142.77545
capital,Link,AT0 0,home battery charger,4145.63264
capital,Link,AT0 0,methanolisation,68467.99569
capital,Link,AT0 0,rural air heat pump,7356.44279
capital,Link,AT0 0,rural biomass boiler,303486292.12624
capital,Link,AT0 0,rural gas boiler,206924205.43043
capital,Link,AT0 0,rural ground heat pump,343359541.4618
capital,Link,AT0 0,rural resistive heater,1752222.66568
capital,Link,AT0 0,urban central air heat pump,3589.71564
capital,Link,AT0 0,urban central gas CHP,4138.85037
capital,Link,AT0 0,urban central gas boiler,26806566.94715
capital,Link,AT0 0,urban central resistive heater,1187168.17092
capital,Link,AT0 0,urban central solid biomass CHP,86378668.22947
capital,Link,AT0 0,urban central solid biomass CHP CC,241528.05834
capital,Link,AT0 0,urban decentral air heat pump,113343434.39372
capital,Link,AT0 0,urban decentral biomass boiler,312570280.54169
capital,Link,AT0 0,urban decentral gas boiler,213117885.78363
capital,Link,AT0 0,urban decentral resistive heater,3179788.37199
capital,Link,AT0 0,waste CHP,2457.80288
capital,Link,BA0 0,CO2 pipeline,10403.59315
capital,Link,BA0 0,Combined-Cycle Gas,2507.0223
capital,Link,BA0 0,EAF,3118.33865
capital,Link,BA0 0,H2 DRI,1773.45312
capital,Link,BA0 0,H2 Electrolysis,2043.94829
capital,Link,BA0 0,Haber-Bosch,8571.97739
capital,Link,BA0 0,Open-Cycle Gas,1708.34987
capital,Link,BA0 0,SMR,66421.91089
capital,Link,BA0 0,Sabatier,862.78509
capital,Link,BA0 0,battery charger,4122.55078
capital,Link,BA0 0,biogas to gas,297784.70448
capital,Link,BA0 0,biomass to liquid,186766835.4729
capital,Link,BA0 0,biomass-to-methanol,2766.6411
capital,Link,BA0 0,electricity distribution grid,157794867.45528
capital,Link,BA0 0,gas DRI,2934.84883
capital,Link,BA0 0,gas pipeline,3487367.17429
capital,Link,BA0 0,gas pipeline new,7974729.13896
capital,Link,BA0 0,heat100-200 industry electric boiler steam,385.55114
capital,Link,BA0 0,heat100-200 industry gas,285318.33504
capital,Link,BA0 0,heat100-200 industry industrial heat pump high temperature,5561668.32906
capital,Link,BA0 0,heat100-200 industry solid biomass,9541.12197
capital,Link,BA0 0,heat200-500 industry gas,41949.56381
capital,Link,BA0 0,heat200-500 industry hydrogen,202.13863
capital,Link,BA0 0,heat200-500 industry solid biomass,626486.46446
capital,Link,BA0 0,heat<100 industry electric boiler steam,394.28667
capital,Link,BA0 0,heat<100 industry gas,291513.68187
capital,Link,BA0 0,heat<100 industry industrial heat pump medium temperature,4983821.77713
capital,Link,BA0 0,heat<100 industry solid biomass,27243.35436
capital,Link,BA0 0,heat>500 industry gas,155634.70645
capital,Link,BA0 0,heat>500 industry hydrogen,163.99276
capital,Link,BA0 0,home battery charger,12879.07449
capital,Link,BA0 0,methanolisation,50120.38639
capital,Link,BA0 0,rural air heat pump,3351.00542
capital,Link,BA0 0,rural biomass boiler,8779.41076
capital,Link,BA0 0,rural gas boiler,167439536.37692
capital,Link,BA0 0,rural ground heat pump,6466.46444
capital,Link,BA0 0,rural resistive heater,11775078.57628
capital,Link,BA0 0,urban central air heat pump,6502.70897
capital,Link,BA0 0,urban central gas CHP,3264.98401
capital,Link,BA0 0,urban central gas boiler,5282233.25545
capital,Link,BA0 0,urban central resistive heater,221315.26514
capital,Link,BA0 0,urban central solid biomass CHP,4214537.86894
capital,Link,BA0 0,urban central solid biomass CHP CC,211649.45332
capital,Link,BA0 0,urban decentral air heat pump,3358.40605
capital,Link,BA0 0,urban decentral biomass boiler,8781.74533
capital,Link,BA0 0,urban decentral gas boiler,120762255.23871
capital,Link,BA0 0,urban decentral resistive heater,8517817.47505
capital,Link,BA0 0,waste CHP,2217.67699
capital,Link,BE0 0,CO2 pipeline,30228.51699
capital,Link,BE0 0,Combined-Cycle Gas,532145263.96363
capital,Link,BE0 0,DC,23219324.12346
capital,Link,BE0 0,EAF,3980.23862
capital,Link,BE0 0,H2 DRI,1980.58438
capital,Link,BE0 0,H2 Electrolysis,1962.08062
capital,Link,BE0 0,Haber-Bosch,35190.03139
capital,Link,BE0 0,Open-Cycle Gas,2385.93905
capital,Link,BE0 0,SMR,110411.33077
capital,Link,BE0 0,Sabatier,836.22043
capital,Link,BE0 0,battery charger,3988.32388
capital,Link,BE0 0,biogas to gas,42528909.81463
capital,Link,BE0 0,biomass to liquid,2040.2212
capital,Link,BE0 0,biomass-to-methanol,2294.80929
capital,Link,BE0 0,electricity distribution grid,602528482.72262
capital,Link,BE0 0,gas DRI,3732.41181
capital,Link,BE0 0,gas pipeline,18821571.77033
capital,Link,BE0 0,gas pipeline new,4793590.65185
capital,Link,BE0 0,heat100-200 industry electric boiler steam,415.30275
capital,Link,BE0 0,heat100-200 industry gas,9494008.18356
capital,Link,BE0 0,heat100-200 industry industrial heat pump high temperature,185551662.76297
capital,Link,BE0 0,heat100-200 industry solid biomass,487.86648
capital,Link,BE0 0,heat200-500 industry gas,951185.93017
capital,Link,BE0 0,heat200-500 industry hydrogen,131.24642
capital,Link,BE0 0,heat200-500 industry solid biomass,236.00436
capital,Link,BE0 0,heat<100 industry electric boiler steam,412.02135
capital,Link,BE0 0,heat<100 industry gas,8032944.3784
capital,Link,BE0 0,heat<100 industry industrial heat pump medium temperature,50698.00496
capital,Link,BE0 0,heat<100 industry solid biomass,495.40238
capital,Link,BE0 0,heat>500 industry gas,3135474.8514
capital,Link,BE0 0,heat>500 industry hydrogen,151.61078
capital,Link,BE0 0,home battery charger,4164.48489
capital,Link,BE0 0,methanolisation,74708.45197
capital,Link,BE0 0,rural air heat pump,8021.23824
capital,Link,BE0 0,rural biomass boiler,20149409.10996
capital,Link,BE0 0,rural gas boiler,118215354.23709
capital,Link,BE0 0,rural ground heat pump,55175331.37491
capital,Link,BE0 0,rural resistive heater,1378537.3037
capital,Link,BE0 0,urban central air heat pump,14322327.95504
capital,Link,BE0 0,urban central gas CHP,5544.26003
capital,Link,BE0 0,urban central gas boiler,40905516.51542
capital,Link,BE0 0,urban central resistive heater,9031.80297
capital,Link,BE0 0,urban central solid biomass CHP,1989.62072
capital,Link,BE0 0,urban central solid biomass CHP CC,2588.3646
capital,Link,BE0 0,urban decentral air heat pump,41147992.53688
capital,Link,BE0 0,urban decentral biomass boiler,266481315.13342
capital,Link,BE0 0,urban decentral gas boiler,1563429621.88831
capital,Link,BE0 0,urban decentral resistive heater,18312643.67408
capital,Link,BE0 0,waste CHP,2683.3498
capital,Link,BG0 0,CO2 pipeline,14321.19659
capital,Link,BG0 0,Combined-Cycle Gas,9745339.12335
capital,Link,BG0 0,H2 Electrolysis,2094.56949
capital,Link,BG0 0,Haber-Bosch,16368.31948
capital,Link,BG0 0,Open-Cycle Gas,1690.88192
capital,Link,BG0 0,SMR,4183480.72895
capital,Link,BG0 0,Sabatier,871.32209
capital,Link,BG0 0,battery charger,4268.04579
capital,Link,BG0 0,biogas to gas,9357988.43392
capital,Link,BG0 0,biomass to liquid,147954888.31696
capital,Link,BG0 0,biomass-to-methanol,2751.20484
capital,Link,BG0 0,electricity distribution grid,341372219.301
capital,Link,BG0 0,gas pipeline,4651416.62342
capital,Link,BG0 0,gas pipeline new,23768137.30837
capital,Link,BG0 0,heat100-200 industry electric boiler steam,392.45377
capital,Link,BG0 0,heat100-200 industry gas,1804553.94103
capital,Link,BG0 0,heat100-200 industry industrial heat pump high temperature,35260872.88448
capital,Link,BG0 0,heat100-200 industry solid biomass,7145.84413
capital,Link,BG0 0,heat200-500 industry gas,229495.90202
capital,Link,BG0 0,heat200-500 industry hydrogen,165.2422
capital,Link,BG0 0,heat200-500 industry solid biomass,5475.89774
capital,Link,BG0 0,heat<100 industry electric boiler steam,403.17959
capital,Link,BG0 0,heat<100 industry gas,1277448.94335
capital,Link,BG0 0,heat<100 industry industrial heat pump medium temperature,1976372.13011
capital,Link,BG0 0,heat<100 industry solid biomass,14201.98096
capital,Link,BG0 0,heat>500 industry gas,876954.82429
capital,Link,BG0 0,heat>500 industry hydrogen,143.55028
capital,Link,BG0 0,home battery charger,13660.8407
capital,Link,BG0 0,methanolisation,3576992.57066
capital,Link,BG0 0,rural air heat pump,7193.47058
capital,Link,BG0 0,rural biomass boiler,101145902.72138
capital,Link,BG0 0,rural gas boiler,2527510.63897
capital,Link,BG0 0,rural ground heat pump,23267868.65515
capital,Link,BG0 0,rural resistive heater,7364045.92287
capital,Link,BG0 0,urban central air heat pump,4497.73875
capital,Link,BG0 0,urban central gas CHP,4241.01594
capital,Link,BG0 0,urban central gas boiler,11452210.46298
capital,Link,BG0 0,urban central resistive heater,803740.67235
capital,Link,BG0 0,urban central solid biomass CHP,19705.32409
capital,Link,BG0 0,urban central solid biomass CHP CC,43416922.81098
capital,Link,BG0 0,urban decentral air heat pump,171487118.79631
capital,Link,BG0 0,urban decentral biomass boiler,157562315.54839
capital,Link,BG0 0,urban decentral gas boiler,3937286.81176
capital,Link,BG0 0,urban decentral resistive heater,11199594.68591
capital,Link,BG0 0,waste CHP,2325.71629
capital,Link,CH0 0,CO2 pipeline,2969119.64752
capital,Link,CH0 0,Combined-Cycle Gas,5763400.59245
capital,Link,CH0 0,EAF,3083.07067
capital,Link,CH0 0,H2 DRI,1769.25386
capital,Link,CH0 0,H2 Electrolysis,2044.39343
capital,Link,CH0 0,Haber-Bosch,8694.34705
capital,Link,CH0 0,Open-Cycle Gas,1793.45349
capital,Link,CH0 0,SMR,27799.97948
capital,Link,CH0 0,Sabatier,829.92593
capital,Link,CH0 0,battery charger,4070.93763
capital,Link,CH0 0,biogas to gas,5596.41789
capital,Link,CH0 0,biomass to liquid,196914267.94955
capital,Link,CH0 0,biomass-to-methanol,2801.51886
capital,Link,CH0 0,electricity distribution grid,687133304.39049
capital,Link,CH0 0,gas DRI,2897.46736
capital,Link,CH0 0,gas pipeline,6573997.11064
capital,Link,CH0 0,gas pipeline new,21475775.08694
capital,Link,CH0 0,heat100-200 industry electric boiler steam,399.33381
capital,Link,CH0 0,heat100-200 industry gas,2821543.71478
capital,Link,CH0 0,heat100-200 industry industrial heat pump high temperature,55146355.72513
capital,Link,CH0 0,heat100-200 industry solid biomass,6699.9179
capital,Link,CH0 0,heat200-500 industry gas,266338.31449
capital,Link,CH0 0,heat200-500 industry hydrogen,153.88223
capital,Link,CH0 0,heat200-500 industry solid biomass,4006274.05822
capital,Link,CH0 0,heat<100 industry electric boiler steam,403.63137
capital,Link,CH0 0,heat<100 industry gas,2065034.03791
capital,Link,CH0 0,heat<100 industry industrial heat pump medium temperature,35529806.14879
capital,Link,CH0 0,heat<100 industry solid biomass,17334.47026
capital,Link,CH0 0,heat>500 industry gas,663050.02484
capital,Link,CH0 0,heat>500 industry hydrogen,145.47454
capital,Link,CH0 0,home battery charger,9515.80678
capital,Link,CH0 0,methanolisation,18463.98328
capital,Link,CH0 0,rural air heat pump,3546.22514
capital,Link,CH0 0,rural biomass boiler,10523.94461
capital,Link,CH0 0,rural gas boiler,7224589.2471
capital,Link,CH0 0,rural ground heat pump,640595189.13723
capital,Link,CH0 0,rural resistive heater,708061.59134
capital,Link,CH0 0,urban central air heat pump,3858.60293
capital,Link,CH0 0,urban central gas CHP,3118.20586
capital,Link,CH0 0,urban central gas boiler,15867047.1211
capital,Link,CH0 0,urban central resistive heater,223550.35824
capital,Link,CH0 0,urban central solid biomass CHP,46985688.16444
capital,Link,CH0 0,urban central solid biomass CHP CC,66428761.65857
capital,Link,CH0 0,urban decentral air heat pump,1936735822.2654
capital,Link,CH0 0,urban decentral biomass boiler,9202.23733
capital,Link,CH0 0,urban decentral gas boiler,272161453.01131
capital,Link,CH0 0,urban decentral resistive heater,13620169.20106
capital,Link,CH0 0,waste CHP,2454.48927
capital,Link,CZ0 0,CO2 pipeline,12699.72339
capital,Link,CZ0 0,Combined-Cycle Gas,165356231.89197
capital,Link,CZ0 0,EAF,3673.70184
capital,Link,CZ0 0,H2 DRI,1912.1607
capital,Link,CZ0 0,H2 Electrolysis,1957.02025
capital,Link,CZ0 0,Haber-Bosch,8477.64909
capital,Link,CZ0 0,Open-Cycle Gas,2216.92619
capital,Link,CZ0 0,SMR,43712.25488
capital,Link,CZ0 0,Sabatier,841.99864
capital,Link,CZ0 0,battery charger,4007.50325
capital,Link,CZ0 0,biogas to gas,106695929.44587
capital,Link,CZ0 0,biomass to liquid,92768039.61991
capital,Link,CZ0 0,biomass-to-methanol,2779.43981
capital,Link,CZ0 0,electricity distribution grid,530087440.20411
capital,Link,CZ0 0,gas DRI,3443.28849
capital,Link,CZ0 0,gas pipeline,15837300.93355
capital,Link,CZ0 0,gas pipeline new,34295077.92967
capital,Link,CZ0 0,heat100-200 industry electric boiler steam,369.14595
capital,Link,CZ0 0,heat100-200 industry gas,5599653.70454
capital,Link,CZ0 0,heat100-200 industry industrial heat pump high temperature,27060.47175
capital,Link,CZ0 0,heat100-200 industry solid biomass,6397502.25842
capital,Link,CZ0 0,heat200-500 industry gas,658774.62288
capital,Link,CZ0 0,heat200-500 industry hydrogen,134.48255
capital,Link,CZ0 0,heat200-500 industry solid biomass,14725.87687
capital,Link,CZ0 0,heat<100 industry electric boiler steam,365.22989
capital,Link,CZ0 0,heat<100 industry gas,4985740.54952
capital,Link,CZ0 0,heat<100 industry industrial heat pump medium temperature,7077.9898
capital,Link,CZ0 0,heat<100 industry solid biomass,5720443.17709
capital,Link,CZ0 0,heat>500 industry gas,1550107.79336
capital,Link,CZ0 0,heat>500 industry hydrogen,143.77968
capital,Link,CZ0 0,home battery charger,5775.5805
capital,Link,CZ0 0,methanolisation,32204.66327
capital,Link,CZ0 0,rural air heat pump,5825.41618
capital,Link,CZ0 0,rural biomass boiler,335984988.96149
capital,Link,CZ0 0,rural gas boiler,339623930.79443
capital,Link,CZ0 0,rural ground heat pump,240876226.46857
capital,Link,CZ0 0,rural resistive heater,11284046.43354
capital,Link,CZ0 0,urban central air heat pump,2760.28328
capital,Link,CZ0 0,urban central gas CHP,9767.4657
capital,Link,CZ0 0,urban central gas boiler,50368032.95318
capital,Link,CZ0 0,urban central resistive heater,2530.10003
capital,Link,CZ0 0,urban central solid biomass CHP,61439517.96614
capital,Link,CZ0 0,urban central solid biomass CHP CC,135778.29869
capital,Link,CZ0 0,urban decentral air heat pump,153577026.38943
capital,Link,CZ0 0,urban decentral biomass boiler,647169340.18781
capital,Link,CZ0 0,urban decentral gas boiler,654178616.3828
capital,Link,CZ0 0,urban decentral resistive heater,22963117.13367
capital,Link,CZ0 0,waste CHP,2511.57169
capital,Link,DE0 0,CO2 pipeline,38096.10634
capital,Link,DE0 0,Combined-Cycle Gas,309046517.78636
capital,Link,DE0 0,DC,169790742.32792
capital,Link,DE0 0,EAF,4065.75437
capital,Link,DE0 0,H2 DRI,2002.69187
capital,Link,DE0 0,H2 Electrolysis,2026.30776
capital,Link,DE0 0,Haber-Bosch,12771.16727
capital,Link,DE0 0,Open-Cycle Gas,2395.94017
capital,Link,DE0 0,SMR,47293.09839
capital,Link,DE0 0,Sabatier,903.74619
capital,Link,DE0 0,battery charger,4024.39556
capital,Link,DE0 0,biogas to gas,297060760.64588
capital,Link,DE0 0,biomass to liquid,147277739.50247
capital,Link,DE0 0,biomass-to-methanol,2765.58689
capital,Link,DE0 0,electricity distribution grid,589726052.31308
capital,Link,DE0 0,gas DRI,3810.92843
capital,Link,DE0 0,gas pipeline,22398167.55046
capital,Link,DE0 0,heat100-200 industry electric boiler steam,409.33027
capital,Link,DE0 0,heat100-200 industry gas,8960779.60936
capital,Link,DE0 0,heat100-200 industry industrial heat pump high temperature,175141026.08309
capital,Link,DE0 0,heat100-200 industry solid biomass,8110.30604
capital,Link,DE0 0,heat200-500 industry gas,904709.66688
capital,Link,DE0 0,heat200-500 industry hydrogen,131.31086
capital,Link,DE0 0,heat200-500 industry solid biomass,5748.96466
capital,Link,DE0 0,heat<100 industry electric boiler steam,408.28425
capital,Link,DE0 0,heat<100 industry gas,6480214.71525
capital,Link,DE0 0,heat<100 industry industrial heat pump medium temperature,110795.17742
capital,Link,DE0 0,heat<100 industry solid biomass,7206338.3036
capital,Link,DE0 0,heat>500 industry gas,2395226.06526
capital,Link,DE0 0,heat>500 industry hydrogen,147.42413
capital,Link,DE0 0,home battery charger,4172.86139
capital,Link,DE0 0,methanolisation,33371.49296
capital,Link,DE0 0,rural air heat pump,6298.22212
capital,Link,DE0 0,rural biomass boiler,152062929.72848
capital,Link,DE0 0,rural gas boiler,445412931.58674
capital,Link,DE0 0,rural ground heat pump,265205281.41435
capital,Link,DE0 0,rural resistive heater,1147825.49525
capital,Link,DE0 0,urban central air heat pump,4268.62763
capital,Link,DE0 0,urban central gas CHP,5178.99152
capital,Link,DE0 0,urban central gas boiler,51474225.69765
capital,Link,DE0 0,urban central resistive heater,351765.84664
capital,Link,DE0 0,urban central solid biomass CHP,35474.72822
capital,Link,DE0 0,urban central solid biomass CHP CC,142901890.72807
capital,Link,DE0 0,urban decentral air heat pump,107366973.955
capital,Link,DE0 0,urban decentral biomass boiler,379071163.13118
capital,Link,DE0 0,urban decentral gas boiler,1110350815.62437
capital,Link,DE0 0,urban decentral resistive heater,3033379.83807
capital,Link,DE0 0,waste CHP,2551.53386
capital,Link,DE0 1,CO2 pipeline,2525280.46093
capital,Link,DE0 1,Combined-Cycle Gas,213505417.31601
capital,Link,DE0 1,H2 Electrolysis,1971.4711
capital,Link,DE0 1,Haber-Bosch,6240.41318
capital,Link,DE0 1,Open-Cycle Gas,2083.06912
capital,Link,DE0 1,SMR,14354.62628
capital,Link,DE0 1,Sabatier,855.56153
capital,Link,DE0 1,battery charger,3994.50261
capital,Link,DE0 1,biogas to gas,179718850.75157
capital,Link,DE0 1,biomass to liquid,262108.59183
capital,Link,DE0 1,biomass-to-methanol,2804.91347
capital,Link,DE0 1,electricity distribution grid,332996230.84687
capital,Link,DE0 1,gas pipeline,8036863.96094
capital,Link,DE0 1,gas pipeline new,132643.92437
capital,Link,DE0 1,heat100-200 industry electric boiler steam,369.4971
capital,Link,DE0 1,heat100-200 industry gas,3249430.07066
capital,Link,DE0 1,heat100-200 industry industrial heat pump high temperature,7145263.0347
capital,Link,DE0 1,heat100-200 industry solid biomass,46297660.73923
capital,Link,DE0 1,heat200-500 industry gas,297806.73537
capital,Link,DE0 1,heat200-500 industry hydrogen,149.10923
capital,Link,DE0 1,heat200-500 industry solid biomass,4480833.68602
capital,Link,DE0 1,heat<100 industry electric boiler steam,360.9481
capital,Link,DE0 1,heat<100 industry gas,1909973.12593
capital,Link,DE0 1,heat<100 industry industrial heat pump medium temperature,9651.48557
capital,Link,DE0 1,heat<100 industry solid biomass,30652255.69118
capital,Link,DE0 1,heat>500 industry gas,568683.32859
capital,Link,DE0 1,heat>500 industry hydrogen,148.06164
capital,Link,DE0 1,home battery charger,4146.20609
capital,Link,DE0 1,methanolisation,8407.6375
capital,Link,DE0 1,rural air heat pump,4338.8751
capital,Link,DE0 1,rural biomass boiler,163869005.30169
capital,Link,DE0 1,rural gas boiler,479994527.12081
capital,Link,DE0 1,rural ground heat pump,135948584.65307
capital,Link,DE0 1,rural resistive heater,504032.93239
capital,Link,DE0 1,urban central air heat pump,3737.63658
capital,Link,DE0 1,urban central gas CHP,4108.2667
capital,Link,DE0 1,urban central gas boiler,15470338.0485
capital,Link,DE0 1,urban central resistive heater,9836.97848
capital,Link,DE0 1,urban central solid biomass CHP,8411023.4202
capital,Link,DE0 1,urban central solid biomass CHP CC,45500304.24121
capital,Link,DE0 1,urban decentral air heat pump,51230655.59321
capital,Link,DE0 1,urban decentral biomass boiler,113551400.07198
capital,Link,DE0 1,urban decentral gas boiler,332607441.42014
capital,Link,DE0 1,urban decentral resistive heater,1513872.30742
capital,Link,DE0 1,waste CHP,2403.35781
capital,Link,DE0 2,CO2 pipeline,5300960.63157
capital,Link,DE0 2,Combined-Cycle Gas,1035661114.79482
capital,Link,DE0 2,EAF,4839.14858
capital,Link,DE0 2,H2 DRI,2231.80893
capital,Link,DE0 2,H2 Electrolysis,2110.59596
capital,Link,DE0 2,Haber-Bosch,351887713.92439
capital,Link,DE0 2,Open-Cycle Gas,2413.82192
capital,Link,DE0 2,SMR,224786110.30644
capital,Link,DE0 2,Sabatier,852.31037
capital,Link,DE0 2,battery charger,4050.92623
capital,Link,DE0 2,biogas to gas,209335824.42469
capital,Link,DE0 2,biomass to liquid,2079.34679
capital,Link,DE0 2,biomass-to-methanol,2305.50905
capital,Link,DE0 2,electricity distribution grid,882538145.45978
capital,Link,DE0 2,gas DRI,4486.10136
capital,Link,DE0 2,gas pipeline,30205086.21893
capital,Link,DE0 2,heat100-200 industry electric boiler steam,471.68778
capital,Link,DE0 2,heat100-200 industry gas,17369449.96799
capital,Link,DE0 2,heat100-200 industry industrial heat pump high temperature,339537381.91458
capital,Link,DE0 2,heat100-200 industry solid biomass,601.51242
capital,Link,DE0 2,heat200-500 industry gas,1626413.20473
capital,Link,DE0 2,heat200-500 industry hydrogen,145.6007
capital,Link,DE0 2,heat200-500 industry solid biomass,246.17194
capital,Link,DE0 2,heat<100 industry electric boiler steam,442.39539
capital,Link,DE0 2,heat<100 industry gas,11980638.78876
capital,Link,DE0 2,heat<100 industry industrial heat pump medium temperature,18096932.88234
capital,Link,DE0 2,heat<100 industry solid biomass,522.50116
capital,Link,DE0 2,heat>500 industry gas,4783756.69392
capital,Link,DE0 2,heat>500 industry hydrogen,161.24245
capital,Link,DE0 2,home battery charger,4182.21718
capital,Link,DE0 2,methanolisation,181232.91311
capital,Link,DE0 2,rural air heat pump,8250.8676
capital,Link,DE0 2,rural biomass boiler,63086082.1568
capital,Link,DE0 2,rural gas boiler,184787685.24291
capital,Link,DE0 2,rural ground heat pump,330904041.33799
capital,Link,DE0 2,rural resistive heater,1053261.66354
capital,Link,DE0 2,urban central air heat pump,37767.31137
capital,Link,DE0 2,urban central gas CHP,5770.47802
capital,Link,DE0 2,urban central gas boiler,91400171.98859
capital,Link,DE0 2,urban central resistive heater,4844146.76254
capital,Link,DE0 2,urban central solid biomass CHP,2019.90832
capital,Link,DE0 2,urban central solid biomass CHP CC,2594.22693
capital,Link,DE0 2,urban decentral air heat pump,158432690.67832
capital,Link,DE0 2,urban decentral biomass boiler,685742325.15328
capital,Link,DE0 2,urban decentral gas boiler,2008632214.99812
capital,Link,DE0 2,urban decentral resistive heater,4301830.5495
capital,Link,DE0 2,waste CHP,2794.89015
capital,Link,DE0 3,CO2 pipeline,6199.80535
capital,Link,DE0 3,Combined-Cycle Gas,350047002.5296
capital,Link,DE0 3,H2 Electrolysis,1971.90707
capital,Link,DE0 3,Haber-Bosch,5987.20348
capital,Link,DE0 3,Open-Cycle Gas,1112333.92011
capital,Link,DE0 3,SMR,14385.65047
capital,Link,DE0 3,Sabatier,847.24434
capital,Link,DE0 3,battery charger,3980.79685
capital,Link,DE0 3,biogas to gas,225911886.84287
capital,Link,DE0 3,biomass to liquid,280751.80888
capital,Link,DE0 3,biomass-to-methanol,2813.32122
capital,Link,DE0 3,electricity distribution grid,450503985.32449
capital,Link,DE0 3,gas pipeline,3317522.45066
capital,Link,DE0 3,gas pipeline new,20132251.47777
capital,Link,DE0 3,heat100-200 industry electric boiler steam,377.83867
capital,Link,DE0 3,heat100-200 industry gas,5277195.30157
capital,Link,DE0 3,heat100-200 industry industrial heat pump high temperature,84861440.76258
capital,Link,DE0 3,heat100-200 industry solid biomass,15026551.23387
capital,Link,DE0 3,heat200-500 industry gas,503299.54975
capital,Link,DE0 3,heat200-500 industry hydrogen,132.78256
capital,Link,DE0 3,heat200-500 industry solid biomass,7573858.25906
capital,Link,DE0 3,heat<100 industry electric boiler steam,365.7068
capital,Link,DE0 3,heat<100 industry gas,3348652.40407
capital,Link,DE0 3,heat<100 industry industrial heat pump medium temperature,9301.87632
capital,Link,DE0 3,heat<100 industry solid biomass,53750058.59639
capital,Link,DE0 3,heat>500 industry gas,1449446.51556
capital,Link,DE0 3,heat>500 industry hydrogen,143.62274
capital,Link,DE0 3,home battery charger,4128.92616
capital,Link,DE0 3,methanolisation,8542.16249
capital,Link,DE0 3,rural air heat pump,7524.66274
capital,Link,DE0 3,rural biomass boiler,126342373.23973
capital,Link,DE0 3,rural gas boiler,370073935.50035
capital,Link,DE0 3,rural ground heat pump,170082997.45946
capital,Link,DE0 3,rural resistive heater,654805.27283
capital,Link,DE0 3,urban central air heat pump,3506.14532
capital,Link,DE0 3,urban central gas CHP,4070.2722
capital,Link,DE0 3,urban central gas boiler,26856532.77049
capital,Link,DE0 3,urban central resistive heater,940856.41163
capital,Link,DE0 3,urban central solid biomass CHP,62979727.65249
capital,Link,DE0 3,urban central solid biomass CHP CC,85110.38596
capital,Link,DE0 3,urban decentral air heat pump,66612715.82102
capital,Link,DE0 3,urban decentral biomass boiler,211651890.74152
capital,Link,DE0 3,urban decentral gas boiler,619957075.00432
capital,Link,DE0 3,urban decentral resistive heater,1802531.04145
capital,Link,DE0 3,waste CHP,2506.27644
capital,Link,DE0 4,CO2 pipeline,3950.99196
capital,Link,DE0 4,Combined-Cycle Gas,612159105.97964
capital,Link,DE0 4,EAF,3675.54497
capital,Link,DE0 4,H2 DRI,1972.6425
capital,Link,DE0 4,H2 Electrolysis,1963.73173
capital,Link,DE0 4,Haber-Bosch,8449.51555
capital,Link,DE0 4,Open-Cycle Gas,1933.91119
capital,Link,DE0 4,SMR,16884.77656
capital,Link,DE0 4,Sabatier,861.38103
capital,Link,DE0 4,battery charger,3994.00103
capital,Link,DE0 4,biogas to gas,221084152.161
capital,Link,DE0 4,biomass to liquid,4650.73768
capital,Link,DE0 4,biomass-to-methanol,2683.94618
capital,Link,DE0 4,electricity distribution grid,796915574.70294
capital,Link,DE0 4,gas DRI,3385.02092
capital,Link,DE0 4,gas pipeline,13851172.13292
capital,Link,DE0 4,heat100-200 industry electric boiler steam,425.3873
capital,Link,DE0 4,heat100-200 industry gas,13772764.256
capital,Link,DE0 4,heat100-200 industry industrial heat pump high temperature,269228993.58647
capital,Link,DE0 4,heat100-200 industry solid biomass,2069.61118
capital,Link,DE0 4,heat200-500 industry gas,1076955.85599
capital,Link,DE0 4,heat200-500 industry hydrogen,135.487
capital,Link,DE0 4,heat200-500 industry solid biomass,1055.10781
capital,Link,DE0 4,heat<100 industry electric boiler steam,398.2297
capital,Link,DE0 4,heat<100 industry gas,8892480.44803
capital,Link,DE0 4,heat<100 industry industrial heat pump medium temperature,153065142.40191
capital,Link,DE0 4,heat<100 industry solid biomass,2112.91454
capital,Link,DE0 4,heat>500 industry gas,2208573.99769
capital,Link,DE0 4,heat>500 industry hydrogen,148.18432
capital,Link,DE0 4,home battery charger,4134.29882
capital,Link,DE0 4,methanolisation,9158.77455
capital,Link,DE0 4,rural air heat pump,8629.06568
capital,Link,DE0 4,rural biomass boiler,49806808.37473
capital,Link,DE0 4,rural gas boiler,145890892.4797
capital,Link,DE0 4,rural ground heat pump,296877813.42448
capital,Link,DE0 4,rural resistive heater,192130.10865
capital,Link,DE0 4,urban central air heat pump,28499805.53088
capital,Link,DE0 4,urban central gas CHP,4749.26464
capital,Link,DE0 4,urban central gas boiler,82330244.8708
capital,Link,DE0 4,urban central resistive heater,394487.01964
capital,Link,DE0 4,urban central solid biomass CHP,176504.50696
capital,Link,DE0 4,urban central solid biomass CHP CC,91575868.08996
capital,Link,DE0 4,urban decentral air heat pump,136727884.97538
capital,Link,DE0 4,urban decentral biomass boiler,595839847.03718
capital,Link,DE0 4,urban decentral gas boiler,1745295671.33096
capital,Link,DE0 4,urban decentral resistive heater,3627954.56161
capital,Link,DE0 4,waste CHP,2884.58361
capital,Link,DE0 5,CO2 pipeline,10785421.72366
capital,Link,DE0 5,Combined-Cycle Gas,370545979.35341
capital,Link,DE0 5,EAF,3394.23743
capital,Link,DE0 5,H2 DRI,1838.57948
capital,Link,DE0 5,H2 Electrolysis,1982.3695
capital,Link,DE0 5,Haber-Bosch,9270.66629
capital,Link,DE0 5,Open-Cycle Gas,2416.53428
capital,Link,DE0 5,SMR,25110.06766
capital,Link,DE0 5,Sabatier,903.20329
capital,Link,DE0 5,battery charger,4015.6547
capital,Link,DE0 5,biogas to gas,261012293.29077
capital,Link,DE0 5,biomass to liquid,129242182.96807
capital,Link,DE0 5,biomass-to-methanol,2768.57174
capital,Link,DE0 5,electricity distribution grid,520498307.63432
capital,Link,DE0 5,gas DRI,3191.31885
capital,Link,DE0 5,gas pipeline,17413353.45327
capital,Link,DE0 5,heat100-200 industry electric boiler steam,406.54592
capital,Link,DE0 5,heat100-200 industry gas,10579168.81152
capital,Link,DE0 5,heat100-200 industry industrial heat pump high temperature,206695698.91783
capital,Link,DE0 5,heat100-200 industry solid biomass,33270.01901
capital,Link,DE0 5,heat200-500 industry gas,956430.93796
capital,Link,DE0 5,heat200-500 industry hydrogen,131.34624
capital,Link,DE0 5,heat200-500 industry solid biomass,16486.93497
capital,Link,DE0 5,heat<100 industry electric boiler steam,389.45748
capital,Link,DE0 5,heat<100 industry gas,7732842.75831
capital,Link,DE0 5,heat<100 industry industrial heat pump medium temperature,10262.32821
capital,Link,DE0 5,heat<100 industry solid biomass,8818861.94372
capital,Link,DE0 5,heat>500 industry gas,2833492.07665
capital,Link,DE0 5,heat>500 industry hydrogen,152.29736
capital,Link,DE0 5,home battery charger,4150.38094
capital,Link,DE0 5,methanolisation,16060.68961
capital,Link,DE0 5,rural air heat pump,5068.49128
capital,Link,DE0 5,rural biomass boiler,234001503.84743
capital,Link,DE0 5,rural gas boiler,685422121.02907
capital,Link,DE0 5,rural ground heat pump,279745735.6035
capital,Link,DE0 5,rural resistive heater,1281601.42172
capital,Link,DE0 5,urban central air heat pump,3798.33157
capital,Link,DE0 5,urban central gas CHP,6312.09096
capital,Link,DE0 5,urban central gas boiler,45215506.0514
capital,Link,DE0 5,urban central resistive heater,16345.54089
capital,Link,DE0 5,urban central solid biomass CHP,921938.85997
capital,Link,DE0 5,urban central solid biomass CHP CC,115593697.78352
capital,Link,DE0 5,urban decentral air heat pump,109358751.84842
capital,Link,DE0 5,urban decentral biomass boiler,326041587.55027
capital,Link,DE0 5,urban decentral gas boiler,955020001.18809
capital,Link,DE0 5,urban decentral resistive heater,3505911.62051
capital,Link,DE0 5,waste CHP,2552.12578
capital,Link,DK0 0,CO2 pipeline,13452.95975
capital,Link,DK0 0,Combined-Cycle Gas,81231960.28113
capital,Link,DK0 0,DC,180332203.15189
capital,Link,DK0 0,H2 Electrolysis,2344.63007
capital,Link,DK0 0,Haber-Bosch,151881884.04815
capital,Link,DK0 0,Open-Cycle Gas,2171.74676
capital,Link,DK0 0,SMR,141441313.26923
capital,Link,DK0 0,Sabatier,890.49935
capital,Link,DK0 0,battery charger,4148.0715
capital,Link,DK0 0,biogas to gas,52946812.16503
capital,Link,DK0 0,biomass to liquid,5667324.80026
capital,Link,DK0 0,biomass-to-methanol,2756.20031
capital,Link,DK0 0,electricity distribution grid,194424395.70496
capital,Link,DK0 0,gas pipeline,42660271.15443
capital,Link,DK0 0,gas pipeline new,5310755.49111
capital,Link,DK0 0,heat100-200 industry electric boiler steam,451.62145
capital,Link,DK0 0,heat100-200 industry gas,1147219.61834
capital,Link,DK0 0,heat100-200 industry industrial heat pump high temperature,22419950.91219
capital,Link,DK0 0,heat100-200 industry solid biomass,3785.39025
capital,Link,DK0 0,heat200-500 industry gas,105732.56829
capital,Link,DK0 0,heat200-500 industry hydrogen,169.6927
capital,Link,DK0 0,heat200-500 industry solid biomass,6141.59494
capital,Link,DK0 0,heat<100 industry electric boiler steam,454.00639
capital,Link,DK0 0,heat<100 industry gas,979797.61865
capital,Link,DK0 0,heat<100 industry industrial heat pump medium temperature,16861613.86657
capital,Link,DK0 0,heat<100 industry solid biomass,4466.24203
capital,Link,DK0 0,heat>500 industry gas,296092.26049
capital,Link,DK0 0,heat>500 industry hydrogen,157.24977
capital,Link,DK0 0,home battery charger,4490.57228
capital,Link,DK0 0,methanolisation,38157791.19192
capital,Link,DK0 0,rural air heat pump,10030.93523
capital,Link,DK0 0,rural biomass boiler,33101606.15028
capital,Link,DK0 0,rural gas boiler,21672343.61559
capital,Link,DK0 0,rural ground heat pump,146549800.56513
capital,Link,DK0 0,rural resistive heater,1066285.80985
capital,Link,DK0 0,urban central air heat pump,40573338.50356
capital,Link,DK0 0,urban central gas CHP,3412.53718
capital,Link,DK0 0,urban central gas boiler,46351191.04531
capital,Link,DK0 0,urban central resistive heater,1549301.58486
capital,Link,DK0 0,urban central solid biomass CHP,5165.28288
capital,Link,DK0 0,urban central solid biomass CHP CC,90193753.90895
capital,Link,DK0 0,urban decentral air heat pump,211827729.17888
capital,Link,DK0 0,urban decentral biomass boiler,166910189.34718
capital,Link,DK0 0,urban decentral gas boiler,109279741.89688
capital,Link,DK0 0,urban decentral resistive heater,8840451.25768
capital,Link,DK0 0,waste CHP,2098.24447
capital,Link,DK1 0,CO2 pipeline,3939.3576
capital,Link,DK1 0,Combined-Cycle Gas,108770028.13287
capital,Link,DK1 0,DC,20024525.49238
capital,Link,DK1 0,H2 Electrolysis,2456.93894
capital,Link,DK1 0,Haber-Bosch,169762612.87194
capital,Link,DK1 0,Open-Cycle Gas,1842.70737
capital,Link,DK1 0,SMR,165382387.71062
capital,Link,DK1 0,Sabatier,882.38255
capital,Link,DK1 0,battery charger,4172.8031
capital,Link,DK1 0,biogas to gas,19331428.43182
capital,Link,DK1 0,biomass to liquid,2026.04276
capital,Link,DK1 0,biomass-to-methanol,2283.18813
capital,Link,DK1 0,electricity distribution grid,166413488.54751
capital,Link,DK1 0,heat100-200 industry electric boiler steam,475.93892
capital,Link,DK1 0,heat100-200 industry gas,502326.05902
capital,Link,DK1 0,heat100-200 industry industrial heat pump high temperature,9816862.25674
capital,Link,DK1 0,heat100-200 industry solid biomass,610.9399
capital,Link,DK1 0,heat200-500 industry gas,62057.66251
capital,Link,DK1 0,heat200-500 industry hydrogen,194.19851
capital,Link,DK1 0,heat200-500 industry solid biomass,254.95188
capital,Link,DK1 0,heat<100 industry electric boiler steam,483.07282
capital,Link,DK1 0,heat<100 industry gas,458902.57648
capital,Link,DK1 0,heat<100 industry industrial heat pump medium temperature,7898244.72597
capital,Link,DK1 0,heat<100 industry solid biomass,623.48487
capital,Link,DK1 0,heat>500 industry gas,31973.47663
capital,Link,DK1 0,heat>500 industry hydrogen,201.71502
capital,Link,DK1 0,home battery charger,5715.50107
capital,Link,DK1 0,methanolisation,48898712.6056
capital,Link,DK1 0,rural air heat pump,9998.23715
capital,Link,DK1 0,rural biomass boiler,13346304.31157
capital,Link,DK1 0,rural gas boiler,8738116.56526
capital,Link,DK1 0,rural ground heat pump,76632918.02863
capital,Link,DK1 0,rural resistive heater,426966.77884
capital,Link,DK1 0,urban central air heat pump,17714138.09418
capital,Link,DK1 0,urban central gas CHP,2675.20123
capital,Link,DK1 0,urban central gas boiler,24334722.57938
capital,Link,DK1 0,urban central resistive heater,3389087.92964
capital,Link,DK1 0,urban central solid biomass CHP,1800.3819
capital,Link,DK1 0,urban central solid biomass CHP CC,2433.14996
capital,Link,DK1 0,urban decentral air heat pump,144104402.07979
capital,Link,DK1 0,urban decentral biomass boiler,115903953.03065
capital,Link,DK1 0,urban decentral gas boiler,75884846.34495
capital,Link,DK1 0,urban decentral resistive heater,5937098.39274
capital,Link,DK1 0,waste CHP,2015.62815
capital,Link,EE0 0,CO2 pipeline,5421.48134
capital,Link,EE0 0,Combined-Cycle Gas,22634245.74523
capital,Link,EE0 0,DC,45728772.79243
capital,Link,EE0 0,H2 Electrolysis,2027.79932
capital,Link,EE0 0,Haber-Bosch,15167.59951
capital,Link,EE0 0,Open-Cycle Gas,1636.95337
capital,Link,EE0 0,SMR,109461.81338
capital,Link,EE0 0,Sabatier,857.41275
capital,Link,EE0 0,battery charger,4017.38945
capital,Link,EE0 0,biogas to gas,2551040.83038
capital,Link,EE0 0,biomass to liquid,232121123.90418
capital,Link,EE0 0,biomass-to-methanol,2716.35122
capital,Link,EE0 0,electricity distribution grid,81517436.4222
capital,Link,EE0 0,gas pipeline new,33719217.79712
capital,Link,EE0 0,heat100-200 industry electric boiler steam,466.76652
capital,Link,EE0 0,heat100-200 industry gas,390718.28387
capital,Link,EE0 0,heat100-200 industry industrial heat pump high temperature,7626316.93918
capital,Link,EE0 0,heat100-200 industry solid biomass,6646.84131
capital,Link,EE0 0,heat200-500 industry gas,25222.78778
capital,Link,EE0 0,heat200-500 industry hydrogen,223.97204
capital,Link,EE0 0,heat200-500 industry solid biomass,18875.10408
capital,Link,EE0 0,heat<100 industry electric boiler steam,483.11658
capital,Link,EE0 0,heat<100 industry gas,353503.22587
capital,Link,EE0 0,heat<100 industry industrial heat pump medium temperature,6071044.29781
capital,Link,EE0 0,heat<100 industry solid biomass,9519.98128
capital,Link,EE0 0,heat>500 industry gas,36175.0854
capital,Link,EE0 0,heat>500 industry hydrogen,197.82289
capital,Link,EE0 0,home battery charger,6109.98535
capital,Link,EE0 0,methanolisation,84527.24559
capital,Link,EE0 0,rural air heat pump,3684.65829
capital,Link,EE0 0,rural biomass boiler,116113701.34955
capital,Link,EE0 0,rural gas boiler,8170029.12065
capital,Link,EE0 0,rural ground heat pump,81582094.97146
capital,Link,EE0 0,rural resistive heater,1113109.96418
capital,Link,EE0 0,urban central air heat pump,4135.09042
capital,Link,EE0 0,urban central gas CHP,2342.17215
capital,Link,EE0 0,urban central gas boiler,12192286.36025
capital,Link,EE0 0,urban central resistive heater,2011657.27913
capital,Link,EE0 0,urban central solid biomass CHP,10096.44967
capital,Link,EE0 0,urban central solid biomass CHP CC,22096857.65544
capital,Link,EE0 0,urban decentral air heat pump,79927863.16921
capital,Link,EE0 0,urban decentral biomass boiler,120646504.9343
capital,Link,EE0 0,urban decentral gas boiler,8488967.68565
capital,Link,EE0 0,urban decentral resistive heater,3344085.38709
capital,Link,EE0 0,waste CHP,2102.34659
capital,Link,ES0 0,CO2 pipeline,12814.88437
capital,Link,ES0 0,Combined-Cycle Gas,1990312011.27127
capital,Link,ES0 0,DC,22990955.73546
capital,Link,ES0 0,EAF,4111.25088
capital,Link,ES0 0,H2 DRI,2059.6983
capital,Link,ES0 0,H2 Electrolysis,2224.27343
capital,Link,ES0 0,Haber-Bosch,299575881.73439
capital,Link,ES0 0,Open-Cycle Gas,1970.70241
capital,Link,ES0 0,SMR,208017379.05833
capital,Link,ES0 0,Sabatier,933.50913
capital,Link,ES0 0,battery charger,5811.1259
capital,Link,ES0 0,biogas to gas,53015922.68488
capital,Link,ES0 0,biomass to liquid,251777558.58416
capital,Link,ES0 0,biomass-to-methanol,2754.18626
capital,Link,ES0 0,electricity distribution grid,2150675533.42335
capital,Link,ES0 0,gas DRI,3808.47838
capital,Link,ES0 0,gas pipeline,16166939.51152
capital,Link,ES0 0,gas pipeline new,2555.02035
capital,Link,ES0 0,heat100-200 industry electric boiler steam,529.60927
capital,Link,ES0 0,heat100-200 industry gas,20414212.59904
capital,Link,ES0 0,heat100-200 industry industrial heat pump high temperature,399059912.78699
capital,Link,ES0 0,heat100-200 industry solid biomass,3816.50726
capital,Link,ES0 0,heat200-500 industry gas,2177586.16932
capital,Link,ES0 0,heat200-500 industry hydrogen,140.09784
capital,Link,ES0 0,heat200-500 industry solid biomass,5637.28658
capital,Link,ES0 0,heat<100 industry electric boiler steam,463.5063
capital,Link,ES0 0,heat<100 industry gas,6312873.25101
capital,Link,ES0 0,heat<100 industry industrial heat pump medium temperature,108675992.98029
capital,Link,ES0 0,heat<100 industry solid biomass,3883.07029
capital,Link,ES0 0,heat>500 industry gas,6127963.47372
capital,Link,ES0 0,heat>500 industry hydrogen,170.36711
capital,Link,ES0 0,home battery charger,6308.13055
capital,Link,ES0 0,methanolisation,14426081.42879
capital,Link,ES0 0,rural air heat pump,9962.39152
capital,Link,ES0 0,rural biomass boiler,150348546.93644
capital,Link,ES0 0,rural gas boiler,343717956.87443
capital,Link,ES0 0,rural ground heat pump,557144059.87147
capital,Link,ES0 0,rural resistive heater,64678084.24484
capital,Link,ES0 0,urban central air heat pump,13654.58526
capital,Link,ES0 0,urban central gas CHP,2735.99831
capital,Link,ES0 0,urban central gas boiler,29913565.82647
capital,Link,ES0 0,urban central resistive heater,1373932.62895
capital,Link,ES0 0,urban central solid biomass CHP,9243.76012
capital,Link,ES0 0,urban central solid biomass CHP CC,34144735.9121
capital,Link,ES0 0,urban decentral air heat pump,170033140.55838
capital,Link,ES0 0,urban decentral biomass boiler,401748551.47694
capital,Link,ES0 0,urban decentral gas boiler,918453780.26362
capital,Link,ES0 0,urban decentral resistive heater,170540268.16295
capital,Link,ES0 0,waste CHP,2567.71543
capital,Link,ES6 0,Combined-Cycle Gas,972176771.98636
capital,Link,ES6 0,H2 Electrolysis,2200.51239
capital,Link,ES6 0,Haber-Bosch,6777735.00264
capital,Link,ES6 0,Open-Cycle Gas,1389.66131
capital,Link,ES6 0,SMR,4337152.35569
capital,Link,ES6 0,Sabatier,815.17966
capital,Link,ES6 0,battery charger,4208.42534
capital,Link,ES6 0,biogas to gas,419216.88881
capital,Link,ES6 0,biomass to liquid,2313.04524
capital,Link,ES6 0,biomass-to-methanol,2363.01868
capital,Link,ES6 0,electricity distribution grid,87120256.67966
capital,Link,ES6 0,gas pipeline,10706829.76057
capital,Link,ES6 0,gas pipeline new,6210026.64181
capital,Link,ES6 0,heat100-200 industry electric boiler steam,721.33203
capital,Link,ES6 0,heat100-200 industry gas,179852.37769
capital,Link,ES6 0,heat100-200 industry industrial heat pump high temperature,3513309.2046
capital,Link,ES6 0,heat100-200 industry solid biomass,785.69116
capital,Link,ES6 0,heat200-500 industry gas,18012.63103
capital,Link,ES6 0,heat200-500 industry hydrogen,220.68604
capital,Link,ES6 0,heat200-500 industry solid biomass,360.62213
capital,Link,ES6 0,heat<100 industry electric boiler steam,763.45027
capital,Link,ES6 0,heat<100 industry gas,62030.59679
capital,Link,ES6 0,heat<100 industry industrial heat pump medium temperature,1065704.97682
capital,Link,ES6 0,heat<100 industry solid biomass,826.86055
capital,Link,ES6 0,heat>500 industry gas,15188.98419
capital,Link,ES6 0,heat>500 industry hydrogen,213.45145
capital,Link,ES6 0,home battery charger,6432.90246
capital,Link,ES6 0,methanolisation,9001.87609
capital,Link,ES6 0,rural air heat pump,13690.23706
capital,Link,ES6 0,rural biomass boiler,2284593.40544
capital,Link,ES6 0,rural gas boiler,5222902.33998
capital,Link,ES6 0,rural ground heat pump,216893.74485
capital,Link,ES6 0,rural resistive heater,980348.84076
capital,Link,ES6 0,urban central air heat pump,5063.28576
capital,Link,ES6 0,urban central gas CHP,1601.28656
capital,Link,ES6 0,urban central gas boiler,1307754.5404
capital,Link,ES6 0,urban central resistive heater,39596.29292
capital,Link,ES6 0,urban central solid biomass CHP,1786.22125
capital,Link,ES6 0,urban central solid biomass CHP CC,2580.5052
capital,Link,ES6 0,urban decentral air heat pump,6071385.52033
capital,Link,ES6 0,urban decentral biomass boiler,16331849.79431
capital,Link,ES6 0,urban decentral gas boiler,37336909.18644
capital,Link,ES6 0,urban decentral resistive heater,6936758.36679
capital,Link,ES6 0,waste CHP,1800.5201
capital,Link,EU,BOF,15784718158.17774
capital,Link,EU,OCGT methanol,66761.80816
capital,Link,EU,ammonia cracker,76825.22559
capital,Link,EU,coal,20296287316.88538
capital,Link,EU,lignite,17957020137.3064
capital,Link,EU,nuclear,76509097852.66687
capital,Link,EU,oil,66567.03213
capital,Link,EU,rural oil boiler,1283100906.1847
capital,Link,EU,urban decentral oil boiler,2788316961.51102
capital,Link,FI1 0,CO2 pipeline,8163.8119
capital,Link,FI1 0,Combined-Cycle Gas,283933938.05625
capital,Link,FI1 0,DC,39460326.07501
capital,Link,FI1 0,EAF,3499.34377
capital,Link,FI1 0,H2 DRI,1956.88477
capital,Link,FI1 0,H2 Electrolysis,1988.37695
capital,Link,FI1 0,Haber-Bosch,14064.74373
capital,Link,FI1 0,Open-Cycle Gas,1467.24531
capital,Link,FI1 0,SMR,90406363.38885
capital,Link,FI1 0,Sabatier,890.60481
capital,Link,FI1 0,battery charger,4047.56241
capital,Link,FI1 0,biogas to gas,34429820.91531
capital,Link,FI1 0,biomass to liquid,366419173.44767
capital,Link,FI1 0,biomass-to-methanol,2704.23531
capital,Link,FI1 0,electricity distribution grid,678170652.44184
capital,Link,FI1 0,gas DRI,3194.01555
capital,Link,FI1 0,heat100-200 industry electric boiler steam,416.97222
capital,Link,FI1 0,heat100-200 industry gas,1643328.9872
capital,Link,FI1 0,heat100-200 industry industrial heat pump high temperature,32114576.18308
capital,Link,FI1 0,heat100-200 industry solid biomass,6362.47167
capital,Link,FI1 0,heat200-500 industry gas,316665.5716
capital,Link,FI1 0,heat200-500 industry hydrogen,163.69989
capital,Link,FI1 0,heat200-500 industry solid biomass,4759359.89189
capital,Link,FI1 0,heat<100 industry electric boiler steam,438.06592
capital,Link,FI1 0,heat<100 industry gas,8594818.60614
capital,Link,FI1 0,heat<100 industry industrial heat pump medium temperature,147958491.61281
capital,Link,FI1 0,heat<100 industry solid biomass,8424.7214
capital,Link,FI1 0,heat>500 industry gas,302391.76519
capital,Link,FI1 0,heat>500 industry hydrogen,153.23022
capital,Link,FI1 0,home battery charger,6499.69126
capital,Link,FI1 0,methanolisation,77494268.23964
capital,Link,FI1 0,rural air heat pump,3092.88668
capital,Link,FI1 0,rural biomass boiler,177969373.67851
capital,Link,FI1 0,rural gas boiler,39042545.78183
capital,Link,FI1 0,rural ground heat pump,489134264.11327
capital,Link,FI1 0,rural resistive heater,20778270.54174
capital,Link,FI1 0,urban central air heat pump,3276.50222
capital,Link,FI1 0,urban central gas CHP,2056.62038
capital,Link,FI1 0,urban central gas boiler,93569646.75409
capital,Link,FI1 0,urban central resistive heater,1542.71844
capital,Link,FI1 0,urban central solid biomass CHP,17424700.85722
capital,Link,FI1 0,urban central solid biomass CHP CC,183341143.43517
capital,Link,FI1 0,urban decentral air heat pump,728179134.17614
capital,Link,FI1 0,urban decentral biomass boiler,607077252.34148
capital,Link,FI1 0,urban decentral gas boiler,215632175.44822
capital,Link,FI1 0,urban decentral resistive heater,82030075.4367
capital,Link,FI1 0,waste CHP,2345.47244
capital,Link,FR0 0,CO2 pipeline,33868.89335
capital,Link,FR0 0,Combined-Cycle Gas,373569981.74916
capital,Link,FR0 0,EAF,4091.99883
capital,Link,FR0 0,H2 DRI,2006.84016
capital,Link,FR0 0,H2 Electrolysis,2077.77954
capital,Link,FR0 0,Haber-Bosch,16899.60147
capital,Link,FR0 0,Open-Cycle Gas,2521.03803
capital,Link,FR0 0,SMR,73789163.68959
capital,Link,FR0 0,Sabatier,855.97673
capital,Link,FR0 0,battery charger,4117.32379
capital,Link,FR0 0,biogas to gas,60507642.09772
capital,Link,FR0 0,biomass to liquid,35207384.42605
capital,Link,FR0 0,biomass-to-methanol,2753.67525
capital,Link,FR0 0,electricity distribution grid,1808692506.35319
capital,Link,FR0 0,gas DRI,3837.04265
capital,Link,FR0 0,gas pipeline,68453861.2305
capital,Link,FR0 0,heat100-200 industry electric boiler steam,425.7575
capital,Link,FR0 0,heat100-200 industry gas,9593207.51605
capital,Link,FR0 0,heat100-200 industry industrial heat pump high temperature,187520601.74024
capital,Link,FR0 0,heat100-200 industry solid biomass,5120.87794
capital,Link,FR0 0,heat200-500 industry gas,866975.9842
capital,Link,FR0 0,heat200-500 industry hydrogen,129.54402
capital,Link,FR0 0,heat200-500 industry solid biomass,5564.08861
capital,Link,FR0 0,heat<100 industry electric boiler steam,423.84931
capital,Link,FR0 0,heat<100 industry gas,6740671.20196
capital,Link,FR0 0,heat<100 industry industrial heat pump medium temperature,116012447.92332
capital,Link,FR0 0,heat<100 industry solid biomass,8849.62091
capital,Link,FR0 0,heat>500 industry gas,2051304.82762
capital,Link,FR0 0,heat>500 industry hydrogen,145.89544
capital,Link,FR0 0,home battery charger,9044.31131
capital,Link,FR0 0,methanolisation,63247468.4529
capital,Link,FR0 0,rural air heat pump,8068.53161
capital,Link,FR0 0,rural biomass boiler,136134288.19701
capital,Link,FR0 0,rural gas boiler,167895791.40835
capital,Link,FR0 0,rural ground heat pump,600190491.90359
capital,Link,FR0 0,rural resistive heater,25213116.55788
capital,Link,FR0 0,urban central air heat pump,5177.66405
capital,Link,FR0 0,urban central gas CHP,4873.5193
capital,Link,FR0 0,urban central gas boiler,89633631.66185
capital,Link,FR0 0,urban central resistive heater,3965.48989
capital,Link,FR0 0,urban central solid biomass CHP,194851.10999
capital,Link,FR0 0,urban central solid biomass CHP CC,149197785.16777
capital,Link,FR0 0,urban decentral air heat pump,2449002742.20509
capital,Link,FR0 0,urban decentral biomass boiler,980162562.94722
capital,Link,FR0 0,urban decentral gas boiler,1208844380.01913
capital,Link,FR0 0,urban decentral resistive heater,188555682.07842
capital,Link,FR0 0,waste CHP,2636.19956
capital,Link,FR0 1,CO2 pipeline,16832.67734
capital,Link,FR0 1,Combined-Cycle Gas,245413908.24042
capital,Link,FR0 1,EAF,3992.60983
capital,Link,FR0 1,H2 DRI,1978.81623
capital,Link,FR0 1,H2 Electrolysis,2127.08395
capital,Link,FR0 1,Haber-Bosch,82674051.32435
capital,Link,FR0 1,Open-Cycle Gas,2008.58893
capital,Link,FR0 1,SMR,78007697.52323
capital,Link,FR0 1,Sabatier,865.37113
capital,Link,FR0 1,battery charger,4143.53831
capital,Link,FR0 1,biogas to gas,20682834.16305
capital,Link,FR0 1,biomass to liquid,6948.28639
capital,Link,FR0 1,biomass-to-methanol,2692.41955
capital,Link,FR0 1,electricity distribution grid,1081250816.85
capital,Link,FR0 1,gas DRI,3749.32591
capital,Link,FR0 1,gas pipeline,21926857.87791
capital,Link,FR0 1,heat100-200 industry electric boiler steam,430.03629
capital,Link,FR0 1,heat100-200 industry gas,6312905.47076
capital,Link,FR0 1,heat100-200 industry industrial heat pump high temperature,123399483.06829
capital,Link,FR0 1,heat100-200 industry solid biomass,1920.82848
capital,Link,FR0 1,heat200-500 industry gas,640767.62822
capital,Link,FR0 1,heat200-500 industry hydrogen,133.47706
capital,Link,FR0 1,heat200-500 industry solid biomass,1311.52577
capital,Link,FR0 1,heat<100 industry electric boiler steam,435.83328
capital,Link,FR0 1,heat<100 industry gas,4843125.93359
capital,Link,FR0 1,heat<100 industry industrial heat pump medium temperature,83372648.88763
capital,Link,FR0 1,heat<100 industry solid biomass,2123.23793
capital,Link,FR0 1,heat>500 industry gas,1940157.96374
capital,Link,FR0 1,heat>500 industry hydrogen,145.65979
capital,Link,FR0 1,home battery charger,8384.16411
capital,Link,FR0 1,methanolisation,21641650.38284
capital,Link,FR0 1,rural air heat pump,8818.82198
capital,Link,FR0 1,rural biomass boiler,112752538.95144
capital,Link,FR0 1,rural gas boiler,139058844.11102
capital,Link,FR0 1,rural ground heat pump,417292544.77884
capital,Link,FR0 1,rural resistive heater,21567311.96403
capital,Link,FR0 1,urban central air heat pump,55347.71105
capital,Link,FR0 1,urban central gas CHP,3644.35307
capital,Link,FR0 1,urban central gas boiler,40272877.95882
capital,Link,FR0 1,urban central resistive heater,2846259.06934
capital,Link,FR0 1,urban central solid biomass CHP,8808.23409
capital,Link,FR0 1,urban central solid biomass CHP CC,50987449.0098
capital,Link,FR0 1,urban decentral air heat pump,1233200306.20174
capital,Link,FR0 1,urban decentral biomass boiler,470247529.49717
capital,Link,FR0 1,urban decentral gas boiler,579961023.54824
capital,Link,FR0 1,urban decentral resistive heater,90236396.7578
capital,Link,FR0 1,waste CHP,2667.29591
capital,Link,FR0 2,CO2 pipeline,2857.23104
capital,Link,FR0 2,Combined-Cycle Gas,17206207.55337
capital,Link,FR0 2,DC,78516758.93583
capital,Link,FR0 2,H2 Electrolysis,2085.17995
capital,Link,FR0 2,Haber-Bosch,13544.5361
capital,Link,FR0 2,Open-Cycle Gas,3137.76629
capital,Link,FR0 2,SMR,18175812.58772
capital,Link,FR0 2,Sabatier,906.29686
capital,Link,FR0 2,battery charger,4219.68182
capital,Link,FR0 2,biogas to gas,35797376.78104
capital,Link,FR0 2,biomass to liquid,285654645.06463
capital,Link,FR0 2,biomass-to-methanol,2769.96858
capital,Link,FR0 2,electricity distribution grid,851721294.99741
capital,Link,FR0 2,gas pipeline,64004471.04187
capital,Link,FR0 2,heat100-200 industry electric boiler steam,404.7326
capital,Link,FR0 2,heat100-200 industry gas,3534691.07492
capital,Link,FR0 2,heat100-200 industry industrial heat pump high temperature,69085357.82472
capital,Link,FR0 2,heat100-200 industry solid biomass,6100.5965
capital,Link,FR0 2,heat200-500 industry gas,321588.19334
capital,Link,FR0 2,heat200-500 industry hydrogen,155.01134
capital,Link,FR0 2,heat200-500 industry solid biomass,8195.21014
capital,Link,FR0 2,heat<100 industry electric boiler steam,405.64927
capital,Link,FR0 2,heat<100 industry gas,2232448.16681
capital,Link,FR0 2,heat<100 industry industrial heat pump medium temperature,38404292.14012
capital,Link,FR0 2,heat<100 industry solid biomass,13422.12447
capital,Link,FR0 2,heat>500 industry gas,843392.90744
capital,Link,FR0 2,heat>500 industry hydrogen,144.58943
capital,Link,FR0 2,home battery charger,12725.19672
capital,Link,FR0 2,methanolisation,15573607.50773
capital,Link,FR0 2,rural air heat pump,7967.64789
capital,Link,FR0 2,rural biomass boiler,327709430.24644
capital,Link,FR0 2,rural gas boiler,404167347.34442
capital,Link,FR0 2,rural ground heat pump,430170642.82889
capital,Link,FR0 2,rural resistive heater,65959854.22539
capital,Link,FR0 2,urban central air heat pump,6409.30123
capital,Link,FR0 2,urban central gas CHP,5832.82876
capital,Link,FR0 2,urban central gas boiler,23016228.92581
capital,Link,FR0 2,urban central resistive heater,9479.19335
capital,Link,FR0 2,urban central solid biomass CHP,4315466.92716
capital,Link,FR0 2,urban central solid biomass CHP CC,36825648.90993
capital,Link,FR0 2,urban decentral air heat pump,868923885.22263
capital,Link,FR0 2,urban decentral biomass boiler,217137873.43189
capital,Link,FR0 2,urban decentral gas boiler,267798330.51181
capital,Link,FR0 2,urban decentral resistive heater,40479559.69599
capital,Link,FR0 2,waste CHP,2502.81131
capital,Link,FR0 3,CO2 pipeline,6190.68997
capital,Link,FR0 3,Combined-Cycle Gas,169652013.65
capital,Link,FR0 3,DC,49492073.28417
capital,Link,FR0 3,H2 Electrolysis,2071.59297
capital,Link,FR0 3,Haber-Bosch,16629.96654
capital,Link,FR0 3,Open-Cycle Gas,2973.6493
capital,Link,FR0 3,SMR,28895034.21455
capital,Link,FR0 3,Sabatier,850.76767
capital,Link,FR0 3,battery charger,4148.57751
capital,Link,FR0 3,biogas to gas,34260761.95548
capital,Link,FR0 3,biomass to liquid,88956619.00138
capital,Link,FR0 3,biomass-to-methanol,2769.81458
capital,Link,FR0 3,electricity distribution grid,778196531.38971
capital,Link,FR0 3,gas pipeline,21884890.96173
capital,Link,FR0 3,heat100-200 industry electric boiler steam,403.99987
capital,Link,FR0 3,heat100-200 industry gas,3435468.14523
capital,Link,FR0 3,heat100-200 industry industrial heat pump high temperature,67144079.35044
capital,Link,FR0 3,heat100-200 industry solid biomass,6188.74894
capital,Link,FR0 3,heat200-500 industry gas,290304.46216
capital,Link,FR0 3,heat200-500 industry hydrogen,155.32434
capital,Link,FR0 3,heat200-500 industry solid biomass,5552.89002
capital,Link,FR0 3,heat<100 industry electric boiler steam,409.25439
capital,Link,FR0 3,heat<100 industry gas,2536294.40753
capital,Link,FR0 3,heat<100 industry industrial heat pump medium temperature,8664333.63405
capital,Link,FR0 3,heat<100 industry solid biomass,12705.02298
capital,Link,FR0 3,heat>500 industry gas,753227.17452
capital,Link,FR0 3,heat>500 industry hydrogen,145.26256
capital,Link,FR0 3,home battery charger,9807.93062
capital,Link,FR0 3,methanolisation,24761197.66974
capital,Link,FR0 3,rural air heat pump,8839.79372
capital,Link,FR0 3,rural biomass boiler,108854511.3977
capital,Link,FR0 3,rural gas boiler,134251367.39274
capital,Link,FR0 3,rural ground heat pump,361869503.76004
capital,Link,FR0 3,rural resistive heater,20897152.70675
capital,Link,FR0 3,urban central air heat pump,6262.29085
capital,Link,FR0 3,urban central gas CHP,5933.81405
capital,Link,FR0 3,urban central gas boiler,38510299.56656
capital,Link,FR0 3,urban central resistive heater,7308.51391
capital,Link,FR0 3,urban central solid biomass CHP,1310800.42072
capital,Link,FR0 3,urban central solid biomass CHP CC,58545546.18249
capital,Link,FR0 3,urban decentral air heat pump,1099350083.25387
capital,Link,FR0 3,urban decentral biomass boiler,415638409.3504
capital,Link,FR0 3,urban decentral gas boiler,512611044.59299
capital,Link,FR0 3,urban decentral resistive heater,79156956.57803
capital,Link,FR0 3,waste CHP,2475.0072
capital,Link,FR0 4,CO2 pipeline,3795.32789
capital,Link,FR0 4,Combined-Cycle Gas,128155788.85249
capital,Link,FR0 4,H2 Electrolysis,2115.45845
capital,Link,FR0 4,Haber-Bosch,8954.97117
capital,Link,FR0 4,Open-Cycle Gas,2023.32012
capital,Link,FR0 4,SMR,31385.00643
capital,Link,FR0 4,Sabatier,842.42925
capital,Link,FR0 4,battery charger,4099.62812
capital,Link,FR0 4,biogas to gas,26893877.58277
capital,Link,FR0 4,biomass to liquid,117157037.44663
capital,Link,FR0 4,biomass-to-methanol,2784.72864
capital,Link,FR0 4,electricity distribution grid,648004467.28195
capital,Link,FR0 4,gas pipeline,93289786.40961
capital,Link,FR0 4,heat100-200 industry electric boiler steam,408.10941
capital,Link,FR0 4,heat100-200 industry gas,4979541.13673
capital,Link,FR0 4,heat100-200 industry industrial heat pump high temperature,97334457.21447
capital,Link,FR0 4,heat100-200 industry solid biomass,5040.73949
capital,Link,FR0 4,heat200-500 industry gas,390065.44702
capital,Link,FR0 4,heat200-500 industry hydrogen,136.60085
capital,Link,FR0 4,heat200-500 industry solid biomass,5869040.25042
capital,Link,FR0 4,heat<100 industry electric boiler steam,404.93028
capital,Link,FR0 4,heat<100 industry gas,3348639.14725
capital,Link,FR0 4,heat<100 industry industrial heat pump medium temperature,57639464.08135
capital,Link,FR0 4,heat<100 industry solid biomass,8955.80027
capital,Link,FR0 4,heat>500 industry gas,1407508.04828
capital,Link,FR0 4,heat>500 industry hydrogen,141.83891
capital,Link,FR0 4,home battery charger,8942.04448
capital,Link,FR0 4,methanolisation,21808.48441
capital,Link,FR0 4,rural air heat pump,7494.84773
capital,Link,FR0 4,rural biomass boiler,171871655.89474
capital,Link,FR0 4,rural gas boiler,211971047.62725
capital,Link,FR0 4,rural ground heat pump,130128078.59072
capital,Link,FR0 4,rural resistive heater,34403764.00686
capital,Link,FR0 4,urban central air heat pump,6530.71409
capital,Link,FR0 4,urban central gas CHP,3266.55633
capital,Link,FR0 4,urban central gas boiler,17506903.15425
capital,Link,FR0 4,urban central resistive heater,718349.53033
capital,Link,FR0 4,urban central solid biomass CHP,17777194.11121
capital,Link,FR0 4,urban central solid biomass CHP CC,550414.3305
capital,Link,FR0 4,urban decentral air heat pump,619542663.66544
capital,Link,FR0 4,urban decentral biomass boiler,177380645.52345
capital,Link,FR0 4,urban decentral gas boiler,218765340.12934
capital,Link,FR0 4,urban decentral resistive heater,33657875.95316
capital,Link,FR0 4,waste CHP,2420.57979
capital,Link,FR5 0,CO2 pipeline,7148.47118
capital,Link,FR5 0,Combined-Cycle Gas,24206060.33578
capital,Link,FR5 0,DC,11220855.84172
capital,Link,FR5 0,H2 Electrolysis,2008.90922
capital,Link,FR5 0,Haber-Bosch,4316.96436
capital,Link,FR5 0,Open-Cycle Gas,1865.48805
capital,Link,FR5 0,SMR,11419.15785
capital,Link,FR5 0,Sabatier,815.42277
capital,Link,FR5 0,battery charger,5329.66953
capital,Link,FR5 0,biogas to gas,423016.57263
capital,Link,FR5 0,biomass to liquid,22617.95267
capital,Link,FR5 0,biomass-to-methanol,2728.79882
capital,Link,FR5 0,electricity distribution grid,48796484.89908
capital,Link,FR5 0,gas pipeline new,5683172.57981
capital,Link,FR5 0,heat100-200 industry electric boiler steam,534.31943
capital,Link,FR5 0,heat100-200 industry gas,55823.56483
capital,Link,FR5 0,heat100-200 industry industrial heat pump high temperature,1080732.83528
capital,Link,FR5 0,heat100-200 industry solid biomass,6900.3658
capital,Link,FR5 0,heat200-500 industry gas,6330.16237
capital,Link,FR5 0,heat200-500 industry hydrogen,217.34029
capital,Link,FR5 0,heat200-500 industry solid biomass,66266.10063
capital,Link,FR5 0,heat<100 industry electric boiler steam,556.93018
capital,Link,FR5 0,heat<100 industry gas,43421.90983
capital,Link,FR5 0,heat<100 industry industrial heat pump medium temperature,735252.05234
capital,Link,FR5 0,heat<100 industry solid biomass,9086.59462
capital,Link,FR5 0,heat>500 industry gas,2292.04649
capital,Link,FR5 0,heat>500 industry hydrogen,252.02768
capital,Link,FR5 0,home battery charger,89503.61525
capital,Link,FR5 0,methanolisation,6191.02616
capital,Link,FR5 0,rural air heat pump,11186.29297
capital,Link,FR5 0,rural biomass boiler,19552049.29846
capital,Link,FR5 0,rural gas boiler,24113739.70582
capital,Link,FR5 0,rural ground heat pump,5370300.96386
capital,Link,FR5 0,rural resistive heater,3995287.89647
capital,Link,FR5 0,urban decentral air heat pump,1894.97643
capital,Link,FR5 0,urban decentral biomass boiler,1640.62067
capital,Link,FR5 0,urban decentral gas boiler,1616.1457
capital,Link,FR5 0,urban decentral resistive heater,1368.25953
capital,Link,FR5 0,waste CHP,1701.09077
capital,Link,GB2 0,CO2 pipeline,10465.18209
capital,Link,GB2 0,Combined-Cycle Gas,521404569.74696
capital,Link,GB2 0,DC,21181658.5042
capital,Link,GB2 0,H2 Electrolysis,2189.01857
capital,Link,GB2 0,Haber-Bosch,50175822.31035
capital,Link,GB2 0,Open-Cycle Gas,1597.77498
capital,Link,GB2 0,SMR,160506552.2244
capital,Link,GB2 0,Sabatier,884.74436
capital,Link,GB2 0,battery charger,4147.10712
capital,Link,GB2 0,biogas to gas,183758445.81225
capital,Link,GB2 0,biomass to liquid,64922915.69785
capital,Link,GB2 0,biomass-to-methanol,2918.26277
capital,Link,GB2 0,electricity distribution grid,813959855.82863
capital,Link,GB2 0,gas pipeline,71839559.09284
capital,Link,GB2 0,gas pipeline new,5958167.63738
capital,Link,GB2 0,heat100-200 industry electric boiler steam,477.3509
capital,Link,GB2 0,heat100-200 industry gas,9196321.22858
capital,Link,GB2 0,heat100-200 industry industrial heat pump high temperature,179768395.3696
capital,Link,GB2 0,heat100-200 industry solid biomass,3071.80777
capital,Link,GB2 0,heat200-500 industry gas,902654.49752
capital,Link,GB2 0,heat200-500 industry hydrogen,149.79303
capital,Link,GB2 0,heat200-500 industry solid biomass,5027.85171
capital,Link,GB2 0,heat<100 industry electric boiler steam,474.24729
capital,Link,GB2 0,heat<100 industry gas,6560854.70789
capital,Link,GB2 0,heat<100 industry industrial heat pump medium temperature,112946921.83983
capital,Link,GB2 0,heat<100 industry solid biomass,3567.70498
capital,Link,GB2 0,heat>500 industry gas,1566872.21946
capital,Link,GB2 0,heat>500 industry hydrogen,143.91372
capital,Link,GB2 0,home battery charger,5132.76231
capital,Link,GB2 0,methanolisation,110145770.82467
capital,Link,GB2 0,rural air heat pump,8541.36495
capital,Link,GB2 0,rural biomass boiler,14835335.98386
capital,Link,GB2 0,rural gas boiler,647217887.81018
capital,Link,GB2 0,rural ground heat pump,24488849.31193
capital,Link,GB2 0,rural resistive heater,5987334.0759
capital,Link,GB2 0,urban central air heat pump,7758.26711
capital,Link,GB2 0,urban central gas CHP,2260.80605
capital,Link,GB2 0,urban central gas boiler,22453772.78552
capital,Link,GB2 0,urban central resistive heater,5565207.10419
capital,Link,GB2 0,urban central solid biomass CHP,6563.29483
capital,Link,GB2 0,urban central solid biomass CHP CC,260557159.65791
capital,Link,GB2 0,urban decentral air heat pump,52148413.00601
capital,Link,GB2 0,urban decentral biomass boiler,43286723.60598
capital,Link,GB2 0,urban decentral gas boiler,1888460217.75071
capital,Link,GB2 0,urban decentral resistive heater,17482087.06723
capital,Link,GB2 0,waste CHP,2512.3481
capital,Link,GB2 1,CO2 pipeline,2751.3408
capital,Link,GB2 1,Combined-Cycle Gas,2700242892.63302
capital,Link,GB2 1,DC,336043079.24158
capital,Link,GB2 1,EAF,3954.42322
capital,Link,GB2 1,H2 DRI,1960.10658
capital,Link,GB2 1,H2 Electrolysis,2188.01833
capital,Link,GB2 1,Haber-Bosch,260025.10651
capital,Link,GB2 1,Open-Cycle Gas,1608.85373
capital,Link,GB2 1,SMR,191154891.54006
capital,Link,GB2 1,Sabatier,939.35306
capital,Link,GB2 1,battery charger,4128.97422
capital,Link,GB2 1,biogas to gas,298096317.123
capital,Link,GB2 1,biomass to liquid,12472979.86473
capital,Link,GB2 1,biomass-to-methanol,2935.71627
capital,Link,GB2 1,electricity distribution grid,1491634962.22036
capital,Link,GB2 1,gas DRI,3724.75763
capital,Link,GB2 1,gas pipeline,83822228.1183
capital,Link,GB2 1,heat100-200 industry electric boiler steam,482.93702
capital,Link,GB2 1,heat100-200 industry gas,10709387.96668
capital,Link,GB2 1,heat100-200 industry industrial heat pump high temperature,209346725.5334
capital,Link,GB2 1,heat100-200 industry solid biomass,3090.09413
capital,Link,GB2 1,heat200-500 industry gas,1202542.02337
capital,Link,GB2 1,heat200-500 industry hydrogen,148.56117
capital,Link,GB2 1,heat200-500 industry solid biomass,4754.28039
capital,Link,GB2 1,heat<100 industry electric boiler steam,472.96847
capital,Link,GB2 1,heat<100 industry gas,7794870.78277
capital,Link,GB2 1,heat<100 industry industrial heat pump medium temperature,134192175.10537
capital,Link,GB2 1,heat<100 industry solid biomass,3610.02971
capital,Link,GB2 1,heat>500 industry gas,740633.99181
capital,Link,GB2 1,heat>500 industry hydrogen,146.23261
capital,Link,GB2 1,home battery charger,4950.95398
capital,Link,GB2 1,methanolisation,163728955.91423
capital,Link,GB2 1,rural air heat pump,6144.59015
capital,Link,GB2 1,rural biomass boiler,15075217.47212
capital,Link,GB2 1,rural gas boiler,657683143.89383
capital,Link,GB2 1,rural ground heat pump,57039065.93222
capital,Link,GB2 1,rural resistive heater,6076653.9677
capital,Link,GB2 1,urban central air heat pump,9813.31299
capital,Link,GB2 1,urban central gas CHP,2316.25014
capital,Link,GB2 1,urban central gas boiler,70960415.04536
capital,Link,GB2 1,urban central resistive heater,14427391.54789
capital,Link,GB2 1,urban central solid biomass CHP,7019.47461
capital,Link,GB2 1,urban central solid biomass CHP CC,387299871.61893
capital,Link,GB2 1,urban decentral air heat pump,124219687.05774
capital,Link,GB2 1,urban decentral biomass boiler,119606481.90485
capital,Link,GB2 1,urban decentral gas boiler,5218045258.36705
capital,Link,GB2 1,urban decentral resistive heater,48319853.48546
capital,Link,GB2 1,waste CHP,2540.93744
capital,Link,GB3 0,CO2 pipeline,3228.33094
capital,Link,GB3 0,Combined-Cycle Gas,366811866.59903
capital,Link,GB3 0,DC,16041627.32214
capital,Link,GB3 0,H2 Electrolysis,2209.27919
capital,Link,GB3 0,Haber-Bosch,63611.12565
capital,Link,GB3 0,Open-Cycle Gas,1470.2766
capital,Link,GB3 0,SMR,4649130.1748
capital,Link,GB3 0,Sabatier,894.31802
capital,Link,GB3 0,battery charger,4062.68665
capital,Link,GB3 0,biogas to gas,22113952.80379
capital,Link,GB3 0,biomass to liquid,20823469.75943
capital,Link,GB3 0,biomass-to-methanol,2737.16316
capital,Link,GB3 0,electricity distribution grid,86365202.72159
capital,Link,GB3 0,gas pipeline,6485038.20645
capital,Link,GB3 0,gas pipeline new,2808093.47709
capital,Link,GB3 0,heat100-200 industry electric boiler steam,434.6549
capital,Link,GB3 0,heat100-200 industry gas,471301.60367
capital,Link,GB3 0,heat100-200 industry industrial heat pump high temperature,9206144.5362
capital,Link,GB3 0,heat100-200 industry solid biomass,4331.25106
capital,Link,GB3 0,heat200-500 industry gas,54912.25075
capital,Link,GB3 0,heat200-500 industry hydrogen,224.03304
capital,Link,GB3 0,heat200-500 industry solid biomass,13568.8447
capital,Link,GB3 0,heat<100 industry electric boiler steam,458.8559
capital,Link,GB3 0,heat<100 industry gas,353502.13693
capital,Link,GB3 0,heat<100 industry industrial heat pump medium temperature,6078122.88318
capital,Link,GB3 0,heat<100 industry solid biomass,5011.61709
capital,Link,GB3 0,heat>500 industry gas,52925.16456
capital,Link,GB3 0,heat>500 industry hydrogen,189.51419
capital,Link,GB3 0,home battery charger,4963.03716
capital,Link,GB3 0,methanolisation,3949996.95529
capital,Link,GB3 0,rural air heat pump,8126.69359
capital,Link,GB3 0,rural biomass boiler,3526067.39012
capital,Link,GB3 0,rural gas boiler,153830954.08085
capital,Link,GB3 0,rural ground heat pump,2020667.1677
capital,Link,GB3 0,rural resistive heater,2795877.84309
capital,Link,GB3 0,urban central air heat pump,8393.62167
capital,Link,GB3 0,urban central gas CHP,2095.72172
capital,Link,GB3 0,urban central gas boiler,869669.72259
capital,Link,GB3 0,urban central resistive heater,224592.11503
capital,Link,GB3 0,urban central solid biomass CHP,6597.03691
capital,Link,GB3 0,urban central solid biomass CHP CC,9314041.27217
capital,Link,GB3 0,urban decentral air heat pump,4196331.31095
capital,Link,GB3 0,urban decentral biomass boiler,1620567.17355
capital,Link,GB3 0,urban decentral gas boiler,70700121.94257
capital,Link,GB3 0,urban decentral resistive heater,1278799.66814
capital,Link,GB3 0,waste CHP,1998.66409
capital,Link,GR0 0,CO2 pipeline,82778.52961
capital,Link,GR0 0,Combined-Cycle Gas,812213554.42948
capital,Link,GR0 0,H2 Electrolysis,2208.52282
capital,Link,GR0 0,Haber-Bosch,92858080.62784
capital,Link,GR0 0,Open-Cycle Gas,1542.11238
capital,Link,GR0 0,SMR,59882618.1887
capital,Link,GR0 0,Sabatier,898.34651
capital,Link,GR0 0,battery charger,4316.53736
capital,Link,GR0 0,biogas to gas,22949450.6557
capital,Link,GR0 0,biomass to liquid,2270.53311
capital,Link,GR0 0,biomass-to-methanol,2336.08331
capital,Link,GR0 0,electricity distribution grid,424675353.07734
capital,Link,GR0 0,gas pipeline new,17948.5016
capital,Link,GR0 0,heat100-200 industry electric boiler steam,490.27733
capital,Link,GR0 0,heat100-200 industry gas,1296044.7526
capital,Link,GR0 0,heat100-200 industry industrial heat pump high temperature,25332350.96417
capital,Link,GR0 0,heat100-200 industry solid biomass,730.1322
capital,Link,GR0 0,heat200-500 industry gas,127062.45968
capital,Link,GR0 0,heat200-500 industry hydrogen,185.88568
capital,Link,GR0 0,heat200-500 industry solid biomass,298.74629
capital,Link,GR0 0,heat<100 industry electric boiler steam,549.7214
capital,Link,GR0 0,heat<100 industry gas,626340.98283
capital,Link,GR0 0,heat<100 industry industrial heat pump medium temperature,10779458.1707
capital,Link,GR0 0,heat<100 industry solid biomass,791.46348
capital,Link,GR0 0,heat>500 industry gas,753226.20869
capital,Link,GR0 0,heat>500 industry hydrogen,143.07432
capital,Link,GR0 0,home battery charger,6205.70135
capital,Link,GR0 0,methanolisation,531659.96111
capital,Link,GR0 0,rural air heat pump,7135.58636
capital,Link,GR0 0,rural biomass boiler,110693083.23505
capital,Link,GR0 0,rural gas boiler,24154654.19048
capital,Link,GR0 0,rural ground heat pump,14493.6068
capital,Link,GR0 0,rural resistive heater,7936070.62371
capital,Link,GR0 0,urban central air heat pump,6490.02627
capital,Link,GR0 0,urban central gas CHP,2307.24845
capital,Link,GR0 0,urban central gas boiler,14904707.9531
capital,Link,GR0 0,urban central resistive heater,967462.35535
capital,Link,GR0 0,urban central solid biomass CHP,1957.14384
capital,Link,GR0 0,urban central solid biomass CHP CC,2759.95602
capital,Link,GR0 0,urban decentral air heat pump,4120.97941
capital,Link,GR0 0,urban decentral biomass boiler,366606159.38552
capital,Link,GR0 0,urban decentral gas boiler,79998178.2534
capital,Link,GR0 0,urban decentral resistive heater,26283521.96552
capital,Link,GR0 0,waste CHP,2381.54855
capital,Link,HR0 0,CO2 pipeline,8630.29989
capital,Link,HR0 0,Combined-Cycle Gas,81294639.03027
capital,Link,HR0 0,H2 Electrolysis,2038.17143
capital,Link,HR0 0,Haber-Bosch,8430.52226
capital,Link,HR0 0,Open-Cycle Gas,1747.86098
capital,Link,HR0 0,SMR,76613.84316
capital,Link,HR0 0,Sabatier,828.61483
capital,Link,HR0 0,battery charger,4127.04465
capital,Link,HR0 0,biogas to gas,15096095.68503
capital,Link,HR0 0,biomass to liquid,149187298.88388
capital,Link,HR0 0,biomass-to-methanol,2775.00251
capital,Link,HR0 0,electricity distribution grid,128976683.60858
capital,Link,HR0 0,gas pipeline,3320220.82253
capital,Link,HR0 0,gas pipeline new,4025.86945
capital,Link,HR0 0,heat100-200 industry electric boiler steam,372.81233
capital,Link,HR0 0,heat100-200 industry gas,837163.16962
capital,Link,HR0 0,heat100-200 industry industrial heat pump high temperature,16349331.44538
capital,Link,HR0 0,heat100-200 industry solid biomass,10404.30033
capital,Link,HR0 0,heat200-500 industry gas,71626.78966
capital,Link,HR0 0,heat200-500 industry hydrogen,184.63913
capital,Link,HR0 0,heat200-500 industry solid biomass,1067831.11636
capital,Link,HR0 0,heat<100 industry electric boiler steam,385.70899
capital,Link,HR0 0,heat<100 industry gas,911580.44666
capital,Link,HR0 0,heat<100 industry industrial heat pump medium temperature,15602317.22202
capital,Link,HR0 0,heat<100 industry solid biomass,79003.5756
capital,Link,HR0 0,heat>500 industry gas,222714.05234
capital,Link,HR0 0,heat>500 industry hydrogen,159.21074
capital,Link,HR0 0,home battery charger,4173.8621
capital,Link,HR0 0,methanolisation,60389.72354
capital,Link,HR0 0,rural air heat pump,5784.04067
capital,Link,HR0 0,rural biomass boiler,104363212.03885
capital,Link,HR0 0,rural gas boiler,195679247.3154
capital,Link,HR0 0,rural ground heat pump,14521.1888
capital,Link,HR0 0,rural resistive heater,3920664.76993
capital,Link,HR0 0,urban central air heat pump,5809.5565
capital,Link,HR0 0,urban central gas CHP,3471.10262
capital,Link,HR0 0,urban central gas boiler,8033582.22225
capital,Link,HR0 0,urban central resistive heater,315160.37231
capital,Link,HR0 0,urban central solid biomass CHP,5950427.665
capital,Link,HR0 0,urban central solid biomass CHP CC,201112.21816
capital,Link,HR0 0,urban decentral air heat pump,4399.44173
capital,Link,HR0 0,urban decentral biomass boiler,106759292.28643
capital,Link,HR0 0,urban decentral gas boiler,200171857.0214
capital,Link,HR0 0,urban decentral resistive heater,4010674.9013
capital,Link,HR0 0,waste CHP,2263.30786
capital,Link,HU0 0,CO2 pipeline,11391.97528
capital,Link,HU0 0,Combined-Cycle Gas,217613379.98617
capital,Link,HU0 0,EAF,3359.02285
capital,Link,HU0 0,H2 DRI,1860.11655
capital,Link,HU0 0,H2 Electrolysis,2021.9372
capital,Link,HU0 0,Haber-Bosch,12378.13238
capital,Link,HU0 0,Open-Cycle Gas,1928.18126
capital,Link,HU0 0,SMR,26915416.28195
capital,Link,HU0 0,Sabatier,880.5322
capital,Link,HU0 0,battery charger,4122.73704
capital,Link,HU0 0,biogas to gas,16602196.60147
capital,Link,HU0 0,biomass to liquid,136107674.89121
capital,Link,HU0 0,biomass-to-methanol,2751.97759
capital,Link,HU0 0,electricity distribution grid,283671895.38853
capital,Link,HU0 0,gas DRI,3128.90853
capital,Link,HU0 0,gas pipeline,6009224.82986
capital,Link,HU0 0,gas pipeline new,2561.38521
capital,Link,HU0 0,heat100-200 industry electric boiler steam,390.12467
capital,Link,HU0 0,heat100-200 industry gas,5053974.20857
capital,Link,HU0 0,heat100-200 industry industrial heat pump high temperature,98746010.74859
capital,Link,HU0 0,heat100-200 industry solid biomass,9954.16715
capital,Link,HU0 0,heat200-500 industry gas,464358.66219
capital,Link,HU0 0,heat200-500 industry hydrogen,159.04157
capital,Link,HU0 0,heat200-500 industry solid biomass,5471.45725
capital,Link,HU0 0,heat<100 industry electric boiler steam,390.90885
capital,Link,HU0 0,heat<100 industry gas,3528457.66422
capital,Link,HU0 0,heat<100 industry industrial heat pump medium temperature,28204.2548
capital,Link,HU0 0,heat<100 industry solid biomass,3963178.89538
capital,Link,HU0 0,heat>500 industry gas,1386544.22757
capital,Link,HU0 0,heat>500 industry hydrogen,142.54313
capital,Link,HU0 0,home battery charger,4135.96743
capital,Link,HU0 0,methanolisation,23066476.03355
capital,Link,HU0 0,rural air heat pump,4565.80994
capital,Link,HU0 0,rural biomass boiler,159349444.26831
capital,Link,HU0 0,rural gas boiler,553108224.86125
capital,Link,HU0 0,rural ground heat pump,18623397.33188
capital,Link,HU0 0,rural resistive heater,214576.96606
capital,Link,HU0 0,urban central air heat pump,3423.62388
capital,Link,HU0 0,urban central gas CHP,5082.9537
capital,Link,HU0 0,urban central gas boiler,27344707.91842
capital,Link,HU0 0,urban central resistive heater,19583.57479
capital,Link,HU0 0,urban central solid biomass CHP,14391.96195
capital,Link,HU0 0,urban central solid biomass CHP CC,54470158.94442
capital,Link,HU0 0,urban decentral air heat pump,7611196.20996
capital,Link,HU0 0,urban decentral biomass boiler,275423890.40437
capital,Link,HU0 0,urban decentral gas boiler,956007219.26227
capital,Link,HU0 0,urban decentral resistive heater,415788.4746
capital,Link,HU0 0,waste CHP,2443.79802
capital,Link,IE3 0,Combined-Cycle Gas,459914677.86065
capital,Link,IE3 0,H2 Electrolysis,2270.10691
capital,Link,IE3 0,Haber-Bosch,53282.01015
capital,Link,IE3 0,Open-Cycle Gas,1493.31515
capital,Link,IE3 0,SMR,21682917.60679
capital,Link,IE3 0,Sabatier,829.3171
capital,Link,IE3 0,battery charger,4147.02553
capital,Link,IE3 0,biogas to gas,9300637.39132
capital,Link,IE3 0,biomass to liquid,39708.75937
capital,Link,IE3 0,biomass-to-methanol,2852.80711
capital,Link,IE3 0,electricity distribution grid,169953579.02042
capital,Link,IE3 0,heat100-200 industry electric boiler steam,455.34241
capital,Link,IE3 0,heat100-200 industry gas,1643329.30164
capital,Link,IE3 0,heat100-200 industry industrial heat pump high temperature,32118352.90317
capital,Link,IE3 0,heat100-200 industry solid biomass,3567.65398
capital,Link,IE3 0,heat200-500 industry gas,150989.25161
capital,Link,IE3 0,heat200-500 industry hydrogen,162.15423
capital,Link,IE3 0,heat200-500 industry solid biomass,22086.25354
capital,Link,IE3 0,heat<100 industry electric boiler steam,465.74721
capital,Link,IE3 0,heat<100 industry gas,1252641.50788
capital,Link,IE3 0,heat<100 industry industrial heat pump medium temperature,21559767.25646
capital,Link,IE3 0,heat<100 industry solid biomass,4130.88394
capital,Link,IE3 0,heat>500 industry gas,1076179.33224
capital,Link,IE3 0,heat>500 industry hydrogen,139.36881
capital,Link,IE3 0,home battery charger,4274.67095
capital,Link,IE3 0,methanolisation,18558522.89539
capital,Link,IE3 0,rural air heat pump,6976.01346
capital,Link,IE3 0,rural biomass boiler,8222437.621
capital,Link,IE3 0,rural gas boiler,149027671.76373
capital,Link,IE3 0,rural ground heat pump,19742515.74004
capital,Link,IE3 0,rural resistive heater,3898360.53561
capital,Link,IE3 0,urban central air heat pump,24555.28864
capital,Link,IE3 0,urban central gas CHP,2199.6697
capital,Link,IE3 0,urban central gas boiler,6349523.12919
capital,Link,IE3 0,urban central resistive heater,622615.13364
capital,Link,IE3 0,urban central solid biomass CHP,8403.97034
capital,Link,IE3 0,urban central solid biomass CHP CC,43992844.33152
capital,Link,IE3 0,urban decentral air heat pump,10841057.478
capital,Link,IE3 0,urban decentral biomass boiler,13012809.96487
capital,Link,IE3 0,urban decentral gas boiler,235850834.212
capital,Link,IE3 0,urban decentral resistive heater,6181328.49239
capital,Link,IE3 0,waste CHP,2273.36599
capital,Link,IT0 0,CO2 pipeline,12678.46641
capital,Link,IT0 0,Combined-Cycle Gas,1887433652.91872
capital,Link,IT0 0,DC,90865988.72062
capital,Link,IT0 0,EAF,4086.41082
capital,Link,IT0 0,H2 DRI,2046.01991
capital,Link,IT0 0,H2 Electrolysis,2173.281
capital,Link,IT0 0,Haber-Bosch,125970.27597
capital,Link,IT0 0,Open-Cycle Gas,1645.58568
capital,Link,IT0 0,SMR,95454.08356
capital,Link,IT0 0,Sabatier,914.67091
capital,Link,IT0 0,battery charger,4301.16814
capital,Link,IT0 0,biogas to gas,122069727.67755
capital,Link,IT0 0,biomass to liquid,2092.0786
capital,Link,IT0 0,biomass-to-methanol,2296.85481
capital,Link,IT0 0,electricity distribution grid,1164479529.17469
capital,Link,IT0 0,gas DRI,3792.02868
capital,Link,IT0 0,gas pipeline,9911401.74958
capital,Link,IT0 0,heat100-200 industry electric boiler steam,464.65182
capital,Link,IT0 0,heat100-200 industry gas,7007360.38992
capital,Link,IT0 0,heat100-200 industry industrial heat pump high temperature,136979074.69087
capital,Link,IT0 0,heat100-200 industry solid biomass,488.46456
capital,Link,IT0 0,heat200-500 industry gas,909244.5054
capital,Link,IT0 0,heat200-500 industry hydrogen,137.43927
capital,Link,IT0 0,heat200-500 industry solid biomass,256.3746
capital,Link,IT0 0,heat<100 industry electric boiler steam,486.68575
capital,Link,IT0 0,heat<100 industry gas,10250491.79302
capital,Link,IT0 0,heat<100 industry industrial heat pump medium temperature,176471978.16188
capital,Link,IT0 0,heat<100 industry solid biomass,499.93509
capital,Link,IT0 0,heat>500 industry gas,1818541.37584
capital,Link,IT0 0,heat>500 industry hydrogen,143.67432
capital,Link,IT0 0,home battery charger,6919.88521
capital,Link,IT0 0,methanolisation,12390.10414
capital,Link,IT0 0,rural air heat pump,9029.32035
capital,Link,IT0 0,rural biomass boiler,921088460.05187
capital,Link,IT0 0,rural gas boiler,1438492205.141
capital,Link,IT0 0,rural ground heat pump,134530762.86601
capital,Link,IT0 0,rural resistive heater,11741034.28147
capital,Link,IT0 0,urban central air heat pump,20014290.0111
capital,Link,IT0 0,urban central gas CHP,2589.62162
capital,Link,IT0 0,urban central gas boiler,54202011.97391
capital,Link,IT0 0,urban central resistive heater,1893508.76731
capital,Link,IT0 0,urban central solid biomass CHP,1869.34645
capital,Link,IT0 0,urban central solid biomass CHP CC,2552.33616
capital,Link,IT0 0,urban decentral air heat pump,2874802748.43643
capital,Link,IT0 0,urban decentral biomass boiler,558327216.6984
capital,Link,IT0 0,urban decentral gas boiler,871956803.25154
capital,Link,IT0 0,urban decentral resistive heater,46855119.34525
capital,Link,IT0 0,waste CHP,2535.05387
capital,Link,IT0 1,CO2 pipeline,8929.0539
capital,Link,IT0 1,Combined-Cycle Gas,2295130658.16766
capital,Link,IT0 1,H2 Electrolysis,2078.73571
capital,Link,IT0 1,Haber-Bosch,10448.12314
capital,Link,IT0 1,Open-Cycle Gas,1728.27168
capital,Link,IT0 1,SMR,24092.07122
capital,Link,IT0 1,Sabatier,874.43253
capital,Link,IT0 1,battery charger,4119.01963
capital,Link,IT0 1,biogas to gas,241457235.37261
capital,Link,IT0 1,biomass to liquid,65109.68582
capital,Link,IT0 1,biomass-to-methanol,2768.723
capital,Link,IT0 1,electricity distribution grid,1644463013.31412
capital,Link,IT0 1,gas pipeline,82550567.52671
capital,Link,IT0 1,heat100-200 industry electric boiler steam,453.15539
capital,Link,IT0 1,heat100-200 industry gas,12365104.73233
capital,Link,IT0 1,heat100-200 industry industrial heat pump high temperature,241710339.65481
capital,Link,IT0 1,heat100-200 industry solid biomass,4905.65453
capital,Link,IT0 1,heat200-500 industry gas,1650345.22122
capital,Link,IT0 1,heat200-500 industry hydrogen,142.2554
capital,Link,IT0 1,heat200-500 industry solid biomass,14976636.56978
capital,Link,IT0 1,heat<100 industry electric boiler steam,498.65182
capital,Link,IT0 1,heat<100 industry gas,17084189.45816
capital,Link,IT0 1,heat<100 industry industrial heat pump medium temperature,294111052.34178
capital,Link,IT0 1,heat<100 industry solid biomass,9593.79273
capital,Link,IT0 1,heat>500 industry gas,3751991.6652
capital,Link,IT0 1,heat>500 industry hydrogen,160.1225
capital,Link,IT0 1,home battery charger,5873.1492
capital,Link,IT0 1,methanolisation,14405.56376
capital,Link,IT0 1,rural air heat pump,9295.20701
capital,Link,IT0 1,rural biomass boiler,487535290.83604
capital,Link,IT0 1,rural gas boiler,761398873.19759
capital,Link,IT0 1,rural ground heat pump,190339384.78837
capital,Link,IT0 1,rural resistive heater,4630035.8874
capital,Link,IT0 1,urban central air heat pump,2664457.00673
capital,Link,IT0 1,urban central gas CHP,3047.61722
capital,Link,IT0 1,urban central gas boiler,55825550.8181
capital,Link,IT0 1,urban central resistive heater,3654036.43472
capital,Link,IT0 1,urban central solid biomass CHP,34401682.94922
capital,Link,IT0 1,urban central solid biomass CHP CC,212910948.89378
capital,Link,IT0 1,urban decentral air heat pump,3052479416.40372
capital,Link,IT0 1,urban decentral biomass boiler,745381592.56624
capital,Link,IT0 1,urban decentral gas boiler,1164085380.79148
capital,Link,IT0 1,urban decentral resistive heater,68987451.59719
capital,Link,IT0 1,waste CHP,2647.6685
capital,Link,IT4 0,Combined-Cycle Gas,2481.32787
capital,Link,IT4 0,DC,64110410.9741
capital,Link,IT4 0,H2 Electrolysis,2184.64639
capital,Link,IT4 0,Haber-Bosch,11617.60275
capital,Link,IT4 0,Open-Cycle Gas,1775.12906
capital,Link,IT4 0,SMR,16696.00398
capital,Link,IT4 0,Sabatier,864.11431
capital,Link,IT4 0,battery charger,5398.46871
capital,Link,IT4 0,biogas to gas,6077689.40538
capital,Link,IT4 0,biomass to liquid,2100.34066
capital,Link,IT4 0,biomass-to-methanol,2288.82703
capital,Link,IT4 0,electricity distribution grid,73581401.86523
capital,Link,IT4 0,heat100-200 industry electric boiler steam,460.69177
capital,Link,IT4 0,heat100-200 industry gas,551938.51091
capital,Link,IT4 0,heat100-200 industry industrial heat pump high temperature,10786267.48706
capital,Link,IT4 0,heat100-200 industry solid biomass,707.43622
capital,Link,IT4 0,heat200-500 industry gas,213041.51234
capital,Link,IT4 0,heat200-500 industry hydrogen,176.31332
capital,Link,IT4 0,heat200-500 industry solid biomass,267.78179
capital,Link,IT4 0,heat<100 industry electric boiler steam,450.13431
capital,Link,IT4 0,heat<100 industry gas,973596.29452
capital,Link,IT4 0,heat<100 industry industrial heat pump medium temperature,16758819.66177
capital,Link,IT4 0,heat<100 industry solid biomass,669.15699
capital,Link,IT4 0,heat>500 industry gas,371586.21161
capital,Link,IT4 0,heat>500 industry hydrogen,151.59875
capital,Link,IT4 0,home battery charger,4319.2267
capital,Link,IT4 0,methanolisation,7355.25603
capital,Link,IT4 0,rural air heat pump,5033.64484
capital,Link,IT4 0,rural biomass boiler,143184892.20312
capital,Link,IT4 0,rural gas boiler,223616254.31344
capital,Link,IT4 0,rural ground heat pump,9481574.29013
capital,Link,IT4 0,rural resistive heater,1360657.88438
capital,Link,IT4 0,urban central air heat pump,366802.92879
capital,Link,IT4 0,urban central gas CHP,3108.45271
capital,Link,IT4 0,urban central gas boiler,1333190.36838
capital,Link,IT4 0,urban central resistive heater,41749.56015
capital,Link,IT4 0,urban central solid biomass CHP,1962.47212
capital,Link,IT4 0,urban central solid biomass CHP CC,2768.49173
capital,Link,IT4 0,urban decentral air heat pump,96272378.65861
capital,Link,IT4 0,urban decentral biomass boiler,6362606.24631
capital,Link,IT4 0,urban decentral gas boiler,9936678.05716
capital,Link,IT4 0,urban decentral resistive heater,1520876.45726
capital,Link,IT4 0,waste CHP,2139.12404
capital,Link,LT0 0,CO2 pipeline,8263.08593
capital,Link,LT0 0,Combined-Cycle Gas,120296718.36521
capital,Link,LT0 0,DC,49763675.72641
capital,Link,LT0 0,H2 Electrolysis,1974.83143
capital,Link,LT0 0,Haber-Bosch,14905.84356
capital,Link,LT0 0,Open-Cycle Gas,1670.28006
capital,Link,LT0 0,SMR,136002.26247
capital,Link,LT0 0,Sabatier,812.74321
capital,Link,LT0 0,battery charger,3982.38345
capital,Link,LT0 0,biogas to gas,7159764.24095
capital,Link,LT0 0,biomass to liquid,67490159.72657
capital,Link,LT0 0,biomass-to-methanol,2786.57615
capital,Link,LT0 0,electricity distribution grid,79856068.33795
capital,Link,LT0 0,gas pipeline,2535034.01006
capital,Link,LT0 0,gas pipeline new,5936.56585
capital,Link,LT0 0,heat100-200 industry electric boiler steam,379.58673
capital,Link,LT0 0,heat100-200 industry gas,545727.61504
capital,Link,LT0 0,heat100-200 industry industrial heat pump high temperature,10650511.42828
capital,Link,LT0 0,heat100-200 industry solid biomass,8204.13535
capital,Link,LT0 0,heat200-500 industry gas,57509.03203
capital,Link,LT0 0,heat200-500 industry hydrogen,184.36659
capital,Link,LT0 0,heat200-500 industry solid biomass,6017.03266
capital,Link,LT0 0,heat<100 industry electric boiler steam,384.9083
capital,Link,LT0 0,heat<100 industry gas,496237.18264
capital,Link,LT0 0,heat<100 industry industrial heat pump medium temperature,988746.8795
capital,Link,LT0 0,heat<100 industry solid biomass,14563.46926
capital,Link,LT0 0,heat>500 industry gas,67606.26722
capital,Link,LT0 0,heat>500 industry hydrogen,183.64455
capital,Link,LT0 0,home battery charger,4158.93484
capital,Link,LT0 0,methanolisation,107592.79018
capital,Link,LT0 0,rural air heat pump,1978.43595
capital,Link,LT0 0,rural biomass boiler,305889302.59146
capital,Link,LT0 0,rural gas boiler,2660.34887
capital,Link,LT0 0,rural ground heat pump,24937371.58358
capital,Link,LT0 0,rural resistive heater,142224.2745
capital,Link,LT0 0,urban central air heat pump,3368.93193
capital,Link,LT0 0,urban central gas CHP,2495.57989
capital,Link,LT0 0,urban central gas boiler,22519137.56481
capital,Link,LT0 0,urban central resistive heater,15055.44822
capital,Link,LT0 0,urban central solid biomass CHP,8437.54945
capital,Link,LT0 0,urban central solid biomass CHP CC,27399783.28022
capital,Link,LT0 0,urban decentral air heat pump,3637692.14667
capital,Link,LT0 0,urban decentral biomass boiler,298503903.65752
capital,Link,LT0 0,urban decentral gas boiler,4220.96133
capital,Link,LT0 0,urban decentral resistive heater,144121.32617
capital,Link,LT0 0,waste CHP,2129.68879
capital,Link,LU0 0,Combined-Cycle Gas,7611.49188
capital,Link,LU0 0,H2 Electrolysis,2101.20929
capital,Link,LU0 0,Haber-Bosch,9989.67793
capital,Link,LU0 0,Open-Cycle Gas,23492236.42098
capital,Link,LU0 0,SMR,191366.4231
capital,Link,LU0 0,Sabatier,837.85547
capital,Link,LU0 0,battery charger,4103.40803
capital,Link,LU0 0,biogas to gas,3306749.46383
capital,Link,LU0 0,biomass to liquid,9052141.14407
capital,Link,LU0 0,biomass-to-methanol,2805.21445
capital,Link,LU0 0,electricity distribution grid,43594699.88218
capital,Link,LU0 0,gas pipeline,2722504.25282
capital,Link,LU0 0,heat100-200 industry electric boiler steam,383.48337
capital,Link,LU0 0,heat100-200 industry gas,173683.05234
capital,Link,LU0 0,heat100-200 industry industrial heat pump high temperature,326885.86601
capital,Link,LU0 0,heat100-200 industry solid biomass,33357.20962
capital,Link,LU0 0,heat200-500 industry gas,36385.02095
capital,Link,LU0 0,heat200-500 industry hydrogen,210.96255
capital,Link,LU0 0,heat200-500 industry solid biomass,8395.73372
capital,Link,LU0 0,heat<100 industry electric boiler steam,385.32817
capital,Link,LU0 0,heat<100 industry gas,179855.82115
capital,Link,LU0 0,heat<100 industry industrial heat pump medium temperature,12458.60897
capital,Link,LU0 0,heat<100 industry solid biomass,231998.02731
capital,Link,LU0 0,heat>500 industry gas,134679.0402
capital,Link,LU0 0,heat>500 industry hydrogen,167.32924
capital,Link,LU0 0,home battery charger,4154.20755
capital,Link,LU0 0,methanolisation,157760.08082
capital,Link,LU0 0,rural air heat pump,4953.10636
capital,Link,LU0 0,rural biomass boiler,2232541.49566
capital,Link,LU0 0,rural gas boiler,12352115.76839
capital,Link,LU0 0,rural ground heat pump,1181732.89303
capital,Link,LU0 0,rural resistive heater,148156.3868
capital,Link,LU0 0,urban central air heat pump,4169.31583
capital,Link,LU0 0,urban central gas CHP,8833522.35627
capital,Link,LU0 0,urban central gas boiler,3644011.81571
capital,Link,LU0 0,urban central resistive heater,305481.43948
capital,Link,LU0 0,urban central solid biomass CHP,24433.15075
capital,Link,LU0 0,urban central solid biomass CHP CC,5663491.89604
capital,Link,LU0 0,urban decentral air heat pump,5695294.52805
capital,Link,LU0 0,urban decentral biomass boiler,17850600.09401
capital,Link,LU0 0,urban decentral gas boiler,98763082.04116
capital,Link,LU0 0,urban decentral resistive heater,1277598.87627
capital,Link,LU0 0,waste CHP,2070.20506
capital,Link,LV0 0,Combined-Cycle Gas,113904697.77431
capital,Link,LV0 0,H2 Electrolysis,1984.20363
capital,Link,LV0 0,Haber-Bosch,14820.85616
capital,Link,LV0 0,Open-Cycle Gas,1631.305
capital,Link,LV0 0,SMR,120180.70192
capital,Link,LV0 0,Sabatier,809.00651
capital,Link,LV0 0,battery charger,3988.82517
capital,Link,LV0 0,biogas to gas,14807738.04064
capital,Link,LV0 0,biomass to liquid,257546128.04783
capital,Link,LV0 0,biomass-to-methanol,2767.83548
capital,Link,LV0 0,electricity distribution grid,45986119.01152
capital,Link,LV0 0,gas pipeline,2539116.37222
capital,Link,LV0 0,heat100-200 industry electric boiler steam,397.00945
capital,Link,LV0 0,heat100-200 industry gas,279072.68562
capital,Link,LV0 0,heat100-200 industry industrial heat pump high temperature,5440904.86415
capital,Link,LV0 0,heat100-200 industry solid biomass,7712.53499
capital,Link,LV0 0,heat200-500 industry gas,40648.42825
capital,Link,LV0 0,heat200-500 industry hydrogen,210.37911
capital,Link,LV0 0,heat200-500 industry solid biomass,7302.79729
capital,Link,LV0 0,heat<100 industry electric boiler steam,401.55436
capital,Link,LV0 0,heat<100 industry gas,651150.942
capital,Link,LV0 0,heat<100 industry industrial heat pump medium temperature,11178922.91193
capital,Link,LV0 0,heat<100 industry solid biomass,12599.1536
capital,Link,LV0 0,heat>500 industry gas,69701.7781
capital,Link,LV0 0,heat>500 industry hydrogen,182.65722
capital,Link,LV0 0,home battery charger,4193.54352
capital,Link,LV0 0,methanolisation,93985.31234
capital,Link,LV0 0,rural air heat pump,2156.55093
capital,Link,LV0 0,rural biomass boiler,213807611.23631
capital,Link,LV0 0,rural gas boiler,58472634.80708
capital,Link,LV0 0,rural ground heat pump,2858.84235
capital,Link,LV0 0,rural resistive heater,115414.03733
capital,Link,LV0 0,urban central air heat pump,3474.71486
capital,Link,LV0 0,urban central gas CHP,2384.69098
capital,Link,LV0 0,urban central gas boiler,17021228.94527
capital,Link,LV0 0,urban central resistive heater,14962.99355
capital,Link,LV0 0,urban central solid biomass CHP,8629.00509
capital,Link,LV0 0,urban central solid biomass CHP CC,37408948.53939
capital,Link,LV0 0,urban decentral air heat pump,1803.01759
capital,Link,LV0 0,urban decentral biomass boiler,200011537.09784
capital,Link,LV0 0,urban decentral gas boiler,54699650.29916
capital,Link,LV0 0,urban decentral resistive heater,107965.08767
capital,Link,LV0 0,waste CHP,2074.94929
capital,Link,ME0 0,CO2 pipeline,6000.46732
capital,Link,ME0 0,Combined-Cycle Gas,2570.03908
capital,Link,ME0 0,EAF,3158.54113
capital,Link,ME0 0,H2 DRI,1890.49247
capital,Link,ME0 0,H2 Electrolysis,2016.71755
capital,Link,ME0 0,Haber-Bosch,11667.39651
capital,Link,ME0 0,Open-Cycle Gas,1686.55285
capital,Link,ME0 0,SMR,289261.00525
capital,Link,ME0 0,Sabatier,876.66841
capital,Link,ME0 0,battery charger,4234.36334
capital,Link,ME0 0,biogas to gas,4776.06449
capital,Link,ME0 0,biomass to liquid,20148312.48845
capital,Link,ME0 0,biomass-to-methanol,2731.07011
capital,Link,ME0 0,electricity distribution grid,24114534.14791
capital,Link,ME0 0,gas DRI,2864.6642
capital,Link,ME0 0,heat100-200 industry electric boiler steam,575.79094
capital,Link,ME0 0,heat100-200 industry gas,68274.61636
capital,Link,ME0 0,heat100-200 industry industrial heat pump high temperature,1320340.00017
capital,Link,ME0 0,heat100-200 industry solid biomass,8587.46374
capital,Link,ME0 0,heat200-500 industry gas,10504.4081
capital,Link,ME0 0,heat200-500 industry hydrogen,218.76654
capital,Link,ME0 0,heat200-500 industry solid biomass,139376.47011
capital,Link,ME0 0,heat<100 industry electric boiler steam,585.99378
capital,Link,ME0 0,heat<100 industry gas,68236.12871
capital,Link,ME0 0,heat<100 industry industrial heat pump medium temperature,1156694.75587
capital,Link,ME0 0,heat<100 industry solid biomass,13211.23392
capital,Link,ME0 0,heat>500 industry gas,44562.00042
capital,Link,ME0 0,heat>500 industry hydrogen,190.51224
capital,Link,ME0 0,home battery charger,5897.18483
capital,Link,ME0 0,methanolisation,240555.12113
capital,Link,ME0 0,rural air heat pump,4086.19055
capital,Link,ME0 0,rural biomass boiler,8149.41358
capital,Link,ME0 0,rural gas boiler,12159777.92164
capital,Link,ME0 0,rural ground heat pump,7547.51807
capital,Link,ME0 0,rural resistive heater,899702.72812
capital,Link,ME0 0,urban central air heat pump,5416.43164
capital,Link,ME0 0,urban central gas CHP,3014.18967
capital,Link,ME0 0,urban central gas boiler,366518.44643
capital,Link,ME0 0,urban central resistive heater,28449.20293
capital,Link,ME0 0,urban central solid biomass CHP,34292.2194
capital,Link,ME0 0,urban central solid biomass CHP CC,1588771.89711
capital,Link,ME0 0,urban decentral air heat pump,4073.80151
capital,Link,ME0 0,urban decentral biomass boiler,7627.06884
capital,Link,ME0 0,urban decentral gas boiler,19059688.06096
capital,Link,ME0 0,urban decentral resistive heater,1417555.3678
capital,Link,ME0 0,waste CHP,2090.03842
capital,Link,MK0 0,CO2 pipeline,10390.03451
capital,Link,MK0 0,Combined-Cycle Gas,23053384.70739
capital,Link,MK0 0,EAF,3220.1698
capital,Link,MK0 0,H2 DRI,1865.71925
capital,Link,MK0 0,H2 Electrolysis,2058.12797
capital,Link,MK0 0,Haber-Bosch,15718.39501
capital,Link,MK0 0,Open-Cycle Gas,1661.32201
capital,Link,MK0 0,SMR,2732381.67947
capital,Link,MK0 0,Sabatier,872.31434
capital,Link,MK0 0,battery charger,4251.90447
capital,Link,MK0 0,biogas to gas,3483385.70052
capital,Link,MK0 0,biomass to liquid,27932303.8119
capital,Link,MK0 0,biomass-to-methanol,2709.61053
capital,Link,MK0 0,electricity distribution grid,63968963.3637
capital,Link,MK0 0,gas DRI,2961.25274
capital,Link,MK0 0,gas pipeline new,4744194.68289
capital,Link,MK0 0,heat100-200 industry electric boiler steam,520.4816
capital,Link,MK0 0,heat100-200 industry gas,130251.15986
capital,Link,MK0 0,heat100-200 industry industrial heat pump high temperature,2534526.51596
capital,Link,MK0 0,heat100-200 industry solid biomass,6886.82153
capital,Link,MK0 0,heat200-500 industry gas,12800.72037
capital,Link,MK0 0,heat200-500 industry hydrogen,225.98777
capital,Link,MK0 0,heat200-500 industry solid biomass,16362.32863
capital,Link,MK0 0,heat<100 industry electric boiler steam,528.90868
capital,Link,MK0 0,heat<100 industry gas,161250.14882
capital,Link,MK0 0,heat<100 industry industrial heat pump medium temperature,2761797.35215
capital,Link,MK0 0,heat<100 industry solid biomass,9416.0321
capital,Link,MK0 0,heat>500 industry gas,10978.53982
capital,Link,MK0 0,heat>500 industry hydrogen,217.33818
capital,Link,MK0 0,home battery charger,13852.05594
capital,Link,MK0 0,methanolisation,2332647.07875
capital,Link,MK0 0,rural air heat pump,3121.86057
capital,Link,MK0 0,rural biomass boiler,7873.21448
capital,Link,MK0 0,rural gas boiler,47066671.41735
capital,Link,MK0 0,rural ground heat pump,5700.20085
capital,Link,MK0 0,rural resistive heater,4400604.04448
capital,Link,MK0 0,urban central air heat pump,5073.84671
capital,Link,MK0 0,urban central gas CHP,2958.09822
capital,Link,MK0 0,urban central gas boiler,3940413.19589
capital,Link,MK0 0,urban central resistive heater,346529.38755
capital,Link,MK0 0,urban central solid biomass CHP,17790.69749
capital,Link,MK0 0,urban central solid biomass CHP CC,6470251.00767
capital,Link,MK0 0,urban decentral air heat pump,3111.95286
capital,Link,MK0 0,urban decentral biomass boiler,7834.83304
capital,Link,MK0 0,urban decentral gas boiler,38569505.87692
capital,Link,MK0 0,urban decentral resistive heater,3627045.13094
capital,Link,MK0 0,waste CHP,2164.3488
capital,Link,NL0 0,CO2 pipeline,2625.4334
capital,Link,NL0 0,Combined-Cycle Gas,1094825635.21007
capital,Link,NL0 0,DC,70406187.00672
capital,Link,NL0 0,EAF,4233.30426
capital,Link,NL0 0,H2 DRI,2046.37454
capital,Link,NL0 0,H2 Electrolysis,2131.78718
capital,Link,NL0 0,Haber-Bosch,20116.55651
capital,Link,NL0 0,Open-Cycle Gas,2303.67704
capital,Link,NL0 0,SMR,74607766.75593
capital,Link,NL0 0,Sabatier,862.93246
capital,Link,NL0 0,battery charger,4072.30243
capital,Link,NL0 0,biogas to gas,65397028.34989
capital,Link,NL0 0,biomass to liquid,38825611.87257
capital,Link,NL0 0,biomass-to-methanol,2771.0551
capital,Link,NL0 0,electricity distribution grid,834771644.69472
capital,Link,NL0 0,gas DRI,3964.33644
capital,Link,NL0 0,gas pipeline,42931588.67236
capital,Link,NL0 0,heat100-200 industry electric boiler steam,475.52321
capital,Link,NL0 0,heat100-200 industry gas,17164822.30952
capital,Link,NL0 0,heat100-200 industry industrial heat pump high temperature,335533024.46192
capital,Link,NL0 0,heat100-200 industry solid biomass,6009.32817
capital,Link,NL0 0,heat200-500 industry gas,1636576.10139
capital,Link,NL0 0,heat200-500 industry hydrogen,141.00185
capital,Link,NL0 0,heat200-500 industry solid biomass,5443.72308
capital,Link,NL0 0,heat<100 industry electric boiler steam,467.96502
capital,Link,NL0 0,heat<100 industry gas,14634720.213
capital,Link,NL0 0,heat<100 industry industrial heat pump medium temperature,251929618.49162
capital,Link,NL0 0,heat<100 industry solid biomass,8444.39936
capital,Link,NL0 0,heat>500 industry gas,5555468.33276
capital,Link,NL0 0,heat>500 industry hydrogen,167.07304
capital,Link,NL0 0,home battery charger,4224.42894
capital,Link,NL0 0,methanolisation,63948176.09285
capital,Link,NL0 0,rural air heat pump,8578.21563
capital,Link,NL0 0,rural biomass boiler,11547210.89408
capital,Link,NL0 0,rural gas boiler,383193866.87589
capital,Link,NL0 0,rural ground heat pump,448627941.54061
capital,Link,NL0 0,rural resistive heater,312363.80276
capital,Link,NL0 0,urban central air heat pump,5469.45542
capital,Link,NL0 0,urban central gas CHP,4235.48905
capital,Link,NL0 0,urban central gas boiler,56275421.58912
capital,Link,NL0 0,urban central resistive heater,5536215.70218
capital,Link,NL0 0,urban central solid biomass CHP,14345.28836
capital,Link,NL0 0,urban central solid biomass CHP CC,151714307.26256
capital,Link,NL0 0,urban decentral air heat pump,333328547.06554
capital,Link,NL0 0,urban decentral biomass boiler,106081921.72225
capital,Link,NL0 0,urban decentral gas boiler,3520325571.53888
capital,Link,NL0 0,urban decentral resistive heater,8896028.87167
capital,Link,NL0 0,waste CHP,2565.58972
capital,Link,NO1 0,CO2 pipeline,16514.06344
capital,Link,NO1 0,Combined-Cycle Gas,78905513.2208
capital,Link,NO1 0,DC,136411573.39264
capital,Link,NO1 0,EAF,3947.68909
capital,Link,NO1 0,H2 DRI,1982.3157
capital,Link,NO1 0,H2 Electrolysis,2064.91233
capital,Link,NO1 0,Haber-Bosch,402459792.47632
capital,Link,NO1 0,Open-Cycle Gas,1450.45014
capital,Link,NO1 0,SMR,256946787.64137
capital,Link,NO1 0,Sabatier,923.99357
capital,Link,NO1 0,battery charger,4107.82312
capital,Link,NO1 0,biogas to gas,15925210.66314
capital,Link,NO1 0,biomass to liquid,1937.0793
capital,Link,NO1 0,biomass-to-methanol,2260.93048
capital,Link,NO1 0,electricity distribution grid,720664421.91452
capital,Link,NO1 0,gas DRI,3691.83068
capital,Link,NO1 0,gas pipeline,28954989.67369
capital,Link,NO1 0,gas pipeline new,25513610.6268
capital,Link,NO1 0,heat100-200 industry electric boiler steam,484.11306
capital,Link,NO1 0,heat100-200 industry gas,3671124.18553
capital,Link,NO1 0,heat100-200 industry industrial heat pump high temperature,71761530.31425
capital,Link,NO1 0,heat100-200 industry solid biomass,425.11833
capital,Link,NO1 0,heat200-500 industry gas,431134.83117
capital,Link,NO1 0,heat200-500 industry hydrogen,146.63169
capital,Link,NO1 0,heat200-500 industry solid biomass,192.92653
capital,Link,NO1 0,heat<100 industry electric boiler steam,490.43583
capital,Link,NO1 0,heat<100 industry gas,2852551.35263
capital,Link,NO1 0,heat<100 industry industrial heat pump medium temperature,49107294.76555
capital,Link,NO1 0,heat<100 industry solid biomass,451.69271
capital,Link,NO1 0,heat>500 industry gas,2351188.27589
capital,Link,NO1 0,heat>500 industry hydrogen,145.53754
capital,Link,NO1 0,home battery charger,5851.75458
capital,Link,NO1 0,methanolisation,82524.11189
capital,Link,NO1 0,rural air heat pump,3593.97769
capital,Link,NO1 0,rural biomass boiler,163858502.98534
capital,Link,NO1 0,rural gas boiler,4804211.31258
capital,Link,NO1 0,rural ground heat pump,379393512.23376
capital,Link,NO1 0,rural resistive heater,703346.14559
capital,Link,NO1 0,urban central air heat pump,3723.97867
capital,Link,NO1 0,urban central gas CHP,1855.36688
capital,Link,NO1 0,urban central gas boiler,18979613.17078
capital,Link,NO1 0,urban central resistive heater,16619.90616
capital,Link,NO1 0,urban central solid biomass CHP,1707.58242
capital,Link,NO1 0,urban central solid biomass CHP CC,2287.37515
capital,Link,NO1 0,urban decentral air heat pump,1601848637.43234
capital,Link,NO1 0,urban decentral biomass boiler,570579084.51274
capital,Link,NO1 0,urban decentral gas boiler,167954385.42617
capital,Link,NO1 0,urban decentral resistive heater,15324284.1266
capital,Link,NO1 0,waste CHP,2174.85593
capital,Link,PL0 0,CO2 pipeline,5488.68705
capital,Link,PL0 0,Combined-Cycle Gas,655711333.88012
capital,Link,PL0 0,DC,56388208.23462
capital,Link,PL0 0,EAF,3775.84189
capital,Link,PL0 0,H2 DRI,1945.03202
capital,Link,PL0 0,H2 Electrolysis,1954.9425
capital,Link,PL0 0,Haber-Bosch,10471.03279
capital,Link,PL0 0,Open-Cycle Gas,3442.46275
capital,Link,PL0 0,SMR,50787.7695
capital,Link,PL0 0,Sabatier,864.0413
capital,Link,PL0 0,battery charger,4052.98961
capital,Link,PL0 0,biogas to gas,54807240.24623
capital,Link,PL0 0,biomass to liquid,63328996.79602
capital,Link,PL0 0,biomass-to-methanol,2770.08095
capital,Link,PL0 0,electricity distribution grid,1329421002.96436
capital,Link,PL0 0,gas DRI,3530.05699
capital,Link,PL0 0,gas pipeline,23087118.89751
capital,Link,PL0 0,heat100-200 industry electric boiler steam,383.11424
capital,Link,PL0 0,heat100-200 industry gas,11044246.54177
capital,Link,PL0 0,heat100-200 industry industrial heat pump high temperature,14655.24888
capital,Link,PL0 0,heat100-200 industry solid biomass,12432201.39992
capital,Link,PL0 0,heat200-500 industry gas,1407933.43
capital,Link,PL0 0,heat200-500 industry hydrogen,139.85319
capital,Link,PL0 0,heat200-500 industry solid biomass,6548.2252
capital,Link,PL0 0,heat<100 industry electric boiler steam,378.90944
capital,Link,PL0 0,heat<100 industry gas,10771397.94585
capital,Link,PL0 0,heat<100 industry industrial heat pump medium temperature,5858.98887
capital,Link,PL0 0,heat<100 industry solid biomass,12132073.89973
capital,Link,PL0 0,heat>500 industry gas,4725014.8455
capital,Link,PL0 0,heat>500 industry hydrogen,168.37465
capital,Link,PL0 0,home battery charger,4649.17841
capital,Link,PL0 0,methanolisation,37556.01955
capital,Link,PL0 0,rural air heat pump,5564.72629
capital,Link,PL0 0,rural biomass boiler,1445046935.73858
capital,Link,PL0 0,rural gas boiler,531829904.1857
capital,Link,PL0 0,rural ground heat pump,42305220.88081
capital,Link,PL0 0,rural resistive heater,42192924.31792
capital,Link,PL0 0,urban central air heat pump,2899.56556
capital,Link,PL0 0,urban central gas CHP,29153285.69833
capital,Link,PL0 0,urban central gas boiler,148058979.63798
capital,Link,PL0 0,urban central resistive heater,6225096.17717
capital,Link,PL0 0,urban central solid biomass CHP,96967655.94382
capital,Link,PL0 0,urban central solid biomass CHP CC,144252669.63961
capital,Link,PL0 0,urban decentral air heat pump,3961325.24688
capital,Link,PL0 0,urban decentral biomass boiler,1227806836.03752
capital,Link,PL0 0,urban decentral gas boiler,451877635.12653
capital,Link,PL0 0,urban decentral resistive heater,35864218.51337
capital,Link,PL0 0,waste CHP,2704.17462
capital,Link,PT0 0,Combined-Cycle Gas,458028610.9114
capital,Link,PT0 0,H2 Electrolysis,2237.97751
capital,Link,PT0 0,Haber-Bosch,262786.09327
capital,Link,PT0 0,Open-Cycle Gas,1991.27685
capital,Link,PT0 0,SMR,13312440.82383
capital,Link,PT0 0,Sabatier,918.51446
capital,Link,PT0 0,battery charger,5414.17569
capital,Link,PT0 0,biogas to gas,14716021.19937
capital,Link,PT0 0,biomass to liquid,165096287.03454
capital,Link,PT0 0,biomass-to-methanol,2747.39414
capital,Link,PT0 0,electricity distribution grid,654906598.55836
capital,Link,PT0 0,heat100-200 industry electric boiler steam,456.27434
capital,Link,PT0 0,heat100-200 industry gas,2703726.99595
capital,Link,PT0 0,heat100-200 industry industrial heat pump high temperature,52846247.99085
capital,Link,PT0 0,heat100-200 industry solid biomass,3977.47687
capital,Link,PT0 0,heat200-500 industry gas,353183.86081
capital,Link,PT0 0,heat200-500 industry hydrogen,175.29898
capital,Link,PT0 0,heat200-500 industry solid biomass,5984.79179
capital,Link,PT0 0,heat<100 industry electric boiler steam,464.12896
capital,Link,PT0 0,heat<100 industry gas,2691342.31386
capital,Link,PT0 0,heat<100 industry industrial heat pump medium temperature,46326421.4407
capital,Link,PT0 0,heat<100 industry solid biomass,4753.62931
capital,Link,PT0 0,heat>500 industry gas,1065690.82582
capital,Link,PT0 0,heat>500 industry hydrogen,141.21456
capital,Link,PT0 0,home battery charger,17779.20572
capital,Link,PT0 0,methanolisation,11268443.63641
capital,Link,PT0 0,rural air heat pump,7581.03023
capital,Link,PT0 0,rural biomass boiler,154601460.5275
capital,Link,PT0 0,rural gas boiler,89226428.20776
capital,Link,PT0 0,rural ground heat pump,54671409.07882
capital,Link,PT0 0,rural resistive heater,103109893.86605
capital,Link,PT0 0,urban central air heat pump,10699.76449
capital,Link,PT0 0,urban central gas CHP,2905.75921
capital,Link,PT0 0,urban central gas boiler,11409946.68241
capital,Link,PT0 0,urban central resistive heater,501792.2366
capital,Link,PT0 0,urban central solid biomass CHP,8220.20774
capital,Link,PT0 0,urban central solid biomass CHP CC,26674515.31461
capital,Link,PT0 0,urban decentral air heat pump,483575496.82109
capital,Link,PT0 0,urban decentral biomass boiler,200069479.19364
capital,Link,PT0 0,urban decentral gas boiler,115467764.41132
capital,Link,PT0 0,urban decentral resistive heater,108781447.93833
capital,Link,PT0 0,waste CHP,2449.82033
capital,Link,RO0 0,CO2 pipeline,2934.46252
capital,Link,RO0 0,Combined-Cycle Gas,132190179.10031
capital,Link,RO0 0,EAF,3622.10682
capital,Link,RO0 0,H2 DRI,1874.09356
capital,Link,RO0 0,H2 Electrolysis,2048.42684
capital,Link,RO0 0,Haber-Bosch,15465.07358
capital,Link,RO0 0,Open-Cycle Gas,1750.77313
capital,Link,RO0 0,SMR,35426178.66078
capital,Link,RO0 0,Sabatier,856.43786
capital,Link,RO0 0,battery charger,4215.00692
capital,Link,RO0 0,biogas to gas,3487611.95646
capital,Link,RO0 0,biomass to liquid,239001962.595
capital,Link,RO0 0,biomass-to-methanol,2781.12402
capital,Link,RO0 0,electricity distribution grid,406399332.72233
capital,Link,RO0 0,gas DRI,3422.10422
capital,Link,RO0 0,heat100-200 industry electric boiler steam,401.25888
capital,Link,RO0 0,heat100-200 industry gas,4960948.6664
capital,Link,RO0 0,heat100-200 industry industrial heat pump high temperature,96950430.77571
capital,Link,RO0 0,heat100-200 industry solid biomass,8637.46086
capital,Link,RO0 0,heat200-500 industry gas,470657.76326
capital,Link,RO0 0,heat200-500 industry hydrogen,143.84278
capital,Link,RO0 0,heat200-500 industry solid biomass,5360.45702
capital,Link,RO0 0,heat<100 industry electric boiler steam,403.91468
capital,Link,RO0 0,heat<100 industry gas,3956357.20762
capital,Link,RO0 0,heat<100 industry industrial heat pump medium temperature,96668.10749
capital,Link,RO0 0,heat<100 industry solid biomass,4381247.75405
capital,Link,RO0 0,heat>500 industry gas,1673829.60536
capital,Link,RO0 0,heat>500 industry hydrogen,144.62677
capital,Link,RO0 0,home battery charger,4165.06956
capital,Link,RO0 0,methanolisation,30361041.68199
capital,Link,RO0 0,rural air heat pump,4993.35199
capital,Link,RO0 0,rural biomass boiler,798923468.41182
capital,Link,RO0 0,rural gas boiler,501640939.504
capital,Link,RO0 0,rural ground heat pump,12609.9933
capital,Link,RO0 0,rural resistive heater,2223970.22481
capital,Link,RO0 0,urban central air heat pump,3958.879
capital,Link,RO0 0,urban central gas CHP,5157.04451
capital,Link,RO0 0,urban central gas boiler,27023534.04585
capital,Link,RO0 0,urban central resistive heater,807197.60746
capital,Link,RO0 0,urban central solid biomass CHP,454139.23399
capital,Link,RO0 0,urban central solid biomass CHP CC,71816018.18046
capital,Link,RO0 0,urban decentral air heat pump,4195.49178
capital,Link,RO0 0,urban decentral biomass boiler,663687318.79944
capital,Link,RO0 0,urban decentral gas boiler,416726686.97701
capital,Link,RO0 0,urban decentral resistive heater,1847495.57701
capital,Link,RO0 0,waste CHP,2640.27951
capital,Link,RS0 0,CO2 pipeline,4806.5687
capital,Link,RS0 0,Combined-Cycle Gas,31331704.88074
capital,Link,RS0 0,EAF,3306.56687
capital,Link,RS0 0,H2 DRI,1861.56408
capital,Link,RS0 0,H2 Electrolysis,2087.19962
capital,Link,RS0 0,Haber-Bosch,10042.11983
capital,Link,RS0 0,Open-Cycle Gas,1698.96813
capital,Link,RS0 0,SMR,74587.31281
capital,Link,RS0 0,Sabatier,879.37143
capital,Link,RS0 0,battery charger,4198.59919
capital,Link,RS0 0,biogas to gas,5222696.77368
capital,Link,RS0 0,biomass to liquid,129164964.94862
capital,Link,RS0 0,biomass-to-methanol,2755.73452
capital,Link,RS0 0,electricity distribution grid,399764847.43953
capital,Link,RS0 0,gas DRI,3066.38589
capital,Link,RS0 0,gas pipeline new,8611142.55499
capital,Link,RS0 0,heat100-200 industry electric boiler steam,382.90221
capital,Link,RS0 0,heat100-200 industry gas,1147224.31913
capital,Link,RS0 0,heat100-200 industry industrial heat pump high temperature,22412078.2111
capital,Link,RS0 0,heat100-200 industry solid biomass,8984.46948
capital,Link,RS0 0,heat200-500 industry gas,106966.43478
capital,Link,RS0 0,heat200-500 industry hydrogen,176.69372
capital,Link,RS0 0,heat200-500 industry solid biomass,1591787.28529
capital,Link,RS0 0,heat<100 industry electric boiler steam,394.2881
capital,Link,RS0 0,heat<100 industry gas,1252641.73032
capital,Link,RS0 0,heat<100 industry industrial heat pump medium temperature,21525870.58663
capital,Link,RS0 0,heat<100 industry solid biomass,30505.73707
capital,Link,RS0 0,heat>500 industry gas,92764.63816
capital,Link,RS0 0,heat>500 industry hydrogen,172.48899
capital,Link,RS0 0,home battery charger,14496.66677
capital,Link,RS0 0,methanolisation,57722.62476
capital,Link,RS0 0,rural air heat pump,3203.45965
capital,Link,RS0 0,rural biomass boiler,9108.56221
capital,Link,RS0 0,rural gas boiler,295355330.234
capital,Link,RS0 0,rural ground heat pump,6725.47236
capital,Link,RS0 0,rural resistive heater,22823164.7333
capital,Link,RS0 0,urban central air heat pump,5796.17497
capital,Link,RS0 0,urban central gas CHP,3421.85892
capital,Link,RS0 0,urban central gas boiler,22566363.29746
capital,Link,RS0 0,urban central resistive heater,1069051.37659
capital,Link,RS0 0,urban central solid biomass CHP,20096287.00717
capital,Link,RS0 0,urban central solid biomass CHP CC,326952.02842
capital,Link,RS0 0,urban decentral air heat pump,3198.2544
capital,Link,RS0 0,urban decentral biomass boiler,9049.29763
capital,Link,RS0 0,urban decentral gas boiler,194868529.5897
capital,Link,RS0 0,urban decentral resistive heater,15156790.83033
capital,Link,RS0 0,waste CHP,2382.08106
capital,Link,SE1 0,Combined-Cycle Gas,5239434.16539
capital,Link,SE1 0,DC,26495334.15163
capital,Link,SE1 0,EAF,3740.84457
capital,Link,SE1 0,H2 DRI,2021.75266
capital,Link,SE1 0,H2 Electrolysis,2007.74264
capital,Link,SE1 0,Haber-Bosch,22504.23984
capital,Link,SE1 0,Open-Cycle Gas,1480.38357
capital,Link,SE1 0,SMR,195097.32617
capital,Link,SE1 0,Sabatier,957.53368
capital,Link,SE1 0,battery charger,4070.70712
capital,Link,SE1 0,biogas to gas,33329110.51196
capital,Link,SE1 0,biomass to liquid,757703082.04163
capital,Link,SE1 0,biomass-to-methanol,2772.40326
capital,Link,SE1 0,electricity distribution grid,1147754837.52525
capital,Link,SE1 0,gas DRI,3410.62353
capital,Link,SE1 0,heat100-200 industry electric boiler steam,449.1385
capital,Link,SE1 0,heat100-200 industry gas,1190630.30708
capital,Link,SE1 0,heat100-200 industry industrial heat pump high temperature,23265837.4518
capital,Link,SE1 0,heat100-200 industry solid biomass,5473.6218
capital,Link,SE1 0,heat200-500 industry gas,130018.25467
capital,Link,SE1 0,heat200-500 industry hydrogen,184.05389
capital,Link,SE1 0,heat200-500 industry solid biomass,24448.85741
capital,Link,SE1 0,heat<100 industry electric boiler steam,453.28047
capital,Link,SE1 0,heat<100 industry gas,4154801.95638
capital,Link,SE1 0,heat<100 industry industrial heat pump medium temperature,71520196.30084
capital,Link,SE1 0,heat<100 industry solid biomass,6188.11595
capital,Link,SE1 0,heat>500 industry gas,474334.54277
capital,Link,SE1 0,heat>500 industry hydrogen,145.92371
capital,Link,SE1 0,home battery charger,6063.38506
capital,Link,SE1 0,methanolisation,154072.24671
capital,Link,SE1 0,rural air heat pump,5047.73734
capital,Link,SE1 0,rural biomass boiler,36199558.54929
capital,Link,SE1 0,rural gas boiler,3449240.82383
capital,Link,SE1 0,rural ground heat pump,852595352.009
capital,Link,SE1 0,rural resistive heater,3312221.06512
capital,Link,SE1 0,urban central air heat pump,4143.97123
capital,Link,SE1 0,urban central gas CHP,2042.49187
capital,Link,SE1 0,urban central gas boiler,110407197.96473
capital,Link,SE1 0,urban central resistive heater,1583.09017
capital,Link,SE1 0,urban central solid biomass CHP,20366.38718
capital,Link,SE1 0,urban central solid biomass CHP CC,461431536.31318
capital,Link,SE1 0,urban decentral air heat pump,1316374076.05576
capital,Link,SE1 0,urban decentral biomass boiler,714866825.67406
capital,Link,SE1 0,urban decentral gas boiler,68115411.8318
capital,Link,SE1 0,urban decentral resistive heater,48009773.30971
capital,Link,SE1 0,waste CHP,2458.8482
capital,Link,SI0 0,Combined-Cycle Gas,20328907.56715
capital,Link,SI0 0,H2 Electrolysis,1962.28693
capital,Link,SI0 0,Haber-Bosch,7818.14546
capital,Link,SI0 0,Open-Cycle Gas,1784.99337
capital,Link,SI0 0,SMR,46370.67721
capital,Link,SI0 0,Sabatier,823.46446
capital,Link,SI0 0,battery charger,4092.82795
capital,Link,SI0 0,biogas to gas,4080610.71132
capital,Link,SI0 0,biomass to liquid,20767335.00662
capital,Link,SI0 0,biomass-to-methanol,2788.87003
capital,Link,SI0 0,electricity distribution grid,91951440.01128
capital,Link,SI0 0,gas pipeline,3321347.86477
capital,Link,SI0 0,heat100-200 industry electric boiler steam,385.77685
capital,Link,SI0 0,heat100-200 industry gas,1277446.89983
capital,Link,SI0 0,heat100-200 industry industrial heat pump high temperature,24954285.71542
capital,Link,SI0 0,heat100-200 industry solid biomass,11787.18693
capital,Link,SI0 0,heat200-500 industry gas,117460.01558
capital,Link,SI0 0,heat200-500 industry hydrogen,172.35574
capital,Link,SI0 0,heat200-500 industry solid biomass,1762854.90689
capital,Link,SI0 0,heat<100 industry electric boiler steam,376.30489
capital,Link,SI0 0,heat<100 industry gas,564335.3027
capital,Link,SI0 0,heat<100 industry industrial heat pump medium temperature,64646.75154
capital,Link,SI0 0,heat<100 industry solid biomass,8991991.96003
capital,Link,SI0 0,heat>500 industry gas,258352.66816
capital,Link,SI0 0,heat>500 industry hydrogen,157.99678
capital,Link,SI0 0,home battery charger,4132.06711
capital,Link,SI0 0,methanolisation,34805.09523
capital,Link,SI0 0,rural air heat pump,4968.94448
capital,Link,SI0 0,rural biomass boiler,142736714.77149
capital,Link,SI0 0,rural gas boiler,15082419.46597
capital,Link,SI0 0,rural ground heat pump,31877970.99105
capital,Link,SI0 0,rural resistive heater,1631941.93442
capital,Link,SI0 0,urban central air heat pump,4049.7897
capital,Link,SI0 0,urban central gas CHP,3720.47931
capital,Link,SI0 0,urban central gas boiler,4575174.77931
capital,Link,SI0 0,urban central resistive heater,280730.77824
capital,Link,SI0 0,urban central solid biomass CHP,5777285.4429
capital,Link,SI0 0,urban central solid biomass CHP CC,148947.87505
capital,Link,SI0 0,urban decentral air heat pump,8699649.01374
capital,Link,SI0 0,urban decentral biomass boiler,145968016.99687
capital,Link,SI0 0,urban decentral gas boiler,15423858.28683
capital,Link,SI0 0,urban decentral resistive heater,1785691.59378
capital,Link,SI0 0,waste CHP,2169.32645
capital,Link,SK0 0,Combined-Cycle Gas,81511664.21467
capital,Link,SK0 0,EAF,3692.96929
capital,Link,SK0 0,H2 DRI,1965.67951
capital,Link,SK0 0,H2 Electrolysis,1996.67495
capital,Link,SK0 0,Haber-Bosch,11522.71871
capital,Link,SK0 0,Open-Cycle Gas,1983.1053
capital,Link,SK0 0,SMR,15661024.26843
capital,Link,SK0 0,Sabatier,826.18218
capital,Link,SK0 0,battery charger,4085.71619
capital,Link,SK0 0,biogas to gas,26243371.88425
capital,Link,SK0 0,biomass to liquid,147749733.77118
capital,Link,SK0 0,biomass-to-methanol,2763.09888
capital,Link,SK0 0,electricity distribution grid,176318667.88391
capital,Link,SK0 0,gas DRI,3412.67101
capital,Link,SK0 0,heat100-200 industry electric boiler steam,381.00137
capital,Link,SK0 0,heat100-200 industry gas,2920817.14183
capital,Link,SK0 0,heat100-200 industry industrial heat pump high temperature,4989848.34476
capital,Link,SK0 0,heat100-200 industry solid biomass,13579.58723
capital,Link,SK0 0,heat200-500 industry gas,275627.20978
capital,Link,SK0 0,heat200-500 industry hydrogen,158.05911
capital,Link,SK0 0,heat200-500 industry solid biomass,5521.21068
capital,Link,SK0 0,heat<100 industry electric boiler steam,381.92626
capital,Link,SK0 0,heat<100 industry gas,1407671.667
capital,Link,SK0 0,heat<100 industry industrial heat pump medium temperature,17020.14782
capital,Link,SK0 0,heat<100 industry solid biomass,1590333.69934
capital,Link,SK0 0,heat>500 industry gas,715481.37933
capital,Link,SK0 0,heat>500 industry hydrogen,145.06988
capital,Link,SK0 0,home battery charger,4131.30612
capital,Link,SK0 0,methanolisation,13418850.80777
capital,Link,SK0 0,rural air heat pump,5205.45002
capital,Link,SK0 0,rural biomass boiler,12985709.66658
capital,Link,SK0 0,rural gas boiler,352189241.72972
capital,Link,SK0 0,rural ground heat pump,9913826.93081
capital,Link,SK0 0,rural resistive heater,2554193.04816
capital,Link,SK0 0,urban central air heat pump,3472.52703
capital,Link,SK0 0,urban central gas CHP,6042.92553
capital,Link,SK0 0,urban central gas boiler,13028977.38484
capital,Link,SK0 0,urban central resistive heater,11419.55127
capital,Link,SK0 0,urban central solid biomass CHP,851322.60011
capital,Link,SK0 0,urban central solid biomass CHP CC,31731006.61002
capital,Link,SK0 0,urban decentral air heat pump,16822577.46254
capital,Link,SK0 0,urban decentral biomass boiler,11478982.03607
capital,Link,SK0 0,urban decentral gas boiler,311324839.60569
capital,Link,SK0 0,urban decentral resistive heater,2533367.18699
capital,Link,SK0 0,waste CHP,2295.32863
capital,Link,XK0 0,Combined-Cycle Gas,2695.7014
capital,Link,XK0 0,EAF,2990.61152
capital,Link,XK0 0,H2 DRI,1819.85847
capital,Link,XK0 0,H2 Electrolysis,2008.36374
capital,Link,XK0 0,Haber-Bosch,13181.79694
capital,Link,XK0 0,Open-Cycle Gas,1661.43883
capital,Link,XK0 0,SMR,1153620.85806
capital,Link,XK0 0,Sabatier,867.76898
capital,Link,XK0 0,battery charger,4203.1959
capital,Link,XK0 0,biogas to gas,5010.67085
capital,Link,XK0 0,biomass to liquid,38688318.54936
capital,Link,XK0 0,biomass-to-methanol,2758.2614
capital,Link,XK0 0,electricity distribution grid,51587463.12418
capital,Link,XK0 0,gas DRI,2739.13602
capital,Link,XK0 0,heat100-200 industry electric boiler steam,519.76796
capital,Link,XK0 0,heat100-200 industry gas,117850.94119
capital,Link,XK0 0,heat100-200 industry industrial heat pump high temperature,2290695.30636
capital,Link,XK0 0,heat100-200 industry solid biomass,8028.63092
capital,Link,XK0 0,heat200-500 industry gas,14687.80552
capital,Link,XK0 0,heat200-500 industry hydrogen,222.28696
capital,Link,XK0 0,heat200-500 industry solid biomass,27209.12745
capital,Link,XK0 0,heat<100 industry electric boiler steam,529.8761
capital,Link,XK0 0,heat<100 industry gas,124050.03212
capital,Link,XK0 0,heat<100 industry industrial heat pump medium temperature,2118066.27331
capital,Link,XK0 0,heat<100 industry solid biomass,12048.03769
capital,Link,XK0 0,heat>500 industry gas,23594.44364
capital,Link,XK0 0,heat>500 industry hydrogen,203.79648
capital,Link,XK0 0,home battery charger,11081.38152
capital,Link,XK0 0,methanolisation,948499.29444
capital,Link,XK0 0,rural air heat pump,6578.346
capital,Link,XK0 0,rural biomass boiler,6095.93207
capital,Link,XK0 0,rural gas boiler,8801.86573
capital,Link,XK0 0,rural ground heat pump,4850392.14839
capital,Link,XK0 0,rural resistive heater,2690.50899
capital,Link,XK0 0,urban central air heat pump,4990.93009
capital,Link,XK0 0,urban central gas CHP,2542.96202
capital,Link,XK0 0,urban central gas boiler,1467.30256
capital,Link,XK0 0,urban central resistive heater,2000.88256
capital,Link,XK0 0,urban central solid biomass CHP,28926.81893
capital,Link,XK0 0,urban central solid biomass CHP CC,2355291.07725
capital,Link,XK0 0,urban decentral air heat pump,8273.82404
capital,Link,XK0 0,urban decentral biomass boiler,8973.89609
capital,Link,XK0 0,urban decentral gas boiler,2881385.23318
capital,Link,XK0 0,urban decentral resistive heater,314328.62649
capital,Link,XK0 0,waste CHP,2105.74123
capital,StorageUnit,AL0 0,Reservoir & Dam,308888750.57444
capital,StorageUnit,AT0 0,Pumped Hydro Storage,968906199.16096
capital,StorageUnit,AT0 0,Reservoir & Dam,795309515.52648
capital,StorageUnit,BA0 0,Pumped Hydro Storage,80387443.22041
capital,StorageUnit,BA0 0,Reservoir & Dam,324016205.79865
capital,StorageUnit,BE0 0,Pumped Hydro Storage,238969944.84614
capital,StorageUnit,BE0 0,Reservoir & Dam,2326790.57208
capital,StorageUnit,BG0 0,Pumped Hydro Storage,157851706.68736
capital,StorageUnit,BG0 0,Reservoir & Dam,351720641.91216
capital,StorageUnit,CH0 0,Pumped Hydro Storage,933142921.86461
capital,StorageUnit,CH0 0,Reservoir & Dam,1910456916.79149
capital,StorageUnit,CZ0 0,Pumped Hydro Storage,214672758.22305
capital,StorageUnit,CZ0 0,Reservoir & Dam,122953307.34807
capital,StorageUnit,DE0 0,Pumped Hydro Storage,58463595.06939
capital,StorageUnit,DE0 1,Pumped Hydro Storage,283200943.09336
capital,StorageUnit,DE0 2,Pumped Hydro Storage,380652813.52212
capital,StorageUnit,DE0 3,Pumped Hydro Storage,107885064.36636
capital,StorageUnit,DE0 4,Pumped Hydro Storage,310204181.4635
capital,StorageUnit,DE0 5,Pumped Hydro Storage,182662194.84493
capital,StorageUnit,ES0 0,Pumped Hydro Storage,1369939056.52681
capital,StorageUnit,ES0 0,Reservoir & Dam,2495507959.01041
capital,StorageUnit,ES6 0,Pumped Hydro Storage,250735743.35386
capital,StorageUnit,ES6 0,Reservoir & Dam,230966826.77735
capital,StorageUnit,FI1 0,Reservoir & Dam,213940218.20706
capital,StorageUnit,FR0 0,Pumped Hydro Storage,147620577.55022
capital,StorageUnit,FR0 1,Pumped Hydro Storage,640779271.834
capital,StorageUnit,FR0 1,Reservoir & Dam,860935785.39339
capital,StorageUnit,FR0 2,Pumped Hydro Storage,168265534.55909
capital,StorageUnit,FR0 2,Reservoir & Dam,655378064.4141
capital,StorageUnit,FR0 4,Reservoir & Dam,25395124.10827
capital,StorageUnit,FR5 0,Reservoir & Dam,24657347.05265
capital,StorageUnit,GB2 0,Reservoir & Dam,14524549.40005
capital,StorageUnit,GB3 0,Pumped Hydro Storage,80387443.22041
capital,StorageUnit,GB3 0,Reservoir & Dam,25943220.31204
capital,StorageUnit,GR0 0,Pumped Hydro Storage,127706415.4797
capital,StorageUnit,GR0 0,Reservoir & Dam,468804952.96269
capital,StorageUnit,HR0 0,Pumped Hydro Storage,44889079.08922
capital,StorageUnit,HR0 0,Reservoir & Dam,265352456.70155
capital,StorageUnit,HU0 0,Reservoir & Dam,5115564.56857
capital,StorageUnit,IE3 0,Pumped Hydro Storage,71617903.96001
capital,StorageUnit,IE3 0,Reservoir & Dam,182698.73459
capital,StorageUnit,IT0 0,Pumped Hydro Storage,437746168.08208
capital,StorageUnit,IT0 0,Reservoir & Dam,133187377.51746
capital,StorageUnit,IT0 1,Pumped Hydro Storage,901782684.07192
capital,StorageUnit,IT0 1,Reservoir & Dam,618946773.05027
capital,StorageUnit,IT4 0,Pumped Hydro Storage,43847696.30204
capital,StorageUnit,IT4 0,Reservoir & Dam,14250501.29816
capital,StorageUnit,LT0 0,Pumped Hydro Storage,164428861.13267
capital,StorageUnit,LU0 0,Pumped Hydro Storage,236412162.56186
capital,StorageUnit,ME0 0,Pumped Hydro Storage,56088511.5197
capital,StorageUnit,ME0 0,Reservoir & Dam,63023938.18354
capital,StorageUnit,MK0 0,Reservoir & Dam,67781230.53358
capital,StorageUnit,NO1 0,Pumped Hydro Storage,42806313.51487
capital,StorageUnit,NO1 0,Reservoir & Dam,5530456951.94381
capital,StorageUnit,PL0 0,Pumped Hydro Storage,465516375.74004
capital,StorageUnit,PL0 0,Reservoir & Dam,24297768.01451
capital,StorageUnit,PT0 0,Pumped Hydro Storage,716727135.80383
capital,StorageUnit,PT0 0,Reservoir & Dam,211820912.88579
capital,StorageUnit,RO0 0,Reservoir & Dam,812998407.00966
capital,StorageUnit,RS0 0,Pumped Hydro Storage,112177023.0394
capital,StorageUnit,RS0 0,Reservoir & Dam,144350270.20102
capital,StorageUnit,SE1 0,Pumped Hydro Storage,16808283.58245
capital,StorageUnit,SE1 0,Reservoir & Dam,1987613629.76376
capital,StorageUnit,SI0 0,Pumped Hydro Storage,32885772.22653
capital,StorageUnit,SI0 0,Reservoir & Dam,105269183.88448
capital,StorageUnit,SK0 0,Pumped Hydro Storage,150273363.17649
capital,StorageUnit,SK0 0,Reservoir & Dam,51594122.64874
capital,StorageUnit,XK0 0,Reservoir & Dam,6394455.71071
capital,Store,AL0 0,Battery Storage,5846.46682
capital,Store,AL0 0,H2 Store,2645.43908
capital,Store,AL0 0,co2 stored,2572.22899
capital,Store,AL0 0,gas,39574.19848
capital,Store,AL0 0,home battery,9122.41824
capital,Store,AT0 0,Battery Storage,3809.77489
capital,Store,AT0 0,H2 Store,2568.21344
capital,Store,AT0 0,co2 stored,2563.56445
capital,Store,AT0 0,gas,1558085397.45102
capital,Store,AT0 0,home battery,2746.44903
capital,Store,BA0 0,Battery Storage,4742.00175
capital,Store,BA0 0,H2 Store,2594.53568
capital,Store,BA0 0,co2 stored,2560.58975
capital,Store,BA0 0,gas,29756.20771
capital,Store,BA0 0,home battery,20693.59714
capital,Store,BE0 0,Battery Storage,2987.25442
capital,Store,BE0 0,H2 Store,2571.86943
capital,Store,BE0 0,co2 stored,2721.00456
capital,Store,BE0 0,gas,9733952.9077
capital,Store,BE0 0,home battery,2756.32527
capital,Store,BG0 0,Battery Storage,5843.75091
capital,Store,BG0 0,H2 Store,2570.9477
capital,Store,BG0 0,co2 sequestered,11004829.01743
capital,Store,BG0 0,co2 stored,2550.2141
capital,Store,BG0 0,gas,101394890.93594
capital,Store,BG0 0,home battery,21902.42235
capital,Store,CH0 0,Battery Storage,3830.46783
capital,Store,CH0 0,H2 Store,2568.32042
capital,Store,CH0 0,co2 stored,2774.6166
capital,Store,CH0 0,gas,76236.18274
capital,Store,CH0 0,home battery,15162.71219
capital,Store,CZ0 0,Battery Storage,3455.4106
capital,Store,CZ0 0,H2 Store,2567.74505
capital,Store,CZ0 0,co2 stored,2556.43303
capital,Store,CZ0 0,gas,655370097.18035
capital,Store,CZ0 0,home battery,9075.04503
capital,Store,DE0 0,Battery Storage,3165.4785
capital,Store,DE0 0,H2 Store,2676.24427
capital,Store,DE0 0,co2 sequestered,44977487.64991
capital,Store,DE0 0,co2 stored,2550.2353
capital,Store,DE0 0,gas,1646927642.41919
capital,Store,DE0 0,home battery,2764.7031
capital,Store,DE0 1,Battery Storage,3218.39749
capital,Store,DE0 1,H2 Store,2549.19698
capital,Store,DE0 1,co2 stored,2569.11616
capital,Store,DE0 1,gas,619967271.5771
capital,Store,DE0 1,home battery,2767.98599
capital,Store,DE0 2,Battery Storage,3239.41084
capital,Store,DE0 2,H2 Store,2861.89459
capital,Store,DE0 2,co2 sequestered,44567221.83035
capital,Store,DE0 2,co2 stored,2550.15204
capital,Store,DE0 2,gas,1124457313.66942
capital,Store,DE0 2,home battery,2756.2753
capital,Store,DE0 3,Battery Storage,3364.76304
capital,Store,DE0 3,H2 Store,2563.91323
capital,Store,DE0 3,co2 stored,2570.22827
capital,Store,DE0 3,gas,604676657.33956
capital,Store,DE0 3,home battery,2752.14235
capital,Store,DE0 4,Battery Storage,3354.66218
capital,Store,DE0 4,H2 Store,2563.52677
capital,Store,DE0 4,co2 stored,2646.79074
capital,Store,DE0 4,gas,107937875.39348
capital,Store,DE0 4,home battery,2732.16566
capital,Store,DE0 5,Battery Storage,3273.91684
capital,Store,DE0 5,H2 Store,2634.22151
capital,Store,DE0 5,co2 stored,2553.03615
capital,Store,DE0 5,gas,617601017.75547
capital,Store,DE0 5,home battery,2747.4949
capital,Store,DK0 0,Battery Storage,3487.38662
capital,Store,DK0 0,H2 Store,2914.18492
capital,Store,DK0 0,co2 sequestered,10259.47659
capital,Store,DK0 0,co2 stored,2585.37176
capital,Store,DK0 0,gas,67934700.15956
capital,Store,DK0 0,home battery,7119.92945
capital,Store,DK1 0,Battery Storage,3514.50814
capital,Store,DK1 0,H2 Store,2142.65006
capital,Store,DK1 0,co2 sequestered,9246.07811
capital,Store,DK1 0,co2 stored,2599.26427
capital,Store,DK1 0,gas,121673751.50417
capital,Store,DK1 0,home battery,9108.28216
capital,Store,EE0 0,Battery Storage,2837.95421
capital,Store,EE0 0,H2 Store,2565.35529
capital,Store,EE0 0,co2 sequestered,6894202.68143
capital,Store,EE0 0,co2 stored,2551.19948
capital,Store,EE0 0,gas,370443.8656
capital,Store,EE0 0,home battery,9762.41231
capital,Store,ES0 0,Battery Storage,9274.10541
capital,Store,ES0 0,H2 Store,2684.56667
capital,Store,ES0 0,co2 sequestered,23451.65035
capital,Store,ES0 0,co2 stored,2590.15654
capital,Store,ES0 0,gas,739154710.826
capital,Store,ES0 0,home battery,10144.51292
capital,Store,ES6 0,Battery Storage,2733.35608
capital,Store,ES6 0,H2 Store,2558.74217
capital,Store,ES6 0,co2 stored,2552.52016
capital,Store,ES6 0,gas,76330.22984
capital,Store,ES6 0,home battery,10293.63735
capital,Store,EU,ammonia store,138920.39342
capital,Store,EU,methanol,0.0
capital,Store,EU,uranium,12846280086.74378
capital,Store,FI1 0,Battery Storage,2632.0661
capital,Store,FI1 0,H2 Store,2556.27963
capital,Store,FI1 0,co2 stored,2771.03281
capital,Store,FI1 0,gas,10272434.27729
capital,Store,FI1 0,home battery,8116.90227
capital,Store,FR0 0,Battery Storage,4051.56832
capital,Store,FR0 0,H2 Store,2584.36552
capital,Store,FR0 0,co2 stored,92445.01404
capital,Store,FR0 0,gas,1806247422.20156
capital,Store,FR0 0,home battery,14116.85645
capital,Store,FR0 1,Battery Storage,4129.55192
capital,Store,FR0 1,H2 Store,2713.01465
capital,Store,FR0 1,co2 stored,3495.62989
capital,Store,FR0 1,gas,146008995.15914
capital,Store,FR0 1,home battery,13232.92877
capital,Store,FR0 2,Battery Storage,5327.02379
capital,Store,FR0 2,H2 Store,2584.59459
capital,Store,FR0 2,co2 stored,22924.01674
capital,Store,FR0 2,gas,588089199.54234
capital,Store,FR0 2,home battery,20472.38843
capital,Store,FR0 3,Battery Storage,4390.15371
capital,Store,FR0 3,H2 Store,2588.34072
capital,Store,FR0 3,co2 stored,36445.61143
capital,Store,FR0 3,gas,2563.68414
capital,Store,FR0 3,home battery,15744.91696
capital,Store,FR0 4,Battery Storage,4004.12586
capital,Store,FR0 4,H2 Store,2615.25801
capital,Store,FR0 4,co2 stored,3738.16193
capital,Store,FR0 4,gas,256201380.47894
capital,Store,FR0 4,home battery,14271.0022
capital,Store,FR5 0,Battery Storage,8837.08356
capital,Store,FR5 0,H2 Store,2566.01994
capital,Store,FR5 0,co2 stored,2550.84213
capital,Store,FR5 0,gas,96544.17552
capital,Store,FR5 0,home battery,143661.1828
capital,Store,GB2 0,Battery Storage,2965.82189
capital,Store,GB2 0,H2 Store,2732.92073
capital,Store,GB2 0,co2 sequestered,25813.45837
capital,Store,GB2 0,co2 stored,2596.15717
capital,Store,GB2 0,gas,586813499.23058
capital,Store,GB2 0,home battery,8221.77211
capital,Store,GB2 1,Battery Storage,2967.68953
capital,Store,GB2 1,H2 Store,2717.58777
capital,Store,GB2 1,co2 sequestered,25113.78801
capital,Store,GB2 1,co2 stored,2573.84406
capital,Store,GB2 1,gas,1806246393.42634
capital,Store,GB2 1,home battery,7977.4875
capital,Store,GB3 0,Battery Storage,2915.77614
capital,Store,GB3 0,H2 Store,2577.2636
capital,Store,GB3 0,co2 stored,2554.39025
capital,Store,GB3 0,gas,83830428.74455
capital,Store,GB3 0,home battery,7936.74643
capital,Store,GR0 0,Battery Storage,5319.17775
capital,Store,GR0 0,H2 Store,2631.1701
capital,Store,GR0 0,co2 sequestered,9621.47047
capital,Store,GR0 0,co2 stored,2584.73112
capital,Store,GR0 0,gas,83831134.70199
capital,Store,GR0 0,home battery,10010.77168
capital,Store,HR0 0,Battery Storage,4667.47791
capital,Store,HR0 0,H2 Store,2570.26686
capital,Store,HR0 0,co2 stored,2557.52456
capital,Store,HR0 0,gas,179142632.84363
capital,Store,HR0 0,home battery,3588.64341
capital,Store,HU0 0,Battery Storage,4506.29569
capital,Store,HU0 0,H2 Store,2570.45823
capital,Store,HU0 0,co2 stored,2554.60462
capital,Store,HU0 0,gas,1593554184.07887
capital,Store,HU0 0,home battery,2706.18191
capital,Store,IE3 0,Battery Storage,2925.91845
capital,Store,IE3 0,H2 Store,2563.51836
capital,Store,IE3 0,co2 sequestered,18203.53964
capital,Store,IE3 0,co2 stored,2566.45662
capital,Store,IE3 0,gas,167662019.15177
capital,Store,IE3 0,home battery,4234.77041
capital,Store,IT0 0,Battery Storage,5314.60539
capital,Store,IT0 0,H2 Store,2564.76399
capital,Store,IT0 0,co2 sequestered,5183.72819
capital,Store,IT0 0,co2 stored,2584.9922
capital,Store,IT0 0,gas,862076163.58962
capital,Store,IT0 0,home battery,10914.40703
capital,Store,IT0 1,Battery Storage,4309.79859
capital,Store,IT0 1,H2 Store,2566.24073
capital,Store,IT0 1,co2 sequestered,87883096.59043
capital,Store,IT0 1,co2 stored,2550.23131
capital,Store,IT0 1,gas,1806247153.59971
capital,Store,IT0 1,home battery,9455.30621
capital,Store,IT4 0,Battery Storage,8929.51449
capital,Store,IT4 0,H2 Store,2571.22188
capital,Store,IT4 0,co2 stored,2552.02913
capital,Store,IT4 0,gas,1133468.60586
capital,Store,IT4 0,home battery,4561.05123
capital,Store,LT0 0,Battery Storage,2805.9395
capital,Store,LT0 0,H2 Store,2562.11178
capital,Store,LT0 0,co2 sequestered,8547313.6322
capital,Store,LT0 0,co2 stored,2550.37479
capital,Store,LT0 0,gas,2564.22357
capital,Store,LT0 0,home battery,2644.20554
capital,Store,LU0 0,Battery Storage,4069.41184
capital,Store,LU0 0,H2 Store,2587.2609
capital,Store,LU0 0,co2 stored,2776.90295
capital,Store,LU0 0,gas,160780.90578
capital,Store,LU0 0,home battery,2900.89876
capital,Store,LV0 0,Battery Storage,2794.95247
capital,Store,LV0 0,H2 Store,2561.78931
capital,Store,LV0 0,co2 sequestered,11704721.64031
capital,Store,LV0 0,co2 stored,2550.48475
capital,Store,LV0 0,gas,435997578.42963
capital,Store,LV0 0,home battery,5865.8369
capital,Store,ME0 0,Battery Storage,5438.27031
capital,Store,ME0 0,H2 Store,2571.76272
capital,Store,ME0 0,co2 stored,2565.86679
capital,Store,ME0 0,gas,9838.3757
capital,Store,ME0 0,home battery,9349.38006
capital,Store,MK0 0,Battery Storage,5576.22282
capital,Store,MK0 0,H2 Store,2571.12301
capital,Store,MK0 0,co2 stored,2601.84569
capital,Store,MK0 0,gas,30092.29362
capital,Store,MK0 0,home battery,22438.98177
capital,Store,NL0 0,Battery Storage,3183.94801
capital,Store,NL0 0,H2 Store,2907.80136
capital,Store,NL0 0,co2 sequestered,149835.9187
capital,Store,NL0 0,co2 stored,2553.85635
capital,Store,NL0 0,gas,1806248717.77495
capital,Store,NL0 0,home battery,4271.10418
capital,Store,NO1 0,Battery Storage,2580.71122
capital,Store,NO1 0,H2 Store,2556.04655
capital,Store,NO1 0,co2 sequestered,6885.09543
capital,Store,NO1 0,co2 stored,2576.38567
capital,Store,NO1 0,gas,2564.73933
capital,Store,NO1 0,home battery,9310.34171
capital,Store,PL0 0,Battery Storage,3546.09297
capital,Store,PL0 0,H2 Store,2670.42582
capital,Store,PL0 0,co2 sequestered,45365188.20705
capital,Store,PL0 0,co2 stored,2550.22768
capital,Store,PL0 0,gas,1806246729.26195
capital,Store,PL0 0,home battery,7482.65156
capital,Store,PT0 0,Battery Storage,8643.34051
capital,Store,PT0 0,H2 Store,2768.04588
capital,Store,PT0 0,co2 sequestered,22283.51827
capital,Store,PT0 0,co2 stored,2590.08195
capital,Store,PT0 0,gas,83830840.3714
capital,Store,PT0 0,home battery,28514.62824
capital,Store,RO0 0,Battery Storage,5205.65958
capital,Store,RO0 0,H2 Store,2602.67065
capital,Store,RO0 0,co2 stored,2558.08222
capital,Store,RO0 0,gas,925471602.85708
capital,Store,RO0 0,home battery,2820.48238
capital,Store,RS0 0,Battery Storage,5208.83626
capital,Store,RS0 0,H2 Store,2572.13981
capital,Store,RS0 0,co2 stored,2560.88142
capital,Store,RS0 0,gas,83831315.12106
capital,Store,RS0 0,home battery,23241.3406
capital,Store,SE1 0,Battery Storage,2626.64492
capital,Store,SE1 0,H2 Store,2552.01966
capital,Store,SE1 0,co2 sequestered,145058638.71616
capital,Store,SE1 0,co2 stored,2551.07227
capital,Store,SE1 0,gas,63878736.81075
capital,Store,SE1 0,home battery,9512.4309
capital,Store,SI0 0,Battery Storage,4400.09621
capital,Store,SI0 0,H2 Store,2568.66684
capital,Store,SI0 0,co2 stored,2558.02102
capital,Store,SI0 0,gas,112157.90333
capital,Store,SI0 0,home battery,2737.03731
capital,Store,SK0 0,Battery Storage,4180.62784
capital,Store,SK0 0,H2 Store,2570.19823
capital,Store,SK0 0,co2 stored,2553.43981
capital,Store,SK0 0,gas,608401736.37013
capital,Store,SK0 0,home battery,2675.31368
capital,Store,XK0 0,Battery Storage,5365.3807
capital,Store,XK0 0,H2 Store,2570.87578
capital,Store,XK0 0,co2 stored,2574.19814
capital,Store,XK0 0,gas,3283.42621
capital,Store,XK0 0,home battery,17950.68549
marginal,Generator,,co2-ets,22674546851.72749
marginal,Generator,AL0 0,Offshore Wind (AC),0.24602
marginal,Generator,AL0 0,Offshore Wind (Floating),0.26026
marginal,Generator,AL0 0,Onshore Wind,2169.8426
marginal,Generator,AL0 0,Run of River,2026.18789
marginal,Generator,AL0 0,Solar,8578.75037
marginal,Generator,AL0 0,forest residues,6442968.26329
marginal,Generator,AL0 0,industry wood,3918999.91195
marginal,Generator,AL0 0,landscape care,711.28949
marginal,Generator,AL0 0,manure and slurry,888.88572
marginal,Generator,AL0 0,municipal solid waste,1997.27442
marginal,Generator,AL0 0,rural heat vent,1.55333
marginal,Generator,AL0 0,rural solar thermal,0.12071
marginal,Generator,AL0 0,sewage sludge,1020.78036
marginal,Generator,AL0 0,solar-hsat,164905.95969
marginal,Generator,AL0 0,solid biomass,3305.27607
marginal,Generator,AL0 0,straw,763.21258
marginal,Generator,AL0 0,unsustainable solid biomass,17849767.35378
marginal,Generator,AL0 0,urban central heat vent,0.64385
marginal,Generator,AL0 0,urban central solar thermal,0.78815
marginal,Generator,AL0 0,urban decentral heat vent,1.66024
marginal,Generator,AL0 0,urban decentral solar thermal,0.1366
marginal,Generator,AT0 0,Onshore Wind,99144.20276
marginal,Generator,AT0 0,Run of River,187369.17595
marginal,Generator,AT0 0,Solar,8953.27855
marginal,Generator,AT0 0,forest residues,138821368.62707
marginal,Generator,AT0 0,gas,384494520.15304
marginal,Generator,AT0 0,industry wood,78655004.94407
marginal,Generator,AT0 0,landscape care,4082158.0784
marginal,Generator,AT0 0,manure and slurry,688.65009
marginal,Generator,AT0 0,municipal solid waste,7603.8778
marginal,Generator,AT0 0,rural solar thermal,0.0885
marginal,Generator,AT0 0,sewage sludge,643.95319
marginal,Generator,AT0 0,solar-hsat,964900.13687
marginal,Generator,AT0 0,solid biomass,1650.82734
marginal,Generator,AT0 0,straw,821.93736
marginal,Generator,AT0 0,unsustainable biogas,102843419.13026
marginal,Generator,AT0 0,unsustainable bioliquids,420169818.1406
marginal,Generator,AT0 0,unsustainable solid biomass,520594104.8542
marginal,Generator,AT0 0,urban central heat vent,0.6396
marginal,Generator,AT0 0,urban central solar thermal,0.3513
marginal,Generator,AT0 0,urban decentral heat vent,0.35955
marginal,Generator,AT0 0,urban decentral solar thermal,0.08157
marginal,Generator,BA0 0,Offshore Wind (AC),0.089
marginal,Generator,BA0 0,Offshore Wind (Floating),0.03606
marginal,Generator,BA0 0,Onshore Wind,4336.73438
marginal,Generator,BA0 0,Solar,7118.07588
marginal,Generator,BA0 0,forest residues,8076024.52828
marginal,Generator,BA0 0,industry wood,13288139.17888
marginal,Generator,BA0 0,landscape care,1550.14702
marginal,Generator,BA0 0,manure and slurry,664.21769
marginal,Generator,BA0 0,municipal solid waste,684.44485
marginal,Generator,BA0 0,rural heat vent,3.88818
marginal,Generator,BA0 0,rural solar thermal,0.06058
marginal,Generator,BA0 0,sewage sludge,732.45002
marginal,Generator,BA0 0,solar-hsat,174967.08797
marginal,Generator,BA0 0,solid biomass,3277.82795
marginal,Generator,BA0 0,straw,564.55101
marginal,Generator,BA0 0,unsustainable biogas,766897.43085
marginal,Generator,BA0 0,unsustainable solid biomass,161937821.74058
marginal,Generator,BA0 0,urban central heat vent,0.68494
marginal,Generator,BA0 0,urban central solar thermal,0.63935
marginal,Generator,BA0 0,urban decentral heat vent,3.78455
marginal,Generator,BA0 0,urban decentral solar thermal,0.06027
marginal,Generator,BE0 0,Offshore Wind (AC),249746.50121
marginal,Generator,BE0 0,Offshore Wind (DC),102610.87513
marginal,Generator,BE0 0,Offshore Wind (Floating),0.37983
marginal,Generator,BE0 0,Onshore Wind,455518.50927
marginal,Generator,BE0 0,Run of River,3027.20492
marginal,Generator,BE0 0,Solar,9857.21242
marginal,Generator,BE0 0,forest residues,41727832.66251
marginal,Generator,BE0 0,gas,3728206945.978
marginal,Generator,BE0 0,industry wood,11815772.194
marginal,Generator,BE0 0,landscape care,5046510.6496
marginal,Generator,BE0 0,manure and slurry,982.56243
marginal,Generator,BE0 0,municipal solid waste,33315.87871
marginal,Generator,BE0 0,rural solar thermal,0.00899
marginal,Generator,BE0 0,sewage sludge,759.26558
marginal,Generator,BE0 0,solar-hsat,26148.32559
marginal,Generator,BE0 0,solid biomass,35678266.41034
marginal,Generator,BE0 0,straw,654.98628
marginal,Generator,BE0 0,unsustainable biogas,111023938.58938
marginal,Generator,BE0 0,unsustainable bioliquids,481334911.76318
marginal,Generator,BE0 0,unsustainable solid biomass,133293236.13773
marginal,Generator,BE0 0,urban central heat vent,0.48286
marginal,Generator,BE0 0,urban central solar thermal,0.16532
marginal,Generator,BE0 0,urban decentral heat vent,0.56009
marginal,Generator,BE0 0,urban decentral solar thermal,0.02998
marginal,Generator,BG0 0,Offshore Wind (AC),0.78988
marginal,Generator,BG0 0,Offshore Wind (DC),1.31671
marginal,Generator,BG0 0,Offshore Wind (Floating),0.49514
marginal,Generator,BG0 0,Onshore Wind,16268.66564
marginal,Generator,BG0 0,Run of River,1692.56509
marginal,Generator,BG0 0,Solar,65400.76503
marginal,Generator,BG0 0,forest residues,65874752.60427
marginal,Generator,BG0 0,gas,1669096837.10994
marginal,Generator,BG0 0,industry wood,19934017.39023
marginal,Generator,BG0 0,landscape care,4458026.46802
marginal,Generator,BG0 0,manure and slurry,676.65126
marginal,Generator,BG0 0,municipal solid waste,3104.6909
marginal,Generator,BG0 0,rural solar thermal,0.1285
marginal,Generator,BG0 0,sewage sludge,141.2484
marginal,Generator,BG0 0,solar-hsat,317409.22514
marginal,Generator,BG0 0,solid biomass,3158.40224
marginal,Generator,BG0 0,straw,761.0052
marginal,Generator,BG0 0,unsustainable biogas,24422865.6083
marginal,Generator,BG0 0,unsustainable bioliquids,174227523.19025
marginal,Generator,BG0 0,unsustainable solid biomass,180764320.99435
marginal,Generator,BG0 0,urban central heat vent,5.41375
marginal,Generator,BG0 0,urban central solar thermal,0.43388
marginal,Generator,BG0 0,urban decentral heat vent,3.65097
marginal,Generator,BG0 0,urban decentral solar thermal,0.09766
marginal,Generator,CH0 0,Onshore Wind,572.41175
marginal,Generator,CH0 0,Run of River,102395.18506
marginal,Generator,CH0 0,Solar,2485.90727
marginal,Generator,CH0 0,forest residues,173376117.70282
marginal,Generator,CH0 0,industry wood,76659204.26442
marginal,Generator,CH0 0,landscape care,16177.35456
marginal,Generator,CH0 0,manure and slurry,825.11788
marginal,Generator,CH0 0,municipal solid waste,68039.66926
marginal,Generator,CH0 0,rural solar thermal,0.03454
marginal,Generator,CH0 0,sewage sludge,1067.14967
marginal,Generator,CH0 0,solar-hsat,1090590.63193
marginal,Generator,CH0 0,solid biomass,1646.81431
marginal,Generator,CH0 0,straw,1051.17791
marginal,Generator,CH0 0,unsustainable solid biomass,1602.67389
marginal,Generator,CH0 0,urban central heat vent,72.7587
marginal,Generator,CH0 0,urban central solar thermal,0.31456
marginal,Generator,CH0 0,urban decentral heat vent,3.86393
marginal,Generator,CH0 0,urban decentral solar thermal,0.04148
marginal,Generator,CZ0 0,Onshore Wind,5516.16528
marginal,Generator,CZ0 0,Run of River,1292.38565
marginal,Generator,CZ0 0,Solar,29513.4192
marginal,Generator,CZ0 0,forest residues,105283658.42186
marginal,Generator,CZ0 0,industry wood,51904474.53462
marginal,Generator,CZ0 0,landscape care,9266771.96629
marginal,Generator,CZ0 0,manure and slurry,1094.18198
marginal,Generator,CZ0 0,municipal solid waste,3726.27411
marginal,Generator,CZ0 0,rural solar thermal,0.04037
marginal,Generator,CZ0 0,sewage sludge,630.37654
marginal,Generator,CZ0 0,solar-hsat,29586.43764
marginal,Generator,CZ0 0,solid biomass,2345.1817
marginal,Generator,CZ0 0,straw,551.66744
marginal,Generator,CZ0 0,unsustainable biogas,278553988.90804
marginal,Generator,CZ0 0,unsustainable bioliquids,295370615.1478
marginal,Generator,CZ0 0,unsustainable solid biomass,375901929.44723
marginal,Generator,CZ0 0,urban central heat vent,0.66233
marginal,Generator,CZ0 0,urban central solar thermal,0.19837
marginal,Generator,CZ0 0,urban decentral heat vent,1.5186
marginal,Generator,CZ0 0,urban decentral solar thermal,0.04348
marginal,Generator,DE0 0,Offshore Wind (AC),239830.92504
marginal,Generator,DE0 0,Offshore Wind (DC),199990.27289
marginal,Generator,DE0 0,Offshore Wind (Floating),0.29454
marginal,Generator,DE0 0,Onshore Wind,847816.61687
marginal,Generator,DE0 0,Run of River,3230.84442
marginal,Generator,DE0 0,Solar,53586.13857
marginal,Generator,DE0 0,forest residues,86035080.97122
marginal,Generator,DE0 0,gas,2828166052.09977
marginal,Generator,DE0 0,industry wood,37415349.14411
marginal,Generator,DE0 0,landscape care,3005706.32865
marginal,Generator,DE0 0,manure and slurry,927.56393
marginal,Generator,DE0 0,municipal solid waste,18363.35771
marginal,Generator,DE0 0,rural solar thermal,0.0371
marginal,Generator,DE0 0,sewage sludge,606.69665
marginal,Generator,DE0 0,solar-hsat,13.39115
marginal,Generator,DE0 0,solid biomass,1850.99355
marginal,Generator,DE0 0,straw,931.04135
marginal,Generator,DE0 0,unsustainable biogas,775584721.78867
marginal,Generator,DE0 0,unsustainable bioliquids,805904776.16774
marginal,Generator,DE0 0,unsustainable solid biomass,303365774.96946
marginal,Generator,DE0 0,urban central heat vent,6.58864
marginal,Generator,DE0 0,urban central solar thermal,0.1215
marginal,Generator,DE0 0,urban decentral heat vent,0.24088
marginal,Generator,DE0 0,urban decentral solar thermal,0.03497
marginal,Generator,DE0 1,Onshore Wind,144909.53704
marginal,Generator,DE0 1,Run of River,10584.35016
marginal,Generator,DE0 1,Solar,83533.41088
marginal,Generator,DE0 1,forest residues,69561170.08303
marginal,Generator,DE0 1,industry wood,29255122.38209
marginal,Generator,DE0 1,landscape care,2349244.91548
marginal,Generator,DE0 1,manure and slurry,647.28341
marginal,Generator,DE0 1,municipal solid waste,9708.97193
marginal,Generator,DE0 1,rural solar thermal,0.03996
marginal,Generator,DE0 1,sewage sludge,587.22463
marginal,Generator,DE0 1,solar-hsat,67141.99395
marginal,Generator,DE0 1,solid biomass,1825.03704
marginal,Generator,DE0 1,straw,936.43522
marginal,Generator,DE0 1,unsustainable biogas,469206850.95482
marginal,Generator,DE0 1,unsustainable bioliquids,487563065.68595
marginal,Generator,DE0 1,unsustainable solid biomass,183533877.21292
marginal,Generator,DE0 1,urban central heat vent,0.85965
marginal,Generator,DE0 1,urban central solar thermal,0.17143
marginal,Generator,DE0 1,urban decentral heat vent,0.19079
marginal,Generator,DE0 1,urban decentral solar thermal,0.04284
marginal,Generator,DE0 2,Offshore Wind (AC),677668.83142
marginal,Generator,DE0 2,Offshore Wind (DC),2241088.97231
marginal,Generator,DE0 2,Offshore Wind (Floating),0.46981
marginal,Generator,DE0 2,Onshore Wind,387971.67777
marginal,Generator,DE0 2,Run of River,18165.0501
marginal,Generator,DE0 2,Solar,31011.09069
marginal,Generator,DE0 2,forest residues,60831634.16492
marginal,Generator,DE0 2,gas,6450266042.94684
marginal,Generator,DE0 2,industry wood,29223947.56001
marginal,Generator,DE0 2,landscape care,2349393.19842
marginal,Generator,DE0 2,manure and slurry,849.59563
marginal,Generator,DE0 2,municipal solid waste,26902.76596
marginal,Generator,DE0 2,rural solar thermal,0.03277
marginal,Generator,DE0 2,sewage sludge,649.91706
marginal,Generator,DE0 2,solar-hsat,8.68051
marginal,Generator,DE0 2,solid biomass,241967940.60994
marginal,Generator,DE0 2,straw,734.86197
marginal,Generator,DE0 2,unsustainable biogas,546533323.92148
marginal,Generator,DE0 2,unsustainable bioliquids,567912172.34963
marginal,Generator,DE0 2,unsustainable solid biomass,213816694.67579
marginal,Generator,DE0 2,urban central heat vent,1.30901
marginal,Generator,DE0 2,urban central solar thermal,0.16496
marginal,Generator,DE0 2,urban decentral heat vent,0.22345
marginal,Generator,DE0 2,urban decentral solar thermal,0.03099
marginal,Generator,DE0 3,Onshore Wind,13777.05917
marginal,Generator,DE0 3,Run of River,120666.61072
marginal,Generator,DE0 3,Solar,104532.84114
marginal,Generator,DE0 3,forest residues,102409408.65174
marginal,Generator,DE0 3,industry wood,41052607.84069
marginal,Generator,DE0 3,landscape care,3291504.21466
marginal,Generator,DE0 3,manure and slurry,651.44348
marginal,Generator,DE0 3,municipal solid waste,13577.23648
marginal,Generator,DE0 3,rural solar thermal,0.05964
marginal,Generator,DE0 3,sewage sludge,608.15849
marginal,Generator,DE0 3,solar-hsat,493215.8268
marginal,Generator,DE0 3,solid biomass,1812.1347
marginal,Generator,DE0 3,straw,995.16986
marginal,Generator,DE0 3,unsustainable biogas,589808995.35122
marginal,Generator,DE0 3,unsustainable bioliquids,612885238.03971
marginal,Generator,DE0 3,unsustainable solid biomass,230718392.61281
marginal,Generator,DE0 3,urban central heat vent,0.74124
marginal,Generator,DE0 3,urban central solar thermal,0.24899
marginal,Generator,DE0 3,urban decentral heat vent,0.20847
marginal,Generator,DE0 3,urban decentral solar thermal,0.05932
marginal,Generator,DE0 4,Onshore Wind,100826.29738
marginal,Generator,DE0 4,Run of River,38348.59599
marginal,Generator,DE0 4,Solar,49932.07876
marginal,Generator,DE0 4,forest residues,86917036.4095
marginal,Generator,DE0 4,industry wood,40439153.82043
marginal,Generator,DE0 4,landscape care,3244681.02652
marginal,Generator,DE0 4,manure and slurry,744.76008
marginal,Generator,DE0 4,municipal solid waste,21930.37156
marginal,Generator,DE0 4,rural solar thermal,0.04848
marginal,Generator,DE0 4,sewage sludge,641.85428
marginal,Generator,DE0 4,solar-hsat,291217.29663
marginal,Generator,DE0 4,solid biomass,2565.10209
marginal,Generator,DE0 4,straw,872.25973
marginal,Generator,DE0 4,unsustainable biogas,577219054.79468
marginal,Generator,DE0 4,unsustainable bioliquids,599786646.74423
marginal,Generator,DE0 4,unsustainable solid biomass,225805345.94895
marginal,Generator,DE0 4,urban central heat vent,0.5055
marginal,Generator,DE0 4,urban central solar thermal,0.2889
marginal,Generator,DE0 4,urban decentral heat vent,0.21881
marginal,Generator,DE0 4,urban decentral solar thermal,0.04885
marginal,Generator,DE0 5,Offshore Wind (AC),235787.29546
marginal,Generator,DE0 5,Offshore Wind (DC),32531.32945
marginal,Generator,DE0 5,Offshore Wind (Floating),0.38476
marginal,Generator,DE0 5,Onshore Wind,731526.75219
marginal,Generator,DE0 5,Run of River,4161.67358
marginal,Generator,DE0 5,Solar,239397.72432
marginal,Generator,DE0 5,forest residues,97055267.67393
marginal,Generator,DE0 5,gas,2024003325.94868
marginal,Generator,DE0 5,industry wood,40168555.96956
marginal,Generator,DE0 5,landscape care,3229013.99792
marginal,Generator,DE0 5,manure and slurry,643.33634
marginal,Generator,DE0 5,municipal solid waste,18053.68781
marginal,Generator,DE0 5,rural solar thermal,0.04768
marginal,Generator,DE0 5,sewage sludge,586.94315
marginal,Generator,DE0 5,solar-hsat,183165.73595
marginal,Generator,DE0 5,solid biomass,1913.13351
marginal,Generator,DE0 5,straw,1147.24524
marginal,Generator,DE0 5,unsustainable biogas,681448295.19594
marginal,Generator,DE0 5,unsustainable bioliquids,708105565.66983
marginal,Generator,DE0 5,unsustainable solid biomass,266560766.73493
marginal,Generator,DE0 5,urban central heat vent,2.20568
marginal,Generator,DE0 5,urban central solar thermal,0.15123
marginal,Generator,DE0 5,urban decentral heat vent,0.225
marginal,Generator,DE0 5,urban decentral solar thermal,0.04125
marginal,Generator,DK0 0,Offshore Wind (AC),189471.45689
marginal,Generator,DK0 0,Offshore Wind (DC),5.63217
marginal,Generator,DK0 0,Offshore Wind (Floating),0.83852
marginal,Generator,DK0 0,Onshore Wind,1603165.33963
marginal,Generator,DK0 0,Solar,31231.1472
marginal,Generator,DK0 0,forest residues,17049226.04413
marginal,Generator,DK0 0,gas,1678060169.93041
marginal,Generator,DK0 0,industry wood,6143383.19434
marginal,Generator,DK0 0,landscape care,1932703.56457
marginal,Generator,DK0 0,manure and slurry,1277.16661
marginal,Generator,DK0 0,municipal solid waste,10981.2259
marginal,Generator,DK0 0,rural solar thermal,0.01679
marginal,Generator,DK0 0,sewage sludge,830.39252
marginal,Generator,DK0 0,solar-hsat,3.18411
marginal,Generator,DK0 0,solid biomass,1717.28014
marginal,Generator,DK0 0,straw,767.95208
marginal,Generator,DK0 0,unsustainable biogas,138224482.09168
marginal,Generator,DK0 0,unsustainable bioliquids,2641889.36911
marginal,Generator,DK0 0,unsustainable solid biomass,121956324.19691
marginal,Generator,DK0 0,urban central heat vent,12.50292
marginal,Generator,DK0 0,urban central solar thermal,0.09896
marginal,Generator,DK0 0,urban decentral heat vent,7.16018
marginal,Generator,DK0 0,urban decentral solar thermal,0.02596
marginal,Generator,DK1 0,Offshore Wind (AC),107854.77442
marginal,Generator,DK1 0,Offshore Wind (DC),0.95924
marginal,Generator,DK1 0,Offshore Wind (Floating),0.55889
marginal,Generator,DK1 0,Onshore Wind,631652.40251
marginal,Generator,DK1 0,Solar,10926.65716
marginal,Generator,DK1 0,forest residues,4453339.67674
marginal,Generator,DK1 0,industry wood,1980249.20311
marginal,Generator,DK1 0,landscape care,634547.92244
marginal,Generator,DK1 0,manure and slurry,608.9962
marginal,Generator,DK1 0,municipal solid waste,9930.38075
marginal,Generator,DK1 0,rural solar thermal,0.01478
marginal,Generator,DK1 0,sewage sludge,682.86099
marginal,Generator,DK1 0,solar-hsat,3.20992
marginal,Generator,DK1 0,solid biomass,5435.92204
marginal,Generator,DK1 0,straw,650.15859
marginal,Generator,DK1 0,unsustainable biogas,50461903.13774
marginal,Generator,DK1 0,unsustainable bioliquids,964477.36751
marginal,Generator,DK1 0,unsustainable solid biomass,44527187.92044
marginal,Generator,DK1 0,urban central heat vent,29.40675
marginal,Generator,DK1 0,urban central solar thermal,0.13033
marginal,Generator,DK1 0,urban decentral heat vent,11.36149
marginal,Generator,DK1 0,urban decentral solar thermal,0.03572
marginal,Generator,EE0 0,Offshore Wind (AC),6.9702
marginal,Generator,EE0 0,Offshore Wind (DC),4.52972
marginal,Generator,EE0 0,Offshore Wind (Floating),0.90514
marginal,Generator,EE0 0,Onshore Wind,317911.985
marginal,Generator,EE0 0,Solar,8220.04628
marginal,Generator,EE0 0,forest residues,46333055.95875
marginal,Generator,EE0 0,industry wood,28510059.33629
marginal,Generator,EE0 0,landscape care,1909856.44534
marginal,Generator,EE0 0,manure and slurry,725.14476
marginal,Generator,EE0 0,municipal solid waste,3066.36874
marginal,Generator,EE0 0,rural solar thermal,0.03021
marginal,Generator,EE0 0,sewage sludge,1.06279
marginal,Generator,EE0 0,solar-hsat,19480.01395
marginal,Generator,EE0 0,solid biomass,2493.38387
marginal,Generator,EE0 0,straw,624.84795
marginal,Generator,EE0 0,unsustainable biogas,6651507.24058
marginal,Generator,EE0 0,unsustainable solid biomass,196668539.07806
marginal,Generator,EE0 0,urban central heat vent,2.65537
marginal,Generator,EE0 0,urban central solar thermal,0.10925
marginal,Generator,EE0 0,urban decentral heat vent,1.50789
marginal,Generator,EE0 0,urban decentral solar thermal,0.02409
marginal,Generator,ES0 0,Offshore Wind (AC),1249.23073
marginal,Generator,ES0 0,Offshore Wind (Floating),0.50792
marginal,Generator,ES0 0,Onshore Wind,1044187.48457
marginal,Generator,ES0 0,Run of River,1954.88524
marginal,Generator,ES0 0,Solar,1108799.06231
marginal,Generator,ES0 0,forest residues,155882097.0287
marginal,Generator,ES0 0,gas,7563626946.18492
marginal,Generator,ES0 0,industry wood,56085078.27068
marginal,Generator,ES0 0,landscape care,22170172.08967
marginal,Generator,ES0 0,manure and slurry,1276.62022
marginal,Generator,ES0 0,municipal solid waste,24523.34464
marginal,Generator,ES0 0,rural solar thermal,0.14491
marginal,Generator,ES0 0,sewage sludge,589.5454
marginal,Generator,ES0 0,solar-hsat,2194212.05746
marginal,Generator,ES0 0,solid biomass,1891.83748
marginal,Generator,ES0 0,straw,1179.79089
marginal,Generator,ES0 0,unsustainable biogas,138404069.79821
marginal,Generator,ES0 0,unsustainable bioliquids,2181156362.85451
marginal,Generator,ES0 0,unsustainable solid biomass,557065474.37265
marginal,Generator,ES0 0,urban central heat vent,443.5143
marginal,Generator,ES0 0,urban central solar thermal,0.66924
marginal,Generator,ES0 0,urban decentral heat vent,7.40055
marginal,Generator,ES0 0,urban decentral solar thermal,0.20054
marginal,Generator,ES6 0,Offshore Wind (AC),0.26875
marginal,Generator,ES6 0,Offshore Wind (Floating),0.28708
marginal,Generator,ES6 0,Onshore Wind,1.0133
marginal,Generator,ES6 0,Run of River,2523.71169
marginal,Generator,ES6 0,Solar,8715.9873
marginal,Generator,ES6 0,forest residues,1175835.70788
marginal,Generator,ES6 0,industry wood,491739.77965
marginal,Generator,ES6 0,landscape care,174269.73665
marginal,Generator,ES6 0,manure and slurry,657.31327
marginal,Generator,ES6 0,municipal solid waste,1379.16435
marginal,Generator,ES6 0,rural solar thermal,0.31106
marginal,Generator,ES6 0,sewage sludge,835.04889
marginal,Generator,ES6 0,solar-hsat,43498.35976
marginal,Generator,ES6 0,solid biomass,12177.15385
marginal,Generator,ES6 0,straw,635.14076
marginal,Generator,ES6 0,unsustainable biogas,1083293.16805
marginal,Generator,ES6 0,unsustainable bioliquids,17072425.79981
marginal,Generator,ES6 0,unsustainable solid biomass,4367264.4908
marginal,Generator,ES6 0,urban central heat vent,5.04408
marginal,Generator,ES6 0,urban central solar thermal,0.46245
marginal,Generator,ES6 0,urban decentral heat vent,0.36422
marginal,Generator,ES6 0,urban decentral solar thermal,0.10331
marginal,Generator,EU,co2-ets,188328278179.08603
marginal,Generator,EU,coal,2921810407.78264
marginal,Generator,EU,lignite,633777.1897
marginal,Generator,EU,oil primary,273356714865.0075
marginal,Generator,EU,uranium,6575649889.40231
marginal,Generator,FI1 0,Offshore Wind (AC),20.11677
marginal,Generator,FI1 0,Offshore Wind (DC),199387.9576
marginal,Generator,FI1 0,Offshore Wind (Floating),1.21578
marginal,Generator,FI1 0,Onshore Wind,480032.36773
marginal,Generator,FI1 0,Run of River,80052.56429
marginal,Generator,FI1 0,Solar,2898.92369
marginal,Generator,FI1 0,forest residues,233607768.30882
marginal,Generator,FI1 0,gas,1465645984.79488
marginal,Generator,FI1 0,industry wood,126207156.29417
marginal,Generator,FI1 0,landscape care,7502064.96019
marginal,Generator,FI1 0,manure and slurry,641.88569
marginal,Generator,FI1 0,municipal solid waste,10311.91663
marginal,Generator,FI1 0,rural solar thermal,0.01338
marginal,Generator,FI1 0,sewage sludge,629.52658
marginal,Generator,FI1 0,solar-hsat,68.4221
marginal,Generator,FI1 0,solid biomass,1593.71823
marginal,Generator,FI1 0,straw,802.12665
marginal,Generator,FI1 0,unsustainable biogas,89880898.81083
marginal,Generator,FI1 0,unsustainable bioliquids,430651113.49478
marginal,Generator,FI1 0,unsustainable solid biomass,962779326.58345
marginal,Generator,FI1 0,urban central heat vent,91.62884
marginal,Generator,FI1 0,urban central solar thermal,0.08333
marginal,Generator,FI1 0,urban decentral heat vent,0.59636
marginal,Generator,FI1 0,urban decentral solar thermal,0.0152
marginal,Generator,FR0 0,Offshore Wind (AC),102575.39813
marginal,Generator,FR0 0,Offshore Wind (DC),49.80769
marginal,Generator,FR0 0,Offshore Wind (Floating),0.39523
marginal,Generator,FR0 0,Onshore Wind,666060.41853
marginal,Generator,FR0 0,Solar,30710.42664
marginal,Generator,FR0 0,forest residues,38256115.75697
marginal,Generator,FR0 0,gas,4618397270.29684
marginal,Generator,FR0 0,industry wood,39841966.73696
marginal,Generator,FR0 0,landscape care,7637235.75992
marginal,Generator,FR0 0,manure and slurry,979.20343
marginal,Generator,FR0 0,municipal solid waste,28858.32607
marginal,Generator,FR0 0,rural solar thermal,0.02181
marginal,Generator,FR0 0,sewage sludge,935.69012
marginal,Generator,FR0 0,solar-hsat,2.19962
marginal,Generator,FR0 0,solid biomass,1884.72503
marginal,Generator,FR0 0,straw,1097.62644
marginal,Generator,FR0 0,unsustainable biogas,157963804.3378
marginal,Generator,FR0 0,unsustainable bioliquids,893881045.01765
marginal,Generator,FR0 0,unsustainable solid biomass,391607606.2701
marginal,Generator,FR0 0,urban central heat vent,3.2581
marginal,Generator,FR0 0,urban central solar thermal,0.13488
marginal,Generator,FR0 0,urban decentral heat vent,2.80207
marginal,Generator,FR0 0,urban decentral solar thermal,0.02832
marginal,Generator,FR0 1,Offshore Wind (AC),8706.63238
marginal,Generator,FR0 1,Offshore Wind (Floating),0.91528
marginal,Generator,FR0 1,Onshore Wind,43106.00984
marginal,Generator,FR0 1,Run of River,156793.75358
marginal,Generator,FR0 1,Solar,80025.01405
marginal,Generator,FR0 1,forest residues,48953145.22119
marginal,Generator,FR0 1,gas,2982766095.89639
marginal,Generator,FR0 1,industry wood,48028749.15038
marginal,Generator,FR0 1,landscape care,9204584.51891
marginal,Generator,FR0 1,manure and slurry,731.66374
marginal,Generator,FR0 1,municipal solid waste,16900.76864
marginal,Generator,FR0 1,rural solar thermal,0.09461
marginal,Generator,FR0 1,sewage sludge,765.52042
marginal,Generator,FR0 1,solar-hsat,1234249.64483
marginal,Generator,FR0 1,solid biomass,2162.76013
marginal,Generator,FR0 1,straw,739.78612
marginal,Generator,FR0 1,unsustainable biogas,53988376.77249
marginal,Generator,FR0 1,unsustainable bioliquids,305513007.87558
marginal,Generator,FR0 1,unsustainable solid biomass,133846203.81799
marginal,Generator,FR0 1,urban central heat vent,3.65901
marginal,Generator,FR0 1,urban central solar thermal,0.57215
marginal,Generator,FR0 1,urban decentral heat vent,3.66322
marginal,Generator,FR0 1,urban decentral solar thermal,0.08876
marginal,Generator,FR0 2,Offshore Wind (AC),1.41296
marginal,Generator,FR0 2,Offshore Wind (DC),1.23101
marginal,Generator,FR0 2,Offshore Wind (Floating),0.55985
marginal,Generator,FR0 2,Onshore Wind,106078.1781
marginal,Generator,FR0 2,Run of River,42703.00874
marginal,Generator,FR0 2,Solar,119196.6821
marginal,Generator,FR0 2,forest residues,94721913.73973
marginal,Generator,FR0 2,industry wood,77523104.50876
marginal,Generator,FR0 2,landscape care,14897084.14408
marginal,Generator,FR0 2,manure and slurry,1269.41416
marginal,Generator,FR0 2,municipal solid waste,12546.19273
marginal,Generator,FR0 2,rural solar thermal,0.08528
marginal,Generator,FR0 2,sewage sludge,729.40688
marginal,Generator,FR0 2,solar-hsat,170104.89163
marginal,Generator,FR0 2,solid biomass,1769.32252
marginal,Generator,FR0 2,straw,1005.70745
marginal,Generator,FR0 2,unsustainable biogas,93448685.13896
marginal,Generator,FR0 2,unsustainable bioliquids,528800983.59441
marginal,Generator,FR0 2,unsustainable solid biomass,231671644.57937
marginal,Generator,FR0 2,urban central heat vent,3.31747
marginal,Generator,FR0 2,urban central solar thermal,0.34179
marginal,Generator,FR0 2,urban decentral heat vent,2.79745
marginal,Generator,FR0 2,urban decentral solar thermal,0.06196
marginal,Generator,FR0 3,Offshore Wind (AC),137623.09537
marginal,Generator,FR0 3,Offshore Wind (DC),15.85225
marginal,Generator,FR0 3,Offshore Wind (Floating),1.04844
marginal,Generator,FR0 3,Onshore Wind,206031.05578
marginal,Generator,FR0 3,Solar,18905.67256
marginal,Generator,FR0 3,forest residues,20661760.12099
marginal,Generator,FR0 3,gas,1204562602.70682
marginal,Generator,FR0 3,industry wood,19980635.05659
marginal,Generator,FR0 3,landscape care,3833305.40956
marginal,Generator,FR0 3,manure and slurry,1269.28268
marginal,Generator,FR0 3,municipal solid waste,11987.14829
marginal,Generator,FR0 3,rural solar thermal,0.04418
marginal,Generator,FR0 3,sewage sludge,795.76615
marginal,Generator,FR0 3,solar-hsat,4.04335
marginal,Generator,FR0 3,solid biomass,1822.92455
marginal,Generator,FR0 3,straw,777.43524
marginal,Generator,FR0 3,unsustainable biogas,89437232.43336
marginal,Generator,FR0 3,unsustainable bioliquids,506110438.32734
marginal,Generator,FR0 3,unsustainable solid biomass,221726541.7129
marginal,Generator,FR0 3,urban central heat vent,6.52407
marginal,Generator,FR0 3,urban central solar thermal,0.16401
marginal,Generator,FR0 3,urban decentral heat vent,2.75966
marginal,Generator,FR0 3,urban decentral solar thermal,0.04144
marginal,Generator,FR0 4,Onshore Wind,150332.44611
marginal,Generator,FR0 4,Run of River,50409.60381
marginal,Generator,FR0 4,Solar,23101.5212
marginal,Generator,FR0 4,forest residues,49933152.07779
marginal,Generator,FR0 4,industry wood,47122790.62039
marginal,Generator,FR0 4,landscape care,9050503.06814
marginal,Generator,FR0 4,manure and slurry,824.67861
marginal,Generator,FR0 4,municipal solid waste,7705.21258
marginal,Generator,FR0 4,rural solar thermal,0.03779
marginal,Generator,FR0 4,sewage sludge,935.71512
marginal,Generator,FR0 4,solar-hsat,2.25619
marginal,Generator,FR0 4,solid biomass,1819.97951
marginal,Generator,FR0 4,straw,889.75375
marginal,Generator,FR0 4,unsustainable biogas,70204000.38181
marginal,Generator,FR0 4,unsustainable bioliquids,397268930.84312
marginal,Generator,FR0 4,unsustainable solid biomass,174045770.05232
marginal,Generator,FR0 4,urban central heat vent,1.14491
marginal,Generator,FR0 4,urban central solar thermal,0.23408
marginal,Generator,FR0 4,urban decentral heat vent,639.86961
marginal,Generator,FR0 4,urban decentral solar thermal,0.03754
marginal,Generator,FR5 0,Offshore Wind (AC),0.216
marginal,Generator,FR5 0,Offshore Wind (Floating),0.23808
marginal,Generator,FR5 0,Onshore Wind,507.59245
marginal,Generator,FR5 0,Solar,1.35997
marginal,Generator,FR5 0,forest residues,1128818.82771
marginal,Generator,FR5 0,industry wood,1152468.90599
marginal,Generator,FR5 0,landscape care,228360.34058
marginal,Generator,FR5 0,manure and slurry,679.71428
marginal,Generator,FR5 0,municipal solid waste,1133.80835
marginal,Generator,FR5 0,rural solar thermal,0.12324
marginal,Generator,FR5 0,sewage sludge,67.45779
marginal,Generator,FR5 0,solar-hsat,53226.74408
marginal,Generator,FR5 0,solid biomass,1770.57739
marginal,Generator,FR5 0,straw,638.22379
marginal,Generator,FR5 0,unsustainable biogas,1095366.68345
marginal,Generator,FR5 0,unsustainable bioliquids,6198436.70989
marginal,Generator,FR5 0,unsustainable solid biomass,2717070.7536
marginal,Generator,FR5 0,urban decentral heat vent,1.63464
marginal,Generator,GB2 0,Offshore Wind (AC),833012.47327
marginal,Generator,GB2 0,Offshore Wind (DC),54.15255
marginal,Generator,GB2 0,Offshore Wind (Floating),1.37239
marginal,Generator,GB2 0,Onshore Wind,1402629.8771
marginal,Generator,GB2 0,Run of River,42350.99547
marginal,Generator,GB2 0,Solar,29369.52683
marginal,Generator,GB2 0,forest residues,47701065.52067
marginal,Generator,GB2 0,gas,3676419990.35225
marginal,Generator,GB2 0,industry wood,27512587.97852
marginal,Generator,GB2 0,landscape care,9016932.6381
marginal,Generator,GB2 0,manure and slurry,958.6395
marginal,Generator,GB2 0,municipal solid waste,6524.67265
marginal,Generator,GB2 0,rural solar thermal,0.0119
marginal,Generator,GB2 0,sewage sludge,777.53345
marginal,Generator,GB2 0,solar-hsat,2.22318
marginal,Generator,GB2 0,solid biomass,1784.32099
marginal,Generator,GB2 0,straw,662.30604
marginal,Generator,GB2 0,unsustainable biogas,479758073.00707
marginal,Generator,GB2 0,unsustainable bioliquids,225889727.58993
marginal,Generator,GB2 0,unsustainable solid biomass,191568526.44143
marginal,Generator,GB2 0,urban central heat vent,4587.25367
marginal,Generator,GB2 0,urban central solar thermal,0.06581
marginal,Generator,GB2 0,urban decentral heat vent,0.24203
marginal,Generator,GB2 0,urban decentral solar thermal,0.01489
marginal,Generator,GB2 1,Offshore Wind (AC),1764420.2008
marginal,Generator,GB2 1,Offshore Wind (DC),8.97348
marginal,Generator,GB2 1,Offshore Wind (Floating),0.9813
marginal,Generator,GB2 1,Onshore Wind,1314813.49041
marginal,Generator,GB2 1,Solar,198722.4482
marginal,Generator,GB2 1,forest residues,16396272.87984
marginal,Generator,GB2 1,gas,7588193163.09553
marginal,Generator,GB2 1,industry wood,8794489.84149
marginal,Generator,GB2 1,landscape care,2928503.56831
marginal,Generator,GB2 1,manure and slurry,833.46174
marginal,Generator,GB2 1,municipal solid waste,7877.81575
marginal,Generator,GB2 1,rural solar thermal,0.02638
marginal,Generator,GB2 1,sewage sludge,732.14609
marginal,Generator,GB2 1,solar-hsat,4.33229
marginal,Generator,GB2 1,solid biomass,1796.68641
marginal,Generator,GB2 1,straw,894.11944
marginal,Generator,GB2 1,unsustainable biogas,778278680.36913
marginal,Generator,GB2 1,unsustainable bioliquids,366447711.80603
marginal,Generator,GB2 1,unsustainable solid biomass,310761902.15845
marginal,Generator,GB2 1,urban central heat vent,4436.16964
marginal,Generator,GB2 1,urban central solar thermal,0.09604
marginal,Generator,GB2 1,urban decentral heat vent,0.26431
marginal,Generator,GB2 1,urban decentral solar thermal,0.02929
marginal,Generator,GB3 0,Offshore Wind (AC),8.43069
marginal,Generator,GB3 0,Offshore Wind (DC),6.32525
marginal,Generator,GB3 0,Offshore Wind (Floating),1.23923
marginal,Generator,GB3 0,Onshore Wind,101630.32909
marginal,Generator,GB3 0,Run of River,10596.90987
marginal,Generator,GB3 0,Solar,4190.04842
marginal,Generator,GB3 0,forest residues,2369743.98692
marginal,Generator,GB3 0,industry wood,1251465.90055
marginal,Generator,GB3 0,landscape care,405041.02637
marginal,Generator,GB3 0,manure and slurry,775.53846
marginal,Generator,GB3 0,municipal solid waste,1152.30781
marginal,Generator,GB3 0,rural solar thermal,0.01483
marginal,Generator,GB3 0,sewage sludge,892.97208
marginal,Generator,GB3 0,solar-hsat,1.66863
marginal,Generator,GB3 0,solid biomass,1826.03335
marginal,Generator,GB3 0,straw,708.96554
marginal,Generator,GB3 0,unsustainable biogas,57724481.89076
marginal,Generator,GB3 0,unsustainable bioliquids,27179357.91762
marginal,Generator,GB3 0,unsustainable solid biomass,23051283.77105
marginal,Generator,GB3 0,urban central heat vent,145.08173
marginal,Generator,GB3 0,urban central solar thermal,0.06226
marginal,Generator,GB3 0,urban decentral heat vent,0.33458
marginal,Generator,GB3 0,urban decentral solar thermal,0.01542
marginal,Generator,GR0 0,Offshore Wind (AC),0.69613
marginal,Generator,GR0 0,Offshore Wind (DC),2.47143
marginal,Generator,GR0 0,Offshore Wind (Floating),0.65415
marginal,Generator,GR0 0,Onshore Wind,178194.98082
marginal,Generator,GR0 0,Run of River,1901.61019
marginal,Generator,GR0 0,Solar,123307.48481
marginal,Generator,GR0 0,forest residues,11637707.53327
marginal,Generator,GR0 0,gas,1902816473.08463
marginal,Generator,GR0 0,industry wood,9213858.62027
marginal,Generator,GR0 0,landscape care,5155786.32194
marginal,Generator,GR0 0,manure and slurry,703.3586
marginal,Generator,GR0 0,municipal solid waste,2797.60633
marginal,Generator,GR0 0,rural solar thermal,2.1624
marginal,Generator,GR0 0,sewage sludge,605.35789
marginal,Generator,GR0 0,solar-hsat,669974.0935
marginal,Generator,GR0 0,solid biomass,62573233.53223
marginal,Generator,GR0 0,straw,741.04126
marginal,Generator,GR0 0,unsustainable biogas,59905927.3972
marginal,Generator,GR0 0,unsustainable bioliquids,190424281.35073
marginal,Generator,GR0 0,unsustainable solid biomass,86011336.96135
marginal,Generator,GR0 0,urban central heat vent,9.12216
marginal,Generator,GR0 0,urban central solar thermal,0.56832
marginal,Generator,GR0 0,urban decentral heat vent,6.11745
marginal,Generator,GR0 0,urban decentral solar thermal,0.1507
marginal,Generator,HR0 0,Offshore Wind (AC),0.51873
marginal,Generator,HR0 0,Offshore Wind (DC),0.58955
marginal,Generator,HR0 0,Offshore Wind (Floating),0.27871
marginal,Generator,HR0 0,Onshore Wind,23379.89385
marginal,Generator,HR0 0,Run of River,12523.91108
marginal,Generator,HR0 0,Solar,2099.60491
marginal,Generator,HR0 0,forest residues,22163750.78261
marginal,Generator,HR0 0,industry wood,16495935.18195
marginal,Generator,HR0 0,landscape care,1698456.65618
marginal,Generator,HR0 0,manure and slurry,678.25238
marginal,Generator,HR0 0,municipal solid waste,768.60471
marginal,Generator,HR0 0,rural solar thermal,0.12697
marginal,Generator,HR0 0,sewage sludge,832.00937
marginal,Generator,HR0 0,solar-hsat,194521.39717
marginal,Generator,HR0 0,solid biomass,2646.17073
marginal,Generator,HR0 0,straw,736.26156
marginal,Generator,HR0 0,unsustainable biogas,39402226.18197
marginal,Generator,HR0 0,unsustainable bioliquids,246203.59827
marginal,Generator,HR0 0,unsustainable solid biomass,165867219.79651
marginal,Generator,HR0 0,urban central heat vent,0.62732
marginal,Generator,HR0 0,urban central solar thermal,0.85194
marginal,Generator,HR0 0,urban decentral heat vent,0.72822
marginal,Generator,HR0 0,urban decentral solar thermal,0.10579
marginal,Generator,HU0 0,Onshore Wind,10967.62496
marginal,Generator,HU0 0,Run of River,825.24092
marginal,Generator,HU0 0,Solar,64626.99527
marginal,Generator,HU0 0,forest residues,63369312.60325
marginal,Generator,HU0 0,gas,2649509392.71413
marginal,Generator,HU0 0,industry wood,27344453.77958
marginal,Generator,HU0 0,landscape care,5070262.19195
marginal,Generator,HU0 0,manure and slurry,965.63946
marginal,Generator,HU0 0,municipal solid waste,9735.27659
marginal,Generator,HU0 0,rural solar thermal,0.05866
marginal,Generator,HU0 0,sewage sludge,734.34241
marginal,Generator,HU0 0,solar-hsat,461211.5291
marginal,Generator,HU0 0,solid biomass,2834.05518
marginal,Generator,HU0 0,straw,1149.0246
marginal,Generator,HU0 0,unsustainable biogas,43331508.31024
marginal,Generator,HU0 0,unsustainable bioliquids,499359399.03158
marginal,Generator,HU0 0,unsustainable solid biomass,228969163.56707
marginal,Generator,HU0 0,urban central heat vent,0.81703
marginal,Generator,HU0 0,urban central solar thermal,0.39643
marginal,Generator,HU0 0,urban decentral heat vent,0.33487
marginal,Generator,HU0 0,urban decentral solar thermal,0.06845
marginal,Generator,IE3 0,Offshore Wind (AC),2635.30527
marginal,Generator,IE3 0,Offshore Wind (DC),135471.74941
marginal,Generator,IE3 0,Offshore Wind (Floating),1.19373
marginal,Generator,IE3 0,Onshore Wind,342785.39807
marginal,Generator,IE3 0,Run of River,8849.44207
marginal,Generator,IE3 0,Solar,22669.49736
marginal,Generator,IE3 0,forest residues,18319686.64406
marginal,Generator,IE3 0,gas,461560931.21481
marginal,Generator,IE3 0,industry wood,10538068.58758
marginal,Generator,IE3 0,landscape care,3818344.14662
marginal,Generator,IE3 0,manure and slurry,774.38509
marginal,Generator,IE3 0,municipal solid waste,2250.1962
marginal,Generator,IE3 0,rural solar thermal,0.01468
marginal,Generator,IE3 0,sewage sludge,864.24002
marginal,Generator,IE3 0,solar-hsat,2.43208
marginal,Generator,IE3 0,solid biomass,1873.30917
marginal,Generator,IE3 0,straw,630.23852
marginal,Generator,IE3 0,unsustainable biogas,24270865.015
marginal,Generator,IE3 0,unsustainable bioliquids,48293406.16964
marginal,Generator,IE3 0,unsustainable solid biomass,26472961.94819
marginal,Generator,IE3 0,urban central heat vent,689.67345
marginal,Generator,IE3 0,urban central solar thermal,0.07462
marginal,Generator,IE3 0,urban decentral heat vent,0.27037
marginal,Generator,IE3 0,urban decentral solar thermal,0.02137
marginal,Generator,IT0 0,Offshore Wind (AC),1358.52994
marginal,Generator,IT0 0,Offshore Wind (DC),0.61436
marginal,Generator,IT0 0,Offshore Wind (Floating),0.3404
marginal,Generator,IT0 0,Onshore Wind,219770.63612
marginal,Generator,IT0 0,Run of River,61126.65648
marginal,Generator,IT0 0,Solar,105825.04109
marginal,Generator,IT0 0,forest residues,54068572.1566
marginal,Generator,IT0 0,gas,6264404256.40452
marginal,Generator,IT0 0,industry wood,26252901.79508
marginal,Generator,IT0 0,landscape care,4147061.55767
marginal,Generator,IT0 0,manure and slurry,708.33814
marginal,Generator,IT0 0,municipal solid waste,15392.97127
marginal,Generator,IT0 0,rural solar thermal,0.17011
marginal,Generator,IT0 0,sewage sludge,665.20707
marginal,Generator,IT0 0,solar-hsat,1610884.64649
marginal,Generator,IT0 0,solid biomass,189755642.23599
marginal,Generator,IT0 0,straw,747.70942
marginal,Generator,IT0 0,unsustainable biogas,318693162.83481
marginal,Generator,IT0 0,unsustainable bioliquids,370422966.8591
marginal,Generator,IT0 0,unsustainable solid biomass,267523972.41374
marginal,Generator,IT0 0,urban central heat vent,11.61665
marginal,Generator,IT0 0,urban central solar thermal,0.55257
marginal,Generator,IT0 0,urban decentral heat vent,5.65401
marginal,Generator,IT0 0,urban decentral solar thermal,0.1369
marginal,Generator,IT0 1,Offshore Wind (AC),0.44008
marginal,Generator,IT0 1,Offshore Wind (DC),0.35956
marginal,Generator,IT0 1,Offshore Wind (Floating),0.24206
marginal,Generator,IT0 1,Onshore Wind,2758.9087
marginal,Generator,IT0 1,Run of River,193293.37318
marginal,Generator,IT0 1,Solar,35913.39955
marginal,Generator,IT0 1,forest residues,104390125.0291
marginal,Generator,IT0 1,gas,6510024424.75769
marginal,Generator,IT0 1,industry wood,48367846.0174
marginal,Generator,IT0 1,landscape care,7653868.42419
marginal,Generator,IT0 1,manure and slurry,1311.20876
marginal,Generator,IT0 1,municipal solid waste,16213.37754
marginal,Generator,IT0 1,rural solar thermal,0.09579
marginal,Generator,IT0 1,sewage sludge,767.74189
marginal,Generator,IT0 1,solar-hsat,1896812.95612
marginal,Generator,IT0 1,solid biomass,2033.61884
marginal,Generator,IT0 1,straw,796.10016
marginal,Generator,IT0 1,unsustainable biogas,630399128.50436
marginal,Generator,IT0 1,unsustainable bioliquids,732711277.99262
marginal,Generator,IT0 1,unsustainable solid biomass,529178131.65243
marginal,Generator,IT0 1,urban central heat vent,1882.05349
marginal,Generator,IT0 1,urban central solar thermal,0.3377
marginal,Generator,IT0 1,urban decentral heat vent,3.9692
marginal,Generator,IT0 1,urban decentral solar thermal,0.11357
marginal,Generator,IT4 0,Offshore Wind (AC),0.77514
marginal,Generator,IT4 0,Offshore Wind (Floating),0.42072
marginal,Generator,IT4 0,Onshore Wind,41209.47246
marginal,Generator,IT4 0,Run of River,1747.62418
marginal,Generator,IT4 0,Solar,12010.2456
marginal,Generator,IT4 0,forest residues,2165054.1039
marginal,Generator,IT4 0,industry wood,1068611.79166
marginal,Generator,IT4 0,landscape care,171264.61007
marginal,Generator,IT4 0,manure and slurry,588.3342
marginal,Generator,IT4 0,municipal solid waste,1578.20542
marginal,Generator,IT4 0,rural solar thermal,0.21342
marginal,Generator,IT4 0,sewage sludge,931.88885
marginal,Generator,IT4 0,solar-hsat,125281.40569
marginal,Generator,IT4 0,solid biomass,49076770.35825
marginal,Generator,IT4 0,straw,650.44701
marginal,Generator,IT4 0,unsustainable biogas,15856467.16285
marginal,Generator,IT4 0,unsustainable bioliquids,18430095.74516
marginal,Generator,IT4 0,unsustainable solid biomass,13327201.76787
marginal,Generator,IT4 0,urban central heat vent,3.51363
marginal,Generator,IT4 0,urban central solar thermal,0.86035
marginal,Generator,IT4 0,urban decentral heat vent,3.76454
marginal,Generator,IT4 0,urban decentral solar thermal,0.16659
marginal,Generator,LT0 0,Offshore Wind (AC),49.13698
marginal,Generator,LT0 0,Offshore Wind (DC),133501.74737
marginal,Generator,LT0 0,Offshore Wind (Floating),0.71407
marginal,Generator,LT0 0,Onshore Wind,62644.07965
marginal,Generator,LT0 0,Run of River,3921.90418
marginal,Generator,LT0 0,Solar,6095.11561
marginal,Generator,LT0 0,forest residues,46188661.86326
marginal,Generator,LT0 0,gas,545581720.78587
marginal,Generator,LT0 0,industry wood,21908937.71333
marginal,Generator,LT0 0,landscape care,3198784.90908
marginal,Generator,LT0 0,manure and slurry,718.38892
marginal,Generator,LT0 0,municipal solid waste,1899.50639
marginal,Generator,LT0 0,rural solar thermal,0.02317
marginal,Generator,LT0 0,sewage sludge,9.82936
marginal,Generator,LT0 0,solar-hsat,4671.11442
marginal,Generator,LT0 0,solid biomass,2699.57316
marginal,Generator,LT0 0,straw,725.80423
marginal,Generator,LT0 0,unsustainable biogas,18684034.64521
marginal,Generator,LT0 0,unsustainable bioliquids,167528566.65947
marginal,Generator,LT0 0,unsustainable solid biomass,139165378.94749
marginal,Generator,LT0 0,urban central heat vent,0.81081
marginal,Generator,LT0 0,urban central solar thermal,0.12714
marginal,Generator,LT0 0,urban decentral heat vent,0.34457
marginal,Generator,LT0 0,urban decentral solar thermal,0.01988
marginal,Generator,LU0 0,Onshore Wind,7449.05743
marginal,Generator,LU0 0,Solar,1042.17111
marginal,Generator,LU0 0,forest residues,3936172.20883
marginal,Generator,LU0 0,industry wood,2176577.3129
marginal,Generator,LU0 0,landscape care,106805.37174
marginal,Generator,LU0 0,manure and slurry,562.07785
marginal,Generator,LU0 0,municipal solid waste,885.99594
marginal,Generator,LU0 0,rural solar thermal,0.03373
marginal,Generator,LU0 0,sewage sludge,695.52873
marginal,Generator,LU0 0,solar-hsat,127433.16186
marginal,Generator,LU0 0,solid biomass,1732.37934
marginal,Generator,LU0 0,straw,654.27517
marginal,Generator,LU0 0,unsustainable biogas,8622864.90404
marginal,Generator,LU0 0,unsustainable solid biomass,12714628.1296
marginal,Generator,LU0 0,urban central heat vent,187.68828
marginal,Generator,LU0 0,urban central solar thermal,0.11434
marginal,Generator,LU0 0,urban decentral heat vent,0.21568
marginal,Generator,LU0 0,urban decentral solar thermal,0.02639
marginal,Generator,LV0 0,Offshore Wind (AC),9.13906
marginal,Generator,LV0 0,Offshore Wind (DC),16.0812
marginal,Generator,LV0 0,Offshore Wind (Floating),1.14411
marginal,Generator,LV0 0,Onshore Wind,6020.97316
marginal,Generator,LV0 0,Run of River,36375.93754
marginal,Generator,LV0 0,Solar,822.34913
marginal,Generator,LV0 0,forest residues,87642388.80935
marginal,Generator,LV0 0,industry wood,43357134.50199
marginal,Generator,LV0 0,landscape care,2915676.6338
marginal,Generator,LV0 0,manure and slurry,727.49348
marginal,Generator,LV0 0,municipal solid waste,1354.10509
marginal,Generator,LV0 0,rural solar thermal,0.0302
marginal,Generator,LV0 0,sewage sludge,828.87574
marginal,Generator,LV0 0,solar-hsat,10131.36029
marginal,Generator,LV0 0,solid biomass,2558.17676
marginal,Generator,LV0 0,straw,643.33749
marginal,Generator,LV0 0,unsustainable biogas,38649509.62524
marginal,Generator,LV0 0,unsustainable bioliquids,81157440.16289
marginal,Generator,LV0 0,unsustainable solid biomass,273841888.24672
marginal,Generator,LV0 0,urban central heat vent,0.77177
marginal,Generator,LV0 0,urban central solar thermal,0.10193
marginal,Generator,LV0 0,urban decentral heat vent,0.45746
marginal,Generator,LV0 0,urban decentral solar thermal,0.02332
marginal,Generator,ME0 0,Offshore Wind (AC),0.07659
marginal,Generator,ME0 0,Offshore Wind (Floating),0.19056
marginal,Generator,ME0 0,Onshore Wind,857.85004
marginal,Generator,ME0 0,Run of River,296.30562
marginal,Generator,ME0 0,Solar,83.35712
marginal,Generator,ME0 0,forest residues,1349223.71773
marginal,Generator,ME0 0,industry wood,1801341.74225
marginal,Generator,ME0 0,landscape care,3.32612
marginal,Generator,ME0 0,manure and slurry,777.93565
marginal,Generator,ME0 0,municipal solid waste,732.98949
marginal,Generator,ME0 0,rural heat vent,2.75413
marginal,Generator,ME0 0,rural solar thermal,0.07897
marginal,Generator,ME0 0,sewage sludge,0.91731
marginal,Generator,ME0 0,solar-hsat,172233.96613
marginal,Generator,ME0 0,solid biomass,2980.09077
marginal,Generator,ME0 0,straw,1261.68567
marginal,Generator,ME0 0,unsustainable solid biomass,19371264.06513
marginal,Generator,ME0 0,urban central heat vent,1.51561
marginal,Generator,ME0 0,urban central solar thermal,0.72891
marginal,Generator,ME0 0,urban decentral heat vent,2.36981
marginal,Generator,ME0 0,urban decentral solar thermal,0.09197
marginal,Generator,MK0 0,Onshore Wind,377.49814
marginal,Generator,MK0 0,Run of River,5434.20992
marginal,Generator,MK0 0,Solar,8235.68881
marginal,Generator,MK0 0,forest residues,2925657.66929
marginal,Generator,MK0 0,industry wood,4997216.58817
marginal,Generator,MK0 0,landscape care,855.15648
marginal,Generator,MK0 0,manure and slurry,570.54128
marginal,Generator,MK0 0,municipal solid waste,1348.85799
marginal,Generator,MK0 0,rural heat vent,3.4354
marginal,Generator,MK0 0,rural solar thermal,0.08169
marginal,Generator,MK0 0,sewage sludge,946.61886
marginal,Generator,MK0 0,solar-hsat,52690.51028
marginal,Generator,MK0 0,solid biomass,3589.59384
marginal,Generator,MK0 0,straw,523.42791
marginal,Generator,MK0 0,unsustainable biogas,9083979.31661
marginal,Generator,MK0 0,unsustainable solid biomass,18369401.66931
marginal,Generator,MK0 0,urban central heat vent,5.09958
marginal,Generator,MK0 0,urban central solar thermal,0.53907
marginal,Generator,MK0 0,urban decentral heat vent,3.21592
marginal,Generator,MK0 0,urban decentral solar thermal,0.0702
marginal,Generator,NL0 0,Offshore Wind (AC),640375.05504
marginal,Generator,NL0 0,Offshore Wind (DC),31.53926
marginal,Generator,NL0 0,Offshore Wind (Floating),0.40124
marginal,Generator,NL0 0,Onshore Wind,2170294.3687
marginal,Generator,NL0 0,Solar,98048.20875
marginal,Generator,NL0 0,forest residues,7502424.2551
marginal,Generator,NL0 0,gas,5756943267.11874
marginal,Generator,NL0 0,industry wood,3585558.94567
marginal,Generator,NL0 0,landscape care,2276163.94095
marginal,Generator,NL0 0,manure and slurry,995.42034
marginal,Generator,NL0 0,municipal solid waste,44584.1729
marginal,Generator,NL0 0,rural solar thermal,0.00197
marginal,Generator,NL0 0,sewage sludge,674.21233
marginal,Generator,NL0 0,solar-hsat,29.822
marginal,Generator,NL0 0,solid biomass,1911.407
marginal,Generator,NL0 0,straw,644.16766
marginal,Generator,NL0 0,unsustainable biogas,170728789.62715
marginal,Generator,NL0 0,unsustainable bioliquids,1880224031.32353
marginal,Generator,NL0 0,unsustainable solid biomass,160658919.72201
marginal,Generator,NL0 0,urban central heat vent,2.40604
marginal,Generator,NL0 0,urban central solar thermal,0.10852
marginal,Generator,NL0 0,urban decentral heat vent,0.21126
marginal,Generator,NL0 0,urban decentral solar thermal,0.03008
marginal,Generator,NO1 0,Offshore Wind (AC),13333.55712
marginal,Generator,NO1 0,Offshore Wind (DC),10.00143
marginal,Generator,NO1 0,Offshore Wind (Floating),1.14673
marginal,Generator,NO1 0,Onshore Wind,267000.06266
marginal,Generator,NO1 0,Run of River,37143.68694
marginal,Generator,NO1 0,Solar,25.19382
marginal,Generator,NO1 0,forest residues,60246505.46506
marginal,Generator,NO1 0,gas,2244773149.99304
marginal,Generator,NO1 0,industry wood,48516355.92624
marginal,Generator,NO1 0,landscape care,2106.96023
marginal,Generator,NO1 0,manure and slurry,761.98122
marginal,Generator,NO1 0,municipal solid waste,18399.41573
marginal,Generator,NO1 0,rural solar thermal,0.0121
marginal,Generator,NO1 0,sewage sludge,624.17807
marginal,Generator,NO1 0,solar-hsat,1.86606
marginal,Generator,NO1 0,solid biomass,445942304.38661
marginal,Generator,NO1 0,straw,549.16523
marginal,Generator,NO1 0,unsustainable biogas,41567585.67262
marginal,Generator,NO1 0,unsustainable bioliquids,80129250.06939
marginal,Generator,NO1 0,unsustainable solid biomass,104105430.81999
marginal,Generator,NO1 0,urban central heat vent,5227.57307
marginal,Generator,NO1 0,urban central solar thermal,0.07628
marginal,Generator,NO1 0,urban decentral heat vent,0.4711
marginal,Generator,NO1 0,urban decentral solar thermal,0.01354
marginal,Generator,PL0 0,Offshore Wind (AC),533759.60994
marginal,Generator,PL0 0,Offshore Wind (DC),713104.46711
marginal,Generator,PL0 0,Offshore Wind (Floating),1.39336
marginal,Generator,PL0 0,Onshore Wind,1033654.06143
marginal,Generator,PL0 0,Run of River,10056.19033
marginal,Generator,PL0 0,Solar,57073.58098
marginal,Generator,PL0 0,forest residues,257991758.23688
marginal,Generator,PL0 0,gas,5741458922.11811
marginal,Generator,PL0 0,industry wood,123300571.22801
marginal,Generator,PL0 0,landscape care,17530928.21023
marginal,Generator,PL0 0,manure and slurry,1017.35946
marginal,Generator,PL0 0,municipal solid waste,23867.98586
marginal,Generator,PL0 0,rural solar thermal,0.05314
marginal,Generator,PL0 0,sewage sludge,535.28285
marginal,Generator,PL0 0,solar-hsat,846772.15754
marginal,Generator,PL0 0,solid biomass,2772.08575
marginal,Generator,PL0 0,straw,1035.46662
marginal,Generator,PL0 0,unsustainable biogas,143080392.50648
marginal,Generator,PL0 0,unsustainable bioliquids,1036328869.57131
marginal,Generator,PL0 0,unsustainable solid biomass,1004548699.18756
marginal,Generator,PL0 0,urban central heat vent,0.82406
marginal,Generator,PL0 0,urban central solar thermal,0.18878
marginal,Generator,PL0 0,urban decentral heat vent,0.47877
marginal,Generator,PL0 0,urban decentral solar thermal,0.04034
marginal,Generator,PT0 0,Offshore Wind (AC),1952.1632
marginal,Generator,PT0 0,Offshore Wind (Floating),0.73487
marginal,Generator,PT0 0,Onshore Wind,188029.71603
marginal,Generator,PT0 0,Run of River,69512.36222
marginal,Generator,PT0 0,Solar,107037.65188
marginal,Generator,PT0 0,forest residues,71461042.74061
marginal,Generator,PT0 0,gas,901390176.64696
marginal,Generator,PT0 0,industry wood,27092194.70277
marginal,Generator,PT0 0,landscape care,4892564.3663
marginal,Generator,PT0 0,manure and slurry,748.78189
marginal,Generator,PT0 0,municipal solid waste,10747.49455
marginal,Generator,PT0 0,rural solar thermal,0.14024
marginal,Generator,PT0 0,sewage sludge,623.23137
marginal,Generator,PT0 0,solar-hsat,346484.89692
marginal,Generator,PT0 0,solid biomass,2384.35984
marginal,Generator,PT0 0,straw,598.88979
marginal,Generator,PT0 0,unsustainable biogas,38411351.00847
marginal,Generator,PT0 0,unsustainable bioliquids,366804488.62462
marginal,Generator,PT0 0,unsustainable solid biomass,315618726.68345
marginal,Generator,PT0 0,urban central heat vent,17.60945
marginal,Generator,PT0 0,urban central solar thermal,0.42565
marginal,Generator,PT0 0,urban decentral heat vent,12.14399
marginal,Generator,PT0 0,urban decentral solar thermal,0.09096
marginal,Generator,RO0 0,Offshore Wind (AC),3.20336
marginal,Generator,RO0 0,Offshore Wind (DC),2.90629
marginal,Generator,RO0 0,Offshore Wind (Floating),0.66584
marginal,Generator,RO0 0,Onshore Wind,151979.67858
marginal,Generator,RO0 0,Run of River,81427.33446
marginal,Generator,RO0 0,Solar,50511.05736
marginal,Generator,RO0 0,forest residues,207278076.98811
marginal,Generator,RO0 0,gas,1656942777.85284
marginal,Generator,RO0 0,industry wood,80348153.43447
marginal,Generator,RO0 0,landscape care,18399842.37981
marginal,Generator,RO0 0,manure and slurry,813.69433
marginal,Generator,RO0 0,municipal solid waste,8271.01449
marginal,Generator,RO0 0,rural solar thermal,0.14217
marginal,Generator,RO0 0,sewage sludge,689.65698
marginal,Generator,RO0 0,solar-hsat,86461.73544
marginal,Generator,RO0 0,solid biomass,3004.62877
marginal,Generator,RO0 0,straw,884.735
marginal,Generator,RO0 0,unsustainable biogas,9093095.66398
marginal,Generator,RO0 0,unsustainable bioliquids,231496112.66789
marginal,Generator,RO0 0,unsustainable solid biomass,385509649.58823
marginal,Generator,RO0 0,urban central heat vent,1.21151
marginal,Generator,RO0 0,urban central solar thermal,0.3927
marginal,Generator,RO0 0,urban decentral heat vent,0.20304
marginal,Generator,RO0 0,urban decentral solar thermal,0.08761
marginal,Generator,RS0 0,Onshore Wind,18435.24395
marginal,Generator,RS0 0,Run of River,81279.41138
marginal,Generator,RS0 0,Solar,945.39734
marginal,Generator,RS0 0,forest residues,8328943.74803
marginal,Generator,RS0 0,industry wood,16041182.27304
marginal,Generator,RS0 0,landscape care,6648.44085
marginal,Generator,RS0 0,manure and slurry,728.41767
marginal,Generator,RS0 0,municipal solid waste,9679.69436
marginal,Generator,RS0 0,rural heat vent,4.5162
marginal,Generator,RS0 0,rural solar thermal,0.07052
marginal,Generator,RS0 0,sewage sludge,950.468
marginal,Generator,RS0 0,solar-hsat,104205.93963
marginal,Generator,RS0 0,solid biomass,3356.35328
marginal,Generator,RS0 0,straw,804.99154
marginal,Generator,RS0 0,unsustainable biogas,13622912.41806
marginal,Generator,RS0 0,unsustainable solid biomass,131224920.56608
marginal,Generator,RS0 0,urban central heat vent,0.77377
marginal,Generator,RS0 0,urban central solar thermal,0.67796
marginal,Generator,RS0 0,urban decentral heat vent,4.87417
marginal,Generator,RS0 0,urban decentral solar thermal,0.07033
marginal,Generator,SE1 0,Offshore Wind (AC),17982.268
marginal,Generator,SE1 0,Offshore Wind (DC),45.30091
marginal,Generator,SE1 0,Offshore Wind (Floating),1.07001
marginal,Generator,SE1 0,Onshore Wind,871292.65397
marginal,Generator,SE1 0,Run of River,73621.91682
marginal,Generator,SE1 0,Solar,5617.08524
marginal,Generator,SE1 0,forest residues,417163869.04246
marginal,Generator,SE1 0,gas,212306258.03766
marginal,Generator,SE1 0,industry wood,225066520.14739
marginal,Generator,SE1 0,landscape care,24899068.52219
marginal,Generator,SE1 0,manure and slurry,806.38521
marginal,Generator,SE1 0,municipal solid waste,23592.01896
marginal,Generator,SE1 0,rural solar thermal,0.01774
marginal,Generator,SE1 0,sewage sludge,616.15091
marginal,Generator,SE1 0,solar-hsat,44069.98016
marginal,Generator,SE1 0,solid biomass,1607.32911
marginal,Generator,SE1 0,straw,655.49796
marginal,Generator,SE1 0,unsustainable biogas,87005959.61894
marginal,Generator,SE1 0,unsustainable bioliquids,531414953.15484
marginal,Generator,SE1 0,unsustainable solid biomass,1054912344.28034
marginal,Generator,SE1 0,urban central heat vent,6960.96581
marginal,Generator,SE1 0,urban central solar thermal,0.09886
marginal,Generator,SE1 0,urban decentral heat vent,0.43578
marginal,Generator,SE1 0,urban decentral solar thermal,0.02296
marginal,Generator,SI0 0,Offshore Wind (AC),0.1393
marginal,Generator,SI0 0,Offshore Wind (Floating),0.04566
marginal,Generator,SI0 0,Onshore Wind,0.13557
marginal,Generator,SI0 0,Run of River,22065.56434
marginal,Generator,SI0 0,Solar,659.1227
marginal,Generator,SI0 0,forest residues,52933932.12343
marginal,Generator,SI0 0,industry wood,24680296.24345
marginal,Generator,SI0 0,landscape care,615157.65296
marginal,Generator,SI0 0,manure and slurry,585.38845
marginal,Generator,SI0 0,municipal solid waste,1559.66252
marginal,Generator,SI0 0,rural solar thermal,0.07278
marginal,Generator,SI0 0,sewage sludge,754.73779
marginal,Generator,SI0 0,solar-hsat,3.63157
marginal,Generator,SI0 0,solid biomass,2126.85138
marginal,Generator,SI0 0,straw,633.25904
marginal,Generator,SI0 0,unsustainable biogas,10643297.70493
marginal,Generator,SI0 0,unsustainable solid biomass,61084127.91027
marginal,Generator,SI0 0,urban central heat vent,0.60178
marginal,Generator,SI0 0,urban central solar thermal,0.34498
marginal,Generator,SI0 0,urban decentral heat vent,0.75387
marginal,Generator,SI0 0,urban decentral solar thermal,0.07723
marginal,Generator,SK0 0,Onshore Wind,0.77201
marginal,Generator,SK0 0,Run of River,31689.26447
marginal,Generator,SK0 0,Solar,10538.11712
marginal,Generator,SK0 0,forest residues,59466437.53126
marginal,Generator,SK0 0,gas,3313035979.8103
marginal,Generator,SK0 0,industry wood,24941177.45954
marginal,Generator,SK0 0,landscape care,2634909.25622
marginal,Generator,SK0 0,manure and slurry,709.78805
marginal,Generator,SK0 0,municipal solid waste,4232.99079
marginal,Generator,SK0 0,rural solar thermal,0.06617
marginal,Generator,SK0 0,sewage sludge,803.90785
marginal,Generator,SK0 0,solar-hsat,6.29816
marginal,Generator,SK0 0,solid biomass,2378.52167
marginal,Generator,SK0 0,straw,741.42233
marginal,Generator,SK0 0,unsustainable biogas,68506778.18679
marginal,Generator,SK0 0,unsustainable bioliquids,181168112.90628
marginal,Generator,SK0 0,unsustainable solid biomass,155997230.70028
marginal,Generator,SK0 0,urban central heat vent,0.74152
marginal,Generator,SK0 0,urban central solar thermal,0.24654
marginal,Generator,SK0 0,urban decentral heat vent,0.1828
marginal,Generator,SK0 0,urban decentral solar thermal,0.05706
marginal,Generator,XK0 0,Onshore Wind,983.75242
marginal,Generator,XK0 0,Run of River,1707.06761
marginal,Generator,XK0 0,Solar,4698.45102
marginal,Generator,XK0 0,forest residues,844252.40878
marginal,Generator,XK0 0,industry wood,1597331.38541
marginal,Generator,XK0 0,manure and slurry,775.9775
marginal,Generator,XK0 0,municipal solid waste,688.85714
marginal,Generator,XK0 0,rural heat vent,0.60822
marginal,Generator,XK0 0,rural solar thermal,0.0003
marginal,Generator,XK0 0,sewage sludge,966.29094
marginal,Generator,XK0 0,solar-hsat,1913.48933
marginal,Generator,XK0 0,solid biomass,3015.36532
marginal,Generator,XK0 0,straw,845.13176
marginal,Generator,XK0 0,unsustainable solid biomass,35608800.58215
marginal,Generator,XK0 0,urban central heat vent,0.61178
marginal,Generator,XK0 0,urban central solar thermal,0.48927
marginal,Generator,XK0 0,urban decentral heat vent,0.33241
marginal,Generator,XK0 0,urban decentral solar thermal,0.00028
marginal,Link,AL0 0,BEV charger,6927.34566
marginal,Link,AL0 0,CO2 pipeline,-115.65241
marginal,Link,AL0 0,Combined-Cycle Gas,374.07322
marginal,Link,AL0 0,EAF,0.13701
marginal,Link,AL0 0,H2 DRI,931.09602
marginal,Link,AL0 0,H2 Electrolysis,0.30982
marginal,Link,AL0 0,HVC to air,43180.8543
marginal,Link,AL0 0,Haber-Bosch,20.78176
marginal,Link,AL0 0,Open-Cycle Gas,215.4686
marginal,Link,AL0 0,SMR,3857.85612
marginal,Link,AL0 0,Sabatier,0.54239
marginal,Link,AL0 0,battery charger,5.70867
marginal,Link,AL0 0,battery discharger,5.80192
marginal,Link,AL0 0,biogas to gas,578.96358
marginal,Link,AL0 0,biomass to liquid,830996.51351
marginal,Link,AL0 0,biomass-to-methanol,543.47466
marginal,Link,AL0 0,electricity distribution grid,33600.61245
marginal,Link,AL0 0,gas DRI,2530.49253
marginal,Link,AL0 0,gas for industry,581.66713
marginal,Link,AL0 0,gas pipeline new,-50569.87239
marginal,Link,AL0 0,heat100-200 industry electric boiler steam,64.02386
marginal,Link,AL0 0,heat100-200 industry gas,782.79638
marginal,Link,AL0 0,heat100-200 industry industrial heat pump high temperature,242375.37233
marginal,Link,AL0 0,heat100-200 industry solid biomass,1858.83383
marginal,Link,AL0 0,heat200-500 industry gas,17503.37283
marginal,Link,AL0 0,heat200-500 industry hydrogen,265.45052
marginal,Link,AL0 0,heat200-500 industry solid biomass,86278.38636
marginal,Link,AL0 0,heat<100 industry electric boiler steam,65.24828
marginal,Link,AL0 0,heat<100 industry gas,1768.3106
marginal,Link,AL0 0,heat<100 industry industrial heat pump medium temperature,320372.74857
marginal,Link,AL0 0,heat<100 industry solid biomass,2393.64116
marginal,Link,AL0 0,heat>500 industry gas,23069.57441
marginal,Link,AL0 0,heat>500 industry hydrogen,249.56979
marginal,Link,AL0 0,home battery charger,5.52701
marginal,Link,AL0 0,home battery discharger,5.89042
marginal,Link,AL0 0,methanolisation,2667.1642
marginal,Link,AL0 0,municipal solid waste,1348.32503
marginal,Link,AL0 0,rural air heat pump,0.18346
marginal,Link,AL0 0,rural biomass boiler,1384.84119
marginal,Link,AL0 0,rural gas boiler,13182.0632
marginal,Link,AL0 0,rural ground heat pump,0.31955
marginal,Link,AL0 0,rural resistive heater,1555.6674
marginal,Link,AL0 0,solid biomass for industry,1197.43853
marginal,Link,AL0 0,steel emission,382.92237
marginal,Link,AL0 0,urban central air heat pump,1.27087
marginal,Link,AL0 0,urban central gas CHP,1266.44691
marginal,Link,AL0 0,urban central gas boiler,1987.32592
marginal,Link,AL0 0,urban central resistive heater,1.35447
marginal,Link,AL0 0,urban central solid biomass CHP,3640.65003
marginal,Link,AL0 0,urban central solid biomass CHP CC,728064.27535
marginal,Link,AL0 0,urban decentral air heat pump,0.18167
marginal,Link,AL0 0,urban decentral biomass boiler,1339.42024
marginal,Link,AL0 0,urban decentral gas boiler,17085.06698
marginal,Link,AL0 0,urban decentral resistive heater,1989.4501
marginal,Link,AL0 0,waste CHP,1095.84347
marginal,Link,AT0 0,BEV charger,76297.55214
marginal,Link,AT0 0,CO2 pipeline,8.22952
marginal,Link,AT0 0,Combined-Cycle Gas,77159414.85156
marginal,Link,AT0 0,EAF,0.20445
marginal,Link,AT0 0,H2 DRI,1241.88289
marginal,Link,AT0 0,H2 Electrolysis,0.3417
marginal,Link,AT0 0,HVC to air,152917.89624
marginal,Link,AT0 0,Haber-Bosch,10.14836
marginal,Link,AT0 0,Open-Cycle Gas,241.53688
marginal,Link,AT0 0,SMR,115.79836
marginal,Link,AT0 0,Sabatier,0.53945
marginal,Link,AT0 0,battery charger,5.28551
marginal,Link,AT0 0,battery discharger,5.04029
marginal,Link,AT0 0,biogas to gas,6060636.13886
marginal,Link,AT0 0,biomass to liquid,4754345.77472
marginal,Link,AT0 0,biomass-to-methanol,562.11576
marginal,Link,AT0 0,electricity distribution grid,730305.43983
marginal,Link,AT0 0,gas DRI,3888.96587
marginal,Link,AT0 0,gas for industry,19726.79304
marginal,Link,AT0 0,gas pipeline,69684.09715
marginal,Link,AT0 0,gas pipeline new,-283447.1948
marginal,Link,AT0 0,heat100-200 industry electric boiler steam,48.94942
marginal,Link,AT0 0,heat100-200 industry gas,74767.85031
marginal,Link,AT0 0,heat100-200 industry industrial heat pump high temperature,14696557.06996
marginal,Link,AT0 0,heat100-200 industry solid biomass,3261.2394
marginal,Link,AT0 0,heat200-500 industry gas,939674.05101
marginal,Link,AT0 0,heat200-500 industry hydrogen,157.03339
marginal,Link,AT0 0,heat200-500 industry solid biomass,598165.97432
marginal,Link,AT0 0,heat<100 industry electric boiler steam,47.1451
marginal,Link,AT0 0,heat<100 industry gas,1790.22668
marginal,Link,AT0 0,heat<100 industry industrial heat pump medium temperature,3050.87133
marginal,Link,AT0 0,heat<100 industry solid biomass,16661678.41784
marginal,Link,AT0 0,heat>500 industry gas,2339202.11379
marginal,Link,AT0 0,heat>500 industry hydrogen,170.20262
marginal,Link,AT0 0,home battery charger,3.94887
marginal,Link,AT0 0,home battery discharger,4.17118
marginal,Link,AT0 0,methanolisation,71.74684
marginal,Link,AT0 0,municipal solid waste,7330.68297
marginal,Link,AT0 0,rural air heat pump,0.37193
marginal,Link,AT0 0,rural biomass boiler,75768949.30824
marginal,Link,AT0 0,rural gas boiler,70007.76555
marginal,Link,AT0 0,rural ground heat pump,18448.14966
marginal,Link,AT0 0,rural resistive heater,5185.55089
marginal,Link,AT0 0,solid biomass for industry,178925.7199
marginal,Link,AT0 0,steel emission,25627.92113
marginal,Link,AT0 0,unsustainable bioliquids,3481683.52469
marginal,Link,AT0 0,urban central air heat pump,0.62028
marginal,Link,AT0 0,urban central gas CHP,2200.08796
marginal,Link,AT0 0,urban central gas boiler,84161.25431
marginal,Link,AT0 0,urban central resistive heater,251.19645
marginal,Link,AT0 0,urban central solid biomass CHP,29569701.80782
marginal,Link,AT0 0,urban central solid biomass CHP CC,37106.47093
marginal,Link,AT0 0,urban decentral air heat pump,5874.81761
marginal,Link,AT0 0,urban decentral biomass boiler,71303439.96508
marginal,Link,AT0 0,urban decentral gas boiler,56743.83167
marginal,Link,AT0 0,urban decentral resistive heater,9606.4261
marginal,Link,AT0 0,waste CHP,1403.36226
marginal,Link,BA0 0,BEV charger,12295.37823
marginal,Link,BA0 0,CO2 pipeline,9.47257
marginal,Link,BA0 0,Combined-Cycle Gas,379.61241
marginal,Link,BA0 0,EAF,0.14861
marginal,Link,BA0 0,H2 DRI,824.98947
marginal,Link,BA0 0,H2 Electrolysis,0.3067
marginal,Link,BA0 0,HVC to air,53648.6867
marginal,Link,BA0 0,Haber-Bosch,9.66878
marginal,Link,BA0 0,Open-Cycle Gas,217.99399
marginal,Link,BA0 0,SMR,87.34212
marginal,Link,BA0 0,Sabatier,0.5121
marginal,Link,BA0 0,battery charger,5.72183
marginal,Link,BA0 0,battery discharger,5.69863
marginal,Link,BA0 0,biogas to gas,45636.6816
marginal,Link,BA0 0,biomass to liquid,5396760.89321
marginal,Link,BA0 0,biomass-to-methanol,562.33967
marginal,Link,BA0 0,electricity distribution grid,110629.50109
marginal,Link,BA0 0,gas DRI,2795.47127
marginal,Link,BA0 0,gas for industry,3543.84145
marginal,Link,BA0 0,gas pipeline,20532.14962
marginal,Link,BA0 0,gas pipeline new,-49169.06657
marginal,Link,BA0 0,heat100-200 industry electric boiler steam,47.18761
marginal,Link,BA0 0,heat100-200 industry gas,2479.8983
marginal,Link,BA0 0,heat100-200 industry industrial heat pump high temperature,484192.04419
marginal,Link,BA0 0,heat100-200 industry solid biomass,2880.03961
marginal,Link,BA0 0,heat200-500 industry gas,473.20721
marginal,Link,BA0 0,heat200-500 industry hydrogen,241.01158
marginal,Link,BA0 0,heat200-500 industry solid biomass,1852357.878
marginal,Link,BA0 0,heat<100 industry electric boiler steam,48.20195
marginal,Link,BA0 0,heat<100 industry gas,4155.81485
marginal,Link,BA0 0,heat<100 industry industrial heat pump medium temperature,554775.6312
marginal,Link,BA0 0,heat<100 industry solid biomass,8533.84097
marginal,Link,BA0 0,heat>500 industry gas,213672.87769
marginal,Link,BA0 0,heat>500 industry hydrogen,195.62031
marginal,Link,BA0 0,home battery charger,10.19087
marginal,Link,BA0 0,home battery discharger,10.27128
marginal,Link,BA0 0,methanolisation,52.41379
marginal,Link,BA0 0,municipal solid waste,0.68918
marginal,Link,BA0 0,rural air heat pump,0.12812
marginal,Link,BA0 0,rural biomass boiler,1437.04199
marginal,Link,BA0 0,rural gas boiler,56444.14709
marginal,Link,BA0 0,rural ground heat pump,0.20526
marginal,Link,BA0 0,rural resistive heater,3411.36542
marginal,Link,BA0 0,solid biomass for industry,6707.46734
marginal,Link,BA0 0,steel emission,3453.22539
marginal,Link,BA0 0,urban central air heat pump,1.43422
marginal,Link,BA0 0,urban central gas CHP,1647.36668
marginal,Link,BA0 0,urban central gas boiler,14319.77953
marginal,Link,BA0 0,urban central resistive heater,203.14346
marginal,Link,BA0 0,urban central solid biomass CHP,1555028.01395
marginal,Link,BA0 0,urban central solid biomass CHP CC,32481.60769
marginal,Link,BA0 0,urban decentral air heat pump,0.13466
marginal,Link,BA0 0,urban decentral biomass boiler,1428.52834
marginal,Link,BA0 0,urban decentral gas boiler,40127.83106
marginal,Link,BA0 0,urban decentral resistive heater,2566.92408
marginal,Link,BA0 0,waste CHP,1102.61424
marginal,Link,BE0 0,BEV charger,100657.02005
marginal,Link,BE0 0,CO2 pipeline,-21.71512
marginal,Link,BE0 0,Combined-Cycle Gas,124756425.72621
marginal,Link,BE0 0,DC,19636.18064
marginal,Link,BE0 0,EAF,0.21516
marginal,Link,BE0 0,H2 DRI,1175.79629
marginal,Link,BE0 0,H2 Electrolysis,0.28556
marginal,Link,BE0 0,HVC to air,238188.39247
marginal,Link,BE0 0,Haber-Bosch,45.88411
marginal,Link,BE0 0,Open-Cycle Gas,284.05336
marginal,Link,BE0 0,SMR,148.62833
marginal,Link,BE0 0,Sabatier,0.59953
marginal,Link,BE0 0,battery charger,4.85578
marginal,Link,BE0 0,battery discharger,4.98402
marginal,Link,BE0 0,biogas to gas,6544575.2551
marginal,Link,BE0 0,biomass to liquid,21.85166
marginal,Link,BE0 0,biomass-to-methanol,383.5783
marginal,Link,BE0 0,electricity distribution grid,994769.2801
marginal,Link,BE0 0,gas DRI,4145.56603
marginal,Link,BE0 0,gas for industry,47026.82728
marginal,Link,BE0 0,gas pipeline,201.98721
marginal,Link,BE0 0,gas pipeline new,210556.38617
marginal,Link,BE0 0,heat100-200 industry electric boiler steam,50.43257
marginal,Link,BE0 0,heat100-200 industry gas,160838.58614
marginal,Link,BE0 0,heat100-200 industry industrial heat pump high temperature,16071217.32205
marginal,Link,BE0 0,heat100-200 industry solid biomass,140.13977
marginal,Link,BE0 0,heat200-500 industry gas,1311915.85635
marginal,Link,BE0 0,heat200-500 industry hydrogen,156.6303
marginal,Link,BE0 0,heat200-500 industry solid biomass,621.22521
marginal,Link,BE0 0,heat<100 industry electric boiler steam,50.0581
marginal,Link,BE0 0,heat<100 industry gas,13170648.23706
marginal,Link,BE0 0,heat<100 industry industrial heat pump medium temperature,5569.59392
marginal,Link,BE0 0,heat<100 industry solid biomass,142.35818
marginal,Link,BE0 0,heat>500 industry gas,4336914.53878
marginal,Link,BE0 0,heat>500 industry hydrogen,180.72748
marginal,Link,BE0 0,home battery charger,3.82691
marginal,Link,BE0 0,home battery discharger,4.16249
marginal,Link,BE0 0,methanolisation,86.63457
marginal,Link,BE0 0,municipal solid waste,29444.49838
marginal,Link,BE0 0,rural air heat pump,0.6071
marginal,Link,BE0 0,rural biomass boiler,6678797.27473
marginal,Link,BE0 0,rural gas boiler,45788.17444
marginal,Link,BE0 0,rural ground heat pump,3538.27694
marginal,Link,BE0 0,rural resistive heater,312.15119
marginal,Link,BE0 0,solid biomass for industry,102608.87585
marginal,Link,BE0 0,steel emission,19962.86133
marginal,Link,BE0 0,unsustainable bioliquids,3985648.65899
marginal,Link,BE0 0,urban central air heat pump,4237.58877
marginal,Link,BE0 0,urban central gas CHP,3309.55322
marginal,Link,BE0 0,urban central gas boiler,107085.74334
marginal,Link,BE0 0,urban central resistive heater,5.35398
marginal,Link,BE0 0,urban central solid biomass CHP,240.33609
marginal,Link,BE0 0,urban central solid biomass CHP CC,196.44081
marginal,Link,BE0 0,urban decentral air heat pump,1552.93668
marginal,Link,BE0 0,urban decentral biomass boiler,43068480.53963
marginal,Link,BE0 0,urban decentral gas boiler,336205.02865
marginal,Link,BE0 0,urban decentral resistive heater,38745.70872
marginal,Link,BE0 0,waste CHP,1704.85592
marginal,Link,BG0 0,BEV charger,28765.48983
marginal,Link,BG0 0,CO2 pipeline,-0.55934
marginal,Link,BG0 0,Combined-Cycle Gas,2495454.43616
marginal,Link,BG0 0,H2 Electrolysis,0.33218
marginal,Link,BG0 0,HVC to air,121810.00055
marginal,Link,BG0 0,Haber-Bosch,20.32241
marginal,Link,BG0 0,Open-Cycle Gas,234.53382
marginal,Link,BG0 0,SMR,5635.84312
marginal,Link,BG0 0,Sabatier,0.58362
marginal,Link,BG0 0,battery charger,5.47351
marginal,Link,BG0 0,battery discharger,6.01946
marginal,Link,BG0 0,biogas to gas,1439426.76897
marginal,Link,BG0 0,biomass to liquid,4263475.45555
marginal,Link,BG0 0,biomass-to-methanol,556.52358
marginal,Link,BG0 0,co2 sequestered,3791.77567
marginal,Link,BG0 0,electricity distribution grid,406994.59714
marginal,Link,BG0 0,gas for industry,15059.09278
marginal,Link,BG0 0,gas pipeline,43.41498
marginal,Link,BG0 0,gas pipeline new,591865.30091
marginal,Link,BG0 0,heat100-200 industry electric boiler steam,47.73644
marginal,Link,BG0 0,heat100-200 industry gas,11337.2618
marginal,Link,BG0 0,heat100-200 industry industrial heat pump high temperature,3071755.13724
marginal,Link,BG0 0,heat100-200 industry solid biomass,2157.6635
marginal,Link,BG0 0,heat200-500 industry gas,314246.66183
marginal,Link,BG0 0,heat200-500 industry hydrogen,198.03564
marginal,Link,BG0 0,heat200-500 industry solid biomass,15069.51456
marginal,Link,BG0 0,heat<100 industry electric boiler steam,49.0874
marginal,Link,BG0 0,heat<100 industry gas,2048433.12112
marginal,Link,BG0 0,heat<100 industry industrial heat pump medium temperature,220358.70249
marginal,Link,BG0 0,heat<100 industry solid biomass,4393.8895
marginal,Link,BG0 0,heat>500 industry gas,1213335.4085
marginal,Link,BG0 0,heat>500 industry hydrogen,171.14924
marginal,Link,BG0 0,home battery charger,10.21787
marginal,Link,BG0 0,home battery discharger,9.64692
marginal,Link,BG0 0,methanolisation,3758.0727
marginal,Link,BG0 0,municipal solid waste,2670.76626
marginal,Link,BG0 0,rural air heat pump,0.30618
marginal,Link,BG0 0,rural biomass boiler,21376271.14946
marginal,Link,BG0 0,rural gas boiler,609.99496
marginal,Link,BG0 0,rural ground heat pump,969.2884
marginal,Link,BG0 0,rural resistive heater,13298.0242
marginal,Link,BG0 0,solid biomass for industry,33682.50158
marginal,Link,BG0 0,unsustainable bioliquids,1443686.6815
marginal,Link,BG0 0,urban central air heat pump,0.96411
marginal,Link,BG0 0,urban central gas CHP,2551.55352
marginal,Link,BG0 0,urban central gas boiler,25751.73132
marginal,Link,BG0 0,urban central resistive heater,301.24551
marginal,Link,BG0 0,urban central solid biomass CHP,5864.6538
marginal,Link,BG0 0,urban central solid biomass CHP CC,6708638.88462
marginal,Link,BG0 0,urban decentral air heat pump,6178.81205
marginal,Link,BG0 0,urban decentral biomass boiler,26505505.32158
marginal,Link,BG0 0,urban decentral gas boiler,832.04915
marginal,Link,BG0 0,urban decentral resistive heater,20683.98124
marginal,Link,BG0 0,waste CHP,1237.31163
marginal,Link,CH0 0,BEV charger,40783.23405
marginal,Link,CH0 0,CO2 pipeline,7325.07161
marginal,Link,CH0 0,Combined-Cycle Gas,708571.38196
marginal,Link,CH0 0,EAF,0.14459
marginal,Link,CH0 0,H2 DRI,818.36046
marginal,Link,CH0 0,H2 Electrolysis,0.31651
marginal,Link,CH0 0,HVC to air,192366.20342
marginal,Link,CH0 0,Haber-Bosch,9.96322
marginal,Link,CH0 0,Open-Cycle Gas,185.8893
marginal,Link,CH0 0,SMR,31.5763
marginal,Link,CH0 0,Sabatier,0.56158
marginal,Link,CH0 0,battery charger,4.87835
marginal,Link,CH0 0,battery discharger,5.43878
marginal,Link,CH0 0,biogas to gas,663.787
marginal,Link,CH0 0,biomass to liquid,5672791.32425
marginal,Link,CH0 0,biomass-to-methanol,575.55306
marginal,Link,CH0 0,electricity distribution grid,736573.14293
marginal,Link,CH0 0,gas DRI,2732.27544
marginal,Link,CH0 0,gas for industry,10910.78725
marginal,Link,CH0 0,gas pipeline,118548.52013
marginal,Link,CH0 0,gas pipeline new,-248604.97425
marginal,Link,CH0 0,heat100-200 industry electric boiler steam,48.46764
marginal,Link,CH0 0,heat100-200 industry gas,25848.94971
marginal,Link,CH0 0,heat100-200 industry industrial heat pump high temperature,4796515.67425
marginal,Link,CH0 0,heat100-200 industry solid biomass,2023.661
marginal,Link,CH0 0,heat200-500 industry gas,212.43
marginal,Link,CH0 0,heat200-500 industry hydrogen,183.85289
marginal,Link,CH0 0,heat200-500 industry solid biomass,11858200.98016
marginal,Link,CH0 0,heat<100 industry electric boiler steam,48.96994
marginal,Link,CH0 0,heat<100 industry gas,21578.89164
marginal,Link,CH0 0,heat<100 industry industrial heat pump medium temperature,3960171.29207
marginal,Link,CH0 0,heat<100 industry solid biomass,5403.43603
marginal,Link,CH0 0,heat>500 industry gas,911878.67079
marginal,Link,CH0 0,heat>500 industry hydrogen,173.47033
marginal,Link,CH0 0,home battery charger,7.15495
marginal,Link,CH0 0,home battery discharger,8.37224
marginal,Link,CH0 0,methanolisation,18.13958
marginal,Link,CH0 0,municipal solid waste,67280.30272
marginal,Link,CH0 0,rural air heat pump,0.17517
marginal,Link,CH0 0,rural biomass boiler,2471.21329
marginal,Link,CH0 0,rural gas boiler,3105.40401
marginal,Link,CH0 0,rural ground heat pump,31509.72911
marginal,Link,CH0 0,rural resistive heater,156.68966
marginal,Link,CH0 0,solid biomass for industry,22555.51665
marginal,Link,CH0 0,steel emission,2378.99726
marginal,Link,CH0 0,urban central air heat pump,0.76691
marginal,Link,CH0 0,urban central gas CHP,1310.51432
marginal,Link,CH0 0,urban central gas boiler,41416.74587
marginal,Link,CH0 0,urban central resistive heater,129.10174
marginal,Link,CH0 0,urban central solid biomass CHP,14467494.13553
marginal,Link,CH0 0,urban central solid biomass CHP CC,10265324.20472
marginal,Link,CH0 0,urban decentral air heat pump,94689.09938
marginal,Link,CH0 0,urban decentral biomass boiler,2161.22799
marginal,Link,CH0 0,urban decentral gas boiler,117487.36453
marginal,Link,CH0 0,urban decentral resistive heater,5653.15983
marginal,Link,CH0 0,waste CHP,1391.26334
marginal,Link,CZ0 0,BEV charger,69142.15384
marginal,Link,CZ0 0,CO2 pipeline,6.22988
marginal,Link,CZ0 0,Combined-Cycle Gas,45142699.2562
marginal,Link,CZ0 0,EAF,0.20718
marginal,Link,CZ0 0,H2 DRI,1060.74743
marginal,Link,CZ0 0,H2 Electrolysis,0.27515
marginal,Link,CZ0 0,HVC to air,164690.93184
marginal,Link,CZ0 0,Haber-Bosch,9.69134
marginal,Link,CZ0 0,Open-Cycle Gas,312.63544
marginal,Link,CZ0 0,SMR,57.31591
marginal,Link,CZ0 0,Sabatier,0.50927
marginal,Link,CZ0 0,battery charger,5.3031
marginal,Link,CZ0 0,battery discharger,5.45352
marginal,Link,CZ0 0,biogas to gas,16419795.65547
marginal,Link,CZ0 0,biomass to liquid,2672216.52562
marginal,Link,CZ0 0,biomass-to-methanol,567.1784
marginal,Link,CZ0 0,electricity distribution grid,735546.06006
marginal,Link,CZ0 0,gas DRI,3656.29117
marginal,Link,CZ0 0,gas for industry,15798.57578
marginal,Link,CZ0 0,gas pipeline,122999.82092
marginal,Link,CZ0 0,gas pipeline new,-819500.34427
marginal,Link,CZ0 0,heat100-200 industry electric boiler steam,44.8801
marginal,Link,CZ0 0,heat100-200 industry gas,9166255.1378
marginal,Link,CZ0 0,heat100-200 industry industrial heat pump high temperature,2302.01879
marginal,Link,CZ0 0,heat100-200 industry solid biomass,2061265.7547
marginal,Link,CZ0 0,heat200-500 industry gas,906578.46411
marginal,Link,CZ0 0,heat200-500 industry hydrogen,160.89053
marginal,Link,CZ0 0,heat200-500 industry solid biomass,42117.93474
marginal,Link,CZ0 0,heat<100 industry electric boiler steam,44.40642
marginal,Link,CZ0 0,heat<100 industry gas,8160799.40443
marginal,Link,CZ0 0,heat<100 industry industrial heat pump medium temperature,743.80921
marginal,Link,CZ0 0,heat<100 industry solid biomass,1843018.08144
marginal,Link,CZ0 0,heat>500 industry gas,2141020.81602
marginal,Link,CZ0 0,heat>500 industry hydrogen,171.44366
marginal,Link,CZ0 0,home battery charger,5.05973
marginal,Link,CZ0 0,home battery discharger,5.03775
marginal,Link,CZ0 0,methanolisation,32.89298
marginal,Link,CZ0 0,municipal solid waste,3011.91925
marginal,Link,CZ0 0,rural air heat pump,0.24094
marginal,Link,CZ0 0,rural biomass boiler,67680893.95016
marginal,Link,CZ0 0,rural gas boiler,81350.21926
marginal,Link,CZ0 0,rural ground heat pump,9669.11377
marginal,Link,CZ0 0,rural resistive heater,22886.63269
marginal,Link,CZ0 0,solid biomass for industry,96544.92665
marginal,Link,CZ0 0,steel emission,19247.78235
marginal,Link,CZ0 0,unsustainable bioliquids,2447907.01883
marginal,Link,CZ0 0,urban central air heat pump,0.47259
marginal,Link,CZ0 0,urban central gas CHP,6501.43255
marginal,Link,CZ0 0,urban central gas boiler,110608.34056
marginal,Link,CZ0 0,urban central resistive heater,1.04691
marginal,Link,CZ0 0,urban central solid biomass CHP,22623981.48545
marginal,Link,CZ0 0,urban central solid biomass CHP CC,20761.29892
marginal,Link,CZ0 0,urban decentral air heat pump,5573.61796
marginal,Link,CZ0 0,urban decentral biomass boiler,108887291.35445
marginal,Link,CZ0 0,urban decentral gas boiler,140728.31043
marginal,Link,CZ0 0,urban decentral resistive heater,47707.94805
marginal,Link,CZ0 0,waste CHP,1462.76979
marginal,Link,DE0 0,BEV charger,84369.02977
marginal,Link,DE0 0,CO2 pipeline,-9.21935
marginal,Link,DE0 0,Combined-Cycle Gas,58956735.98002
marginal,Link,DE0 0,DC,26219.48733
marginal,Link,DE0 0,EAF,0.22718
marginal,Link,DE0 0,H2 DRI,1212.26802
marginal,Link,DE0 0,H2 Electrolysis,0.29665
marginal,Link,DE0 0,HVC to air,253476.04957
marginal,Link,DE0 0,Haber-Bosch,15.32569
marginal,Link,DE0 0,Open-Cycle Gas,307.70333
marginal,Link,DE0 0,SMR,55.2004
marginal,Link,DE0 0,Sabatier,0.65215
marginal,Link,DE0 0,battery charger,4.90485
marginal,Link,DE0 0,battery discharger,5.36118
marginal,Link,DE0 0,biogas to gas,45702704.18567
marginal,Link,DE0 0,biomass to liquid,4244855.47179
marginal,Link,DE0 0,biomass-to-methanol,561.92881
marginal,Link,DE0 0,co2 sequestered,16353.78164
marginal,Link,DE0 0,electricity distribution grid,838602.45516
marginal,Link,DE0 0,gas DRI,4278.19841
marginal,Link,DE0 0,gas for industry,39339.64502
marginal,Link,DE0 0,gas pipeline,262162.45307
marginal,Link,DE0 0,heat100-200 industry electric boiler steam,49.75316
marginal,Link,DE0 0,heat100-200 industry gas,155198.41852
marginal,Link,DE0 0,heat100-200 industry industrial heat pump high temperature,15158604.54159
marginal,Link,DE0 0,heat100-200 industry solid biomass,2483.42296
marginal,Link,DE0 0,heat200-500 industry gas,1248886.21684
marginal,Link,DE0 0,heat200-500 industry hydrogen,156.83547
marginal,Link,DE0 0,heat200-500 industry solid biomass,15891.80778
marginal,Link,DE0 0,heat<100 industry electric boiler steam,49.65147
marginal,Link,DE0 0,heat<100 industry gas,10630911.59828
marginal,Link,DE0 0,heat<100 industry industrial heat pump medium temperature,12230.55814
marginal,Link,DE0 0,heat<100 industry solid biomass,2321364.92973
marginal,Link,DE0 0,heat>500 industry gas,3307815.74613
marginal,Link,DE0 0,heat>500 industry hydrogen,175.80096
marginal,Link,DE0 0,home battery charger,4.02334
marginal,Link,DE0 0,home battery discharger,3.64894
marginal,Link,DE0 0,methanolisation,38.96497
marginal,Link,DE0 0,municipal solid waste,16794.88844
marginal,Link,DE0 0,rural air heat pump,0.28129
marginal,Link,DE0 0,rural biomass boiler,29575659.05963
marginal,Link,DE0 0,rural gas boiler,103887.31493
marginal,Link,DE0 0,rural ground heat pump,10919.27844
marginal,Link,DE0 0,rural resistive heater,2614.29101
marginal,Link,DE0 0,solid biomass for industry,66104.36218
marginal,Link,DE0 0,steel emission,24799.57355
marginal,Link,DE0 0,unsustainable bioliquids,6676696.13063
marginal,Link,DE0 0,urban central air heat pump,0.81659
marginal,Link,DE0 0,urban central gas CHP,2500.33132
marginal,Link,DE0 0,urban central gas boiler,140335.09923
marginal,Link,DE0 0,urban central resistive heater,150.15221
marginal,Link,DE0 0,urban central solid biomass CHP,10231.91276
marginal,Link,DE0 0,urban central solid biomass CHP CC,22085117.49739
marginal,Link,DE0 0,urban decentral air heat pump,3692.83902
marginal,Link,DE0 0,urban decentral biomass boiler,64871115.74057
marginal,Link,DE0 0,urban decentral gas boiler,217204.72303
marginal,Link,DE0 0,urban decentral resistive heater,7212.0754
marginal,Link,DE0 0,waste CHP,1502.84654
marginal,Link,DE0 1,BEV charger,48697.29455
marginal,Link,DE0 1,CO2 pipeline,4535.41568
marginal,Link,DE0 1,Combined-Cycle Gas,33893239.79532
marginal,Link,DE0 1,H2 Electrolysis,0.30256
marginal,Link,DE0 1,HVC to air,122547.82189
marginal,Link,DE0 1,Haber-Bosch,6.56423
marginal,Link,DE0 1,Open-Cycle Gas,235.41364
marginal,Link,DE0 1,SMR,15.42859
marginal,Link,DE0 1,Sabatier,0.51628
marginal,Link,DE0 1,battery charger,5.45422
marginal,Link,DE0 1,battery discharger,4.71656
marginal,Link,DE0 1,biogas to gas,27652566.86446
marginal,Link,DE0 1,biomass to liquid,7520.38039
marginal,Link,DE0 1,biomass-to-methanol,576.87139
marginal,Link,DE0 1,electricity distribution grid,531243.93498
marginal,Link,DE0 1,gas for industry,5382.98073
marginal,Link,DE0 1,gas pipeline,8632.08295
marginal,Link,DE0 1,gas pipeline new,-511.30712
marginal,Link,DE0 1,heat100-200 industry electric boiler steam,44.93374
marginal,Link,DE0 1,heat100-200 industry gas,5613.59217
marginal,Link,DE0 1,heat100-200 industry industrial heat pump high temperature,619565.01068
marginal,Link,DE0 1,heat100-200 industry solid biomass,14914622.88043
marginal,Link,DE0 1,heat200-500 industry gas,106.14242
marginal,Link,DE0 1,heat200-500 industry hydrogen,178.38601
marginal,Link,DE0 1,heat200-500 industry solid biomass,13263744.52099
marginal,Link,DE0 1,heat<100 industry electric boiler steam,43.80144
marginal,Link,DE0 1,heat<100 industry gas,346.96664
marginal,Link,DE0 1,heat<100 industry industrial heat pump medium temperature,1025.09981
marginal,Link,DE0 1,heat<100 industry solid biomass,9876482.911
marginal,Link,DE0 1,heat>500 industry gas,784322.77755
marginal,Link,DE0 1,heat>500 industry hydrogen,176.58172
marginal,Link,DE0 1,home battery charger,3.74994
marginal,Link,DE0 1,home battery discharger,3.68575
marginal,Link,DE0 1,methanolisation,8.79899
marginal,Link,DE0 1,municipal solid waste,10040.99707
marginal,Link,DE0 1,rural air heat pump,0.1668
marginal,Link,DE0 1,rural biomass boiler,31067851.8663
marginal,Link,DE0 1,rural gas boiler,113081.66811
marginal,Link,DE0 1,rural ground heat pump,5709.50457
marginal,Link,DE0 1,rural resistive heater,1278.36948
marginal,Link,DE0 1,solid biomass for industry,36862.47675
marginal,Link,DE0 1,unsustainable bioliquids,4039605.12191
marginal,Link,DE0 1,urban central air heat pump,0.6439
marginal,Link,DE0 1,urban central gas CHP,1735.12928
marginal,Link,DE0 1,urban central gas boiler,35892.17
marginal,Link,DE0 1,urban central resistive heater,1.5847
marginal,Link,DE0 1,urban central solid biomass CHP,2246491.33185
marginal,Link,DE0 1,urban central solid biomass CHP CC,7032318.9859
marginal,Link,DE0 1,urban decentral air heat pump,1941.05284
marginal,Link,DE0 1,urban decentral biomass boiler,20200023.17183
marginal,Link,DE0 1,urban decentral gas boiler,67734.09915
marginal,Link,DE0 1,urban decentral resistive heater,3478.86648
marginal,Link,DE0 1,waste CHP,1319.97553
marginal,Link,DE0 2,BEV charger,133632.82576
marginal,Link,DE0 2,CO2 pipeline,-9451.7357
marginal,Link,DE0 2,Combined-Cycle Gas,180004199.21133
marginal,Link,DE0 2,DC,29465.04294
marginal,Link,DE0 2,EAF,0.29992
marginal,Link,DE0 2,H2 DRI,1595.42709
marginal,Link,DE0 2,H2 Electrolysis,0.31227
marginal,Link,DE0 2,HVC to air,340942.41138
marginal,Link,DE0 2,Haber-Bosch,478439.89761
marginal,Link,DE0 2,Open-Cycle Gas,294.12364
marginal,Link,DE0 2,SMR,311953.15315
marginal,Link,DE0 2,Sabatier,0.60796
marginal,Link,DE0 2,battery charger,5.39894
marginal,Link,DE0 2,battery discharger,5.37204
marginal,Link,DE0 2,biogas to gas,32218940.17524
marginal,Link,DE0 2,biomass to liquid,23.00173
marginal,Link,DE0 2,biomass-to-methanol,387.64991
marginal,Link,DE0 2,co2 sequestered,16055.56646
marginal,Link,DE0 2,electricity distribution grid,1339379.11169
marginal,Link,DE0 2,gas DRI,5420.07548
marginal,Link,DE0 2,gas for industry,63053.03714
marginal,Link,DE0 2,gas pipeline,417858.09106
marginal,Link,DE0 2,heat100-200 industry electric boiler steam,57.41984
marginal,Link,DE0 2,heat100-200 industry gas,294238.18203
marginal,Link,DE0 2,heat100-200 industry industrial heat pump high temperature,29391424.88582
marginal,Link,DE0 2,heat100-200 industry solid biomass,172.9902
marginal,Link,DE0 2,heat200-500 industry gas,2245190.94089
marginal,Link,DE0 2,heat200-500 industry hydrogen,173.25399
marginal,Link,DE0 2,heat200-500 industry solid biomass,647.86616
marginal,Link,DE0 2,heat<100 industry electric boiler steam,53.756
marginal,Link,DE0 2,heat<100 industry gas,19277447.80499
marginal,Link,DE0 2,heat<100 industry industrial heat pump medium temperature,2008089.38878
marginal,Link,DE0 2,heat<100 industry solid biomass,150.28394
marginal,Link,DE0 2,heat>500 industry gas,6607440.03568
marginal,Link,DE0 2,heat>500 industry hydrogen,192.31727
marginal,Link,DE0 2,home battery charger,4.20989
marginal,Link,DE0 2,home battery discharger,4.3691
marginal,Link,DE0 2,methanolisation,221.48698
marginal,Link,DE0 2,municipal solid waste,26598.33182
marginal,Link,DE0 2,rural air heat pump,0.4183
marginal,Link,DE0 2,rural biomass boiler,15345924.13089
marginal,Link,DE0 2,rural gas boiler,58844.74305
marginal,Link,DE0 2,rural ground heat pump,18010.06934
marginal,Link,DE0 2,rural resistive heater,3111.89251
marginal,Link,DE0 2,solid biomass for industry,142081.68705
marginal,Link,DE0 2,steel emission,62857.9462
marginal,Link,DE0 2,unsustainable bioliquids,4700022.89094
marginal,Link,DE0 2,urban central air heat pump,12.31125
marginal,Link,DE0 2,urban central gas CHP,3429.7668
marginal,Link,DE0 2,urban central gas boiler,289929.50676
marginal,Link,DE0 2,urban central resistive heater,2581.39731
marginal,Link,DE0 2,urban central solid biomass CHP,249.06008
marginal,Link,DE0 2,urban central solid biomass CHP CC,196.81994
marginal,Link,DE0 2,urban decentral air heat pump,5934.03249
marginal,Link,DE0 2,urban decentral biomass boiler,121684885.38718
marginal,Link,DE0 2,urban decentral gas boiler,422428.52631
marginal,Link,DE0 2,urban decentral resistive heater,10317.53102
marginal,Link,DE0 2,waste CHP,1841.77491
marginal,Link,DE0 3,BEV charger,66205.58691
marginal,Link,DE0 3,CO2 pipeline,3.41015
marginal,Link,DE0 3,Combined-Cycle Gas,62328846.46187
marginal,Link,DE0 3,H2 Electrolysis,0.31355
marginal,Link,DE0 3,HVC to air,171525.81369
marginal,Link,DE0 3,Haber-Bosch,6.28345
marginal,Link,DE0 3,Open-Cycle Gas,62778.19333
marginal,Link,DE0 3,SMR,17.09814
marginal,Link,DE0 3,Sabatier,0.53601
marginal,Link,DE0 3,battery charger,5.44311
marginal,Link,DE0 3,battery discharger,4.66994
marginal,Link,DE0 3,biogas to gas,34767457.66744
marginal,Link,DE0 3,biomass to liquid,8065.98457
marginal,Link,DE0 3,biomass-to-methanol,580.05428
marginal,Link,DE0 3,electricity distribution grid,643791.77351
marginal,Link,DE0 3,gas for industry,14298.54773
marginal,Link,DE0 3,gas pipeline,25.86983
marginal,Link,DE0 3,gas pipeline new,-449297.89193
marginal,Link,DE0 3,heat100-200 industry electric boiler steam,45.88388
marginal,Link,DE0 3,heat100-200 industry gas,53538.98999
marginal,Link,DE0 3,heat100-200 industry industrial heat pump high temperature,7367722.31792
marginal,Link,DE0 3,heat100-200 industry solid biomass,4840514.89761
marginal,Link,DE0 3,heat200-500 industry gas,99.13841
marginal,Link,DE0 3,heat200-500 industry hydrogen,158.73767
marginal,Link,DE0 3,heat200-500 industry solid biomass,22420197.77018
marginal,Link,DE0 3,heat<100 industry electric boiler steam,44.37634
marginal,Link,DE0 3,heat<100 industry gas,326.71957
marginal,Link,DE0 3,heat<100 industry industrial heat pump medium temperature,986.69335
marginal,Link,DE0 3,heat<100 industry solid biomass,17315397.53791
marginal,Link,DE0 3,heat>500 industry gas,2005326.46128
marginal,Link,DE0 3,heat>500 industry hydrogen,171.20294
marginal,Link,DE0 3,home battery charger,3.83896
marginal,Link,DE0 3,home battery discharger,3.61717
marginal,Link,DE0 3,methanolisation,9.18753
marginal,Link,DE0 3,municipal solid waste,11761.27819
marginal,Link,DE0 3,rural air heat pump,0.37078
marginal,Link,DE0 3,rural biomass boiler,27495250.43044
marginal,Link,DE0 3,rural gas boiler,92651.77218
marginal,Link,DE0 3,rural ground heat pump,7853.58556
marginal,Link,DE0 3,rural resistive heater,1863.08278
marginal,Link,DE0 3,solid biomass for industry,58447.04746
marginal,Link,DE0 3,unsustainable bioliquids,5070572.58747
marginal,Link,DE0 3,urban central air heat pump,0.63703
marginal,Link,DE0 3,urban central gas CHP,1844.70665
marginal,Link,DE0 3,urban central gas boiler,74352.13779
marginal,Link,DE0 3,urban central resistive heater,175.32554
marginal,Link,DE0 3,urban central solid biomass CHP,21368409.64381
marginal,Link,DE0 3,urban central solid biomass CHP CC,12931.55363
marginal,Link,DE0 3,urban decentral air heat pump,2940.48092
marginal,Link,DE0 3,urban decentral biomass boiler,41833727.58142
marginal,Link,DE0 3,urban decentral gas boiler,136825.74764
marginal,Link,DE0 3,urban decentral resistive heater,5287.26775
marginal,Link,DE0 3,waste CHP,1448.68846
marginal,Link,DE0 4,BEV charger,131077.15281
marginal,Link,DE0 4,CO2 pipeline,2.94231
marginal,Link,DE0 4,Combined-Cycle Gas,130511571.73169
marginal,Link,DE0 4,EAF,0.21097
marginal,Link,DE0 4,H2 DRI,1163.10501
marginal,Link,DE0 4,H2 Electrolysis,0.28867
marginal,Link,DE0 4,HVC to air,309590.84858
marginal,Link,DE0 4,Haber-Bosch,9.70328
marginal,Link,DE0 4,Open-Cycle Gas,219.26976
marginal,Link,DE0 4,SMR,18.66796
marginal,Link,DE0 4,Sabatier,0.61706
marginal,Link,DE0 4,battery charger,4.63736
marginal,Link,DE0 4,battery discharger,4.77242
marginal,Link,DE0 4,biogas to gas,34016893.81669
marginal,Link,DE0 4,biomass to liquid,97.27195
marginal,Link,DE0 4,biomass-to-methanol,531.02123
marginal,Link,DE0 4,electricity distribution grid,1301974.21246
marginal,Link,DE0 4,gas DRI,3557.62146
marginal,Link,DE0 4,gas for industry,45946.55887
marginal,Link,DE0 4,gas pipeline,63339.9764
marginal,Link,DE0 4,heat100-200 industry electric boiler steam,51.78004
marginal,Link,DE0 4,heat100-200 industry gas,145329.3703
marginal,Link,DE0 4,heat100-200 industry industrial heat pump high temperature,23390549.79163
marginal,Link,DE0 4,heat100-200 industry solid biomass,605.45239
marginal,Link,DE0 4,heat200-500 industry gas,1484404.3187
marginal,Link,DE0 4,heat200-500 industry hydrogen,161.28686
marginal,Link,DE0 4,heat200-500 industry solid biomass,2796.66292
marginal,Link,DE0 4,heat<100 industry electric boiler steam,48.44191
marginal,Link,DE0 4,heat<100 industry gas,142789.76838
marginal,Link,DE0 4,heat<100 industry industrial heat pump medium temperature,17009919.54748
marginal,Link,DE0 4,heat<100 industry solid biomass,618.28753
marginal,Link,DE0 4,heat>500 industry gas,3052764.81639
marginal,Link,DE0 4,heat>500 industry hydrogen,176.64025
marginal,Link,DE0 4,home battery charger,3.70986
marginal,Link,DE0 4,home battery discharger,3.79557
marginal,Link,DE0 4,methanolisation,8.3358
marginal,Link,DE0 4,municipal solid waste,23370.26933
marginal,Link,DE0 4,rural air heat pump,0.53007
marginal,Link,DE0 4,rural biomass boiler,13059420.55259
marginal,Link,DE0 4,rural gas boiler,50629.13932
marginal,Link,DE0 4,rural ground heat pump,15842.70154
marginal,Link,DE0 4,rural resistive heater,799.95573
marginal,Link,DE0 4,solid biomass for industry,95622.70072
marginal,Link,DE0 4,steel emission,19692.91458
marginal,Link,DE0 4,unsustainable bioliquids,4966575.36135
marginal,Link,DE0 4,urban central air heat pump,8733.04179
marginal,Link,DE0 4,urban central gas CHP,2806.29576
marginal,Link,DE0 4,urban central gas boiler,262396.29523
marginal,Link,DE0 4,urban central resistive heater,72.17118
marginal,Link,DE0 4,urban central solid biomass CHP,66368.49915
marginal,Link,DE0 4,urban central solid biomass CHP CC,14150357.5303
marginal,Link,DE0 4,urban decentral air heat pump,5455.81508
marginal,Link,DE0 4,urban decentral biomass boiler,112614558.90043
marginal,Link,DE0 4,urban decentral gas boiler,427591.91564
marginal,Link,DE0 4,urban decentral resistive heater,9046.07903
marginal,Link,DE0 4,waste CHP,1959.70822
marginal,Link,DE0 5,BEV charger,91940.91704
marginal,Link,DE0 5,CO2 pipeline,12029.03483
marginal,Link,DE0 5,Combined-Cycle Gas,83004971.45703
marginal,Link,DE0 5,DC,4733.07703
marginal,Link,DE0 5,EAF,0.1795
marginal,Link,DE0 5,H2 DRI,935.68387
marginal,Link,DE0 5,H2 Electrolysis,0.33468
marginal,Link,DE0 5,HVC to air,253438.73045
marginal,Link,DE0 5,Haber-Bosch,10.7119
marginal,Link,DE0 5,Open-Cycle Gas,289.88657
marginal,Link,DE0 5,SMR,31.35498
marginal,Link,DE0 5,Sabatier,0.56291
marginal,Link,DE0 5,battery charger,5.67013
marginal,Link,DE0 5,battery discharger,4.77635
marginal,Link,DE0 5,biogas to gas,40170812.89632
marginal,Link,DE0 5,biomass to liquid,3739172.93402
marginal,Link,DE0 5,biomass-to-methanol,563.05821
marginal,Link,DE0 5,electricity distribution grid,890107.42077
marginal,Link,DE0 5,gas DRI,3229.68324
marginal,Link,DE0 5,gas for industry,66546.75717
marginal,Link,DE0 5,gas pipeline,50.60124
marginal,Link,DE0 5,heat100-200 industry electric boiler steam,49.41366
marginal,Link,DE0 5,heat100-200 industry gas,202960.14336
marginal,Link,DE0 5,heat100-200 industry industrial heat pump high temperature,17883044.51736
marginal,Link,DE0 5,heat100-200 industry solid biomass,10567.59002
marginal,Link,DE0 5,heat200-500 industry gas,1316170.22403
marginal,Link,DE0 5,heat200-500 industry hydrogen,156.80118
marginal,Link,DE0 5,heat200-500 industry solid biomass,47326.62624
marginal,Link,DE0 5,heat<100 industry electric boiler steam,47.29295
marginal,Link,DE0 5,heat<100 industry gas,12661850.94288
marginal,Link,DE0 5,heat<100 industry industrial heat pump medium temperature,1091.15512
marginal,Link,DE0 5,heat<100 industry solid biomass,2841459.99077
marginal,Link,DE0 5,heat>500 industry gas,3913705.95104
marginal,Link,DE0 5,heat>500 industry hydrogen,181.64354
marginal,Link,DE0 5,home battery charger,4.28872
marginal,Link,DE0 5,home battery discharger,4.17197
marginal,Link,DE0 5,methanolisation,17.74954
marginal,Link,DE0 5,municipal solid waste,17377.47821
marginal,Link,DE0 5,rural air heat pump,0.16789
marginal,Link,DE0 5,rural biomass boiler,40868521.18754
marginal,Link,DE0 5,rural gas boiler,150494.76938
marginal,Link,DE0 5,rural ground heat pump,9982.49425
marginal,Link,DE0 5,rural resistive heater,2834.76881
marginal,Link,DE0 5,solid biomass for industry,63724.93268
marginal,Link,DE0 5,steel emission,7912.93095
marginal,Link,DE0 5,unsustainable bioliquids,5868473.32826
marginal,Link,DE0 5,urban central air heat pump,0.71252
marginal,Link,DE0 5,urban central gas CHP,3215.83957
marginal,Link,DE0 5,urban central gas boiler,112038.77962
marginal,Link,DE0 5,urban central resistive heater,2.01605
marginal,Link,DE0 5,urban central solid biomass CHP,266294.62559
marginal,Link,DE0 5,urban central solid biomass CHP CC,17862899.29154
marginal,Link,DE0 5,urban decentral air heat pump,4001.71688
marginal,Link,DE0 5,urban decentral biomass boiler,51899858.57521
marginal,Link,DE0 5,urban decentral gas boiler,180977.68406
marginal,Link,DE0 5,urban decentral resistive heater,6777.88686
marginal,Link,DE0 5,waste CHP,1502.48695
marginal,Link,DK0 0,BEV charger,31222.01555
marginal,Link,DK0 0,CO2 pipeline,0.85508
marginal,Link,DK0 0,Combined-Cycle Gas,8304668.7075
marginal,Link,DK0 0,DC,166766.57469
marginal,Link,DK0 0,H2 Electrolysis,0.37986
marginal,Link,DK0 0,HVC to air,59047.83434
marginal,Link,DK0 0,Haber-Bosch,207422.80695
marginal,Link,DK0 0,Open-Cycle Gas,234.68555
marginal,Link,DK0 0,SMR,175614.39632
marginal,Link,DK0 0,Sabatier,0.58854
marginal,Link,DK0 0,battery charger,5.47025
marginal,Link,DK0 0,battery discharger,5.46761
marginal,Link,DK0 0,biogas to gas,8146175.88965
marginal,Link,DK0 0,biomass to liquid,163539.15968
marginal,Link,DK0 0,biomass-to-methanol,558.39219
marginal,Link,DK0 0,co2 sequestered,3.53909
marginal,Link,DK0 0,electricity distribution grid,262675.84591
marginal,Link,DK0 0,gas for industry,12698.69824
marginal,Link,DK0 0,gas pipeline,91044.48256
marginal,Link,DK0 0,gas pipeline new,217225.87823
marginal,Link,DK0 0,heat100-200 industry electric boiler steam,54.9027
marginal,Link,DK0 0,heat100-200 industry gas,19283.18916
marginal,Link,DK0 0,heat100-200 industry industrial heat pump high temperature,1942064.18333
marginal,Link,DK0 0,heat100-200 industry solid biomass,1115.4036
marginal,Link,DK0 0,heat200-500 industry gas,143971.34165
marginal,Link,DK0 0,heat200-500 industry hydrogen,203.18887
marginal,Link,DK0 0,heat200-500 industry solid biomass,16893.10093
marginal,Link,DK0 0,heat<100 industry electric boiler steam,55.2063
marginal,Link,DK0 0,heat<100 industry gas,17273.65253
marginal,Link,DK0 0,heat<100 industry industrial heat pump medium temperature,1872646.93787
marginal,Link,DK0 0,heat<100 industry solid biomass,1322.08759
marginal,Link,DK0 0,heat>500 industry gas,407830.89092
marginal,Link,DK0 0,heat>500 industry hydrogen,187.62597
marginal,Link,DK0 0,home battery charger,4.26062
marginal,Link,DK0 0,home battery discharger,4.4435
marginal,Link,DK0 0,methanolisation,42113.9421
marginal,Link,DK0 0,municipal solid waste,10951.94434
marginal,Link,DK0 0,rural air heat pump,0.70969
marginal,Link,DK0 0,rural biomass boiler,10719978.67511
marginal,Link,DK0 0,rural gas boiler,8301.54046
marginal,Link,DK0 0,rural ground heat pump,8722.88274
marginal,Link,DK0 0,rural resistive heater,986.73687
marginal,Link,DK0 0,solid biomass for industry,24598.21755
marginal,Link,DK0 0,unsustainable bioliquids,21894.15231
marginal,Link,DK0 0,urban central air heat pump,8486.99126
marginal,Link,DK0 0,urban central gas CHP,1122.44523
marginal,Link,DK0 0,urban central gas boiler,92790.74146
marginal,Link,DK0 0,urban central resistive heater,2268.89484
marginal,Link,DK0 0,urban central solid biomass CHP,1236.60182
marginal,Link,DK0 0,urban central solid biomass CHP CC,13935631.77483
marginal,Link,DK0 0,urban decentral air heat pump,10125.06564
marginal,Link,DK0 0,urban decentral biomass boiler,33179622.68904
marginal,Link,DK0 0,urban decentral gas boiler,24584.96901
marginal,Link,DK0 0,urban decentral resistive heater,22691.86574
marginal,Link,DK0 0,waste CHP,957.616
marginal,Link,DK1 0,BEV charger,17856.32392
marginal,Link,DK1 0,CO2 pipeline,-1.89103
marginal,Link,DK1 0,Combined-Cycle Gas,12201268.66182
marginal,Link,DK1 0,DC,61159.09682
marginal,Link,DK1 0,H2 Electrolysis,0.41012
marginal,Link,DK1 0,HVC to air,37432.83017
marginal,Link,DK1 0,Haber-Bosch,228174.52273
marginal,Link,DK1 0,Open-Cycle Gas,179.76978
marginal,Link,DK1 0,SMR,197211.17446
marginal,Link,DK1 0,Sabatier,0.52527
marginal,Link,DK1 0,battery charger,5.72153
marginal,Link,DK1 0,battery discharger,5.48189
marginal,Link,DK1 0,biogas to gas,2974603.88477
marginal,Link,DK1 0,biomass to liquid,21.45483
marginal,Link,DK1 0,biomass-to-methanol,379.20632
marginal,Link,DK1 0,co2 sequestered,3.15142
marginal,Link,DK1 0,electricity distribution grid,193987.30216
marginal,Link,DK1 0,gas for industry,1986.17653
marginal,Link,DK1 0,gas pipeline,17.19026
marginal,Link,DK1 0,heat100-200 industry electric boiler steam,58.12083
marginal,Link,DK1 0,heat100-200 industry gas,5857.38765
marginal,Link,DK1 0,heat100-200 industry industrial heat pump high temperature,852412.22967
marginal,Link,DK1 0,heat100-200 industry solid biomass,174.46545
marginal,Link,DK1 0,heat200-500 industry gas,83701.60974
marginal,Link,DK1 0,heat200-500 industry hydrogen,232.09066
marginal,Link,DK1 0,heat200-500 industry solid biomass,668.70138
marginal,Link,DK1 0,heat<100 industry electric boiler steam,59.03977
marginal,Link,DK1 0,heat<100 industry gas,6129.71015
marginal,Link,DK1 0,heat<100 industry industrial heat pump medium temperature,879126.66626
marginal,Link,DK1 0,heat<100 industry solid biomass,178.01289
marginal,Link,DK1 0,heat>500 industry gas,43307.80419
marginal,Link,DK1 0,heat>500 industry hydrogen,240.72386
marginal,Link,DK1 0,home battery charger,5.63795
marginal,Link,DK1 0,home battery discharger,5.60904
marginal,Link,DK1 0,methanolisation,59157.05015
marginal,Link,DK1 0,municipal solid waste,8249.89338
marginal,Link,DK1 0,rural air heat pump,0.8014
marginal,Link,DK1 0,rural biomass boiler,4650123.93071
marginal,Link,DK1 0,rural gas boiler,3465.26385
marginal,Link,DK1 0,rural ground heat pump,5450.96929
marginal,Link,DK1 0,rural resistive heater,565.86479
marginal,Link,DK1 0,solid biomass for industry,6832.23142
marginal,Link,DK1 0,unsustainable bioliquids,7987.95434
marginal,Link,DK1 0,urban central air heat pump,4144.37652
marginal,Link,DK1 0,urban central gas CHP,798.12614
marginal,Link,DK1 0,urban central gas boiler,46550.21546
marginal,Link,DK1 0,urban central resistive heater,5734.6188
marginal,Link,DK1 0,urban central solid biomass CHP,166.67873
marginal,Link,DK1 0,urban central solid biomass CHP CC,169.77025
marginal,Link,DK1 0,urban decentral air heat pump,6798.86612
marginal,Link,DK1 0,urban decentral biomass boiler,22837739.51895
marginal,Link,DK1 0,urban decentral gas boiler,15866.19232
marginal,Link,DK1 0,urban decentral resistive heater,16761.70832
marginal,Link,DK1 0,waste CHP,852.8196
marginal,Link,EE0 0,BEV charger,8527.43926
marginal,Link,EE0 0,CO2 pipeline,-0.45979
marginal,Link,EE0 0,Combined-Cycle Gas,2253336.59528
marginal,Link,EE0 0,DC,27598.89564
marginal,Link,EE0 0,H2 Electrolysis,0.31168
marginal,Link,EE0 0,HVC to air,23244.4664
marginal,Link,EE0 0,Haber-Bosch,18.62697
marginal,Link,EE0 0,Open-Cycle Gas,195.9816
marginal,Link,EE0 0,SMR,145.95008
marginal,Link,EE0 0,Sabatier,0.58728
marginal,Link,EE0 0,battery charger,5.36433
marginal,Link,EE0 0,battery discharger,5.5251
marginal,Link,EE0 0,biogas to gas,392448.42613
marginal,Link,EE0 0,biomass to liquid,6697992.51708
marginal,Link,EE0 0,biomass-to-methanol,543.29398
marginal,Link,EE0 0,co2 sequestered,2522.93058
marginal,Link,EE0 0,electricity distribution grid,95301.52478
marginal,Link,EE0 0,gas for industry,195.66143
marginal,Link,EE0 0,gas pipeline new,-39163.74907
marginal,Link,EE0 0,heat100-200 industry electric boiler steam,57.10744
marginal,Link,EE0 0,heat100-200 industry gas,2909.8623
marginal,Link,EE0 0,heat100-200 industry industrial heat pump high temperature,664290.14796
marginal,Link,EE0 0,heat100-200 industry solid biomass,1986.63549
marginal,Link,EE0 0,heat200-500 industry gas,33049.41617
marginal,Link,EE0 0,heat200-500 industry hydrogen,265.1147
marginal,Link,EE0 0,heat200-500 industry solid biomass,53845.97232
marginal,Link,EE0 0,heat<100 industry electric boiler steam,59.00671
marginal,Link,EE0 0,heat<100 industry gas,3401.10204
marginal,Link,EE0 0,heat<100 industry industrial heat pump medium temperature,677455.08887
marginal,Link,EE0 0,heat<100 industry solid biomass,2884.25209
marginal,Link,EE0 0,heat>500 industry gas,49073.00187
marginal,Link,EE0 0,heat>500 industry hydrogen,236.20338
marginal,Link,EE0 0,home battery charger,5.52269
marginal,Link,EE0 0,home battery discharger,5.83188
marginal,Link,EE0 0,methanolisation,102.41772
marginal,Link,EE0 0,municipal solid waste,2279.97138
marginal,Link,EE0 0,rural air heat pump,0.12204
marginal,Link,EE0 0,rural biomass boiler,20759614.0958
marginal,Link,EE0 0,rural gas boiler,1873.89687
marginal,Link,EE0 0,rural ground heat pump,3214.03525
marginal,Link,EE0 0,rural resistive heater,2100.34522
marginal,Link,EE0 0,solid biomass for industry,3896.06166
marginal,Link,EE0 0,urban central air heat pump,0.77556
marginal,Link,EE0 0,urban central gas CHP,907.43857
marginal,Link,EE0 0,urban central gas boiler,32762.50283
marginal,Link,EE0 0,urban central resistive heater,866.74849
marginal,Link,EE0 0,urban central solid biomass CHP,2792.67918
marginal,Link,EE0 0,urban central solid biomass CHP CC,3414060.8664
marginal,Link,EE0 0,urban decentral air heat pump,2230.4171
marginal,Link,EE0 0,urban decentral biomass boiler,17623367.16299
marginal,Link,EE0 0,urban decentral gas boiler,1374.21262
marginal,Link,EE0 0,urban decentral resistive heater,6139.41631
marginal,Link,EE0 0,waste CHP,968.16145
marginal,Link,ES0 0,BEV charger,278352.21313
marginal,Link,ES0 0,CO2 pipeline,0.58527
marginal,Link,ES0 0,Combined-Cycle Gas,441600964.68329
marginal,Link,ES0 0,DC,66768.61312
marginal,Link,ES0 0,EAF,0.23397
marginal,Link,ES0 0,H2 DRI,1306.77845
marginal,Link,ES0 0,H2 Electrolysis,0.38262
marginal,Link,ES0 0,HVC to air,652507.70537
marginal,Link,ES0 0,Haber-Bosch,406580.41141
marginal,Link,ES0 0,Open-Cycle Gas,212.9681
marginal,Link,ES0 0,SMR,246234.82679
marginal,Link,ES0 0,Sabatier,0.58576
marginal,Link,ES0 0,battery charger,7.53709
marginal,Link,ES0 0,battery discharger,7.54457
marginal,Link,ES0 0,biogas to gas,8157613.44392
marginal,Link,ES0 0,biomass to liquid,7276853.08246
marginal,Link,ES0 0,biomass-to-methanol,557.65222
marginal,Link,ES0 0,co2 sequestered,8.06793
marginal,Link,ES0 0,electricity distribution grid,3173315.82749
marginal,Link,ES0 0,gas DRI,4273.47733
marginal,Link,ES0 0,gas for industry,135443.36003
marginal,Link,ES0 0,gas pipeline,163914.70019
marginal,Link,ES0 0,gas pipeline new,-0.86997
marginal,Link,ES0 0,heat100-200 industry electric boiler steam,63.99149
marginal,Link,ES0 0,heat100-200 industry gas,102605.59443
marginal,Link,ES0 0,heat100-200 industry industrial heat pump high temperature,34794854.50852
marginal,Link,ES0 0,heat100-200 industry solid biomass,1127.09341
marginal,Link,ES0 0,heat200-500 industry gas,3003745.99547
marginal,Link,ES0 0,heat200-500 industry hydrogen,165.79706
marginal,Link,ES0 0,heat200-500 industry solid biomass,15560.63217
marginal,Link,ES0 0,heat<100 industry electric boiler steam,56.01835
marginal,Link,ES0 0,heat<100 industry gas,40703.13485
marginal,Link,ES0 0,heat<100 industry industrial heat pump medium temperature,12140468.12465
marginal,Link,ES0 0,heat<100 industry solid biomass,1151.63046
marginal,Link,ES0 0,heat>500 industry gas,8439708.49392
marginal,Link,ES0 0,heat>500 industry hydrogen,203.08295
marginal,Link,ES0 0,home battery charger,5.94001
marginal,Link,ES0 0,home battery discharger,5.4237
marginal,Link,ES0 0,methanolisation,17079.79099
marginal,Link,ES0 0,municipal solid waste,24643.10446
marginal,Link,ES0 0,rural air heat pump,0.76727
marginal,Link,ES0 0,rural biomass boiler,48185540.3929
marginal,Link,ES0 0,rural gas boiler,117820.99848
marginal,Link,ES0 0,rural ground heat pump,39103.66809
marginal,Link,ES0 0,rural resistive heater,9156.98699
marginal,Link,ES0 0,solid biomass for industry,289772.97827
marginal,Link,ES0 0,steel emission,17024.84007
marginal,Link,ES0 0,unsustainable bioliquids,18045604.80585
marginal,Link,ES0 0,urban central air heat pump,2.98523
marginal,Link,ES0 0,urban central gas CHP,1079.71395
marginal,Link,ES0 0,urban central gas boiler,79288.35119
marginal,Link,ES0 0,urban central resistive heater,728.7691
marginal,Link,ES0 0,urban central solid biomass CHP,2411.24822
marginal,Link,ES0 0,urban central solid biomass CHP CC,5276607.30361
marginal,Link,ES0 0,urban decentral air heat pump,8266.88418
marginal,Link,ES0 0,urban decentral biomass boiler,81120907.04902
marginal,Link,ES0 0,urban decentral gas boiler,239677.19571
marginal,Link,ES0 0,urban decentral resistive heater,294719.54467
marginal,Link,ES0 0,waste CHP,1511.93809
marginal,Link,ES6 0,BEV charger,4851.3269
marginal,Link,ES6 0,Combined-Cycle Gas,187.13231
marginal,Link,ES6 0,DC,29879.12794
marginal,Link,ES6 0,H2 Electrolysis,0.44826
marginal,Link,ES6 0,HVC to air,11299.05932
marginal,Link,ES6 0,Haber-Bosch,9219.44825
marginal,Link,ES6 0,Open-Cycle Gas,95.78285
marginal,Link,ES6 0,SMR,6084.99851
marginal,Link,ES6 0,Sabatier,0.56479
marginal,Link,ES6 0,battery charger,5.95745
marginal,Link,ES6 0,battery discharger,5.64192
marginal,Link,ES6 0,biogas to gas,64313.24217
marginal,Link,ES6 0,biomass to liquid,29.68056
marginal,Link,ES6 0,biomass-to-methanol,409.42451
marginal,Link,ES6 0,electricity distribution grid,103383.49182
marginal,Link,ES6 0,gas pipeline,7.90744
marginal,Link,ES6 0,gas pipeline new,90664.89554
marginal,Link,ES6 0,heat100-200 industry electric boiler steam,88.3857
marginal,Link,ES6 0,heat100-200 industry gas,89.66123
marginal,Link,ES6 0,heat100-200 industry industrial heat pump high temperature,307061.05824
marginal,Link,ES6 0,heat100-200 industry solid biomass,223.95585
marginal,Link,ES6 0,heat200-500 industry gas,23103.76569
marginal,Link,ES6 0,heat200-500 industry hydrogen,260.72371
marginal,Link,ES6 0,heat200-500 industry solid biomass,945.65358
marginal,Link,ES6 0,heat<100 industry electric boiler steam,93.23987
marginal,Link,ES6 0,heat<100 industry gas,94.04579
marginal,Link,ES6 0,heat<100 industry industrial heat pump medium temperature,119385.30075
marginal,Link,ES6 0,heat<100 industry solid biomass,235.43326
marginal,Link,ES6 0,heat>500 industry gas,20282.62596
marginal,Link,ES6 0,heat>500 industry hydrogen,254.71782
marginal,Link,ES6 0,home battery charger,6.08139
marginal,Link,ES6 0,home battery discharger,6.26096
marginal,Link,ES6 0,methanolisation,9.55021
marginal,Link,ES6 0,municipal solid waste,650.09113
marginal,Link,ES6 0,rural air heat pump,0.83637
marginal,Link,ES6 0,rural biomass boiler,561576.30684
marginal,Link,ES6 0,rural gas boiler,1676.01707
marginal,Link,ES6 0,rural ground heat pump,11.66879
marginal,Link,ES6 0,rural resistive heater,1809.34462
marginal,Link,ES6 0,solid biomass for industry,2526.23644
marginal,Link,ES6 0,unsustainable bioliquids,141367.01241
marginal,Link,ES6 0,urban central air heat pump,0.77065
marginal,Link,ES6 0,urban central gas CHP,254.8653
marginal,Link,ES6 0,urban central gas boiler,1592.83244
marginal,Link,ES6 0,urban central resistive heater,22.60079
marginal,Link,ES6 0,urban central solid biomass CHP,164.14262
marginal,Link,ES6 0,urban central solid biomass CHP CC,190.64555
marginal,Link,ES6 0,urban decentral air heat pump,169.29249
marginal,Link,ES6 0,urban decentral biomass boiler,1509557.07204
marginal,Link,ES6 0,urban decentral gas boiler,3999.21512
marginal,Link,ES6 0,urban decentral resistive heater,5267.56349
marginal,Link,ES6 0,waste CHP,594.33567
marginal,Link,EU,BOF,12561012414.09463
marginal,Link,EU,OCGT methanol,1622.9817
marginal,Link,EU,agriculture machinery oil,521014.73751
marginal,Link,EU,ammonia cracker,11.32316
marginal,Link,EU,coal,22120653.61294
marginal,Link,EU,coal for industry,1728119.96914
marginal,Link,EU,kerosene for aviation,7515311.92284
marginal,Link,EU,land transport oil,25691734.13013
marginal,Link,EU,lignite,208127.04837
marginal,Link,EU,naphtha for industry,8552319.83282
marginal,Link,EU,nuclear,2240836865.54514
marginal,Link,EU,oil,2125.52622
marginal,Link,EU,oil refining,47216792.40071
marginal,Link,EU,rural oil boiler,1742523.75957
marginal,Link,EU,shipping methanol,686267.35148
marginal,Link,EU,shipping oil,4970185.85617
marginal,Link,EU,solid biomass import,19.02408
marginal,Link,EU,urban decentral oil boiler,3137539.53699
marginal,Link,FI1 0,BEV charger,50166.19409
marginal,Link,FI1 0,CO2 pipeline,2.56237
marginal,Link,FI1 0,Combined-Cycle Gas,8304214.01202
marginal,Link,FI1 0,DC,21119.17812
marginal,Link,FI1 0,EAF,0.16677
marginal,Link,FI1 0,H2 DRI,1141.49634
marginal,Link,FI1 0,H2 Electrolysis,0.34824
marginal,Link,FI1 0,HVC to air,99518.9828
marginal,Link,FI1 0,Haber-Bosch,17.15828
marginal,Link,FI1 0,Open-Cycle Gas,162.43248
marginal,Link,FI1 0,SMR,122449.31245
marginal,Link,FI1 0,Sabatier,0.56775
marginal,Link,FI1 0,battery charger,5.26273
marginal,Link,FI1 0,battery discharger,5.37264
marginal,Link,FI1 0,biogas to gas,5298658.38452
marginal,Link,FI1 0,biomass to liquid,10597220.52956
marginal,Link,FI1 0,biomass-to-methanol,538.717
marginal,Link,FI1 0,electricity distribution grid,823520.58756
marginal,Link,FI1 0,gas DRI,3233.74411
marginal,Link,FI1 0,gas for industry,9494.87273
marginal,Link,FI1 0,heat100-200 industry electric boiler steam,50.50168
marginal,Link,FI1 0,heat100-200 industry gas,230.84072
marginal,Link,FI1 0,heat100-200 industry industrial heat pump high temperature,2806994.37528
marginal,Link,FI1 0,heat100-200 industry solid biomass,1915.963
marginal,Link,FI1 0,heat200-500 industry gas,626.27954
marginal,Link,FI1 0,heat200-500 industry hydrogen,194.327
marginal,Link,FI1 0,heat200-500 industry solid biomass,14087592.92155
marginal,Link,FI1 0,heat<100 industry electric boiler steam,53.29363
marginal,Link,FI1 0,heat<100 industry gas,2422.62917
marginal,Link,FI1 0,heat<100 industry industrial heat pump medium temperature,16587426.60427
marginal,Link,FI1 0,heat<100 industry solid biomass,2579.31883
marginal,Link,FI1 0,heat>500 industry gas,415622.27846
marginal,Link,FI1 0,heat>500 industry hydrogen,182.76002
marginal,Link,FI1 0,home battery charger,6.12582
marginal,Link,FI1 0,home battery discharger,5.44164
marginal,Link,FI1 0,methanolisation,89282.73527
marginal,Link,FI1 0,municipal solid waste,11461.99066
marginal,Link,FI1 0,rural air heat pump,0.1514
marginal,Link,FI1 0,rural biomass boiler,43961503.33432
marginal,Link,FI1 0,rural gas boiler,25480.42828
marginal,Link,FI1 0,rural ground heat pump,26724.42531
marginal,Link,FI1 0,rural resistive heater,2146.81203
marginal,Link,FI1 0,solid biomass for industry,491433.27917
marginal,Link,FI1 0,steel emission,10045.15638
marginal,Link,FI1 0,unsustainable bioliquids,3564774.6942
marginal,Link,FI1 0,urban central air heat pump,0.57291
marginal,Link,FI1 0,urban central gas CHP,818.86326
marginal,Link,FI1 0,urban central gas boiler,253358.408
marginal,Link,FI1 0,urban central resistive heater,0.74255
marginal,Link,FI1 0,urban central solid biomass CHP,5661388.51529
marginal,Link,FI1 0,urban central solid biomass CHP CC,28328139.67223
marginal,Link,FI1 0,urban decentral air heat pump,23990.65592
marginal,Link,FI1 0,urban decentral biomass boiler,105421310.16567
marginal,Link,FI1 0,urban decentral gas boiler,103861.32774
marginal,Link,FI1 0,urban decentral resistive heater,13241.69235
marginal,Link,FI1 0,waste CHP,1265.31077
marginal,Link,FR0 0,BEV charger,152370.82729
marginal,Link,FR0 0,CO2 pipeline,-27.45954
marginal,Link,FR0 0,Combined-Cycle Gas,51007159.15366
marginal,Link,FR0 0,DC,70366.69693
marginal,Link,FR0 0,EAF,0.2287
marginal,Link,FR0 0,H2 DRI,1219.13166
marginal,Link,FR0 0,H2 Electrolysis,0.35635
marginal,Link,FR0 0,HVC to air,381132.38124
marginal,Link,FR0 0,Haber-Bosch,20.87514
marginal,Link,FR0 0,Open-Cycle Gas,269.34323
marginal,Link,FR0 0,SMR,98768.22029
marginal,Link,FR0 0,Sabatier,0.53115
marginal,Link,FR0 0,battery charger,5.11408
marginal,Link,FR0 0,battery discharger,5.17609
marginal,Link,FR0 0,biogas to gas,9309223.48494
marginal,Link,FR0 0,biomass to liquid,1014366.55249
marginal,Link,FR0 0,biomass-to-methanol,557.42457
marginal,Link,FR0 0,electricity distribution grid,1974382.0341
marginal,Link,FR0 0,gas DRI,4322.55737
marginal,Link,FR0 0,gas for industry,43673.0124
marginal,Link,FR0 0,gas pipeline,925433.27277
marginal,Link,FR0 0,heat100-200 industry electric boiler steam,51.80811
marginal,Link,FR0 0,heat100-200 industry gas,123457.2387
marginal,Link,FR0 0,heat100-200 industry industrial heat pump high temperature,16277479.39789
marginal,Link,FR0 0,heat100-200 industry solid biomass,1541.17494
marginal,Link,FR0 0,heat200-500 industry gas,1190749.74985
marginal,Link,FR0 0,heat200-500 industry hydrogen,154.684
marginal,Link,FR0 0,heat200-500 industry solid biomass,15360.27179
marginal,Link,FR0 0,heat<100 industry electric boiler steam,51.59871
marginal,Link,FR0 0,heat<100 industry gas,103018.16677
marginal,Link,FR0 0,heat<100 industry industrial heat pump medium temperature,12900027.40054
marginal,Link,FR0 0,heat<100 industry solid biomass,2721.38058
marginal,Link,FR0 0,heat>500 industry gas,2822802.50618
marginal,Link,FR0 0,heat>500 industry hydrogen,173.98421
marginal,Link,FR0 0,home battery charger,7.7681
marginal,Link,FR0 0,home battery discharger,7.59801
marginal,Link,FR0 0,methanolisation,72346.16512
marginal,Link,FR0 0,municipal solid waste,25995.16496
marginal,Link,FR0 0,rural air heat pump,0.49532
marginal,Link,FR0 0,rural biomass boiler,35009111.01569
marginal,Link,FR0 0,rural gas boiler,53501.02459
marginal,Link,FR0 0,rural ground heat pump,31432.6225
marginal,Link,FR0 0,rural resistive heater,2288.8795
marginal,Link,FR0 0,solid biomass for industry,69432.26595
marginal,Link,FR0 0,steel emission,23721.71893
marginal,Link,FR0 0,unsustainable bioliquids,7399694.85664
marginal,Link,FR0 0,urban central air heat pump,1.10429
marginal,Link,FR0 0,urban central gas CHP,2210.81073
marginal,Link,FR0 0,urban central gas boiler,213216.60639
marginal,Link,FR0 0,urban central resistive heater,2.38397
marginal,Link,FR0 0,urban central solid biomass CHP,58656.3384
marginal,Link,FR0 0,urban central solid biomass CHP CC,23057328.07296
marginal,Link,FR0 0,urban decentral air heat pump,87095.61912
marginal,Link,FR0 0,urban decentral biomass boiler,157710715.95799
marginal,Link,FR0 0,urban decentral gas boiler,214974.89203
marginal,Link,FR0 0,urban decentral resistive heater,274853.3067
marginal,Link,FR0 0,waste CHP,1599.27837
marginal,Link,FR0 1,BEV charger,100528.58742
marginal,Link,FR0 1,CO2 pipeline,-9.12401
marginal,Link,FR0 1,Combined-Cycle Gas,26276715.53802
marginal,Link,FR0 1,EAF,0.24019
marginal,Link,FR0 1,H2 DRI,1172.05921
marginal,Link,FR0 1,H2 Electrolysis,0.38174
marginal,Link,FR0 1,HVC to air,255715.02853
marginal,Link,FR0 1,Haber-Bosch,112817.43768
marginal,Link,FR0 1,Open-Cycle Gas,221.58172
marginal,Link,FR0 1,SMR,94977.37351
marginal,Link,FR0 1,Sabatier,0.52636
marginal,Link,FR0 1,battery charger,6.0427
marginal,Link,FR0 1,battery discharger,5.7765
marginal,Link,FR0 1,biogas to gas,3182390.29786
marginal,Link,FR0 1,biomass to liquid,163.50497
marginal,Link,FR0 1,biomass-to-methanol,534.23251
marginal,Link,FR0 1,electricity distribution grid,1221343.91096
marginal,Link,FR0 1,gas DRI,4173.91388
marginal,Link,FR0 1,gas for industry,43189.83208
marginal,Link,FR0 1,gas pipeline,569386.29718
marginal,Link,FR0 1,heat100-200 industry electric boiler steam,52.26083
marginal,Link,FR0 1,heat100-200 industry gas,73488.10149
marginal,Link,FR0 1,heat100-200 industry industrial heat pump high temperature,10718866.65834
marginal,Link,FR0 1,heat100-200 industry solid biomass,560.571
marginal,Link,FR0 1,heat200-500 industry gas,880263.76288
marginal,Link,FR0 1,heat200-500 industry hydrogen,159.66883
marginal,Link,FR0 1,heat200-500 industry solid biomass,3487.96226
marginal,Link,FR0 1,heat<100 industry electric boiler steam,53.02062
marginal,Link,FR0 1,heat<100 industry gas,64856.05717
marginal,Link,FR0 1,heat<100 industry industrial heat pump medium temperature,9279129.8107
marginal,Link,FR0 1,heat<100 industry solid biomass,621.04946
marginal,Link,FR0 1,heat>500 industry gas,2668075.93836
marginal,Link,FR0 1,heat>500 industry hydrogen,173.70317
marginal,Link,FR0 1,home battery charger,7.69312
marginal,Link,FR0 1,home battery discharger,7.0992
marginal,Link,FR0 1,methanolisation,26853.35002
marginal,Link,FR0 1,municipal solid waste,15270.52387
marginal,Link,FR0 1,rural air heat pump,0.57478
marginal,Link,FR0 1,rural biomass boiler,30913512.51375
marginal,Link,FR0 1,rural gas boiler,45387.9405
marginal,Link,FR0 1,rural ground heat pump,21304.85167
marginal,Link,FR0 1,rural resistive heater,2871.88629
marginal,Link,FR0 1,solid biomass for industry,43763.68231
marginal,Link,FR0 1,steel emission,18756.98628
marginal,Link,FR0 1,unsustainable bioliquids,2531267.94174
marginal,Link,FR0 1,urban central air heat pump,15.52607
marginal,Link,FR0 1,urban central gas CHP,1693.75061
marginal,Link,FR0 1,urban central gas boiler,140717.69924
marginal,Link,FR0 1,urban central resistive heater,1622.02174
marginal,Link,FR0 1,urban central solid biomass CHP,2658.18173
marginal,Link,FR0 1,urban central solid biomass CHP CC,7879902.04069
marginal,Link,FR0 1,urban decentral air heat pump,63611.15335
marginal,Link,FR0 1,urban decentral biomass boiler,93533142.16011
marginal,Link,FR0 1,urban decentral gas boiler,143786.63266
marginal,Link,FR0 1,urban decentral resistive heater,183812.63493
marginal,Link,FR0 1,waste CHP,1672.38165
marginal,Link,FR0 2,BEV charger,73472.75951
marginal,Link,FR0 2,CO2 pipeline,0.20679
marginal,Link,FR0 2,Combined-Cycle Gas,1819806.23588
marginal,Link,FR0 2,DC,29183.00199
marginal,Link,FR0 2,H2 Electrolysis,0.3611
marginal,Link,FR0 2,HVC to air,157628.84511
marginal,Link,FR0 2,Haber-Bosch,16.61274
marginal,Link,FR0 2,Open-Cycle Gas,292.84508
marginal,Link,FR0 2,SMR,24535.60016
marginal,Link,FR0 2,Sabatier,0.61953
marginal,Link,FR0 2,battery charger,6.00009
marginal,Link,FR0 2,battery discharger,5.08925
marginal,Link,FR0 2,biogas to gas,5509562.57347
marginal,Link,FR0 2,biomass to liquid,8265170.07294
marginal,Link,FR0 2,biomass-to-methanol,563.61842
marginal,Link,FR0 2,electricity distribution grid,913827.20801
marginal,Link,FR0 2,gas for industry,6590.1185
marginal,Link,FR0 2,gas pipeline,286.02208
marginal,Link,FR0 2,heat100-200 industry electric boiler steam,49.15329
marginal,Link,FR0 2,heat100-200 industry gas,47002.58127
marginal,Link,FR0 2,heat100-200 industry industrial heat pump high temperature,5995291.90547
marginal,Link,FR0 2,heat100-200 industry solid biomass,1840.19482
marginal,Link,FR0 2,heat200-500 industry gas,441177.2982
marginal,Link,FR0 2,heat200-500 industry hydrogen,185.36537
marginal,Link,FR0 2,heat200-500 industry solid biomass,22917.25008
marginal,Link,FR0 2,heat<100 industry electric boiler steam,49.23673
marginal,Link,FR0 2,heat<100 industry gas,40677.77813
marginal,Link,FR0 2,heat<100 industry industrial heat pump medium temperature,4264162.02273
marginal,Link,FR0 2,heat<100 industry solid biomass,4151.32039
marginal,Link,FR0 2,heat>500 industry gas,1165190.91844
marginal,Link,FR0 2,heat>500 industry hydrogen,172.47219
marginal,Link,FR0 2,home battery charger,10.07499
marginal,Link,FR0 2,home battery discharger,9.14578
marginal,Link,FR0 2,methanolisation,17456.65433
marginal,Link,FR0 2,municipal solid waste,10118.20509
marginal,Link,FR0 2,rural air heat pump,0.29727
marginal,Link,FR0 2,rural biomass boiler,57077465.1002
marginal,Link,FR0 2,rural gas boiler,89932.43904
marginal,Link,FR0 2,rural ground heat pump,16203.05875
marginal,Link,FR0 2,rural resistive heater,54093.28584
marginal,Link,FR0 2,solid biomass for industry,37912.03491
marginal,Link,FR0 2,unsustainable bioliquids,4375608.05937
marginal,Link,FR0 2,urban central air heat pump,1.45386
marginal,Link,FR0 2,urban central gas CHP,2418.39663
marginal,Link,FR0 2,urban central gas boiler,48364.72101
marginal,Link,FR0 2,urban central resistive heater,6.04568
marginal,Link,FR0 2,urban central solid biomass CHP,1326935.43109
marginal,Link,FR0 2,urban central solid biomass CHP CC,5688785.72821
marginal,Link,FR0 2,urban decentral air heat pump,32909.03477
marginal,Link,FR0 2,urban decentral biomass boiler,33279261.7347
marginal,Link,FR0 2,urban decentral gas boiler,52819.83941
marginal,Link,FR0 2,urban decentral resistive heater,63574.35922
marginal,Link,FR0 2,waste CHP,1428.63285
marginal,Link,FR0 3,BEV charger,71559.86712
marginal,Link,FR0 3,CO2 pipeline,0.36756
marginal,Link,FR0 3,Combined-Cycle Gas,23224912.33624
marginal,Link,FR0 3,DC,24808.7802
marginal,Link,FR0 3,H2 Electrolysis,0.36506
marginal,Link,FR0 3,HVC to air,160916.85186
marginal,Link,FR0 3,Haber-Bosch,20.86269
marginal,Link,FR0 3,Open-Cycle Gas,321.75231
marginal,Link,FR0 3,SMR,33551.90301
marginal,Link,FR0 3,Sabatier,0.59117
marginal,Link,FR0 3,battery charger,5.64431
marginal,Link,FR0 3,battery discharger,5.11893
marginal,Link,FR0 3,biogas to gas,5272285.83066
marginal,Link,FR0 3,biomass to liquid,2564063.41534
marginal,Link,FR0 3,biomass-to-methanol,563.5675
marginal,Link,FR0 3,electricity distribution grid,802187.57807
marginal,Link,FR0 3,gas for industry,13718.46897
marginal,Link,FR0 3,gas pipeline,67698.08071
marginal,Link,FR0 3,heat100-200 industry electric boiler steam,49.07594
marginal,Link,FR0 3,heat100-200 industry gas,46639.14166
marginal,Link,FR0 3,heat100-200 industry industrial heat pump high temperature,5824759.49221
marginal,Link,FR0 3,heat100-200 industry solid biomass,1868.31967
marginal,Link,FR0 3,heat200-500 industry gas,397519.84305
marginal,Link,FR0 3,heat200-500 industry hydrogen,186.04919
marginal,Link,FR0 3,heat200-500 industry solid biomass,15287.89184
marginal,Link,FR0 3,heat<100 industry electric boiler steam,49.71788
marginal,Link,FR0 3,heat<100 industry gas,3591725.00655
marginal,Link,FR0 3,heat<100 industry industrial heat pump medium temperature,961186.81517
marginal,Link,FR0 3,heat<100 industry solid biomass,3927.58842
marginal,Link,FR0 3,heat>500 industry gas,1035376.54547
marginal,Link,FR0 3,heat>500 industry hydrogen,173.26233
marginal,Link,FR0 3,home battery charger,8.39693
marginal,Link,FR0 3,home battery discharger,7.34915
marginal,Link,FR0 3,methanolisation,25905.59666
marginal,Link,FR0 3,municipal solid waste,11745.46423
marginal,Link,FR0 3,rural air heat pump,0.40979
marginal,Link,FR0 3,rural biomass boiler,22312624.04791
marginal,Link,FR0 3,rural gas boiler,32162.97046
marginal,Link,FR0 3,rural ground heat pump,15878.01639
marginal,Link,FR0 3,rural resistive heater,1670.97615
marginal,Link,FR0 3,solid biomass for industry,27218.63045
marginal,Link,FR0 3,unsustainable bioliquids,4187810.81636
marginal,Link,FR0 3,urban central air heat pump,1.25201
marginal,Link,FR0 3,urban central gas CHP,2717.29964
marginal,Link,FR0 3,urban central gas boiler,93016.11491
marginal,Link,FR0 3,urban central resistive heater,4.09549
marginal,Link,FR0 3,urban central solid biomass CHP,398420.16047
marginal,Link,FR0 3,urban central solid biomass CHP CC,9045103.94033
marginal,Link,FR0 3,urban decentral air heat pump,40482.93428
marginal,Link,FR0 3,urban decentral biomass boiler,61072848.11227
marginal,Link,FR0 3,urban decentral gas boiler,86130.63591
marginal,Link,FR0 3,urban decentral resistive heater,121609.02279
marginal,Link,FR0 3,waste CHP,1400.5947
marginal,Link,FR0 4,BEV charger,48162.00793
marginal,Link,FR0 4,CO2 pipeline,3.76988
marginal,Link,FR0 4,Combined-Cycle Gas,7698074.31835
marginal,Link,FR0 4,H2 Electrolysis,0.34959
marginal,Link,FR0 4,HVC to air,116778.61265
marginal,Link,FR0 4,Haber-Bosch,10.22366
marginal,Link,FR0 4,Open-Cycle Gas,196.33639
marginal,Link,FR0 4,SMR,38.95594
marginal,Link,FR0 4,Sabatier,0.60805
marginal,Link,FR0 4,battery charger,4.91455
marginal,Link,FR0 4,battery discharger,4.85485
marginal,Link,FR0 4,biogas to gas,4138687.01425
marginal,Link,FR0 4,biomass to liquid,3376268.73207
marginal,Link,FR0 4,biomass-to-methanol,569.18765
marginal,Link,FR0 4,electricity distribution grid,655456.20014
marginal,Link,FR0 4,gas for industry,32280.701
marginal,Link,FR0 4,gas pipeline,1437222.15059
marginal,Link,FR0 4,heat100-200 industry electric boiler steam,49.55746
marginal,Link,FR0 4,heat100-200 industry gas,54913.6961
marginal,Link,FR0 4,heat100-200 industry industrial heat pump high temperature,8456189.78876
marginal,Link,FR0 4,heat100-200 industry solid biomass,1514.82556
marginal,Link,FR0 4,heat200-500 industry gas,148.71284
marginal,Link,FR0 4,heat200-500 industry hydrogen,163.81851
marginal,Link,FR0 4,heat200-500 industry solid biomass,17373491.81036
marginal,Link,FR0 4,heat<100 industry electric boiler steam,49.16662
marginal,Link,FR0 4,heat<100 industry gas,42726.46225
marginal,Link,FR0 4,heat<100 industry industrial heat pump medium temperature,6417273.42358
marginal,Link,FR0 4,heat<100 industry solid biomass,2737.7141
marginal,Link,FR0 4,heat>500 industry gas,1947493.98915
marginal,Link,FR0 4,heat>500 industry hydrogen,169.13675
marginal,Link,FR0 4,home battery charger,7.10825
marginal,Link,FR0 4,home battery discharger,6.89443
marginal,Link,FR0 4,methanolisation,21.87411
marginal,Link,FR0 4,municipal solid waste,8030.64545
marginal,Link,FR0 4,rural air heat pump,0.3298
marginal,Link,FR0 4,rural biomass boiler,35353376.88442
marginal,Link,FR0 4,rural gas boiler,57226.3951
marginal,Link,FR0 4,rural ground heat pump,4830.0388
marginal,Link,FR0 4,rural resistive heater,55226.76602
marginal,Link,FR0 4,solid biomass for industry,40966.3292
marginal,Link,FR0 4,unsustainable bioliquids,3289243.71866
marginal,Link,FR0 4,urban central air heat pump,1.50548
marginal,Link,FR0 4,urban central gas CHP,1167.81262
marginal,Link,FR0 4,urban central gas boiler,48733.27841
marginal,Link,FR0 4,urban central resistive heater,651.60154
marginal,Link,FR0 4,urban central solid biomass CHP,6196765.33668
marginal,Link,FR0 4,urban central solid biomass CHP CC,84801.71169
marginal,Link,FR0 4,urban decentral air heat pump,25353.18821
marginal,Link,FR0 4,urban decentral biomass boiler,31409072.073
marginal,Link,FR0 4,urban decentral gas boiler,42516.41602
marginal,Link,FR0 4,urban decentral resistive heater,67074.24702
marginal,Link,FR0 4,waste CHP,1351.77387
marginal,Link,FR5 0,BEV charger,1726.63671
marginal,Link,FR5 0,CO2 pipeline,-1.31165
marginal,Link,FR5 0,Combined-Cycle Gas,5595796.91937
marginal,Link,FR5 0,DC,7126.0152
marginal,Link,FR5 0,H2 Electrolysis,0.28395
marginal,Link,FR5 0,HVC to air,5112.68011
marginal,Link,FR5 0,Haber-Bosch,4.01772
marginal,Link,FR5 0,Open-Cycle Gas,229.68372
marginal,Link,FR5 0,SMR,12.4195
marginal,Link,FR5 0,Sabatier,0.49834
marginal,Link,FR5 0,battery charger,7.48836
marginal,Link,FR5 0,battery discharger,7.29958
marginal,Link,FR5 0,biogas to gas,64912.00521
marginal,Link,FR5 0,biomass to liquid,615.47735
marginal,Link,FR5 0,biomass-to-methanol,547.99645
marginal,Link,FR5 0,electricity distribution grid,48927.19969
marginal,Link,FR5 0,gas pipeline new,-25046.98194
marginal,Link,FR5 0,heat100-200 industry electric boiler steam,65.07146
marginal,Link,FR5 0,heat100-200 industry gas,725.17162
marginal,Link,FR5 0,heat100-200 industry industrial heat pump high temperature,93896.10558
marginal,Link,FR5 0,heat100-200 industry solid biomass,2053.33433
marginal,Link,FR5 0,heat200-500 industry gas,2654.31134
marginal,Link,FR5 0,heat200-500 industry hydrogen,256.89605
marginal,Link,FR5 0,heat200-500 industry solid biomass,193930.7108
marginal,Link,FR5 0,heat<100 industry electric boiler steam,67.72757
marginal,Link,FR5 0,heat<100 industry gas,890.13025
marginal,Link,FR5 0,heat<100 industry industrial heat pump medium temperature,81723.49115
marginal,Link,FR5 0,heat<100 industry solid biomass,2730.69247
marginal,Link,FR5 0,heat>500 industry gas,2872.32675
marginal,Link,FR5 0,heat>500 industry hydrogen,300.30087
marginal,Link,FR5 0,home battery charger,44.14061
marginal,Link,FR5 0,home battery discharger,44.38667
marginal,Link,FR5 0,methanolisation,5.97311
marginal,Link,FR5 0,municipal solid waste,376.638
marginal,Link,FR5 0,rural air heat pump,0.48487
marginal,Link,FR5 0,rural biomass boiler,3412731.50862
marginal,Link,FR5 0,rural gas boiler,5267.62765
marginal,Link,FR5 0,rural ground heat pump,197.35659
marginal,Link,FR5 0,rural resistive heater,6096.38589
marginal,Link,FR5 0,solid biomass for industry,305.21321
marginal,Link,FR5 0,unsustainable bioliquids,51318.36667
marginal,Link,FR5 0,urban decentral air heat pump,0.12862
marginal,Link,FR5 0,urban decentral biomass boiler,256.286
marginal,Link,FR5 0,urban decentral gas boiler,0.29388
marginal,Link,FR5 0,urban decentral resistive heater,0.61868
marginal,Link,FR5 0,waste CHP,522.59361
marginal,Link,GB2 0,BEV charger,112082.75755
marginal,Link,GB2 0,CO2 pipeline,-0.81032
marginal,Link,GB2 0,Combined-Cycle Gas,19859099.10101
marginal,Link,GB2 0,DC,34829.27017
marginal,Link,GB2 0,H2 Electrolysis,0.39195
marginal,Link,GB2 0,HVC to air,384071.87197
marginal,Link,GB2 0,Haber-Bosch,68288.10192
marginal,Link,GB2 0,Open-Cycle Gas,177.86009
marginal,Link,GB2 0,SMR,219843.73851
marginal,Link,GB2 0,Sabatier,0.58162
marginal,Link,GB2 0,battery charger,5.16844
marginal,Link,GB2 0,battery discharger,5.27938
marginal,Link,GB2 0,biogas to gas,28277930.32561
marginal,Link,GB2 0,biomass to liquid,1871247.01313
marginal,Link,GB2 0,biomass-to-methanol,620.36848
marginal,Link,GB2 0,co2 sequestered,8.58216
marginal,Link,GB2 0,electricity distribution grid,1103641.24845
marginal,Link,GB2 0,gas for industry,42429.02847
marginal,Link,GB2 0,gas pipeline,133809.11219
marginal,Link,GB2 0,gas pipeline new,199873.80458
marginal,Link,GB2 0,heat100-200 industry electric boiler steam,58.05821
marginal,Link,GB2 0,heat100-200 industry gas,34643.54018
marginal,Link,GB2 0,heat100-200 industry industrial heat pump high temperature,15681379.74792
marginal,Link,GB2 0,heat100-200 industry solid biomass,906.43583
marginal,Link,GB2 0,heat200-500 industry gas,1245258.44364
marginal,Link,GB2 0,heat200-500 industry hydrogen,177.92702
marginal,Link,GB2 0,heat200-500 industry solid biomass,13957.733
marginal,Link,GB2 0,heat<100 industry electric boiler steam,57.67691
marginal,Link,GB2 0,heat<100 industry gas,25585.84573
marginal,Link,GB2 0,heat<100 industry industrial heat pump medium temperature,12640988.45755
marginal,Link,GB2 0,heat<100 industry solid biomass,1057.14208
marginal,Link,GB2 0,heat>500 industry gas,2157827.31796
marginal,Link,GB2 0,heat>500 industry hydrogen,171.57854
marginal,Link,GB2 0,home battery charger,5.34169
marginal,Link,GB2 0,home battery discharger,5.27252
marginal,Link,GB2 0,methanolisation,123055.14339
marginal,Link,GB2 0,municipal solid waste,5792.60561
marginal,Link,GB2 0,rural air heat pump,0.47662
marginal,Link,GB2 0,rural biomass boiler,3564589.65684
marginal,Link,GB2 0,rural gas boiler,203436.41395
marginal,Link,GB2 0,rural ground heat pump,1284.01857
marginal,Link,GB2 0,rural resistive heater,20633.79069
marginal,Link,GB2 0,solid biomass for industry,72350.19167
marginal,Link,GB2 0,unsustainable bioliquids,1869061.48786
marginal,Link,GB2 0,urban central air heat pump,1.65037
marginal,Link,GB2 0,urban central gas CHP,887.33991
marginal,Link,GB2 0,urban central gas boiler,65742.84591
marginal,Link,GB2 0,urban central resistive heater,8191.15715
marginal,Link,GB2 0,urban central solid biomass CHP,1651.94001
marginal,Link,GB2 0,urban central solid biomass CHP CC,40264318.17048
marginal,Link,GB2 0,urban decentral air heat pump,3061.14219
marginal,Link,GB2 0,urban decentral biomass boiler,10253664.58779
marginal,Link,GB2 0,urban decentral gas boiler,514942.05111
marginal,Link,GB2 0,urban decentral resistive heater,61435.75224
marginal,Link,GB2 0,waste CHP,1469.36802
marginal,Link,GB2 1,BEV charger,236025.57522
marginal,Link,GB2 1,CO2 pipeline,-0.38892
marginal,Link,GB2 1,Combined-Cycle Gas,345449505.96931
marginal,Link,GB2 1,DC,256890.82224
marginal,Link,GB2 1,EAF,0.23134
marginal,Link,GB2 1,H2 DRI,1138.5673
marginal,Link,GB2 1,H2 Electrolysis,0.36676
marginal,Link,GB2 1,HVC to air,662223.05961
marginal,Link,GB2 1,Haber-Bosch,351.26514
marginal,Link,GB2 1,Open-Cycle Gas,185.37834
marginal,Link,GB2 1,SMR,258349.56897
marginal,Link,GB2 1,Sabatier,0.59254
marginal,Link,GB2 1,battery charger,5.89134
marginal,Link,GB2 1,battery discharger,6.00458
marginal,Link,GB2 1,biogas to gas,45880119.79034
marginal,Link,GB2 1,biomass to liquid,360354.18247
marginal,Link,GB2 1,biomass-to-methanol,627.0242
marginal,Link,GB2 1,co2 sequestered,8.80021
marginal,Link,GB2 1,electricity distribution grid,2173919.68868
marginal,Link,GB2 1,gas DRI,4132.03786
marginal,Link,GB2 1,gas for industry,12847.83546
marginal,Link,GB2 1,gas pipeline,254.43917
marginal,Link,GB2 1,heat100-200 industry electric boiler steam,58.78815
marginal,Link,GB2 1,heat100-200 industry gas,40338.10759
marginal,Link,GB2 1,heat100-200 industry industrial heat pump high temperature,18263226.28329
marginal,Link,GB2 1,heat100-200 industry solid biomass,913.83919
marginal,Link,GB2 1,heat200-500 industry gas,1653954.654
marginal,Link,GB2 1,heat200-500 industry hydrogen,176.26997
marginal,Link,GB2 1,heat200-500 industry solid biomass,13130.01169
marginal,Link,GB2 1,heat<100 industry electric boiler steam,57.44922
marginal,Link,GB2 1,heat<100 industry gas,30368.99702
marginal,Link,GB2 1,heat<100 industry industrial heat pump medium temperature,15012376.59432
marginal,Link,GB2 1,heat<100 industry solid biomass,1070.61415
marginal,Link,GB2 1,heat>500 industry gas,1018322.1266
marginal,Link,GB2 1,heat>500 industry hydrogen,174.35338
marginal,Link,GB2 1,home battery charger,4.87868
marginal,Link,GB2 1,home battery discharger,5.05468
marginal,Link,GB2 1,methanolisation,196606.76134
marginal,Link,GB2 1,municipal solid waste,7068.80929
marginal,Link,GB2 1,rural air heat pump,0.28153
marginal,Link,GB2 1,rural biomass boiler,2884102.59582
marginal,Link,GB2 1,rural gas boiler,163628.1918
marginal,Link,GB2 1,rural ground heat pump,2342.14652
marginal,Link,GB2 1,rural resistive heater,16084.43549
marginal,Link,GB2 1,solid biomass for industry,87206.88646
marginal,Link,GB2 1,steel emission,13173.66404
marginal,Link,GB2 1,unsustainable bioliquids,3034616.68508
marginal,Link,GB2 1,urban central air heat pump,2.29706
marginal,Link,GB2 1,urban central gas CHP,943.81995
marginal,Link,GB2 1,urban central gas boiler,173094.19586
marginal,Link,GB2 1,urban central resistive heater,14207.10425
marginal,Link,GB2 1,urban central solid biomass CHP,1788.6098
marginal,Link,GB2 1,urban central solid biomass CHP CC,59855735.44435
marginal,Link,GB2 1,urban decentral air heat pump,5207.71301
marginal,Link,GB2 1,urban decentral biomass boiler,22076879.21632
marginal,Link,GB2 1,urban decentral gas boiler,1273952.52126
marginal,Link,GB2 1,urban decentral resistive heater,134345.04339
marginal,Link,GB2 1,waste CHP,1500.86067
marginal,Link,GB3 0,BEV charger,8878.15986
marginal,Link,GB3 0,CO2 pipeline,-3.35301
marginal,Link,GB3 0,Combined-Cycle Gas,43260273.14087
marginal,Link,GB3 0,DC,6073.33652
marginal,Link,GB3 0,H2 Electrolysis,0.34375
marginal,Link,GB3 0,HVC to air,28479.3095
marginal,Link,GB3 0,Haber-Bosch,83.49649
marginal,Link,GB3 0,Open-Cycle Gas,165.58265
marginal,Link,GB3 0,SMR,5956.10124
marginal,Link,GB3 0,Sabatier,0.587
marginal,Link,GB3 0,battery charger,4.88529
marginal,Link,GB3 0,battery discharger,4.88431
marginal,Link,GB3 0,biogas to gas,3403609.58036
marginal,Link,GB3 0,biomass to liquid,601459.37545
marginal,Link,GB3 0,biomass-to-methanol,551.77301
marginal,Link,GB3 0,electricity distribution grid,123917.60934
marginal,Link,GB3 0,gas for industry,1080.97931
marginal,Link,GB3 0,gas pipeline,10.39654
marginal,Link,GB3 0,gas pipeline new,102224.21554
marginal,Link,GB3 0,heat100-200 industry electric boiler steam,53.14533
marginal,Link,GB3 0,heat100-200 industry gas,197.54457
marginal,Link,GB3 0,heat100-200 industry industrial heat pump high temperature,804657.11497
marginal,Link,GB3 0,heat100-200 industry solid biomass,1267.03909
marginal,Link,GB3 0,heat200-500 industry gas,73781.20243
marginal,Link,GB3 0,heat200-500 industry hydrogen,266.23636
marginal,Link,GB3 0,heat200-500 industry solid biomass,38664.28154
marginal,Link,GB3 0,heat<100 industry electric boiler steam,56.10788
marginal,Link,GB3 0,heat<100 industry gas,262.28018
marginal,Link,GB3 0,heat<100 industry industrial heat pump medium temperature,681291.38305
marginal,Link,GB3 0,heat<100 industry solid biomass,1473.3492
marginal,Link,GB3 0,heat>500 industry gas,72558.48757
marginal,Link,GB3 0,heat>500 industry hydrogen,226.12523
marginal,Link,GB3 0,home battery charger,4.929
marginal,Link,GB3 0,home battery discharger,4.88027
marginal,Link,GB3 0,methanolisation,4527.83991
marginal,Link,GB3 0,municipal solid waste,395.52393
marginal,Link,GB3 0,rural air heat pump,0.40949
marginal,Link,GB3 0,rural biomass boiler,793550.58956
marginal,Link,GB3 0,rural gas boiler,37130.69158
marginal,Link,GB3 0,rural ground heat pump,96.65573
marginal,Link,GB3 0,rural resistive heater,6160.78845
marginal,Link,GB3 0,solid biomass for industry,1688.72592
marginal,Link,GB3 0,unsustainable bioliquids,225031.30663
marginal,Link,GB3 0,urban central air heat pump,2.13189
marginal,Link,GB3 0,urban central gas CHP,851.39558
marginal,Link,GB3 0,urban central gas boiler,2271.70477
marginal,Link,GB3 0,urban central resistive heater,345.26879
marginal,Link,GB3 0,urban central solid biomass CHP,1672.70708
marginal,Link,GB3 0,urban central solid biomass CHP CC,1439393.80042
marginal,Link,GB3 0,urban decentral air heat pump,230.19581
marginal,Link,GB3 0,urban decentral biomass boiler,362832.18284
marginal,Link,GB3 0,urban decentral gas boiler,19170.88146
marginal,Link,GB3 0,urban decentral resistive heater,2981.22038
marginal,Link,GB3 0,waste CHP,846.46153
marginal,Link,GR0 0,BEV charger,50726.14128
marginal,Link,GR0 0,CO2 pipeline,-130.6518
marginal,Link,GR0 0,Combined-Cycle Gas,157607406.48562
marginal,Link,GR0 0,DC,12239.86543
marginal,Link,GR0 0,H2 Electrolysis,0.4133
marginal,Link,GR0 0,HVC to air,130420.2108
marginal,Link,GR0 0,Haber-Bosch,125838.74366
marginal,Link,GR0 0,Open-Cycle Gas,188.08664
marginal,Link,GR0 0,SMR,76498.28525
marginal,Link,GR0 0,Sabatier,0.58008
marginal,Link,GR0 0,battery charger,6.24657
marginal,Link,GR0 0,battery discharger,5.6119
marginal,Link,GR0 0,biogas to gas,3531603.74008
marginal,Link,GR0 0,biomass to liquid,28.50544
marginal,Link,GR0 0,biomass-to-methanol,399.25206
marginal,Link,GR0 0,co2 sequestered,3.38791
marginal,Link,GR0 0,electricity distribution grid,494617.25702
marginal,Link,GR0 0,gas for industry,4221.38143
marginal,Link,GR0 0,gas pipeline new,77.73471
marginal,Link,GR0 0,heat100-200 industry electric boiler steam,59.55747
marginal,Link,GR0 0,heat100-200 industry gas,2452.79094
marginal,Link,GR0 0,heat100-200 industry industrial heat pump high temperature,2212557.75056
marginal,Link,GR0 0,heat100-200 industry solid biomass,211.66097
marginal,Link,GR0 0,heat200-500 industry gas,173292.2243
marginal,Link,GR0 0,heat200-500 industry hydrogen,220.38645
marginal,Link,GR0 0,heat200-500 industry solid biomass,785.08189
marginal,Link,GR0 0,heat<100 industry electric boiler steam,66.6805
marginal,Link,GR0 0,heat<100 industry gas,3394.62947
marginal,Link,GR0 0,heat<100 industry industrial heat pump medium temperature,1205596.83819
marginal,Link,GR0 0,heat<100 industry solid biomass,228.72971
marginal,Link,GR0 0,heat>500 industry gas,1036840.82166
marginal,Link,GR0 0,heat>500 industry hydrogen,170.67506
marginal,Link,GR0 0,home battery charger,5.67272
marginal,Link,GR0 0,home battery discharger,5.97032
marginal,Link,GR0 0,methanolisation,559.70456
marginal,Link,GR0 0,municipal solid waste,2100.90788
marginal,Link,GR0 0,rural air heat pump,0.37815
marginal,Link,GR0 0,rural biomass boiler,23821892.28433
marginal,Link,GR0 0,rural gas boiler,6279.44398
marginal,Link,GR0 0,rural ground heat pump,0.56381
marginal,Link,GR0 0,rural resistive heater,18918.39192
marginal,Link,GR0 0,solid biomass for industry,17290.4112
marginal,Link,GR0 0,unsustainable bioliquids,1578163.76025
marginal,Link,GR0 0,urban central air heat pump,1.40974
marginal,Link,GR0 0,urban central gas CHP,957.25993
marginal,Link,GR0 0,urban central gas boiler,31156.2139
marginal,Link,GR0 0,urban central resistive heater,282.89749
marginal,Link,GR0 0,urban central solid biomass CHP,229.22002
marginal,Link,GR0 0,urban central solid biomass CHP CC,219.05368
marginal,Link,GR0 0,urban decentral air heat pump,0.1367
marginal,Link,GR0 0,urban decentral biomass boiler,52812303.08716
marginal,Link,GR0 0,urban decentral gas boiler,12707.78041
marginal,Link,GR0 0,urban decentral resistive heater,36429.01519
marginal,Link,GR0 0,waste CHP,1304.1064
marginal,Link,HR0 0,BEV charger,20539.89385
marginal,Link,HR0 0,CO2 pipeline,3.43875
marginal,Link,HR0 0,Combined-Cycle Gas,20262779.59074
marginal,Link,HR0 0,H2 Electrolysis,0.3413
marginal,Link,HR0 0,HVC to air,67736.41609
marginal,Link,HR0 0,Haber-Bosch,9.68387
marginal,Link,HR0 0,Open-Cycle Gas,214.84775
marginal,Link,HR0 0,SMR,88.40495
marginal,Link,HR0 0,Sabatier,0.54771
marginal,Link,HR0 0,battery charger,5.74457
marginal,Link,HR0 0,battery discharger,5.67985
marginal,Link,HR0 0,biogas to gas,2323023.91669
marginal,Link,HR0 0,biomass to liquid,4316231.91136
marginal,Link,HR0 0,biomass-to-methanol,565.52326
marginal,Link,HR0 0,electricity distribution grid,190002.11361
marginal,Link,HR0 0,gas for industry,6299.01796
marginal,Link,HR0 0,gas pipeline,39321.53542
marginal,Link,HR0 0,gas pipeline new,11.86494
marginal,Link,HR0 0,heat100-200 industry electric boiler steam,45.43478
marginal,Link,HR0 0,heat100-200 industry gas,6828.65468
marginal,Link,HR0 0,heat100-200 industry industrial heat pump high temperature,1422814.1507
marginal,Link,HR0 0,heat100-200 industry solid biomass,3170.73465
marginal,Link,HR0 0,heat200-500 industry gas,519.36261
marginal,Link,HR0 0,heat200-500 industry hydrogen,220.50633
marginal,Link,HR0 0,heat200-500 industry solid biomass,3158802.56123
marginal,Link,HR0 0,heat<100 industry electric boiler steam,46.99757
marginal,Link,HR0 0,heat<100 industry gas,12343.82851
marginal,Link,HR0 0,heat<100 industry industrial heat pump medium temperature,1736924.92508
marginal,Link,HR0 0,heat<100 industry solid biomass,25229.14469
marginal,Link,HR0 0,heat>500 industry gas,306820.60825
marginal,Link,HR0 0,heat>500 industry hydrogen,189.86876
marginal,Link,HR0 0,home battery charger,4.00269
marginal,Link,HR0 0,home battery discharger,3.88414
marginal,Link,HR0 0,methanolisation,69.5618
marginal,Link,HR0 0,municipal solid waste,72.49427
marginal,Link,HR0 0,rural air heat pump,0.22615
marginal,Link,HR0 0,rural biomass boiler,19156405.46571
marginal,Link,HR0 0,rural gas boiler,43549.97857
marginal,Link,HR0 0,rural ground heat pump,0.55862
marginal,Link,HR0 0,rural resistive heater,8260.35657
marginal,Link,HR0 0,solid biomass for industry,6428.56092
marginal,Link,HR0 0,unsustainable bioliquids,2037.13286
marginal,Link,HR0 0,urban central air heat pump,1.31422
marginal,Link,HR0 0,urban central gas CHP,1742.93992
marginal,Link,HR0 0,urban central gas boiler,19289.89083
marginal,Link,HR0 0,urban central resistive heater,44.65305
marginal,Link,HR0 0,urban central solid biomass CHP,2296376.68651
marginal,Link,HR0 0,urban central solid biomass CHP CC,30866.32729
marginal,Link,HR0 0,urban decentral air heat pump,0.15023
marginal,Link,HR0 0,urban decentral biomass boiler,16301159.10635
marginal,Link,HR0 0,urban decentral gas boiler,38284.76315
marginal,Link,HR0 0,urban decentral resistive heater,6436.41937
marginal,Link,HR0 0,waste CHP,1161.00302
marginal,Link,HU0 0,BEV charger,48744.86851
marginal,Link,HU0 0,CO2 pipeline,-5.6155
marginal,Link,HU0 0,Combined-Cycle Gas,57446462.44906
marginal,Link,HU0 0,EAF,0.17753
marginal,Link,HU0 0,H2 DRI,972.26939
marginal,Link,HU0 0,H2 Electrolysis,0.31376
marginal,Link,HU0 0,HVC to air,172146.76777
marginal,Link,HU0 0,Haber-Bosch,14.86964
marginal,Link,HU0 0,Open-Cycle Gas,261.38745
marginal,Link,HU0 0,SMR,32739.11754
marginal,Link,HU0 0,Sabatier,0.56348
marginal,Link,HU0 0,battery charger,5.32326
marginal,Link,HU0 0,battery discharger,5.41133
marginal,Link,HU0 0,biogas to gas,2554106.83955
marginal,Link,HU0 0,biomass to liquid,3926208.18769
marginal,Link,HU0 0,biomass-to-methanol,556.7965
marginal,Link,HU0 0,electricity distribution grid,460267.32723
marginal,Link,HU0 0,gas DRI,3123.97276
marginal,Link,HU0 0,gas for industry,6722.35546
marginal,Link,HU0 0,gas pipeline,280568.5959
marginal,Link,HU0 0,gas pipeline new,-8.85727
marginal,Link,HU0 0,heat100-200 industry electric boiler steam,47.42796
marginal,Link,HU0 0,heat100-200 industry gas,64494.65873
marginal,Link,HU0 0,heat100-200 industry industrial heat pump high temperature,8574569.27545
marginal,Link,HU0 0,heat100-200 industry solid biomass,3063.28025
marginal,Link,HU0 0,heat200-500 industry gas,638848.86122
marginal,Link,HU0 0,heat200-500 industry hydrogen,189.25875
marginal,Link,HU0 0,heat200-500 industry solid biomass,15078.26916
marginal,Link,HU0 0,heat<100 industry electric boiler steam,47.53707
marginal,Link,HU0 0,heat<100 industry gas,5786879.57125
marginal,Link,HU0 0,heat<100 industry industrial heat pump medium temperature,3075.40905
marginal,Link,HU0 0,heat<100 industry solid biomass,1277072.29946
marginal,Link,HU0 0,heat>500 industry gas,1914885.65438
marginal,Link,HU0 0,heat>500 industry hydrogen,169.96336
marginal,Link,HU0 0,home battery charger,4.23503
marginal,Link,HU0 0,home battery discharger,3.99417
marginal,Link,HU0 0,methanolisation,28631.48558
marginal,Link,HU0 0,municipal solid waste,8996.33544
marginal,Link,HU0 0,rural air heat pump,0.23257
marginal,Link,HU0 0,rural biomass boiler,33293076.03324
marginal,Link,HU0 0,rural gas boiler,148280.17549
marginal,Link,HU0 0,rural ground heat pump,725.35068
marginal,Link,HU0 0,rural resistive heater,90.44098
marginal,Link,HU0 0,solid biomass for industry,44666.62054
marginal,Link,HU0 0,steel emission,5558.11756
marginal,Link,HU0 0,unsustainable bioliquids,4132175.12986
marginal,Link,HU0 0,urban central air heat pump,0.57906
marginal,Link,HU0 0,urban central gas CHP,2919.8897
marginal,Link,HU0 0,urban central gas boiler,63624.56814
marginal,Link,HU0 0,urban central resistive heater,1.61824
marginal,Link,HU0 0,urban central solid biomass CHP,4395.58223
marginal,Link,HU0 0,urban central solid biomass CHP CC,8418886.77567
marginal,Link,HU0 0,urban decentral air heat pump,318.11646
marginal,Link,HU0 0,urban decentral biomass boiler,45972969.32628
marginal,Link,HU0 0,urban decentral gas boiler,199939.00864
marginal,Link,HU0 0,urban decentral resistive heater,225.00274
marginal,Link,HU0 0,waste CHP,1386.60608
marginal,Link,IE3 0,BEV charger,37627.62699
marginal,Link,IE3 0,Combined-Cycle Gas,20367898.56526
marginal,Link,IE3 0,DC,5038.93136
marginal,Link,IE3 0,H2 Electrolysis,0.39215
marginal,Link,IE3 0,HVC to air,78186.55988
marginal,Link,IE3 0,Haber-Bosch,70.28834
marginal,Link,IE3 0,Open-Cycle Gas,185.30063
marginal,Link,IE3 0,SMR,29006.68606
marginal,Link,IE3 0,Sabatier,0.58586
marginal,Link,IE3 0,battery charger,5.70145
marginal,Link,IE3 0,battery discharger,5.52027
marginal,Link,IE3 0,biogas to gas,1430956.50442
marginal,Link,IE3 0,biomass to liquid,1109.08867
marginal,Link,IE3 0,biomass-to-methanol,594.96672
marginal,Link,IE3 0,co2 sequestered,6.03282
marginal,Link,IE3 0,electricity distribution grid,290236.74464
marginal,Link,IE3 0,gas for industry,5794.13835
marginal,Link,IE3 0,heat100-200 industry electric boiler steam,55.72298
marginal,Link,IE3 0,heat100-200 industry gas,175.24576
marginal,Link,IE3 0,heat100-200 industry industrial heat pump high temperature,2808032.02522
marginal,Link,IE3 0,heat100-200 industry solid biomass,1055.53351
marginal,Link,IE3 0,heat200-500 industry gas,206427.96601
marginal,Link,IE3 0,heat200-500 industry hydrogen,187.80772
marginal,Link,IE3 0,heat200-500 industry solid biomass,63636.87875
marginal,Link,IE3 0,heat<100 industry electric boiler steam,57.06756
marginal,Link,IE3 0,heat<100 industry gas,211.20551
marginal,Link,IE3 0,heat<100 industry industrial heat pump medium temperature,2417288.83985
marginal,Link,IE3 0,heat<100 industry solid biomass,1227.67637
marginal,Link,IE3 0,heat>500 industry gas,1485555.82317
marginal,Link,IE3 0,heat>500 industry hydrogen,166.21714
marginal,Link,IE3 0,home battery charger,4.05726
marginal,Link,IE3 0,home battery discharger,3.89749
marginal,Link,IE3 0,methanolisation,21186.35758
marginal,Link,IE3 0,municipal solid waste,1678.79271
marginal,Link,IE3 0,rural air heat pump,0.39233
marginal,Link,IE3 0,rural biomass boiler,1900978.47589
marginal,Link,IE3 0,rural gas boiler,44266.56868
marginal,Link,IE3 0,rural ground heat pump,1004.37117
marginal,Link,IE3 0,rural resistive heater,11219.91951
marginal,Link,IE3 0,solid biomass for industry,31255.15366
marginal,Link,IE3 0,unsustainable bioliquids,399654.10636
marginal,Link,IE3 0,urban central air heat pump,6.72784
marginal,Link,IE3 0,urban central gas CHP,967.41281
marginal,Link,IE3 0,urban central gas boiler,16384.5557
marginal,Link,IE3 0,urban central resistive heater,929.20893
marginal,Link,IE3 0,urban central solid biomass CHP,2297.95866
marginal,Link,IE3 0,urban central solid biomass CHP CC,6797859.25327
marginal,Link,IE3 0,urban decentral air heat pump,565.85086
marginal,Link,IE3 0,urban decentral biomass boiler,2685451.63571
marginal,Link,IE3 0,urban decentral gas boiler,63145.16099
marginal,Link,IE3 0,urban decentral resistive heater,15164.69966
marginal,Link,IE3 0,waste CHP,1180.7438
marginal,Link,IT0 0,BEV charger,148459.04826
marginal,Link,IT0 0,CO2 pipeline,-4.03625
marginal,Link,IT0 0,Combined-Cycle Gas,372645073.29881
marginal,Link,IT0 0,DC,127060.92431
marginal,Link,IT0 0,EAF,0.22743
marginal,Link,IT0 0,H2 DRI,1285.47278
marginal,Link,IT0 0,H2 Electrolysis,0.34647
marginal,Link,IT0 0,HVC to air,396971.50733
marginal,Link,IT0 0,Haber-Bosch,169.89299
marginal,Link,IT0 0,Open-Cycle Gas,199.34775
marginal,Link,IT0 0,SMR,110.41643
marginal,Link,IT0 0,Sabatier,0.63431
marginal,Link,IT0 0,battery charger,6.23566
marginal,Link,IT0 0,battery discharger,5.33846
marginal,Link,IT0 0,biogas to gas,18786327.89538
marginal,Link,IT0 0,biomass to liquid,23.32971
marginal,Link,IT0 0,biomass-to-methanol,384.34537
marginal,Link,IT0 0,co2 sequestered,1.78454
marginal,Link,IT0 0,electricity distribution grid,1450907.61848
marginal,Link,IT0 0,gas DRI,4246.22605
marginal,Link,IT0 0,gas for industry,30825.25159
marginal,Link,IT0 0,gas pipeline,371205.46339
marginal,Link,IT0 0,heat100-200 industry electric boiler steam,56.54158
marginal,Link,IT0 0,heat100-200 industry gas,47393.16999
marginal,Link,IT0 0,heat100-200 industry industrial heat pump high temperature,11932437.08695
marginal,Link,IT0 0,heat100-200 industry solid biomass,140.26263
marginal,Link,IT0 0,heat200-500 industry gas,1253372.48503
marginal,Link,IT0 0,heat200-500 industry hydrogen,163.62699
marginal,Link,IT0 0,heat200-500 industry solid biomass,675.13271
marginal,Link,IT0 0,heat<100 industry electric boiler steam,59.15406
marginal,Link,IT0 0,heat<100 industry gas,79135.09014
marginal,Link,IT0 0,heat<100 industry industrial heat pump medium temperature,19701333.97802
marginal,Link,IT0 0,heat<100 industry solid biomass,143.63956
marginal,Link,IT0 0,heat>500 industry gas,2515079.43051
marginal,Link,IT0 0,heat>500 industry hydrogen,171.30384
marginal,Link,IT0 0,home battery charger,6.6996
marginal,Link,IT0 0,home battery discharger,6.38657
marginal,Link,IT0 0,methanolisation,13.62126
marginal,Link,IT0 0,municipal solid waste,13962.89462
marginal,Link,IT0 0,rural air heat pump,0.41985
marginal,Link,IT0 0,rural biomass boiler,161645498.81038
marginal,Link,IT0 0,rural gas boiler,328668.62438
marginal,Link,IT0 0,rural ground heat pump,4771.93129
marginal,Link,IT0 0,rural resistive heater,23963.39136
marginal,Link,IT0 0,solid biomass for industry,29398.70116
marginal,Link,IT0 0,steel emission,15794.06619
marginal,Link,IT0 0,unsustainable bioliquids,3066327.52043
marginal,Link,IT0 0,urban central air heat pump,5838.46003
marginal,Link,IT0 0,urban central gas CHP,1099.51262
marginal,Link,IT0 0,urban central gas boiler,145250.18203
marginal,Link,IT0 0,urban central resistive heater,476.1973
marginal,Link,IT0 0,urban central solid biomass CHP,195.30179
marginal,Link,IT0 0,urban central solid biomass CHP CC,188.76131
marginal,Link,IT0 0,urban decentral air heat pump,127357.93615
marginal,Link,IT0 0,urban decentral biomass boiler,85753496.80616
marginal,Link,IT0 0,urban decentral gas boiler,168595.43087
marginal,Link,IT0 0,urban decentral resistive heater,82036.99869
marginal,Link,IT0 0,waste CHP,1492.1087
marginal,Link,IT0 1,BEV charger,208431.44991
marginal,Link,IT0 1,CO2 pipeline,-5.4929
marginal,Link,IT0 1,Combined-Cycle Gas,420140732.16746
marginal,Link,IT0 1,DC,3502.74709
marginal,Link,IT0 1,H2 Electrolysis,0.31111
marginal,Link,IT0 1,HVC to air,524546.65817
marginal,Link,IT0 1,Haber-Bosch,12.27474
marginal,Link,IT0 1,Open-Cycle Gas,190.73679
marginal,Link,IT0 1,SMR,30.89397
marginal,Link,IT0 1,Sabatier,0.56586
marginal,Link,IT0 1,battery charger,5.92463
marginal,Link,IT0 1,battery discharger,5.61418
marginal,Link,IT0 1,biogas to gas,37152079.28746
marginal,Link,IT0 1,biomass to liquid,1844.40124
marginal,Link,IT0 1,biomass-to-methanol,563.08545
marginal,Link,IT0 1,co2 sequestered,29865.87687
marginal,Link,IT0 1,electricity distribution grid,2276248.23362
marginal,Link,IT0 1,gas for industry,97244.47365
marginal,Link,IT0 1,gas pipeline,41047.64157
marginal,Link,IT0 1,heat100-200 industry electric boiler steam,55.15727
marginal,Link,IT0 1,heat100-200 industry gas,92809.28559
marginal,Link,IT0 1,heat100-200 industry industrial heat pump high temperature,21037926.51064
marginal,Link,IT0 1,heat100-200 industry solid biomass,1475.87687
marginal,Link,IT0 1,heat200-500 industry gas,902648.5799
marginal,Link,IT0 1,heat200-500 industry hydrogen,169.01939
marginal,Link,IT0 1,heat200-500 industry solid biomass,44333527.49605
marginal,Link,IT0 1,heat<100 industry electric boiler steam,60.76739
marginal,Link,IT0 1,heat<100 industry gas,156848.60438
marginal,Link,IT0 1,heat<100 industry industrial heat pump medium temperature,32815035.46182
marginal,Link,IT0 1,heat<100 industry solid biomass,2959.69977
marginal,Link,IT0 1,heat>500 industry gas,5176768.49954
marginal,Link,IT0 1,heat>500 industry hydrogen,190.87458
marginal,Link,IT0 1,home battery charger,5.65049
marginal,Link,IT0 1,home battery discharger,5.47727
marginal,Link,IT0 1,methanolisation,16.4551
marginal,Link,IT0 1,municipal solid waste,16377.95221
marginal,Link,IT0 1,rural air heat pump,0.57414
marginal,Link,IT0 1,rural biomass boiler,127286009.34106
marginal,Link,IT0 1,rural gas boiler,251419.88723
marginal,Link,IT0 1,rural ground heat pump,10509.28026
marginal,Link,IT0 1,rural resistive heater,2947.42422
marginal,Link,IT0 1,solid biomass for industry,45131.88298
marginal,Link,IT0 1,unsustainable bioliquids,6068978.58721
marginal,Link,IT0 1,urban central air heat pump,710.98262
marginal,Link,IT0 1,urban central gas CHP,1378.05688
marginal,Link,IT0 1,urban central gas boiler,170044.21479
marginal,Link,IT0 1,urban central resistive heater,1297.05298
marginal,Link,IT0 1,urban central solid biomass CHP,10301183.53585
marginal,Link,IT0 1,urban central solid biomass CHP CC,32900136.91668
marginal,Link,IT0 1,urban decentral air heat pump,144605.25603
marginal,Link,IT0 1,urban decentral biomass boiler,160341894.51699
marginal,Link,IT0 1,urban decentral gas boiler,305592.06553
marginal,Link,IT0 1,urban decentral resistive heater,181032.79408
marginal,Link,IT0 1,waste CHP,1620.36953
marginal,Link,IT4 0,BEV charger,9429.69628
marginal,Link,IT4 0,Combined-Cycle Gas,348.77986
marginal,Link,IT4 0,DC,24075.8058
marginal,Link,IT4 0,H2 Electrolysis,0.3849
marginal,Link,IT4 0,HVC to air,23834.39581
marginal,Link,IT4 0,Haber-Bosch,13.78861
marginal,Link,IT4 0,Open-Cycle Gas,211.78887
marginal,Link,IT4 0,SMR,21.48465
marginal,Link,IT4 0,Sabatier,0.55206
marginal,Link,IT4 0,battery charger,6.45763
marginal,Link,IT4 0,battery discharger,6.76868
marginal,Link,IT4 0,biogas to gas,934841.9228
marginal,Link,IT4 0,biomass to liquid,23.55301
marginal,Link,IT4 0,biomass-to-methanol,381.32479
marginal,Link,IT4 0,electricity distribution grid,106314.13357
marginal,Link,IT4 0,gas for industry,2735.97018
marginal,Link,IT4 0,heat100-200 industry electric boiler steam,56.34797
marginal,Link,IT4 0,heat100-200 industry gas,4301.68865
marginal,Link,IT4 0,heat100-200 industry industrial heat pump high temperature,939072.29084
marginal,Link,IT4 0,heat100-200 industry solid biomass,203.29022
marginal,Link,IT4 0,heat200-500 industry gas,291581.633
marginal,Link,IT4 0,heat200-500 industry hydrogen,208.99188
marginal,Link,IT4 0,heat200-500 industry solid biomass,703.49309
marginal,Link,IT4 0,heat<100 industry electric boiler steam,54.92925
marginal,Link,IT4 0,heat<100 industry gas,11867.48206
marginal,Link,IT4 0,heat<100 industry industrial heat pump medium temperature,1866174.37027
marginal,Link,IT4 0,heat<100 industry solid biomass,192.94894
marginal,Link,IT4 0,heat>500 industry gas,512297.6251
marginal,Link,IT4 0,heat>500 industry hydrogen,180.87205
marginal,Link,IT4 0,home battery charger,3.92571
marginal,Link,IT4 0,home battery discharger,4.19966
marginal,Link,IT4 0,methanolisation,6.65719
marginal,Link,IT4 0,municipal solid waste,869.40179
marginal,Link,IT4 0,rural air heat pump,0.16096
marginal,Link,IT4 0,rural biomass boiler,19193019.67987
marginal,Link,IT4 0,rural gas boiler,35931.1698
marginal,Link,IT4 0,rural ground heat pump,249.49025
marginal,Link,IT4 0,rural resistive heater,2627.91929
marginal,Link,IT4 0,solid biomass for industry,2052.56318
marginal,Link,IT4 0,unsustainable bioliquids,152736.25061
marginal,Link,IT4 0,urban central air heat pump,120.6124
marginal,Link,IT4 0,urban central gas CHP,1282.98147
marginal,Link,IT4 0,urban central gas boiler,2735.3098
marginal,Link,IT4 0,urban central resistive heater,12.26481
marginal,Link,IT4 0,urban central solid biomass CHP,220.94242
marginal,Link,IT4 0,urban central solid biomass CHP CC,218.40605
marginal,Link,IT4 0,urban decentral air heat pump,3344.31926
marginal,Link,IT4 0,urban decentral biomass boiler,796325.43872
marginal,Link,IT4 0,urban decentral gas boiler,1373.11287
marginal,Link,IT4 0,urban decentral resistive heater,2109.5642
marginal,Link,IT4 0,waste CHP,992.47335
marginal,Link,LT0 0,BEV charger,25770.11196
marginal,Link,LT0 0,CO2 pipeline,-1.07588
marginal,Link,LT0 0,Combined-Cycle Gas,21704978.90308
marginal,Link,LT0 0,DC,7720.00836
marginal,Link,LT0 0,H2 Electrolysis,0.33238
marginal,Link,LT0 0,HVC to air,49671.59635
marginal,Link,LT0 0,Haber-Bosch,18.46041
marginal,Link,LT0 0,Open-Cycle Gas,185.02231
marginal,Link,LT0 0,SMR,158.43507
marginal,Link,LT0 0,Sabatier,0.57663
marginal,Link,LT0 0,battery charger,4.72293
marginal,Link,LT0 0,battery discharger,5.25052
marginal,Link,LT0 0,biogas to gas,1101260.74493
marginal,Link,LT0 0,biomass to liquid,1950691.27158
marginal,Link,LT0 0,biomass-to-methanol,569.89048
marginal,Link,LT0 0,co2 sequestered,2616.99476
marginal,Link,LT0 0,electricity distribution grid,118477.80854
marginal,Link,LT0 0,gas for industry,184.13502
marginal,Link,LT0 0,gas pipeline,82349.2643
marginal,Link,LT0 0,gas pipeline new,71.89957
marginal,Link,LT0 0,heat100-200 industry electric boiler steam,46.31004
marginal,Link,LT0 0,heat100-200 industry gas,4991.50003
marginal,Link,LT0 0,heat100-200 industry industrial heat pump high temperature,927137.39442
marginal,Link,LT0 0,heat100-200 industry solid biomass,2467.3051
marginal,Link,LT0 0,heat200-500 industry gas,77420.20578
marginal,Link,LT0 0,heat200-500 industry hydrogen,220.82605
marginal,Link,LT0 0,heat200-500 industry solid biomass,16514.04872
marginal,Link,LT0 0,heat<100 industry electric boiler steam,46.99489
marginal,Link,LT0 0,heat<100 industry gas,773231.92501
marginal,Link,LT0 0,heat<100 industry industrial heat pump medium temperature,110262.31037
marginal,Link,LT0 0,heat<100 industry solid biomass,4483.13994
marginal,Link,LT0 0,heat>500 industry gas,92904.65936
marginal,Link,LT0 0,heat>500 industry hydrogen,219.18321
marginal,Link,LT0 0,home battery charger,4.15878
marginal,Link,LT0 0,home battery discharger,4.18435
marginal,Link,LT0 0,methanolisation,121.87958
marginal,Link,LT0 0,municipal solid waste,1223.54267
marginal,Link,LT0 0,rural air heat pump,0.05442
marginal,Link,LT0 0,rural biomass boiler,46242880.41167
marginal,Link,LT0 0,rural gas boiler,1.06877
marginal,Link,LT0 0,rural ground heat pump,753.63094
marginal,Link,LT0 0,rural resistive heater,5.3755
marginal,Link,LT0 0,solid biomass for industry,10582.72142
marginal,Link,LT0 0,unsustainable bioliquids,1388213.43723
marginal,Link,LT0 0,urban central air heat pump,0.58224
marginal,Link,LT0 0,urban central gas CHP,989.16085
marginal,Link,LT0 0,urban central gas boiler,47125.74866
marginal,Link,LT0 0,urban central resistive heater,1.07971
marginal,Link,LT0 0,urban central solid biomass CHP,2293.86312
marginal,Link,LT0 0,urban central solid biomass CHP CC,4234122.18188
marginal,Link,LT0 0,urban decentral air heat pump,84.08048
marginal,Link,LT0 0,urban decentral biomass boiler,38041746.16285
marginal,Link,LT0 0,urban decentral gas boiler,2.10075
marginal,Link,LT0 0,urban decentral resistive heater,4.49652
marginal,Link,LT0 0,waste CHP,1005.28546
marginal,Link,LU0 0,BEV charger,10447.34107
marginal,Link,LU0 0,Combined-Cycle Gas,1217.55618
marginal,Link,LU0 0,H2 Electrolysis,0.29293
marginal,Link,LU0 0,HVC to air,8974.46477
marginal,Link,LU0 0,Haber-Bosch,11.47979
marginal,Link,LU0 0,Open-Cycle Gas,2353049.58657
marginal,Link,LU0 0,SMR,238.14339
marginal,Link,LU0 0,Sabatier,0.60282
marginal,Link,LU0 0,battery charger,5.72529
marginal,Link,LU0 0,battery discharger,5.31541
marginal,Link,LU0 0,biogas to gas,508691.91519
marginal,Link,LU0 0,biomass to liquid,260932.4679
marginal,Link,LU0 0,biomass-to-methanol,576.95697
marginal,Link,LU0 0,electricity distribution grid,64295.11322
marginal,Link,LU0 0,gas for industry,18114.26238
marginal,Link,LU0 0,gas pipeline,119329.23142
marginal,Link,LU0 0,heat100-200 industry electric boiler steam,46.85921
marginal,Link,LU0 0,heat100-200 industry gas,273379.5212
marginal,Link,LU0 0,heat100-200 industry industrial heat pump high temperature,28212.51046
marginal,Link,LU0 0,heat100-200 industry solid biomass,10491.35294
marginal,Link,LU0 0,heat200-500 industry gas,48606.12227
marginal,Link,LU0 0,heat200-500 industry hydrogen,251.37263
marginal,Link,LU0 0,heat200-500 industry solid biomass,23287.64576
marginal,Link,LU0 0,heat<100 industry electric boiler steam,47.09468
marginal,Link,LU0 0,heat<100 industry gas,290249.97363
marginal,Link,LU0 0,heat<100 industry industrial heat pump medium temperature,1317.46721
marginal,Link,LU0 0,heat<100 industry solid biomass,74480.36212
marginal,Link,LU0 0,heat>500 industry gas,185273.13931
marginal,Link,LU0 0,heat>500 industry hydrogen,199.60859
marginal,Link,LU0 0,home battery charger,3.95137
marginal,Link,LU0 0,home battery discharger,3.80391
marginal,Link,LU0 0,methanolisation,158.54611
marginal,Link,LU0 0,municipal solid waste,107.14575
marginal,Link,LU0 0,rural air heat pump,0.20921
marginal,Link,LU0 0,rural biomass boiler,431136.35067
marginal,Link,LU0 0,rural gas boiler,2813.40806
marginal,Link,LU0 0,rural ground heat pump,48.46377
marginal,Link,LU0 0,rural resistive heater,344.7545
marginal,Link,LU0 0,solid biomass for industry,2649.5117
marginal,Link,LU0 0,urban central air heat pump,0.77604
marginal,Link,LU0 0,urban central gas CHP,4528272.46463
marginal,Link,LU0 0,urban central gas boiler,8030.92233
marginal,Link,LU0 0,urban central resistive heater,178.05993
marginal,Link,LU0 0,urban central solid biomass CHP,7947.87855
marginal,Link,LU0 0,urban central solid biomass CHP CC,874848.74652
marginal,Link,LU0 0,urban decentral air heat pump,200.57748
marginal,Link,LU0 0,urban decentral biomass boiler,2752275.13033
marginal,Link,LU0 0,urban decentral gas boiler,18370.54703
marginal,Link,LU0 0,urban decentral resistive heater,2769.56276
marginal,Link,LU0 0,waste CHP,905.23023
marginal,Link,LV0 0,BEV charger,11008.99306
marginal,Link,LV0 0,Combined-Cycle Gas,10777417.7671
marginal,Link,LV0 0,H2 Electrolysis,0.33171
marginal,Link,LV0 0,HVC to air,27285.7414
marginal,Link,LV0 0,Haber-Bosch,18.43868
marginal,Link,LV0 0,Open-Cycle Gas,178.55826
marginal,Link,LV0 0,SMR,155.09923
marginal,Link,LV0 0,Sabatier,0.54614
marginal,Link,LV0 0,battery charger,5.30818
marginal,Link,LV0 0,battery discharger,5.13879
marginal,Link,LV0 0,biogas to gas,2277840.36217
marginal,Link,LV0 0,biomass to liquid,7451482.98951
marginal,Link,LV0 0,biomass-to-methanol,562.82369
marginal,Link,LV0 0,co2 sequestered,3669.40215
marginal,Link,LV0 0,electricity distribution grid,70841.10713
marginal,Link,LV0 0,gas for industry,273.40739
marginal,Link,LV0 0,gas pipeline,48.36403
marginal,Link,LV0 0,heat100-200 industry electric boiler steam,48.5052
marginal,Link,LV0 0,heat100-200 industry gas,2486.79889
marginal,Link,LV0 0,heat100-200 industry industrial heat pump high temperature,473656.22676
marginal,Link,LV0 0,heat100-200 industry solid biomass,2305.72777
marginal,Link,LV0 0,heat200-500 industry gas,54499.64041
marginal,Link,LV0 0,heat200-500 industry hydrogen,250.88556
marginal,Link,LV0 0,heat200-500 industry solid biomass,20192.08051
marginal,Link,LV0 0,heat<100 industry electric boiler steam,48.95407
marginal,Link,LV0 0,heat<100 industry gas,7196.12786
marginal,Link,LV0 0,heat<100 industry industrial heat pump medium temperature,1247343.47484
marginal,Link,LV0 0,heat<100 industry solid biomass,3858.07986
marginal,Link,LV0 0,heat>500 industry gas,95280.06187
marginal,Link,LV0 0,heat>500 industry hydrogen,217.95128
marginal,Link,LV0 0,home battery charger,3.84149
marginal,Link,LV0 0,home battery discharger,3.87646
marginal,Link,LV0 0,methanolisation,106.21796
marginal,Link,LV0 0,municipal solid waste,578.76507
marginal,Link,LV0 0,rural air heat pump,0.0653
marginal,Link,LV0 0,rural biomass boiler,39089765.75989
marginal,Link,LV0 0,rural gas boiler,12044.97777
marginal,Link,LV0 0,rural ground heat pump,0.1044
marginal,Link,LV0 0,rural resistive heater,8.52763
marginal,Link,LV0 0,solid biomass for industry,47632.39862
marginal,Link,LV0 0,unsustainable bioliquids,671519.2848
marginal,Link,LV0 0,urban central air heat pump,0.58322
marginal,Link,LV0 0,urban central gas CHP,907.6898
marginal,Link,LV0 0,urban central gas boiler,33908.30906
marginal,Link,LV0 0,urban central resistive heater,1.16578
marginal,Link,LV0 0,urban central solid biomass CHP,2349.40399
marginal,Link,LV0 0,urban central solid biomass CHP CC,5781126.70703
marginal,Link,LV0 0,urban decentral air heat pump,0.04293
marginal,Link,LV0 0,urban decentral biomass boiler,28315872.01315
marginal,Link,LV0 0,urban decentral gas boiler,8970.63581
marginal,Link,LV0 0,urban decentral resistive heater,7.38568
marginal,Link,LV0 0,waste CHP,938.83925
marginal,Link,ME0 0,BEV charger,2271.01652
marginal,Link,ME0 0,CO2 pipeline,1.62127
marginal,Link,ME0 0,Combined-Cycle Gas,404.1265
marginal,Link,ME0 0,DC,6702.55388
marginal,Link,ME0 0,EAF,0.16484
marginal,Link,ME0 0,H2 DRI,1024.63964
marginal,Link,ME0 0,H2 Electrolysis,0.31325
marginal,Link,ME0 0,HVC to air,10884.29257
marginal,Link,ME0 0,Haber-Bosch,14.07702
marginal,Link,ME0 0,Open-Cycle Gas,223.81404
marginal,Link,ME0 0,SMR,392.77811
marginal,Link,ME0 0,Sabatier,0.56807
marginal,Link,ME0 0,battery charger,5.35576
marginal,Link,ME0 0,battery discharger,5.30574
marginal,Link,ME0 0,biogas to gas,537.29288
marginal,Link,ME0 0,biomass to liquid,582844.52745
marginal,Link,ME0 0,biomass-to-methanol,548.85656
marginal,Link,ME0 0,electricity distribution grid,30407.07583
marginal,Link,ME0 0,gas DRI,2676.47271
marginal,Link,ME0 0,gas for industry,118.62251
marginal,Link,ME0 0,heat100-200 industry electric boiler steam,69.48757
marginal,Link,ME0 0,heat100-200 industry gas,786.55679
marginal,Link,ME0 0,heat100-200 industry industrial heat pump high temperature,114871.10704
marginal,Link,ME0 0,heat100-200 industry solid biomass,2578.03742
marginal,Link,ME0 0,heat200-500 industry gas,1743.9726
marginal,Link,ME0 0,heat200-500 industry hydrogen,258.57711
marginal,Link,ME0 0,heat200-500 industry solid biomass,410106.35465
marginal,Link,ME0 0,heat<100 industry electric boiler steam,70.68607
marginal,Link,ME0 0,heat<100 industry gas,1141.7124
marginal,Link,ME0 0,heat<100 industry industrial heat pump medium temperature,128841.7942
marginal,Link,ME0 0,heat<100 industry solid biomass,4032.30861
marginal,Link,ME0 0,heat>500 industry gas,60611.03285
marginal,Link,ME0 0,heat>500 industry hydrogen,227.39515
marginal,Link,ME0 0,home battery charger,5.47063
marginal,Link,ME0 0,home battery discharger,5.01097
marginal,Link,ME0 0,methanolisation,256.74589
marginal,Link,ME0 0,municipal solid waste,0.60865
marginal,Link,ME0 0,rural air heat pump,0.20854
marginal,Link,ME0 0,rural biomass boiler,1742.14949
marginal,Link,ME0 0,rural gas boiler,4707.42803
marginal,Link,ME0 0,rural ground heat pump,0.3002
marginal,Link,ME0 0,rural resistive heater,452.77378
marginal,Link,ME0 0,solid biomass for industry,2221.08075
marginal,Link,ME0 0,steel emission,120.73725
marginal,Link,ME0 0,urban central air heat pump,1.21267
marginal,Link,ME0 0,urban central gas CHP,1475.36683
marginal,Link,ME0 0,urban central gas boiler,1195.77775
marginal,Link,ME0 0,urban central resistive heater,15.15088
marginal,Link,ME0 0,urban central solid biomass CHP,10379.38296
marginal,Link,ME0 0,urban central solid biomass CHP CC,245257.55592
marginal,Link,ME0 0,urban decentral air heat pump,0.20834
marginal,Link,ME0 0,urban decentral biomass boiler,1618.36538
marginal,Link,ME0 0,urban decentral gas boiler,7322.55895
marginal,Link,ME0 0,urban decentral resistive heater,761.85683
marginal,Link,ME0 0,waste CHP,953.46829
marginal,Link,MK0 0,BEV charger,7161.86998
marginal,Link,MK0 0,CO2 pipeline,-23.9436
marginal,Link,MK0 0,Combined-Cycle Gas,5496033.36931
marginal,Link,MK0 0,EAF,0.14241
marginal,Link,MK0 0,H2 DRI,982.93006
marginal,Link,MK0 0,H2 Electrolysis,0.32295
marginal,Link,MK0 0,HVC to air,33114.56725
marginal,Link,MK0 0,Haber-Bosch,19.39792
marginal,Link,MK0 0,Open-Cycle Gas,223.38855
marginal,Link,MK0 0,SMR,3262.07587
marginal,Link,MK0 0,Sabatier,0.62294
marginal,Link,MK0 0,battery charger,5.61682
marginal,Link,MK0 0,battery discharger,5.09149
marginal,Link,MK0 0,biogas to gas,535937.39387
marginal,Link,MK0 0,biomass to liquid,806019.43007
marginal,Link,MK0 0,biomass-to-methanol,540.77147
marginal,Link,MK0 0,electricity distribution grid,61805.00218
marginal,Link,MK0 0,gas DRI,2839.98179
marginal,Link,MK0 0,gas for industry,3071.93954
marginal,Link,MK0 0,gas pipeline new,282925.47456
marginal,Link,MK0 0,heat100-200 industry electric boiler steam,63.41968
marginal,Link,MK0 0,heat100-200 industry gas,965.09118
marginal,Link,MK0 0,heat100-200 industry industrial heat pump high temperature,220806.18382
marginal,Link,MK0 0,heat100-200 industry solid biomass,2052.31209
marginal,Link,MK0 0,heat200-500 industry gas,15915.91252
marginal,Link,MK0 0,heat200-500 industry hydrogen,267.28167
marginal,Link,MK0 0,heat200-500 industry solid biomass,46382.71224
marginal,Link,MK0 0,heat<100 industry electric boiler steam,64.45758
marginal,Link,MK0 0,heat<100 industry gas,2074.22707
marginal,Link,MK0 0,heat<100 industry industrial heat pump medium temperature,307867.58752
marginal,Link,MK0 0,heat<100 industry solid biomass,2842.46115
marginal,Link,MK0 0,heat>500 industry gas,14479.92309
marginal,Link,MK0 0,heat>500 industry hydrogen,259.51845
marginal,Link,MK0 0,home battery charger,9.42324
marginal,Link,MK0 0,home battery discharger,9.61424
marginal,Link,MK0 0,methanolisation,2608.49882
marginal,Link,MK0 0,municipal solid waste,654.20156
marginal,Link,MK0 0,rural air heat pump,0.09167
marginal,Link,MK0 0,rural biomass boiler,1195.78181
marginal,Link,MK0 0,rural gas boiler,16306.55751
marginal,Link,MK0 0,rural ground heat pump,0.15977
marginal,Link,MK0 0,rural resistive heater,1132.10272
marginal,Link,MK0 0,solid biomass for industry,627.50224
marginal,Link,MK0 0,steel emission,2946.79466
marginal,Link,MK0 0,urban central air heat pump,1.20253
marginal,Link,MK0 0,urban central gas CHP,1458.86954
marginal,Link,MK0 0,urban central gas boiler,10405.40899
marginal,Link,MK0 0,urban central resistive heater,119.9117
marginal,Link,MK0 0,urban central solid biomass CHP,5485.90277
marginal,Link,MK0 0,urban central solid biomass CHP CC,999608.0964
marginal,Link,MK0 0,urban decentral air heat pump,0.09279
marginal,Link,MK0 0,urban decentral biomass boiler,1176.13209
marginal,Link,MK0 0,urban decentral gas boiler,12156.93268
marginal,Link,MK0 0,urban decentral resistive heater,870.65096
marginal,Link,MK0 0,waste CHP,1040.6664
marginal,Link,NL0 0,BEV charger,134698.59263
marginal,Link,NL0 0,CO2 pipeline,0.07935
marginal,Link,NL0 0,Combined-Cycle Gas,202761609.63918
marginal,Link,NL0 0,DC,30501.48661
marginal,Link,NL0 0,EAF,0.25348
marginal,Link,NL0 0,H2 DRI,1282.71615
marginal,Link,NL0 0,H2 Electrolysis,0.34881
marginal,Link,NL0 0,HVC to air,282230.42643
marginal,Link,NL0 0,Haber-Bosch,25.01066
marginal,Link,NL0 0,Open-Cycle Gas,277.88494
marginal,Link,NL0 0,SMR,93156.79542
marginal,Link,NL0 0,Sabatier,0.56541
marginal,Link,NL0 0,battery charger,4.94216
marginal,Link,NL0 0,battery discharger,5.35073
marginal,Link,NL0 0,biogas to gas,10064873.30529
marginal,Link,NL0 0,biomass to liquid,1122803.20793
marginal,Link,NL0 0,biomass-to-methanol,564.02037
marginal,Link,NL0 0,co2 sequestered,50.95149
marginal,Link,NL0 0,electricity distribution grid,1211112.89346
marginal,Link,NL0 0,gas DRI,4537.14858
marginal,Link,NL0 0,gas for industry,39716.53179
marginal,Link,NL0 0,gas pipeline,639.04975
marginal,Link,NL0 0,heat100-200 industry electric boiler steam,57.88229
marginal,Link,NL0 0,heat100-200 industry gas,270984.50593
marginal,Link,NL0 0,heat100-200 industry industrial heat pump high temperature,29077134.19917
marginal,Link,NL0 0,heat100-200 industry solid biomass,1823.78861
marginal,Link,NL0 0,heat200-500 industry gas,2252547.88978
marginal,Link,NL0 0,heat200-500 industry hydrogen,167.59551
marginal,Link,NL0 0,heat200-500 industry solid biomass,15019.7106
marginal,Link,NL0 0,heat<100 industry electric boiler steam,56.90946
marginal,Link,NL0 0,heat<100 industry gas,261573.21552
marginal,Link,NL0 0,heat<100 industry industrial heat pump medium temperature,27974085.06759
marginal,Link,NL0 0,heat<100 industry solid biomass,2595.75426
marginal,Link,NL0 0,heat>500 industry gas,7658755.88338
marginal,Link,NL0 0,heat>500 industry hydrogen,199.18467
marginal,Link,NL0 0,home battery charger,4.5333
marginal,Link,NL0 0,home battery discharger,3.96645
marginal,Link,NL0 0,methanolisation,66479.66831
marginal,Link,NL0 0,municipal solid waste,42649.92634
marginal,Link,NL0 0,rural air heat pump,0.93373
marginal,Link,NL0 0,rural biomass boiler,5595143.81464
marginal,Link,NL0 0,rural gas boiler,252682.1644
marginal,Link,NL0 0,rural ground heat pump,47425.43253
marginal,Link,NL0 0,rural resistive heater,106.85706
marginal,Link,NL0 0,solid biomass for industry,24415.76399
marginal,Link,NL0 0,steel emission,25978.77497
marginal,Link,NL0 0,unsustainable bioliquids,15556245.13139
marginal,Link,NL0 0,urban central air heat pump,1.13155
marginal,Link,NL0 0,urban central gas CHP,1881.98779
marginal,Link,NL0 0,urban central gas boiler,143929.77481
marginal,Link,NL0 0,urban central resistive heater,3079.88538
marginal,Link,NL0 0,urban central solid biomass CHP,3970.40404
marginal,Link,NL0 0,urban central solid biomass CHP CC,23441170.42577
marginal,Link,NL0 0,urban decentral air heat pump,12968.19441
marginal,Link,NL0 0,urban decentral biomass boiler,17609038.06194
marginal,Link,NL0 0,urban decentral gas boiler,743675.36872
marginal,Link,NL0 0,urban decentral resistive heater,15831.56579
marginal,Link,NL0 0,waste CHP,1528.72256
marginal,Link,NO1 0,BEV charger,32525.66172
marginal,Link,NO1 0,CO2 pipeline,-20.3476
marginal,Link,NO1 0,Combined-Cycle Gas,576.47362
marginal,Link,NO1 0,DC,324396.69434
marginal,Link,NO1 0,EAF,0.20655
marginal,Link,NO1 0,H2 DRI,1182.32283
marginal,Link,NO1 0,H2 Electrolysis,0.37741
marginal,Link,NO1 0,HVC to air,99017.57986
marginal,Link,NO1 0,Haber-Bosch,545693.53014
marginal,Link,NO1 0,Open-Cycle Gas,149.21303
marginal,Link,NO1 0,SMR,352226.51763
marginal,Link,NO1 0,Sabatier,0.67223
marginal,Link,NO1 0,battery charger,5.05911
marginal,Link,NO1 0,battery discharger,5.73931
marginal,Link,NO1 0,biogas to gas,2450667.11413
marginal,Link,NO1 0,biomass to liquid,18.84861
marginal,Link,NO1 0,biomass-to-methanol,370.76324
marginal,Link,NO1 0,co2 sequestered,2.33765
marginal,Link,NO1 0,electricity distribution grid,824249.92196
marginal,Link,NO1 0,gas DRI,4077.22044
marginal,Link,NO1 0,gas for industry,30217.21835
marginal,Link,NO1 0,gas pipeline,50.34992
marginal,Link,NO1 0,gas pipeline new,283321.97203
marginal,Link,NO1 0,heat100-200 industry electric boiler steam,58.87878
marginal,Link,NO1 0,heat100-200 industry gas,184.14871
marginal,Link,NO1 0,heat100-200 industry industrial heat pump high temperature,6275216.68502
marginal,Link,NO1 0,heat100-200 industry solid biomass,121.85777
marginal,Link,NO1 0,heat200-500 industry gas,591665.08448
marginal,Link,NO1 0,heat200-500 industry hydrogen,175.5598
marginal,Link,NO1 0,heat200-500 industry solid biomass,507.73709
marginal,Link,NO1 0,heat<100 industry electric boiler steam,59.57933
marginal,Link,NO1 0,heat<100 industry gas,220.27978
marginal,Link,NO1 0,heat<100 industry industrial heat pump medium temperature,5508087.18911
marginal,Link,NO1 0,heat<100 industry solid biomass,129.51078
marginal,Link,NO1 0,heat>500 industry gas,3254178.83368
marginal,Link,NO1 0,heat>500 industry hydrogen,173.57202
marginal,Link,NO1 0,home battery charger,6.06741
marginal,Link,NO1 0,home battery discharger,4.98227
marginal,Link,NO1 0,methanolisation,97.88872
marginal,Link,NO1 0,municipal solid waste,18564.39168
marginal,Link,NO1 0,rural air heat pump,0.18008
marginal,Link,NO1 0,rural biomass boiler,39771963.76523
marginal,Link,NO1 0,rural gas boiler,2702.62266
marginal,Link,NO1 0,rural ground heat pump,17155.30717
marginal,Link,NO1 0,rural resistive heater,394.83984
marginal,Link,NO1 0,solid biomass for industry,79687.658
marginal,Link,NO1 0,steel emission,9512.74919
marginal,Link,NO1 0,unsustainable bioliquids,663881.27701
marginal,Link,NO1 0,urban central air heat pump,0.67087
marginal,Link,NO1 0,urban central gas CHP,583.87204
marginal,Link,NO1 0,urban central gas boiler,51453.19914
marginal,Link,NO1 0,urban central resistive heater,1.93377
marginal,Link,NO1 0,urban central solid biomass CHP,138.55009
marginal,Link,NO1 0,urban central solid biomass CHP CC,149.91669
marginal,Link,NO1 0,urban decentral air heat pump,90766.63827
marginal,Link,NO1 0,urban decentral biomass boiler,135117983.41811
marginal,Link,NO1 0,urban decentral gas boiler,92476.94805
marginal,Link,NO1 0,urban decentral resistive heater,6285.24211
marginal,Link,NO1 0,waste CHP,1056.24485
marginal,Link,PL0 0,BEV charger,224245.68395
marginal,Link,PL0 0,CO2 pipeline,1.47546
marginal,Link,PL0 0,Combined-Cycle Gas,144802840.5236
marginal,Link,PL0 0,DC,6648.23742
marginal,Link,PL0 0,EAF,0.20285
marginal,Link,PL0 0,H2 DRI,1115.29973
marginal,Link,PL0 0,H2 Electrolysis,0.26606
marginal,Link,PL0 0,HVC to air,636392.35922
marginal,Link,PL0 0,Haber-Bosch,12.35224
marginal,Link,PL0 0,Open-Cycle Gas,464.85167
marginal,Link,PL0 0,SMR,63.45487
marginal,Link,PL0 0,Sabatier,0.55365
marginal,Link,PL0 0,battery charger,5.49205
marginal,Link,PL0 0,battery discharger,5.22072
marginal,Link,PL0 0,biogas to gas,8435192.97385
marginal,Link,PL0 0,biomass to liquid,1828648.69137
marginal,Link,PL0 0,biomass-to-methanol,563.5816
marginal,Link,PL0 0,co2 sequestered,14535.65193
marginal,Link,PL0 0,electricity distribution grid,1859382.66733
marginal,Link,PL0 0,gas DRI,3802.97405
marginal,Link,PL0 0,gas for industry,40482.09852
marginal,Link,PL0 0,gas pipeline,504846.73338
marginal,Link,PL0 0,heat100-200 industry electric boiler steam,46.64199
marginal,Link,PL0 0,heat100-200 industry gas,18091765.13782
marginal,Link,PL0 0,heat100-200 industry industrial heat pump high temperature,1228.34586
marginal,Link,PL0 0,heat100-200 industry solid biomass,4006402.78344
marginal,Link,PL0 0,heat200-500 industry gas,1947122.98493
marginal,Link,PL0 0,heat200-500 industry hydrogen,166.18726
marginal,Link,PL0 0,heat200-500 industry solid biomass,18205.29334
marginal,Link,PL0 0,heat<100 industry electric boiler steam,46.0666
marginal,Link,PL0 0,heat<100 industry gas,17657661.93666
marginal,Link,PL0 0,heat<100 industry industrial heat pump medium temperature,612.27219
marginal,Link,PL0 0,heat<100 industry solid biomass,3909307.36353
marginal,Link,PL0 0,heat>500 industry gas,6533929.34449
marginal,Link,PL0 0,heat>500 industry hydrogen,200.81415
marginal,Link,PL0 0,home battery charger,4.41062
marginal,Link,PL0 0,home battery discharger,4.59515
marginal,Link,PL0 0,methanolisation,41.30702
marginal,Link,PL0 0,municipal solid waste,23079.40256
marginal,Link,PL0 0,rural air heat pump,0.22747
marginal,Link,PL0 0,rural biomass boiler,292764305.62489
marginal,Link,PL0 0,rural gas boiler,139130.17564
marginal,Link,PL0 0,rural ground heat pump,1693.32862
marginal,Link,PL0 0,rural resistive heater,90758.18678
marginal,Link,PL0 0,solid biomass for industry,322556.47467
marginal,Link,PL0 0,steel emission,21511.58271
marginal,Link,PL0 0,unsustainable bioliquids,8581750.50809
marginal,Link,PL0 0,urban central air heat pump,0.45468
marginal,Link,PL0 0,urban central gas CHP,19110788.48036
marginal,Link,PL0 0,urban central gas boiler,321637.33926
marginal,Link,PL0 0,urban central resistive heater,1117.29718
marginal,Link,PL0 0,urban central solid biomass CHP,37102505.59979
marginal,Link,PL0 0,urban central solid biomass CHP CC,22291888.22333
marginal,Link,PL0 0,urban decentral air heat pump,111.86435
marginal,Link,PL0 0,urban decentral biomass boiler,190362267.29984
marginal,Link,PL0 0,urban decentral gas boiler,86211.86017
marginal,Link,PL0 0,urban decentral resistive heater,66560.33713
marginal,Link,PL0 0,waste CHP,1693.06157
marginal,Link,PT0 0,BEV charger,69248.49406
marginal,Link,PT0 0,Combined-Cycle Gas,56689156.20055
marginal,Link,PT0 0,H2 Electrolysis,0.3533
marginal,Link,PT0 0,HVC to air,141454.79703
marginal,Link,PT0 0,Haber-Bosch,356.7144
marginal,Link,PT0 0,Open-Cycle Gas,222.34619
marginal,Link,PT0 0,SMR,15917.55757
marginal,Link,PT0 0,Sabatier,0.68165
marginal,Link,PT0 0,battery charger,7.30521
marginal,Link,PT0 0,battery discharger,6.98921
marginal,Link,PT0 0,biogas to gas,2264610.52844
marginal,Link,PT0 0,biomass to liquid,4771719.5804
marginal,Link,PT0 0,biomass-to-methanol,555.042
marginal,Link,PT0 0,co2 sequestered,6.80886
marginal,Link,PT0 0,electricity distribution grid,660927.87188
marginal,Link,PT0 0,gas for industry,14570.07383
marginal,Link,PT0 0,heat100-200 industry electric boiler steam,55.30543
marginal,Link,PT0 0,heat100-200 industry gas,13711.4413
marginal,Link,PT0 0,heat100-200 industry industrial heat pump high temperature,4607644.46434
marginal,Link,PT0 0,heat100-200 industry solid biomass,1184.58924
marginal,Link,PT0 0,heat200-500 industry gas,484921.33644
marginal,Link,PT0 0,heat200-500 industry hydrogen,208.54742
marginal,Link,PT0 0,heat200-500 industry solid biomass,16556.39051
marginal,Link,PT0 0,heat<100 industry electric boiler steam,56.32569
marginal,Link,PT0 0,heat<100 industry gas,17537.28449
marginal,Link,PT0 0,heat<100 industry industrial heat pump medium temperature,5176449.02218
marginal,Link,PT0 0,heat<100 industry solid biomass,1424.32438
marginal,Link,PT0 0,heat>500 industry gas,1474652.05429
marginal,Link,PT0 0,heat>500 industry hydrogen,168.34344
marginal,Link,PT0 0,home battery charger,11.13415
marginal,Link,PT0 0,home battery discharger,10.50157
marginal,Link,PT0 0,methanolisation,13171.55599
marginal,Link,PT0 0,municipal solid waste,11270.35193
marginal,Link,PT0 0,rural air heat pump,0.32099
marginal,Link,PT0 0,rural biomass boiler,24922843.60892
marginal,Link,PT0 0,rural gas boiler,17644.12139
marginal,Link,PT0 0,rural ground heat pump,1718.31861
marginal,Link,PT0 0,rural resistive heater,71497.11751
marginal,Link,PT0 0,solid biomass for industry,133467.6328
marginal,Link,PT0 0,unsustainable bioliquids,3036985.496
marginal,Link,PT0 0,urban central air heat pump,2.34951
marginal,Link,PT0 0,urban central gas CHP,1261.91872
marginal,Link,PT0 0,urban central gas boiler,22406.01965
marginal,Link,PT0 0,urban central resistive heater,184.07773
marginal,Link,PT0 0,urban central solid biomass CHP,2148.38708
marginal,Link,PT0 0,urban central solid biomass CHP CC,4122377.59257
marginal,Link,PT0 0,urban decentral air heat pump,14489.03725
marginal,Link,PT0 0,urban decentral biomass boiler,25260465.37734
marginal,Link,PT0 0,urban decentral gas boiler,16929.59638
marginal,Link,PT0 0,urban decentral resistive heater,69544.38228
marginal,Link,PT0 0,waste CHP,1371.19112
marginal,Link,RO0 0,BEV charger,68480.51215
marginal,Link,RO0 0,CO2 pipeline,-1.46396
marginal,Link,RO0 0,Combined-Cycle Gas,35793722.88358
marginal,Link,RO0 0,EAF,0.18349
marginal,Link,RO0 0,H2 DRI,994.58487
marginal,Link,RO0 0,H2 Electrolysis,0.34418
marginal,Link,RO0 0,HVC to air,329378.06474
marginal,Link,RO0 0,Haber-Bosch,18.92819
marginal,Link,RO0 0,Open-Cycle Gas,233.8592
marginal,Link,RO0 0,SMR,48868.89361
marginal,Link,RO0 0,Sabatier,0.5668
marginal,Link,RO0 0,battery charger,5.81236
marginal,Link,RO0 0,battery discharger,5.69836
marginal,Link,RO0 0,biogas to gas,536336.01687
marginal,Link,RO0 0,biomass to liquid,6908145.77555
marginal,Link,RO0 0,biomass-to-methanol,567.81862
marginal,Link,RO0 0,electricity distribution grid,669627.82069
marginal,Link,RO0 0,gas DRI,3620.16207
marginal,Link,RO0 0,gas for industry,43058.76182
marginal,Link,RO0 0,gas pipeline,39.81614
marginal,Link,RO0 0,heat100-200 industry electric boiler steam,48.80697
marginal,Link,RO0 0,heat100-200 industry gas,39428.28028
marginal,Link,RO0 0,heat100-200 industry industrial heat pump high temperature,8438516.05242
marginal,Link,RO0 0,heat100-200 industry solid biomass,2646.09096
marginal,Link,RO0 0,heat200-500 industry gas,646390.25828
marginal,Link,RO0 0,heat200-500 industry hydrogen,172.01434
marginal,Link,RO0 0,heat200-500 industry solid biomass,14774.00156
marginal,Link,RO0 0,heat<100 industry electric boiler steam,49.04864
marginal,Link,RO0 0,heat<100 industry gas,6483594.19189
marginal,Link,RO0 0,heat<100 industry industrial heat pump medium temperature,10698.46753
marginal,Link,RO0 0,heat<100 industry solid biomass,1411763.14929
marginal,Link,RO0 0,heat>500 industry gas,2310378.19252
marginal,Link,RO0 0,heat>500 industry hydrogen,172.48746
marginal,Link,RO0 0,home battery charger,4.26946
marginal,Link,RO0 0,home battery discharger,4.27003
marginal,Link,RO0 0,methanolisation,33824.59939
marginal,Link,RO0 0,municipal solid waste,7954.10198
marginal,Link,RO0 0,rural air heat pump,0.1855
marginal,Link,RO0 0,rural biomass boiler,153911731.02127
marginal,Link,RO0 0,rural gas boiler,118617.72713
marginal,Link,RO0 0,rural ground heat pump,0.48944
marginal,Link,RO0 0,rural resistive heater,3259.46752
marginal,Link,RO0 0,solid biomass for industry,41051.65007
marginal,Link,RO0 0,steel emission,9131.70469
marginal,Link,RO0 0,unsustainable bioliquids,1917668.05195
marginal,Link,RO0 0,urban central air heat pump,0.72156
marginal,Link,RO0 0,urban central gas CHP,3311.91865
marginal,Link,RO0 0,urban central gas boiler,71904.51617
marginal,Link,RO0 0,urban central resistive heater,113.94403
marginal,Link,RO0 0,urban central solid biomass CHP,135071.37719
marginal,Link,RO0 0,urban central solid biomass CHP CC,11099272.81825
marginal,Link,RO0 0,urban decentral air heat pump,0.14813
marginal,Link,RO0 0,urban decentral biomass boiler,113829699.39679
marginal,Link,RO0 0,urban decentral gas boiler,83699.31512
marginal,Link,RO0 0,urban decentral resistive heater,2380.72801
marginal,Link,RO0 0,waste CHP,1618.78588
marginal,Link,RS0 0,BEV charger,18995.21142
marginal,Link,RS0 0,CO2 pipeline,8.29735
marginal,Link,RS0 0,Combined-Cycle Gas,7970429.12588
marginal,Link,RS0 0,EAF,0.17991
marginal,Link,RS0 0,H2 DRI,974.16186
marginal,Link,RS0 0,H2 Electrolysis,0.36594
marginal,Link,RS0 0,HVC to air,129980.94287
marginal,Link,RS0 0,Haber-Bosch,11.86598
marginal,Link,RS0 0,Open-Cycle Gas,217.51234
marginal,Link,RS0 0,SMR,102.19095
marginal,Link,RS0 0,Sabatier,0.61592
marginal,Link,RS0 0,battery charger,5.97132
marginal,Link,RS0 0,battery discharger,4.93832
marginal,Link,RS0 0,biogas to gas,803458.61433
marginal,Link,RS0 0,biomass to liquid,3735526.93674
marginal,Link,RS0 0,biomass-to-methanol,558.22239
marginal,Link,RS0 0,electricity distribution grid,353491.51429
marginal,Link,RS0 0,gas DRI,3018.11557
marginal,Link,RS0 0,gas for industry,8831.4409
marginal,Link,RS0 0,gas pipeline,79293.47053
marginal,Link,RS0 0,gas pipeline new,-326750.0556
marginal,Link,RS0 0,heat100-200 industry electric boiler steam,46.56727
marginal,Link,RS0 0,heat100-200 industry gas,8657.7381
marginal,Link,RS0 0,heat100-200 industry industrial heat pump high temperature,1950973.70056
marginal,Link,RS0 0,heat100-200 industry solid biomass,2730.60087
marginal,Link,RS0 0,heat200-500 industry gas,1678.28088
marginal,Link,RS0 0,heat200-500 industry hydrogen,211.15917
marginal,Link,RS0 0,heat200-500 industry solid biomass,4710204.293
marginal,Link,RS0 0,heat<100 industry electric boiler steam,48.0137
marginal,Link,RS0 0,heat<100 industry gas,16353.70073
marginal,Link,RS0 0,heat<100 industry industrial heat pump medium temperature,2397035.16912
marginal,Link,RS0 0,heat<100 industry solid biomass,9623.62866
marginal,Link,RS0 0,heat>500 industry gas,126911.6879
marginal,Link,RS0 0,heat>500 industry hydrogen,205.82804
marginal,Link,RS0 0,home battery charger,10.04756
marginal,Link,RS0 0,home battery discharger,9.40927
marginal,Link,RS0 0,methanolisation,59.01874
marginal,Link,RS0 0,municipal solid waste,8552.85859
marginal,Link,RS0 0,rural air heat pump,0.11551
marginal,Link,RS0 0,rural biomass boiler,1438.21701
marginal,Link,RS0 0,rural gas boiler,85882.10914
marginal,Link,RS0 0,rural ground heat pump,0.19337
marginal,Link,RS0 0,rural resistive heater,6248.86967
marginal,Link,RS0 0,solid biomass for industry,12818.60713
marginal,Link,RS0 0,steel emission,6274.96258
marginal,Link,RS0 0,urban central air heat pump,1.2843
marginal,Link,RS0 0,urban central gas CHP,1792.1751
marginal,Link,RS0 0,urban central gas boiler,55334.93869
marginal,Link,RS0 0,urban central resistive heater,980.47829
marginal,Link,RS0 0,urban central solid biomass CHP,7368358.304
marginal,Link,RS0 0,urban central solid biomass CHP CC,50277.08335
marginal,Link,RS0 0,urban decentral air heat pump,0.1123
marginal,Link,RS0 0,urban decentral biomass boiler,1409.55999
marginal,Link,RS0 0,urban decentral gas boiler,61402.47669
marginal,Link,RS0 0,urban decentral resistive heater,4280.85318
marginal,Link,RS0 0,waste CHP,1304.37825
marginal,Link,SE1 0,BEV charger,69102.0426
marginal,Link,SE1 0,Combined-Cycle Gas,58476.8978
marginal,Link,SE1 0,DC,187265.92941
marginal,Link,SE1 0,EAF,0.21879
marginal,Link,SE1 0,H2 DRI,1251.31157
marginal,Link,SE1 0,H2 Electrolysis,0.31783
marginal,Link,SE1 0,HVC to air,198776.08903
marginal,Link,SE1 0,Haber-Bosch,28.68879
marginal,Link,SE1 0,Open-Cycle Gas,174.76948
marginal,Link,SE1 0,SMR,260.89963
marginal,Link,SE1 0,Sabatier,0.61387
marginal,Link,SE1 0,battery charger,5.20605
marginal,Link,SE1 0,battery discharger,5.03379
marginal,Link,SE1 0,biogas to gas,5127135.44769
marginal,Link,SE1 0,biomass to liquid,21871525.58146
marginal,Link,SE1 0,biomass-to-methanol,564.51807
marginal,Link,SE1 0,co2 sequestered,49026.99023
marginal,Link,SE1 0,electricity distribution grid,1412225.15452
marginal,Link,SE1 0,gas DRI,3601.0164
marginal,Link,SE1 0,gas for industry,8009.17099
marginal,Link,SE1 0,heat100-200 industry electric boiler steam,54.76213
marginal,Link,SE1 0,heat100-200 industry gas,262.05331
marginal,Link,SE1 0,heat100-200 industry industrial heat pump high temperature,2033957.18194
marginal,Link,SE1 0,heat100-200 industry solid biomass,1643.55143
marginal,Link,SE1 0,heat200-500 industry gas,176798.2678
marginal,Link,SE1 0,heat200-500 industry hydrogen,219.09706
marginal,Link,SE1 0,heat200-500 industry solid biomass,70568.18118
marginal,Link,SE1 0,heat<100 industry electric boiler steam,55.18047
marginal,Link,SE1 0,heat<100 industry gas,340.69385
marginal,Link,SE1 0,heat<100 industry industrial heat pump medium temperature,8017756.55972
marginal,Link,SE1 0,heat<100 industry solid biomass,1873.10991
marginal,Link,SE1 0,heat>500 industry gas,655611.9403
marginal,Link,SE1 0,heat>500 industry hydrogen,174.09594
marginal,Link,SE1 0,home battery charger,5.42707
marginal,Link,SE1 0,home battery discharger,5.18404
marginal,Link,SE1 0,methanolisation,169.51367
marginal,Link,SE1 0,municipal solid waste,25892.11214
marginal,Link,SE1 0,rural air heat pump,0.2459
marginal,Link,SE1 0,rural biomass boiler,9474516.99919
marginal,Link,SE1 0,rural gas boiler,1148.33793
marginal,Link,SE1 0,rural ground heat pump,45875.59532
marginal,Link,SE1 0,rural resistive heater,9574.15787
marginal,Link,SE1 0,solid biomass for industry,551880.2578
marginal,Link,SE1 0,steel emission,13892.79226
marginal,Link,SE1 0,unsustainable bioliquids,4403734.57467
marginal,Link,SE1 0,urban central air heat pump,0.91681
marginal,Link,SE1 0,urban central gas CHP,800.25167
marginal,Link,SE1 0,urban central gas boiler,333521.62552
marginal,Link,SE1 0,urban central resistive heater,0.81439
marginal,Link,SE1 0,urban central solid biomass CHP,6044.90604
marginal,Link,SE1 0,urban central solid biomass CHP CC,71306584.73993
marginal,Link,SE1 0,urban decentral air heat pump,56844.01282
marginal,Link,SE1 0,urban decentral biomass boiler,147860727.48106
marginal,Link,SE1 0,urban decentral gas boiler,17884.13916
marginal,Link,SE1 0,urban decentral resistive heater,126314.71795
marginal,Link,SE1 0,waste CHP,1409.5213
marginal,Link,SI0 0,BEV charger,20230.81039
marginal,Link,SI0 0,Combined-Cycle Gas,5080539.13297
marginal,Link,SI0 0,H2 Electrolysis,0.28756
marginal,Link,SI0 0,HVC to air,39118.99749
marginal,Link,SI0 0,Haber-Bosch,8.84688
marginal,Link,SI0 0,Open-Cycle Gas,216.96412
marginal,Link,SI0 0,SMR,63.27588
marginal,Link,SI0 0,Sabatier,0.56686
marginal,Link,SI0 0,battery charger,5.20794
marginal,Link,SI0 0,battery discharger,5.29989
marginal,Link,SI0 0,biogas to gas,627745.94112
marginal,Link,SI0 0,biomass to liquid,599781.91107
marginal,Link,SI0 0,biomass-to-methanol,570.75802
marginal,Link,SI0 0,electricity distribution grid,155811.73964
marginal,Link,SI0 0,gas for industry,10303.90402
marginal,Link,SI0 0,gas pipeline,96394.97861
marginal,Link,SI0 0,heat100-200 industry electric boiler steam,46.88747
marginal,Link,SI0 0,heat100-200 industry gas,10699.25986
marginal,Link,SI0 0,heat100-200 industry industrial heat pump high temperature,2171041.81421
marginal,Link,SI0 0,heat100-200 industry solid biomass,3619.68487
marginal,Link,SI0 0,heat200-500 industry gas,452.51025
marginal,Link,SI0 0,heat200-500 industry hydrogen,206.02639
marginal,Link,SI0 0,heat200-500 industry solid biomass,5216791.73567
marginal,Link,SI0 0,heat<100 industry electric boiler steam,45.90842
marginal,Link,SI0 0,heat<100 industry gas,968.55439
marginal,Link,SI0 0,heat<100 industry industrial heat pump medium temperature,7118.85234
marginal,Link,SI0 0,heat<100 industry solid biomass,2897086.46078
marginal,Link,SI0 0,heat>500 industry gas,356138.18589
marginal,Link,SI0 0,heat>500 industry hydrogen,188.45195
marginal,Link,SI0 0,home battery charger,3.87644
marginal,Link,SI0 0,home battery discharger,3.62052
marginal,Link,SI0 0,methanolisation,39.08568
marginal,Link,SI0 0,municipal solid waste,866.05786
marginal,Link,SI0 0,rural air heat pump,0.18809
marginal,Link,SI0 0,rural biomass boiler,28513855.57652
marginal,Link,SI0 0,rural gas boiler,3522.68006
marginal,Link,SI0 0,rural ground heat pump,1297.90215
marginal,Link,SI0 0,rural resistive heater,3873.30142
marginal,Link,SI0 0,solid biomass for industry,15723.16726
marginal,Link,SI0 0,urban central air heat pump,0.76524
marginal,Link,SI0 0,urban central gas CHP,1915.41153
marginal,Link,SI0 0,urban central gas boiler,13331.4277
marginal,Link,SI0 0,urban central resistive heater,53.4296
marginal,Link,SI0 0,urban central solid biomass CHP,2163535.75425
marginal,Link,SI0 0,urban central solid biomass CHP CC,22791.17126
marginal,Link,SI0 0,urban decentral air heat pump,309.83704
marginal,Link,SI0 0,urban decentral biomass boiler,26675110.54218
marginal,Link,SI0 0,urban decentral gas boiler,3368.92879
marginal,Link,SI0 0,urban decentral resistive heater,3569.43158
marginal,Link,SI0 0,waste CHP,1045.28135
marginal,Link,SK0 0,BEV charger,31359.81005
marginal,Link,SK0 0,Combined-Cycle Gas,21929057.03798
marginal,Link,SK0 0,EAF,0.2144
marginal,Link,SK0 0,H2 DRI,1151.10427
marginal,Link,SK0 0,H2 Electrolysis,0.31825
marginal,Link,SK0 0,HVC to air,87621.99675
marginal,Link,SK0 0,Haber-Bosch,13.86927
marginal,Link,SK0 0,Open-Cycle Gas,272.02518
marginal,Link,SK0 0,SMR,21832.43629
marginal,Link,SK0 0,Sabatier,0.56367
marginal,Link,SK0 0,battery charger,5.03435
marginal,Link,SK0 0,battery discharger,4.81328
marginal,Link,SK0 0,biogas to gas,4037555.36971
marginal,Link,SK0 0,biomass to liquid,4266931.05732
marginal,Link,SK0 0,biomass-to-methanol,561.01204
marginal,Link,SK0 0,electricity distribution grid,298666.79175
marginal,Link,SK0 0,gas DRI,3604.27439
marginal,Link,SK0 0,gas for industry,5458.9973
marginal,Link,SK0 0,gas pipeline,133790.26755
marginal,Link,SK0 0,heat100-200 industry electric boiler steam,46.26882
marginal,Link,SK0 0,heat100-200 industry gas,4699485.42059
marginal,Link,SK0 0,heat100-200 industry industrial heat pump high temperature,433222.41517
marginal,Link,SK0 0,heat100-200 industry solid biomass,4210.50806
marginal,Link,SK0 0,heat200-500 industry gas,377781.22369
marginal,Link,SK0 0,heat200-500 industry hydrogen,189.33977
marginal,Link,SK0 0,heat200-500 industry solid biomass,15204.79678
marginal,Link,SK0 0,heat<100 industry electric boiler steam,46.39656
marginal,Link,SK0 0,heat<100 industry gas,2305379.13581
marginal,Link,SK0 0,heat<100 industry industrial heat pump medium temperature,1835.28762
marginal,Link,SK0 0,heat<100 industry solid biomass,512100.34362
marginal,Link,SK0 0,heat>500 industry gas,989344.26991
marginal,Link,SK0 0,heat>500 industry hydrogen,173.03645
marginal,Link,SK0 0,home battery charger,4.12814
marginal,Link,SK0 0,home battery discharger,3.98473
marginal,Link,SK0 0,methanolisation,15458.73791
marginal,Link,SK0 0,municipal solid waste,3303.06717
marginal,Link,SK0 0,rural air heat pump,0.22567
marginal,Link,SK0 0,rural biomass boiler,2606517.28881
marginal,Link,SK0 0,rural gas boiler,92393.74088
marginal,Link,SK0 0,rural ground heat pump,398.37599
marginal,Link,SK0 0,rural resistive heater,5446.72715
marginal,Link,SK0 0,solid biomass for industry,71354.03601
marginal,Link,SK0 0,steel emission,13910.97974
marginal,Link,SK0 0,unsustainable bioliquids,1499329.35182
marginal,Link,SK0 0,urban central air heat pump,0.65895
marginal,Link,SK0 0,urban central gas CHP,3816.86266
marginal,Link,SK0 0,urban central gas boiler,35222.19074
marginal,Link,SK0 0,urban central resistive heater,1.26366
marginal,Link,SK0 0,urban central solid biomass CHP,250710.25911
marginal,Link,SK0 0,urban central solid biomass CHP CC,4903319.64787
marginal,Link,SK0 0,urban decentral air heat pump,744.83526
marginal,Link,SK0 0,urban decentral biomass boiler,2148694.73095
marginal,Link,SK0 0,urban decentral gas boiler,76715.73941
marginal,Link,SK0 0,urban decentral resistive heater,6158.20474
marginal,Link,SK0 0,waste CHP,1198.0131
marginal,Link,XK0 0,BEV charger,3793.60383
marginal,Link,XK0 0,Combined-Cycle Gas,447.94779
marginal,Link,XK0 0,EAF,0.12784
marginal,Link,XK0 0,H2 DRI,905.75417
marginal,Link,XK0 0,H2 Electrolysis,0.31847
marginal,Link,XK0 0,HVC to air,27801.97701
marginal,Link,XK0 0,Haber-Bosch,15.96259
marginal,Link,XK0 0,Open-Cycle Gas,219.68436
marginal,Link,XK0 0,SMR,1367.67983
marginal,Link,XK0 0,Sabatier,0.57645
marginal,Link,XK0 0,battery charger,5.67645
marginal,Link,XK0 0,battery discharger,5.17652
marginal,Link,XK0 0,biogas to gas,573.38478
marginal,Link,XK0 0,biomass to liquid,1116945.74281
marginal,Link,XK0 0,biomass-to-methanol,559.19345
marginal,Link,XK0 0,electricity distribution grid,60995.45119
marginal,Link,XK0 0,gas DRI,2464.09483
marginal,Link,XK0 0,gas for industry,814.05718
marginal,Link,XK0 0,heat100-200 industry electric boiler steam,63.37719
marginal,Link,XK0 0,heat100-200 industry gas,938.64616
marginal,Link,XK0 0,heat100-200 industry industrial heat pump high temperature,199594.81456
marginal,Link,XK0 0,heat100-200 industry solid biomass,2410.55448
marginal,Link,XK0 0,heat200-500 industry gas,17744.58663
marginal,Link,XK0 0,heat200-500 industry hydrogen,262.365
marginal,Link,XK0 0,heat200-500 industry solid biomass,78329.85008
marginal,Link,XK0 0,heat<100 industry electric boiler steam,64.6891
marginal,Link,XK0 0,heat<100 industry gas,1710.69472
marginal,Link,XK0 0,heat<100 industry industrial heat pump medium temperature,236146.6718
marginal,Link,XK0 0,heat<100 industry solid biomass,3678.06039
marginal,Link,XK0 0,heat>500 industry gas,31761.46619
marginal,Link,XK0 0,heat>500 industry hydrogen,243.19885
marginal,Link,XK0 0,home battery charger,8.87777
marginal,Link,XK0 0,home battery discharger,9.34124
marginal,Link,XK0 0,methanolisation,1133.03505
marginal,Link,XK0 0,municipal solid waste,0.7396
marginal,Link,XK0 0,rural air heat pump,0.89913
marginal,Link,XK0 0,rural biomass boiler,4351.78157
marginal,Link,XK0 0,rural gas boiler,5.55567
marginal,Link,XK0 0,rural ground heat pump,689.36998
marginal,Link,XK0 0,rural resistive heater,3.3211
marginal,Link,XK0 0,solid biomass for industry,1053.19336
marginal,Link,XK0 0,steel emission,1002.6152
marginal,Link,XK0 0,urban central air heat pump,1.11344
marginal,Link,XK0 0,urban central gas CHP,1288.61181
marginal,Link,XK0 0,urban central gas boiler,2.48178
marginal,Link,XK0 0,urban central resistive heater,2.10759
marginal,Link,XK0 0,urban central solid biomass CHP,9835.66603
marginal,Link,XK0 0,urban central solid biomass CHP CC,363762.29625
marginal,Link,XK0 0,urban decentral air heat pump,1.20663
marginal,Link,XK0 0,urban decentral biomass boiler,6406.28966
marginal,Link,XK0 0,urban decentral gas boiler,2240.06735
marginal,Link,XK0 0,urban decentral resistive heater,290.67888
marginal,Link,XK0 0,waste CHP,1017.57006
marginal,StorageUnit,AL0 0,Reservoir & Dam,71555.06755
marginal,StorageUnit,AT0 0,Pumped Hydro Storage,57577.50121
marginal,StorageUnit,AT0 0,Reservoir & Dam,170505.18687
marginal,StorageUnit,BA0 0,Pumped Hydro Storage,19.05275
marginal,StorageUnit,BA0 0,Reservoir & Dam,48818.23121
marginal,StorageUnit,BE0 0,Pumped Hydro Storage,2689.41216
marginal,StorageUnit,BE0 0,Reservoir & Dam,622.43934
marginal,StorageUnit,BG0 0,Pumped Hydro Storage,13982.82656
marginal,StorageUnit,BG0 0,Reservoir & Dam,28659.42899
marginal,StorageUnit,CH0 0,Pumped Hydro Storage,59438.56957
marginal,StorageUnit,CH0 0,Reservoir & Dam,237246.21881
marginal,StorageUnit,CZ0 0,Pumped Hydro Storage,2190.79049
marginal,StorageUnit,CZ0 0,Reservoir & Dam,20069.94552
marginal,StorageUnit,DE0 0,Pumped Hydro Storage,1222.9568
marginal,StorageUnit,DE0 1,Pumped Hydro Storage,7372.06786
marginal,StorageUnit,DE0 2,Pumped Hydro Storage,6078.10329
marginal,StorageUnit,DE0 3,Pumped Hydro Storage,3409.52886
marginal,StorageUnit,DE0 4,Pumped Hydro Storage,8218.92263
marginal,StorageUnit,DE0 5,Pumped Hydro Storage,3502.33108
marginal,StorageUnit,ES0 0,Pumped Hydro Storage,107302.8139
marginal,StorageUnit,ES0 0,Reservoir & Dam,183091.53654
marginal,StorageUnit,ES6 0,Pumped Hydro Storage,7618.13087
marginal,StorageUnit,ES6 0,Reservoir & Dam,17685.87306
marginal,StorageUnit,FI1 0,Reservoir & Dam,59490.74283
marginal,StorageUnit,FR0 0,Pumped Hydro Storage,4552.25774
marginal,StorageUnit,FR0 1,Pumped Hydro Storage,46686.18526
marginal,StorageUnit,FR0 1,Reservoir & Dam,163331.37386
marginal,StorageUnit,FR0 2,Pumped Hydro Storage,10775.94489
marginal,StorageUnit,FR0 2,Reservoir & Dam,110059.96851
marginal,StorageUnit,FR0 4,Reservoir & Dam,4473.58623
marginal,StorageUnit,FR5 0,Reservoir & Dam,4781.67182
marginal,StorageUnit,GB2 0,Reservoir & Dam,970.59705
marginal,StorageUnit,GB3 0,Pumped Hydro Storage,2250.37425
marginal,StorageUnit,GB3 0,Reservoir & Dam,1766.00184
marginal,StorageUnit,GR0 0,Pumped Hydro Storage,9214.37879
marginal,StorageUnit,GR0 0,Reservoir & Dam,37534.72666
marginal,StorageUnit,HR0 0,Pumped Hydro Storage,3693.33546
marginal,StorageUnit,HR0 0,Reservoir & Dam,66040.73376
marginal,StorageUnit,HU0 0,Reservoir & Dam,1167.51527
marginal,StorageUnit,IE3 0,Pumped Hydro Storage,1202.05388
marginal,StorageUnit,IE3 0,Reservoir & Dam,37.33111
marginal,StorageUnit,IT0 0,Pumped Hydro Storage,42045.58262
marginal,StorageUnit,IT0 0,Reservoir & Dam,20747.16223
marginal,StorageUnit,IT0 1,Pumped Hydro Storage,66608.65923
marginal,StorageUnit,IT0 1,Reservoir & Dam,95647.09665
marginal,StorageUnit,IT4 0,Pumped Hydro Storage,4875.75589
marginal,StorageUnit,IT4 0,Reservoir & Dam,2253.80337
marginal,StorageUnit,LT0 0,Pumped Hydro Storage,2684.71084
marginal,StorageUnit,LU0 0,Pumped Hydro Storage,8027.43203
marginal,StorageUnit,ME0 0,Pumped Hydro Storage,3336.15093
marginal,StorageUnit,ME0 0,Reservoir & Dam,17556.90648
marginal,StorageUnit,MK0 0,Reservoir & Dam,10281.64645
marginal,StorageUnit,NO1 0,Pumped Hydro Storage,240.19231
marginal,StorageUnit,NO1 0,Reservoir & Dam,1190933.64645
marginal,StorageUnit,PL0 0,Pumped Hydro Storage,11932.31015
marginal,StorageUnit,PL0 0,Reservoir & Dam,9384.78673
marginal,StorageUnit,PT0 0,Pumped Hydro Storage,47672.55893
marginal,StorageUnit,PT0 0,Reservoir & Dam,34170.18299
marginal,StorageUnit,RO0 0,Reservoir & Dam,96449.50127
marginal,StorageUnit,RS0 0,Pumped Hydro Storage,6087.27725
marginal,StorageUnit,RS0 0,Reservoir & Dam,37624.41509
marginal,StorageUnit,SE1 0,Pumped Hydro Storage,216.58601
marginal,StorageUnit,SE1 0,Reservoir & Dam,563439.81883
marginal,StorageUnit,SI0 0,Pumped Hydro Storage,1664.48613
marginal,StorageUnit,SI0 0,Reservoir & Dam,21535.20065
marginal,StorageUnit,SK0 0,Pumped Hydro Storage,7325.33615
marginal,StorageUnit,SK0 0,Reservoir & Dam,7333.17392
marginal,StorageUnit,XK0 0,Reservoir & Dam,1626.21845
marginal,Store,AL0 0,Battery Storage,1e-05
marginal,Store,AL0 0,EV battery,-0.00013
marginal,Store,AL0 0,home battery,2e-05
marginal,Store,AL0 0,non-sequestered HVC,42078.78713
marginal,Store,AT0 0,Battery Storage,1e-05
marginal,Store,AT0 0,EV battery,-0.00015
marginal,Store,AT0 0,non-sequestered HVC,155673.12276
marginal,Store,BA0 0,EV battery,-0.00014
marginal,Store,BA0 0,non-sequestered HVC,60265.36889
marginal,Store,BE0 0,EV battery,-0.00014
marginal,Store,BE0 0,non-sequestered HVC,194433.6281
marginal,Store,BG0 0,EV battery,-0.00015
marginal,Store,BG0 0,co2 sequestered,33120.6033
marginal,Store,BG0 0,non-sequestered HVC,117824.69069
marginal,Store,CH0 0,EV battery,-0.00014
marginal,Store,CH0 0,non-sequestered HVC,122322.71428
marginal,Store,CZ0 0,EV battery,-0.00014
marginal,Store,CZ0 0,non-sequestered HVC,187360.8761
marginal,Store,DE0 0,EV battery,-0.00014
marginal,Store,DE0 0,co2 sequestered,133702.35544
marginal,Store,DE0 0,non-sequestered HVC,245638.55479
marginal,Store,DE0 1,EV battery,-0.00014
marginal,Store,DE0 1,non-sequestered HVC,109445.12925
marginal,Store,DE0 2,EV battery,-0.00014
marginal,Store,DE0 2,co2 sequestered,133672.01929
marginal,Store,DE0 2,non-sequestered HVC,359673.44441
marginal,Store,DE0 3,EV battery,-0.00015
marginal,Store,DE0 3,non-sequestered HVC,172508.61137
marginal,Store,DE0 4,EV battery,-0.00013
marginal,Store,DE0 4,non-sequestered HVC,292277.77652
marginal,Store,DE0 5,EV battery,-0.00013
marginal,Store,DE0 5,non-sequestered HVC,211178.01422
marginal,Store,DK0 0,EV battery,-0.00013
marginal,Store,DK0 0,co2 sequestered,30.52483
marginal,Store,DK0 0,non-sequestered HVC,41041.75216
marginal,Store,DK1 0,EV battery,-0.00015
marginal,Store,DK1 0,co2 sequestered,27.65233
marginal,Store,DK1 0,non-sequestered HVC,26429.43401
marginal,Store,EE0 0,EV battery,-0.00015
marginal,Store,EE0 0,co2 sequestered,20823.30724
marginal,Store,EE0 0,non-sequestered HVC,18926.3789
marginal,Store,ES0 0,EV battery,-0.00015
marginal,Store,ES0 0,co2 sequestered,70.84071
marginal,Store,ES0 0,non-sequestered HVC,627517.96569
marginal,Store,ES6 0,EV battery,-0.00013
marginal,Store,ES6 0,non-sequestered HVC,11037.65544
marginal,Store,EU,solid biomass import,102289.77148
marginal,Store,FI1 0,Battery Storage,1e-05
marginal,Store,FI1 0,EV battery,-0.00014
marginal,Store,FI1 0,home battery,1e-05
marginal,Store,FI1 0,non-sequestered HVC,80542.35017
marginal,Store,FR0 0,EV battery,-0.00015
marginal,Store,FR0 0,non-sequestered HVC,351164.79256
marginal,Store,FR0 1,EV battery,-0.00014
marginal,Store,FR0 1,non-sequestered HVC,243442.10181
marginal,Store,FR0 2,EV battery,-0.00014
marginal,Store,FR0 2,non-sequestered HVC,151470.48533
marginal,Store,FR0 3,EV battery,-0.00013
marginal,Store,FR0 3,non-sequestered HVC,152663.76132
marginal,Store,FR0 4,EV battery,-0.00014
marginal,Store,FR0 4,non-sequestered HVC,129463.0302
marginal,Store,FR5 0,EV battery,-0.00027
marginal,Store,FR5 0,home battery,1e-05
marginal,Store,FR5 0,non-sequestered HVC,4265.28623
marginal,Store,GB2 0,EV battery,-0.00013
marginal,Store,GB2 0,co2 sequestered,77.6106
marginal,Store,GB2 0,non-sequestered HVC,327918.85414
marginal,Store,GB2 1,EV battery,-0.00014
marginal,Store,GB2 1,co2 sequestered,75.7078
marginal,Store,GB2 1,non-sequestered HVC,659558.34737
marginal,Store,GB3 0,EV battery,-0.00015
marginal,Store,GB3 0,non-sequestered HVC,29568.25758
marginal,Store,GR0 0,Battery Storage,1e-05
marginal,Store,GR0 0,EV battery,-0.00013
marginal,Store,GR0 0,co2 sequestered,29.14535
marginal,Store,GR0 0,non-sequestered HVC,143210.39637
marginal,Store,HR0 0,EV battery,-0.00013
marginal,Store,HR0 0,non-sequestered HVC,58051.42111
marginal,Store,HU0 0,EV battery,-0.00014
marginal,Store,HU0 0,non-sequestered HVC,154904.5862
marginal,Store,IE3 0,Battery Storage,7e-05
marginal,Store,IE3 0,EV battery,-0.00015
marginal,Store,IE3 0,co2 sequestered,54.8866
marginal,Store,IE3 0,non-sequestered HVC,70609.32291
marginal,Store,IT0 0,EV battery,-0.00013
marginal,Store,IT0 0,co2 sequestered,15.38292
marginal,Store,IT0 0,non-sequestered HVC,420644.8804
marginal,Store,IT0 1,EV battery,-0.00015
marginal,Store,IT0 1,co2 sequestered,261388.20414
marginal,Store,IT0 1,non-sequestered HVC,470178.64074
marginal,Store,IT4 0,Battery Storage,1e-05
marginal,Store,IT4 0,EV battery,-0.00015
marginal,Store,IT4 0,non-sequestered HVC,20878.78611
marginal,Store,LT0 0,EV battery,-0.00014
marginal,Store,LT0 0,co2 sequestered,25772.82349
marginal,Store,LT0 0,non-sequestered HVC,43842.43127
marginal,Store,LU0 0,EV battery,-0.00015
marginal,Store,LU0 0,non-sequestered HVC,8881.85026
marginal,Store,LV0 0,EV battery,-0.00015
marginal,Store,LV0 0,co2 sequestered,35419.06378
marginal,Store,LV0 0,non-sequestered HVC,26646.47678
marginal,Store,ME0 0,Battery Storage,1e-05
marginal,Store,ME0 0,EV battery,-0.00015
marginal,Store,ME0 0,home battery,2e-05
marginal,Store,ME0 0,non-sequestered HVC,9440.37001
marginal,Store,MK0 0,Battery Storage,1e-05
marginal,Store,MK0 0,EV battery,-0.00013
marginal,Store,MK0 0,home battery,2e-05
marginal,Store,MK0 0,non-sequestered HVC,31134.17135
marginal,Store,NL0 0,EV battery,-0.00013
marginal,Store,NL0 0,co2 sequestered,453.02943
marginal,Store,NL0 0,non-sequestered HVC,263439.13774
marginal,Store,NO1 0,EV battery,-0.00015
marginal,Store,NO1 0,co2 sequestered,20.61103
marginal,Store,NO1 0,non-sequestered HVC,77253.28366
marginal,Store,PL0 0,EV battery,-0.00014
marginal,Store,PL0 0,co2 sequestered,135867.08968
marginal,Store,PL0 0,non-sequestered HVC,579909.67843
marginal,Store,PT0 0,Battery Storage,1e-05
marginal,Store,PT0 0,EV battery,-0.00015
marginal,Store,PT0 0,co2 sequestered,66.70697
marginal,Store,PT0 0,home battery,1e-05
marginal,Store,PT0 0,non-sequestered HVC,149819.5997
marginal,Store,RO0 0,EV battery,-0.00014
marginal,Store,RO0 0,non-sequestered HVC,339760.93944
marginal,Store,RS0 0,EV battery,-0.00015
marginal,Store,RS0 0,non-sequestered HVC,127735.71927
marginal,Store,SE1 0,Battery Storage,1e-05
marginal,Store,SE1 0,EV battery,-0.00015
marginal,Store,SE1 0,co2 sequestered,430626.44739
marginal,Store,SE1 0,non-sequestered HVC,155911.32256
marginal,Store,SI0 0,EV battery,-0.00015
marginal,Store,SI0 0,non-sequestered HVC,35836.73496
marginal,Store,SK0 0,EV battery,-0.00014
marginal,Store,SK0 0,non-sequestered HVC,96033.91461
marginal,Store,XK0 0,Battery Storage,1e-05
marginal,Store,XK0 0,EV battery,-0.00016
marginal,Store,XK0 0,home battery,3e-05
marginal,Store,XK0 0,non-sequestered HVC,28542.04516
