cost,component,location,carrier,0
capital,Generator,AL0 0,Offshore Wind (AC),2192.68722
capital,Generator,AL0 0,Offshore Wind (Floating),2380.0777
capital,Generator,AL0 0,Onshore Wind,27078521.13815
capital,Generator,AL0 0,Run of River,14853811.92575
capital,Generator,AL0 0,Solar,15419803.13637
capital,Generator,AL0 0,rural solar thermal,914.28304
capital,Generator,AL0 0,solar-hsat,240298001.33673
capital,Generator,AL0 0,urban central solar thermal,8349.71477
capital,Generator,AL0 0,urban decentral solar thermal,934.39099
capital,Generator,AT0 0,Onshore Wind,374356457.87606
capital,Generator,AT0 0,Run of River,1376313648.03682
capital,Generator,AT0 0,Solar,20184630.00892
capital,Generator,AT0 0,rural solar thermal,892.02869
capital,Generator,AT0 0,solar-hsat,2057360789.78112
capital,Generator,AT0 0,urban central solar thermal,1534.57329
capital,Generator,AT0 0,urban decentral solar thermal,829.08891
capital,Generator,BA0 0,Offshore Wind (AC),834.39169
capital,Generator,BA0 0,Offshore Wind (Floating),745.92747
capital,Generator,BA0 0,Onshore Wind,50338167.73062
capital,Generator,BA0 0,Solar,13985324.47198
capital,Generator,BA0 0,rural solar thermal,648.46214
capital,Generator,BA0 0,solar-hsat,347323842.47931
capital,Generator,BA0 0,urban central solar thermal,1546.00701
capital,Generator,BA0 0,urban decentral solar thermal,652.64733
capital,Generator,BE0 0,Offshore Wind (AC),460339539.53252
capital,Generator,BE0 0,Offshore Wind (DC),192304750.92248
capital,Generator,BE0 0,Offshore Wind (Floating),1472.27024
capital,Generator,BE0 0,Onshore Wind,1106693937.88373
capital,Generator,BE0 0,Run of River,18186779.19648
capital,Generator,BE0 0,Solar,25347179.11769
capital,Generator,BE0 0,rural solar thermal,71.07672
capital,Generator,BE0 0,solar-hsat,665846171.56788
capital,Generator,BE0 0,urban central solar thermal,947.14917
capital,Generator,BE0 0,urban decentral solar thermal,438.43573
capital,Generator,BG0 0,Offshore Wind (AC),3742.55894
capital,Generator,BG0 0,Offshore Wind (DC),5683.26557
capital,Generator,BG0 0,Offshore Wind (Floating),3215.92952
capital,Generator,BG0 0,Onshore Wind,70357653.23932
capital,Generator,BG0 0,Run of River,34022009.05814
capital,Generator,BG0 0,Solar,125928947.58863
capital,Generator,BG0 0,rural solar thermal,696.83113
capital,Generator,BG0 0,solar-hsat,512163202.47497
capital,Generator,BG0 0,urban central solar thermal,1434.92477
capital,Generator,BG0 0,urban decentral solar thermal,791.99173
capital,Generator,CH0 0,Onshore Wind,6364595.85096
capital,Generator,CH0 0,Run of River,1295123214.9052
capital,Generator,CH0 0,Solar,5068497.7895
capital,Generator,CH0 0,rural solar thermal,290.28098
capital,Generator,CH0 0,solar-hsat,2163965234.35983
capital,Generator,CH0 0,urban central solar thermal,1266.34695
capital,Generator,CH0 0,urban decentral solar thermal,299.22119
capital,Generator,CZ0 0,Onshore Wind,16200974.47569
capital,Generator,CZ0 0,Run of River,12396579.18494
capital,Generator,CZ0 0,Solar,68150707.50316
capital,Generator,CZ0 0,rural solar thermal,458.39025
capital,Generator,CZ0 0,solar-hsat,228639993.95606
capital,Generator,CZ0 0,urban central solar thermal,1505.43399
capital,Generator,CZ0 0,urban decentral solar thermal,584.31
capital,Generator,DE0 0,Offshore Wind (AC),464757892.81506
capital,Generator,DE0 0,Offshore Wind (DC),359314278.79495
capital,Generator,DE0 0,Offshore Wind (Floating),1287.28543
capital,Generator,DE0 0,Onshore Wind,1679946851.30733
capital,Generator,DE0 0,Run of River,22970095.01057
capital,Generator,DE0 0,Solar,136919130.10268
capital,Generator,DE0 0,rural solar thermal,464.5517
capital,Generator,DE0 0,solar-hsat,15824146.95378
capital,Generator,DE0 0,urban central solar thermal,845.85289
capital,Generator,DE0 0,urban decentral solar thermal,490.55889
capital,Generator,DE0 1,Onshore Wind,390670745.54569
capital,Generator,DE0 1,Run of River,72178052.77618
capital,Generator,DE0 1,Solar,199216094.75249
capital,Generator,DE0 1,rural solar thermal,515.31769
capital,Generator,DE0 1,solar-hsat,312128785.9793
capital,Generator,DE0 1,urban central solar thermal,1007.19622
capital,Generator,DE0 1,urban decentral solar thermal,555.38135
capital,Generator,DE0 2,Offshore Wind (AC),1156810252.44729
capital,Generator,DE0 2,Offshore Wind (DC),4753542185.66901
capital,Generator,DE0 2,Offshore Wind (Floating),1611.35651
capital,Generator,DE0 2,Onshore Wind,818603424.9117
capital,Generator,DE0 2,Run of River,132010325.87154
capital,Generator,DE0 2,Solar,84733023.04232
capital,Generator,DE0 2,rural solar thermal,370.04674
capital,Generator,DE0 2,solar-hsat,2478230.32893
capital,Generator,DE0 2,urban central solar thermal,979.34186
capital,Generator,DE0 2,urban decentral solar thermal,445.89603
capital,Generator,DE0 3,Onshore Wind,52768328.60959
capital,Generator,DE0 3,Run of River,940688192.41467
capital,Generator,DE0 3,Solar,232333334.33663
capital,Generator,DE0 3,rural solar thermal,662.67216
capital,Generator,DE0 3,solar-hsat,1100144150.64746
capital,Generator,DE0 3,urban central solar thermal,1300.52451
capital,Generator,DE0 3,urban decentral solar thermal,674.68044
capital,Generator,DE0 4,Onshore Wind,332000820.09585
capital,Generator,DE0 4,Run of River,269690009.68602
capital,Generator,DE0 4,Solar,115970317.95438
capital,Generator,DE0 4,rural solar thermal,374.04792
capital,Generator,DE0 4,solar-hsat,989858322.40485
capital,Generator,DE0 4,urban central solar thermal,1605.99473
capital,Generator,DE0 4,urban decentral solar thermal,587.96058
capital,Generator,DE0 5,Offshore Wind (AC),429579876.58435
capital,Generator,DE0 5,Offshore Wind (DC),57939006.0421
capital,Generator,DE0 5,Offshore Wind (Floating),1504.16416
capital,Generator,DE0 5,Onshore Wind,1689460035.1093
capital,Generator,DE0 5,Run of River,29117199.61962
capital,Generator,DE0 5,Solar,566939881.95025
capital,Generator,DE0 5,rural solar thermal,569.08703
capital,Generator,DE0 5,solar-hsat,851292441.03777
capital,Generator,DE0 5,urban central solar thermal,1007.26336
capital,Generator,DE0 5,urban decentral solar thermal,624.55033
capital,Generator,DK0 0,Offshore Wind (AC),329702327.80007
capital,Generator,DK0 0,Offshore Wind (DC),13866.58954
capital,Generator,DK0 0,Offshore Wind (Floating),3561.49172
capital,Generator,DK0 0,Onshore Wind,2081280249.80061
capital,Generator,DK0 0,Solar,85748571.54448
capital,Generator,DK0 0,rural solar thermal,118.97685
capital,Generator,DK0 0,solar-hsat,10996.16982
capital,Generator,DK0 0,urban central solar thermal,737.70825
capital,Generator,DK0 0,urban decentral solar thermal,352.57338
capital,Generator,DK1 0,Offshore Wind (AC),220811828.54963
capital,Generator,DK1 0,Offshore Wind (DC),2802.56154
capital,Generator,DK1 0,Offshore Wind (Floating),2730.16107
capital,Generator,DK1 0,Onshore Wind,734647311.16098
capital,Generator,DK1 0,Solar,28221613.11807
capital,Generator,DK1 0,rural solar thermal,106.62246
capital,Generator,DK1 0,solar-hsat,25875.39872
capital,Generator,DK1 0,urban central solar thermal,780.182
capital,Generator,DK1 0,urban decentral solar thermal,407.0001
capital,Generator,EE0 0,Offshore Wind (AC),16543.38045
capital,Generator,EE0 0,Offshore Wind (DC),10950.82345
capital,Generator,EE0 0,Offshore Wind (Floating),3625.05525
capital,Generator,EE0 0,Onshore Wind,466901518.50374
capital,Generator,EE0 0,Solar,23011874.34559
capital,Generator,EE0 0,rural solar thermal,398.97799
capital,Generator,EE0 0,solar-hsat,45331604.28289
capital,Generator,EE0 0,urban central solar thermal,661.36025
capital,Generator,EE0 0,urban decentral solar thermal,439.16245
capital,Generator,ES0 0,Offshore Wind (AC),4026088.53715
capital,Generator,ES0 0,Offshore Wind (Floating),3452.12365
capital,Generator,ES0 0,Onshore Wind,3578970023.35944
capital,Generator,ES0 0,Run of River,40062148.34745
capital,Generator,ES0 0,Solar,1920332556.25474
capital,Generator,ES0 0,rural solar thermal,683.39977
capital,Generator,ES0 0,solar-hsat,3832433619.76279
capital,Generator,ES0 0,urban central solar thermal,4888.75572
capital,Generator,ES0 0,urban decentral solar thermal,1630.63039
capital,Generator,ES6 0,Offshore Wind (AC),1718.82299
capital,Generator,ES6 0,Offshore Wind (Floating),2339.49459
capital,Generator,ES6 0,Onshore Wind,2961.34006
capital,Generator,ES6 0,Run of River,45303586.30495
capital,Generator,ES6 0,Solar,14173636.49323
capital,Generator,ES6 0,rural solar thermal,1178.38695
capital,Generator,ES6 0,solar-hsat,75613537.70763
capital,Generator,ES6 0,urban central solar thermal,1174.88421
capital,Generator,ES6 0,urban decentral solar thermal,903.87941
capital,Generator,FI1 0,Offshore Wind (AC),34946.03379
capital,Generator,FI1 0,Offshore Wind (DC),341737000.75717
capital,Generator,FI1 0,Offshore Wind (Floating),4059.95648
capital,Generator,FI1 0,Onshore Wind,1095683204.4652
capital,Generator,FI1 0,Run of River,453195348.92122
capital,Generator,FI1 0,Solar,8236181.36543
capital,Generator,FI1 0,rural solar thermal,151.447
capital,Generator,FI1 0,solar-hsat,122437156.37019
capital,Generator,FI1 0,urban central solar thermal,639.51345
capital,Generator,FI1 0,urban decentral solar thermal,300.86603
capital,Generator,FR0 0,Offshore Wind (AC),677127096.84784
capital,Generator,FR0 0,Offshore Wind (DC),639736964.28318
capital,Generator,FR0 0,Offshore Wind (Floating),1412.09825
capital,Generator,FR0 0,Onshore Wind,1453048389.3682
capital,Generator,FR0 0,Solar,80758678.19037
capital,Generator,FR0 0,rural solar thermal,162.97754
capital,Generator,FR0 0,solar-hsat,4353.05153
capital,Generator,FR0 0,urban central solar thermal,992.72947
capital,Generator,FR0 0,urban decentral solar thermal,423.40298
capital,Generator,FR0 1,Offshore Wind (AC),22170411.69276
capital,Generator,FR0 1,Offshore Wind (Floating),4309.55006
capital,Generator,FR0 1,Onshore Wind,135484802.49183
capital,Generator,FR0 1,Run of River,1275325841.55478
capital,Generator,FR0 1,Solar,161606490.48826
capital,Generator,FR0 1,rural solar thermal,464.66109
capital,Generator,FR0 1,solar-hsat,2015123401.05903
capital,Generator,FR0 1,urban central solar thermal,2118.08427
capital,Generator,FR0 1,urban decentral solar thermal,724.36821
capital,Generator,FR0 2,Offshore Wind (AC),5539.90905
capital,Generator,FR0 2,Offshore Wind (DC),4559.82775
capital,Generator,FR0 2,Offshore Wind (Floating),3343.12527
capital,Generator,FR0 2,Onshore Wind,322013878.63088
capital,Generator,FR0 2,Run of River,387114376.07396
capital,Generator,FR0 2,Solar,241433325.66086
capital,Generator,FR0 2,rural solar thermal,635.52324
capital,Generator,FR0 2,solar-hsat,3428071.5739
capital,Generator,FR0 2,urban central solar thermal,1400.67992
capital,Generator,FR0 2,urban decentral solar thermal,681.64974
capital,Generator,FR0 3,Offshore Wind (AC),721388444.0887
capital,Generator,FR0 3,Offshore Wind (DC),777717564.38802
capital,Generator,FR0 3,Offshore Wind (Floating),4306.90711
capital,Generator,FR0 3,Onshore Wind,404522721.41518
capital,Generator,FR0 3,Solar,45458224.88526
capital,Generator,FR0 3,rural solar thermal,313.41003
capital,Generator,FR0 3,solar-hsat,6782.60413
capital,Generator,FR0 3,urban central solar thermal,1037.53749
capital,Generator,FR0 3,urban decentral solar thermal,494.39372
capital,Generator,FR0 4,Onshore Wind,410449816.19785
capital,Generator,FR0 4,Run of River,454890285.96669
capital,Generator,FR0 4,Solar,56506091.80185
capital,Generator,FR0 4,rural solar thermal,361.08791
capital,Generator,FR0 4,solar-hsat,4338.64562
capital,Generator,FR0 4,urban central solar thermal,1029.61793
capital,Generator,FR0 4,urban decentral solar thermal,447.71318
capital,Generator,FR5 0,Offshore Wind (AC),1699.97064
capital,Generator,FR5 0,Offshore Wind (Floating),2468.01632
capital,Generator,FR5 0,Onshore Wind,1967313.74042
capital,Generator,FR5 0,Solar,2875.2919
capital,Generator,FR5 0,rural solar thermal,1120.66841
capital,Generator,FR5 0,solar-hsat,81071238.06048
capital,Generator,GB2 0,Offshore Wind (AC),1503452295.5197
capital,Generator,GB2 0,Offshore Wind (DC),3399398759.26224
capital,Generator,GB2 0,Offshore Wind (Floating),4652.04045
capital,Generator,GB2 0,Onshore Wind,1344692089.25733
capital,Generator,GB2 0,Run of River,885889663.85156
capital,Generator,GB2 0,Solar,84832182.13656
capital,Generator,GB2 0,rural solar thermal,156.45538
capital,Generator,GB2 0,solar-hsat,9334.13772
capital,Generator,GB2 0,urban central solar thermal,700.5493
capital,Generator,GB2 0,urban decentral solar thermal,170.5091
capital,Generator,GB2 1,Offshore Wind (AC),3261252486.19319
capital,Generator,GB2 1,Offshore Wind (DC),50570.19089
capital,Generator,GB2 1,Offshore Wind (Floating),3967.00853
capital,Generator,GB2 1,Onshore Wind,1370158631.22835
capital,Generator,GB2 1,Solar,513690537.6158
capital,Generator,GB2 1,rural solar thermal,350.13477
capital,Generator,GB2 1,solar-hsat,577685622.75243
capital,Generator,GB2 1,urban central solar thermal,845.95028
capital,Generator,GB2 1,urban decentral solar thermal,353.51766
capital,Generator,GB3 0,Offshore Wind (AC),235543936.8959
capital,Generator,GB3 0,Offshore Wind (DC),61428.7923
capital,Generator,GB3 0,Offshore Wind (Floating),4522.19481
capital,Generator,GB3 0,Onshore Wind,145378909.36321
capital,Generator,GB3 0,Run of River,234671738.20448
capital,Generator,GB3 0,Solar,12435344.97034
capital,Generator,GB3 0,rural solar thermal,185.3039
capital,Generator,GB3 0,solar-hsat,18699.88927
capital,Generator,GB3 0,urban central solar thermal,586.04779
capital,Generator,GB3 0,urban decentral solar thermal,187.34177
capital,Generator,GR0 0,Offshore Wind (AC),3996.62214
capital,Generator,GR0 0,Offshore Wind (DC),96102.5684
capital,Generator,GR0 0,Offshore Wind (Floating),3762.2788
capital,Generator,GR0 0,Onshore Wind,581562577.44418
capital,Generator,GR0 0,Run of River,31772365.34325
capital,Generator,GR0 0,Solar,218143935.21144
capital,Generator,GR0 0,rural solar thermal,5950.37123
capital,Generator,GR0 0,solar-hsat,1124644193.3685
capital,Generator,GR0 0,urban central solar thermal,2468.83294
capital,Generator,GR0 0,urban decentral solar thermal,1324.25824
capital,Generator,HR0 0,Offshore Wind (AC),3277.6405
capital,Generator,HR0 0,Offshore Wind (DC),3532.41737
capital,Generator,HR0 0,Offshore Wind (Floating),2535.08015
capital,Generator,HR0 0,Onshore Wind,131920797.70893
capital,Generator,HR0 0,Run of River,84182201.03601
capital,Generator,HR0 0,Solar,4256897.41659
capital,Generator,HR0 0,rural solar thermal,1216.88864
capital,Generator,HR0 0,solar-hsat,357705089.18348
capital,Generator,HR0 0,urban central solar thermal,2273.08323
capital,Generator,HR0 0,urban decentral solar thermal,1124.77983
capital,Generator,HU0 0,Onshore Wind,36914643.76474
capital,Generator,HU0 0,Run of River,6070956.3265
capital,Generator,HU0 0,Solar,135337872.90411
capital,Generator,HU0 0,rural solar thermal,587.74522
capital,Generator,HU0 0,solar-hsat,909930913.40808
capital,Generator,HU0 0,urban central solar thermal,2184.79213
capital,Generator,HU0 0,urban decentral solar thermal,815.66193
capital,Generator,IE3 0,Offshore Wind (AC),5042512.27281
capital,Generator,IE3 0,Offshore Wind (DC),226500831.66336
capital,Generator,IE3 0,Offshore Wind (Floating),4365.85308
capital,Generator,IE3 0,Onshore Wind,550272183.64722
capital,Generator,IE3 0,Run of River,66564800.33115
capital,Generator,IE3 0,Solar,64208324.00591
capital,Generator,IE3 0,rural solar thermal,179.13105
capital,Generator,IE3 0,solar-hsat,69841617.36924
capital,Generator,IE3 0,urban central solar thermal,796.94146
capital,Generator,IE3 0,urban decentral solar thermal,250.6357
capital,Generator,IT0 0,Offshore Wind (AC),6051125.99534
capital,Generator,IT0 0,Offshore Wind (DC),3756.7536
capital,Generator,IT0 0,Offshore Wind (Floating),3007.38219
capital,Generator,IT0 0,Onshore Wind,1015581387.96067
capital,Generator,IT0 0,Run of River,543612536.03769
capital,Generator,IT0 0,Solar,194414750.63937
capital,Generator,IT0 0,rural solar thermal,1385.34292
capital,Generator,IT0 0,solar-hsat,2798449458.65196
capital,Generator,IT0 0,urban central solar thermal,1906.72965
capital,Generator,IT0 0,urban decentral solar thermal,1341.03154
capital,Generator,IT0 1,Offshore Wind (AC),3118.28814
capital,Generator,IT0 1,Offshore Wind (DC),2785.07785
capital,Generator,IT0 1,Offshore Wind (Floating),2449.15771
capital,Generator,IT0 1,Onshore Wind,18746673.15769
capital,Generator,IT0 1,Run of River,1762900939.28859
capital,Generator,IT0 1,Solar,72004366.4276
capital,Generator,IT0 1,rural solar thermal,689.49479
capital,Generator,IT0 1,solar-hsat,3868400909.52287
capital,Generator,IT0 1,urban central solar thermal,1971.99126
capital,Generator,IT0 1,urban decentral solar thermal,936.70066
capital,Generator,IT4 0,Offshore Wind (AC),4199.0922
capital,Generator,IT4 0,Offshore Wind (Floating),3139.74673
capital,Generator,IT4 0,Onshore Wind,137128090.44022
capital,Generator,IT4 0,Run of River,18490222.31421
capital,Generator,IT4 0,Solar,22587747.31314
capital,Generator,IT4 0,rural solar thermal,1784.56926
capital,Generator,IT4 0,solar-hsat,232649327.26674
capital,Generator,IT4 0,urban central solar thermal,2919.56071
capital,Generator,IT4 0,urban decentral solar thermal,1656.52124
capital,Generator,LT0 0,Offshore Wind (AC),32834.31385
capital,Generator,LT0 0,Offshore Wind (DC),405882508.62983
capital,Generator,LT0 0,Offshore Wind (Floating),2868.58302
capital,Generator,LT0 0,Onshore Wind,138286012.92333
capital,Generator,LT0 0,Run of River,31125207.56225
capital,Generator,LT0 0,Solar,15686939.96226
capital,Generator,LT0 0,rural solar thermal,368.53591
capital,Generator,LT0 0,solar-hsat,43336692.95191
capital,Generator,LT0 0,urban central solar thermal,700.71014
capital,Generator,LT0 0,urban decentral solar thermal,442.7364
capital,Generator,LU0 0,Onshore Wind,17138184.026
capital,Generator,LU0 0,Solar,2832666.11669
capital,Generator,LU0 0,rural solar thermal,478.77711
capital,Generator,LU0 0,solar-hsat,301402461.85149
capital,Generator,LU0 0,urban central solar thermal,833.88983
capital,Generator,LU0 0,urban decentral solar thermal,494.07879
capital,Generator,LV0 0,Offshore Wind (AC),17555.21459
capital,Generator,LV0 0,Offshore Wind (DC),35309.00082
capital,Generator,LV0 0,Offshore Wind (Floating),3986.26113
capital,Generator,LV0 0,Onshore Wind,11572149.89343
capital,Generator,LV0 0,Run of River,473380508.2809
capital,Generator,LV0 0,Solar,2303934.71444
capital,Generator,LV0 0,rural solar thermal,340.32387
capital,Generator,LV0 0,solar-hsat,61469617.87339
capital,Generator,LV0 0,urban central solar thermal,686.49544
capital,Generator,LV0 0,urban decentral solar thermal,404.51177
capital,Generator,ME0 0,Offshore Wind (AC),1033.65665
capital,Generator,ME0 0,Offshore Wind (Floating),2091.7814
capital,Generator,ME0 0,Onshore Wind,13655027.73598
capital,Generator,ME0 0,Run of River,1651793.1934
capital,Generator,ME0 0,Solar,167561.4789
capital,Generator,ME0 0,rural solar thermal,665.96896
capital,Generator,ME0 0,solar-hsat,307961820.3047
capital,Generator,ME0 0,urban central solar thermal,2830.05637
capital,Generator,ME0 0,urban decentral solar thermal,668.47936
capital,Generator,MK0 0,Onshore Wind,8447598.20429
capital,Generator,MK0 0,Run of River,59045443.2567
capital,Generator,MK0 0,Solar,15545448.14877
capital,Generator,MK0 0,rural solar thermal,743.11994
capital,Generator,MK0 0,solar-hsat,119051404.17491
capital,Generator,MK0 0,urban central solar thermal,1650.33169
capital,Generator,MK0 0,urban decentral solar thermal,748.28237
capital,Generator,NL0 0,Offshore Wind (AC),1174437636.71327
capital,Generator,NL0 0,Offshore Wind (DC),4237335684.2791
capital,Generator,NL0 0,Offshore Wind (Floating),1399.71486
capital,Generator,NL0 0,Onshore Wind,1358326254.58565
capital,Generator,NL0 0,Solar,248276689.22588
capital,Generator,NL0 0,rural solar thermal,0.74391
capital,Generator,NL0 0,solar-hsat,345961112.89214
capital,Generator,NL0 0,urban central solar thermal,973.5371
capital,Generator,NL0 0,urban decentral solar thermal,464.14309
capital,Generator,NO1 0,Offshore Wind (AC),28256277.99135
capital,Generator,NO1 0,Offshore Wind (DC),20528.65739
capital,Generator,NO1 0,Offshore Wind (Floating),3997.73649
capital,Generator,NO1 0,Onshore Wind,639792626.72422
capital,Generator,NO1 0,Run of River,275042056.92383
capital,Generator,NO1 0,Solar,73353.13502
capital,Generator,NO1 0,rural solar thermal,158.20736
capital,Generator,NO1 0,solar-hsat,4789.1201
capital,Generator,NO1 0,urban central solar thermal,719.8364
capital,Generator,NO1 0,urban decentral solar thermal,167.59619
capital,Generator,PL0 0,Offshore Wind (AC),1049262260.50357
capital,Generator,PL0 0,Offshore Wind (DC),1301264026.92398
capital,Generator,PL0 0,Offshore Wind (Floating),5372.90911
capital,Generator,PL0 0,Onshore Wind,3032648720.67958
capital,Generator,PL0 0,Run of River,56210389.48212
capital,Generator,PL0 0,Solar,137290966.22278
capital,Generator,PL0 0,rural solar thermal,519.43541
capital,Generator,PL0 0,solar-hsat,2248223359.96356
capital,Generator,PL0 0,urban central solar thermal,1441.71179
capital,Generator,PL0 0,urban decentral solar thermal,602.13333
capital,Generator,PT0 0,Offshore Wind (AC),5043485.70375
capital,Generator,PT0 0,Offshore Wind (Floating),4113.49798
capital,Generator,PT0 0,Onshore Wind,616510042.71252
capital,Generator,PT0 0,Run of River,781982318.70502
capital,Generator,PT0 0,Solar,183052839.77789
capital,Generator,PT0 0,rural solar thermal,862.2457
capital,Generator,PT0 0,solar-hsat,611118217.96087
capital,Generator,PT0 0,urban central solar thermal,1494.35903
capital,Generator,PT0 0,urban decentral solar thermal,826.62753
capital,Generator,RO0 0,Offshore Wind (AC),338196064.82639
capital,Generator,RO0 0,Offshore Wind (DC),585847332.00581
capital,Generator,RO0 0,Offshore Wind (Floating),3541.81063
capital,Generator,RO0 0,Onshore Wind,637732061.38264
capital,Generator,RO0 0,Run of River,1085206556.13942
capital,Generator,RO0 0,Solar,106116666.30284
capital,Generator,RO0 0,rural solar thermal,1183.33975
capital,Generator,RO0 0,solar-hsat,68318461.31354
capital,Generator,RO0 0,urban central solar thermal,2095.79806
capital,Generator,RO0 0,urban decentral solar thermal,971.9477
capital,Generator,RS0 0,Onshore Wind,89347369.52743
capital,Generator,RS0 0,Run of River,526478263.35986
capital,Generator,RS0 0,Solar,1864098.86725
capital,Generator,RS0 0,rural solar thermal,650.37137
capital,Generator,RS0 0,solar-hsat,108882314.0532
capital,Generator,RS0 0,urban central solar thermal,1552.6046
capital,Generator,RS0 0,urban decentral solar thermal,657.22364
capital,Generator,SE1 0,Offshore Wind (AC),36685718.60028
capital,Generator,SE1 0,Offshore Wind (DC),82493.70683
capital,Generator,SE1 0,Offshore Wind (Floating),3920.97873
capital,Generator,SE1 0,Onshore Wind,1919540691.75167
capital,Generator,SE1 0,Run of River,394149905.66452
capital,Generator,SE1 0,Solar,14943416.94935
capital,Generator,SE1 0,rural solar thermal,169.76575
capital,Generator,SE1 0,solar-hsat,362197649.72766
capital,Generator,SE1 0,urban central solar thermal,732.2423
capital,Generator,SE1 0,urban decentral solar thermal,333.48949
capital,Generator,SI0 0,Offshore Wind (AC),908.90936
capital,Generator,SI0 0,Offshore Wind (Floating),767.23033
capital,Generator,SI0 0,Onshore Wind,1639.4877
capital,Generator,SI0 0,Run of River,155445758.14368
capital,Generator,SI0 0,Solar,1570810.88467
capital,Generator,SI0 0,rural solar thermal,724.83182
capital,Generator,SI0 0,solar-hsat,7216.95696
capital,Generator,SI0 0,urban central solar thermal,1512.69456
capital,Generator,SI0 0,urban decentral solar thermal,833.28431
capital,Generator,SK0 0,Onshore Wind,3996.05418
capital,Generator,SK0 0,Run of River,375255980.16312
capital,Generator,SK0 0,Solar,23519816.99557
capital,Generator,SK0 0,rural solar thermal,659.59997
capital,Generator,SK0 0,solar-hsat,12082.54461
capital,Generator,SK0 0,urban central solar thermal,1514.92576
capital,Generator,SK0 0,urban decentral solar thermal,707.26723
capital,Generator,XK0 0,Onshore Wind,15622204.35235
capital,Generator,XK0 0,Run of River,9306745.23148
capital,Generator,XK0 0,Solar,8644575.09192
capital,Generator,XK0 0,rural solar thermal,28.21229
capital,Generator,XK0 0,solar-hsat,136033.40051
capital,Generator,XK0 0,urban central solar thermal,1265.54896
capital,Generator,XK0 0,urban decentral solar thermal,143.19434
capital,Line,AL0 0,AC,79383299.72642
capital,Line,AT0 0,AC,452246931.39839
capital,Line,BA0 0,AC,128859045.24615
capital,Line,BE0 0,AC,132294395.04691
capital,Line,BG0 0,AC,240709785.26156
capital,Line,CH0 0,AC,495733044.13378
capital,Line,CZ0 0,AC,243022348.25193
capital,Line,DE0 0,AC,582820005.69249
capital,Line,DE0 1,AC,465191429.65178
capital,Line,DE0 2,AC,289218374.52188
capital,Line,DE0 3,AC,130297548.45686
capital,Line,DE0 4,AC,65855244.42637
capital,Line,DE0 5,AC,122467637.92028
capital,Line,DK1 0,AC,92018255.13598
capital,Line,EE0 0,AC,34479190.53832
capital,Line,ES0 0,AC,380252192.80472
capital,Line,FI1 0,AC,164747361.63609
capital,Line,FR0 0,AC,861062076.98221
capital,Line,FR0 1,AC,437004111.69808
capital,Line,FR0 2,AC,175983166.83606
capital,Line,FR0 4,AC,3451633.76
capital,Line,GB2 0,AC,457480582.84278
capital,Line,GB3 0,AC,47856526.08134
capital,Line,GR0 0,AC,48987285.47571
capital,Line,HR0 0,AC,183894692.23639
capital,Line,HU0 0,AC,273318958.65242
capital,Line,IT0 0,AC,280957341.92612
capital,Line,IT0 1,AC,38683404.46554
capital,Line,LT0 0,AC,107375434.77326
capital,Line,ME0 0,AC,53440462.96271
capital,Line,MK0 0,AC,37466027.51957
capital,Line,NO1 0,AC,128929177.92303
capital,Line,PL0 0,AC,51242287.83323
capital,Line,RO0 0,AC,110192312.03459
capital,Line,RS0 0,AC,20274705.30248
capital,Link,AL0 0,CO2 pipeline,16564.20572
capital,Link,AL0 0,Combined-Cycle Gas,1847.97623
capital,Link,AL0 0,EAF,1888.62426
capital,Link,AL0 0,H2 DRI,1416.26532
capital,Link,AL0 0,H2 Electrolysis,2009.24879
capital,Link,AL0 0,Haber-Bosch,7608.9543
capital,Link,AL0 0,Open-Cycle Gas,1246.68052
capital,Link,AL0 0,SMR,60322.49523
capital,Link,AL0 0,Sabatier,796.57296
capital,Link,AL0 0,battery charger,5541.10084
capital,Link,AL0 0,biogas to gas,14894.48356
capital,Link,AL0 0,biomass to liquid,17695810.71001
capital,Link,AL0 0,biomass-to-methanol,2619.45246
capital,Link,AL0 0,electricity distribution grid,36984858.5394
capital,Link,AL0 0,gas DRI,1706.10852
capital,Link,AL0 0,gas pipeline new,1930168.18601
capital,Link,AL0 0,heat100-200 industry electric boiler steam,390.34897
capital,Link,AL0 0,heat100-200 industry gas,142646.95251
capital,Link,AL0 0,heat100-200 industry industrial heat pump high temperature,46468.90775
capital,Link,AL0 0,heat100-200 industry solid biomass,2252185.25907
capital,Link,AL0 0,heat200-500 industry gas,14696.83833
capital,Link,AL0 0,heat200-500 industry hydrogen,128.30333
capital,Link,AL0 0,heat200-500 industry solid biomass,221332.29498
capital,Link,AL0 0,heat<100 industry electric boiler steam,390.66691
capital,Link,AL0 0,heat<100 industry gas,167496.15476
capital,Link,AL0 0,heat<100 industry industrial heat pump medium temperature,11275.22924
capital,Link,AL0 0,heat<100 industry solid biomass,2677972.05904
capital,Link,AL0 0,heat>500 industry gas,17260.85938
capital,Link,AL0 0,heat>500 industry hydrogen,177.72606
capital,Link,AL0 0,home battery charger,5198.33933
capital,Link,AL0 0,methanolisation,47279.12676
capital,Link,AL0 0,rural air heat pump,4288.66373
capital,Link,AL0 0,rural biomass boiler,8891.497
capital,Link,AL0 0,rural gas boiler,27054623.47659
capital,Link,AL0 0,rural ground heat pump,9783.0106
capital,Link,AL0 0,rural resistive heater,3388662.69183
capital,Link,AL0 0,urban central air heat pump,10507.2046
capital,Link,AL0 0,urban central gas CHP,1801.8934
capital,Link,AL0 0,urban central gas boiler,806599.56128
capital,Link,AL0 0,urban central resistive heater,97423.52128
capital,Link,AL0 0,urban central solid biomass CHP,4546572.68054
capital,Link,AL0 0,urban central solid biomass CHP CC,308102.94
capital,Link,AL0 0,urban decentral air heat pump,4110.38149
capital,Link,AL0 0,urban decentral biomass boiler,8612.01692
capital,Link,AL0 0,urban decentral gas boiler,35551817.95316
capital,Link,AL0 0,urban decentral resistive heater,4619869.20866
capital,Link,AL0 0,waste CHP,2123.75345
capital,Link,AT0 0,CO2 pipeline,17353.11007
capital,Link,AT0 0,Combined-Cycle Gas,352632820.0871
capital,Link,AT0 0,EAF,2660.84707
capital,Link,AT0 0,H2 DRI,1696.38485
capital,Link,AT0 0,H2 Electrolysis,1845.03696
capital,Link,AT0 0,Haber-Bosch,6460.18445
capital,Link,AT0 0,Open-Cycle Gas,1277.63276
capital,Link,AT0 0,SMR,19962.86924
capital,Link,AT0 0,Sabatier,789.37243
capital,Link,AT0 0,battery charger,3865.66305
capital,Link,AT0 0,biogas to gas,39402392.2229
capital,Link,AT0 0,biomass to liquid,6060.63602
capital,Link,AT0 0,biomass-to-methanol,2614.77853
capital,Link,AT0 0,electricity distribution grid,446929135.2218
capital,Link,AT0 0,gas DRI,2329.53468
capital,Link,AT0 0,gas pipeline,11817541.81551
capital,Link,AT0 0,gas pipeline new,5557.47777
capital,Link,AT0 0,heat100-200 industry electric boiler steam,341.85549
capital,Link,AT0 0,heat100-200 industry gas,8644418.89619
capital,Link,AT0 0,heat100-200 industry industrial heat pump high temperature,143097944.74677
capital,Link,AT0 0,heat100-200 industry solid biomass,21260426.50737
capital,Link,AT0 0,heat200-500 industry gas,694114.73438
capital,Link,AT0 0,heat200-500 industry hydrogen,73.73035
capital,Link,AT0 0,heat200-500 industry solid biomass,10446714.11481
capital,Link,AT0 0,heat<100 industry electric boiler steam,284.9075
capital,Link,AT0 0,heat<100 industry gas,3224650.17596
capital,Link,AT0 0,heat<100 industry industrial heat pump medium temperature,5577.58292
capital,Link,AT0 0,heat<100 industry solid biomass,51764694.56681
capital,Link,AT0 0,heat>500 industry gas,1692560.63359
capital,Link,AT0 0,heat>500 industry hydrogen,110.02448
capital,Link,AT0 0,home battery charger,3526.50944
capital,Link,AT0 0,methanolisation,13477.82232
capital,Link,AT0 0,rural air heat pump,7126.64381
capital,Link,AT0 0,rural biomass boiler,303486292.12624
capital,Link,AT0 0,rural gas boiler,206924205.43043
capital,Link,AT0 0,rural ground heat pump,358769938.53576
capital,Link,AT0 0,rural resistive heater,847175.31318
capital,Link,AT0 0,urban central air heat pump,2852.25929
capital,Link,AT0 0,urban central gas CHP,2184.16603
capital,Link,AT0 0,urban central gas boiler,19574698.7922
capital,Link,AT0 0,urban central resistive heater,2898222.54403
capital,Link,AT0 0,urban central solid biomass CHP,200945372.28124
capital,Link,AT0 0,urban central solid biomass CHP CC,76195.373
capital,Link,AT0 0,urban decentral air heat pump,113343459.30719
capital,Link,AT0 0,urban decentral biomass boiler,312570280.54169
capital,Link,AT0 0,urban decentral gas boiler,213117885.78363
capital,Link,AT0 0,urban decentral resistive heater,3179791.76276
capital,Link,AT0 0,waste CHP,2332.70833
capital,Link,BA0 0,CO2 pipeline,6784.71933
capital,Link,BA0 0,Combined-Cycle Gas,1760.53188
capital,Link,BA0 0,EAF,2008.74473
capital,Link,BA0 0,H2 DRI,1420.22539
capital,Link,BA0 0,H2 Electrolysis,1912.05883
capital,Link,BA0 0,Haber-Bosch,5797.35363
capital,Link,BA0 0,Open-Cycle Gas,1240.01984
capital,Link,BA0 0,SMR,19848.43135
capital,Link,BA0 0,Sabatier,787.13651
capital,Link,BA0 0,battery charger,4275.09033
capital,Link,BA0 0,biogas to gas,304774.28816
capital,Link,BA0 0,biomass to liquid,158803401.42995
capital,Link,BA0 0,biomass-to-methanol,2679.29003
capital,Link,BA0 0,electricity distribution grid,163301844.46224
capital,Link,BA0 0,gas DRI,1843.09392
capital,Link,BA0 0,gas pipeline,3487367.17429
capital,Link,BA0 0,gas pipeline new,8913025.84515
capital,Link,BA0 0,heat100-200 industry electric boiler steam,267.51367
capital,Link,BA0 0,heat100-200 industry gas,285274.00888
capital,Link,BA0 0,heat100-200 industry industrial heat pump high temperature,9905.5813
capital,Link,BA0 0,heat100-200 industry solid biomass,4571812.88778
capital,Link,BA0 0,heat200-500 industry gas,41951.35537
capital,Link,BA0 0,heat200-500 industry hydrogen,114.49053
capital,Link,BA0 0,heat200-500 industry solid biomass,631575.74926
capital,Link,BA0 0,heat<100 industry electric boiler steam,265.85077
capital,Link,BA0 0,heat<100 industry gas,291473.80165
capital,Link,BA0 0,heat<100 industry industrial heat pump medium temperature,5397.57312
capital,Link,BA0 0,heat<100 industry solid biomass,4674434.16092
capital,Link,BA0 0,heat>500 industry gas,155492.9971
capital,Link,BA0 0,heat>500 industry hydrogen,116.72619
capital,Link,BA0 0,home battery charger,32960.37312
capital,Link,BA0 0,methanolisation,12191.71597
capital,Link,BA0 0,rural air heat pump,3022.89837
capital,Link,BA0 0,rural biomass boiler,13215.6096
capital,Link,BA0 0,rural gas boiler,161865304.34771
capital,Link,BA0 0,rural ground heat pump,7031.80154
capital,Link,BA0 0,rural resistive heater,12382839.57504
capital,Link,BA0 0,urban central air heat pump,3828.14437
capital,Link,BA0 0,urban central gas CHP,1905.91494
capital,Link,BA0 0,urban central gas boiler,4320269.88736
capital,Link,BA0 0,urban central resistive heater,255722.5641
capital,Link,BA0 0,urban central solid biomass CHP,23800100.65383
capital,Link,BA0 0,urban central solid biomass CHP CC,21700.9866
capital,Link,BA0 0,urban decentral air heat pump,3025.08283
capital,Link,BA0 0,urban decentral biomass boiler,13183.77852
capital,Link,BA0 0,urban decentral gas boiler,116729976.40026
capital,Link,BA0 0,urban decentral resistive heater,8957351.30225
capital,Link,BA0 0,waste CHP,2072.27677
capital,Link,BE0 0,CO2 pipeline,19942.77565
capital,Link,BE0 0,Combined-Cycle Gas,532145409.45228
capital,Link,BE0 0,DC,23219324.12346
capital,Link,BE0 0,EAF,2625.25638
capital,Link,BE0 0,H2 DRI,1645.19002
capital,Link,BE0 0,H2 Electrolysis,1899.52154
capital,Link,BE0 0,Haber-Bosch,32682.16711
capital,Link,BE0 0,Open-Cycle Gas,1395.68296
capital,Link,BE0 0,SMR,42852.69798
capital,Link,BE0 0,Sabatier,784.28711
capital,Link,BE0 0,battery charger,3498.31152
capital,Link,BE0 0,biogas to gas,42533432.5438
capital,Link,BE0 0,biomass to liquid,1635.2812
capital,Link,BE0 0,biomass-to-methanol,2103.40693
capital,Link,BE0 0,electricity distribution grid,603014714.89227
capital,Link,BE0 0,gas DRI,2336.52969
capital,Link,BE0 0,gas pipeline,18821571.77033
capital,Link,BE0 0,gas pipeline new,3780703.50566
capital,Link,BE0 0,heat100-200 industry electric boiler steam,362.21785
capital,Link,BE0 0,heat100-200 industry gas,9493999.18932
capital,Link,BE0 0,heat100-200 industry industrial heat pump high temperature,185591800.49007
capital,Link,BE0 0,heat100-200 industry solid biomass,357.46045
capital,Link,BE0 0,heat200-500 industry gas,951009.28558
capital,Link,BE0 0,heat200-500 industry hydrogen,93.60984
capital,Link,BE0 0,heat200-500 industry solid biomass,260.62
capital,Link,BE0 0,heat<100 industry electric boiler steam,351.55529
capital,Link,BE0 0,heat<100 industry gas,7472401.47476
capital,Link,BE0 0,heat<100 industry industrial heat pump medium temperature,128645840.16536
capital,Link,BE0 0,heat<100 industry solid biomass,365.93864
capital,Link,BE0 0,heat>500 industry gas,3135296.45872
capital,Link,BE0 0,heat>500 industry hydrogen,129.44677
capital,Link,BE0 0,home battery charger,3547.17951
capital,Link,BE0 0,methanolisation,18520.38967
capital,Link,BE0 0,rural air heat pump,7434.12956
capital,Link,BE0 0,rural biomass boiler,20149409.10996
capital,Link,BE0 0,rural gas boiler,118215354.23709
capital,Link,BE0 0,rural ground heat pump,55175840.52776
capital,Link,BE0 0,rural resistive heater,1378581.22956
capital,Link,BE0 0,urban central air heat pump,29791373.19341
capital,Link,BE0 0,urban central gas CHP,2571.76204
capital,Link,BE0 0,urban central gas boiler,39801976.6298
capital,Link,BE0 0,urban central resistive heater,232224.70504
capital,Link,BE0 0,urban central solid biomass CHP,1797.46546
capital,Link,BE0 0,urban central solid biomass CHP CC,2829.46433
capital,Link,BE0 0,urban decentral air heat pump,41147953.44248
capital,Link,BE0 0,urban decentral biomass boiler,266481315.13342
capital,Link,BE0 0,urban decentral gas boiler,1563429621.88831
capital,Link,BE0 0,urban decentral resistive heater,18312661.2524
capital,Link,BE0 0,waste CHP,2796.6355
capital,Link,BG0 0,CO2 pipeline,15460.8483
capital,Link,BG0 0,Combined-Cycle Gas,9745322.89047
capital,Link,BG0 0,H2 Electrolysis,1992.82579
capital,Link,BG0 0,Haber-Bosch,8003.63425
capital,Link,BG0 0,Open-Cycle Gas,1237.0409
capital,Link,BG0 0,SMR,22342.94467
capital,Link,BG0 0,Sabatier,783.95893
capital,Link,BG0 0,battery charger,4889.20109
capital,Link,BG0 0,biogas to gas,9363224.24401
capital,Link,BG0 0,biomass to liquid,26290671.78659
capital,Link,BG0 0,biomass-to-methanol,2663.22887
capital,Link,BG0 0,electricity distribution grid,324180274.46833
capital,Link,BG0 0,gas pipeline,4651416.62342
capital,Link,BG0 0,gas pipeline new,13543483.54279
capital,Link,BG0 0,heat100-200 industry electric boiler steam,285.39703
capital,Link,BG0 0,heat100-200 industry gas,1804554.91196
capital,Link,BG0 0,heat100-200 industry industrial heat pump high temperature,9193.68661
capital,Link,BG0 0,heat100-200 industry solid biomass,28963728.43545
capital,Link,BG0 0,heat200-500 industry gas,228589.24395
capital,Link,BG0 0,heat200-500 industry hydrogen,80.2976
capital,Link,BG0 0,heat200-500 industry solid biomass,3440331.7776
capital,Link,BG0 0,heat<100 industry electric boiler steam,271.49758
capital,Link,BG0 0,heat<100 industry gas,1277452.84335
capital,Link,BG0 0,heat<100 industry industrial heat pump medium temperature,4507.28467
capital,Link,BG0 0,heat<100 industry solid biomass,20504628.27115
capital,Link,BG0 0,heat>500 industry gas,876825.34803
capital,Link,BG0 0,heat>500 industry hydrogen,101.41161
capital,Link,BG0 0,home battery charger,39615.79437
capital,Link,BG0 0,methanolisation,14918.8263
capital,Link,BG0 0,rural air heat pump,6585.00425
capital,Link,BG0 0,rural biomass boiler,101145902.72138
capital,Link,BG0 0,rural gas boiler,2527510.63897
capital,Link,BG0 0,rural ground heat pump,99977115.50847
capital,Link,BG0 0,rural resistive heater,7363995.45413
capital,Link,BG0 0,urban central air heat pump,3599.36751
capital,Link,BG0 0,urban central gas CHP,1935.85146
capital,Link,BG0 0,urban central gas boiler,8717409.95978
capital,Link,BG0 0,urban central resistive heater,1919272.57579
capital,Link,BG0 0,urban central solid biomass CHP,51851013.66152
capital,Link,BG0 0,urban central solid biomass CHP CC,163792.21351
capital,Link,BG0 0,urban decentral air heat pump,171487120.55103
capital,Link,BG0 0,urban decentral biomass boiler,157562315.54839
capital,Link,BG0 0,urban decentral gas boiler,3937286.81176
capital,Link,BG0 0,urban decentral resistive heater,11199609.07077
capital,Link,BG0 0,waste CHP,2187.03029
capital,Link,CH0 0,CO2 pipeline,14207.17859
capital,Link,CH0 0,Combined-Cycle Gas,5763373.62285
capital,Link,CH0 0,EAF,2017.76952
capital,Link,CH0 0,H2 DRI,1418.82767
capital,Link,CH0 0,H2 Electrolysis,1893.94969
capital,Link,CH0 0,Haber-Bosch,6999.12016
capital,Link,CH0 0,Open-Cycle Gas,1253.13672
capital,Link,CH0 0,SMR,21833.43885
capital,Link,CH0 0,Sabatier,778.66126
capital,Link,CH0 0,battery charger,3724.44994
capital,Link,CH0 0,biogas to gas,16477.23394
capital,Link,CH0 0,biomass to liquid,22216746.87628
capital,Link,CH0 0,biomass-to-methanol,2727.38635
capital,Link,CH0 0,electricity distribution grid,695348717.10626
capital,Link,CH0 0,gas DRI,1854.10973
capital,Link,CH0 0,gas pipeline,6573997.11064
capital,Link,CH0 0,gas pipeline new,8906401.15462
capital,Link,CH0 0,heat100-200 industry electric boiler steam,291.06832
capital,Link,CH0 0,heat100-200 industry gas,2821620.21782
capital,Link,CH0 0,heat100-200 industry industrial heat pump high temperature,7272.72125
capital,Link,CH0 0,heat100-200 industry solid biomass,45292751.85123
capital,Link,CH0 0,heat200-500 industry gas,266356.45768
capital,Link,CH0 0,heat200-500 industry hydrogen,76.62625
capital,Link,CH0 0,heat200-500 industry solid biomass,4008432.95236
capital,Link,CH0 0,heat<100 industry electric boiler steam,284.41257
capital,Link,CH0 0,heat<100 industry gas,2065002.67611
capital,Link,CH0 0,heat<100 industry industrial heat pump medium temperature,3785.01741
capital,Link,CH0 0,heat<100 industry solid biomass,33149127.5077
capital,Link,CH0 0,heat>500 industry gas,662924.43493
capital,Link,CH0 0,heat>500 industry hydrogen,100.88321
capital,Link,CH0 0,home battery charger,17625.02146
capital,Link,CH0 0,methanolisation,14862.98482
capital,Link,CH0 0,rural air heat pump,3186.42288
capital,Link,CH0 0,rural biomass boiler,21262.86295
capital,Link,CH0 0,rural gas boiler,6916250.94654
capital,Link,CH0 0,rural ground heat pump,640595152.18763
capital,Link,CH0 0,rural resistive heater,740785.78017
capital,Link,CH0 0,urban central air heat pump,2827.061
capital,Link,CH0 0,urban central gas CHP,1896.09508
capital,Link,CH0 0,urban central gas boiler,12734299.37543
capital,Link,CH0 0,urban central resistive heater,3355632.23195
capital,Link,CH0 0,urban central solid biomass CHP,136834525.50078
capital,Link,CH0 0,urban central solid biomass CHP CC,177295.44952
capital,Link,CH0 0,urban decentral air heat pump,1936736030.54933
capital,Link,CH0 0,urban decentral biomass boiler,17800.41581
capital,Link,CH0 0,urban decentral gas boiler,258189082.93497
capital,Link,CH0 0,urban decentral resistive heater,15143878.61419
capital,Link,CH0 0,waste CHP,2302.40333
capital,Link,CZ0 0,CO2 pipeline,9486.28087
capital,Link,CZ0 0,Combined-Cycle Gas,165355843.33535
capital,Link,CZ0 0,EAF,2470.68861
capital,Link,CZ0 0,H2 DRI,1593.88226
capital,Link,CZ0 0,H2 Electrolysis,1777.9083
capital,Link,CZ0 0,Haber-Bosch,7500.722
capital,Link,CZ0 0,Open-Cycle Gas,1338.97613
capital,Link,CZ0 0,SMR,16162.15392
capital,Link,CZ0 0,Sabatier,787.64903
capital,Link,CZ0 0,battery charger,3661.40372
capital,Link,CZ0 0,biogas to gas,106703397.58297
capital,Link,CZ0 0,biomass to liquid,2570.7559
capital,Link,CZ0 0,biomass-to-methanol,2465.80215
capital,Link,CZ0 0,electricity distribution grid,502979793.09305
capital,Link,CZ0 0,gas DRI,2208.13986
capital,Link,CZ0 0,gas pipeline,15837300.93355
capital,Link,CZ0 0,gas pipeline new,6660.90846
capital,Link,CZ0 0,heat100-200 industry electric boiler steam,297.0497
capital,Link,CZ0 0,heat100-200 industry gas,5599666.22504
capital,Link,CZ0 0,heat100-200 industry industrial heat pump high temperature,109462463.56962
capital,Link,CZ0 0,heat100-200 industry solid biomass,1391.0719
capital,Link,CZ0 0,heat200-500 industry gas,658481.84157
capital,Link,CZ0 0,heat200-500 industry hydrogen,86.51926
capital,Link,CZ0 0,heat200-500 industry solid biomass,9909900.01163
capital,Link,CZ0 0,heat<100 industry electric boiler steam,297.15565
capital,Link,CZ0 0,heat<100 industry gas,4985745.30604
capital,Link,CZ0 0,heat<100 industry industrial heat pump medium temperature,85833297.85518
capital,Link,CZ0 0,heat<100 industry solid biomass,1824.99034
capital,Link,CZ0 0,heat>500 industry gas,1549963.95179
capital,Link,CZ0 0,heat>500 industry hydrogen,108.41896
capital,Link,CZ0 0,home battery charger,3917.37665
capital,Link,CZ0 0,methanolisation,9534.82487
capital,Link,CZ0 0,rural air heat pump,5503.96905
capital,Link,CZ0 0,rural biomass boiler,335984988.96149
capital,Link,CZ0 0,rural gas boiler,339623930.79443
capital,Link,CZ0 0,rural ground heat pump,353642631.12082
capital,Link,CZ0 0,rural resistive heater,11284054.66592
capital,Link,CZ0 0,urban central air heat pump,2953.77043
capital,Link,CZ0 0,urban central gas CHP,3437.95672
capital,Link,CZ0 0,urban central gas boiler,45773217.73418
capital,Link,CZ0 0,urban central resistive heater,2683492.68268
capital,Link,CZ0 0,urban central solid biomass CHP,154646774.38905
capital,Link,CZ0 0,urban central solid biomass CHP CC,48377.55167
capital,Link,CZ0 0,urban decentral air heat pump,153577288.30397
capital,Link,CZ0 0,urban decentral biomass boiler,647169340.18781
capital,Link,CZ0 0,urban decentral gas boiler,654178616.3828
capital,Link,CZ0 0,urban decentral resistive heater,22963103.66648
capital,Link,CZ0 0,waste CHP,2639.80761
capital,Link,DE0 0,CO2 pipeline,25709.14559
capital,Link,DE0 0,Combined-Cycle Gas,309046582.26468
capital,Link,DE0 0,DC,169790742.32792
capital,Link,DE0 0,EAF,2693.96862
capital,Link,DE0 0,H2 DRI,1675.52624
capital,Link,DE0 0,H2 Electrolysis,1903.51636
capital,Link,DE0 0,Haber-Bosch,9308.21776
capital,Link,DE0 0,Open-Cycle Gas,1418.2396
capital,Link,DE0 0,SMR,21588.85476
capital,Link,DE0 0,Sabatier,791.80217
capital,Link,DE0 0,battery charger,3558.9378
capital,Link,DE0 0,biogas to gas,297066036.26058
capital,Link,DE0 0,biomass to liquid,4150.45713
capital,Link,DE0 0,biomass-to-methanol,2572.56738
capital,Link,DE0 0,electricity distribution grid,590708887.25218
capital,Link,DE0 0,gas DRI,2387.52312
capital,Link,DE0 0,gas pipeline,22398167.55046
capital,Link,DE0 0,heat100-200 industry electric boiler steam,355.20144
capital,Link,DE0 0,heat100-200 industry gas,8960697.9731
capital,Link,DE0 0,heat100-200 industry industrial heat pump high temperature,175164282.00166
capital,Link,DE0 0,heat100-200 industry solid biomass,2438.49331
capital,Link,DE0 0,heat200-500 industry gas,903820.79437
capital,Link,DE0 0,heat200-500 industry hydrogen,77.08864
capital,Link,DE0 0,heat200-500 industry solid biomass,13602728.6315
capital,Link,DE0 0,heat<100 industry electric boiler steam,340.08263
capital,Link,DE0 0,heat<100 industry gas,6480219.06392
capital,Link,DE0 0,heat<100 industry industrial heat pump medium temperature,111560405.17228
capital,Link,DE0 0,heat<100 industry solid biomass,4080.06951
capital,Link,DE0 0,heat>500 industry gas,2395054.83804
capital,Link,DE0 0,heat>500 industry hydrogen,120.49311
capital,Link,DE0 0,home battery charger,3552.47476
capital,Link,DE0 0,methanolisation,13495.93888
capital,Link,DE0 0,rural air heat pump,5174.44593
capital,Link,DE0 0,rural biomass boiler,152062929.72848
capital,Link,DE0 0,rural gas boiler,445412931.58674
capital,Link,DE0 0,rural ground heat pump,265205359.10726
capital,Link,DE0 0,rural resistive heater,1147945.86824
capital,Link,DE0 0,urban central air heat pump,4614.27653
capital,Link,DE0 0,urban central gas CHP,2492.58565
capital,Link,DE0 0,urban central gas boiler,43034545.06308
capital,Link,DE0 0,urban central resistive heater,2658493.01046
capital,Link,DE0 0,urban central solid biomass CHP,127867645.45081
capital,Link,DE0 0,urban central solid biomass CHP CC,142825560.54561
capital,Link,DE0 0,urban decentral air heat pump,107367001.11881
capital,Link,DE0 0,urban decentral biomass boiler,379071163.13118
capital,Link,DE0 0,urban decentral gas boiler,1110350815.62437
capital,Link,DE0 0,urban decentral resistive heater,3033388.56169
capital,Link,DE0 0,waste CHP,2458.41204
capital,Link,DE0 1,CO2 pipeline,18858.57697
capital,Link,DE0 1,Combined-Cycle Gas,213505435.07661
capital,Link,DE0 1,H2 Electrolysis,1788.38407
capital,Link,DE0 1,Haber-Bosch,5600.22932
capital,Link,DE0 1,Open-Cycle Gas,1334.41028
capital,Link,DE0 1,SMR,13304.6014
capital,Link,DE0 1,Sabatier,784.89459
capital,Link,DE0 1,battery charger,3576.00383
capital,Link,DE0 1,biogas to gas,179729358.27186
capital,Link,DE0 1,biomass to liquid,5238.05343
capital,Link,DE0 1,biomass-to-methanol,2637.552
capital,Link,DE0 1,electricity distribution grid,335694638.93526
capital,Link,DE0 1,gas pipeline,8036863.96094
capital,Link,DE0 1,gas pipeline new,12264.77725
capital,Link,DE0 1,heat100-200 industry electric boiler steam,280.59217
capital,Link,DE0 1,heat100-200 industry gas,3249454.79127
capital,Link,DE0 1,heat100-200 industry industrial heat pump high temperature,32814909.4783
capital,Link,DE0 1,heat100-200 industry solid biomass,25218152.2256
capital,Link,DE0 1,heat200-500 industry gas,297839.96593
capital,Link,DE0 1,heat200-500 industry hydrogen,77.96882
capital,Link,DE0 1,heat200-500 industry solid biomass,4481808.85584
capital,Link,DE0 1,heat<100 industry electric boiler steam,270.28197
capital,Link,DE0 1,heat<100 industry gas,1909975.91593
capital,Link,DE0 1,heat<100 industry industrial heat pump medium temperature,5507.9511
capital,Link,DE0 1,heat<100 industry solid biomass,30658567.00455
capital,Link,DE0 1,heat>500 industry gas,568556.63252
capital,Link,DE0 1,heat>500 industry hydrogen,101.80038
capital,Link,DE0 1,home battery charger,3511.17757
capital,Link,DE0 1,methanolisation,8386.26276
capital,Link,DE0 1,rural air heat pump,4438.91446
capital,Link,DE0 1,rural biomass boiler,163869005.30169
capital,Link,DE0 1,rural gas boiler,479994527.12081
capital,Link,DE0 1,rural ground heat pump,135948609.40284
capital,Link,DE0 1,rural resistive heater,504034.31445
capital,Link,DE0 1,urban central air heat pump,3162.06183
capital,Link,DE0 1,urban central gas CHP,2396.53113
capital,Link,DE0 1,urban central gas boiler,11871626.27526
capital,Link,DE0 1,urban central resistive heater,958878.39941
capital,Link,DE0 1,urban central solid biomass CHP,81526609.94926
capital,Link,DE0 1,urban central solid biomass CHP CC,284438.93067
capital,Link,DE0 1,urban decentral air heat pump,51230678.62306
capital,Link,DE0 1,urban decentral biomass boiler,113551400.07198
capital,Link,DE0 1,urban decentral gas boiler,332607441.42014
capital,Link,DE0 1,urban decentral resistive heater,1513904.65464
capital,Link,DE0 1,waste CHP,2343.86857
capital,Link,DE0 2,CO2 pipeline,23185.63285
capital,Link,DE0 2,Combined-Cycle Gas,1035662579.9634
capital,Link,DE0 2,EAF,3008.79523
capital,Link,DE0 2,H2 DRI,1803.61131
capital,Link,DE0 2,H2 Electrolysis,2081.95314
capital,Link,DE0 2,Haber-Bosch,140491.52829
capital,Link,DE0 2,Open-Cycle Gas,1439.87725
capital,Link,DE0 2,SMR,113800.78454
capital,Link,DE0 2,Sabatier,782.17964
capital,Link,DE0 2,battery charger,3565.45008
capital,Link,DE0 2,biogas to gas,209341267.00538
capital,Link,DE0 2,biomass to liquid,1637.19173
capital,Link,DE0 2,biomass-to-methanol,2117.11528
capital,Link,DE0 2,electricity distribution grid,929697244.11542
capital,Link,DE0 2,gas DRI,2629.02376
capital,Link,DE0 2,gas pipeline,30205086.21893
capital,Link,DE0 2,heat100-200 industry electric boiler steam,431.70946
capital,Link,DE0 2,heat100-200 industry gas,17369472.38596
capital,Link,DE0 2,heat100-200 industry industrial heat pump high temperature,339545268.17245
capital,Link,DE0 2,heat100-200 industry solid biomass,377.45125
capital,Link,DE0 2,heat200-500 industry gas,1626237.08634
capital,Link,DE0 2,heat200-500 industry hydrogen,109.0173
capital,Link,DE0 2,heat200-500 industry solid biomass,259.75657
capital,Link,DE0 2,heat<100 industry electric boiler steam,396.10609
capital,Link,DE0 2,heat<100 industry gas,11980629.99964
capital,Link,DE0 2,heat<100 industry industrial heat pump medium temperature,206260881.10675
capital,Link,DE0 2,heat<100 industry solid biomass,383.61459
capital,Link,DE0 2,heat>500 industry gas,4783568.93915
capital,Link,DE0 2,heat>500 industry hydrogen,142.95245
capital,Link,DE0 2,home battery charger,3567.67092
capital,Link,DE0 2,methanolisation,20837.74976
capital,Link,DE0 2,rural air heat pump,7312.23785
capital,Link,DE0 2,rural biomass boiler,63086082.1568
capital,Link,DE0 2,rural gas boiler,184787685.24291
capital,Link,DE0 2,rural ground heat pump,330903688.34676
capital,Link,DE0 2,rural resistive heater,3545583.86744
capital,Link,DE0 2,urban central air heat pump,79491761.49877
capital,Link,DE0 2,urban central gas CHP,2630.98682
capital,Link,DE0 2,urban central gas boiler,85474832.07768
capital,Link,DE0 2,urban central resistive heater,9911982.75743
capital,Link,DE0 2,urban central solid biomass CHP,1808.37767
capital,Link,DE0 2,urban central solid biomass CHP CC,2663.06857
capital,Link,DE0 2,urban decentral air heat pump,158432712.34131
capital,Link,DE0 2,urban decentral biomass boiler,685742325.15328
capital,Link,DE0 2,urban decentral gas boiler,2008632214.99812
capital,Link,DE0 2,urban decentral resistive heater,7282689.68971
capital,Link,DE0 2,waste CHP,2871.69404
capital,Link,DE0 3,CO2 pipeline,4757.70588
capital,Link,DE0 3,Combined-Cycle Gas,350046730.28369
capital,Link,DE0 3,H2 Electrolysis,1796.95482
capital,Link,DE0 3,Haber-Bosch,5462.11823
capital,Link,DE0 3,Open-Cycle Gas,1112382.70798
capital,Link,DE0 3,SMR,12320.70775
capital,Link,DE0 3,Sabatier,786.20269
capital,Link,DE0 3,battery charger,3700.84624
capital,Link,DE0 3,biogas to gas,225924457.51877
capital,Link,DE0 3,biomass to liquid,3822.53872
capital,Link,DE0 3,biomass-to-methanol,2602.67556
capital,Link,DE0 3,electricity distribution grid,466818815.53723
capital,Link,DE0 3,gas pipeline,3317522.45066
capital,Link,DE0 3,gas pipeline new,13813662.72213
capital,Link,DE0 3,heat100-200 industry electric boiler steam,301.30457
capital,Link,DE0 3,heat100-200 industry gas,5277184.29302
capital,Link,DE0 3,heat100-200 industry industrial heat pump high temperature,103156149.18861
capital,Link,DE0 3,heat100-200 industry solid biomass,3762.31115
capital,Link,DE0 3,heat200-500 industry gas,503295.60772
capital,Link,DE0 3,heat200-500 industry hydrogen,76.17257
capital,Link,DE0 3,heat200-500 industry solid biomass,7574700.08825
capital,Link,DE0 3,heat<100 industry electric boiler steam,284.92074
capital,Link,DE0 3,heat<100 industry gas,3348652.92646
capital,Link,DE0 3,heat<100 industry industrial heat pump medium temperature,23448399.69459
capital,Link,DE0 3,heat<100 industry solid biomass,31894782.4064
capital,Link,DE0 3,heat>500 industry gas,1449304.19147
capital,Link,DE0 3,heat>500 industry hydrogen,108.02932
capital,Link,DE0 3,home battery charger,3504.66223
capital,Link,DE0 3,methanolisation,7488.51596
capital,Link,DE0 3,rural air heat pump,6790.8265
capital,Link,DE0 3,rural biomass boiler,126342373.23973
capital,Link,DE0 3,rural gas boiler,370073935.50035
capital,Link,DE0 3,rural ground heat pump,170083174.04588
capital,Link,DE0 3,rural resistive heater,654821.44448
capital,Link,DE0 3,urban central air heat pump,3105.35047
capital,Link,DE0 3,urban central gas CHP,2353.81824
capital,Link,DE0 3,urban central gas boiler,21061084.69183
capital,Link,DE0 3,urban central resistive heater,2083072.55962
capital,Link,DE0 3,urban central solid biomass CHP,159051414.91336
capital,Link,DE0 3,urban central solid biomass CHP CC,46918.56117
capital,Link,DE0 3,urban decentral air heat pump,66612718.28064
capital,Link,DE0 3,urban decentral biomass boiler,211651890.74152
capital,Link,DE0 3,urban decentral gas boiler,619957075.00432
capital,Link,DE0 3,urban decentral resistive heater,1802549.76574
capital,Link,DE0 3,waste CHP,2450.00483
capital,Link,DE0 4,CO2 pipeline,2463.35096
capital,Link,DE0 4,Combined-Cycle Gas,612159170.28742
capital,Link,DE0 4,EAF,2563.1031
capital,Link,DE0 4,H2 DRI,1638.55927
capital,Link,DE0 4,H2 Electrolysis,1790.45968
capital,Link,DE0 4,Haber-Bosch,10012.20006
capital,Link,DE0 4,Open-Cycle Gas,1299.28403
capital,Link,DE0 4,SMR,15993.77954
capital,Link,DE0 4,Sabatier,782.82433
capital,Link,DE0 4,battery charger,3599.77779
capital,Link,DE0 4,biogas to gas,221093562.98257
capital,Link,DE0 4,biomass to liquid,2126.95011
capital,Link,DE0 4,biomass-to-methanol,2395.5435
capital,Link,DE0 4,electricity distribution grid,847846590.99593
capital,Link,DE0 4,gas DRI,2271.26145
capital,Link,DE0 4,gas pipeline,13851172.13292
capital,Link,DE0 4,heat100-200 industry electric boiler steam,376.15831
capital,Link,DE0 4,heat100-200 industry gas,13772828.98077
capital,Link,DE0 4,heat100-200 industry industrial heat pump high temperature,269235203.85366
capital,Link,DE0 4,heat100-200 industry solid biomass,797.82777
capital,Link,DE0 4,heat200-500 industry gas,1076744.91219
capital,Link,DE0 4,heat200-500 industry hydrogen,101.31366
capital,Link,DE0 4,heat200-500 industry solid biomass,1633.15234
capital,Link,DE0 4,heat<100 industry electric boiler steam,338.72178
capital,Link,DE0 4,heat<100 industry gas,8892475.05346
capital,Link,DE0 4,heat<100 industry industrial heat pump medium temperature,153093459.31175
capital,Link,DE0 4,heat<100 industry solid biomass,860.94976
capital,Link,DE0 4,heat>500 industry gas,2208415.54787
capital,Link,DE0 4,heat>500 industry hydrogen,119.62151
capital,Link,DE0 4,home battery charger,3497.3537
capital,Link,DE0 4,methanolisation,7885.57274
capital,Link,DE0 4,rural air heat pump,7704.42311
capital,Link,DE0 4,rural biomass boiler,49806808.37473
capital,Link,DE0 4,rural gas boiler,145890892.4797
capital,Link,DE0 4,rural ground heat pump,300691165.31689
capital,Link,DE0 4,rural resistive heater,34954.14622
capital,Link,DE0 4,urban central air heat pump,42845942.15078
capital,Link,DE0 4,urban central gas CHP,2704.02868
capital,Link,DE0 4,urban central gas boiler,80136123.87642
capital,Link,DE0 4,urban central resistive heater,1641274.07671
capital,Link,DE0 4,urban central solid biomass CHP,40935553.13205
capital,Link,DE0 4,urban central solid biomass CHP CC,87104.08621
capital,Link,DE0 4,urban decentral air heat pump,136728008.22398
capital,Link,DE0 4,urban decentral biomass boiler,595839847.03718
capital,Link,DE0 4,urban decentral gas boiler,1745295671.33096
capital,Link,DE0 4,urban decentral resistive heater,3627967.96946
capital,Link,DE0 4,waste CHP,3196.45919
capital,Link,DE0 5,CO2 pipeline,10773583.12677
capital,Link,DE0 5,Combined-Cycle Gas,370545927.19073
capital,Link,DE0 5,EAF,2257.02084
capital,Link,DE0 5,H2 DRI,1510.99878
capital,Link,DE0 5,H2 Electrolysis,1838.67524
capital,Link,DE0 5,Haber-Bosch,7931.77498
capital,Link,DE0 5,Open-Cycle Gas,1403.05297
capital,Link,DE0 5,SMR,19638.0021
capital,Link,DE0 5,Sabatier,795.37265
capital,Link,DE0 5,battery charger,3618.19492
capital,Link,DE0 5,biogas to gas,261018185.44956
capital,Link,DE0 5,biomass to liquid,3747.3329
capital,Link,DE0 5,biomass-to-methanol,2562.49689
capital,Link,DE0 5,electricity distribution grid,533523996.56354
capital,Link,DE0 5,gas DRI,2041.89504
capital,Link,DE0 5,gas pipeline,17413353.45327
capital,Link,DE0 5,heat100-200 industry electric boiler steam,360.81983
capital,Link,DE0 5,heat100-200 industry gas,10579182.88194
capital,Link,DE0 5,heat100-200 industry industrial heat pump high temperature,206803298.49475
capital,Link,DE0 5,heat100-200 industry solid biomass,2590.00032
capital,Link,DE0 5,heat200-500 industry gas,956271.6916
capital,Link,DE0 5,heat200-500 industry hydrogen,78.61488
capital,Link,DE0 5,heat200-500 industry solid biomass,14391726.88819
capital,Link,DE0 5,heat<100 industry electric boiler steam,342.90471
capital,Link,DE0 5,heat<100 industry gas,7732843.00454
capital,Link,DE0 5,heat<100 industry industrial heat pump medium temperature,133125151.26781
capital,Link,DE0 5,heat<100 industry solid biomass,4891.94808
capital,Link,DE0 5,heat>500 industry gas,2833323.20397
capital,Link,DE0 5,heat>500 industry hydrogen,128.50991
capital,Link,DE0 5,home battery charger,3525.56532
capital,Link,DE0 5,methanolisation,12507.05711
capital,Link,DE0 5,rural air heat pump,4130.56132
capital,Link,DE0 5,rural biomass boiler,234001503.84743
capital,Link,DE0 5,rural gas boiler,685422121.02907
capital,Link,DE0 5,rural ground heat pump,279745653.82087
capital,Link,DE0 5,rural resistive heater,1281677.47154
capital,Link,DE0 5,urban central air heat pump,3653.26531
capital,Link,DE0 5,urban central gas CHP,2784.01828
capital,Link,DE0 5,urban central gas boiler,37954668.70768
capital,Link,DE0 5,urban central resistive heater,2211476.55156
capital,Link,DE0 5,urban central solid biomass CHP,106931114.92514
capital,Link,DE0 5,urban central solid biomass CHP CC,115564543.46047
capital,Link,DE0 5,urban decentral air heat pump,109358769.76949
capital,Link,DE0 5,urban decentral biomass boiler,326041587.55027
capital,Link,DE0 5,urban decentral gas boiler,955020001.18809
capital,Link,DE0 5,urban decentral resistive heater,3505895.2237
capital,Link,DE0 5,waste CHP,2486.10268
capital,Link,DK0 0,CO2 pipeline,11655.89568
capital,Link,DK0 0,Combined-Cycle Gas,81232819.27594
capital,Link,DK0 0,DC,180332203.15189
capital,Link,DK0 0,H2 Electrolysis,2408.99034
capital,Link,DK0 0,Haber-Bosch,157826.31745
capital,Link,DK0 0,Open-Cycle Gas,1360.87466
capital,Link,DK0 0,SMR,42467980.58251
capital,Link,DK0 0,Sabatier,797.40996
capital,Link,DK0 0,battery charger,3715.42306
capital,Link,DK0 0,biogas to gas,52951227.89385
capital,Link,DK0 0,biomass to liquid,5095.71503
capital,Link,DK0 0,biomass-to-methanol,2602.41512
capital,Link,DK0 0,electricity distribution grid,207519860.10243
capital,Link,DK0 0,gas pipeline,42660271.15443
capital,Link,DK0 0,gas pipeline new,4718071.35793
capital,Link,DK0 0,heat100-200 industry electric boiler steam,327.11396
capital,Link,DK0 0,heat100-200 industry gas,1147268.51867
capital,Link,DK0 0,heat100-200 industry industrial heat pump high temperature,22423610.89948
capital,Link,DK0 0,heat100-200 industry solid biomass,1987.44255
capital,Link,DK0 0,heat200-500 industry gas,104879.148
capital,Link,DK0 0,heat200-500 industry hydrogen,101.83346
capital,Link,DK0 0,heat200-500 industry solid biomass,1578265.44951
capital,Link,DK0 0,heat<100 industry electric boiler steam,334.58378
capital,Link,DK0 0,heat<100 industry gas,979829.01902
capital,Link,DK0 0,heat<100 industry industrial heat pump medium temperature,16865552.63747
capital,Link,DK0 0,heat<100 industry solid biomass,2307.42251
capital,Link,DK0 0,heat>500 industry gas,295955.36242
capital,Link,DK0 0,heat>500 industry hydrogen,106.7667
capital,Link,DK0 0,home battery charger,3803.51328
capital,Link,DK0 0,methanolisation,36321632.70481
capital,Link,DK0 0,rural air heat pump,9024.71799
capital,Link,DK0 0,rural biomass boiler,33101606.15028
capital,Link,DK0 0,rural gas boiler,21672343.61559
capital,Link,DK0 0,rural ground heat pump,147032205.17132
capital,Link,DK0 0,rural resistive heater,1066281.16861
capital,Link,DK0 0,urban central air heat pump,122296923.50659
capital,Link,DK0 0,urban central gas CHP,2055.80699
capital,Link,DK0 0,urban central gas boiler,43234172.29943
capital,Link,DK0 0,urban central resistive heater,847119.35342
capital,Link,DK0 0,urban central solid biomass CHP,10150.06498
capital,Link,DK0 0,urban central solid biomass CHP CC,85927486.07189
capital,Link,DK0 0,urban decentral air heat pump,211827769.13405
capital,Link,DK0 0,urban decentral biomass boiler,166910189.34718
capital,Link,DK0 0,urban decentral gas boiler,109279741.89688
capital,Link,DK0 0,urban decentral resistive heater,8840441.21711
capital,Link,DK0 0,waste CHP,1971.8062
capital,Link,DK1 0,CO2 pipeline,2714.63678
capital,Link,DK1 0,Combined-Cycle Gas,108770125.10588
capital,Link,DK1 0,DC,20024525.49238
capital,Link,DK1 0,H2 Electrolysis,2493.40276
capital,Link,DK1 0,Haber-Bosch,169751361.42297
capital,Link,DK1 0,Open-Cycle Gas,1316.01672
capital,Link,DK1 0,SMR,165315040.1599
capital,Link,DK1 0,Sabatier,772.82713
capital,Link,DK1 0,battery charger,3656.87099
capital,Link,DK1 0,biogas to gas,19336671.98938
capital,Link,DK1 0,biomass to liquid,1574.00489
capital,Link,DK1 0,biomass-to-methanol,2016.91169
capital,Link,DK1 0,electricity distribution grid,166412718.06969
capital,Link,DK1 0,heat100-200 industry electric boiler steam,352.82172
capital,Link,DK1 0,heat100-200 industry gas,502331.36064
capital,Link,DK1 0,heat100-200 industry industrial heat pump high temperature,9818189.30499
capital,Link,DK1 0,heat100-200 industry solid biomass,420.11538
capital,Link,DK1 0,heat200-500 industry gas,61882.80878
capital,Link,DK1 0,heat200-500 industry hydrogen,144.54526
capital,Link,DK1 0,heat200-500 industry solid biomass,268.42711
capital,Link,DK1 0,heat<100 industry electric boiler steam,354.02648
capital,Link,DK1 0,heat<100 industry gas,458937.59195
capital,Link,DK1 0,heat<100 industry industrial heat pump medium temperature,7899509.39075
capital,Link,DK1 0,heat<100 industry solid biomass,433.83885
capital,Link,DK1 0,heat>500 industry gas,31923.56223
capital,Link,DK1 0,heat>500 industry hydrogen,162.54857
capital,Link,DK1 0,home battery charger,4939.36936
capital,Link,DK1 0,methanolisation,48848218.40973
capital,Link,DK1 0,rural air heat pump,8945.55041
capital,Link,DK1 0,rural biomass boiler,13346304.31157
capital,Link,DK1 0,rural gas boiler,8738116.56526
capital,Link,DK1 0,rural ground heat pump,76641837.57963
capital,Link,DK1 0,rural resistive heater,498604.38621
capital,Link,DK1 0,urban central air heat pump,56250098.5265
capital,Link,DK1 0,urban central gas CHP,1893.04014
capital,Link,DK1 0,urban central gas boiler,24335019.43409
capital,Link,DK1 0,urban central resistive heater,2439184.12713
capital,Link,DK1 0,urban central solid biomass CHP,1484.34934
capital,Link,DK1 0,urban central solid biomass CHP CC,2286.61696
capital,Link,DK1 0,urban decentral air heat pump,144104422.90957
capital,Link,DK1 0,urban decentral biomass boiler,115903953.03065
capital,Link,DK1 0,urban decentral gas boiler,75884846.34495
capital,Link,DK1 0,urban decentral resistive heater,5937099.02502
capital,Link,DK1 0,waste CHP,1885.00497
capital,Link,EE0 0,CO2 pipeline,4709.07311
capital,Link,EE0 0,Combined-Cycle Gas,22634370.40193
capital,Link,EE0 0,DC,45728772.79243
capital,Link,EE0 0,H2 Electrolysis,1976.00589
capital,Link,EE0 0,Haber-Bosch,12180.25996
capital,Link,EE0 0,Open-Cycle Gas,1228.26737
capital,Link,EE0 0,SMR,249351.77146
capital,Link,EE0 0,Sabatier,793.59368
capital,Link,EE0 0,battery charger,3526.33676
capital,Link,EE0 0,biogas to gas,2556263.5689
capital,Link,EE0 0,biomass to liquid,199686832.83703
capital,Link,EE0 0,biomass-to-methanol,2625.62765
capital,Link,EE0 0,electricity distribution grid,81517736.56018
capital,Link,EE0 0,gas pipeline new,10497047.08512
capital,Link,EE0 0,heat100-200 industry electric boiler steam,366.696
capital,Link,EE0 0,heat100-200 industry gas,390691.08548
capital,Link,EE0 0,heat100-200 industry industrial heat pump high temperature,7625214.16217
capital,Link,EE0 0,heat100-200 industry solid biomass,9983.10876
capital,Link,EE0 0,heat200-500 industry gas,25233.42572
capital,Link,EE0 0,heat200-500 industry hydrogen,127.25795
capital,Link,EE0 0,heat200-500 industry solid biomass,379109.95371
capital,Link,EE0 0,heat<100 industry electric boiler steam,381.21323
capital,Link,EE0 0,heat<100 industry gas,353494.8754
capital,Link,EE0 0,heat<100 industry industrial heat pump medium temperature,6029851.8054
capital,Link,EE0 0,heat<100 industry solid biomass,52230.32269
capital,Link,EE0 0,heat>500 industry gas,36116.27816
capital,Link,EE0 0,heat>500 industry hydrogen,157.1558
capital,Link,EE0 0,home battery charger,5916.36247
capital,Link,EE0 0,methanolisation,206660.67822
capital,Link,EE0 0,rural air heat pump,3123.75047
capital,Link,EE0 0,rural biomass boiler,116113701.34955
capital,Link,EE0 0,rural gas boiler,8170029.12065
capital,Link,EE0 0,rural ground heat pump,81582302.53828
capital,Link,EE0 0,rural resistive heater,1113112.96836
capital,Link,EE0 0,urban central air heat pump,4508.82644
capital,Link,EE0 0,urban central gas CHP,1597.13273
capital,Link,EE0 0,urban central gas boiler,10106946.46219
capital,Link,EE0 0,urban central resistive heater,2111524.39254
capital,Link,EE0 0,urban central solid biomass CHP,42093137.37775
capital,Link,EE0 0,urban central solid biomass CHP CC,22556457.61039
capital,Link,EE0 0,urban decentral air heat pump,79927863.13134
capital,Link,EE0 0,urban decentral biomass boiler,120646504.9343
capital,Link,EE0 0,urban decentral gas boiler,8488967.68565
capital,Link,EE0 0,urban decentral resistive heater,3344086.02439
capital,Link,EE0 0,waste CHP,1928.28206
capital,Link,ES0 0,CO2 pipeline,21069.2646
capital,Link,ES0 0,Combined-Cycle Gas,1990311312.27394
capital,Link,ES0 0,DC,22990955.73546
capital,Link,ES0 0,EAF,2575.25778
capital,Link,ES0 0,H2 DRI,1680.78515
capital,Link,ES0 0,H2 Electrolysis,2179.40155
capital,Link,ES0 0,Haber-Bosch,19604.50866
capital,Link,ES0 0,Open-Cycle Gas,1272.91053
capital,Link,ES0 0,SMR,69351.11836
capital,Link,ES0 0,Sabatier,829.86889
capital,Link,ES0 0,battery charger,10595.76792
capital,Link,ES0 0,biogas to gas,53022184.65175
capital,Link,ES0 0,biomass to liquid,3650.24629
capital,Link,ES0 0,biomass-to-methanol,2547.51832
capital,Link,ES0 0,electricity distribution grid,2150678643.12445
capital,Link,ES0 0,gas DRI,2244.50093
capital,Link,ES0 0,gas pipeline,16166939.51152
capital,Link,ES0 0,gas pipeline new,2195.54665
capital,Link,ES0 0,heat100-200 industry electric boiler steam,466.1081
capital,Link,ES0 0,heat100-200 industry gas,20414195.03574
capital,Link,ES0 0,heat100-200 industry industrial heat pump high temperature,399064296.87197
capital,Link,ES0 0,heat100-200 industry solid biomass,1779.56211
capital,Link,ES0 0,heat200-500 industry gas,2176694.45474
capital,Link,ES0 0,heat200-500 industry hydrogen,96.20139
capital,Link,ES0 0,heat200-500 industry solid biomass,32759883.08116
capital,Link,ES0 0,heat<100 industry electric boiler steam,350.75153
capital,Link,ES0 0,heat<100 industry gas,6312787.97008
capital,Link,ES0 0,heat<100 industry industrial heat pump medium temperature,108679872.76117
capital,Link,ES0 0,heat<100 industry solid biomass,2196.52146
capital,Link,ES0 0,heat>500 industry gas,6127768.10799
capital,Link,ES0 0,heat>500 industry hydrogen,153.40961
capital,Link,ES0 0,home battery charger,4116.79531
capital,Link,ES0 0,methanolisation,48835.91568
capital,Link,ES0 0,rural air heat pump,8599.19602
capital,Link,ES0 0,rural biomass boiler,150348546.93644
capital,Link,ES0 0,rural gas boiler,343717956.87443
capital,Link,ES0 0,rural ground heat pump,557749995.83696
capital,Link,ES0 0,rural resistive heater,64678287.99839
capital,Link,ES0 0,urban central air heat pump,2568388.20032
capital,Link,ES0 0,urban central gas CHP,1882.08111
capital,Link,ES0 0,urban central gas boiler,26049854.83777
capital,Link,ES0 0,urban central resistive heater,3431928.07616
capital,Link,ES0 0,urban central solid biomass CHP,45291432.41404
capital,Link,ES0 0,urban central solid biomass CHP CC,156633940.59346
capital,Link,ES0 0,urban decentral air heat pump,170033227.19587
capital,Link,ES0 0,urban decentral biomass boiler,401748551.47694
capital,Link,ES0 0,urban decentral gas boiler,918453780.26362
capital,Link,ES0 0,urban decentral resistive heater,170540310.81504
capital,Link,ES0 0,waste CHP,2567.59415
capital,Link,ES6 0,Combined-Cycle Gas,972176764.55423
capital,Link,ES6 0,H2 Electrolysis,2084.54963
capital,Link,ES6 0,Haber-Bosch,33734784.77798
capital,Link,ES6 0,Open-Cycle Gas,1181.31683
capital,Link,ES6 0,SMR,21562840.39978
capital,Link,ES6 0,Sabatier,729.13375
capital,Link,ES6 0,battery charger,3659.10048
capital,Link,ES6 0,biogas to gas,424188.36543
capital,Link,ES6 0,biomass to liquid,1728.65572
capital,Link,ES6 0,biomass-to-methanol,2161.79962
capital,Link,ES6 0,electricity distribution grid,87121882.47691
capital,Link,ES6 0,gas pipeline,10706829.76057
capital,Link,ES6 0,gas pipeline new,2011336.31895
capital,Link,ES6 0,heat100-200 industry electric boiler steam,599.33601
capital,Link,ES6 0,heat100-200 industry gas,179851.37693
capital,Link,ES6 0,heat100-200 industry industrial heat pump high temperature,3514130.1375
capital,Link,ES6 0,heat100-200 industry solid biomass,689.27959
capital,Link,ES6 0,heat200-500 industry gas,17822.28145
capital,Link,ES6 0,heat200-500 industry hydrogen,172.22517
capital,Link,ES6 0,heat200-500 industry solid biomass,631.65592
capital,Link,ES6 0,heat<100 industry electric boiler steam,700.93274
capital,Link,ES6 0,heat<100 industry gas,62011.92782
capital,Link,ES6 0,heat<100 industry industrial heat pump medium temperature,1066271.82455
capital,Link,ES6 0,heat<100 industry solid biomass,743.85658
capital,Link,ES6 0,heat>500 industry gas,15152.47185
capital,Link,ES6 0,heat>500 industry hydrogen,181.87564
capital,Link,ES6 0,home battery charger,5695.23301
capital,Link,ES6 0,methanolisation,27925.79705
capital,Link,ES6 0,rural air heat pump,12641.20382
capital,Link,ES6 0,rural biomass boiler,2284593.40544
capital,Link,ES6 0,rural gas boiler,5222902.33998
capital,Link,ES6 0,rural ground heat pump,216292.43792
capital,Link,ES6 0,rural resistive heater,980350.41504
capital,Link,ES6 0,urban central air heat pump,3215.29507
capital,Link,ES6 0,urban central gas CHP,1335.16242
capital,Link,ES6 0,urban central gas boiler,949430.60308
capital,Link,ES6 0,urban central resistive heater,153075.73867
capital,Link,ES6 0,urban central solid biomass CHP,1468.27049
capital,Link,ES6 0,urban central solid biomass CHP CC,2327.29907
capital,Link,ES6 0,urban decentral air heat pump,6071421.40598
capital,Link,ES6 0,urban decentral biomass boiler,16331849.79431
capital,Link,ES6 0,urban decentral gas boiler,37336909.18644
capital,Link,ES6 0,urban decentral resistive heater,6936721.56297
capital,Link,ES6 0,waste CHP,1542.66007
capital,Link,EU,BOF,15784785284.11306
capital,Link,EU,OCGT methanol,56449.59769
capital,Link,EU,ammonia cracker,64945.76737
capital,Link,EU,coal,20296267908.05075
capital,Link,EU,lignite,17957020093.24562
capital,Link,EU,nuclear,76509097852.66687
capital,Link,EU,oil,56477.76895
capital,Link,EU,rural oil boiler,1283100906.1847
capital,Link,EU,urban decentral oil boiler,2788316961.51102
capital,Link,FI1 0,CO2 pipeline,7284.07944
capital,Link,FI1 0,Combined-Cycle Gas,283934122.6623
capital,Link,FI1 0,DC,39460326.07501
capital,Link,FI1 0,EAF,2340.53536
capital,Link,FI1 0,H2 DRI,1625.73099
capital,Link,FI1 0,H2 Electrolysis,1887.31
capital,Link,FI1 0,Haber-Bosch,11523.88405
capital,Link,FI1 0,Open-Cycle Gas,1212.06791
capital,Link,FI1 0,SMR,101834378.98764
capital,Link,FI1 0,Sabatier,806.67365
capital,Link,FI1 0,battery charger,3492.61372
capital,Link,FI1 0,biogas to gas,34438816.557
capital,Link,FI1 0,biomass to liquid,67764970.23821
capital,Link,FI1 0,biomass-to-methanol,2592.3194
capital,Link,FI1 0,electricity distribution grid,691786831.41602
capital,Link,FI1 0,gas DRI,2023.11016
capital,Link,FI1 0,heat100-200 industry electric boiler steam,329.03727
capital,Link,FI1 0,heat100-200 industry gas,1643335.01426
capital,Link,FI1 0,heat100-200 industry industrial heat pump high temperature,32117642.35106
capital,Link,FI1 0,heat100-200 industry solid biomass,5358.74419
capital,Link,FI1 0,heat200-500 industry gas,316667.91807
capital,Link,FI1 0,heat200-500 industry hydrogen,79.24011
capital,Link,FI1 0,heat200-500 industry solid biomass,4765897.47885
capital,Link,FI1 0,heat<100 industry electric boiler steam,395.75475
capital,Link,FI1 0,heat<100 industry gas,8594809.11817
capital,Link,FI1 0,heat<100 industry industrial heat pump medium temperature,147962176.52882
capital,Link,FI1 0,heat<100 industry solid biomass,7542.17278
capital,Link,FI1 0,heat>500 industry gas,302253.65812
capital,Link,FI1 0,heat>500 industry hydrogen,103.79169
capital,Link,FI1 0,home battery charger,5459.33402
capital,Link,FI1 0,methanolisation,87293127.06236
capital,Link,FI1 0,rural air heat pump,2851.09897
capital,Link,FI1 0,rural biomass boiler,177969373.67851
capital,Link,FI1 0,rural gas boiler,36303714.00925
capital,Link,FI1 0,rural ground heat pump,489134359.04811
capital,Link,FI1 0,rural resistive heater,20778289.44193
capital,Link,FI1 0,urban central air heat pump,3159.63351
capital,Link,FI1 0,urban central gas CHP,1464.76199
capital,Link,FI1 0,urban central gas boiler,74737588.58661
capital,Link,FI1 0,urban central resistive heater,2896.29642
capital,Link,FI1 0,urban central solid biomass CHP,389666153.46151
capital,Link,FI1 0,urban central solid biomass CHP CC,206511763.64769
capital,Link,FI1 0,urban decentral air heat pump,728179120.53111
capital,Link,FI1 0,urban decentral biomass boiler,607077252.34148
capital,Link,FI1 0,urban decentral gas boiler,194761401.11078
capital,Link,FI1 0,urban decentral resistive heater,82029820.69921
capital,Link,FI1 0,waste CHP,2168.53594
capital,Link,FR0 0,CO2 pipeline,12248.52964
capital,Link,FR0 0,Combined-Cycle Gas,373569404.04691
capital,Link,FR0 0,EAF,2713.06198
capital,Link,FR0 0,H2 DRI,1684.3318
capital,Link,FR0 0,H2 Electrolysis,2028.84596
capital,Link,FR0 0,Haber-Bosch,203198.84811
capital,Link,FR0 0,Open-Cycle Gas,1296.61736
capital,Link,FR0 0,SMR,174626.6373
capital,Link,FR0 0,Sabatier,772.81924
capital,Link,FR0 0,battery charger,3662.17642
capital,Link,FR0 0,biogas to gas,60513772.35966
capital,Link,FR0 0,biomass to liquid,2558.64909
capital,Link,FR0 0,biomass-to-methanol,2445.46237
capital,Link,FR0 0,electricity distribution grid,1808606373.47936
capital,Link,FR0 0,gas DRI,2399.99252
capital,Link,FR0 0,gas pipeline,68453861.2305
capital,Link,FR0 0,heat100-200 industry electric boiler steam,384.58909
capital,Link,FR0 0,heat100-200 industry gas,9593207.20441
capital,Link,FR0 0,heat100-200 industry industrial heat pump high temperature,187530786.45806
capital,Link,FR0 0,heat100-200 industry solid biomass,904.0535
capital,Link,FR0 0,heat200-500 industry gas,866076.49151
capital,Link,FR0 0,heat200-500 industry hydrogen,84.21105
capital,Link,FR0 0,heat200-500 industry solid biomass,13034192.17308
capital,Link,FR0 0,heat<100 industry electric boiler steam,364.63435
capital,Link,FR0 0,heat<100 industry gas,6740663.62566
capital,Link,FR0 0,heat<100 industry industrial heat pump medium temperature,116047527.54591
capital,Link,FR0 0,heat<100 industry solid biomass,972.79314
capital,Link,FR0 0,heat>500 industry gas,2051144.23628
capital,Link,FR0 0,heat>500 industry hydrogen,115.67245
capital,Link,FR0 0,home battery charger,11003.21642
capital,Link,FR0 0,methanolisation,38367.79263
capital,Link,FR0 0,rural air heat pump,7159.42588
capital,Link,FR0 0,rural biomass boiler,136134288.19701
capital,Link,FR0 0,rural gas boiler,167895791.40835
capital,Link,FR0 0,rural ground heat pump,600508879.60945
capital,Link,FR0 0,rural resistive heater,25213075.08774
capital,Link,FR0 0,urban central air heat pump,40236142.75392
capital,Link,FR0 0,urban central gas CHP,2067.76271
capital,Link,FR0 0,urban central gas boiler,90354451.44018
capital,Link,FR0 0,urban central resistive heater,3416035.31968
capital,Link,FR0 0,urban central solid biomass CHP,45547021.47748
capital,Link,FR0 0,urban central solid biomass CHP CC,38403.48297
capital,Link,FR0 0,urban decentral air heat pump,2449002789.27754
capital,Link,FR0 0,urban decentral biomass boiler,980162562.94722
capital,Link,FR0 0,urban decentral gas boiler,1208844380.01913
capital,Link,FR0 0,urban decentral resistive heater,188555735.20148
capital,Link,FR0 0,waste CHP,2792.83611
capital,Link,FR0 1,CO2 pipeline,7681.05307
capital,Link,FR0 1,Combined-Cycle Gas,245413671.92107
capital,Link,FR0 1,EAF,2600.6585
capital,Link,FR0 1,H2 DRI,1641.23425
capital,Link,FR0 1,H2 Electrolysis,2017.45246
capital,Link,FR0 1,Haber-Bosch,712703.17436
capital,Link,FR0 1,Open-Cycle Gas,1280.85833
capital,Link,FR0 1,SMR,492639.42391
capital,Link,FR0 1,Sabatier,797.66941
capital,Link,FR0 1,battery charger,3773.23056
capital,Link,FR0 1,biogas to gas,20688288.01624
capital,Link,FR0 1,biomass to liquid,2449.05706
capital,Link,FR0 1,biomass-to-methanol,2431.40774
capital,Link,FR0 1,electricity distribution grid,1081245168.94537
capital,Link,FR0 1,gas DRI,2312.80914
capital,Link,FR0 1,gas pipeline,21926857.87791
capital,Link,FR0 1,heat100-200 industry electric boiler steam,349.30205
capital,Link,FR0 1,heat100-200 industry gas,6312787.97816
capital,Link,FR0 1,heat100-200 industry industrial heat pump high temperature,123403878.18271
capital,Link,FR0 1,heat100-200 industry solid biomass,778.34383
capital,Link,FR0 1,heat200-500 industry gas,639601.70923
capital,Link,FR0 1,heat200-500 industry hydrogen,89.84126
capital,Link,FR0 1,heat200-500 industry solid biomass,5155170.63425
capital,Link,FR0 1,heat<100 industry electric boiler steam,340.0039
capital,Link,FR0 1,heat<100 industry gas,4843123.15674
capital,Link,FR0 1,heat<100 industry industrial heat pump medium temperature,83378888.57563
capital,Link,FR0 1,heat<100 industry solid biomass,846.88155
capital,Link,FR0 1,heat>500 industry gas,1940003.28581
capital,Link,FR0 1,heat>500 industry hydrogen,114.02466
capital,Link,FR0 1,home battery charger,12313.65094
capital,Link,FR0 1,methanolisation,32407.39063
capital,Link,FR0 1,rural air heat pump,7668.39763
capital,Link,FR0 1,rural biomass boiler,112752538.95144
capital,Link,FR0 1,rural gas boiler,139058844.11102
capital,Link,FR0 1,rural ground heat pump,417293840.88024
capital,Link,FR0 1,rural resistive heater,21567336.76175
capital,Link,FR0 1,urban central air heat pump,46696239.29325
capital,Link,FR0 1,urban central gas CHP,2047.25989
capital,Link,FR0 1,urban central gas boiler,42082296.93448
capital,Link,FR0 1,urban central resistive heater,1909942.73388
capital,Link,FR0 1,urban central solid biomass CHP,18504.43608
capital,Link,FR0 1,urban central solid biomass CHP CC,19730.78157
capital,Link,FR0 1,urban decentral air heat pump,1233200262.57349
capital,Link,FR0 1,urban decentral biomass boiler,470247529.49717
capital,Link,FR0 1,urban decentral gas boiler,579961023.54824
capital,Link,FR0 1,urban decentral resistive heater,90236448.85482
capital,Link,FR0 1,waste CHP,2774.15429
capital,Link,FR0 2,CO2 pipeline,2276.88577
capital,Link,FR0 2,Combined-Cycle Gas,17206228.97747
capital,Link,FR0 2,DC,78516758.93583
capital,Link,FR0 2,H2 Electrolysis,1991.48203
capital,Link,FR0 2,Haber-Bosch,9584.57234
capital,Link,FR0 2,Open-Cycle Gas,1295.8729
capital,Link,FR0 2,SMR,81676.71189
capital,Link,FR0 2,Sabatier,800.80386
capital,Link,FR0 2,battery charger,3724.66843
capital,Link,FR0 2,biogas to gas,35803349.84529
capital,Link,FR0 2,biomass to liquid,58882317.62123
capital,Link,FR0 2,biomass-to-methanol,2690.47007
capital,Link,FR0 2,electricity distribution grid,751218008.88664
capital,Link,FR0 2,gas pipeline,64004471.04187
capital,Link,FR0 2,heat100-200 industry electric boiler steam,318.18492
capital,Link,FR0 2,heat100-200 industry gas,3534677.62462
capital,Link,FR0 2,heat100-200 industry industrial heat pump high temperature,27584.53645
capital,Link,FR0 2,heat100-200 industry solid biomass,56725227.92202
capital,Link,FR0 2,heat200-500 industry gas,320861.32109
capital,Link,FR0 2,heat200-500 industry hydrogen,73.61083
capital,Link,FR0 2,heat200-500 industry solid biomass,4829004.77492
capital,Link,FR0 2,heat<100 industry electric boiler steam,307.13302
capital,Link,FR0 2,heat<100 industry gas,2232438.28967
capital,Link,FR0 2,heat<100 industry industrial heat pump medium temperature,5812.29881
capital,Link,FR0 2,heat<100 industry solid biomass,35835319.99848
capital,Link,FR0 2,heat>500 industry gas,843268.10228
capital,Link,FR0 2,heat>500 industry hydrogen,101.33341
capital,Link,FR0 2,home battery charger,12649.93288
capital,Link,FR0 2,methanolisation,64827.79534
capital,Link,FR0 2,rural air heat pump,7071.73634
capital,Link,FR0 2,rural biomass boiler,327709430.24644
capital,Link,FR0 2,rural gas boiler,404167347.34442
capital,Link,FR0 2,rural ground heat pump,801394884.82495
capital,Link,FR0 2,rural resistive heater,65959988.45916
capital,Link,FR0 2,urban central air heat pump,4688.9849
capital,Link,FR0 2,urban central gas CHP,1991.01053
capital,Link,FR0 2,urban central gas boiler,19775393.17989
capital,Link,FR0 2,urban central resistive heater,1244663.65989
capital,Link,FR0 2,urban central solid biomass CHP,84765035.90415
capital,Link,FR0 2,urban central solid biomass CHP CC,187570.46694
capital,Link,FR0 2,urban decentral air heat pump,868924007.81964
capital,Link,FR0 2,urban decentral biomass boiler,217137873.43189
capital,Link,FR0 2,urban decentral gas boiler,267798330.51181
capital,Link,FR0 2,urban decentral resistive heater,40479560.10669
capital,Link,FR0 2,waste CHP,2299.29616
capital,Link,FR0 3,CO2 pipeline,4548.88121
capital,Link,FR0 3,Combined-Cycle Gas,169651954.89975
capital,Link,FR0 3,DC,49492073.28417
capital,Link,FR0 3,H2 Electrolysis,2023.13168
capital,Link,FR0 3,Haber-Bosch,17246.47286
capital,Link,FR0 3,Open-Cycle Gas,1319.1905
capital,Link,FR0 3,SMR,28797799.60854
capital,Link,FR0 3,Sabatier,787.01132
capital,Link,FR0 3,battery charger,3660.9206
capital,Link,FR0 3,biogas to gas,34267521.55428
capital,Link,FR0 3,biomass to liquid,4975.63877
capital,Link,FR0 3,biomass-to-methanol,2603.73156
capital,Link,FR0 3,electricity distribution grid,777798326.09798
capital,Link,FR0 3,gas pipeline,21884890.96173
capital,Link,FR0 3,heat100-200 industry electric boiler steam,328.02638
capital,Link,FR0 3,heat100-200 industry gas,3435461.01913
capital,Link,FR0 3,heat100-200 industry industrial heat pump high temperature,67154670.91334
capital,Link,FR0 3,heat100-200 industry solid biomass,2265.11703
capital,Link,FR0 3,heat200-500 industry gas,289410.7962
capital,Link,FR0 3,heat200-500 industry hydrogen,86.37699
capital,Link,FR0 3,heat200-500 industry solid biomass,4355551.88433
capital,Link,FR0 3,heat<100 industry electric boiler steam,329.72709
capital,Link,FR0 3,heat<100 industry gas,2536295.74404
capital,Link,FR0 3,heat<100 industry industrial heat pump medium temperature,43661567.16156
capital,Link,FR0 3,heat<100 industry solid biomass,3187.38702
capital,Link,FR0 3,heat>500 industry gas,753100.09135
capital,Link,FR0 3,heat>500 industry hydrogen,100.26587
capital,Link,FR0 3,home battery charger,11328.7446
capital,Link,FR0 3,methanolisation,24678081.83675
capital,Link,FR0 3,rural air heat pump,7802.45788
capital,Link,FR0 3,rural biomass boiler,108854511.3977
capital,Link,FR0 3,rural gas boiler,134251367.39274
capital,Link,FR0 3,rural ground heat pump,363323827.76414
capital,Link,FR0 3,rural resistive heater,20897116.04645
capital,Link,FR0 3,urban central air heat pump,8822.17536
capital,Link,FR0 3,urban central gas CHP,2098.23934
capital,Link,FR0 3,urban central gas boiler,33851162.40379
capital,Link,FR0 3,urban central resistive heater,1553785.69171
capital,Link,FR0 3,urban central solid biomass CHP,95189793.09996
capital,Link,FR0 3,urban central solid biomass CHP CC,58388826.4709
capital,Link,FR0 3,urban decentral air heat pump,1099350158.96858
capital,Link,FR0 3,urban decentral biomass boiler,415638409.3504
capital,Link,FR0 3,urban decentral gas boiler,512611044.59299
capital,Link,FR0 3,urban decentral resistive heater,79157038.55522
capital,Link,FR0 3,waste CHP,2355.63444
capital,Link,FR0 4,CO2 pipeline,2427.77827
capital,Link,FR0 4,Combined-Cycle Gas,128156293.69045
capital,Link,FR0 4,H2 Electrolysis,2027.75394
capital,Link,FR0 4,Haber-Bosch,8643.83357
capital,Link,FR0 4,Open-Cycle Gas,1267.76644
capital,Link,FR0 4,SMR,31061.19637
capital,Link,FR0 4,Sabatier,773.46573
capital,Link,FR0 4,battery charger,3733.96708
capital,Link,FR0 4,biogas to gas,26902152.09232
capital,Link,FR0 4,biomass to liquid,11378.84587
capital,Link,FR0 4,biomass-to-methanol,2674.5901
capital,Link,FR0 4,electricity distribution grid,563079680.87599
capital,Link,FR0 4,gas pipeline,93289786.40961
capital,Link,FR0 4,heat100-200 industry electric boiler steam,328.52715
capital,Link,FR0 4,heat100-200 industry gas,4979531.37321
capital,Link,FR0 4,heat100-200 industry industrial heat pump high temperature,97336257.54092
capital,Link,FR0 4,heat100-200 industry solid biomass,4848.03736
capital,Link,FR0 4,heat200-500 industry gas,390057.88418
capital,Link,FR0 4,heat200-500 industry hydrogen,73.51974
capital,Link,FR0 4,heat200-500 industry solid biomass,5870476.48568
capital,Link,FR0 4,heat<100 industry electric boiler steam,316.93738
capital,Link,FR0 4,heat<100 industry gas,3348649.70692
capital,Link,FR0 4,heat<100 industry industrial heat pump medium temperature,13550867.88714
capital,Link,FR0 4,heat<100 industry solid biomass,41124672.10177
capital,Link,FR0 4,heat>500 industry gas,1407365.29012
capital,Link,FR0 4,heat>500 industry hydrogen,106.58575
capital,Link,FR0 4,home battery charger,11662.13473
capital,Link,FR0 4,methanolisation,22158.46774
capital,Link,FR0 4,rural air heat pump,6597.74317
capital,Link,FR0 4,rural biomass boiler,171871655.89474
capital,Link,FR0 4,rural gas boiler,211971047.62725
capital,Link,FR0 4,rural ground heat pump,470600620.66768
capital,Link,FR0 4,rural resistive heater,34403739.3955
capital,Link,FR0 4,urban central air heat pump,4238.9673
capital,Link,FR0 4,urban central gas CHP,1909.01842
capital,Link,FR0 4,urban central gas boiler,14094288.51055
capital,Link,FR0 4,urban central resistive heater,970281.92022
capital,Link,FR0 4,urban central solid biomass CHP,87165692.39257
capital,Link,FR0 4,urban central solid biomass CHP CC,58156.64517
capital,Link,FR0 4,urban decentral air heat pump,619542966.02492
capital,Link,FR0 4,urban decentral biomass boiler,177380645.52345
capital,Link,FR0 4,urban decentral gas boiler,218765340.12934
capital,Link,FR0 4,urban decentral resistive heater,33657852.81331
capital,Link,FR0 4,waste CHP,2275.63722
capital,Link,FR5 0,CO2 pipeline,5959.9906
capital,Link,FR5 0,Combined-Cycle Gas,24206192.74345
capital,Link,FR5 0,DC,11220855.84172
capital,Link,FR5 0,H2 Electrolysis,1879.42909
capital,Link,FR5 0,Haber-Bosch,3783.99973
capital,Link,FR5 0,Open-Cycle Gas,1309.51096
capital,Link,FR5 0,SMR,9946.67457
capital,Link,FR5 0,Sabatier,749.85132
capital,Link,FR5 0,battery charger,9704.56885
capital,Link,FR5 0,biogas to gas,427520.99581
capital,Link,FR5 0,biomass to liquid,2339.83253
capital,Link,FR5 0,biomass-to-methanol,2541.32166
capital,Link,FR5 0,electricity distribution grid,40872924.92564
capital,Link,FR5 0,gas pipeline new,10176081.94777
capital,Link,FR5 0,heat100-200 industry electric boiler steam,417.3434
capital,Link,FR5 0,heat100-200 industry gas,55827.33772
capital,Link,FR5 0,heat100-200 industry industrial heat pump high temperature,1088117.83484
capital,Link,FR5 0,heat100-200 industry solid biomass,2090.16269
capital,Link,FR5 0,heat200-500 industry gas,6308.46502
capital,Link,FR5 0,heat200-500 industry hydrogen,168.47181
capital,Link,FR5 0,heat200-500 industry solid biomass,75424.4147
capital,Link,FR5 0,heat<100 industry electric boiler steam,432.66437
capital,Link,FR5 0,heat<100 industry gas,43420.45516
capital,Link,FR5 0,heat<100 industry industrial heat pump medium temperature,744529.98876
capital,Link,FR5 0,heat<100 industry solid biomass,2308.06801
capital,Link,FR5 0,heat>500 industry gas,2295.27505
capital,Link,FR5 0,heat>500 industry hydrogen,191.75454
capital,Link,FR5 0,home battery charger,58708.44127
capital,Link,FR5 0,methanolisation,5757.51371
capital,Link,FR5 0,rural air heat pump,12110.37586
capital,Link,FR5 0,rural biomass boiler,19552049.29846
capital,Link,FR5 0,rural gas boiler,24113739.70582
capital,Link,FR5 0,rural ground heat pump,40180874.8048
capital,Link,FR5 0,rural resistive heater,3995317.1278
capital,Link,FR5 0,urban decentral air heat pump,1620.9086
capital,Link,FR5 0,urban decentral biomass boiler,1371.78401
capital,Link,FR5 0,urban decentral gas boiler,1352.38431
capital,Link,FR5 0,urban decentral resistive heater,1212.07312
capital,Link,FR5 0,waste CHP,1486.13551
capital,Link,GB2 0,CO2 pipeline,9687.12809
capital,Link,GB2 0,Combined-Cycle Gas,521404719.08278
capital,Link,GB2 0,DC,21181658.5042
capital,Link,GB2 0,H2 Electrolysis,2258.83629
capital,Link,GB2 0,Haber-Bosch,116612734.95582
capital,Link,GB2 0,Open-Cycle Gas,1232.59973
capital,Link,GB2 0,SMR,201749365.67643
capital,Link,GB2 0,Sabatier,790.04936
capital,Link,GB2 0,battery charger,3600.5313
capital,Link,GB2 0,biogas to gas,183763809.4555
capital,Link,GB2 0,biomass to liquid,4106.27456
capital,Link,GB2 0,biomass-to-methanol,2720.31029
capital,Link,GB2 0,electricity distribution grid,813964545.19981
capital,Link,GB2 0,gas pipeline,71839559.09284
capital,Link,GB2 0,gas pipeline new,3599083.32554
capital,Link,GB2 0,heat100-200 industry electric boiler steam,407.6471
capital,Link,GB2 0,heat100-200 industry gas,9196325.73922
capital,Link,GB2 0,heat100-200 industry industrial heat pump high temperature,179772065.89101
capital,Link,GB2 0,heat100-200 industry solid biomass,1311.70199
capital,Link,GB2 0,heat200-500 industry gas,901722.31693
capital,Link,GB2 0,heat200-500 industry hydrogen,85.03166
capital,Link,GB2 0,heat200-500 industry solid biomass,13570999.63134
capital,Link,GB2 0,heat<100 industry electric boiler steam,384.70216
capital,Link,GB2 0,heat<100 industry gas,6560832.88634
capital,Link,GB2 0,heat<100 industry industrial heat pump medium temperature,112951011.14353
capital,Link,GB2 0,heat<100 industry solid biomass,1470.97308
capital,Link,GB2 0,heat>500 industry gas,1566732.23246
capital,Link,GB2 0,heat>500 industry hydrogen,108.0073
capital,Link,GB2 0,home battery charger,3662.57307
capital,Link,GB2 0,methanolisation,109154400.53546
capital,Link,GB2 0,rural air heat pump,7352.50174
capital,Link,GB2 0,rural biomass boiler,14835335.98386
capital,Link,GB2 0,rural gas boiler,647217887.81018
capital,Link,GB2 0,rural ground heat pump,24488303.83648
capital,Link,GB2 0,rural resistive heater,6996644.19804
capital,Link,GB2 0,urban central air heat pump,22030431.07399
capital,Link,GB2 0,urban central gas CHP,1683.92989
capital,Link,GB2 0,urban central gas boiler,21575271.9067
capital,Link,GB2 0,urban central resistive heater,4465944.56739
capital,Link,GB2 0,urban central solid biomass CHP,39678.34064
capital,Link,GB2 0,urban central solid biomass CHP CC,258219748.71918
capital,Link,GB2 0,urban decentral air heat pump,52148415.66203
capital,Link,GB2 0,urban decentral biomass boiler,43286723.60598
capital,Link,GB2 0,urban decentral gas boiler,1888460217.75071
capital,Link,GB2 0,urban decentral resistive heater,22572947.4603
capital,Link,GB2 0,waste CHP,2461.24639
capital,Link,GB2 1,CO2 pipeline,2221.02257
capital,Link,GB2 1,Combined-Cycle Gas,2700240700.37628
capital,Link,GB2 1,DC,336043079.24158
capital,Link,GB2 1,EAF,2455.3349
capital,Link,GB2 1,H2 DRI,1596.95405
capital,Link,GB2 1,H2 Electrolysis,2217.79753
capital,Link,GB2 1,Haber-Bosch,181514196.94439
capital,Link,GB2 1,Open-Cycle Gas,1240.25664
capital,Link,GB2 1,SMR,230104742.49686
capital,Link,GB2 1,Sabatier,804.69631
capital,Link,GB2 1,battery charger,3587.08469
capital,Link,GB2 1,biogas to gas,298102167.5847
capital,Link,GB2 1,biomass to liquid,3410.29932
capital,Link,GB2 1,biomass-to-methanol,2694.0725
capital,Link,GB2 1,electricity distribution grid,1491638791.57692
capital,Link,GB2 1,gas DRI,2188.01281
capital,Link,GB2 1,gas pipeline,83822228.1183
capital,Link,GB2 1,heat100-200 industry electric boiler steam,413.17127
capital,Link,GB2 1,heat100-200 industry gas,10709447.00281
capital,Link,GB2 1,heat100-200 industry industrial heat pump high temperature,209350691.04807
capital,Link,GB2 1,heat100-200 industry solid biomass,1163.36673
capital,Link,GB2 1,heat200-500 industry gas,1201587.76041
capital,Link,GB2 1,heat200-500 industry hydrogen,91.77575
capital,Link,GB2 1,heat200-500 industry solid biomass,18084100.47606
capital,Link,GB2 1,heat<100 industry electric boiler steam,388.49116
capital,Link,GB2 1,heat<100 industry gas,7794898.16286
capital,Link,GB2 1,heat<100 industry industrial heat pump medium temperature,134196607.0476
capital,Link,GB2 1,heat<100 industry solid biomass,1242.0211
capital,Link,GB2 1,heat>500 industry gas,740509.83505
capital,Link,GB2 1,heat>500 industry hydrogen,101.04521
capital,Link,GB2 1,home battery charger,3658.61311
capital,Link,GB2 1,methanolisation,97954233.59279
capital,Link,GB2 1,rural air heat pump,5290.22788
capital,Link,GB2 1,rural biomass boiler,15075217.47212
capital,Link,GB2 1,rural gas boiler,657683143.89383
capital,Link,GB2 1,rural ground heat pump,57039064.77026
capital,Link,GB2 1,rural resistive heater,6422775.70905
capital,Link,GB2 1,urban central air heat pump,113917368.20943
capital,Link,GB2 1,urban central gas CHP,1735.0025
capital,Link,GB2 1,urban central gas boiler,69148642.09742
capital,Link,GB2 1,urban central resistive heater,10669006.18998
capital,Link,GB2 1,urban central solid biomass CHP,355903.87494
capital,Link,GB2 1,urban central solid biomass CHP CC,231798949.42193
capital,Link,GB2 1,urban decentral air heat pump,124219738.85765
capital,Link,GB2 1,urban decentral biomass boiler,119606481.90485
capital,Link,GB2 1,urban decentral gas boiler,5218045258.36705
capital,Link,GB2 1,urban decentral resistive heater,48341437.7416
capital,Link,GB2 1,waste CHP,2568.90145
capital,Link,GB3 0,CO2 pipeline,2211.11835
capital,Link,GB3 0,Combined-Cycle Gas,366810636.27546
capital,Link,GB3 0,DC,16041627.32214
capital,Link,GB3 0,H2 Electrolysis,2303.10143
capital,Link,GB3 0,Haber-Bosch,10767.15056
capital,Link,GB3 0,Open-Cycle Gas,1228.19052
capital,Link,GB3 0,SMR,5945973.21593
capital,Link,GB3 0,Sabatier,784.67342
capital,Link,GB3 0,battery charger,3563.5674
capital,Link,GB3 0,biogas to gas,22121094.52235
capital,Link,GB3 0,biomass to liquid,14452244.64724
capital,Link,GB3 0,biomass-to-methanol,2657.87637
capital,Link,GB3 0,electricity distribution grid,86369617.01003
capital,Link,GB3 0,gas pipeline,6485038.20645
capital,Link,GB3 0,gas pipeline new,629961.17603
capital,Link,GB3 0,heat100-200 industry electric boiler steam,297.87471
capital,Link,GB3 0,heat100-200 industry gas,471316.55025
capital,Link,GB3 0,heat100-200 industry industrial heat pump high temperature,9203801.60825
capital,Link,GB3 0,heat100-200 industry solid biomass,7674.20046
capital,Link,GB3 0,heat200-500 industry gas,54535.49594
capital,Link,GB3 0,heat200-500 industry hydrogen,125.03869
capital,Link,GB3 0,heat200-500 industry solid biomass,820818.81416
capital,Link,GB3 0,heat<100 industry electric boiler steam,316.74045
capital,Link,GB3 0,heat<100 industry gas,353494.99382
capital,Link,GB3 0,heat<100 industry industrial heat pump medium temperature,6059871.59311
capital,Link,GB3 0,heat<100 industry solid biomass,24198.21601
capital,Link,GB3 0,heat>500 industry gas,52842.47602
capital,Link,GB3 0,heat>500 industry hydrogen,145.07098
capital,Link,GB3 0,home battery charger,3640.07601
capital,Link,GB3 0,methanolisation,5091535.36418
capital,Link,GB3 0,rural air heat pump,7288.44851
capital,Link,GB3 0,rural biomass boiler,3526067.39012
capital,Link,GB3 0,rural gas boiler,153830954.08085
capital,Link,GB3 0,rural ground heat pump,2020564.81348
capital,Link,GB3 0,rural resistive heater,3301457.54028
capital,Link,GB3 0,urban central air heat pump,23897.704
capital,Link,GB3 0,urban central gas CHP,1690.45665
capital,Link,GB3 0,urban central gas boiler,742942.89654
capital,Link,GB3 0,urban central resistive heater,223386.43125
capital,Link,GB3 0,urban central solid biomass CHP,1454337.06134
capital,Link,GB3 0,urban central solid biomass CHP CC,12056162.689
capital,Link,GB3 0,urban decentral air heat pump,4196267.25957
capital,Link,GB3 0,urban decentral biomass boiler,1620567.17355
capital,Link,GB3 0,urban decentral gas boiler,70700121.94257
capital,Link,GB3 0,urban decentral resistive heater,1523917.17429
capital,Link,GB3 0,waste CHP,1865.46962
capital,Link,GR0 0,CO2 pipeline,7129.51592
capital,Link,GR0 0,Combined-Cycle Gas,812211962.99353
capital,Link,GR0 0,H2 Electrolysis,2095.90761
capital,Link,GR0 0,Haber-Bosch,45494.60491
capital,Link,GR0 0,Open-Cycle Gas,1242.25851
capital,Link,GR0 0,SMR,59575.0541
capital,Link,GR0 0,Sabatier,812.27307
capital,Link,GR0 0,battery charger,6194.27124
capital,Link,GR0 0,biogas to gas,22955348.23185
capital,Link,GR0 0,biomass to liquid,1844.10239
capital,Link,GR0 0,biomass-to-methanol,2153.08181
capital,Link,GR0 0,electricity distribution grid,424677313.28956
capital,Link,GR0 0,gas pipeline new,14877.35224
capital,Link,GR0 0,heat100-200 industry electric boiler steam,310.17416
capital,Link,GR0 0,heat100-200 industry gas,1296055.93595
capital,Link,GR0 0,heat100-200 industry industrial heat pump high temperature,25334484.00019
capital,Link,GR0 0,heat100-200 industry solid biomass,608.76563
capital,Link,GR0 0,heat200-500 industry gas,126879.2727
capital,Link,GR0 0,heat200-500 industry hydrogen,132.69718
capital,Link,GR0 0,heat200-500 industry solid biomass,457.07141
capital,Link,GR0 0,heat<100 industry electric boiler steam,364.58975
capital,Link,GR0 0,heat<100 industry gas,626316.05558
capital,Link,GR0 0,heat<100 industry industrial heat pump medium temperature,10781701.48807
capital,Link,GR0 0,heat<100 industry solid biomass,749.70479
capital,Link,GR0 0,heat>500 industry gas,753102.12015
capital,Link,GR0 0,heat>500 industry hydrogen,98.92785
capital,Link,GR0 0,home battery charger,5136.90229
capital,Link,GR0 0,methanolisation,26198.25118
capital,Link,GR0 0,rural air heat pump,8954.19978
capital,Link,GR0 0,rural biomass boiler,110693083.23505
capital,Link,GR0 0,rural gas boiler,24154654.19048
capital,Link,GR0 0,rural ground heat pump,53094.67998
capital,Link,GR0 0,rural resistive heater,7936064.6487
capital,Link,GR0 0,urban central air heat pump,10188171.77547
capital,Link,GR0 0,urban central gas CHP,1986.77443
capital,Link,GR0 0,urban central gas boiler,14133964.6519
capital,Link,GR0 0,urban central resistive heater,1990777.82077
capital,Link,GR0 0,urban central solid biomass CHP,2023.20119
capital,Link,GR0 0,urban central solid biomass CHP CC,3584.12278
capital,Link,GR0 0,urban decentral air heat pump,4127.71011
capital,Link,GR0 0,urban decentral biomass boiler,366606159.38552
capital,Link,GR0 0,urban decentral gas boiler,79998178.2534
capital,Link,GR0 0,urban decentral resistive heater,26283530.45465
capital,Link,GR0 0,waste CHP,2621.51688
capital,Link,HR0 0,CO2 pipeline,6779.75027
capital,Link,HR0 0,Combined-Cycle Gas,81295523.45132
capital,Link,HR0 0,H2 Electrolysis,1904.80106
capital,Link,HR0 0,Haber-Bosch,6204.11618
capital,Link,HR0 0,Open-Cycle Gas,1240.82069
capital,Link,HR0 0,SMR,20033.12682
capital,Link,HR0 0,Sabatier,779.95042
capital,Link,HR0 0,battery charger,4150.3124
capital,Link,HR0 0,biogas to gas,15102471.04204
capital,Link,HR0 0,biomass to liquid,85521404.4268
capital,Link,HR0 0,biomass-to-methanol,2695.96812
capital,Link,HR0 0,electricity distribution grid,135434843.0802
capital,Link,HR0 0,gas pipeline,3320220.82253
capital,Link,HR0 0,gas pipeline new,7361.93683
capital,Link,HR0 0,heat100-200 industry electric boiler steam,290.34509
capital,Link,HR0 0,heat100-200 industry gas,837173.75753
capital,Link,HR0 0,heat100-200 industry industrial heat pump high temperature,5918.51
capital,Link,HR0 0,heat100-200 industry solid biomass,13435525.02505
capital,Link,HR0 0,heat200-500 industry gas,71303.64821
capital,Link,HR0 0,heat200-500 industry hydrogen,102.75368
capital,Link,HR0 0,heat200-500 industry solid biomass,1073374.39214
capital,Link,HR0 0,heat<100 industry electric boiler steam,252.15119
capital,Link,HR0 0,heat<100 industry gas,911586.13374
capital,Link,HR0 0,heat<100 industry industrial heat pump medium temperature,3346.33743
capital,Link,HR0 0,heat<100 industry solid biomass,14631905.93687
capital,Link,HR0 0,heat>500 industry gas,222573.06414
capital,Link,HR0 0,heat>500 industry hydrogen,110.64404
capital,Link,HR0 0,home battery charger,3547.70442
capital,Link,HR0 0,methanolisation,13727.74569
capital,Link,HR0 0,rural air heat pump,5500.0192
capital,Link,HR0 0,rural biomass boiler,104363212.03885
capital,Link,HR0 0,rural gas boiler,195679247.3154
capital,Link,HR0 0,rural ground heat pump,17174.43539
capital,Link,HR0 0,rural resistive heater,3920665.56871
capital,Link,HR0 0,urban central air heat pump,4095.84646
capital,Link,HR0 0,urban central gas CHP,1995.10809
capital,Link,HR0 0,urban central gas boiler,6778516.76809
capital,Link,HR0 0,urban central resistive heater,349562.04311
capital,Link,HR0 0,urban central solid biomass CHP,30812511.89209
capital,Link,HR0 0,urban central solid biomass CHP CC,63828.05788
capital,Link,HR0 0,urban decentral air heat pump,3834.31736
capital,Link,HR0 0,urban decentral biomass boiler,106759292.28643
capital,Link,HR0 0,urban decentral gas boiler,200171857.0214
capital,Link,HR0 0,urban decentral resistive heater,4010676.89574
capital,Link,HR0 0,waste CHP,2122.11468
capital,Link,HU0 0,CO2 pipeline,9033.07227
capital,Link,HU0 0,Combined-Cycle Gas,217613393.33221
capital,Link,HU0 0,EAF,2147.06855
capital,Link,HU0 0,H2 DRI,1504.12316
capital,Link,HU0 0,H2 Electrolysis,1881.93335
capital,Link,HU0 0,Haber-Bosch,8204.82615
capital,Link,HU0 0,Open-Cycle Gas,1273.91895
capital,Link,HU0 0,SMR,32836.89219
capital,Link,HU0 0,Sabatier,795.60638
capital,Link,HU0 0,battery charger,4108.79446
capital,Link,HU0 0,biogas to gas,16608154.00182
capital,Link,HU0 0,biomass to liquid,4454.1614
capital,Link,HU0 0,biomass-to-methanol,2563.4598
capital,Link,HU0 0,electricity distribution grid,302301786.70582
capital,Link,HU0 0,gas DRI,1920.52482
capital,Link,HU0 0,gas pipeline,6009224.82986
capital,Link,HU0 0,gas pipeline new,2201.30029
capital,Link,HU0 0,heat100-200 industry electric boiler steam,306.18425
capital,Link,HU0 0,heat100-200 industry gas,5053938.48601
capital,Link,HU0 0,heat100-200 industry industrial heat pump high temperature,98791651.57787
capital,Link,HU0 0,heat100-200 industry solid biomass,4163.2159
capital,Link,HU0 0,heat200-500 industry gas,463459.73773
capital,Link,HU0 0,heat200-500 industry hydrogen,82.80607
capital,Link,HU0 0,heat200-500 industry solid biomass,6975045.72607
capital,Link,HU0 0,heat<100 industry electric boiler steam,297.10959
capital,Link,HU0 0,heat<100 industry gas,3528478.47149
capital,Link,HU0 0,heat<100 industry industrial heat pump medium temperature,24484173.02001
capital,Link,HU0 0,heat<100 industry solid biomass,33816050.90215
capital,Link,HU0 0,heat>500 industry gas,1386401.3776
capital,Link,HU0 0,heat>500 industry hydrogen,105.63964
capital,Link,HU0 0,home battery charger,3539.21663
capital,Link,HU0 0,methanolisation,23645.15396
capital,Link,HU0 0,rural air heat pump,4083.50925
capital,Link,HU0 0,rural biomass boiler,159349444.26831
capital,Link,HU0 0,rural gas boiler,553108224.86125
capital,Link,HU0 0,rural ground heat pump,18623457.81196
capital,Link,HU0 0,rural resistive heater,214654.74075
capital,Link,HU0 0,urban central air heat pump,4226.71702
capital,Link,HU0 0,urban central gas CHP,2299.83226
capital,Link,HU0 0,urban central gas boiler,22403292.08921
capital,Link,HU0 0,urban central resistive heater,1236615.72624
capital,Link,HU0 0,urban central solid biomass CHP,99855193.90851
capital,Link,HU0 0,urban central solid biomass CHP CC,45459.48935
capital,Link,HU0 0,urban decentral air heat pump,7611150.54906
capital,Link,HU0 0,urban decentral biomass boiler,275423890.40437
capital,Link,HU0 0,urban decentral gas boiler,956007219.26227
capital,Link,HU0 0,urban decentral resistive heater,415798.73941
capital,Link,HU0 0,waste CHP,2389.55741
capital,Link,IE3 0,Combined-Cycle Gas,459914728.39289
capital,Link,IE3 0,H2 Electrolysis,2385.16693
capital,Link,IE3 0,Haber-Bosch,107726.65696
capital,Link,IE3 0,Open-Cycle Gas,1238.87677
capital,Link,IE3 0,SMR,124285.32737
capital,Link,IE3 0,Sabatier,769.35494
capital,Link,IE3 0,battery charger,3571.9645
capital,Link,IE3 0,biogas to gas,9305616.26805
capital,Link,IE3 0,biomass to liquid,3167.61944
capital,Link,IE3 0,biomass-to-methanol,2552.04825
capital,Link,IE3 0,electricity distribution grid,193500135.0423
capital,Link,IE3 0,heat100-200 industry electric boiler steam,312.38012
capital,Link,IE3 0,heat100-200 industry gas,1643335.14969
capital,Link,IE3 0,heat100-200 industry industrial heat pump high temperature,32122224.40247
capital,Link,IE3 0,heat100-200 industry solid biomass,1291.06542
capital,Link,IE3 0,heat200-500 industry gas,151014.2784
capital,Link,IE3 0,heat200-500 industry hydrogen,105.19172
capital,Link,IE3 0,heat200-500 industry solid biomass,2272311.89296
capital,Link,IE3 0,heat<100 industry electric boiler steam,314.8176
capital,Link,IE3 0,heat<100 industry gas,1252649.67085
capital,Link,IE3 0,heat<100 industry industrial heat pump medium temperature,21563819.78465
capital,Link,IE3 0,heat<100 industry solid biomass,1470.42235
capital,Link,IE3 0,heat>500 industry gas,1076048.26283
capital,Link,IE3 0,heat>500 industry hydrogen,99.60505
capital,Link,IE3 0,home battery charger,3607.88626
capital,Link,IE3 0,methanolisation,47615.38112
capital,Link,IE3 0,rural air heat pump,6902.03767
capital,Link,IE3 0,rural biomass boiler,8222437.621
capital,Link,IE3 0,rural gas boiler,149027671.76373
capital,Link,IE3 0,rural ground heat pump,19742472.66533
capital,Link,IE3 0,rural resistive heater,3898358.78262
capital,Link,IE3 0,urban central air heat pump,16685573.76234
capital,Link,IE3 0,urban central gas CHP,1832.5533
capital,Link,IE3 0,urban central gas boiler,5309689.24356
capital,Link,IE3 0,urban central resistive heater,1168839.7958
capital,Link,IE3 0,urban central solid biomass CHP,18945.20062
capital,Link,IE3 0,urban central solid biomass CHP CC,21695799.22016
capital,Link,IE3 0,urban decentral air heat pump,10841070.12738
capital,Link,IE3 0,urban decentral biomass boiler,13012809.96487
capital,Link,IE3 0,urban decentral gas boiler,235850834.212
capital,Link,IE3 0,urban decentral resistive heater,6181325.45746
capital,Link,IE3 0,waste CHP,2395.78109
capital,Link,IT0 0,CO2 pipeline,9968.79523
capital,Link,IT0 0,Combined-Cycle Gas,1887433528.55544
capital,Link,IT0 0,DC,90865988.72062
capital,Link,IT0 0,EAF,2558.45358
capital,Link,IT0 0,H2 DRI,1673.60547
capital,Link,IT0 0,H2 Electrolysis,2062.94261
capital,Link,IT0 0,Haber-Bosch,17024.46281
capital,Link,IT0 0,Open-Cycle Gas,1244.57184
capital,Link,IT0 0,SMR,19889.43712
capital,Link,IT0 0,Sabatier,778.40193
capital,Link,IT0 0,battery charger,5449.68175
capital,Link,IT0 0,biogas to gas,122075488.47287
capital,Link,IT0 0,biomass to liquid,1666.38473
capital,Link,IT0 0,biomass-to-methanol,2116.04242
capital,Link,IT0 0,electricity distribution grid,1144314420.59646
capital,Link,IT0 0,gas DRI,2231.4655
capital,Link,IT0 0,gas pipeline,9911401.74958
capital,Link,IT0 0,heat100-200 industry electric boiler steam,352.30187
capital,Link,IT0 0,heat100-200 industry gas,7007313.54991
capital,Link,IT0 0,heat100-200 industry industrial heat pump high temperature,136981325.36523
capital,Link,IT0 0,heat100-200 industry solid biomass,359.20926
capital,Link,IT0 0,heat200-500 industry gas,909067.08962
capital,Link,IT0 0,heat200-500 industry hydrogen,94.92522
capital,Link,IT0 0,heat200-500 industry solid biomass,301.24691
capital,Link,IT0 0,heat<100 industry electric boiler steam,389.22284
capital,Link,IT0 0,heat<100 industry gas,10250508.27823
capital,Link,IT0 0,heat<100 industry industrial heat pump medium temperature,176474635.15399
capital,Link,IT0 0,heat<100 industry solid biomass,381.79385
capital,Link,IT0 0,heat>500 industry gas,1818382.72714
capital,Link,IT0 0,heat>500 industry hydrogen,112.16068
capital,Link,IT0 0,home battery charger,5977.83929
capital,Link,IT0 0,methanolisation,7607.40463
capital,Link,IT0 0,rural air heat pump,10558.23308
capital,Link,IT0 0,rural biomass boiler,921088460.05187
capital,Link,IT0 0,rural gas boiler,1438492205.141
capital,Link,IT0 0,rural ground heat pump,209734219.11067
capital,Link,IT0 0,rural resistive heater,11890807.90814
capital,Link,IT0 0,urban central air heat pump,52702018.8086
capital,Link,IT0 0,urban central gas CHP,1920.21181
capital,Link,IT0 0,urban central gas boiler,51965060.90905
capital,Link,IT0 0,urban central resistive heater,1545655.52859
capital,Link,IT0 0,urban central solid biomass CHP,1693.91295
capital,Link,IT0 0,urban central solid biomass CHP CC,2709.96198
capital,Link,IT0 0,urban decentral air heat pump,2874802683.29576
capital,Link,IT0 0,urban decentral biomass boiler,558327216.6984
capital,Link,IT0 0,urban decentral gas boiler,871956803.25154
capital,Link,IT0 0,urban decentral resistive heater,46855119.14935
capital,Link,IT0 0,waste CHP,2564.51327
capital,Link,IT0 1,CO2 pipeline,6345.42795
capital,Link,IT0 1,Combined-Cycle Gas,2295130211.27742
capital,Link,IT0 1,H2 Electrolysis,1920.47025
capital,Link,IT0 1,Haber-Bosch,13261.21136
capital,Link,IT0 1,Open-Cycle Gas,1260.93865
capital,Link,IT0 1,SMR,21888.63629
capital,Link,IT0 1,Sabatier,781.20736
capital,Link,IT0 1,battery charger,4114.25573
capital,Link,IT0 1,biogas to gas,241463697.16898
capital,Link,IT0 1,biomass to liquid,2573.63145
capital,Link,IT0 1,biomass-to-methanol,2476.36658
capital,Link,IT0 1,electricity distribution grid,1643992813.71058
capital,Link,IT0 1,gas pipeline,82550567.52671
capital,Link,IT0 1,heat100-200 industry electric boiler steam,388.42356
capital,Link,IT0 1,heat100-200 industry gas,12365103.70899
capital,Link,IT0 1,heat100-200 industry industrial heat pump high temperature,241717228.87977
capital,Link,IT0 1,heat100-200 industry solid biomass,1106.26433
capital,Link,IT0 1,heat200-500 industry gas,1650357.11225
capital,Link,IT0 1,heat200-500 industry hydrogen,104.71443
capital,Link,IT0 1,heat200-500 industry solid biomass,24837868.22632
capital,Link,IT0 1,heat<100 industry electric boiler steam,430.98186
capital,Link,IT0 1,heat<100 industry gas,17084175.46045
capital,Link,IT0 1,heat<100 industry industrial heat pump medium temperature,294123941.28333
capital,Link,IT0 1,heat<100 industry solid biomass,1280.49242
capital,Link,IT0 1,heat>500 industry gas,3751808.30972
capital,Link,IT0 1,heat>500 industry hydrogen,141.26137
capital,Link,IT0 1,home battery charger,4819.16687
capital,Link,IT0 1,methanolisation,11292.45393
capital,Link,IT0 1,rural air heat pump,8091.34146
capital,Link,IT0 1,rural biomass boiler,487535290.83604
capital,Link,IT0 1,rural gas boiler,761398873.19759
capital,Link,IT0 1,rural ground heat pump,192329899.30704
capital,Link,IT0 1,rural resistive heater,12709872.42164
capital,Link,IT0 1,urban central air heat pump,68902237.72466
capital,Link,IT0 1,urban central gas CHP,2106.89152
capital,Link,IT0 1,urban central gas boiler,56985053.60893
capital,Link,IT0 1,urban central resistive heater,3578.99186
capital,Link,IT0 1,urban central solid biomass CHP,87244269.97266
capital,Link,IT0 1,urban central solid biomass CHP CC,73238.25967
capital,Link,IT0 1,urban decentral air heat pump,3052479492.08375
capital,Link,IT0 1,urban decentral biomass boiler,745381592.56624
capital,Link,IT0 1,urban decentral gas boiler,1164085380.79148
capital,Link,IT0 1,urban decentral resistive heater,68987445.15596
capital,Link,IT0 1,waste CHP,2787.70435
capital,Link,IT4 0,Combined-Cycle Gas,1993.96848
capital,Link,IT4 0,DC,64110410.9741
capital,Link,IT4 0,H2 Electrolysis,2091.42567
capital,Link,IT4 0,Haber-Bosch,8748.68588
capital,Link,IT4 0,Open-Cycle Gas,1290.23736
capital,Link,IT4 0,SMR,12952.52906
capital,Link,IT4 0,Sabatier,778.05243
capital,Link,IT4 0,battery charger,16293.74163
capital,Link,IT4 0,biogas to gas,6084816.04962
capital,Link,IT4 0,biomass to liquid,1730.6392
capital,Link,IT4 0,biomass-to-methanol,2095.18282
capital,Link,IT4 0,electricity distribution grid,75755210.8216
capital,Link,IT4 0,heat100-200 industry electric boiler steam,317.56207
capital,Link,IT4 0,heat100-200 industry gas,551936.57369
capital,Link,IT4 0,heat100-200 industry industrial heat pump high temperature,10787778.41109
capital,Link,IT4 0,heat100-200 industry solid biomass,632.87941
capital,Link,IT4 0,heat200-500 industry gas,212864.65935
capital,Link,IT4 0,heat200-500 industry hydrogen,117.1468
capital,Link,IT4 0,heat200-500 industry solid biomass,327.58605
capital,Link,IT4 0,heat<100 industry electric boiler steam,300.37038
capital,Link,IT4 0,heat<100 industry gas,973614.73444
capital,Link,IT4 0,heat<100 industry industrial heat pump medium temperature,16760512.99603
capital,Link,IT4 0,heat<100 industry solid biomass,561.12634
capital,Link,IT4 0,heat>500 industry gas,371452.0075
capital,Link,IT4 0,heat>500 industry hydrogen,102.69107
capital,Link,IT4 0,home battery charger,3667.1515
capital,Link,IT4 0,methanolisation,6203.17741
capital,Link,IT4 0,rural air heat pump,4604.82524
capital,Link,IT4 0,rural biomass boiler,143184892.20312
capital,Link,IT4 0,rural gas boiler,223616254.31344
capital,Link,IT4 0,rural ground heat pump,9481551.09182
capital,Link,IT4 0,rural resistive heater,1360662.29775
capital,Link,IT4 0,urban central air heat pump,1003902.61634
capital,Link,IT4 0,urban central gas CHP,2181.13119
capital,Link,IT4 0,urban central gas boiler,1212200.36296
capital,Link,IT4 0,urban central resistive heater,115902.70103
capital,Link,IT4 0,urban central solid biomass CHP,1840.00788
capital,Link,IT4 0,urban central solid biomass CHP CC,3257.71868
capital,Link,IT4 0,urban decentral air heat pump,96272383.60278
capital,Link,IT4 0,urban decentral biomass boiler,6362606.24631
capital,Link,IT4 0,urban decentral gas boiler,9936678.05716
capital,Link,IT4 0,urban decentral resistive heater,1520880.60718
capital,Link,IT4 0,waste CHP,2102.80054
capital,Link,LT0 0,CO2 pipeline,6835.45336
capital,Link,LT0 0,Combined-Cycle Gas,120296827.82703
capital,Link,LT0 0,DC,49763675.72641
capital,Link,LT0 0,H2 Electrolysis,1926.56024
capital,Link,LT0 0,Haber-Bosch,10949.12385
capital,Link,LT0 0,Open-Cycle Gas,1217.58734
capital,Link,LT0 0,SMR,57568.72738
capital,Link,LT0 0,Sabatier,763.71277
capital,Link,LT0 0,battery charger,3511.20892
capital,Link,LT0 0,biogas to gas,7164581.285
capital,Link,LT0 0,biomass to liquid,4155285.1217
capital,Link,LT0 0,biomass-to-methanol,2705.98118
capital,Link,LT0 0,electricity distribution grid,80311668.29166
capital,Link,LT0 0,gas pipeline,2535034.01006
capital,Link,LT0 0,gas pipeline new,4391.81522
capital,Link,LT0 0,heat100-200 industry electric boiler steam,284.7601
capital,Link,LT0 0,heat100-200 industry gas,545739.31996
capital,Link,LT0 0,heat100-200 industry industrial heat pump high temperature,10634632.92111
capital,Link,LT0 0,heat100-200 industry solid biomass,27313.26648
capital,Link,LT0 0,heat200-500 industry gas,56629.8612
capital,Link,LT0 0,heat200-500 industry hydrogen,110.92269
capital,Link,LT0 0,heat200-500 industry solid biomass,852460.76569
capital,Link,LT0 0,heat<100 industry electric boiler steam,281.47142
capital,Link,LT0 0,heat<100 industry gas,496126.47582
capital,Link,LT0 0,heat<100 industry industrial heat pump medium temperature,11306.70243
capital,Link,LT0 0,heat<100 industry solid biomass,7954259.24699
capital,Link,LT0 0,heat>500 industry gas,67504.54763
capital,Link,LT0 0,heat>500 industry hydrogen,138.09575
capital,Link,LT0 0,home battery charger,3570.46058
capital,Link,LT0 0,methanolisation,43063.31947
capital,Link,LT0 0,rural air heat pump,1526.35448
capital,Link,LT0 0,rural biomass boiler,305889302.59146
capital,Link,LT0 0,rural gas boiler,1863.97268
capital,Link,LT0 0,rural ground heat pump,24937354.77627
capital,Link,LT0 0,rural resistive heater,142313.96273
capital,Link,LT0 0,urban central air heat pump,3508.95922
capital,Link,LT0 0,urban central gas CHP,1667.91089
capital,Link,LT0 0,urban central gas boiler,18439519.44068
capital,Link,LT0 0,urban central resistive heater,950460.77998
capital,Link,LT0 0,urban central solid biomass CHP,65032886.05641
capital,Link,LT0 0,urban central solid biomass CHP CC,27722260.70766
capital,Link,LT0 0,urban decentral air heat pump,3637677.02325
capital,Link,LT0 0,urban decentral biomass boiler,298503903.65752
capital,Link,LT0 0,urban decentral gas boiler,3480.91209
capital,Link,LT0 0,urban decentral resistive heater,144190.98692
capital,Link,LT0 0,waste CHP,1985.80819
capital,Link,LU0 0,Combined-Cycle Gas,7580.46589
capital,Link,LU0 0,H2 Electrolysis,1916.86676
capital,Link,LU0 0,Haber-Bosch,8015.21529
capital,Link,LU0 0,Open-Cycle Gas,4547623.15676
capital,Link,LU0 0,SMR,17522.49946
capital,Link,LU0 0,Sabatier,784.32193
capital,Link,LU0 0,battery charger,4044.32305
capital,Link,LU0 0,biogas to gas,3311543.04034
capital,Link,LU0 0,biomass to liquid,2760.28806
capital,Link,LU0 0,biomass-to-methanol,2511.41018
capital,Link,LU0 0,electricity distribution grid,47352873.80316
capital,Link,LU0 0,gas pipeline,2722504.25282
capital,Link,LU0 0,heat100-200 industry electric boiler steam,278.0709
capital,Link,LU0 0,heat100-200 industry gas,173636.31043
capital,Link,LU0 0,heat100-200 industry industrial heat pump high temperature,3389679.42179
capital,Link,LU0 0,heat100-200 industry solid biomass,3638.6076
capital,Link,LU0 0,heat200-500 industry gas,35660.19886
capital,Link,LU0 0,heat200-500 industry hydrogen,143.00356
capital,Link,LU0 0,heat200-500 industry solid biomass,536670.30778
capital,Link,LU0 0,heat<100 industry electric boiler steam,284.45832
capital,Link,LU0 0,heat<100 industry gas,179846.61776
capital,Link,LU0 0,heat<100 industry industrial heat pump medium temperature,3090727.5303
capital,Link,LU0 0,heat<100 industry solid biomass,4851.8733
capital,Link,LU0 0,heat>500 industry gas,134537.78437
capital,Link,LU0 0,heat>500 industry hydrogen,121.00984
capital,Link,LU0 0,home battery charger,3552.59411
capital,Link,LU0 0,methanolisation,10283.93313
capital,Link,LU0 0,rural air heat pump,4561.24361
capital,Link,LU0 0,rural biomass boiler,2232541.49566
capital,Link,LU0 0,rural gas boiler,12352115.76839
capital,Link,LU0 0,rural ground heat pump,1181757.23623
capital,Link,LU0 0,rural resistive heater,148137.10344
capital,Link,LU0 0,urban central air heat pump,13217.95201
capital,Link,LU0 0,urban central gas CHP,4676170.41659
capital,Link,LU0 0,urban central gas boiler,3185035.50143
capital,Link,LU0 0,urban central resistive heater,791387.65254
capital,Link,LU0 0,urban central solid biomass CHP,10105902.22496
capital,Link,LU0 0,urban central solid biomass CHP CC,439337.30646
capital,Link,LU0 0,urban decentral air heat pump,5695242.35422
capital,Link,LU0 0,urban decentral biomass boiler,17850600.09401
capital,Link,LU0 0,urban decentral gas boiler,98763082.04116
capital,Link,LU0 0,urban decentral resistive heater,1277607.70058
capital,Link,LU0 0,waste CHP,2041.84954
capital,Link,LV0 0,Combined-Cycle Gas,113904697.4641
capital,Link,LV0 0,H2 Electrolysis,1936.72522
capital,Link,LV0 0,Haber-Bosch,11968.49934
capital,Link,LV0 0,Open-Cycle Gas,1214.15216
capital,Link,LV0 0,SMR,113912.32263
capital,Link,LV0 0,Sabatier,761.73434
capital,Link,LV0 0,battery charger,3513.53552
capital,Link,LV0 0,biogas to gas,14812924.78962
capital,Link,LV0 0,biomass to liquid,200208816.88235
capital,Link,LV0 0,biomass-to-methanol,2682.80728
capital,Link,LV0 0,electricity distribution grid,46397411.12133
capital,Link,LV0 0,gas pipeline,2539116.37222
capital,Link,LV0 0,heat100-200 industry electric boiler steam,306.32986
capital,Link,LV0 0,heat100-200 industry gas,279080.01987
capital,Link,LV0 0,heat100-200 industry industrial heat pump high temperature,5434918.83626
capital,Link,LV0 0,heat100-200 industry solid biomass,16836.18553
capital,Link,LV0 0,heat200-500 industry gas,39857.20815
capital,Link,LV0 0,heat200-500 industry hydrogen,117.78787
capital,Link,LV0 0,heat200-500 industry solid biomass,600009.86423
capital,Link,LV0 0,heat<100 industry electric boiler steam,285.45197
capital,Link,LV0 0,heat<100 industry gas,651139.79839
capital,Link,LV0 0,heat<100 industry industrial heat pump medium temperature,15655.07284
capital,Link,LV0 0,heat<100 industry solid biomass,10439163.24722
capital,Link,LV0 0,heat>500 industry gas,69598.13024
capital,Link,LV0 0,heat>500 industry hydrogen,136.99647
capital,Link,LV0 0,home battery charger,3575.35133
capital,Link,LV0 0,methanolisation,90790.058
capital,Link,LV0 0,rural air heat pump,1968.74534
capital,Link,LV0 0,rural biomass boiler,213807611.23631
capital,Link,LV0 0,rural gas boiler,58472634.80708
capital,Link,LV0 0,rural ground heat pump,2900.67488
capital,Link,LV0 0,rural resistive heater,115415.40273
capital,Link,LV0 0,urban central air heat pump,3609.48909
capital,Link,LV0 0,urban central gas CHP,1629.74
capital,Link,LV0 0,urban central gas boiler,14100233.64528
capital,Link,LV0 0,urban central resistive heater,525953.38435
capital,Link,LV0 0,urban central solid biomass CHP,48902077.89009
capital,Link,LV0 0,urban central solid biomass CHP CC,39260646.10251
capital,Link,LV0 0,urban decentral air heat pump,1558.48179
capital,Link,LV0 0,urban decentral biomass boiler,200011537.09784
capital,Link,LV0 0,urban decentral gas boiler,54699650.29916
capital,Link,LV0 0,urban decentral resistive heater,107968.08685
capital,Link,LV0 0,waste CHP,1907.10204
capital,Link,ME0 0,CO2 pipeline,4648.67491
capital,Link,ME0 0,Combined-Cycle Gas,1896.0147
capital,Link,ME0 0,EAF,1990.80176
capital,Link,ME0 0,H2 DRI,1460.84758
capital,Link,ME0 0,H2 Electrolysis,1874.69292
capital,Link,ME0 0,Haber-Bosch,6505.41798
capital,Link,ME0 0,Open-Cycle Gas,1250.975
capital,Link,ME0 0,SMR,24796.49385
capital,Link,ME0 0,Sabatier,800.08641
capital,Link,ME0 0,battery charger,5001.50004
capital,Link,ME0 0,biogas to gas,17719.35129
capital,Link,ME0 0,biomass to liquid,15080041.26266
capital,Link,ME0 0,biomass-to-methanol,2620.59529
capital,Link,ME0 0,electricity distribution grid,24958296.15441
capital,Link,ME0 0,gas DRI,1780.6979
capital,Link,ME0 0,heat100-200 industry electric boiler steam,423.30673
capital,Link,ME0 0,heat100-200 industry gas,68226.53632
capital,Link,ME0 0,heat100-200 industry industrial heat pump high temperature,16710.30281
capital,Link,ME0 0,heat100-200 industry solid biomass,1081738.37066
capital,Link,ME0 0,heat200-500 industry gas,10554.18712
capital,Link,ME0 0,heat200-500 industry hydrogen,128.17057
capital,Link,ME0 0,heat200-500 industry solid biomass,158219.97076
capital,Link,ME0 0,heat<100 industry electric boiler steam,427.54727
capital,Link,ME0 0,heat<100 industry gas,68227.09958
capital,Link,ME0 0,heat<100 industry industrial heat pump medium temperature,8109.69142
capital,Link,ME0 0,heat<100 industry solid biomass,1087819.64799
capital,Link,ME0 0,heat>500 industry gas,44489.6952
capital,Link,ME0 0,heat>500 industry hydrogen,149.65269
capital,Link,ME0 0,home battery charger,5879.71156
capital,Link,ME0 0,methanolisation,17371.32271
capital,Link,ME0 0,rural air heat pump,3908.63685
capital,Link,ME0 0,rural biomass boiler,12781.5102
capital,Link,ME0 0,rural gas boiler,11588334.84302
capital,Link,ME0 0,rural ground heat pump,9023.46967
capital,Link,ME0 0,rural resistive heater,961579.04301
capital,Link,ME0 0,urban central air heat pump,4199.01513
capital,Link,ME0 0,urban central gas CHP,1901.57836
capital,Link,ME0 0,urban central gas boiler,271823.2615
capital,Link,ME0 0,urban central resistive heater,48746.56257
capital,Link,ME0 0,urban central solid biomass CHP,2564489.5706
capital,Link,ME0 0,urban central solid biomass CHP CC,79402.33984
capital,Link,ME0 0,urban decentral air heat pump,3920.76148
capital,Link,ME0 0,urban decentral biomass boiler,12436.91767
capital,Link,ME0 0,urban decentral gas boiler,18160556.0283
capital,Link,ME0 0,urban decentral resistive heater,1515260.967
capital,Link,ME0 0,waste CHP,1919.41825
capital,Link,MK0 0,CO2 pipeline,4719.74078
capital,Link,MK0 0,Combined-Cycle Gas,23053469.41792
capital,Link,MK0 0,EAF,2018.33507
capital,Link,MK0 0,H2 DRI,1471.49237
capital,Link,MK0 0,H2 Electrolysis,1918.20681
capital,Link,MK0 0,Haber-Bosch,6825.40644
capital,Link,MK0 0,Open-Cycle Gas,1250.01871
capital,Link,MK0 0,SMR,32041.95056
capital,Link,MK0 0,Sabatier,793.95383
capital,Link,MK0 0,battery charger,5167.04444
capital,Link,MK0 0,biogas to gas,3489061.63201
capital,Link,MK0 0,biomass to liquid,10545461.01837
capital,Link,MK0 0,biomass-to-methanol,2608.19246
capital,Link,MK0 0,electricity distribution grid,66140393.98437
capital,Link,MK0 0,gas DRI,1802.07986
capital,Link,MK0 0,gas pipeline new,3032984.30159
capital,Link,MK0 0,heat100-200 industry electric boiler steam,384.27027
capital,Link,MK0 0,heat100-200 industry gas,130243.61708
capital,Link,MK0 0,heat100-200 industry industrial heat pump high temperature,22847.7104
capital,Link,MK0 0,heat100-200 industry solid biomass,2072376.55477
capital,Link,MK0 0,heat200-500 industry gas,12597.36375
capital,Link,MK0 0,heat200-500 industry hydrogen,130.27475
capital,Link,MK0 0,heat200-500 industry solid biomass,189764.51496
capital,Link,MK0 0,heat<100 industry electric boiler steam,382.3615
capital,Link,MK0 0,heat<100 industry gas,161245.55967
capital,Link,MK0 0,heat<100 industry industrial heat pump medium temperature,9386.18887
capital,Link,MK0 0,heat<100 industry solid biomass,2580109.6861
capital,Link,MK0 0,heat>500 industry gas,10936.79356
capital,Link,MK0 0,heat>500 industry hydrogen,185.78843
capital,Link,MK0 0,home battery charger,31598.32983
capital,Link,MK0 0,methanolisation,23283.84299
capital,Link,MK0 0,rural air heat pump,2733.1649
capital,Link,MK0 0,rural biomass boiler,9595.67302
capital,Link,MK0 0,rural gas boiler,44976812.88885
capital,Link,MK0 0,rural ground heat pump,5895.44586
capital,Link,MK0 0,rural resistive heater,4628459.80188
capital,Link,MK0 0,urban central air heat pump,3748.71083
capital,Link,MK0 0,urban central gas CHP,1864.96481
capital,Link,MK0 0,urban central gas boiler,3146328.7872
capital,Link,MK0 0,urban central resistive heater,461197.84221
capital,Link,MK0 0,urban central solid biomass CHP,16621780.90292
capital,Link,MK0 0,urban central solid biomass CHP CC,17961.17625
capital,Link,MK0 0,urban decentral air heat pump,2719.22526
capital,Link,MK0 0,urban decentral biomass boiler,9574.90795
capital,Link,MK0 0,urban decentral gas boiler,36846794.43199
capital,Link,MK0 0,urban decentral resistive heater,3814862.00009
capital,Link,MK0 0,waste CHP,2029.38375
capital,Link,NL0 0,CO2 pipeline,2264.99186
capital,Link,NL0 0,Combined-Cycle Gas,1094825937.40789
capital,Link,NL0 0,DC,70406187.00672
capital,Link,NL0 0,EAF,2776.18552
capital,Link,NL0 0,H2 DRI,1708.0997
capital,Link,NL0 0,H2 Electrolysis,2133.01078
capital,Link,NL0 0,Haber-Bosch,328720210.21681
capital,Link,NL0 0,Open-Cycle Gas,1404.54713
capital,Link,NL0 0,SMR,209815825.14803
capital,Link,NL0 0,Sabatier,779.26939
capital,Link,NL0 0,battery charger,3602.15734
capital,Link,NL0 0,biogas to gas,65401789.3411
capital,Link,NL0 0,biomass to liquid,2357.03126
capital,Link,NL0 0,biomass-to-methanol,2411.86088
capital,Link,NL0 0,electricity distribution grid,861631236.0518
capital,Link,NL0 0,gas DRI,2451.04384
capital,Link,NL0 0,gas pipeline,42931588.67236
capital,Link,NL0 0,heat100-200 industry electric boiler steam,438.70544
capital,Link,NL0 0,heat100-200 industry gas,17164804.77644
capital,Link,NL0 0,heat100-200 industry industrial heat pump high temperature,335544419.25815
capital,Link,NL0 0,heat100-200 industry solid biomass,824.04498
capital,Link,NL0 0,heat200-500 industry gas,1635908.01522
capital,Link,NL0 0,heat200-500 industry hydrogen,105.23256
capital,Link,NL0 0,heat200-500 industry solid biomass,23236036.27038
capital,Link,NL0 0,heat<100 industry electric boiler steam,427.12549
capital,Link,NL0 0,heat<100 industry gas,14634749.16297
capital,Link,NL0 0,heat<100 industry industrial heat pump medium temperature,251953985.95802
capital,Link,NL0 0,heat<100 industry solid biomass,882.14228
capital,Link,NL0 0,heat>500 industry gas,5555284.02905
capital,Link,NL0 0,heat>500 industry hydrogen,146.74649
capital,Link,NL0 0,home battery charger,3584.07224
capital,Link,NL0 0,methanolisation,23043.55552
capital,Link,NL0 0,rural air heat pump,7751.43318
capital,Link,NL0 0,rural biomass boiler,11547210.89408
capital,Link,NL0 0,rural gas boiler,383193866.87589
capital,Link,NL0 0,rural ground heat pump,448668202.6137
capital,Link,NL0 0,rural resistive heater,4069527.34444
capital,Link,NL0 0,urban central air heat pump,25254243.70115
capital,Link,NL0 0,urban central gas CHP,2357.57011
capital,Link,NL0 0,urban central gas boiler,52384636.10171
capital,Link,NL0 0,urban central resistive heater,8141356.30274
capital,Link,NL0 0,urban central solid biomass CHP,6009.66949
capital,Link,NL0 0,urban central solid biomass CHP CC,21253.34208
capital,Link,NL0 0,urban decentral air heat pump,333328604.845
capital,Link,NL0 0,urban decentral biomass boiler,106081921.72225
capital,Link,NL0 0,urban decentral gas boiler,3520325571.53888
capital,Link,NL0 0,urban decentral resistive heater,8898375.87331
capital,Link,NL0 0,waste CHP,2707.68808
capital,Link,NO1 0,CO2 pipeline,39857.26318
capital,Link,NO1 0,Combined-Cycle Gas,78905738.55627
capital,Link,NO1 0,DC,136411573.39264
capital,Link,NO1 0,EAF,2455.89711
capital,Link,NO1 0,H2 DRI,1622.17001
capital,Link,NO1 0,H2 Electrolysis,1971.35336
capital,Link,NO1 0,Haber-Bosch,777042239.02545
capital,Link,NO1 0,Open-Cycle Gas,1200.88802
capital,Link,NO1 0,SMR,496153242.92137
capital,Link,NO1 0,Sabatier,797.64504
capital,Link,NO1 0,battery charger,3540.44631
capital,Link,NO1 0,biogas to gas,15925744.02
capital,Link,NO1 0,biomass to liquid,1585.11934
capital,Link,NO1 0,biomass-to-methanol,2069.69618
capital,Link,NO1 0,electricity distribution grid,736179805.12655
capital,Link,NO1 0,gas DRI,2162.22045
capital,Link,NO1 0,gas pipeline,28954989.67369
capital,Link,NO1 0,gas pipeline new,36750311.35869
capital,Link,NO1 0,heat100-200 industry electric boiler steam,386.36072
capital,Link,NO1 0,heat100-200 industry gas,3671108.04479
capital,Link,NO1 0,heat100-200 industry industrial heat pump high temperature,71763334.23453
capital,Link,NO1 0,heat100-200 industry solid biomass,299.72269
capital,Link,NO1 0,heat200-500 industry gas,430960.07253
capital,Link,NO1 0,heat200-500 industry hydrogen,97.13608
capital,Link,NO1 0,heat200-500 industry solid biomass,203.51307
capital,Link,NO1 0,heat<100 industry electric boiler steam,390.32236
capital,Link,NO1 0,heat<100 industry gas,2852603.41597
capital,Link,NO1 0,heat<100 industry industrial heat pump medium temperature,49109226.67429
capital,Link,NO1 0,heat<100 industry solid biomass,313.26162
capital,Link,NO1 0,heat>500 industry gas,2351020.20023
capital,Link,NO1 0,heat>500 industry hydrogen,118.99858
capital,Link,NO1 0,home battery charger,5188.88469
capital,Link,NO1 0,methanolisation,209757.3963
capital,Link,NO1 0,rural air heat pump,3583.09993
capital,Link,NO1 0,rural biomass boiler,163858502.98534
capital,Link,NO1 0,rural gas boiler,4804268.51901
capital,Link,NO1 0,rural ground heat pump,379393528.012
capital,Link,NO1 0,rural resistive heater,703321.17217
capital,Link,NO1 0,urban central air heat pump,4879.50639
capital,Link,NO1 0,urban central gas CHP,1419.7292
capital,Link,NO1 0,urban central gas boiler,15204441.1126
capital,Link,NO1 0,urban central resistive heater,291151.56076
capital,Link,NO1 0,urban central solid biomass CHP,1453.80538
capital,Link,NO1 0,urban central solid biomass CHP CC,2162.87814
capital,Link,NO1 0,urban decentral air heat pump,1601848668.94679
capital,Link,NO1 0,urban decentral biomass boiler,570579084.51274
capital,Link,NO1 0,urban decentral gas boiler,141054480.99439
capital,Link,NO1 0,urban decentral resistive heater,18259193.36307
capital,Link,NO1 0,waste CHP,2000.22332
capital,Link,PL0 0,CO2 pipeline,4606.95439
capital,Link,PL0 0,Combined-Cycle Gas,655711869.97253
capital,Link,PL0 0,DC,56388208.23462
capital,Link,PL0 0,EAF,2558.85582
capital,Link,PL0 0,H2 DRI,1630.68297
capital,Link,PL0 0,H2 Electrolysis,1893.36206
capital,Link,PL0 0,Haber-Bosch,12995.65824
capital,Link,PL0 0,Open-Cycle Gas,1671.33884
capital,Link,PL0 0,SMR,25080.48315
capital,Link,PL0 0,Sabatier,804.52784
capital,Link,PL0 0,battery charger,3773.86971
capital,Link,PL0 0,biogas to gas,54812969.61308
capital,Link,PL0 0,biomass to liquid,2218.46569
capital,Link,PL0 0,biomass-to-methanol,2409.55719
capital,Link,PL0 0,electricity distribution grid,1329424767.2895
capital,Link,PL0 0,gas DRI,2274.67967
capital,Link,PL0 0,gas pipeline,23087118.89751
capital,Link,PL0 0,heat100-200 industry electric boiler steam,357.07789
capital,Link,PL0 0,heat100-200 industry gas,11044274.42463
capital,Link,PL0 0,heat100-200 industry industrial heat pump high temperature,215896746.75028
capital,Link,PL0 0,heat100-200 industry solid biomass,1053.27742
capital,Link,PL0 0,heat200-500 industry gas,1407111.38923
capital,Link,PL0 0,heat200-500 industry hydrogen,105.85267
capital,Link,PL0 0,heat200-500 industry solid biomass,21176241.86846
capital,Link,PL0 0,heat<100 industry electric boiler steam,360.71393
capital,Link,PL0 0,heat<100 industry gas,10771418.71288
capital,Link,PL0 0,heat<100 industry industrial heat pump medium temperature,185441559.98591
capital,Link,PL0 0,heat<100 industry solid biomass,1232.22329
capital,Link,PL0 0,heat>500 industry gas,4724823.86455
capital,Link,PL0 0,heat>500 industry hydrogen,151.99349
capital,Link,PL0 0,home battery charger,3574.61549
capital,Link,PL0 0,methanolisation,14413.0118
capital,Link,PL0 0,rural air heat pump,4902.43603
capital,Link,PL0 0,rural biomass boiler,1445046935.73858
capital,Link,PL0 0,rural gas boiler,531829904.1857
capital,Link,PL0 0,rural ground heat pump,42305004.23706
capital,Link,PL0 0,rural resistive heater,42192926.5334
capital,Link,PL0 0,urban central air heat pump,4203.30766
capital,Link,PL0 0,urban central gas CHP,7816.22983
capital,Link,PL0 0,urban central gas boiler,149320597.22855
capital,Link,PL0 0,urban central resistive heater,7322851.40503
capital,Link,PL0 0,urban central solid biomass CHP,105187346.48006
capital,Link,PL0 0,urban central solid biomass CHP CC,145428577.73028
capital,Link,PL0 0,urban decentral air heat pump,3961244.45238
capital,Link,PL0 0,urban decentral biomass boiler,1227806836.03752
capital,Link,PL0 0,urban decentral gas boiler,451877635.12653
capital,Link,PL0 0,urban decentral resistive heater,35864222.44166
capital,Link,PL0 0,waste CHP,3010.37026
capital,Link,PT0 0,Combined-Cycle Gas,458028555.98515
capital,Link,PT0 0,H2 Electrolysis,2140.42108
capital,Link,PT0 0,Haber-Bosch,9867.90719
capital,Link,PT0 0,Open-Cycle Gas,1276.67787
capital,Link,PT0 0,SMR,28748.73706
capital,Link,PT0 0,Sabatier,817.5691
capital,Link,PT0 0,battery charger,8181.0647
capital,Link,PT0 0,biogas to gas,14721075.1164
capital,Link,PT0 0,biomass to liquid,114021.43893
capital,Link,PT0 0,biomass-to-methanol,2657.84031
capital,Link,PT0 0,electricity distribution grid,649814296.92918
capital,Link,PT0 0,heat100-200 industry electric boiler steam,303.71318
capital,Link,PT0 0,heat100-200 industry gas,2703726.66717
capital,Link,PT0 0,heat100-200 industry industrial heat pump high temperature,11607969.56912
capital,Link,PT0 0,heat100-200 industry solid biomass,33873859.72856
capital,Link,PT0 0,heat200-500 industry gas,352317.26093
capital,Link,PT0 0,heat200-500 industry hydrogen,81.59064
capital,Link,PT0 0,heat200-500 industry solid biomass,5302388.09908
capital,Link,PT0 0,heat<100 industry electric boiler steam,301.34059
capital,Link,PT0 0,heat<100 industry gas,2691323.65347
capital,Link,PT0 0,heat<100 industry industrial heat pump medium temperature,7839.07232
capital,Link,PT0 0,heat<100 industry solid biomass,43200713.67622
capital,Link,PT0 0,heat>500 industry gas,1065560.89144
capital,Link,PT0 0,heat>500 industry hydrogen,101.17455
capital,Link,PT0 0,home battery charger,3491129.926
capital,Link,PT0 0,methanolisation,19549.12679
capital,Link,PT0 0,rural air heat pump,8278.50652
capital,Link,PT0 0,rural biomass boiler,154601460.5275
capital,Link,PT0 0,rural gas boiler,89226428.20776
capital,Link,PT0 0,rural ground heat pump,54671647.55243
capital,Link,PT0 0,rural resistive heater,103110294.30064
capital,Link,PT0 0,urban central air heat pump,8327.81182
capital,Link,PT0 0,urban central gas CHP,1950.43942
capital,Link,PT0 0,urban central gas boiler,10845737.54642
capital,Link,PT0 0,urban central resistive heater,1374322.75528
capital,Link,PT0 0,urban central solid biomass CHP,22473957.97276
capital,Link,PT0 0,urban central solid biomass CHP CC,114531.90172
capital,Link,PT0 0,urban decentral air heat pump,483575429.97158
capital,Link,PT0 0,urban decentral biomass boiler,200069479.19364
capital,Link,PT0 0,urban decentral gas boiler,115467764.41132
capital,Link,PT0 0,urban decentral resistive heater,108781712.25607
capital,Link,PT0 0,waste CHP,2327.8191
capital,Link,RO0 0,CO2 pipeline,2239.35033
capital,Link,RO0 0,Combined-Cycle Gas,132190236.45533
capital,Link,RO0 0,EAF,2326.77397
capital,Link,RO0 0,H2 DRI,1536.66477
capital,Link,RO0 0,H2 Electrolysis,1943.80494
capital,Link,RO0 0,Haber-Bosch,8914.86858
capital,Link,RO0 0,Open-Cycle Gas,1225.61818
capital,Link,RO0 0,SMR,55511.17315
capital,Link,RO0 0,Sabatier,802.40443
capital,Link,RO0 0,battery charger,4393.18029
capital,Link,RO0 0,biogas to gas,3494548.68737
capital,Link,RO0 0,biomass to liquid,8738.18539
capital,Link,RO0 0,biomass-to-methanol,2664.1649
capital,Link,RO0 0,electricity distribution grid,425889854.18522
capital,Link,RO0 0,gas DRI,2097.86343
capital,Link,RO0 0,heat100-200 industry electric boiler steam,318.87731
capital,Link,RO0 0,heat100-200 industry gas,4960932.35672
capital,Link,RO0 0,heat100-200 industry industrial heat pump high temperature,66640907.78902
capital,Link,RO0 0,heat100-200 industry solid biomass,24915534.16748
capital,Link,RO0 0,heat200-500 industry gas,469750.40046
capital,Link,RO0 0,heat200-500 industry hydrogen,74.10016
capital,Link,RO0 0,heat200-500 industry solid biomass,7069756.09817
capital,Link,RO0 0,heat<100 industry electric boiler steam,303.30124
capital,Link,RO0 0,heat<100 industry gas,3956354.08377
capital,Link,RO0 0,heat<100 industry industrial heat pump medium temperature,5901.70495
capital,Link,RO0 0,heat<100 industry solid biomass,63512197.33707
capital,Link,RO0 0,heat>500 industry gas,1673684.75473
capital,Link,RO0 0,heat>500 industry hydrogen,109.99191
capital,Link,RO0 0,home battery charger,3563.85481
capital,Link,RO0 0,methanolisation,42787.79692
capital,Link,RO0 0,rural air heat pump,4626.3112
capital,Link,RO0 0,rural biomass boiler,798923468.41182
capital,Link,RO0 0,rural gas boiler,501640939.504
capital,Link,RO0 0,rural ground heat pump,15835.54754
capital,Link,RO0 0,rural resistive heater,2223953.3524
capital,Link,RO0 0,urban central air heat pump,3947.60161
capital,Link,RO0 0,urban central gas CHP,1916.69694
capital,Link,RO0 0,urban central gas boiler,21220340.05186
capital,Link,RO0 0,urban central resistive heater,2374051.58681
capital,Link,RO0 0,urban central solid biomass CHP,118309450.78187
capital,Link,RO0 0,urban central solid biomass CHP CC,197252.25743
capital,Link,RO0 0,urban decentral air heat pump,3800.58305
capital,Link,RO0 0,urban decentral biomass boiler,663687318.79944
capital,Link,RO0 0,urban decentral gas boiler,416726686.97701
capital,Link,RO0 0,urban decentral resistive heater,1847518.68348
capital,Link,RO0 0,waste CHP,2475.75307
capital,Link,RS0 0,CO2 pipeline,2209.68559
capital,Link,RS0 0,Combined-Cycle Gas,31331692.62052
capital,Link,RS0 0,EAF,2134.63271
capital,Link,RS0 0,H2 DRI,1502.55301
capital,Link,RS0 0,H2 Electrolysis,1965.99753
capital,Link,RS0 0,Haber-Bosch,5867.83737
capital,Link,RS0 0,Open-Cycle Gas,1232.01209
capital,Link,RS0 0,SMR,17187.43904
capital,Link,RS0 0,Sabatier,795.88819
capital,Link,RS0 0,battery charger,4455.05007
capital,Link,RS0 0,biogas to gas,5232804.77798
capital,Link,RS0 0,biomass to liquid,17979265.50087
capital,Link,RS0 0,biomass-to-methanol,2678.55667
capital,Link,RS0 0,electricity distribution grid,407555618.77559
capital,Link,RS0 0,gas DRI,1907.59158
capital,Link,RS0 0,gas pipeline new,5566574.83744
capital,Link,RS0 0,heat100-200 industry electric boiler steam,260.93807
capital,Link,RS0 0,heat100-200 industry gas,1147266.5198
capital,Link,RS0 0,heat100-200 industry industrial heat pump high temperature,7386.59728
capital,Link,RS0 0,heat100-200 industry solid biomass,18412152.82455
capital,Link,RS0 0,heat200-500 industry gas,106984.58135
capital,Link,RS0 0,heat200-500 industry hydrogen,92.61843
capital,Link,RS0 0,heat200-500 industry solid biomass,1609878.50503
capital,Link,RS0 0,heat<100 industry electric boiler steam,260.11711
capital,Link,RS0 0,heat<100 industry gas,1252650.26842
capital,Link,RS0 0,heat<100 industry industrial heat pump medium temperature,3819.29174
capital,Link,RS0 0,heat<100 industry solid biomass,20107069.29953
capital,Link,RS0 0,heat>500 industry gas,92636.57873
capital,Link,RS0 0,heat>500 industry hydrogen,128.62103
capital,Link,RS0 0,home battery charger,89210.56295
capital,Link,RS0 0,methanolisation,11389.13542
capital,Link,RS0 0,rural air heat pump,2855.45926
capital,Link,RS0 0,rural biomass boiler,13487.51212
capital,Link,RS0 0,rural gas boiler,287119265.2339
capital,Link,RS0 0,rural ground heat pump,7458.17851
capital,Link,RS0 0,rural resistive heater,23721384.96598
capital,Link,RS0 0,urban central air heat pump,3621.47332
capital,Link,RS0 0,urban central gas CHP,1836.21372
capital,Link,RS0 0,urban central gas boiler,18932992.63096
capital,Link,RS0 0,urban central resistive heater,1253778.72153
capital,Link,RS0 0,urban central solid biomass CHP,93890088.71781
capital,Link,RS0 0,urban central solid biomass CHP CC,21747.95645
capital,Link,RS0 0,urban decentral air heat pump,2842.54333
capital,Link,RS0 0,urban decentral biomass boiler,12943.35116
capital,Link,RS0 0,urban decentral gas boiler,189399795.59228
capital,Link,RS0 0,urban decentral resistive heater,15753130.0496
capital,Link,RS0 0,waste CHP,2226.28387
capital,Link,SE1 0,Combined-Cycle Gas,5239419.9096
capital,Link,SE1 0,DC,26495334.15163
capital,Link,SE1 0,EAF,2473.95486
capital,Link,SE1 0,H2 DRI,1691.09325
capital,Link,SE1 0,H2 Electrolysis,1912.58005
capital,Link,SE1 0,Haber-Bosch,17579.39515
capital,Link,SE1 0,Open-Cycle Gas,1211.55403
capital,Link,SE1 0,SMR,400482170.37773
capital,Link,SE1 0,Sabatier,814.80775
capital,Link,SE1 0,battery charger,3508.78625
capital,Link,SE1 0,biogas to gas,33335600.46628
capital,Link,SE1 0,biomass to liquid,354520377.27666
capital,Link,SE1 0,biomass-to-methanol,2676.08722
capital,Link,SE1 0,electricity distribution grid,1147756041.54
capital,Link,SE1 0,gas DRI,2113.36616
capital,Link,SE1 0,heat100-200 industry electric boiler steam,366.1622
capital,Link,SE1 0,heat100-200 industry gas,1190633.84592
capital,Link,SE1 0,heat100-200 industry industrial heat pump high temperature,23269485.24679
capital,Link,SE1 0,heat100-200 industry solid biomass,4342.32519
capital,Link,SE1 0,heat200-500 industry gas,130028.27284
capital,Link,SE1 0,heat200-500 industry hydrogen,97.86976
capital,Link,SE1 0,heat200-500 industry solid biomass,1957023.19989
capital,Link,SE1 0,heat<100 industry electric boiler steam,365.41051
capital,Link,SE1 0,heat<100 industry gas,4154813.43435
capital,Link,SE1 0,heat<100 industry industrial heat pump medium temperature,71524594.53678
capital,Link,SE1 0,heat<100 industry solid biomass,4694.14977
capital,Link,SE1 0,heat>500 industry gas,474208.85819
capital,Link,SE1 0,heat>500 industry hydrogen,97.67913
capital,Link,SE1 0,home battery charger,5461.09103
capital,Link,SE1 0,methanolisation,343311832.38879
capital,Link,SE1 0,rural air heat pump,4283.85126
capital,Link,SE1 0,rural biomass boiler,36199558.54929
capital,Link,SE1 0,rural gas boiler,3449240.82383
capital,Link,SE1 0,rural ground heat pump,852595512.1889
capital,Link,SE1 0,rural resistive heater,3312248.8267
capital,Link,SE1 0,urban central air heat pump,4383.08654
capital,Link,SE1 0,urban central gas CHP,1464.61733
capital,Link,SE1 0,urban central gas boiler,87958752.79045
capital,Link,SE1 0,urban central resistive heater,2729.4338
capital,Link,SE1 0,urban central solid biomass CHP,302562844.45531
capital,Link,SE1 0,urban central solid biomass CHP CC,812659893.2451
capital,Link,SE1 0,urban decentral air heat pump,1316374066.55157
capital,Link,SE1 0,urban decentral biomass boiler,714866825.67406
capital,Link,SE1 0,urban decentral gas boiler,68115411.8318
capital,Link,SE1 0,urban decentral resistive heater,48009773.46392
capital,Link,SE1 0,waste CHP,2253.17789
capital,Link,SI0 0,Combined-Cycle Gas,20329062.32711
capital,Link,SI0 0,H2 Electrolysis,1758.08113
capital,Link,SI0 0,Haber-Bosch,6629.63416
capital,Link,SI0 0,Open-Cycle Gas,1258.30661
capital,Link,SI0 0,SMR,22023.90135
capital,Link,SI0 0,Sabatier,767.27351
capital,Link,SI0 0,battery charger,4010.56529
capital,Link,SI0 0,biogas to gas,4085041.69908
capital,Link,SI0 0,biomass to liquid,6530.01818
capital,Link,SI0 0,biomass-to-methanol,2637.77386
capital,Link,SI0 0,electricity distribution grid,98279063.17214
capital,Link,SI0 0,gas pipeline,3321347.86477
capital,Link,SI0 0,heat100-200 industry electric boiler steam,261.92177
capital,Link,SI0 0,heat100-200 industry gas,1277452.80183
capital,Link,SI0 0,heat100-200 industry industrial heat pump high temperature,18858877.03258
capital,Link,SI0 0,heat100-200 industry solid biomass,5020643.44412
capital,Link,SI0 0,heat200-500 industry gas,117446.86665
capital,Link,SI0 0,heat200-500 industry hydrogen,95.58287
capital,Link,SI0 0,heat200-500 industry solid biomass,1767647.32507
capital,Link,SI0 0,heat<100 industry electric boiler steam,256.20047
capital,Link,SI0 0,heat<100 industry gas,564327.78775
capital,Link,SI0 0,heat<100 industry industrial heat pump medium temperature,7893.97567
capital,Link,SI0 0,heat<100 industry solid biomass,9052502.64146
capital,Link,SI0 0,heat>500 industry gas,258214.34711
capital,Link,SI0 0,heat>500 industry hydrogen,108.78712
capital,Link,SI0 0,home battery charger,3533.5432
capital,Link,SI0 0,methanolisation,15179.06494
capital,Link,SI0 0,rural air heat pump,4726.06786
capital,Link,SI0 0,rural biomass boiler,142736714.77149
capital,Link,SI0 0,rural gas boiler,15082419.46597
capital,Link,SI0 0,rural ground heat pump,31878192.083
capital,Link,SI0 0,rural resistive heater,1631967.0429
capital,Link,SI0 0,urban central air heat pump,3243.48658
capital,Link,SI0 0,urban central gas CHP,2143.10557
capital,Link,SI0 0,urban central gas boiler,3561653.03905
capital,Link,SI0 0,urban central resistive heater,415707.63506
capital,Link,SI0 0,urban central solid biomass CHP,23836346.57433
capital,Link,SI0 0,urban central solid biomass CHP CC,49006.56117
capital,Link,SI0 0,urban decentral air heat pump,8699584.36403
capital,Link,SI0 0,urban decentral biomass boiler,145968016.99687
capital,Link,SI0 0,urban decentral gas boiler,15423858.28683
capital,Link,SI0 0,urban decentral resistive heater,1785699.10576
capital,Link,SI0 0,waste CHP,2051.02413
capital,Link,SK0 0,Combined-Cycle Gas,81511573.02642
capital,Link,SK0 0,EAF,2452.80819
capital,Link,SK0 0,H2 DRI,1636.22109
capital,Link,SK0 0,H2 Electrolysis,1858.14153
capital,Link,SK0 0,Haber-Bosch,7472.22294
capital,Link,SK0 0,Open-Cycle Gas,1288.63178
capital,Link,SK0 0,SMR,31570.06022
capital,Link,SK0 0,Sabatier,782.90649
capital,Link,SK0 0,battery charger,3958.91702
capital,Link,SK0 0,biogas to gas,26248773.34021
capital,Link,SK0 0,biomass to liquid,6120.84043
capital,Link,SK0 0,biomass-to-methanol,2600.14619
capital,Link,SK0 0,electricity distribution grid,193128066.22732
capital,Link,SK0 0,gas DRI,2145.1807
capital,Link,SK0 0,heat100-200 industry electric boiler steam,284.22555
capital,Link,SK0 0,heat100-200 industry gas,2920764.51619
capital,Link,SK0 0,heat100-200 industry industrial heat pump high temperature,19291572.82701
capital,Link,SK0 0,heat100-200 industry solid biomass,31047953.22155
capital,Link,SK0 0,heat200-500 industry gas,274728.33475
capital,Link,SK0 0,heat200-500 industry hydrogen,80.30747
capital,Link,SK0 0,heat200-500 industry solid biomass,4134628.92623
capital,Link,SK0 0,heat<100 industry electric boiler steam,257.03836
capital,Link,SK0 0,heat<100 industry gas,1407703.62481
capital,Link,SK0 0,heat<100 industry industrial heat pump medium temperature,6124.36267
capital,Link,SK0 0,heat<100 industry solid biomass,22593800.69284
capital,Link,SK0 0,heat>500 industry gas,715352.99681
capital,Link,SK0 0,heat>500 industry hydrogen,100.67783
capital,Link,SK0 0,home battery charger,3527.19961
capital,Link,SK0 0,methanolisation,22957.33257
capital,Link,SK0 0,rural air heat pump,5032.47349
capital,Link,SK0 0,rural biomass boiler,12985709.66658
capital,Link,SK0 0,rural gas boiler,352189241.72972
capital,Link,SK0 0,rural ground heat pump,9913820.03114
capital,Link,SK0 0,rural resistive heater,2554192.41566
capital,Link,SK0 0,urban central air heat pump,3440.05261
capital,Link,SK0 0,urban central gas CHP,2376.7994
capital,Link,SK0 0,urban central gas boiler,10334364.3381
capital,Link,SK0 0,urban central resistive heater,9968.06439
capital,Link,SK0 0,urban central solid biomass CHP,68605664.11366
capital,Link,SK0 0,urban central solid biomass CHP CC,82306.80017
capital,Link,SK0 0,urban decentral air heat pump,16822572.31379
capital,Link,SK0 0,urban decentral biomass boiler,11478982.03607
capital,Link,SK0 0,urban decentral gas boiler,311324839.60569
capital,Link,SK0 0,urban decentral resistive heater,2533375.36962
capital,Link,SK0 0,waste CHP,2235.34717
capital,Link,XK0 0,Combined-Cycle Gas,1916.79882
capital,Link,XK0 0,EAF,1890.17789
capital,Link,XK0 0,H2 DRI,1416.88389
capital,Link,XK0 0,H2 Electrolysis,1860.49944
capital,Link,XK0 0,Haber-Bosch,6136.91655
capital,Link,XK0 0,Open-Cycle Gas,1250.5425
capital,Link,XK0 0,SMR,61692.46138
capital,Link,XK0 0,Sabatier,790.63794
capital,Link,XK0 0,battery charger,5129.96866
capital,Link,XK0 0,biogas to gas,13746.73993
capital,Link,XK0 0,biomass to liquid,26693425.31792
capital,Link,XK0 0,biomass-to-methanol,2652.8903
capital,Link,XK0 0,electricity distribution grid,51551955.91262
capital,Link,XK0 0,gas DRI,1707.09877
capital,Link,XK0 0,heat100-200 industry electric boiler steam,379.66474
capital,Link,XK0 0,heat100-200 industry gas,117838.36814
capital,Link,XK0 0,heat100-200 industry industrial heat pump high temperature,18180.31199
capital,Link,XK0 0,heat100-200 industry solid biomass,1877051.3146
capital,Link,XK0 0,heat200-500 industry gas,14696.83468
capital,Link,XK0 0,heat200-500 industry hydrogen,127.61124
capital,Link,XK0 0,heat200-500 industry solid biomass,221332.68279
capital,Link,XK0 0,heat<100 industry electric boiler steam,383.90615
capital,Link,XK0 0,heat<100 industry gas,124038.07165
capital,Link,XK0 0,heat<100 industry industrial heat pump medium temperature,8436.54533
capital,Link,XK0 0,heat<100 industry solid biomass,1983587.78203
capital,Link,XK0 0,heat>500 industry gas,23551.97889
capital,Link,XK0 0,heat>500 industry hydrogen,169.92856
capital,Link,XK0 0,home battery charger,35766.55901
capital,Link,XK0 0,methanolisation,16934.30081
capital,Link,XK0 0,rural air heat pump,5703.12914
capital,Link,XK0 0,rural biomass boiler,6468.91318
capital,Link,XK0 0,rural gas boiler,3643.85168
capital,Link,XK0 0,rural ground heat pump,4859796.96656
capital,Link,XK0 0,rural resistive heater,2654.41056
capital,Link,XK0 0,urban central air heat pump,2422.27397
capital,Link,XK0 0,urban central gas CHP,1455.63249
capital,Link,XK0 0,urban central gas boiler,1144.21873
capital,Link,XK0 0,urban central resistive heater,53362.33322
capital,Link,XK0 0,urban central solid biomass CHP,1001006.98515
capital,Link,XK0 0,urban central solid biomass CHP CC,22644.57434
capital,Link,XK0 0,urban decentral air heat pump,8801.07421
capital,Link,XK0 0,urban decentral biomass boiler,3694052.70344
capital,Link,XK0 0,urban decentral gas boiler,5021.15623
capital,Link,XK0 0,urban decentral resistive heater,3839.16475
capital,Link,XK0 0,waste CHP,1830.31608
capital,StorageUnit,AL0 0,Reservoir & Dam,308888750.57444
capital,StorageUnit,AT0 0,Pumped Hydro Storage,968906199.16096
capital,StorageUnit,AT0 0,Reservoir & Dam,795309515.52648
capital,StorageUnit,BA0 0,Pumped Hydro Storage,80387443.22041
capital,StorageUnit,BA0 0,Reservoir & Dam,324016205.79865
capital,StorageUnit,BE0 0,Pumped Hydro Storage,238969944.84614
capital,StorageUnit,BE0 0,Reservoir & Dam,2326790.57208
capital,StorageUnit,BG0 0,Pumped Hydro Storage,157851706.68736
capital,StorageUnit,BG0 0,Reservoir & Dam,351720641.91216
capital,StorageUnit,CH0 0,Pumped Hydro Storage,933142921.86461
capital,StorageUnit,CH0 0,Reservoir & Dam,1910456916.79149
capital,StorageUnit,CZ0 0,Pumped Hydro Storage,214672758.22305
capital,StorageUnit,CZ0 0,Reservoir & Dam,122953307.34807
capital,StorageUnit,DE0 0,Pumped Hydro Storage,58463595.06939
capital,StorageUnit,DE0 1,Pumped Hydro Storage,283200943.09336
capital,StorageUnit,DE0 2,Pumped Hydro Storage,380652813.52212
capital,StorageUnit,DE0 3,Pumped Hydro Storage,107885064.36636
capital,StorageUnit,DE0 4,Pumped Hydro Storage,310204181.4635
capital,StorageUnit,DE0 5,Pumped Hydro Storage,182662194.84493
capital,StorageUnit,ES0 0,Pumped Hydro Storage,1369939056.52681
capital,StorageUnit,ES0 0,Reservoir & Dam,2495507959.01041
capital,StorageUnit,ES6 0,Pumped Hydro Storage,250735743.35386
capital,StorageUnit,ES6 0,Reservoir & Dam,230966826.77735
capital,StorageUnit,FI1 0,Reservoir & Dam,213940218.20706
capital,StorageUnit,FR0 0,Pumped Hydro Storage,147620577.55022
capital,StorageUnit,FR0 1,Pumped Hydro Storage,640779271.834
capital,StorageUnit,FR0 1,Reservoir & Dam,860935785.39339
capital,StorageUnit,FR0 2,Pumped Hydro Storage,168265534.55909
capital,StorageUnit,FR0 2,Reservoir & Dam,655378064.4141
capital,StorageUnit,FR0 4,Reservoir & Dam,25395124.10827
capital,StorageUnit,FR5 0,Reservoir & Dam,24657347.05265
capital,StorageUnit,GB2 0,Reservoir & Dam,14524549.40005
capital,StorageUnit,GB3 0,Pumped Hydro Storage,80387443.22041
capital,StorageUnit,GB3 0,Reservoir & Dam,25943220.31204
capital,StorageUnit,GR0 0,Pumped Hydro Storage,127706415.4797
capital,StorageUnit,GR0 0,Reservoir & Dam,468804952.96269
capital,StorageUnit,HR0 0,Pumped Hydro Storage,44889079.08922
capital,StorageUnit,HR0 0,Reservoir & Dam,265352456.70155
capital,StorageUnit,HU0 0,Reservoir & Dam,5115564.56857
capital,StorageUnit,IE3 0,Pumped Hydro Storage,71617903.96001
capital,StorageUnit,IE3 0,Reservoir & Dam,182698.73459
capital,StorageUnit,IT0 0,Pumped Hydro Storage,437746168.08208
capital,StorageUnit,IT0 0,Reservoir & Dam,133187377.51746
capital,StorageUnit,IT0 1,Pumped Hydro Storage,901782684.07192
capital,StorageUnit,IT0 1,Reservoir & Dam,618946773.05027
capital,StorageUnit,IT4 0,Pumped Hydro Storage,43847696.30204
capital,StorageUnit,IT4 0,Reservoir & Dam,14250501.29816
capital,StorageUnit,LT0 0,Pumped Hydro Storage,164428861.13267
capital,StorageUnit,LU0 0,Pumped Hydro Storage,236412162.56186
capital,StorageUnit,ME0 0,Pumped Hydro Storage,56088511.5197
capital,StorageUnit,ME0 0,Reservoir & Dam,63023938.18354
capital,StorageUnit,MK0 0,Reservoir & Dam,67781230.53358
capital,StorageUnit,NO1 0,Pumped Hydro Storage,42806313.51487
capital,StorageUnit,NO1 0,Reservoir & Dam,5530456951.94381
capital,StorageUnit,PL0 0,Pumped Hydro Storage,465516375.74004
capital,StorageUnit,PL0 0,Reservoir & Dam,24297768.01451
capital,StorageUnit,PT0 0,Pumped Hydro Storage,716727135.80383
capital,StorageUnit,PT0 0,Reservoir & Dam,211820912.88579
capital,StorageUnit,RO0 0,Reservoir & Dam,812998407.00966
capital,StorageUnit,RS0 0,Pumped Hydro Storage,112177023.0394
capital,StorageUnit,RS0 0,Reservoir & Dam,144350270.20102
capital,StorageUnit,SE1 0,Pumped Hydro Storage,16808283.58245
capital,StorageUnit,SE1 0,Reservoir & Dam,1987613629.76376
capital,StorageUnit,SI0 0,Pumped Hydro Storage,32885772.22653
capital,StorageUnit,SI0 0,Reservoir & Dam,105269183.88448
capital,StorageUnit,SK0 0,Pumped Hydro Storage,150273363.17649
capital,StorageUnit,SK0 0,Reservoir & Dam,51594122.64874
capital,StorageUnit,XK0 0,Reservoir & Dam,6394455.71071
capital,Store,AL0 0,Battery Storage,15190.44973
capital,Store,AL0 0,H2 Store,2213.14438
capital,Store,AL0 0,co2 stored,2194.32952
capital,Store,AL0 0,gas,47176.71617
capital,Store,AL0 0,home battery,8363.7905
capital,Store,AT0 0,Battery Storage,6397.92338
capital,Store,AT0 0,H2 Store,2212.80777
capital,Store,AT0 0,co2 stored,2194.77795
capital,Store,AT0 0,gas,1558082090.24805
capital,Store,AT0 0,home battery,2619.47278
capital,Store,BA0 0,Battery Storage,9574.24071
capital,Store,BA0 0,H2 Store,1907.87542
capital,Store,BA0 0,co2 stored,2193.5935
capital,Store,BA0 0,gas,59938.40985
capital,Store,BA0 0,home battery,53173.10353
capital,Store,BE0 0,Battery Storage,3587.44406
capital,Store,BE0 0,H2 Store,2218.76354
capital,Store,BE0 0,co2 stored,2197.21019
capital,Store,BE0 0,gas,9734173.73583
capital,Store,BE0 0,home battery,2476.05645
capital,Store,BG0 0,Battery Storage,12586.74063
capital,Store,BG0 0,H2 Store,2217.55311
capital,Store,BG0 0,co2 sequestered,84581.18334
capital,Store,BG0 0,co2 stored,2193.5813
capital,Store,BG0 0,gas,101394689.75009
capital,Store,BG0 0,home battery,63503.4796
capital,Store,CH0 0,Battery Storage,5818.02902
capital,Store,CH0 0,H2 Store,2213.0735
capital,Store,CH0 0,co2 stored,2194.64878
capital,Store,CH0 0,gas,75437.27024
capital,Store,CH0 0,home battery,28469.81447
capital,Store,CZ0 0,Battery Storage,5455.10809
capital,Store,CZ0 0,H2 Store,2209.61793
capital,Store,CZ0 0,co2 stored,2194.49717
capital,Store,CZ0 0,gas,655370291.70119
capital,Store,CZ0 0,home battery,6294.37672
capital,Store,DE0 0,Battery Storage,4061.11827
capital,Store,DE0 0,H2 Store,2201.41264
capital,Store,DE0 0,co2 sequestered,44567985.70187
capital,Store,DE0 0,co2 stored,2192.77269
capital,Store,DE0 0,gas,1646928622.65964
capital,Store,DE0 0,home battery,2549.90008
capital,Store,DE0 1,Battery Storage,4692.59301
capital,Store,DE0 1,H2 Store,2198.46379
capital,Store,DE0 1,co2 stored,2195.33254
capital,Store,DE0 1,gas,619965111.61779
capital,Store,DE0 1,home battery,2617.18663
capital,Store,DE0 2,Battery Storage,3934.19101
capital,Store,DE0 2,H2 Store,2287.33712
capital,Store,DE0 2,co2 sequestered,145701.60364
capital,Store,DE0 2,co2 stored,2197.40824
capital,Store,DE0 2,gas,1124457334.51839
capital,Store,DE0 2,home battery,2509.65092
capital,Store,DE0 3,Battery Storage,5623.66394
capital,Store,DE0 3,H2 Store,2209.75119
capital,Store,DE0 3,co2 stored,2196.00181
capital,Store,DE0 3,gas,604671916.73057
capital,Store,DE0 3,home battery,2567.20157
capital,Store,DE0 4,Battery Storage,5062.1034
capital,Store,DE0 4,H2 Store,2208.31379
capital,Store,DE0 4,co2 stored,2197.5846
capital,Store,DE0 4,gas,107937546.44432
capital,Store,DE0 4,home battery,2515.57601
capital,Store,DE0 5,Battery Storage,4793.57509
capital,Store,DE0 5,H2 Store,2229.61861
capital,Store,DE0 5,co2 stored,2506.89701
capital,Store,DE0 5,gas,617601022.9057
capital,Store,DE0 5,home battery,2490.796
capital,Store,DK0 0,Battery Storage,4293.29619
capital,Store,DK0 0,H2 Store,2600.02001
capital,Store,DK0 0,co2 sequestered,9970.8176
capital,Store,DK0 0,co2 stored,2228.13556
capital,Store,DK0 0,gas,67934502.01062
capital,Store,DK0 0,home battery,5012.18075
capital,Store,DK1 0,Battery Storage,3703.11471
capital,Store,DK1 0,H2 Store,2281.26652
capital,Store,DK1 0,co2 sequestered,6964.51987
capital,Store,DK1 0,co2 stored,2239.80771
capital,Store,DK1 0,gas,121674253.58613
capital,Store,DK1 0,home battery,7898.59286
capital,Store,EE0 0,Battery Storage,2916.95615
capital,Store,EE0 0,H2 Store,2212.23252
capital,Store,EE0 0,co2 sequestered,6948234.80007
capital,Store,EE0 0,co2 stored,2193.71775
capital,Store,EE0 0,gas,421354.93161
capital,Store,EE0 0,home battery,9467.57333
capital,Store,ES0 0,Battery Storage,32750.38168
capital,Store,ES0 0,H2 Store,2070.91338
capital,Store,ES0 0,co2 sequestered,46829401.14544
capital,Store,ES0 0,co2 stored,2203.5932
capital,Store,ES0 0,gas,739154073.4641
capital,Store,ES0 0,home battery,6589.09938
capital,Store,ES6 0,Battery Storage,2367.53578
capital,Store,ES6 0,H2 Store,2200.33396
capital,Store,ES6 0,co2 stored,2193.07738
capital,Store,ES6 0,gas,111606.06494
capital,Store,ES6 0,home battery,9050.20546
capital,Store,EU,ammonia store,1013.0934
capital,Store,EU,methanol,0.0
capital,Store,EU,uranium,12263580593.75943
capital,Store,FI1 0,Battery Storage,2351.27891
capital,Store,FI1 0,H2 Store,2201.76537
capital,Store,FI1 0,co2 stored,2835.97603
capital,Store,FI1 0,gas,9621939.78045
capital,Store,FI1 0,home battery,8448.72648
capital,Store,FR0 0,Battery Storage,4683.14698
capital,Store,FR0 0,H2 Store,2213.71435
capital,Store,FR0 0,co2 stored,2203.11169
capital,Store,FR0 0,gas,1806250992.23495
capital,Store,FR0 0,home battery,17324.04577
capital,Store,FR0 1,Battery Storage,5702.97463
capital,Store,FR0 1,H2 Store,2237.46304
capital,Store,FR0 1,co2 stored,2196.85866
capital,Store,FR0 1,gas,146008555.59116
capital,Store,FR0 1,home battery,19384.4096
capital,Store,FR0 2,Battery Storage,5237.82246
capital,Store,FR0 2,H2 Store,2217.40022
capital,Store,FR0 2,co2 stored,2200.00226
capital,Store,FR0 2,gas,588089198.69683
capital,Store,FR0 2,home battery,20310.42207
capital,Store,FR0 3,Battery Storage,4633.23297
capital,Store,FR0 3,H2 Store,2216.60496
capital,Store,FR0 3,co2 stored,2314.02888
capital,Store,FR0 3,gas,2201.79373
capital,Store,FR0 3,home battery,18165.74497
capital,Store,FR0 4,Battery Storage,5389.6389
capital,Store,FR0 4,H2 Store,2238.44635
capital,Store,FR0 4,co2 stored,2198.67509
capital,Store,FR0 4,gas,256201952.79158
capital,Store,FR0 4,home battery,18705.55867
capital,Store,FR5 0,Battery Storage,28706.49878
capital,Store,FR5 0,H2 Store,2213.29651
capital,Store,FR5 0,co2 stored,2193.07904
capital,Store,FR5 0,gas,80718.15976
capital,Store,FR5 0,home battery,95540.6416
capital,Store,GB2 0,Battery Storage,3306.6458
capital,Store,GB2 0,H2 Store,2346.21921
capital,Store,GB2 0,co2 sequestered,11461.34178
capital,Store,GB2 0,co2 stored,2241.84326
capital,Store,GB2 0,gas,586815632.36076
capital,Store,GB2 0,home battery,3368.30892
capital,Store,GB2 1,Battery Storage,3389.5991
capital,Store,GB2 1,H2 Store,2314.29441
capital,Store,GB2 1,co2 sequestered,23616.51538
capital,Store,GB2 1,co2 stored,2602.56646
capital,Store,GB2 1,gas,1806251479.07252
capital,Store,GB2 1,home battery,3620.73612
capital,Store,GB3 0,Battery Storage,3149.02579
capital,Store,GB3 0,H2 Store,2227.51083
capital,Store,GB3 0,co2 stored,2194.15112
capital,Store,GB3 0,gas,83830586.86096
capital,Store,GB3 0,home battery,3296.61206
capital,Store,GR0 0,Battery Storage,17399.35894
capital,Store,GR0 0,H2 Store,2213.20645
capital,Store,GR0 0,co2 sequestered,25601.61839
capital,Store,GR0 0,co2 stored,2210.76313
capital,Store,GR0 0,gas,83830441.17961
capital,Store,GR0 0,home battery,8261.36532
capital,Store,HR0 0,Battery Storage,8791.63331
capital,Store,HR0 0,H2 Store,2215.28232
capital,Store,HR0 0,co2 stored,2193.72248
capital,Store,HR0 0,gas,179141600.77512
capital,Store,HR0 0,home battery,2837.95818
capital,Store,HU0 0,Battery Storage,8366.18549
capital,Store,HU0 0,H2 Store,2215.90157
capital,Store,HU0 0,co2 stored,2194.16915
capital,Store,HU0 0,gas,1593551744.02472
capital,Store,HU0 0,home battery,2776.55154
capital,Store,IE3 0,Battery Storage,3159.7089
capital,Store,IE3 0,H2 Store,2215.40194
capital,Store,IE3 0,co2 sequestered,6763340.65934
capital,Store,IE3 0,co2 stored,2195.72024
capital,Store,IE3 0,gas,167660827.73659
capital,Store,IE3 0,home battery,2407.35125
capital,Store,IT0 0,Battery Storage,14506.59195
capital,Store,IT0 0,H2 Store,2211.71303
capital,Store,IT0 0,co2 sequestered,5084.54434
capital,Store,IT0 0,co2 stored,2226.4587
capital,Store,IT0 0,gas,862075799.54187
capital,Store,IT0 0,home battery,9606.47769
capital,Store,IT0 1,Battery Storage,8031.57273
capital,Store,IT0 1,H2 Store,2210.93376
capital,Store,IT0 1,co2 sequestered,59712.13932
capital,Store,IT0 1,co2 stored,2200.22696
capital,Store,IT0 1,gas,1806246631.18695
capital,Store,IT0 1,home battery,7772.88418
capital,Store,IT4 0,Battery Storage,49262.51272
capital,Store,IT4 0,H2 Store,2216.07847
capital,Store,IT4 0,co2 stored,2194.10961
capital,Store,IT4 0,gas,1137555.19283
capital,Store,IT4 0,home battery,4019.6103
capital,Store,LT0 0,Battery Storage,3035.35206
capital,Store,LT0 0,H2 Store,2208.85605
capital,Store,LT0 0,co2 sequestered,8695356.04225
capital,Store,LT0 0,co2 stored,2192.76492
capital,Store,LT0 0,gas,2215.57757
capital,Store,LT0 0,home battery,2304.00162
capital,Store,LU0 0,Battery Storage,6460.07377
capital,Store,LU0 0,H2 Store,2251.08133
capital,Store,LU0 0,co2 stored,2232.86089
capital,Store,LU0 0,gas,19588.87247
capital,Store,LU0 0,home battery,3046.9883
capital,Store,LV0 0,Battery Storage,2982.65746
capital,Store,LV0 0,H2 Store,2208.23818
capital,Store,LV0 0,co2 sequestered,12289894.20183
capital,Store,LV0 0,co2 stored,2192.88098
capital,Store,LV0 0,gas,436000792.89102
capital,Store,LV0 0,home battery,2297.16586
capital,Store,ME0 0,Battery Storage,12836.63604
capital,Store,ME0 0,H2 Store,2221.07107
capital,Store,ME0 0,co2 stored,2194.43803
capital,Store,ME0 0,gas,14110.85275
capital,Store,ME0 0,home battery,9335.21865
capital,Store,MK0 0,Battery Storage,13725.28236
capital,Store,MK0 0,H2 Store,2219.97033
capital,Store,MK0 0,co2 stored,2194.25107
capital,Store,MK0 0,gas,35372.52335
capital,Store,MK0 0,home battery,50752.95667
capital,Store,NL0 0,Battery Storage,4000.80738
capital,Store,NL0 0,H2 Store,2301.58017
capital,Store,NL0 0,co2 sequestered,23072.58276
capital,Store,NL0 0,co2 stored,2204.52343
capital,Store,NL0 0,gas,1806245739.62075
capital,Store,NL0 0,home battery,2492.38775
capital,Store,NO1 0,Battery Storage,2227.07722
capital,Store,NO1 0,H2 Store,2197.96285
capital,Store,NO1 0,co2 sequestered,4626.27851
capital,Store,NO1 0,co2 stored,2226.20473
capital,Store,NO1 0,gas,2201.32954
capital,Store,NO1 0,home battery,8101.10476
capital,Store,PL0 0,Battery Storage,5573.6333
capital,Store,PL0 0,H2 Store,2218.56448
capital,Store,PL0 0,co2 sequestered,45365589.81107
capital,Store,PL0 0,co2 stored,2192.75917
capital,Store,PL0 0,gas,1806245647.35309
capital,Store,PL0 0,home battery,3497.18943
capital,Store,PT0 0,Battery Storage,24737.61359
capital,Store,PT0 0,H2 Store,2210.54605
capital,Store,PT0 0,co2 sequestered,23531.6003
capital,Store,PT0 0,co2 stored,2211.82438
capital,Store,PT0 0,gas,83830423.57273
capital,Store,PT0 0,home battery,5598928.57152
capital,Store,RO0 0,Battery Storage,10233.56782
capital,Store,RO0 0,H2 Store,2129.21288
capital,Store,RO0 0,co2 stored,2195.69596
capital,Store,RO0 0,gas,925471296.56084
capital,Store,RO0 0,home battery,2886.44823
capital,Store,RS0 0,Battery Storage,10490.19634
capital,Store,RS0 0,H2 Store,2215.67202
capital,Store,RS0 0,co2 stored,2193.45279
capital,Store,RS0 0,gas,83830402.83349
capital,Store,RS0 0,home battery,143132.8421
capital,Store,SE1 0,Battery Storage,2319.80727
capital,Store,SE1 0,H2 Store,2196.14799
capital,Store,SE1 0,co2 sequestered,21359.50171
capital,Store,SE1 0,co2 stored,2210.21139
capital,Store,SE1 0,gas,63878714.83142
capital,Store,SE1 0,home battery,8179.16231
capital,Store,SI0 0,Battery Storage,7771.44455
capital,Store,SI0 0,H2 Store,2214.35596
capital,Store,SI0 0,co2 stored,2194.43482
capital,Store,SI0 0,gas,650778.42435
capital,Store,SI0 0,home battery,2770.78225
capital,Store,SK0 0,Battery Storage,7408.86845
capital,Store,SK0 0,H2 Store,2217.03711
capital,Store,SK0 0,co2 stored,2193.43807
capital,Store,SK0 0,gas,608401102.42783
capital,Store,SK0 0,home battery,2685.30765
capital,Store,XK0 0,Battery Storage,13507.54916
capital,Store,XK0 0,H2 Store,2215.13484
capital,Store,XK0 0,co2 stored,2194.21739
capital,Store,XK0 0,gas,2826.63905
capital,Store,XK0 0,home battery,57454.49509
marginal,Generator,,co2-ets,21098524012.86873
marginal,Generator,AL0 0,Offshore Wind (AC),0.25795
marginal,Generator,AL0 0,Offshore Wind (Floating),0.25919
marginal,Generator,AL0 0,Onshore Wind,2147.59724
marginal,Generator,AL0 0,Run of River,2096.98531
marginal,Generator,AL0 0,Solar,7885.76479
marginal,Generator,AL0 0,forest residues,6443538.16944
marginal,Generator,AL0 0,industry wood,3919233.28314
marginal,Generator,AL0 0,landscape care,711.28586
marginal,Generator,AL0 0,manure and slurry,928.42474
marginal,Generator,AL0 0,municipal solid waste,1799.81838
marginal,Generator,AL0 0,rural heat vent,4.33112
marginal,Generator,AL0 0,rural solar thermal,0.14895
marginal,Generator,AL0 0,sewage sludge,1559.81618
marginal,Generator,AL0 0,solar-hsat,144344.218
marginal,Generator,AL0 0,solid biomass,1880.71467
marginal,Generator,AL0 0,straw,5434.55338
marginal,Generator,AL0 0,unsustainable solid biomass,17849892.21106
marginal,Generator,AL0 0,urban central heat vent,1.49679
marginal,Generator,AL0 0,urban central solar thermal,3.37765
marginal,Generator,AL0 0,urban decentral heat vent,3.9785
marginal,Generator,AL0 0,urban decentral solar thermal,0.12941
marginal,Generator,AT0 0,Onshore Wind,98011.64673
marginal,Generator,AT0 0,Run of River,197612.32171
marginal,Generator,AT0 0,Solar,9055.34956
marginal,Generator,AT0 0,forest residues,138821466.40694
marginal,Generator,AT0 0,gas,384481913.05251
marginal,Generator,AT0 0,industry wood,78657584.00725
marginal,Generator,AT0 0,landscape care,4081967.92482
marginal,Generator,AT0 0,manure and slurry,1008.03021
marginal,Generator,AT0 0,municipal solid waste,7912.58533
marginal,Generator,AT0 0,rural solar thermal,0.0939
marginal,Generator,AT0 0,sewage sludge,890.67597
marginal,Generator,AT0 0,solar-hsat,1046417.57727
marginal,Generator,AT0 0,solid biomass,1771.44436
marginal,Generator,AT0 0,straw,4094.9125
marginal,Generator,AT0 0,unsustainable biogas,102844291.64928
marginal,Generator,AT0 0,unsustainable bioliquids,420166939.41395
marginal,Generator,AT0 0,unsustainable solid biomass,520616453.29316
marginal,Generator,AT0 0,urban central heat vent,4.98153
marginal,Generator,AT0 0,urban central solar thermal,0.29151
marginal,Generator,AT0 0,urban decentral heat vent,1.36509
marginal,Generator,AT0 0,urban decentral solar thermal,0.09061
marginal,Generator,BA0 0,Offshore Wind (AC),0.07956
marginal,Generator,BA0 0,Offshore Wind (Floating),0.0284
marginal,Generator,BA0 0,Onshore Wind,4312.82534
marginal,Generator,BA0 0,Solar,6767.48361
marginal,Generator,BA0 0,forest residues,8076489.54882
marginal,Generator,BA0 0,industry wood,13289048.51673
marginal,Generator,BA0 0,landscape care,1549.95401
marginal,Generator,BA0 0,manure and slurry,922.84465
marginal,Generator,BA0 0,municipal solid waste,527.14381
marginal,Generator,BA0 0,rural heat vent,18.53082
marginal,Generator,BA0 0,rural solar thermal,0.057
marginal,Generator,BA0 0,sewage sludge,1117.43479
marginal,Generator,BA0 0,solar-hsat,191882.37504
marginal,Generator,BA0 0,solid biomass,1935.53659
marginal,Generator,BA0 0,straw,3763.44158
marginal,Generator,BA0 0,unsustainable biogas,766911.87692
marginal,Generator,BA0 0,unsustainable solid biomass,161924499.24559
marginal,Generator,BA0 0,urban central heat vent,5.32235
marginal,Generator,BA0 0,urban central solar thermal,0.34148
marginal,Generator,BA0 0,urban decentral heat vent,12.01176
marginal,Generator,BA0 0,urban decentral solar thermal,0.05587
marginal,Generator,BE0 0,Offshore Wind (AC),245471.30477
marginal,Generator,BE0 0,Offshore Wind (DC),102585.58456
marginal,Generator,BE0 0,Offshore Wind (Floating),0.32265
marginal,Generator,BE0 0,Onshore Wind,615093.44168
marginal,Generator,BE0 0,Run of River,2927.65673
marginal,Generator,BE0 0,Solar,9873.00916
marginal,Generator,BE0 0,forest residues,41726720.94832
marginal,Generator,BE0 0,gas,2749355670.12397
marginal,Generator,BE0 0,industry wood,11813978.19432
marginal,Generator,BE0 0,landscape care,5045589.67285
marginal,Generator,BE0 0,manure and slurry,1440.83128
marginal,Generator,BE0 0,municipal solid waste,32604.83653
marginal,Generator,BE0 0,rural solar thermal,0.0083
marginal,Generator,BE0 0,sewage sludge,940.12687
marginal,Generator,BE0 0,solar-hsat,265239.52453
marginal,Generator,BE0 0,solid biomass,35621870.55311
marginal,Generator,BE0 0,straw,2615.68026
marginal,Generator,BE0 0,unsustainable biogas,111026399.07171
marginal,Generator,BE0 0,unsustainable bioliquids,481330516.90858
marginal,Generator,BE0 0,unsustainable solid biomass,133284997.80699
marginal,Generator,BE0 0,urban central heat vent,2.78389
marginal,Generator,BE0 0,urban central solar thermal,0.11517
marginal,Generator,BE0 0,urban decentral heat vent,1.26475
marginal,Generator,BE0 0,urban decentral solar thermal,0.02215
marginal,Generator,BG0 0,Offshore Wind (AC),1.00465
marginal,Generator,BG0 0,Offshore Wind (DC),1.96859
marginal,Generator,BG0 0,Offshore Wind (Floating),0.49894
marginal,Generator,BG0 0,Onshore Wind,15534.59191
marginal,Generator,BG0 0,Run of River,1775.11591
marginal,Generator,BG0 0,Solar,66454.47936
marginal,Generator,BG0 0,forest residues,65870793.51602
marginal,Generator,BG0 0,gas,934136113.27915
marginal,Generator,BG0 0,industry wood,19932563.98653
marginal,Generator,BG0 0,landscape care,4458352.87757
marginal,Generator,BG0 0,manure and slurry,928.0072
marginal,Generator,BG0 0,municipal solid waste,2992.21587
marginal,Generator,BG0 0,rural solar thermal,0.10702
marginal,Generator,BG0 0,sewage sludge,141.28312
marginal,Generator,BG0 0,solar-hsat,301959.74411
marginal,Generator,BG0 0,solid biomass,1871.33554
marginal,Generator,BG0 0,straw,3304.15432
marginal,Generator,BG0 0,unsustainable biogas,24422431.74056
marginal,Generator,BG0 0,unsustainable bioliquids,174229160.13516
marginal,Generator,BG0 0,unsustainable solid biomass,180765372.36305
marginal,Generator,BG0 0,urban central heat vent,9.8793
marginal,Generator,BG0 0,urban central solar thermal,0.36727
marginal,Generator,BG0 0,urban decentral heat vent,8.11582
marginal,Generator,BG0 0,urban decentral solar thermal,0.09482
marginal,Generator,CH0 0,Onshore Wind,564.90214
marginal,Generator,CH0 0,Run of River,104197.58306
marginal,Generator,CH0 0,Solar,2382.67653
marginal,Generator,CH0 0,forest residues,173380110.42656
marginal,Generator,CH0 0,industry wood,76662581.6334
marginal,Generator,CH0 0,landscape care,16176.66994
marginal,Generator,CH0 0,manure and slurry,1131.75332
marginal,Generator,CH0 0,municipal solid waste,68254.92912
marginal,Generator,CH0 0,rural solar thermal,0.03692
marginal,Generator,CH0 0,sewage sludge,835.62859
marginal,Generator,CH0 0,solar-hsat,1142052.85294
marginal,Generator,CH0 0,solid biomass,1580.57397
marginal,Generator,CH0 0,straw,6499.05489
marginal,Generator,CH0 0,unsustainable solid biomass,1510.75197
marginal,Generator,CH0 0,urban central heat vent,4.87459
marginal,Generator,CH0 0,urban central solar thermal,0.22006
marginal,Generator,CH0 0,urban decentral heat vent,6.29279
marginal,Generator,CH0 0,urban decentral solar thermal,0.037
marginal,Generator,CZ0 0,Onshore Wind,5905.72683
marginal,Generator,CZ0 0,Run of River,1382.11018
marginal,Generator,CZ0 0,Solar,27408.2435
marginal,Generator,CZ0 0,forest residues,105289562.27512
marginal,Generator,CZ0 0,industry wood,51900474.51126
marginal,Generator,CZ0 0,landscape care,9265244.12773
marginal,Generator,CZ0 0,manure and slurry,1326.5533
marginal,Generator,CZ0 0,municipal solid waste,3571.25641
marginal,Generator,CZ0 0,rural solar thermal,0.04138
marginal,Generator,CZ0 0,sewage sludge,812.84368
marginal,Generator,CZ0 0,solar-hsat,102920.55984
marginal,Generator,CZ0 0,solid biomass,2943.31929
marginal,Generator,CZ0 0,straw,4116.62425
marginal,Generator,CZ0 0,unsustainable biogas,278562001.76252
marginal,Generator,CZ0 0,unsustainable bioliquids,295370331.05572
marginal,Generator,CZ0 0,unsustainable solid biomass,375916412.47282
marginal,Generator,CZ0 0,urban central heat vent,0.49387
marginal,Generator,CZ0 0,urban central solar thermal,0.27052
marginal,Generator,CZ0 0,urban decentral heat vent,2.44164
marginal,Generator,CZ0 0,urban decentral solar thermal,0.04247
marginal,Generator,DE0 0,Offshore Wind (AC),234825.73549
marginal,Generator,DE0 0,Offshore Wind (DC),196744.11954
marginal,Generator,DE0 0,Offshore Wind (Floating),0.23652
marginal,Generator,DE0 0,Onshore Wind,933192.2895
marginal,Generator,DE0 0,Run of River,3302.10643
marginal,Generator,DE0 0,Solar,51013.13685
marginal,Generator,DE0 0,forest residues,86032051.4822
marginal,Generator,DE0 0,gas,1799636903.62714
marginal,Generator,DE0 0,industry wood,37421987.81915
marginal,Generator,DE0 0,landscape care,3005560.71058
marginal,Generator,DE0 0,manure and slurry,1373.24014
marginal,Generator,DE0 0,municipal solid waste,18570.6494
marginal,Generator,DE0 0,rural solar thermal,0.03913
marginal,Generator,DE0 0,sewage sludge,778.12091
marginal,Generator,DE0 0,solar-hsat,6852.48764
marginal,Generator,DE0 0,solid biomass,1805.62491
marginal,Generator,DE0 0,straw,3279.76916
marginal,Generator,DE0 0,unsustainable biogas,775585689.52087
marginal,Generator,DE0 0,unsustainable bioliquids,805909881.54241
marginal,Generator,DE0 0,unsustainable solid biomass,303370496.80919
marginal,Generator,DE0 0,urban central heat vent,1.57802
marginal,Generator,DE0 0,urban central solar thermal,0.10361
marginal,Generator,DE0 0,urban decentral heat vent,0.16777
marginal,Generator,DE0 0,urban decentral solar thermal,0.03044
marginal,Generator,DE0 1,Onshore Wind,142040.6588
marginal,Generator,DE0 1,Run of River,9859.67937
marginal,Generator,DE0 1,Solar,80545.12915
marginal,Generator,DE0 1,forest residues,69563232.2407
marginal,Generator,DE0 1,industry wood,29259830.37354
marginal,Generator,DE0 1,landscape care,2349329.57008
marginal,Generator,DE0 1,manure and slurry,1171.29821
marginal,Generator,DE0 1,municipal solid waste,10877.77376
marginal,Generator,DE0 1,rural solar thermal,0.03977
marginal,Generator,DE0 1,sewage sludge,855.07166
marginal,Generator,DE0 1,solar-hsat,137858.98326
marginal,Generator,DE0 1,solid biomass,1804.45433
marginal,Generator,DE0 1,straw,5789.02395
marginal,Generator,DE0 1,unsustainable biogas,469213750.08818
marginal,Generator,DE0 1,unsustainable bioliquids,487561321.14485
marginal,Generator,DE0 1,unsustainable solid biomass,183550100.19921
marginal,Generator,DE0 1,urban central heat vent,7.85529
marginal,Generator,DE0 1,urban central solar thermal,0.16364
marginal,Generator,DE0 1,urban decentral heat vent,0.13931
marginal,Generator,DE0 1,urban decentral solar thermal,0.03813
marginal,Generator,DE0 2,Offshore Wind (AC),637681.92027
marginal,Generator,DE0 2,Offshore Wind (DC),2508233.13032
marginal,Generator,DE0 2,Offshore Wind (Floating),0.38839
marginal,Generator,DE0 2,Onshore Wind,373721.0929
marginal,Generator,DE0 2,Run of River,17118.70077
marginal,Generator,DE0 2,Solar,32030.10211
marginal,Generator,DE0 2,forest residues,60827292.44954
marginal,Generator,DE0 2,gas,4643982643.39937
marginal,Generator,DE0 2,industry wood,29227905.91621
marginal,Generator,DE0 2,landscape care,2349066.49091
marginal,Generator,DE0 2,manure and slurry,1281.64377
marginal,Generator,DE0 2,municipal solid waste,24752.04156
marginal,Generator,DE0 2,rural solar thermal,0.03813
marginal,Generator,DE0 2,sewage sludge,799.244
marginal,Generator,DE0 2,solar-hsat,947.83663
marginal,Generator,DE0 2,solid biomass,241003034.1942
marginal,Generator,DE0 2,straw,3187.18866
marginal,Generator,DE0 2,unsustainable biogas,546538926.13326
marginal,Generator,DE0 2,unsustainable bioliquids,567914880.44978
marginal,Generator,DE0 2,unsustainable solid biomass,213806693.59021
marginal,Generator,DE0 2,urban central heat vent,4.37552
marginal,Generator,DE0 2,urban central solar thermal,0.14421
marginal,Generator,DE0 2,urban decentral heat vent,0.18586
marginal,Generator,DE0 2,urban decentral solar thermal,0.02504
marginal,Generator,DE0 3,Onshore Wind,14188.60159
marginal,Generator,DE0 3,Run of River,133344.34856
marginal,Generator,DE0 3,Solar,96461.71608
marginal,Generator,DE0 3,forest residues,102398425.94838
marginal,Generator,DE0 3,industry wood,41046110.32194
marginal,Generator,DE0 3,landscape care,3291797.30213
marginal,Generator,DE0 3,manure and slurry,1190.7096
marginal,Generator,DE0 3,municipal solid waste,12820.9773
marginal,Generator,DE0 3,rural solar thermal,0.05684
marginal,Generator,DE0 3,sewage sludge,840.75472
marginal,Generator,DE0 3,solar-hsat,522257.52783
marginal,Generator,DE0 3,solid biomass,1851.16098
marginal,Generator,DE0 3,straw,6885.69712
marginal,Generator,DE0 3,unsustainable biogas,589823521.3307
marginal,Generator,DE0 3,unsustainable bioliquids,612886852.75701
marginal,Generator,DE0 3,unsustainable solid biomass,230722953.22073
marginal,Generator,DE0 3,urban central heat vent,2.02703
marginal,Generator,DE0 3,urban central solar thermal,0.22108
marginal,Generator,DE0 3,urban decentral heat vent,0.13592
marginal,Generator,DE0 3,urban decentral solar thermal,0.0576
marginal,Generator,DE0 4,Onshore Wind,101257.61295
marginal,Generator,DE0 4,Run of River,37999.89245
marginal,Generator,DE0 4,Solar,49401.36221
marginal,Generator,DE0 4,forest residues,86917163.17913
marginal,Generator,DE0 4,industry wood,40434633.73019
marginal,Generator,DE0 4,landscape care,3244727.05594
marginal,Generator,DE0 4,manure and slurry,1131.05879
marginal,Generator,DE0 4,municipal solid waste,23747.89115
marginal,Generator,DE0 4,rural solar thermal,0.04132
marginal,Generator,DE0 4,sewage sludge,845.34233
marginal,Generator,DE0 4,solar-hsat,444262.10399
marginal,Generator,DE0 4,solid biomass,2494.99993
marginal,Generator,DE0 4,straw,5298.65746
marginal,Generator,DE0 4,unsustainable biogas,577215547.46042
marginal,Generator,DE0 4,unsustainable bioliquids,599785974.71109
marginal,Generator,DE0 4,unsustainable solid biomass,225789295.08838
marginal,Generator,DE0 4,urban central heat vent,2.75886
marginal,Generator,DE0 4,urban central solar thermal,0.2645
marginal,Generator,DE0 4,urban decentral heat vent,0.13188
marginal,Generator,DE0 4,urban decentral solar thermal,0.04053
marginal,Generator,DE0 5,Offshore Wind (AC),220192.12666
marginal,Generator,DE0 5,Offshore Wind (DC),31248.37957
marginal,Generator,DE0 5,Offshore Wind (Floating),0.30655
marginal,Generator,DE0 5,Onshore Wind,814248.79408
marginal,Generator,DE0 5,Run of River,3659.73768
marginal,Generator,DE0 5,Solar,229274.48972
marginal,Generator,DE0 5,forest residues,97056409.50228
marginal,Generator,DE0 5,gas,2022811786.59212
marginal,Generator,DE0 5,industry wood,40167559.58962
marginal,Generator,DE0 5,landscape care,3229090.84546
marginal,Generator,DE0 5,manure and slurry,1872.74193
marginal,Generator,DE0 5,municipal solid waste,17977.44665
marginal,Generator,DE0 5,rural solar thermal,0.04455
marginal,Generator,DE0 5,sewage sludge,782.87176
marginal,Generator,DE0 5,solar-hsat,363845.33416
marginal,Generator,DE0 5,solid biomass,1808.73001
marginal,Generator,DE0 5,straw,3308.21631
marginal,Generator,DE0 5,unsustainable biogas,681455374.28648
marginal,Generator,DE0 5,unsustainable bioliquids,708112778.88517
marginal,Generator,DE0 5,unsustainable solid biomass,266555650.19057
marginal,Generator,DE0 5,urban central heat vent,6.73597
marginal,Generator,DE0 5,urban central solar thermal,0.16183
marginal,Generator,DE0 5,urban decentral heat vent,0.14018
marginal,Generator,DE0 5,urban decentral solar thermal,0.04004
marginal,Generator,DK0 0,Offshore Wind (AC),156266.09467
marginal,Generator,DK0 0,Offshore Wind (DC),6.29882
marginal,Generator,DK0 0,Offshore Wind (Floating),0.84448
marginal,Generator,DK0 0,Onshore Wind,1545945.69111
marginal,Generator,DK0 0,Solar,32343.98333
marginal,Generator,DK0 0,forest residues,17048702.59611
marginal,Generator,DK0 0,gas,1113893023.6445
marginal,Generator,DK0 0,industry wood,6143255.37911
marginal,Generator,DK0 0,landscape care,1932665.68151
marginal,Generator,DK0 0,manure and slurry,1269.13406
marginal,Generator,DK0 0,municipal solid waste,11210.70982
marginal,Generator,DK0 0,rural solar thermal,0.01294
marginal,Generator,DK0 0,sewage sludge,1048.63095
marginal,Generator,DK0 0,solar-hsat,3.88314
marginal,Generator,DK0 0,solid biomass,1625.98649
marginal,Generator,DK0 0,straw,2941.12236
marginal,Generator,DK0 0,unsustainable biogas,138225153.09758
marginal,Generator,DK0 0,unsustainable bioliquids,2641899.98265
marginal,Generator,DK0 0,unsustainable solid biomass,121955271.324
marginal,Generator,DK0 0,urban central heat vent,25.32506
marginal,Generator,DK0 0,urban central solar thermal,0.08582
marginal,Generator,DK0 0,urban decentral heat vent,11.91765
marginal,Generator,DK0 0,urban decentral solar thermal,0.02342
marginal,Generator,DK1 0,Offshore Wind (AC),112154.84412
marginal,Generator,DK1 0,Offshore Wind (DC),0.95111
marginal,Generator,DK1 0,Offshore Wind (Floating),0.52585
marginal,Generator,DK1 0,Onshore Wind,632459.91558
marginal,Generator,DK1 0,Solar,11557.59618
marginal,Generator,DK1 0,forest residues,4453729.97972
marginal,Generator,DK1 0,industry wood,1980108.0484
marginal,Generator,DK1 0,landscape care,634473.06224
marginal,Generator,DK1 0,manure and slurry,1102.8673
marginal,Generator,DK1 0,municipal solid waste,10139.29629
marginal,Generator,DK1 0,rural solar thermal,0.01418
marginal,Generator,DK1 0,sewage sludge,1098.25876
marginal,Generator,DK1 0,solar-hsat,10.58834
marginal,Generator,DK1 0,solid biomass,10810.72912
marginal,Generator,DK1 0,straw,2818.25082
marginal,Generator,DK1 0,unsustainable biogas,50461745.53773
marginal,Generator,DK1 0,unsustainable bioliquids,964473.00199
marginal,Generator,DK1 0,unsustainable solid biomass,44533163.20533
marginal,Generator,DK1 0,urban central heat vent,42.50621
marginal,Generator,DK1 0,urban central solar thermal,0.09544
marginal,Generator,DK1 0,urban decentral heat vent,15.32497
marginal,Generator,DK1 0,urban decentral solar thermal,0.02749
marginal,Generator,EE0 0,Offshore Wind (AC),7.67318
marginal,Generator,EE0 0,Offshore Wind (DC),5.0648
marginal,Generator,EE0 0,Offshore Wind (Floating),0.8021
marginal,Generator,EE0 0,Onshore Wind,271476.07686
marginal,Generator,EE0 0,Solar,8639.26851
marginal,Generator,EE0 0,forest residues,46330747.13935
marginal,Generator,EE0 0,industry wood,28510102.85475
marginal,Generator,EE0 0,landscape care,1909788.19501
marginal,Generator,EE0 0,manure and slurry,1113.12286
marginal,Generator,EE0 0,municipal solid waste,3008.59716
marginal,Generator,EE0 0,rural solar thermal,0.02844
marginal,Generator,EE0 0,sewage sludge,1.09857
marginal,Generator,EE0 0,solar-hsat,18213.32816
marginal,Generator,EE0 0,solid biomass,1721.42534
marginal,Generator,EE0 0,straw,3077.37603
marginal,Generator,EE0 0,unsustainable biogas,6651481.04588
marginal,Generator,EE0 0,unsustainable solid biomass,196662927.72308
marginal,Generator,EE0 0,urban central heat vent,45.64716
marginal,Generator,EE0 0,urban central solar thermal,0.07232
marginal,Generator,EE0 0,urban decentral heat vent,5.11596
marginal,Generator,EE0 0,urban decentral solar thermal,0.02039
marginal,Generator,ES0 0,Offshore Wind (AC),1227.58031
marginal,Generator,ES0 0,Offshore Wind (Floating),0.51519
marginal,Generator,ES0 0,Onshore Wind,988207.72567
marginal,Generator,ES0 0,Run of River,2239.03775
marginal,Generator,ES0 0,Solar,1129258.44736
marginal,Generator,ES0 0,forest residues,155894749.12237
marginal,Generator,ES0 0,gas,4841931961.29452
marginal,Generator,ES0 0,industry wood,56084007.06667
marginal,Generator,ES0 0,landscape care,22169901.64022
marginal,Generator,ES0 0,manure and slurry,2234.64374
marginal,Generator,ES0 0,municipal solid waste,24645.7359
marginal,Generator,ES0 0,rural solar thermal,0.16307
marginal,Generator,ES0 0,sewage sludge,786.23434
marginal,Generator,ES0 0,solar-hsat,2576591.35233
marginal,Generator,ES0 0,solid biomass,1988.54578
marginal,Generator,ES0 0,straw,3691.11574
marginal,Generator,ES0 0,unsustainable biogas,138401820.59778
marginal,Generator,ES0 0,unsustainable bioliquids,2181170300.04852
marginal,Generator,ES0 0,unsustainable solid biomass,557090940.59226
marginal,Generator,ES0 0,urban central heat vent,3.7941
marginal,Generator,ES0 0,urban central solar thermal,1.5638
marginal,Generator,ES0 0,urban decentral heat vent,10.56631
marginal,Generator,ES0 0,urban decentral solar thermal,0.24685
marginal,Generator,ES6 0,Offshore Wind (AC),0.28795
marginal,Generator,ES6 0,Offshore Wind (Floating),0.24596
marginal,Generator,ES6 0,Onshore Wind,0.91757
marginal,Generator,ES6 0,Run of River,2224.85032
marginal,Generator,ES6 0,Solar,8761.43811
marginal,Generator,ES6 0,forest residues,1175769.57241
marginal,Generator,ES6 0,industry wood,491743.24018
marginal,Generator,ES6 0,landscape care,174261.95551
marginal,Generator,ES6 0,manure and slurry,1050.86978
marginal,Generator,ES6 0,municipal solid waste,1221.09256
marginal,Generator,ES6 0,rural solar thermal,0.27037
marginal,Generator,ES6 0,sewage sludge,1391.18824
marginal,Generator,ES6 0,solar-hsat,51080.30508
marginal,Generator,ES6 0,solid biomass,12912.15926
marginal,Generator,ES6 0,straw,2652.56173
marginal,Generator,ES6 0,unsustainable biogas,1083297.43946
marginal,Generator,ES6 0,unsustainable bioliquids,17072475.30028
marginal,Generator,ES6 0,unsustainable solid biomass,4367251.99866
marginal,Generator,ES6 0,urban central heat vent,2539.3273
marginal,Generator,ES6 0,urban central solar thermal,0.31908
marginal,Generator,ES6 0,urban decentral heat vent,0.32681
marginal,Generator,ES6 0,urban decentral solar thermal,0.08542
marginal,Generator,EU,co2-ets,177995163522.3884
marginal,Generator,EU,coal,2849112548.72808
marginal,Generator,EU,lignite,413793.25945
marginal,Generator,EU,oil primary,278332330581.07794
marginal,Generator,EU,uranium,6572192219.36231
marginal,Generator,FI1 0,Offshore Wind (AC),17.37173
marginal,Generator,FI1 0,Offshore Wind (DC),183762.92292
marginal,Generator,FI1 0,Offshore Wind (Floating),1.00806
marginal,Generator,FI1 0,Onshore Wind,471307.62154
marginal,Generator,FI1 0,Run of River,73595.06151
marginal,Generator,FI1 0,Solar,2899.57416
marginal,Generator,FI1 0,forest residues,233624718.13037
marginal,Generator,FI1 0,gas,1060248283.70017
marginal,Generator,FI1 0,industry wood,126184796.18319
marginal,Generator,FI1 0,landscape care,7501132.02742
marginal,Generator,FI1 0,manure and slurry,1059.29178
marginal,Generator,FI1 0,municipal solid waste,11859.54744
marginal,Generator,FI1 0,rural solar thermal,0.01214
marginal,Generator,FI1 0,sewage sludge,937.4534
marginal,Generator,FI1 0,solar-hsat,51732.43668
marginal,Generator,FI1 0,solid biomass,1683.49766
marginal,Generator,FI1 0,straw,4944.97555
marginal,Generator,FI1 0,unsustainable biogas,89880545.04313
marginal,Generator,FI1 0,unsustainable bioliquids,430651742.74134
marginal,Generator,FI1 0,unsustainable solid biomass,962747117.40517
marginal,Generator,FI1 0,urban central heat vent,1002.38662
marginal,Generator,FI1 0,urban central solar thermal,0.06104
marginal,Generator,FI1 0,urban decentral heat vent,1.46678
marginal,Generator,FI1 0,urban decentral solar thermal,0.01488
marginal,Generator,FR0 0,Offshore Wind (AC),327928.90068
marginal,Generator,FR0 0,Offshore Wind (DC),318397.72618
marginal,Generator,FR0 0,Offshore Wind (Floating),0.29314
marginal,Generator,FR0 0,Onshore Wind,670678.2314
marginal,Generator,FR0 0,Solar,30277.40399
marginal,Generator,FR0 0,forest residues,38256796.48329
marginal,Generator,FR0 0,gas,3738206024.66162
marginal,Generator,FR0 0,industry wood,39840275.18124
marginal,Generator,FR0 0,landscape care,7636765.83961
marginal,Generator,FR0 0,manure and slurry,1268.25006
marginal,Generator,FR0 0,municipal solid waste,27209.81904
marginal,Generator,FR0 0,rural solar thermal,0.01869
marginal,Generator,FR0 0,sewage sludge,1423.653
marginal,Generator,FR0 0,solar-hsat,1.48016
marginal,Generator,FR0 0,solid biomass,2056.25415
marginal,Generator,FR0 0,straw,3792.75544
marginal,Generator,FR0 0,unsustainable biogas,157964672.99142
marginal,Generator,FR0 0,unsustainable bioliquids,893886796.56496
marginal,Generator,FR0 0,unsustainable solid biomass,391610587.89156
marginal,Generator,FR0 0,urban central heat vent,11.38787
marginal,Generator,FR0 0,urban central solar thermal,0.14614
marginal,Generator,FR0 0,urban decentral heat vent,8.22681
marginal,Generator,FR0 0,urban decentral solar thermal,0.02784
marginal,Generator,FR0 1,Offshore Wind (AC),8865.78722
marginal,Generator,FR0 1,Offshore Wind (Floating),0.95315
marginal,Generator,FR0 1,Onshore Wind,40622.75962
marginal,Generator,FR0 1,Run of River,133731.34043
marginal,Generator,FR0 1,Solar,79677.26112
marginal,Generator,FR0 1,forest residues,48952713.40696
marginal,Generator,FR0 1,gas,2426933381.57202
marginal,Generator,FR0 1,industry wood,48030327.84008
marginal,Generator,FR0 1,landscape care,9205337.24383
marginal,Generator,FR0 1,manure and slurry,1211.37204
marginal,Generator,FR0 1,municipal solid waste,15080.62788
marginal,Generator,FR0 1,rural solar thermal,0.07956
marginal,Generator,FR0 1,sewage sludge,1433.84727
marginal,Generator,FR0 1,solar-hsat,1151798.433
marginal,Generator,FR0 1,solid biomass,2010.92751
marginal,Generator,FR0 1,straw,2881.07632
marginal,Generator,FR0 1,unsustainable biogas,53988317.05734
marginal,Generator,FR0 1,unsustainable bioliquids,305512801.75427
marginal,Generator,FR0 1,unsustainable solid biomass,133850015.58011
marginal,Generator,FR0 1,urban central heat vent,14.17225
marginal,Generator,FR0 1,urban central solar thermal,0.54636
marginal,Generator,FR0 1,urban decentral heat vent,7.53364
marginal,Generator,FR0 1,urban decentral solar thermal,0.08441
marginal,Generator,FR0 2,Offshore Wind (AC),1.61666
marginal,Generator,FR0 2,Offshore Wind (DC),1.52294
marginal,Generator,FR0 2,Offshore Wind (Floating),0.53026
marginal,Generator,FR0 2,Onshore Wind,100060.62313
marginal,Generator,FR0 2,Run of River,47474.44643
marginal,Generator,FR0 2,Solar,114341.51465
marginal,Generator,FR0 2,forest residues,94722636.45665
marginal,Generator,FR0 2,industry wood,77529797.68505
marginal,Generator,FR0 2,landscape care,14895330.6235
marginal,Generator,FR0 2,manure and slurry,1285.25894
marginal,Generator,FR0 2,municipal solid waste,10973.08176
marginal,Generator,FR0 2,rural solar thermal,0.07262
marginal,Generator,FR0 2,sewage sludge,1567.76102
marginal,Generator,FR0 2,solar-hsat,1749.13211
marginal,Generator,FR0 2,solid biomass,1621.5834
marginal,Generator,FR0 2,straw,3596.4859
marginal,Generator,FR0 2,unsustainable biogas,93446404.11591
marginal,Generator,FR0 2,unsustainable bioliquids,528806590.57784
marginal,Generator,FR0 2,unsustainable solid biomass,231655313.05706
marginal,Generator,FR0 2,urban central heat vent,5.84436
marginal,Generator,FR0 2,urban central solar thermal,0.26135
marginal,Generator,FR0 2,urban decentral heat vent,7.69948
marginal,Generator,FR0 2,urban decentral solar thermal,0.05788
marginal,Generator,FR0 3,Offshore Wind (AC),351790.25593
marginal,Generator,FR0 3,Offshore Wind (DC),381152.98454
marginal,Generator,FR0 3,Offshore Wind (Floating),0.92647
marginal,Generator,FR0 3,Onshore Wind,192340.49067
marginal,Generator,FR0 3,Solar,18056.37819
marginal,Generator,FR0 3,forest residues,20662703.86679
marginal,Generator,FR0 3,gas,814402620.31755
marginal,Generator,FR0 3,industry wood,19977932.65681
marginal,Generator,FR0 3,landscape care,3832932.10489
marginal,Generator,FR0 3,manure and slurry,1903.06944
marginal,Generator,FR0 3,municipal solid waste,11603.78878
marginal,Generator,FR0 3,rural solar thermal,0.02997
marginal,Generator,FR0 3,sewage sludge,1624.53636
marginal,Generator,FR0 3,solar-hsat,2.51494
marginal,Generator,FR0 3,solid biomass,1728.30058
marginal,Generator,FR0 3,straw,3385.84246
marginal,Generator,FR0 3,unsustainable biogas,89436175.03915
marginal,Generator,FR0 3,unsustainable bioliquids,506108363.6557
marginal,Generator,FR0 3,unsustainable solid biomass,221724387.69594
marginal,Generator,FR0 3,urban central heat vent,8.17998
marginal,Generator,FR0 3,urban central solar thermal,0.14075
marginal,Generator,FR0 3,urban decentral heat vent,8.1067
marginal,Generator,FR0 3,urban decentral solar thermal,0.03549
marginal,Generator,FR0 4,Onshore Wind,154261.74567
marginal,Generator,FR0 4,Run of River,45956.40369
marginal,Generator,FR0 4,Solar,20417.91815
marginal,Generator,FR0 4,forest residues,49935238.90842
marginal,Generator,FR0 4,industry wood,47118116.34938
marginal,Generator,FR0 4,landscape care,9051234.57118
marginal,Generator,FR0 4,manure and slurry,1405.76233
marginal,Generator,FR0 4,municipal solid waste,8582.97015
marginal,Generator,FR0 4,rural solar thermal,0.03283
marginal,Generator,FR0 4,sewage sludge,1247.48199
marginal,Generator,FR0 4,solar-hsat,1.50395
marginal,Generator,FR0 4,solid biomass,1664.89695
marginal,Generator,FR0 4,straw,4571.14457
marginal,Generator,FR0 4,unsustainable biogas,70202011.26775
marginal,Generator,FR0 4,unsustainable bioliquids,397269367.05341
marginal,Generator,FR0 4,unsustainable solid biomass,174038447.65497
marginal,Generator,FR0 4,urban central heat vent,18.32744
marginal,Generator,FR0 4,urban central solar thermal,0.16182
marginal,Generator,FR0 4,urban decentral heat vent,330.1788
marginal,Generator,FR0 4,urban decentral solar thermal,0.02873
marginal,Generator,FR5 0,Offshore Wind (AC),0.24478
marginal,Generator,FR5 0,Offshore Wind (Floating),0.23954
marginal,Generator,FR5 0,Onshore Wind,517.09348
marginal,Generator,FR5 0,Solar,1.1426
marginal,Generator,FR5 0,forest residues,1128808.37868
marginal,Generator,FR5 0,industry wood,1152366.16435
marginal,Generator,FR5 0,landscape care,228345.02728
marginal,Generator,FR5 0,manure and slurry,1063.18737
marginal,Generator,FR5 0,municipal solid waste,1037.26122
marginal,Generator,FR5 0,rural solar thermal,0.14722
marginal,Generator,FR5 0,sewage sludge,67.49394
marginal,Generator,FR5 0,solar-hsat,48162.69606
marginal,Generator,FR5 0,solid biomass,1763.68627
marginal,Generator,FR5 0,straw,2736.6635
marginal,Generator,FR5 0,unsustainable biogas,1095371.16308
marginal,Generator,FR5 0,unsustainable bioliquids,6198448.48636
marginal,Generator,FR5 0,unsustainable solid biomass,2717112.64326
marginal,Generator,FR5 0,urban decentral heat vent,1.54635
marginal,Generator,GB2 0,Offshore Wind (AC),842876.92852
marginal,Generator,GB2 0,Offshore Wind (DC),1899054.73403
marginal,Generator,GB2 0,Offshore Wind (Floating),1.32941
marginal,Generator,GB2 0,Onshore Wind,901782.17072
marginal,Generator,GB2 0,Run of River,36869.36127
marginal,Generator,GB2 0,Solar,29444.9996
marginal,Generator,GB2 0,forest residues,47695314.20425
marginal,Generator,GB2 0,gas,3542386967.82368
marginal,Generator,GB2 0,industry wood,27514425.55604
marginal,Generator,GB2 0,landscape care,9018410.57589
marginal,Generator,GB2 0,manure and slurry,1426.35289
marginal,Generator,GB2 0,municipal solid waste,5868.46322
marginal,Generator,GB2 0,rural solar thermal,0.01206
marginal,Generator,GB2 0,sewage sludge,1079.86743
marginal,Generator,GB2 0,solar-hsat,3.03827
marginal,Generator,GB2 0,solid biomass,1750.6554
marginal,Generator,GB2 0,straw,2968.90871
marginal,Generator,GB2 0,unsustainable biogas,479753874.77221
marginal,Generator,GB2 0,unsustainable bioliquids,225892725.11694
marginal,Generator,GB2 0,unsustainable solid biomass,191557722.04302
marginal,Generator,GB2 0,urban central heat vent,6006.06191
marginal,Generator,GB2 0,urban central solar thermal,0.0539
marginal,Generator,GB2 0,urban decentral heat vent,0.1804
marginal,Generator,GB2 0,urban decentral solar thermal,0.01148
marginal,Generator,GB2 1,Offshore Wind (AC),1799755.13519
marginal,Generator,GB2 1,Offshore Wind (DC),24.16502
marginal,Generator,GB2 1,Offshore Wind (Floating),0.90088
marginal,Generator,GB2 1,Onshore Wind,938479.34127
marginal,Generator,GB2 1,Solar,185541.38591
marginal,Generator,GB2 1,forest residues,16397677.29693
marginal,Generator,GB2 1,gas,5315917823.88441
marginal,Generator,GB2 1,industry wood,8794240.40899
marginal,Generator,GB2 1,landscape care,2928830.80713
marginal,Generator,GB2 1,manure and slurry,1420.7997
marginal,Generator,GB2 1,municipal solid waste,7335.80635
marginal,Generator,GB2 1,rural solar thermal,0.02699
marginal,Generator,GB2 1,sewage sludge,1146.36772
marginal,Generator,GB2 1,solar-hsat,236290.05081
marginal,Generator,GB2 1,solid biomass,1810.44033
marginal,Generator,GB2 1,straw,3307.62742
marginal,Generator,GB2 1,unsustainable biogas,778290147.0142
marginal,Generator,GB2 1,unsustainable bioliquids,366447457.05028
marginal,Generator,GB2 1,unsustainable solid biomass,310750494.60536
marginal,Generator,GB2 1,urban central heat vent,418.92208
marginal,Generator,GB2 1,urban central solar thermal,0.09274
marginal,Generator,GB2 1,urban decentral heat vent,0.52853
marginal,Generator,GB2 1,urban decentral solar thermal,0.0253
marginal,Generator,GB3 0,Offshore Wind (AC),133437.96653
marginal,Generator,GB3 0,Offshore Wind (DC),29.95868
marginal,Generator,GB3 0,Offshore Wind (Floating),1.21072
marginal,Generator,GB3 0,Onshore Wind,99695.94181
marginal,Generator,GB3 0,Run of River,11233.86875
marginal,Generator,GB3 0,Solar,4263.97688
marginal,Generator,GB3 0,forest residues,2369583.39223
marginal,Generator,GB3 0,industry wood,1251744.56659
marginal,Generator,GB3 0,landscape care,405033.28096
marginal,Generator,GB3 0,manure and slurry,1228.67764
marginal,Generator,GB3 0,municipal solid waste,978.6767
marginal,Generator,GB3 0,rural solar thermal,0.01308
marginal,Generator,GB3 0,sewage sludge,1290.36129
marginal,Generator,GB3 0,solar-hsat,6.2084
marginal,Generator,GB3 0,solid biomass,1552.33831
marginal,Generator,GB3 0,straw,3857.52897
marginal,Generator,GB3 0,unsustainable biogas,57724343.88338
marginal,Generator,GB3 0,unsustainable bioliquids,27179433.28226
marginal,Generator,GB3 0,unsustainable solid biomass,23051618.79382
marginal,Generator,GB3 0,urban central heat vent,367.72131
marginal,Generator,GB3 0,urban central solar thermal,0.04654
marginal,Generator,GB3 0,urban decentral heat vent,1.15326
marginal,Generator,GB3 0,urban decentral solar thermal,0.01375
marginal,Generator,GR0 0,Offshore Wind (AC),0.74217
marginal,Generator,GR0 0,Offshore Wind (DC),39.2353
marginal,Generator,GR0 0,Offshore Wind (Floating),0.68464
marginal,Generator,GR0 0,Onshore Wind,175203.82124
marginal,Generator,GR0 0,Run of River,1654.94
marginal,Generator,GR0 0,Solar,112275.18242
marginal,Generator,GR0 0,forest residues,11637936.17409
marginal,Generator,GR0 0,gas,1220379386.44102
marginal,Generator,GR0 0,industry wood,9216070.67043
marginal,Generator,GR0 0,landscape care,5155943.75744
marginal,Generator,GR0 0,manure and slurry,1036.52908
marginal,Generator,GR0 0,municipal solid waste,2844.62982
marginal,Generator,GR0 0,rural solar thermal,1.06043
marginal,Generator,GR0 0,sewage sludge,770.97047
marginal,Generator,GR0 0,solar-hsat,715252.60841
marginal,Generator,GR0 0,solid biomass,62722515.99489
marginal,Generator,GR0 0,straw,3471.52275
marginal,Generator,GR0 0,unsustainable biogas,59906908.14585
marginal,Generator,GR0 0,unsustainable bioliquids,190423697.745
marginal,Generator,GR0 0,unsustainable solid biomass,86006499.49628
marginal,Generator,GR0 0,urban central heat vent,17.04337
marginal,Generator,GR0 0,urban central solar thermal,0.70945
marginal,Generator,GR0 0,urban decentral heat vent,9.21246
marginal,Generator,GR0 0,urban decentral solar thermal,0.14135
marginal,Generator,HR0 0,Offshore Wind (AC),0.55019
marginal,Generator,HR0 0,Offshore Wind (DC),0.63942
marginal,Generator,HR0 0,Offshore Wind (Floating),0.24208
marginal,Generator,HR0 0,Onshore Wind,23660.52273
marginal,Generator,HR0 0,Run of River,12244.36141
marginal,Generator,HR0 0,Solar,2023.40166
marginal,Generator,HR0 0,forest residues,22162427.99328
marginal,Generator,HR0 0,industry wood,16492267.83315
marginal,Generator,HR0 0,landscape care,1698429.86375
marginal,Generator,HR0 0,manure and slurry,864.90014
marginal,Generator,HR0 0,municipal solid waste,628.31107
marginal,Generator,HR0 0,rural solar thermal,0.12919
marginal,Generator,HR0 0,sewage sludge,1357.98716
marginal,Generator,HR0 0,solar-hsat,186514.23641
marginal,Generator,HR0 0,solid biomass,1744.69963
marginal,Generator,HR0 0,straw,3595.01195
marginal,Generator,HR0 0,unsustainable biogas,39402510.86201
marginal,Generator,HR0 0,unsustainable bioliquids,246203.55348
marginal,Generator,HR0 0,unsustainable solid biomass,165869530.80529
marginal,Generator,HR0 0,urban central heat vent,1.9093
marginal,Generator,HR0 0,urban central solar thermal,0.57033
marginal,Generator,HR0 0,urban decentral heat vent,1.40253
marginal,Generator,HR0 0,urban decentral solar thermal,0.09583
marginal,Generator,HU0 0,Onshore Wind,10365.76073
marginal,Generator,HU0 0,Run of River,796.12206
marginal,Generator,HU0 0,Solar,64733.87034
marginal,Generator,HU0 0,forest residues,63363298.95074
marginal,Generator,HU0 0,gas,2223102368.17094
marginal,Generator,HU0 0,industry wood,27342254.27593
marginal,Generator,HU0 0,landscape care,5070525.28771
marginal,Generator,HU0 0,manure and slurry,1927.58522
marginal,Generator,HU0 0,municipal solid waste,9031.65784
marginal,Generator,HU0 0,rural solar thermal,0.06388
marginal,Generator,HU0 0,sewage sludge,915.52239
marginal,Generator,HU0 0,solar-hsat,485110.36946
marginal,Generator,HU0 0,solid biomass,2290.58771
marginal,Generator,HU0 0,straw,3515.21402
marginal,Generator,HU0 0,unsustainable biogas,43330977.66727
marginal,Generator,HU0 0,unsustainable bioliquids,499361723.52766
marginal,Generator,HU0 0,unsustainable solid biomass,228956463.66684
marginal,Generator,HU0 0,urban central heat vent,2.47788
marginal,Generator,HU0 0,urban central solar thermal,0.596
marginal,Generator,HU0 0,urban decentral heat vent,0.23719
marginal,Generator,HU0 0,urban decentral solar thermal,0.06337
marginal,Generator,IE3 0,Offshore Wind (AC),2540.14183
marginal,Generator,IE3 0,Offshore Wind (DC),137306.95918
marginal,Generator,IE3 0,Offshore Wind (Floating),1.17299
marginal,Generator,IE3 0,Onshore Wind,336201.41662
marginal,Generator,IE3 0,Run of River,8828.72868
marginal,Generator,IE3 0,Solar,22921.51302
marginal,Generator,IE3 0,forest residues,18318727.38756
marginal,Generator,IE3 0,gas,461568135.45081
marginal,Generator,IE3 0,industry wood,10537582.21176
marginal,Generator,IE3 0,landscape care,3818187.78596
marginal,Generator,IE3 0,manure and slurry,1311.54875
marginal,Generator,IE3 0,municipal solid waste,2234.01082
marginal,Generator,IE3 0,rural solar thermal,0.01348
marginal,Generator,IE3 0,sewage sludge,1339.68916
marginal,Generator,IE3 0,solar-hsat,26100.85439
marginal,Generator,IE3 0,solid biomass,1907.83052
marginal,Generator,IE3 0,straw,2606.64557
marginal,Generator,IE3 0,unsustainable biogas,24271062.08862
marginal,Generator,IE3 0,unsustainable bioliquids,48293108.61576
marginal,Generator,IE3 0,unsustainable solid biomass,26471730.74693
marginal,Generator,IE3 0,urban central heat vent,1.3729
marginal,Generator,IE3 0,urban central solar thermal,0.08819
marginal,Generator,IE3 0,urban decentral heat vent,0.49392
marginal,Generator,IE3 0,urban decentral solar thermal,0.01719
marginal,Generator,IT0 0,Offshore Wind (AC),1344.26296
marginal,Generator,IT0 0,Offshore Wind (DC),1.04191
marginal,Generator,IT0 0,Offshore Wind (Floating),0.33127
marginal,Generator,IT0 0,Onshore Wind,218124.30598
marginal,Generator,IT0 0,Run of River,58963.20323
marginal,Generator,IT0 0,Solar,103848.47797
marginal,Generator,IT0 0,forest residues,54070732.30858
marginal,Generator,IT0 0,gas,4904155678.62425
marginal,Generator,IT0 0,industry wood,26253803.57139
marginal,Generator,IT0 0,landscape care,4146894.15316
marginal,Generator,IT0 0,manure and slurry,994.19043
marginal,Generator,IT0 0,municipal solid waste,14020.38903
marginal,Generator,IT0 0,rural solar thermal,0.17978
marginal,Generator,IT0 0,sewage sludge,1046.31749
marginal,Generator,IT0 0,solar-hsat,1740977.33346
marginal,Generator,IT0 0,solid biomass,190362739.19779
marginal,Generator,IT0 0,straw,3319.90696
marginal,Generator,IT0 0,unsustainable biogas,318696042.05512
marginal,Generator,IT0 0,unsustainable bioliquids,370422471.98568
marginal,Generator,IT0 0,unsustainable solid biomass,267529981.80522
marginal,Generator,IT0 0,urban central heat vent,23.02358
marginal,Generator,IT0 0,urban central solar thermal,0.52547
marginal,Generator,IT0 0,urban decentral heat vent,8.54557
marginal,Generator,IT0 0,urban decentral solar thermal,0.12769
marginal,Generator,IT0 1,Offshore Wind (AC),0.44068
marginal,Generator,IT0 1,Offshore Wind (DC),0.42559
marginal,Generator,IT0 1,Offshore Wind (Floating),0.2222
marginal,Generator,IT0 1,Onshore Wind,2703.6563
marginal,Generator,IT0 1,Run of River,187911.8641
marginal,Generator,IT0 1,Solar,34236.05704
marginal,Generator,IT0 1,forest residues,104382693.34346
marginal,Generator,IT0 1,gas,6509986424.28255
marginal,Generator,IT0 1,industry wood,48362934.2237
marginal,Generator,IT0 1,landscape care,7653729.11244
marginal,Generator,IT0 1,manure and slurry,2123.40112
marginal,Generator,IT0 1,municipal solid waste,14450.67869
marginal,Generator,IT0 1,rural solar thermal,0.09514
marginal,Generator,IT0 1,sewage sludge,1049.10317
marginal,Generator,IT0 1,solar-hsat,2119392.10174
marginal,Generator,IT0 1,solid biomass,2182.70757
marginal,Generator,IT0 1,straw,3449.62193
marginal,Generator,IT0 1,unsustainable biogas,630390828.61464
marginal,Generator,IT0 1,unsustainable bioliquids,732709978.9954
marginal,Generator,IT0 1,unsustainable solid biomass,529181655.32078
marginal,Generator,IT0 1,urban central heat vent,10.52959
marginal,Generator,IT0 1,urban central solar thermal,0.47041
marginal,Generator,IT0 1,urban decentral heat vent,5.52764
marginal,Generator,IT0 1,urban decentral solar thermal,0.11382
marginal,Generator,IT4 0,Offshore Wind (AC),0.91606
marginal,Generator,IT4 0,Offshore Wind (Floating),0.40849
marginal,Generator,IT4 0,Onshore Wind,39684.70983
marginal,Generator,IT4 0,Run of River,1994.63748
marginal,Generator,IT4 0,Solar,10787.42295
marginal,Generator,IT4 0,forest residues,2165042.38653
marginal,Generator,IT4 0,industry wood,1068721.76235
marginal,Generator,IT4 0,landscape care,171234.74361
marginal,Generator,IT4 0,manure and slurry,951.31662
marginal,Generator,IT4 0,municipal solid waste,1348.87694
marginal,Generator,IT4 0,rural solar thermal,0.17999
marginal,Generator,IT4 0,sewage sludge,1423.01225
marginal,Generator,IT4 0,solar-hsat,134419.62475
marginal,Generator,IT4 0,solid biomass,49084651.50052
marginal,Generator,IT4 0,straw,3793.89969
marginal,Generator,IT4 0,unsustainable biogas,15856802.7704
marginal,Generator,IT4 0,unsustainable bioliquids,18430119.59591
marginal,Generator,IT4 0,unsustainable solid biomass,13324659.80911
marginal,Generator,IT4 0,urban central heat vent,16.07285
marginal,Generator,IT4 0,urban central solar thermal,0.95799
marginal,Generator,IT4 0,urban decentral heat vent,6.49693
marginal,Generator,IT4 0,urban decentral solar thermal,0.1703
marginal,Generator,LT0 0,Offshore Wind (AC),15.69879
marginal,Generator,LT0 0,Offshore Wind (DC),205418.40867
marginal,Generator,LT0 0,Offshore Wind (Floating),0.62325
marginal,Generator,LT0 0,Onshore Wind,62591.03521
marginal,Generator,LT0 0,Run of River,3971.41569
marginal,Generator,LT0 0,Solar,6149.98191
marginal,Generator,LT0 0,forest residues,46189341.30242
marginal,Generator,LT0 0,gas,123939451.75177
marginal,Generator,LT0 0,industry wood,21905769.89183
marginal,Generator,LT0 0,landscape care,3198702.35708
marginal,Generator,LT0 0,manure and slurry,1190.63168
marginal,Generator,LT0 0,municipal solid waste,1591.84019
marginal,Generator,LT0 0,rural solar thermal,0.01926
marginal,Generator,LT0 0,sewage sludge,9.86495
marginal,Generator,LT0 0,solar-hsat,18806.37074
marginal,Generator,LT0 0,solid biomass,1774.82472
marginal,Generator,LT0 0,straw,2924.51927
marginal,Generator,LT0 0,unsustainable biogas,18683898.60869
marginal,Generator,LT0 0,unsustainable bioliquids,167529106.55654
marginal,Generator,LT0 0,unsustainable solid biomass,139159617.42739
marginal,Generator,LT0 0,urban central heat vent,30.71321
marginal,Generator,LT0 0,urban central solar thermal,0.091
marginal,Generator,LT0 0,urban decentral heat vent,0.95583
marginal,Generator,LT0 0,urban decentral solar thermal,0.01861
marginal,Generator,LU0 0,Onshore Wind,7078.43245
marginal,Generator,LU0 0,Solar,1011.07757
marginal,Generator,LU0 0,forest residues,3936263.35278
marginal,Generator,LU0 0,industry wood,2176390.59223
marginal,Generator,LU0 0,landscape care,106812.15245
marginal,Generator,LU0 0,manure and slurry,897.93379
marginal,Generator,LU0 0,municipal solid waste,738.12973
marginal,Generator,LU0 0,rural solar thermal,0.03434
marginal,Generator,LU0 0,sewage sludge,1344.46264
marginal,Generator,LU0 0,solar-hsat,125274.54966
marginal,Generator,LU0 0,solid biomass,1973.82851
marginal,Generator,LU0 0,straw,2566.03137
marginal,Generator,LU0 0,unsustainable biogas,8622924.79831
marginal,Generator,LU0 0,unsustainable solid biomass,12714097.67603
marginal,Generator,LU0 0,urban central heat vent,549.12811
marginal,Generator,LU0 0,urban central solar thermal,0.11009
marginal,Generator,LU0 0,urban decentral heat vent,0.99593
marginal,Generator,LU0 0,urban decentral solar thermal,0.02564
marginal,Generator,LV0 0,Offshore Wind (AC),7.98908
marginal,Generator,LV0 0,Offshore Wind (DC),16.31767
marginal,Generator,LV0 0,Offshore Wind (Floating),0.97763
marginal,Generator,LV0 0,Onshore Wind,5773.80792
marginal,Generator,LV0 0,Run of River,39045.05617
marginal,Generator,LV0 0,Solar,852.38301
marginal,Generator,LV0 0,forest residues,87645322.6378
marginal,Generator,LV0 0,industry wood,43354791.81809
marginal,Generator,LV0 0,landscape care,2915417.84258
marginal,Generator,LV0 0,manure and slurry,1064.68125
marginal,Generator,LV0 0,municipal solid waste,1222.11139
marginal,Generator,LV0 0,rural solar thermal,0.024
marginal,Generator,LV0 0,sewage sludge,1558.50664
marginal,Generator,LV0 0,solar-hsat,25554.89171
marginal,Generator,LV0 0,solid biomass,1724.16673
marginal,Generator,LV0 0,straw,2705.06472
marginal,Generator,LV0 0,unsustainable biogas,38649563.95755
marginal,Generator,LV0 0,unsustainable bioliquids,81157641.00979
marginal,Generator,LV0 0,unsustainable solid biomass,273850468.15507
marginal,Generator,LV0 0,urban central heat vent,152.41273
marginal,Generator,LV0 0,urban central solar thermal,0.08144
marginal,Generator,LV0 0,urban decentral heat vent,0.27857
marginal,Generator,LV0 0,urban decentral solar thermal,0.02073
marginal,Generator,ME0 0,Offshore Wind (AC),0.08543
marginal,Generator,ME0 0,Offshore Wind (Floating),0.18627
marginal,Generator,ME0 0,Onshore Wind,875.09977
marginal,Generator,ME0 0,Run of River,244.17623
marginal,Generator,ME0 0,Solar,73.92079
marginal,Generator,ME0 0,forest residues,1349279.43602
marginal,Generator,ME0 0,industry wood,1801388.34597
marginal,Generator,ME0 0,landscape care,3.34178
marginal,Generator,ME0 0,manure and slurry,1063.34777
marginal,Generator,ME0 0,municipal solid waste,557.27918
marginal,Generator,ME0 0,rural heat vent,4.60285
marginal,Generator,ME0 0,rural solar thermal,0.08561
marginal,Generator,ME0 0,sewage sludge,0.95312
marginal,Generator,ME0 0,solar-hsat,184339.88945
marginal,Generator,ME0 0,solid biomass,1812.37285
marginal,Generator,ME0 0,straw,7621.91737
marginal,Generator,ME0 0,unsustainable solid biomass,19370992.01137
marginal,Generator,ME0 0,urban central heat vent,2.54512
marginal,Generator,ME0 0,urban central solar thermal,0.83471
marginal,Generator,ME0 0,urban decentral heat vent,4.97306
marginal,Generator,ME0 0,urban decentral solar thermal,0.08112
marginal,Generator,MK0 0,Onshore Wind,358.41591
marginal,Generator,MK0 0,Run of River,5217.41509
marginal,Generator,MK0 0,Solar,8390.62394
marginal,Generator,MK0 0,forest residues,2925553.56234
marginal,Generator,MK0 0,industry wood,4997631.573
marginal,Generator,MK0 0,landscape care,855.15065
marginal,Generator,MK0 0,manure and slurry,963.77023
marginal,Generator,MK0 0,municipal solid waste,1204.5668
marginal,Generator,MK0 0,rural heat vent,6.4261
marginal,Generator,MK0 0,rural solar thermal,0.07466
marginal,Generator,MK0 0,sewage sludge,1372.41902
marginal,Generator,MK0 0,solar-hsat,70240.7332
marginal,Generator,MK0 0,solid biomass,1986.7933
marginal,Generator,MK0 0,straw,2962.95946
marginal,Generator,MK0 0,unsustainable biogas,9083911.71523
marginal,Generator,MK0 0,unsustainable solid biomass,18369691.2207
marginal,Generator,MK0 0,urban central heat vent,8.31475
marginal,Generator,MK0 0,urban central solar thermal,0.44269
marginal,Generator,MK0 0,urban decentral heat vent,5.86411
marginal,Generator,MK0 0,urban decentral solar thermal,0.07496
marginal,Generator,NL0 0,Offshore Wind (AC),632937.2054
marginal,Generator,NL0 0,Offshore Wind (DC),2272489.64537
marginal,Generator,NL0 0,Offshore Wind (Floating),0.30411
marginal,Generator,NL0 0,Onshore Wind,870988.27757
marginal,Generator,NL0 0,Solar,97970.57207
marginal,Generator,NL0 0,forest residues,7501853.06702
marginal,Generator,NL0 0,gas,5045413786.12477
marginal,Generator,NL0 0,industry wood,3585375.4734
marginal,Generator,NL0 0,landscape care,2276011.2555
marginal,Generator,NL0 0,manure and slurry,1878.87785
marginal,Generator,NL0 0,municipal solid waste,47357.73674
marginal,Generator,NL0 0,rural solar thermal,0.0001
marginal,Generator,NL0 0,sewage sludge,850.84854
marginal,Generator,NL0 0,solar-hsat,144869.09375
marginal,Generator,NL0 0,solid biomass,2139.07058
marginal,Generator,NL0 0,straw,2465.01631
marginal,Generator,NL0 0,unsustainable biogas,170732372.55874
marginal,Generator,NL0 0,unsustainable bioliquids,1880243910.54771
marginal,Generator,NL0 0,unsustainable solid biomass,160656084.22295
marginal,Generator,NL0 0,urban central heat vent,6.53643
marginal,Generator,NL0 0,urban central solar thermal,0.14192
marginal,Generator,NL0 0,urban decentral heat vent,0.1849
marginal,Generator,NL0 0,urban decentral solar thermal,0.02686
marginal,Generator,NO1 0,Offshore Wind (AC),12842.20455
marginal,Generator,NO1 0,Offshore Wind (DC),10.16902
marginal,Generator,NO1 0,Offshore Wind (Floating),1.0069
marginal,Generator,NO1 0,Onshore Wind,268992.73915
marginal,Generator,NO1 0,Run of River,42261.50356
marginal,Generator,NO1 0,Solar,24.92732
marginal,Generator,NO1 0,forest residues,60243051.90018
marginal,Generator,NO1 0,gas,3710780531.51675
marginal,Generator,NO1 0,industry wood,48517886.91151
marginal,Generator,NO1 0,landscape care,2106.90869
marginal,Generator,NO1 0,manure and slurry,1172.4206
marginal,Generator,NO1 0,municipal solid waste,18929.31978
marginal,Generator,NO1 0,rural solar thermal,0.01158
marginal,Generator,NO1 0,sewage sludge,810.68293
marginal,Generator,NO1 0,solar-hsat,1.58166
marginal,Generator,NO1 0,solid biomass,445938745.80487
marginal,Generator,NO1 0,straw,549.62285
marginal,Generator,NO1 0,unsustainable biogas,41568193.01289
marginal,Generator,NO1 0,unsustainable bioliquids,80129728.34418
marginal,Generator,NO1 0,unsustainable solid biomass,104092521.39865
marginal,Generator,NO1 0,urban central heat vent,21261.50571
marginal,Generator,NO1 0,urban central solar thermal,0.06395
marginal,Generator,NO1 0,urban decentral heat vent,0.51498
marginal,Generator,NO1 0,urban decentral solar thermal,0.01201
marginal,Generator,PL0 0,Offshore Wind (AC),538548.18637
marginal,Generator,PL0 0,Offshore Wind (DC),690439.25263
marginal,Generator,PL0 0,Offshore Wind (Floating),1.37667
marginal,Generator,PL0 0,Onshore Wind,1480557.02505
marginal,Generator,PL0 0,Run of River,9682.65416
marginal,Generator,PL0 0,Solar,54380.40181
marginal,Generator,PL0 0,forest residues,257981080.89737
marginal,Generator,PL0 0,gas,4342066375.42631
marginal,Generator,PL0 0,industry wood,123281924.13909
marginal,Generator,PL0 0,landscape care,17529318.31975
marginal,Generator,PL0 0,manure and slurry,1472.08785
marginal,Generator,PL0 0,municipal solid waste,21808.42908
marginal,Generator,PL0 0,rural solar thermal,0.04506
marginal,Generator,PL0 0,sewage sludge,777.94869
marginal,Generator,PL0 0,solar-hsat,966275.46653
marginal,Generator,PL0 0,solid biomass,5602.30318
marginal,Generator,PL0 0,straw,3564.98247
marginal,Generator,PL0 0,unsustainable biogas,143081825.88033
marginal,Generator,PL0 0,unsustainable bioliquids,1036332395.26312
marginal,Generator,PL0 0,unsustainable solid biomass,1004546417.40263
marginal,Generator,PL0 0,urban central heat vent,0.49511
marginal,Generator,PL0 0,urban central solar thermal,0.26565
marginal,Generator,PL0 0,urban decentral heat vent,2.03202
marginal,Generator,PL0 0,urban decentral solar thermal,0.03641
marginal,Generator,PT0 0,Offshore Wind (AC),1938.22646
marginal,Generator,PT0 0,Offshore Wind (Floating),0.80807
marginal,Generator,PT0 0,Onshore Wind,187817.4068
marginal,Generator,PT0 0,Run of River,68676.40005
marginal,Generator,PT0 0,Solar,104631.23621
marginal,Generator,PT0 0,forest residues,71466716.25215
marginal,Generator,PT0 0,gas,1259250836.84563
marginal,Generator,PT0 0,industry wood,27092488.12513
marginal,Generator,PT0 0,landscape care,4892563.54162
marginal,Generator,PT0 0,manure and slurry,1169.31233
marginal,Generator,PT0 0,municipal solid waste,10588.66382
marginal,Generator,PT0 0,rural solar thermal,0.12191
marginal,Generator,PT0 0,sewage sludge,862.94969
marginal,Generator,PT0 0,solar-hsat,393936.12573
marginal,Generator,PT0 0,solid biomass,1780.33948
marginal,Generator,PT0 0,straw,2814.89771
marginal,Generator,PT0 0,unsustainable biogas,38411470.52036
marginal,Generator,PT0 0,unsustainable bioliquids,366805925.60313
marginal,Generator,PT0 0,unsustainable solid biomass,315645288.47034
marginal,Generator,PT0 0,urban central heat vent,18.04216
marginal,Generator,PT0 0,urban central solar thermal,0.37046
marginal,Generator,PT0 0,urban decentral heat vent,18.51531
marginal,Generator,PT0 0,urban decentral solar thermal,0.09224
marginal,Generator,RO0 0,Offshore Wind (AC),144000.1932
marginal,Generator,RO0 0,Offshore Wind (DC),244368.33271
marginal,Generator,RO0 0,Offshore Wind (Floating),0.64883
marginal,Generator,RO0 0,Onshore Wind,148637.93546
marginal,Generator,RO0 0,Run of River,81258.3893
marginal,Generator,RO0 0,Solar,53066.82986
marginal,Generator,RO0 0,forest residues,207267819.64777
marginal,Generator,RO0 0,gas,1209266771.09717
marginal,Generator,RO0 0,industry wood,80344408.07298
marginal,Generator,RO0 0,landscape care,18401211.43968
marginal,Generator,RO0 0,manure and slurry,1417.84422
marginal,Generator,RO0 0,municipal solid waste,8065.80444
marginal,Generator,RO0 0,rural solar thermal,0.1324
marginal,Generator,RO0 0,sewage sludge,1454.82771
marginal,Generator,RO0 0,solar-hsat,35595.0279
marginal,Generator,RO0 0,solid biomass,2401.62319
marginal,Generator,RO0 0,straw,3634.63812
marginal,Generator,RO0 0,unsustainable biogas,9093147.62058
marginal,Generator,RO0 0,unsustainable bioliquids,231497734.49583
marginal,Generator,RO0 0,unsustainable solid biomass,385546111.86604
marginal,Generator,RO0 0,urban central heat vent,2.09764
marginal,Generator,RO0 0,urban central solar thermal,0.55055
marginal,Generator,RO0 0,urban decentral heat vent,0.16507
marginal,Generator,RO0 0,urban decentral solar thermal,0.08346
marginal,Generator,RS0 0,Onshore Wind,17802.87876
marginal,Generator,RS0 0,Run of River,84890.48311
marginal,Generator,RS0 0,Solar,911.82086
marginal,Generator,RS0 0,forest residues,8329005.47595
marginal,Generator,RS0 0,industry wood,16042494.94826
marginal,Generator,RS0 0,landscape care,6649.33065
marginal,Generator,RS0 0,manure and slurry,1195.01107
marginal,Generator,RS0 0,municipal solid waste,9277.16398
marginal,Generator,RS0 0,rural heat vent,8.73113
marginal,Generator,RS0 0,rural solar thermal,0.06714
marginal,Generator,RS0 0,sewage sludge,1390.35113
marginal,Generator,RS0 0,solar-hsat,62389.11969
marginal,Generator,RS0 0,solid biomass,1952.6757
marginal,Generator,RS0 0,straw,5399.22276
marginal,Generator,RS0 0,unsustainable biogas,13622934.46949
marginal,Generator,RS0 0,unsustainable solid biomass,131218434.03201
marginal,Generator,RS0 0,urban central heat vent,7.89752
marginal,Generator,RS0 0,urban central solar thermal,0.36496
marginal,Generator,RS0 0,urban decentral heat vent,8.32013
marginal,Generator,RS0 0,urban decentral solar thermal,0.05593
marginal,Generator,SE1 0,Offshore Wind (AC),19332.75275
marginal,Generator,SE1 0,Offshore Wind (DC),43.28651
marginal,Generator,SE1 0,Offshore Wind (Floating),0.89719
marginal,Generator,SE1 0,Onshore Wind,846286.87661
marginal,Generator,SE1 0,Run of River,65864.44369
marginal,Generator,SE1 0,Solar,5393.02914
marginal,Generator,SE1 0,forest residues,417169355.50965
marginal,Generator,SE1 0,gas,212485975.84346
marginal,Generator,SE1 0,industry wood,225078077.41695
marginal,Generator,SE1 0,landscape care,24899909.32485
marginal,Generator,SE1 0,manure and slurry,1333.3174
marginal,Generator,SE1 0,municipal solid waste,24537.5093
marginal,Generator,SE1 0,rural solar thermal,0.0152
marginal,Generator,SE1 0,sewage sludge,816.81351
marginal,Generator,SE1 0,solar-hsat,158728.6309
marginal,Generator,SE1 0,solid biomass,1612.73044
marginal,Generator,SE1 0,straw,3542.99427
marginal,Generator,SE1 0,unsustainable biogas,87007365.98827
marginal,Generator,SE1 0,unsustainable bioliquids,531419330.33694
marginal,Generator,SE1 0,unsustainable solid biomass,1054959036.84108
marginal,Generator,SE1 0,urban central heat vent,35733.6439
marginal,Generator,SE1 0,urban central solar thermal,0.06409
marginal,Generator,SE1 0,urban decentral heat vent,1.72641
marginal,Generator,SE1 0,urban decentral solar thermal,0.02015
marginal,Generator,SI0 0,Offshore Wind (AC),0.10826
marginal,Generator,SI0 0,Offshore Wind (Floating),0.038
marginal,Generator,SI0 0,Onshore Wind,0.12527
marginal,Generator,SI0 0,Run of River,20751.82399
marginal,Generator,SI0 0,Solar,633.1431
marginal,Generator,SI0 0,forest residues,52938116.67345
marginal,Generator,SI0 0,industry wood,24683912.39628
marginal,Generator,SI0 0,landscape care,615164.06029
marginal,Generator,SI0 0,manure and slurry,896.89657
marginal,Generator,SI0 0,municipal solid waste,1501.45638
marginal,Generator,SI0 0,rural solar thermal,0.07699
marginal,Generator,SI0 0,sewage sludge,1103.71742
marginal,Generator,SI0 0,solar-hsat,3.1251
marginal,Generator,SI0 0,solid biomass,1799.12116
marginal,Generator,SI0 0,straw,2545.19366
marginal,Generator,SI0 0,unsustainable biogas,10643052.40194
marginal,Generator,SI0 0,unsustainable solid biomass,61086233.29217
marginal,Generator,SI0 0,urban central heat vent,3.30598
marginal,Generator,SI0 0,urban central solar thermal,0.31832
marginal,Generator,SI0 0,urban decentral heat vent,2.91563
marginal,Generator,SI0 0,urban decentral solar thermal,0.07479
marginal,Generator,SK0 0,Onshore Wind,0.86705
marginal,Generator,SK0 0,Run of River,31083.78829
marginal,Generator,SK0 0,Solar,9660.48398
marginal,Generator,SK0 0,forest residues,59466570.39392
marginal,Generator,SK0 0,gas,978894628.47941
marginal,Generator,SK0 0,industry wood,24943275.41686
marginal,Generator,SK0 0,landscape care,2634880.34367
marginal,Generator,SK0 0,manure and slurry,1143.69181
marginal,Generator,SK0 0,municipal solid waste,4277.53565
marginal,Generator,SK0 0,rural solar thermal,0.05685
marginal,Generator,SK0 0,sewage sludge,1246.78909
marginal,Generator,SK0 0,solar-hsat,4.90732
marginal,Generator,SK0 0,solid biomass,1942.39236
marginal,Generator,SK0 0,straw,3009.83008
marginal,Generator,SK0 0,unsustainable biogas,68507250.55979
marginal,Generator,SK0 0,unsustainable bioliquids,181167576.92112
marginal,Generator,SK0 0,unsustainable solid biomass,156033949.92526
marginal,Generator,SK0 0,urban central heat vent,1.01093
marginal,Generator,SK0 0,urban central solar thermal,0.31161
marginal,Generator,SK0 0,urban decentral heat vent,0.1466
marginal,Generator,SK0 0,urban decentral solar thermal,0.05256
marginal,Generator,XK0 0,Onshore Wind,933.68497
marginal,Generator,XK0 0,Run of River,1619.30567
marginal,Generator,XK0 0,Solar,4480.9787
marginal,Generator,XK0 0,forest residues,844229.5283
marginal,Generator,XK0 0,industry wood,1597539.3897
marginal,Generator,XK0 0,manure and slurry,1150.56705
marginal,Generator,XK0 0,municipal solid waste,520.54885
marginal,Generator,XK0 0,rural heat vent,0.92692
marginal,Generator,XK0 0,rural solar thermal,0.00589
marginal,Generator,XK0 0,sewage sludge,1538.64914
marginal,Generator,XK0 0,solar-hsat,73.18587
marginal,Generator,XK0 0,solid biomass,1889.94335
marginal,Generator,XK0 0,straw,4738.85624
marginal,Generator,XK0 0,unsustainable solid biomass,35607683.06044
marginal,Generator,XK0 0,urban central heat vent,0.5854
marginal,Generator,XK0 0,urban central solar thermal,0.29264
marginal,Generator,XK0 0,urban decentral heat vent,0.33749
marginal,Generator,XK0 0,urban decentral solar thermal,0.03239
marginal,Link,AL0 0,BEV charger,6464.43535
marginal,Link,AL0 0,CO2 pipeline,19.84357
marginal,Link,AL0 0,Combined-Cycle Gas,254.4416
marginal,Link,AL0 0,EAF,0.05973
marginal,Link,AL0 0,H2 DRI,530.32786
marginal,Link,AL0 0,H2 Electrolysis,0.31814
marginal,Link,AL0 0,HVC to air,49598.47611
marginal,Link,AL0 0,Haber-Bosch,8.67404
marginal,Link,AL0 0,Open-Cycle Gas,126.10264
marginal,Link,AL0 0,SMR,72.44773
marginal,Link,AL0 0,Sabatier,0.51246
marginal,Link,AL0 0,battery charger,7.45842
marginal,Link,AL0 0,battery discharger,7.51678
marginal,Link,AL0 0,biogas to gas,2121.97713
marginal,Link,AL0 0,biomass to liquid,511968.66117
marginal,Link,AL0 0,biomass-to-methanol,575.275
marginal,Link,AL0 0,electricity distribution grid,37843.89788
marginal,Link,AL0 0,gas DRI,1021.64831
marginal,Link,AL0 0,gas for industry,617.26657
marginal,Link,AL0 0,gas pipeline new,-28048.41938
marginal,Link,AL0 0,heat100-200 industry electric boiler steam,47.48975
marginal,Link,AL0 0,heat100-200 industry gas,57.17021
marginal,Link,AL0 0,heat100-200 industry industrial heat pump high temperature,3979.36275
marginal,Link,AL0 0,heat100-200 industry solid biomass,725433.54011
marginal,Link,AL0 0,heat200-500 industry gas,12.10505
marginal,Link,AL0 0,heat200-500 industry hydrogen,151.76295
marginal,Link,AL0 0,heat200-500 industry solid biomass,653147.43846
marginal,Link,AL0 0,heat<100 industry electric boiler steam,47.57318
marginal,Link,AL0 0,heat<100 industry gas,54.61876
marginal,Link,AL0 0,heat<100 industry industrial heat pump medium temperature,1182.73387
marginal,Link,AL0 0,heat<100 industry solid biomass,862540.40465
marginal,Link,AL0 0,heat>500 industry gas,23177.00559
marginal,Link,AL0 0,heat>500 industry hydrogen,211.98411
marginal,Link,AL0 0,home battery charger,4.8538
marginal,Link,AL0 0,home battery discharger,4.94766
marginal,Link,AL0 0,methanolisation,54.73183
marginal,Link,AL0 0,municipal solid waste,1240.21672
marginal,Link,AL0 0,rural air heat pump,0.17117
marginal,Link,AL0 0,rural biomass boiler,1720.47568
marginal,Link,AL0 0,rural gas boiler,11215.19553
marginal,Link,AL0 0,rural ground heat pump,0.36617
marginal,Link,AL0 0,rural resistive heater,2616.24422
marginal,Link,AL0 0,solid biomass for industry,1154.33104
marginal,Link,AL0 0,steel emission,374.17207
marginal,Link,AL0 0,urban central air heat pump,2.11069
marginal,Link,AL0 0,urban central gas CHP,622.35164
marginal,Link,AL0 0,urban central gas boiler,1239.19189
marginal,Link,AL0 0,urban central resistive heater,101.87546
marginal,Link,AL0 0,urban central solid biomass CHP,1213730.03913
marginal,Link,AL0 0,urban central solid biomass CHP CC,47394.62173
marginal,Link,AL0 0,urban decentral air heat pump,0.18547
marginal,Link,AL0 0,urban decentral biomass boiler,1589.05555
marginal,Link,AL0 0,urban decentral gas boiler,14243.49442
marginal,Link,AL0 0,urban decentral resistive heater,3415.59524
marginal,Link,AL0 0,waste CHP,1147.40515
marginal,Link,AT0 0,BEV charger,78192.33313
marginal,Link,AT0 0,CO2 pipeline,4.58342
marginal,Link,AT0 0,Combined-Cycle Gas,45850365.04293
marginal,Link,AT0 0,EAF,0.12561
marginal,Link,AT0 0,H2 DRI,998.36826
marginal,Link,AT0 0,H2 Electrolysis,0.30543
marginal,Link,AT0 0,HVC to air,156823.56804
marginal,Link,AT0 0,Haber-Bosch,7.15753
marginal,Link,AT0 0,Open-Cycle Gas,127.52329
marginal,Link,AT0 0,SMR,22.39354
marginal,Link,AT0 0,Sabatier,0.57294
marginal,Link,AT0 0,battery charger,5.0934
marginal,Link,AT0 0,battery discharger,4.73357
marginal,Link,AT0 0,biogas to gas,6062957.76308
marginal,Link,AT0 0,biomass to liquid,142.89756
marginal,Link,AT0 0,biomass-to-methanol,573.45949
marginal,Link,AT0 0,electricity distribution grid,709423.7139
marginal,Link,AT0 0,gas DRI,2076.35342
marginal,Link,AT0 0,gas for industry,19534.14565
marginal,Link,AT0 0,gas pipeline,7362.84661
marginal,Link,AT0 0,gas pipeline new,-63.22479
marginal,Link,AT0 0,heat100-200 industry electric boiler steam,41.56431
marginal,Link,AT0 0,heat100-200 industry gas,56.68146
marginal,Link,AT0 0,heat100-200 industry industrial heat pump high temperature,12512188.85232
marginal,Link,AT0 0,heat100-200 industry solid biomass,6848414.38312
marginal,Link,AT0 0,heat200-500 industry gas,12.6207
marginal,Link,AT0 0,heat200-500 industry hydrogen,87.91287
marginal,Link,AT0 0,heat200-500 industry solid biomass,30921144.64905
marginal,Link,AT0 0,heat<100 industry electric boiler steam,34.55749
marginal,Link,AT0 0,heat<100 industry gas,48.59424
marginal,Link,AT0 0,heat<100 industry industrial heat pump medium temperature,586.62699
marginal,Link,AT0 0,heat<100 industry solid biomass,16673425.19382
marginal,Link,AT0 0,heat>500 industry gas,2332175.99592
marginal,Link,AT0 0,heat>500 industry hydrogen,131.16653
marginal,Link,AT0 0,home battery charger,3.52895
marginal,Link,AT0 0,home battery discharger,3.41808
marginal,Link,AT0 0,methanolisation,15.28008
marginal,Link,AT0 0,municipal solid waste,7599.76458
marginal,Link,AT0 0,rural air heat pump,0.38272
marginal,Link,AT0 0,rural biomass boiler,75770986.78347
marginal,Link,AT0 0,rural gas boiler,57740.23726
marginal,Link,AT0 0,rural ground heat pump,18170.52261
marginal,Link,AT0 0,rural resistive heater,2181.62792
marginal,Link,AT0 0,solid biomass for industry,163658.41745
marginal,Link,AT0 0,steel emission,26474.23597
marginal,Link,AT0 0,unsustainable bioliquids,3476769.52237
marginal,Link,AT0 0,urban central air heat pump,0.40787
marginal,Link,AT0 0,urban central gas CHP,820.6339
marginal,Link,AT0 0,urban central gas boiler,43702.00461
marginal,Link,AT0 0,urban central resistive heater,905.09619
marginal,Link,AT0 0,urban central solid biomass CHP,54379569.24235
marginal,Link,AT0 0,urban central solid biomass CHP CC,11497.28268
marginal,Link,AT0 0,urban decentral air heat pump,5274.85214
marginal,Link,AT0 0,urban decentral biomass boiler,71309006.56296
marginal,Link,AT0 0,urban decentral gas boiler,55210.11574
marginal,Link,AT0 0,urban decentral resistive heater,9908.66982
marginal,Link,AT0 0,waste CHP,1401.58486
marginal,Link,BA0 0,BEV charger,11552.9404
marginal,Link,BA0 0,CO2 pipeline,-0.56617
marginal,Link,BA0 0,Combined-Cycle Gas,224.40488
marginal,Link,BA0 0,EAF,0.06639
marginal,Link,BA0 0,H2 DRI,534.19791
marginal,Link,BA0 0,H2 Electrolysis,0.30295
marginal,Link,BA0 0,HVC to air,59894.32963
marginal,Link,BA0 0,Haber-Bosch,6.16868
marginal,Link,BA0 0,Open-Cycle Gas,118.89742
marginal,Link,BA0 0,SMR,26.40789
marginal,Link,BA0 0,Sabatier,0.49881
marginal,Link,BA0 0,battery charger,5.42741
marginal,Link,BA0 0,battery discharger,5.80602
marginal,Link,BA0 0,biogas to gas,46724.21348
marginal,Link,BA0 0,biomass to liquid,4591060.50147
marginal,Link,BA0 0,biomass-to-methanol,597.94904
marginal,Link,BA0 0,electricity distribution grid,127847.29548
marginal,Link,BA0 0,gas DRI,1253.57305
marginal,Link,BA0 0,gas for industry,3471.55163
marginal,Link,BA0 0,gas pipeline,33076.54111
marginal,Link,BA0 0,gas pipeline new,-117743.77445
marginal,Link,BA0 0,heat100-200 industry electric boiler steam,32.72803
marginal,Link,BA0 0,heat100-200 industry gas,53.59449
marginal,Link,BA0 0,heat100-200 industry industrial heat pump high temperature,817.44028
marginal,Link,BA0 0,heat100-200 industry solid biomass,1472327.97797
marginal,Link,BA0 0,heat200-500 industry gas,11.70217
marginal,Link,BA0 0,heat200-500 industry hydrogen,135.99426
marginal,Link,BA0 0,heat200-500 industry solid biomass,1867548.44484
marginal,Link,BA0 0,heat<100 industry electric boiler steam,32.54697
marginal,Link,BA0 0,heat<100 industry gas,48.47593
marginal,Link,BA0 0,heat<100 industry industrial heat pump medium temperature,560.71608
marginal,Link,BA0 0,heat<100 industry solid biomass,1506062.15759
marginal,Link,BA0 0,heat>500 industry gas,214693.65606
marginal,Link,BA0 0,heat>500 industry hydrogen,139.26334
marginal,Link,BA0 0,home battery charger,17.63463
marginal,Link,BA0 0,home battery discharger,17.59912
marginal,Link,BA0 0,methanolisation,13.44668
marginal,Link,BA0 0,municipal solid waste,0.47804
marginal,Link,BA0 0,rural air heat pump,0.11874
marginal,Link,BA0 0,rural biomass boiler,2164.41738
marginal,Link,BA0 0,rural gas boiler,54783.18271
marginal,Link,BA0 0,rural ground heat pump,0.24539
marginal,Link,BA0 0,rural resistive heater,5474.96519
marginal,Link,BA0 0,solid biomass for industry,6464.65888
marginal,Link,BA0 0,steel emission,3459.74227
marginal,Link,BA0 0,urban central air heat pump,0.7114
marginal,Link,BA0 0,urban central gas CHP,661.54697
marginal,Link,BA0 0,urban central gas boiler,6891.56336
marginal,Link,BA0 0,urban central resistive heater,328.30142
marginal,Link,BA0 0,urban central solid biomass CHP,5380719.40276
marginal,Link,BA0 0,urban central solid biomass CHP CC,3078.77473
marginal,Link,BA0 0,urban decentral air heat pump,0.11989
marginal,Link,BA0 0,urban decentral biomass boiler,2145.84441
marginal,Link,BA0 0,urban decentral gas boiler,34329.73202
marginal,Link,BA0 0,urban decentral resistive heater,3839.71272
marginal,Link,BA0 0,waste CHP,1073.41385
marginal,Link,BE0 0,BEV charger,108315.57933
marginal,Link,BE0 0,CO2 pipeline,-4.35558
marginal,Link,BE0 0,Combined-Cycle Gas,66272690.03911
marginal,Link,BE0 0,DC,33183.75993
marginal,Link,BE0 0,EAF,0.11153
marginal,Link,BE0 0,H2 DRI,914.12207
marginal,Link,BE0 0,H2 Electrolysis,0.28841
marginal,Link,BE0 0,HVC to air,229436.90318
marginal,Link,BE0 0,Haber-Bosch,43.00225
marginal,Link,BE0 0,Open-Cycle Gas,139.1731
marginal,Link,BE0 0,SMR,57.06343
marginal,Link,BE0 0,Sabatier,0.4785
marginal,Link,BE0 0,battery charger,4.17982
marginal,Link,BE0 0,battery discharger,4.32386
marginal,Link,BE0 0,biogas to gas,6544293.25964
marginal,Link,BE0 0,biomass to liquid,15.39123
marginal,Link,BE0 0,biomass-to-methanol,379.73397
marginal,Link,BE0 0,electricity distribution grid,900309.58166
marginal,Link,BE0 0,gas DRI,2088.9088
marginal,Link,BE0 0,gas for industry,52675.79817
marginal,Link,BE0 0,gas pipeline,234.05469
marginal,Link,BE0 0,gas pipeline new,187344.85872
marginal,Link,BE0 0,heat100-200 industry electric boiler steam,44.03915
marginal,Link,BE0 0,heat100-200 industry gas,54430.97474
marginal,Link,BE0 0,heat100-200 industry industrial heat pump high temperature,16177298.53974
marginal,Link,BE0 0,heat100-200 industry solid biomass,102.75568
marginal,Link,BE0 0,heat200-500 industry gas,1308231.19957
marginal,Link,BE0 0,heat200-500 industry hydrogen,111.46272
marginal,Link,BE0 0,heat200-500 industry solid biomass,685.18002
marginal,Link,BE0 0,heat<100 industry electric boiler steam,42.72089
marginal,Link,BE0 0,heat<100 industry gas,77700.84553
marginal,Link,BE0 0,heat<100 industry industrial heat pump medium temperature,14342414.55543
marginal,Link,BE0 0,heat<100 industry solid biomass,105.21881
marginal,Link,BE0 0,heat>500 industry gas,4328871.60468
marginal,Link,BE0 0,heat>500 industry hydrogen,154.36513
marginal,Link,BE0 0,home battery charger,3.63509
marginal,Link,BE0 0,home battery discharger,3.30397
marginal,Link,BE0 0,methanolisation,18.2135
marginal,Link,BE0 0,municipal solid waste,32042.26894
marginal,Link,BE0 0,rural air heat pump,0.51901
marginal,Link,BE0 0,rural biomass boiler,6686114.63111
marginal,Link,BE0 0,rural gas boiler,44383.66217
marginal,Link,BE0 0,rural ground heat pump,3448.78926
marginal,Link,BE0 0,rural resistive heater,853.74902
marginal,Link,BE0 0,solid biomass for industry,87379.02729
marginal,Link,BE0 0,steel emission,20274.1596
marginal,Link,BE0 0,unsustainable bioliquids,3985651.01105
marginal,Link,BE0 0,urban central air heat pump,8127.92176
marginal,Link,BE0 0,urban central gas CHP,1041.77103
marginal,Link,BE0 0,urban central gas boiler,86979.10066
marginal,Link,BE0 0,urban central resistive heater,236.16212
marginal,Link,BE0 0,urban central solid biomass CHP,230.14981
marginal,Link,BE0 0,urban central solid biomass CHP CC,256.87454
marginal,Link,BE0 0,urban decentral air heat pump,1645.46737
marginal,Link,BE0 0,urban decentral biomass boiler,43052407.85171
marginal,Link,BE0 0,urban decentral gas boiler,286878.68689
marginal,Link,BE0 0,urban decentral resistive heater,42046.60955
marginal,Link,BE0 0,waste CHP,2010.11986
marginal,Link,BG0 0,BEV charger,26879.17531
marginal,Link,BG0 0,CO2 pipeline,-15.03254
marginal,Link,BG0 0,Combined-Cycle Gas,2272500.25444
marginal,Link,BG0 0,H2 Electrolysis,0.35231
marginal,Link,BG0 0,HVC to air,114778.6354
marginal,Link,BG0 0,Haber-Bosch,9.26596
marginal,Link,BG0 0,Open-Cycle Gas,117.68591
marginal,Link,BG0 0,SMR,29.45623
marginal,Link,BG0 0,Sabatier,0.52269
marginal,Link,BG0 0,battery charger,6.40786
marginal,Link,BG0 0,battery discharger,6.75529
marginal,Link,BG0 0,biogas to gas,1440815.05553
marginal,Link,BG0 0,biomass to liquid,759718.36271
marginal,Link,BG0 0,biomass-to-methanol,591.86294
marginal,Link,BG0 0,co2 sequestered,30.36656
marginal,Link,BG0 0,electricity distribution grid,387614.0636
marginal,Link,BG0 0,gas for industry,15941.79044
marginal,Link,BG0 0,gas pipeline,48.53485
marginal,Link,BG0 0,gas pipeline new,275855.91732
marginal,Link,BG0 0,heat100-200 industry electric boiler steam,34.64477
marginal,Link,BG0 0,heat100-200 industry gas,44.36948
marginal,Link,BG0 0,heat100-200 industry industrial heat pump high temperature,767.25004
marginal,Link,BG0 0,heat100-200 industry solid biomass,9332529.77055
marginal,Link,BG0 0,heat200-500 industry gas,11.20208
marginal,Link,BG0 0,heat200-500 industry hydrogen,95.97512
marginal,Link,BG0 0,heat200-500 industry solid biomass,10183491.49557
marginal,Link,BG0 0,heat<100 industry electric boiler steam,33.01972
marginal,Link,BG0 0,heat<100 industry gas,47.81635
marginal,Link,BG0 0,heat<100 industry industrial heat pump medium temperature,470.26065
marginal,Link,BG0 0,heat<100 industry solid biomass,6605601.40146
marginal,Link,BG0 0,heat>500 industry gas,1212227.08307
marginal,Link,BG0 0,heat>500 industry hydrogen,120.91791
marginal,Link,BG0 0,home battery charger,18.79308
marginal,Link,BG0 0,home battery discharger,18.32753
marginal,Link,BG0 0,methanolisation,15.23293
marginal,Link,BG0 0,municipal solid waste,2716.61945
marginal,Link,BG0 0,rural air heat pump,0.2791
marginal,Link,BG0 0,rural biomass boiler,21367976.04859
marginal,Link,BG0 0,rural gas boiler,595.02063
marginal,Link,BG0 0,rural ground heat pump,4251.04309
marginal,Link,BG0 0,rural resistive heater,390.11976
marginal,Link,BG0 0,solid biomass for industry,32667.52935
marginal,Link,BG0 0,unsustainable bioliquids,1443246.10738
marginal,Link,BG0 0,urban central air heat pump,0.60704
marginal,Link,BG0 0,urban central gas CHP,714.64235
marginal,Link,BG0 0,urban central gas boiler,16040.16881
marginal,Link,BG0 0,urban central resistive heater,2060.82937
marginal,Link,BG0 0,urban central solid biomass CHP,12817512.897
marginal,Link,BG0 0,urban central solid biomass CHP CC,24968.57098
marginal,Link,BG0 0,urban decentral air heat pump,6804.78911
marginal,Link,BG0 0,urban decentral biomass boiler,26500110.48745
marginal,Link,BG0 0,urban decentral gas boiler,687.41941
marginal,Link,BG0 0,urban decentral resistive heater,20145.50491
marginal,Link,BG0 0,waste CHP,1213.14931
marginal,Link,CH0 0,BEV charger,48068.00479
marginal,Link,CH0 0,CO2 pipeline,15.11951
marginal,Link,CH0 0,Combined-Cycle Gas,345128.50685
marginal,Link,CH0 0,EAF,0.06927
marginal,Link,CH0 0,H2 DRI,532.50284
marginal,Link,CH0 0,H2 Electrolysis,0.32478
marginal,Link,CH0 0,HVC to air,191511.60109
marginal,Link,CH0 0,Haber-Bosch,7.8082
marginal,Link,CH0 0,Open-Cycle Gas,108.23655
marginal,Link,CH0 0,SMR,26.64926
marginal,Link,CH0 0,Sabatier,0.53941
marginal,Link,CH0 0,battery charger,4.63295
marginal,Link,CH0 0,battery discharger,4.36107
marginal,Link,CH0 0,biogas to gas,2366.12632
marginal,Link,CH0 0,biomass to liquid,640187.6722
marginal,Link,CH0 0,biomass-to-methanol,616.1503
marginal,Link,CH0 0,electricity distribution grid,768442.81017
marginal,Link,CH0 0,gas DRI,1272.24512
marginal,Link,CH0 0,gas for industry,11602.28015
marginal,Link,CH0 0,gas pipeline,134393.62602
marginal,Link,CH0 0,gas pipeline new,-275842.26313
marginal,Link,CH0 0,heat100-200 industry electric boiler steam,35.33569
marginal,Link,CH0 0,heat100-200 industry gas,39.09328
marginal,Link,CH0 0,heat100-200 industry industrial heat pump high temperature,603.15388
marginal,Link,CH0 0,heat100-200 industry solid biomass,14592517.01635
marginal,Link,CH0 0,heat200-500 industry gas,10.32262
marginal,Link,CH0 0,heat200-500 industry hydrogen,91.38429
marginal,Link,CH0 0,heat200-500 industry solid biomass,11865068.79994
marginal,Link,CH0 0,heat<100 industry electric boiler steam,34.48416
marginal,Link,CH0 0,heat<100 industry gas,39.40076
marginal,Link,CH0 0,heat<100 industry industrial heat pump medium temperature,393.13844
marginal,Link,CH0 0,heat<100 industry solid biomass,10682086.63709
marginal,Link,CH0 0,heat>500 industry gas,917647.51108
marginal,Link,CH0 0,heat>500 industry hydrogen,120.30816
marginal,Link,CH0 0,home battery charger,10.31756
marginal,Link,CH0 0,home battery discharger,10.09596
marginal,Link,CH0 0,methanolisation,15.8377
marginal,Link,CH0 0,municipal solid waste,67897.8186
marginal,Link,CH0 0,rural air heat pump,0.16921
marginal,Link,CH0 0,rural biomass boiler,4996.73389
marginal,Link,CH0 0,rural gas boiler,2897.21692
marginal,Link,CH0 0,rural ground heat pump,30851.90719
marginal,Link,CH0 0,rural resistive heater,301.40681
marginal,Link,CH0 0,solid biomass for industry,22142.80789
marginal,Link,CH0 0,steel emission,2298.63565
marginal,Link,CH0 0,urban central air heat pump,0.41156
marginal,Link,CH0 0,urban central gas CHP,592.11286
marginal,Link,CH0 0,urban central gas boiler,20471.70673
marginal,Link,CH0 0,urban central resistive heater,3003.07739
marginal,Link,CH0 0,urban central solid biomass CHP,37017561.11962
marginal,Link,CH0 0,urban central solid biomass CHP CC,27094.09037
marginal,Link,CH0 0,urban decentral air heat pump,98883.82514
marginal,Link,CH0 0,urban decentral biomass boiler,4183.68518
marginal,Link,CH0 0,urban decentral gas boiler,110868.78167
marginal,Link,CH0 0,urban decentral resistive heater,11401.81601
marginal,Link,CH0 0,waste CHP,1350.72142
marginal,Link,CZ0 0,BEV charger,70508.46285
marginal,Link,CZ0 0,CO2 pipeline,2.48781
marginal,Link,CZ0 0,Combined-Cycle Gas,37449818.81327
marginal,Link,CZ0 0,EAF,0.12135
marginal,Link,CZ0 0,H2 DRI,828.16213
marginal,Link,CZ0 0,H2 Electrolysis,0.25443
marginal,Link,CZ0 0,HVC to air,173257.7448
marginal,Link,CZ0 0,Haber-Bosch,8.62197
marginal,Link,CZ0 0,Open-Cycle Gas,147.46553
marginal,Link,CZ0 0,SMR,17.8154
marginal,Link,CZ0 0,Sabatier,0.49821
marginal,Link,CZ0 0,battery charger,4.49943
marginal,Link,CZ0 0,battery discharger,4.523
marginal,Link,CZ0 0,biogas to gas,16422602.65885
marginal,Link,CZ0 0,biomass to liquid,42.37974
marginal,Link,CZ0 0,biomass-to-methanol,516.9658
marginal,Link,CZ0 0,electricity distribution grid,712505.74367
marginal,Link,CZ0 0,gas DRI,1871.5765
marginal,Link,CZ0 0,gas for industry,15354.87673
marginal,Link,CZ0 0,gas pipeline,144241.69192
marginal,Link,CZ0 0,gas pipeline new,-127.62481
marginal,Link,CZ0 0,heat100-200 industry electric boiler steam,36.07699
marginal,Link,CZ0 0,heat100-200 industry gas,99.31166
marginal,Link,CZ0 0,heat100-200 industry industrial heat pump high temperature,9572602.61941
marginal,Link,CZ0 0,heat100-200 industry solid biomass,407.6369
marginal,Link,CZ0 0,heat200-500 industry gas,37.26645
marginal,Link,CZ0 0,heat200-500 industry hydrogen,103.25461
marginal,Link,CZ0 0,heat200-500 industry solid biomass,29332703.95193
marginal,Link,CZ0 0,heat<100 industry electric boiler steam,36.12816
marginal,Link,CZ0 0,heat<100 industry gas,30789.79894
marginal,Link,CZ0 0,heat<100 industry industrial heat pump medium temperature,9591806.73832
marginal,Link,CZ0 0,heat<100 industry solid biomass,538.17388
marginal,Link,CZ0 0,heat>500 industry gas,2140730.16946
marginal,Link,CZ0 0,heat>500 industry hydrogen,129.25055
marginal,Link,CZ0 0,home battery charger,3.35256
marginal,Link,CZ0 0,home battery discharger,3.92268
marginal,Link,CZ0 0,methanolisation,9.98997
marginal,Link,CZ0 0,municipal solid waste,2822.63238
marginal,Link,CZ0 0,rural air heat pump,0.20801
marginal,Link,CZ0 0,rural biomass boiler,67668122.12435
marginal,Link,CZ0 0,rural gas boiler,85711.61351
marginal,Link,CZ0 0,rural ground heat pump,13183.47911
marginal,Link,CZ0 0,rural resistive heater,7337.29896
marginal,Link,CZ0 0,solid biomass for industry,80715.56102
marginal,Link,CZ0 0,steel emission,16542.066
marginal,Link,CZ0 0,unsustainable bioliquids,2444945.11167
marginal,Link,CZ0 0,urban central air heat pump,0.49848
marginal,Link,CZ0 0,urban central gas CHP,1750.61472
marginal,Link,CZ0 0,urban central gas boiler,85244.10676
marginal,Link,CZ0 0,urban central resistive heater,1327.47011
marginal,Link,CZ0 0,urban central solid biomass CHP,43439009.92438
marginal,Link,CZ0 0,urban central solid biomass CHP CC,7277.1833
marginal,Link,CZ0 0,urban decentral air heat pump,5263.19296
marginal,Link,CZ0 0,urban decentral biomass boiler,108877823.80482
marginal,Link,CZ0 0,urban decentral gas boiler,121831.60981
marginal,Link,CZ0 0,urban decentral resistive heater,50998.52203
marginal,Link,CZ0 0,waste CHP,1785.95507
marginal,Link,DE0 0,BEV charger,90771.99038
marginal,Link,DE0 0,CO2 pipeline,-5.09058
marginal,Link,DE0 0,Combined-Cycle Gas,37371949.02195
marginal,Link,DE0 0,DC,33074.6467
marginal,Link,DE0 0,EAF,0.12541
marginal,Link,DE0 0,H2 DRI,964.81383
marginal,Link,DE0 0,H2 Electrolysis,0.3387
marginal,Link,DE0 0,HVC to air,229139.98674
marginal,Link,DE0 0,Haber-Bosch,11.02681
marginal,Link,DE0 0,Open-Cycle Gas,146.80871
marginal,Link,DE0 0,SMR,23.93131
marginal,Link,DE0 0,Sabatier,0.51297
marginal,Link,DE0 0,battery charger,5.01676
marginal,Link,DE0 0,battery discharger,4.47624
marginal,Link,DE0 0,biogas to gas,45720939.16584
marginal,Link,DE0 0,biomass to liquid,87.83277
marginal,Link,DE0 0,biomass-to-methanol,557.48798
marginal,Link,DE0 0,co2 sequestered,13418.31553
marginal,Link,DE0 0,electricity distribution grid,838731.15137
marginal,Link,DE0 0,gas DRI,2175.14369
marginal,Link,DE0 0,gas for industry,45356.68214
marginal,Link,DE0 0,gas pipeline,118485.03552
marginal,Link,DE0 0,heat100-200 industry electric boiler steam,43.16902
marginal,Link,DE0 0,heat100-200 industry gas,63880.11592
marginal,Link,DE0 0,heat100-200 industry industrial heat pump high temperature,15247262.81489
marginal,Link,DE0 0,heat100-200 industry solid biomass,725.1945
marginal,Link,DE0 0,heat200-500 industry gas,15.95047
marginal,Link,DE0 0,heat200-500 industry hydrogen,91.82452
marginal,Link,DE0 0,heat200-500 industry solid biomass,40265572.32084
marginal,Link,DE0 0,heat<100 industry electric boiler steam,41.34989
marginal,Link,DE0 0,heat<100 industry gas,77485.32859
marginal,Link,DE0 0,heat<100 industry industrial heat pump medium temperature,12427673.62702
marginal,Link,DE0 0,heat<100 industry solid biomass,1236.15933
marginal,Link,DE0 0,heat>500 industry gas,3301298.87724
marginal,Link,DE0 0,heat>500 industry hydrogen,143.64985
marginal,Link,DE0 0,home battery charger,3.60714
marginal,Link,DE0 0,home battery discharger,3.35692
marginal,Link,DE0 0,methanolisation,13.84734
marginal,Link,DE0 0,municipal solid waste,18330.83161
marginal,Link,DE0 0,rural air heat pump,0.22385
marginal,Link,DE0 0,rural biomass boiler,29597895.97051
marginal,Link,DE0 0,rural gas boiler,112787.96763
marginal,Link,DE0 0,rural ground heat pump,10283.38592
marginal,Link,DE0 0,rural resistive heater,3102.88469
marginal,Link,DE0 0,solid biomass for industry,65539.71382
marginal,Link,DE0 0,steel emission,23208.19376
marginal,Link,DE0 0,unsustainable bioliquids,6668855.20694
marginal,Link,DE0 0,urban central air heat pump,0.71941
marginal,Link,DE0 0,urban central gas CHP,822.55776
marginal,Link,DE0 0,urban central gas boiler,74783.14662
marginal,Link,DE0 0,urban central resistive heater,1849.00485
marginal,Link,DE0 0,urban central solid biomass CHP,29833701.51852
marginal,Link,DE0 0,urban central solid biomass CHP CC,21882372.35097
marginal,Link,DE0 0,urban decentral air heat pump,4226.15351
marginal,Link,DE0 0,urban decentral biomass boiler,64921852.4534
marginal,Link,DE0 0,urban decentral gas boiler,226625.84
marginal,Link,DE0 0,urban decentral resistive heater,7080.34315
marginal,Link,DE0 0,waste CHP,1545.07282
marginal,Link,DE0 1,BEV charger,48651.6405
marginal,Link,DE0 1,CO2 pipeline,22.22428
marginal,Link,DE0 1,Combined-Cycle Gas,27484056.64008
marginal,Link,DE0 1,H2 Electrolysis,0.29798
marginal,Link,DE0 1,HVC to air,129288.43507
marginal,Link,DE0 1,Haber-Bosch,5.961
marginal,Link,DE0 1,Open-Cycle Gas,127.39302
marginal,Link,DE0 1,SMR,15.13207
marginal,Link,DE0 1,Sabatier,0.53156
marginal,Link,DE0 1,battery charger,4.49987
marginal,Link,DE0 1,battery discharger,4.23405
marginal,Link,DE0 1,biogas to gas,27660412.22133
marginal,Link,DE0 1,biomass to liquid,119.57953
marginal,Link,DE0 1,biomass-to-methanol,582.12991
marginal,Link,DE0 1,electricity distribution grid,504487.95121
marginal,Link,DE0 1,gas for industry,6269.45557
marginal,Link,DE0 1,gas pipeline,58806.22517
marginal,Link,DE0 1,gas pipeline new,-61.45562
marginal,Link,DE0 1,heat100-200 industry electric boiler steam,34.04489
marginal,Link,DE0 1,heat100-200 industry gas,68.96693
marginal,Link,DE0 1,heat100-200 industry industrial heat pump high temperature,2868680.34605
marginal,Link,DE0 1,heat100-200 industry solid biomass,8126209.06772
marginal,Link,DE0 1,heat200-500 industry gas,12.7601
marginal,Link,DE0 1,heat200-500 industry hydrogen,93.14882
marginal,Link,DE0 1,heat200-500 industry solid biomass,13265019.39731
marginal,Link,DE0 1,heat<100 industry electric boiler steam,32.7354
marginal,Link,DE0 1,heat<100 industry gas,49.11124
marginal,Link,DE0 1,heat<100 industry industrial heat pump medium temperature,579.19801
marginal,Link,DE0 1,heat<100 industry solid biomass,9874644.93964
marginal,Link,DE0 1,heat>500 industry gas,783231.81788
marginal,Link,DE0 1,heat>500 industry hydrogen,121.38778
marginal,Link,DE0 1,home battery charger,3.2931
marginal,Link,DE0 1,home battery discharger,3.51317
marginal,Link,DE0 1,methanolisation,8.40457
marginal,Link,DE0 1,municipal solid waste,8992.30131
marginal,Link,DE0 1,rural air heat pump,0.19231
marginal,Link,DE0 1,rural biomass boiler,31070888.66937
marginal,Link,DE0 1,rural gas boiler,106540.80046
marginal,Link,DE0 1,rural ground heat pump,5321.74612
marginal,Link,DE0 1,rural resistive heater,1199.98891
marginal,Link,DE0 1,solid biomass for industry,34377.39252
marginal,Link,DE0 1,unsustainable bioliquids,4034209.06661
marginal,Link,DE0 1,urban central air heat pump,0.45423
marginal,Link,DE0 1,urban central gas CHP,800.72983
marginal,Link,DE0 1,urban central gas boiler,16878.22931
marginal,Link,DE0 1,urban central resistive heater,317.07369
marginal,Link,DE0 1,urban central solid biomass CHP,20873271.0306
marginal,Link,DE0 1,urban central solid biomass CHP CC,43742.71298
marginal,Link,DE0 1,urban decentral air heat pump,2071.88641
marginal,Link,DE0 1,urban decentral biomass boiler,20199833.58516
marginal,Link,DE0 1,urban decentral gas boiler,73959.19461
marginal,Link,DE0 1,urban decentral resistive heater,3913.46624
marginal,Link,DE0 1,waste CHP,1395.66284
marginal,Link,DE0 2,BEV charger,136075.74967
marginal,Link,DE0 2,CO2 pipeline,-31.24215
marginal,Link,DE0 2,Combined-Cycle Gas,123636104.27886
marginal,Link,DE0 2,DC,28533.77232
marginal,Link,DE0 2,EAF,0.15336
marginal,Link,DE0 2,H2 DRI,1175.39033
marginal,Link,DE0 2,H2 Electrolysis,0.344
marginal,Link,DE0 2,HVC to air,381746.56263
marginal,Link,DE0 2,Haber-Bosch,188.23265
marginal,Link,DE0 2,Open-Cycle Gas,145.53373
marginal,Link,DE0 2,SMR,156.8549
marginal,Link,DE0 2,Sabatier,0.56249
marginal,Link,DE0 2,battery charger,4.8106
marginal,Link,DE0 2,battery discharger,4.9486
marginal,Link,DE0 2,biogas to gas,32210350.93851
marginal,Link,DE0 2,biomass to liquid,15.42482
marginal,Link,DE0 2,biomass-to-methanol,384.93117
marginal,Link,DE0 2,co2 sequestered,49.11487
marginal,Link,DE0 2,electricity distribution grid,1592944.86552
marginal,Link,DE0 2,gas DRI,2583.12332
marginal,Link,DE0 2,gas for industry,71644.69729
marginal,Link,DE0 2,gas pipeline,419800.97099
marginal,Link,DE0 2,heat100-200 industry electric boiler steam,52.49886
marginal,Link,DE0 2,heat100-200 industry gas,148459.93772
marginal,Link,DE0 2,heat100-200 industry industrial heat pump high temperature,29544289.63167
marginal,Link,DE0 2,heat100-200 industry solid biomass,108.64921
marginal,Link,DE0 2,heat200-500 industry gas,2235523.16725
marginal,Link,DE0 2,heat200-500 industry hydrogen,129.63465
marginal,Link,DE0 2,heat200-500 industry solid biomass,683.04442
marginal,Link,DE0 2,heat<100 industry electric boiler steam,48.17942
marginal,Link,DE0 2,heat<100 industry gas,144764.47472
marginal,Link,DE0 2,heat<100 industry industrial heat pump medium temperature,22976546.36391
marginal,Link,DE0 2,heat<100 industry solid biomass,110.38335
marginal,Link,DE0 2,heat>500 industry gas,6622760.35617
marginal,Link,DE0 2,heat>500 industry hydrogen,170.43799
marginal,Link,DE0 2,home battery charger,3.56337
marginal,Link,DE0 2,home battery discharger,3.34026
marginal,Link,DE0 2,methanolisation,20.11244
marginal,Link,DE0 2,municipal solid waste,23852.14994
marginal,Link,DE0 2,rural air heat pump,0.42043
marginal,Link,DE0 2,rural biomass boiler,15329050.94948
marginal,Link,DE0 2,rural gas boiler,58336.5972
marginal,Link,DE0 2,rural ground heat pump,17336.86784
marginal,Link,DE0 2,rural resistive heater,4332.69678
marginal,Link,DE0 2,solid biomass for industry,148850.11498
marginal,Link,DE0 2,steel emission,62265.75069
marginal,Link,DE0 2,unsustainable bioliquids,4700196.81301
marginal,Link,DE0 2,urban central air heat pump,23377.81906
marginal,Link,DE0 2,urban central gas CHP,1029.15585
marginal,Link,DE0 2,urban central gas boiler,217341.05504
marginal,Link,DE0 2,urban central resistive heater,10634.73603
marginal,Link,DE0 2,urban central solid biomass CHP,232.47354
marginal,Link,DE0 2,urban central solid biomass CHP CC,231.03443
marginal,Link,DE0 2,urban decentral air heat pump,6678.89386
marginal,Link,DE0 2,urban decentral biomass boiler,121487585.98004
marginal,Link,DE0 2,urban decentral gas boiler,455490.59553
marginal,Link,DE0 2,urban decentral resistive heater,13340.13998
marginal,Link,DE0 2,waste CHP,2098.38333
marginal,Link,DE0 3,BEV charger,63853.78099
marginal,Link,DE0 3,CO2 pipeline,1.95845
marginal,Link,DE0 3,Combined-Cycle Gas,48930925.32247
marginal,Link,DE0 3,H2 Electrolysis,0.279
marginal,Link,DE0 3,HVC to air,185004.21507
marginal,Link,DE0 3,Haber-Bosch,5.75889
marginal,Link,DE0 3,Open-Cycle Gas,27503.91733
marginal,Link,DE0 3,SMR,15.66627
marginal,Link,DE0 3,Sabatier,0.55167
marginal,Link,DE0 3,battery charger,4.53367
marginal,Link,DE0 3,battery discharger,4.96451
marginal,Link,DE0 3,biogas to gas,34769068.86186
marginal,Link,DE0 3,biomass to liquid,78.66933
marginal,Link,DE0 3,biomass-to-methanol,568.88396
marginal,Link,DE0 3,electricity distribution grid,655401.24457
marginal,Link,DE0 3,gas for industry,13855.95408
marginal,Link,DE0 3,gas pipeline,20.60848
marginal,Link,DE0 3,gas pipeline new,-306062.91674
marginal,Link,DE0 3,heat100-200 industry electric boiler steam,36.61948
marginal,Link,DE0 3,heat100-200 industry gas,59.396
marginal,Link,DE0 3,heat100-200 industry industrial heat pump high temperature,9019088.67071
marginal,Link,DE0 3,heat100-200 industry solid biomass,1136.64232
marginal,Link,DE0 3,heat200-500 industry gas,14.64827
marginal,Link,DE0 3,heat200-500 industry hydrogen,90.90464
marginal,Link,DE0 3,heat200-500 industry solid biomass,22421787.12022
marginal,Link,DE0 3,heat<100 industry electric boiler steam,34.58523
marginal,Link,DE0 3,heat<100 industry gas,7801.10273
marginal,Link,DE0 3,heat<100 industry industrial heat pump medium temperature,2621431.11403
marginal,Link,DE0 3,heat<100 industry solid biomass,10278406.72273
marginal,Link,DE0 3,heat>500 industry gas,2002706.00896
marginal,Link,DE0 3,heat>500 industry hydrogen,128.84779
marginal,Link,DE0 3,home battery charger,2.97675
marginal,Link,DE0 3,home battery discharger,3.1154
marginal,Link,DE0 3,methanolisation,7.10041
marginal,Link,DE0 3,municipal solid waste,11356.07185
marginal,Link,DE0 3,rural air heat pump,0.30029
marginal,Link,DE0 3,rural biomass boiler,27493262.97999
marginal,Link,DE0 3,rural gas boiler,99404.05508
marginal,Link,DE0 3,rural ground heat pump,7154.00929
marginal,Link,DE0 3,rural resistive heater,1759.00882
marginal,Link,DE0 3,solid biomass for industry,55210.52613
marginal,Link,DE0 3,unsustainable bioliquids,5071423.5415
marginal,Link,DE0 3,urban central air heat pump,0.53861
marginal,Link,DE0 3,urban central gas CHP,870.62896
marginal,Link,DE0 3,urban central gas boiler,38137.85715
marginal,Link,DE0 3,urban central resistive heater,626.64867
marginal,Link,DE0 3,urban central solid biomass CHP,41692366.40792
marginal,Link,DE0 3,urban central solid biomass CHP CC,6963.57119
marginal,Link,DE0 3,urban decentral air heat pump,3127.94709
marginal,Link,DE0 3,urban decentral biomass boiler,41836595.85239
marginal,Link,DE0 3,urban decentral gas boiler,162481.92353
marginal,Link,DE0 3,urban decentral resistive heater,5302.12561
marginal,Link,DE0 3,waste CHP,1529.91671
marginal,Link,DE0 4,BEV charger,123150.01382
marginal,Link,DE0 4,CO2 pipeline,1.8573
marginal,Link,DE0 4,Combined-Cycle Gas,99129614.24835
marginal,Link,DE0 4,EAF,0.12244
marginal,Link,DE0 4,H2 DRI,903.7175
marginal,Link,DE0 4,H2 Electrolysis,0.26499
marginal,Link,DE0 4,HVC to air,347137.8258
marginal,Link,DE0 4,Haber-Bosch,12.0685
marginal,Link,DE0 4,Open-Cycle Gas,120.00442
marginal,Link,DE0 4,SMR,20.38186
marginal,Link,DE0 4,Sabatier,0.49221
marginal,Link,DE0 4,battery charger,4.98202
marginal,Link,DE0 4,battery discharger,4.39085
marginal,Link,DE0 4,biogas to gas,34030460.18321
marginal,Link,DE0 4,biomass to liquid,29.50402
marginal,Link,DE0 4,biomass-to-methanol,490.44348
marginal,Link,DE0 4,electricity distribution grid,1254525.94536
marginal,Link,DE0 4,gas DRI,1978.43111
marginal,Link,DE0 4,gas for industry,50875.39711
marginal,Link,DE0 4,gas pipeline,61016.49807
marginal,Link,DE0 4,heat100-200 industry electric boiler steam,45.77692
marginal,Link,DE0 4,heat100-200 industry gas,79.61344
marginal,Link,DE0 4,heat100-200 industry industrial heat pump high temperature,23545148.64762
marginal,Link,DE0 4,heat100-200 industry solid biomass,231.00178
marginal,Link,DE0 4,heat200-500 industry gas,1479624.36137
marginal,Link,DE0 4,heat200-500 industry hydrogen,120.49634
marginal,Link,DE0 4,heat200-500 industry solid biomass,4374.76396
marginal,Link,DE0 4,heat<100 industry electric boiler steam,41.23634
marginal,Link,DE0 4,heat<100 industry gas,51620.21907
marginal,Link,DE0 4,heat<100 industry industrial heat pump medium temperature,17109847.95059
marginal,Link,DE0 4,heat<100 industry solid biomass,249.73663
marginal,Link,DE0 4,heat>500 industry gas,3047419.9898
marginal,Link,DE0 4,heat>500 industry hydrogen,142.69004
marginal,Link,DE0 4,home battery charger,3.4715
marginal,Link,DE0 4,home battery discharger,3.25172
marginal,Link,DE0 4,methanolisation,6.9323
marginal,Link,DE0 4,municipal solid waste,23275.41246
marginal,Link,DE0 4,rural air heat pump,0.47524
marginal,Link,DE0 4,rural biomass boiler,13051332.65593
marginal,Link,DE0 4,rural gas boiler,46617.17593
marginal,Link,DE0 4,rural ground heat pump,15232.25378
marginal,Link,DE0 4,rural resistive heater,93.74827
marginal,Link,DE0 4,solid biomass for industry,90789.4923
marginal,Link,DE0 4,steel emission,18654.46619
marginal,Link,DE0 4,unsustainable bioliquids,4962204.72736
marginal,Link,DE0 4,urban central air heat pump,13472.42379
marginal,Link,DE0 4,urban central gas CHP,1325.94311
marginal,Link,DE0 4,urban central gas boiler,228526.64855
marginal,Link,DE0 4,urban central resistive heater,374.77524
marginal,Link,DE0 4,urban central solid biomass CHP,14214507.18805
marginal,Link,DE0 4,urban central solid biomass CHP CC,13037.2067
marginal,Link,DE0 4,urban decentral air heat pump,6426.45441
marginal,Link,DE0 4,urban decentral biomass boiler,112621785.94144
marginal,Link,DE0 4,urban decentral gas boiler,426670.29252
marginal,Link,DE0 4,urban decentral resistive heater,9176.48726
marginal,Link,DE0 4,waste CHP,2514.79602
marginal,Link,DE0 5,BEV charger,97164.40972
marginal,Link,DE0 5,CO2 pipeline,11224.38089
marginal,Link,DE0 5,Combined-Cycle Gas,59699422.30488
marginal,Link,DE0 5,DC,4897.79833
marginal,Link,DE0 5,EAF,0.09596
marginal,Link,DE0 5,H2 DRI,687.88033
marginal,Link,DE0 5,H2 Electrolysis,0.27391
marginal,Link,DE0 5,HVC to air,220853.15588
marginal,Link,DE0 5,Haber-Bosch,9.01326
marginal,Link,DE0 5,Open-Cycle Gas,139.82875
marginal,Link,DE0 5,SMR,22.15796
marginal,Link,DE0 5,Sabatier,0.50701
marginal,Link,DE0 5,battery charger,4.80057
marginal,Link,DE0 5,battery discharger,4.19152
marginal,Link,DE0 5,biogas to gas,40174410.92278
marginal,Link,DE0 5,biomass to liquid,76.32479
marginal,Link,DE0 5,biomass-to-methanol,553.6389
marginal,Link,DE0 5,electricity distribution grid,875993.69004
marginal,Link,DE0 5,gas DRI,1590.14537
marginal,Link,DE0 5,gas for industry,66838.19124
marginal,Link,DE0 5,gas pipeline,113982.12505
marginal,Link,DE0 5,heat100-200 industry electric boiler steam,43.84815
marginal,Link,DE0 5,heat100-200 industry gas,72995.67668
marginal,Link,DE0 5,heat100-200 industry industrial heat pump high temperature,18011027.53888
marginal,Link,DE0 5,heat100-200 industry solid biomass,771.33985
marginal,Link,DE0 5,heat200-500 industry gas,16.91619
marginal,Link,DE0 5,heat200-500 industry hydrogen,93.53893
marginal,Link,DE0 5,heat200-500 industry solid biomass,42602607.65932
marginal,Link,DE0 5,heat<100 industry electric boiler steam,41.60301
marginal,Link,DE0 5,heat<100 industry gas,87850.09408
marginal,Link,DE0 5,heat<100 industry industrial heat pump medium temperature,14834985.80176
marginal,Link,DE0 5,heat<100 industry solid biomass,1492.96133
marginal,Link,DE0 5,heat>500 industry gas,3902052.55166
marginal,Link,DE0 5,heat>500 industry hydrogen,153.21263
marginal,Link,DE0 5,home battery charger,3.36882
marginal,Link,DE0 5,home battery discharger,3.56728
marginal,Link,DE0 5,methanolisation,13.06342
marginal,Link,DE0 5,municipal solid waste,15484.40877
marginal,Link,DE0 5,rural air heat pump,0.14792
marginal,Link,DE0 5,rural biomass boiler,40869669.96311
marginal,Link,DE0 5,rural gas boiler,152318.45268
marginal,Link,DE0 5,rural ground heat pump,10092.00034
marginal,Link,DE0 5,rural resistive heater,3076.39831
marginal,Link,DE0 5,solid biomass for industry,65194.81999
marginal,Link,DE0 5,steel emission,8653.89032
marginal,Link,DE0 5,unsustainable bioliquids,5861295.24283
marginal,Link,DE0 5,urban central air heat pump,0.55721
marginal,Link,DE0 5,urban central gas CHP,982.13473
marginal,Link,DE0 5,urban central gas boiler,67765.48994
marginal,Link,DE0 5,urban central resistive heater,585.97879
marginal,Link,DE0 5,urban central solid biomass CHP,23913929.54733
marginal,Link,DE0 5,urban central solid biomass CHP CC,17857812.3735
marginal,Link,DE0 5,urban decentral air heat pump,3995.245
marginal,Link,DE0 5,urban decentral biomass boiler,51899088.93917
marginal,Link,DE0 5,urban decentral gas boiler,196201.98058
marginal,Link,DE0 5,urban decentral resistive heater,8168.56333
marginal,Link,DE0 5,waste CHP,1583.94951
marginal,Link,DK0 0,BEV charger,29618.41565
marginal,Link,DK0 0,CO2 pipeline,1.61527
marginal,Link,DK0 0,Combined-Cycle Gas,5374776.29643
marginal,Link,DK0 0,DC,162681.95446
marginal,Link,DK0 0,H2 Electrolysis,0.41573
marginal,Link,DK0 0,HVC to air,59526.38685
marginal,Link,DK0 0,Haber-Bosch,211.50467
marginal,Link,DK0 0,Open-Cycle Gas,123.0404
marginal,Link,DK0 0,SMR,53678.7295
marginal,Link,DK0 0,Sabatier,0.53655
marginal,Link,DK0 0,battery charger,4.75172
marginal,Link,DK0 0,battery discharger,4.6664
marginal,Link,DK0 0,biogas to gas,8150056.37681
marginal,Link,DK0 0,biomass to liquid,115.29515
marginal,Link,DK0 0,biomass-to-methanol,568.7999
marginal,Link,DK0 0,co2 sequestered,3.20177
marginal,Link,DK0 0,electricity distribution grid,266021.82892
marginal,Link,DK0 0,gas for industry,11222.10227
marginal,Link,DK0 0,gas pipeline,70376.33597
marginal,Link,DK0 0,gas pipeline new,222002.18304
marginal,Link,DK0 0,heat100-200 industry electric boiler steam,39.77043
marginal,Link,DK0 0,heat100-200 industry gas,4601.74558
marginal,Link,DK0 0,heat100-200 industry industrial heat pump high temperature,1956077.23871
marginal,Link,DK0 0,heat100-200 industry solid biomass,582.67259
marginal,Link,DK0 0,heat200-500 industry gas,15.52527
marginal,Link,DK0 0,heat200-500 industry hydrogen,121.4034
marginal,Link,DK0 0,heat200-500 industry solid biomass,4669992.65862
marginal,Link,DK0 0,heat<100 industry electric boiler steam,40.69064
marginal,Link,DK0 0,heat<100 industry gas,11409.5669
marginal,Link,DK0 0,heat<100 industry industrial heat pump medium temperature,1879154.24618
marginal,Link,DK0 0,heat<100 industry solid biomass,678.47756
marginal,Link,DK0 0,heat>500 industry gas,408012.36183
marginal,Link,DK0 0,heat>500 industry hydrogen,127.31977
marginal,Link,DK0 0,home battery charger,3.53253
marginal,Link,DK0 0,home battery discharger,4.02099
marginal,Link,DK0 0,methanolisation,38585.70188
marginal,Link,DK0 0,municipal solid waste,11510.16329
marginal,Link,DK0 0,rural air heat pump,0.62829
marginal,Link,DK0 0,rural biomass boiler,10736466.24926
marginal,Link,DK0 0,rural gas boiler,7395.01216
marginal,Link,DK0 0,rural ground heat pump,8579.5698
marginal,Link,DK0 0,rural resistive heater,1425.23462
marginal,Link,DK0 0,solid biomass for industry,23384.76558
marginal,Link,DK0 0,unsustainable bioliquids,21863.32998
marginal,Link,DK0 0,urban central air heat pump,24301.67176
marginal,Link,DK0 0,urban central gas CHP,525.14965
marginal,Link,DK0 0,urban central gas boiler,57458.34477
marginal,Link,DK0 0,urban central resistive heater,1262.32695
marginal,Link,DK0 0,urban central solid biomass CHP,2676.22212
marginal,Link,DK0 0,urban central solid biomass CHP CC,13280826.26474
marginal,Link,DK0 0,urban decentral air heat pump,9149.0362
marginal,Link,DK0 0,urban decentral biomass boiler,33221444.74114
marginal,Link,DK0 0,urban decentral gas boiler,24745.49386
marginal,Link,DK0 0,urban decentral resistive heater,26381.61038
marginal,Link,DK0 0,waste CHP,1000.40272
marginal,Link,DK1 0,BEV charger,17981.34244
marginal,Link,DK1 0,CO2 pipeline,-0.93769
marginal,Link,DK1 0,Combined-Cycle Gas,5270919.78372
marginal,Link,DK1 0,DC,62034.22512
marginal,Link,DK1 0,H2 Electrolysis,0.46109
marginal,Link,DK1 0,HVC to air,35360.95113
marginal,Link,DK1 0,Haber-Bosch,229214.48984
marginal,Link,DK1 0,Open-Cycle Gas,108.6126
marginal,Link,DK1 0,SMR,201583.71083
marginal,Link,DK1 0,Sabatier,0.53918
marginal,Link,DK1 0,battery charger,4.59556
marginal,Link,DK1 0,battery discharger,4.67242
marginal,Link,DK1 0,biogas to gas,2974608.78319
marginal,Link,DK1 0,biomass to liquid,13.56862
marginal,Link,DK1 0,biomass-to-methanol,346.99718
marginal,Link,DK1 0,co2 sequestered,2.40805
marginal,Link,DK1 0,electricity distribution grid,207322.9665
marginal,Link,DK1 0,gas for industry,2052.62566
marginal,Link,DK1 0,gas pipeline,11.97232
marginal,Link,DK1 0,heat100-200 industry electric boiler steam,43.12397
marginal,Link,DK1 0,heat100-200 industry gas,243.50663
marginal,Link,DK1 0,heat100-200 industry industrial heat pump high temperature,858340.27112
marginal,Link,DK1 0,heat100-200 industry solid biomass,120.66233
marginal,Link,DK1 0,heat200-500 industry gas,83962.67285
marginal,Link,DK1 0,heat200-500 industry hydrogen,171.91077
marginal,Link,DK1 0,heat200-500 industry solid biomass,703.01177
marginal,Link,DK1 0,heat<100 industry electric boiler steam,43.27315
marginal,Link,DK1 0,heat<100 industry gas,4039.11476
marginal,Link,DK1 0,heat<100 industry industrial heat pump medium temperature,881272.33317
marginal,Link,DK1 0,heat<100 industry solid biomass,124.57663
marginal,Link,DK1 0,heat>500 industry gas,43468.57919
marginal,Link,DK1 0,heat>500 industry hydrogen,194.0255
marginal,Link,DK1 0,home battery charger,4.86152
marginal,Link,DK1 0,home battery discharger,4.67855
marginal,Link,DK1 0,methanolisation,54558.16346
marginal,Link,DK1 0,municipal solid waste,8340.17104
marginal,Link,DK1 0,rural air heat pump,0.70642
marginal,Link,DK1 0,rural biomass boiler,4654390.1197
marginal,Link,DK1 0,rural gas boiler,2914.76759
marginal,Link,DK1 0,rural ground heat pump,5263.28426
marginal,Link,DK1 0,rural resistive heater,807.7005
marginal,Link,DK1 0,solid biomass for industry,6694.69081
marginal,Link,DK1 0,unsustainable bioliquids,7979.60481
marginal,Link,DK1 0,urban central air heat pump,11417.08012
marginal,Link,DK1 0,urban central gas CHP,440.43741
marginal,Link,DK1 0,urban central gas boiler,32598.37697
marginal,Link,DK1 0,urban central resistive heater,2975.64671
marginal,Link,DK1 0,urban central solid biomass CHP,118.62617
marginal,Link,DK1 0,urban central solid biomass CHP CC,171.71699
marginal,Link,DK1 0,urban decentral air heat pump,7051.87988
marginal,Link,DK1 0,urban decentral biomass boiler,22834838.39865
marginal,Link,DK1 0,urban decentral gas boiler,16143.19959
marginal,Link,DK1 0,urban decentral resistive heater,19669.74813
marginal,Link,DK1 0,waste CHP,888.24177
marginal,Link,EE0 0,BEV charger,8369.55839
marginal,Link,EE0 0,CO2 pipeline,-0.13286
marginal,Link,EE0 0,Combined-Cycle Gas,891539.42032
marginal,Link,EE0 0,DC,25278.02875
marginal,Link,EE0 0,H2 Electrolysis,0.33481
marginal,Link,EE0 0,HVC to air,21599.11476
marginal,Link,EE0 0,Haber-Bosch,15.02863
marginal,Link,EE0 0,Open-Cycle Gas,109.27398
marginal,Link,EE0 0,SMR,296.42249
marginal,Link,EE0 0,Sabatier,0.54716
marginal,Link,EE0 0,battery charger,5.07652
marginal,Link,EE0 0,battery discharger,4.55456
marginal,Link,EE0 0,biogas to gas,393211.23502
marginal,Link,EE0 0,biomass to liquid,5769648.97899
marginal,Link,EE0 0,biomass-to-methanol,577.60494
marginal,Link,EE0 0,co2 sequestered,2341.26948
marginal,Link,EE0 0,electricity distribution grid,95578.84761
marginal,Link,EE0 0,gas for industry,203.92945
marginal,Link,EE0 0,gas pipeline new,-21920.50138
marginal,Link,EE0 0,heat100-200 industry electric boiler steam,44.83888
marginal,Link,EE0 0,heat100-200 industry gas,52.53321
marginal,Link,EE0 0,heat100-200 industry industrial heat pump high temperature,666727.83994
marginal,Link,EE0 0,heat100-200 industry solid biomass,3058.50352
marginal,Link,EE0 0,heat200-500 industry gas,12.55762
marginal,Link,EE0 0,heat200-500 industry hydrogen,150.28127
marginal,Link,EE0 0,heat200-500 industry solid biomass,1120291.37021
marginal,Link,EE0 0,heat<100 industry electric boiler steam,46.63485
marginal,Link,EE0 0,heat<100 industry gas,98.76293
marginal,Link,EE0 0,heat<100 industry industrial heat pump medium temperature,675861.68095
marginal,Link,EE0 0,heat<100 industry solid biomass,16615.47582
marginal,Link,EE0 0,heat>500 industry gas,49339.97952
marginal,Link,EE0 0,heat>500 industry hydrogen,187.62106
marginal,Link,EE0 0,home battery charger,5.4633
marginal,Link,EE0 0,home battery discharger,4.771
marginal,Link,EE0 0,methanolisation,231.06898
marginal,Link,EE0 0,municipal solid waste,2610.1697
marginal,Link,EE0 0,rural air heat pump,0.10898
marginal,Link,EE0 0,rural biomass boiler,20749180.64129
marginal,Link,EE0 0,rural gas boiler,1802.84015
marginal,Link,EE0 0,rural ground heat pump,3118.29704
marginal,Link,EE0 0,rural resistive heater,2528.64331
marginal,Link,EE0 0,solid biomass for industry,3943.95865
marginal,Link,EE0 0,urban central air heat pump,0.83365
marginal,Link,EE0 0,urban central gas CHP,417.25164
marginal,Link,EE0 0,urban central gas boiler,13875.86971
marginal,Link,EE0 0,urban central resistive heater,1642.5816
marginal,Link,EE0 0,urban central solid biomass CHP,9632520.29732
marginal,Link,EE0 0,urban central solid biomass CHP CC,3485288.18514
marginal,Link,EE0 0,urban decentral air heat pump,2262.46308
marginal,Link,EE0 0,urban decentral biomass boiler,17616792.38206
marginal,Link,EE0 0,urban decentral gas boiler,1298.43962
marginal,Link,EE0 0,urban decentral resistive heater,5890.05976
marginal,Link,EE0 0,waste CHP,934.10521
marginal,Link,ES0 0,BEV charger,281605.14109
marginal,Link,ES0 0,CO2 pipeline,7.48465
marginal,Link,ES0 0,Combined-Cycle Gas,275331387.23599
marginal,Link,ES0 0,DC,57638.94527
marginal,Link,ES0 0,EAF,0.12192
marginal,Link,ES0 0,H2 DRI,972.31674
marginal,Link,ES0 0,H2 Electrolysis,0.35856
marginal,Link,ES0 0,HVC to air,762407.05407
marginal,Link,ES0 0,Haber-Bosch,24.85138
marginal,Link,ES0 0,Open-Cycle Gas,131.04389
marginal,Link,ES0 0,SMR,90.88545
marginal,Link,ES0 0,Sabatier,0.56215
marginal,Link,ES0 0,battery charger,13.45751
marginal,Link,ES0 0,battery discharger,11.71709
marginal,Link,ES0 0,biogas to gas,8157625.48844
marginal,Link,ES0 0,biomass to liquid,73.56093
marginal,Link,ES0 0,biomass-to-methanol,548.02182
marginal,Link,ES0 0,co2 sequestered,15263.10853
marginal,Link,ES0 0,electricity distribution grid,2925326.56161
marginal,Link,ES0 0,gas DRI,1932.96979
marginal,Link,ES0 0,gas for industry,125685.21384
marginal,Link,ES0 0,gas pipeline,104786.78771
marginal,Link,ES0 0,gas pipeline new,-0.73029
marginal,Link,ES0 0,heat100-200 industry electric boiler steam,56.31407
marginal,Link,ES0 0,heat100-200 industry gas,17324.62606
marginal,Link,ES0 0,heat100-200 industry industrial heat pump high temperature,34878913.07925
marginal,Link,ES0 0,heat100-200 industry solid biomass,521.99814
marginal,Link,ES0 0,heat200-500 industry gas,18.60885
marginal,Link,ES0 0,heat200-500 industry hydrogen,113.58292
marginal,Link,ES0 0,heat200-500 industry solid biomass,96969986.17597
marginal,Link,ES0 0,heat<100 industry electric boiler steam,42.30133
marginal,Link,ES0 0,heat<100 industry gas,10718.38322
marginal,Link,ES0 0,heat<100 industry industrial heat pump medium temperature,12172298.40447
marginal,Link,ES0 0,heat<100 industry solid biomass,648.77087
marginal,Link,ES0 0,heat>500 industry gas,8466348.09828
marginal,Link,ES0 0,heat>500 industry hydrogen,183.01893
marginal,Link,ES0 0,home battery charger,3.87274
marginal,Link,ES0 0,home battery discharger,3.84775
marginal,Link,ES0 0,methanolisation,55.55484
marginal,Link,ES0 0,municipal solid waste,27354.19212
marginal,Link,ES0 0,rural air heat pump,0.63064
marginal,Link,ES0 0,rural biomass boiler,48213703.65277
marginal,Link,ES0 0,rural gas boiler,128743.53766
marginal,Link,ES0 0,rural ground heat pump,33543.67913
marginal,Link,ES0 0,rural resistive heater,16328.78499
marginal,Link,ES0 0,solid biomass for industry,275909.80725
marginal,Link,ES0 0,steel emission,18828.47444
marginal,Link,ES0 0,unsustainable bioliquids,18071492.87135
marginal,Link,ES0 0,urban central air heat pump,637.56327
marginal,Link,ES0 0,urban central gas CHP,690.44304
marginal,Link,ES0 0,urban central gas boiler,57754.3579
marginal,Link,ES0 0,urban central resistive heater,3938.9007
marginal,Link,ES0 0,urban central solid biomass CHP,11525793.88706
marginal,Link,ES0 0,urban central solid biomass CHP CC,23015645.24488
marginal,Link,ES0 0,urban decentral air heat pump,7778.081
marginal,Link,ES0 0,urban decentral biomass boiler,81161781.64578
marginal,Link,ES0 0,urban decentral gas boiler,218689.04769
marginal,Link,ES0 0,urban decentral resistive heater,254354.51228
marginal,Link,ES0 0,waste CHP,1675.96277
marginal,Link,ES6 0,BEV charger,4604.30856
marginal,Link,ES6 0,Combined-Cycle Gas,116.82031
marginal,Link,ES6 0,DC,28818.12177
marginal,Link,ES6 0,H2 Electrolysis,0.42274
marginal,Link,ES6 0,HVC to air,11615.32012
marginal,Link,ES6 0,Haber-Bosch,46058.49976
marginal,Link,ES6 0,Open-Cycle Gas,70.35161
marginal,Link,ES6 0,SMR,27621.30059
marginal,Link,ES6 0,Sabatier,0.48916
marginal,Link,ES6 0,battery charger,5.35949
marginal,Link,ES6 0,battery discharger,5.40789
marginal,Link,ES6 0,biogas to gas,65095.46811
marginal,Link,ES6 0,biomass to liquid,18.04476
marginal,Link,ES6 0,biomass-to-methanol,401.87739
marginal,Link,ES6 0,electricity distribution grid,110155.07156
marginal,Link,ES6 0,gas pipeline,9.77139
marginal,Link,ES6 0,gas pipeline new,1878.66767
marginal,Link,ES6 0,heat100-200 industry electric boiler steam,73.46368
marginal,Link,ES6 0,heat100-200 industry gas,35.69673
marginal,Link,ES6 0,heat100-200 industry industrial heat pump high temperature,307139.06386
marginal,Link,ES6 0,heat100-200 industry solid biomass,197.28063
marginal,Link,ES6 0,heat200-500 industry gas,23008.31166
marginal,Link,ES6 0,heat200-500 industry hydrogen,203.49784
marginal,Link,ES6 0,heat200-500 industry solid biomass,1660.45133
marginal,Link,ES6 0,heat<100 industry electric boiler steam,85.57236
marginal,Link,ES6 0,heat<100 industry gas,39.60906
marginal,Link,ES6 0,heat<100 industry industrial heat pump medium temperature,119509.79065
marginal,Link,ES6 0,heat<100 industry solid biomass,213.17393
marginal,Link,ES6 0,heat>500 industry gas,20169.13479
marginal,Link,ES6 0,heat>500 industry hydrogen,216.84124
marginal,Link,ES6 0,home battery charger,5.98375
marginal,Link,ES6 0,home battery discharger,5.91636
marginal,Link,ES6 0,methanolisation,32.17276
marginal,Link,ES6 0,municipal solid waste,662.99814
marginal,Link,ES6 0,rural air heat pump,0.73763
marginal,Link,ES6 0,rural biomass boiler,561472.53122
marginal,Link,ES6 0,rural gas boiler,1127.48076
marginal,Link,ES6 0,rural ground heat pump,10.12656
marginal,Link,ES6 0,rural resistive heater,2505.29993
marginal,Link,ES6 0,solid biomass for industry,2449.8345
marginal,Link,ES6 0,unsustainable bioliquids,141319.18428
marginal,Link,ES6 0,urban central air heat pump,0.36594
marginal,Link,ES6 0,urban central gas CHP,170.39617
marginal,Link,ES6 0,urban central gas boiler,462.10549
marginal,Link,ES6 0,urban central resistive heater,309.9003
marginal,Link,ES6 0,urban central solid biomass CHP,113.68056
marginal,Link,ES6 0,urban central solid biomass CHP CC,178.28534
marginal,Link,ES6 0,urban decentral air heat pump,158.28244
marginal,Link,ES6 0,urban decentral biomass boiler,1509827.99009
marginal,Link,ES6 0,urban decentral gas boiler,3379.21221
marginal,Link,ES6 0,urban decentral resistive heater,5689.35875
marginal,Link,ES6 0,waste CHP,497.22293
marginal,Link,EU,BOF,12561049810.25288
marginal,Link,EU,OCGT methanol,1210.69154
marginal,Link,EU,agriculture machinery oil,525378.21842
marginal,Link,EU,ammonia cracker,8.63046
marginal,Link,EU,coal,13207542.36248
marginal,Link,EU,coal for industry,1637437.80175
marginal,Link,EU,kerosene for aviation,7590558.90125
marginal,Link,EU,land transport oil,25218278.97089
marginal,Link,EU,lignite,135862.48678
marginal,Link,EU,naphtha for industry,8449016.44595
marginal,Link,EU,nuclear,2239209382.34242
marginal,Link,EU,oil,1882.74958
marginal,Link,EU,oil refining,50857284.56217
marginal,Link,EU,rural oil boiler,1765952.7594
marginal,Link,EU,shipping methanol,815629.97899
marginal,Link,EU,shipping oil,4893703.87499
marginal,Link,EU,solid biomass import,17.44456
marginal,Link,EU,urban decentral oil boiler,3018792.56327
marginal,Link,FI1 0,BEV charger,51223.45058
marginal,Link,FI1 0,CO2 pipeline,2.49164
marginal,Link,FI1 0,Combined-Cycle Gas,1160482.44381
marginal,Link,FI1 0,DC,48637.13484
marginal,Link,FI1 0,EAF,0.10291
marginal,Link,FI1 0,H2 DRI,887.93381
marginal,Link,FI1 0,H2 Electrolysis,0.38024
marginal,Link,FI1 0,HVC to air,102173.39338
marginal,Link,FI1 0,Haber-Bosch,13.8751
marginal,Link,FI1 0,Open-Cycle Gas,96.17621
marginal,Link,FI1 0,SMR,126232.57389
marginal,Link,FI1 0,Sabatier,0.57155
marginal,Link,FI1 0,battery charger,4.18392
marginal,Link,FI1 0,battery discharger,4.51599
marginal,Link,FI1 0,biogas to gas,5300266.05236
marginal,Link,FI1 0,biomass to liquid,1955614.08594
marginal,Link,FI1 0,biomass-to-methanol,565.00942
marginal,Link,FI1 0,electricity distribution grid,837012.79839
marginal,Link,FI1 0,gas DRI,1557.93169
marginal,Link,FI1 0,gas for industry,8621.46206
marginal,Link,FI1 0,heat100-200 industry electric boiler steam,39.77931
marginal,Link,FI1 0,heat100-200 industry gas,39.8831
marginal,Link,FI1 0,heat100-200 industry industrial heat pump high temperature,2808198.10894
marginal,Link,FI1 0,heat100-200 industry solid biomass,1628.86571
marginal,Link,FI1 0,heat200-500 industry gas,10.09049
marginal,Link,FI1 0,heat200-500 industry hydrogen,93.8612
marginal,Link,FI1 0,heat200-500 industry solid biomass,14108009.88986
marginal,Link,FI1 0,heat<100 industry electric boiler steam,48.05872
marginal,Link,FI1 0,heat<100 industry gas,1077.59189
marginal,Link,FI1 0,heat<100 industry industrial heat pump medium temperature,16590811.52625
marginal,Link,FI1 0,heat<100 industry solid biomass,2338.30242
marginal,Link,FI1 0,heat>500 industry gas,416622.92837
marginal,Link,FI1 0,heat>500 industry hydrogen,123.76999
marginal,Link,FI1 0,home battery charger,5.04021
marginal,Link,FI1 0,home battery discharger,4.37509
marginal,Link,FI1 0,methanolisation,103687.34309
marginal,Link,FI1 0,municipal solid waste,11369.68294
marginal,Link,FI1 0,rural air heat pump,0.13995
marginal,Link,FI1 0,rural biomass boiler,44536674.94239
marginal,Link,FI1 0,rural gas boiler,20340.43676
marginal,Link,FI1 0,rural ground heat pump,24887.63445
marginal,Link,FI1 0,rural resistive heater,2810.62783
marginal,Link,FI1 0,solid biomass for industry,520742.95178
marginal,Link,FI1 0,steel emission,9767.29839
marginal,Link,FI1 0,unsustainable bioliquids,3567328.38206
marginal,Link,FI1 0,urban central air heat pump,0.5172
marginal,Link,FI1 0,urban central gas CHP,318.31785
marginal,Link,FI1 0,urban central gas boiler,100279.97767
marginal,Link,FI1 0,urban central resistive heater,1.68942
marginal,Link,FI1 0,urban central solid biomass CHP,95707113.8928
marginal,Link,FI1 0,urban central solid biomass CHP CC,31919208.44139
marginal,Link,FI1 0,urban decentral air heat pump,26514.05091
marginal,Link,FI1 0,urban decentral biomass boiler,106630267.00607
marginal,Link,FI1 0,urban decentral gas boiler,92656.83268
marginal,Link,FI1 0,urban decentral resistive heater,19039.765
marginal,Link,FI1 0,waste CHP,1214.69237
marginal,Link,FR0 0,BEV charger,172630.26205
marginal,Link,FR0 0,CO2 pipeline,-3.99646
marginal,Link,FR0 0,Combined-Cycle Gas,21923568.49919
marginal,Link,FR0 0,DC,101231.15715
marginal,Link,FR0 0,EAF,0.12712
marginal,Link,FR0 0,H2 DRI,980.2932
marginal,Link,FR0 0,H2 Electrolysis,0.32585
marginal,Link,FR0 0,HVC to air,397268.50265
marginal,Link,FR0 0,Haber-Bosch,275.64729
marginal,Link,FR0 0,Open-Cycle Gas,113.18515
marginal,Link,FR0 0,SMR,204.96392
marginal,Link,FR0 0,Sabatier,0.51923
marginal,Link,FR0 0,battery charger,4.61628
marginal,Link,FR0 0,battery discharger,5.14021
marginal,Link,FR0 0,biogas to gas,9312959.58744
marginal,Link,FR0 0,biomass to liquid,42.06732
marginal,Link,FR0 0,biomass-to-methanol,509.2684
marginal,Link,FR0 0,electricity distribution grid,1768587.11851
marginal,Link,FR0 0,gas DRI,2196.28786
marginal,Link,FR0 0,gas for industry,41199.93817
marginal,Link,FR0 0,gas pipeline,840228.53746
marginal,Link,FR0 0,heat100-200 industry electric boiler steam,46.74605
marginal,Link,FR0 0,heat100-200 industry gas,14604.1567
marginal,Link,FR0 0,heat100-200 industry industrial heat pump high temperature,16385477.3941
marginal,Link,FR0 0,heat100-200 industry solid biomass,262.34837
marginal,Link,FR0 0,heat200-500 industry gas,56.22271
marginal,Link,FR0 0,heat200-500 industry hydrogen,100.34438
marginal,Link,FR0 0,heat200-500 industry solid biomass,38583820.2882
marginal,Link,FR0 0,heat<100 industry electric boiler steam,44.27681
marginal,Link,FR0 0,heat<100 industry gas,40788.28166
marginal,Link,FR0 0,heat<100 industry industrial heat pump medium temperature,12969996.94714
marginal,Link,FR0 0,heat<100 industry solid biomass,282.89205
marginal,Link,FR0 0,heat>500 industry gas,2836727.09865
marginal,Link,FR0 0,heat>500 industry hydrogen,137.93043
marginal,Link,FR0 0,home battery charger,8.85969
marginal,Link,FR0 0,home battery discharger,8.6681
marginal,Link,FR0 0,methanolisation,42.82861
marginal,Link,FR0 0,municipal solid waste,26090.03162
marginal,Link,FR0 0,rural air heat pump,0.44301
marginal,Link,FR0 0,rural biomass boiler,34978006.3519
marginal,Link,FR0 0,rural gas boiler,49647.00408
marginal,Link,FR0 0,rural ground heat pump,32788.71221
marginal,Link,FR0 0,rural resistive heater,6418.13159
marginal,Link,FR0 0,solid biomass for industry,74362.36853
marginal,Link,FR0 0,steel emission,21651.01658
marginal,Link,FR0 0,unsustainable bioliquids,7404784.97011
marginal,Link,FR0 0,urban central air heat pump,12154.96344
marginal,Link,FR0 0,urban central gas CHP,702.29609
marginal,Link,FR0 0,urban central gas boiler,196646.17251
marginal,Link,FR0 0,urban central resistive heater,2855.17548
marginal,Link,FR0 0,urban central solid biomass CHP,14274117.04672
marginal,Link,FR0 0,urban central solid biomass CHP CC,5403.80929
marginal,Link,FR0 0,urban decentral air heat pump,87406.50489
marginal,Link,FR0 0,urban decentral biomass boiler,157607420.06504
marginal,Link,FR0 0,urban decentral gas boiler,223716.03163
marginal,Link,FR0 0,urban decentral resistive heater,319839.8903
marginal,Link,FR0 0,waste CHP,1966.39731
marginal,Link,FR0 1,BEV charger,99888.43908
marginal,Link,FR0 1,CO2 pipeline,-3.51424
marginal,Link,FR0 1,Combined-Cycle Gas,14162815.18761
marginal,Link,FR0 1,EAF,0.1101
marginal,Link,FR0 1,H2 DRI,907.27139
marginal,Link,FR0 1,H2 Electrolysis,0.3579
marginal,Link,FR0 1,HVC to air,236077.46639
marginal,Link,FR0 1,Haber-Bosch,966.23019
marginal,Link,FR0 1,Open-Cycle Gas,115.13355
marginal,Link,FR0 1,SMR,636.99459
marginal,Link,FR0 1,Sabatier,0.57806
marginal,Link,FR0 1,battery charger,5.36162
marginal,Link,FR0 1,battery discharger,5.44604
marginal,Link,FR0 1,biogas to gas,3183049.28396
marginal,Link,FR0 1,biomass to liquid,38.82554
marginal,Link,FR0 1,biomass-to-methanol,503.99243
marginal,Link,FR0 1,electricity distribution grid,1114068.30881
marginal,Link,FR0 1,gas DRI,2048.71612
marginal,Link,FR0 1,gas for industry,42356.99077
marginal,Link,FR0 1,gas pipeline,477546.6341
marginal,Link,FR0 1,heat100-200 industry electric boiler steam,42.4713
marginal,Link,FR0 1,heat100-200 industry gas,1577.51787
marginal,Link,FR0 1,heat100-200 industry industrial heat pump high temperature,10785407.64073
marginal,Link,FR0 1,heat100-200 industry solid biomass,225.4698
marginal,Link,FR0 1,heat200-500 industry gas,411216.52668
marginal,Link,FR0 1,heat200-500 industry hydrogen,107.28567
marginal,Link,FR0 1,heat200-500 industry solid biomass,15258747.18279
marginal,Link,FR0 1,heat<100 industry electric boiler steam,41.26267
marginal,Link,FR0 1,heat<100 industry gas,22271.7161
marginal,Link,FR0 1,heat<100 industry industrial heat pump medium temperature,9324845.09671
marginal,Link,FR0 1,heat<100 industry solid biomass,245.64895
marginal,Link,FR0 1,heat>500 industry gas,2677130.53939
marginal,Link,FR0 1,heat>500 industry hydrogen,135.92585
marginal,Link,FR0 1,home battery charger,9.66151
marginal,Link,FR0 1,home battery discharger,8.40178
marginal,Link,FR0 1,methanolisation,35.49245
marginal,Link,FR0 1,municipal solid waste,14982.85288
marginal,Link,FR0 1,rural air heat pump,0.44618
marginal,Link,FR0 1,rural biomass boiler,30874103.15532
marginal,Link,FR0 1,rural gas boiler,42115.84949
marginal,Link,FR0 1,rural ground heat pump,22066.87472
marginal,Link,FR0 1,rural resistive heater,6010.79468
marginal,Link,FR0 1,solid biomass for industry,40808.29853
marginal,Link,FR0 1,steel emission,18289.69004
marginal,Link,FR0 1,unsustainable bioliquids,2527682.80386
marginal,Link,FR0 1,urban central air heat pump,13122.6721
marginal,Link,FR0 1,urban central gas CHP,751.08458
marginal,Link,FR0 1,urban central gas boiler,121440.94605
marginal,Link,FR0 1,urban central resistive heater,1484.34127
marginal,Link,FR0 1,urban central solid biomass CHP,5387.88784
marginal,Link,FR0 1,urban central solid biomass CHP CC,2680.81344
marginal,Link,FR0 1,urban decentral air heat pump,55612.2736
marginal,Link,FR0 1,urban decentral biomass boiler,93462114.61229
marginal,Link,FR0 1,urban decentral gas boiler,134772.56157
marginal,Link,FR0 1,urban decentral resistive heater,197259.18425
marginal,Link,FR0 1,waste CHP,1949.20088
marginal,Link,FR0 2,BEV charger,61188.69373
marginal,Link,FR0 2,CO2 pipeline,0.41257
marginal,Link,FR0 2,Combined-Cycle Gas,940924.0011
marginal,Link,FR0 2,DC,75323.82423
marginal,Link,FR0 2,H2 Electrolysis,0.33474
marginal,Link,FR0 2,HVC to air,177053.262
marginal,Link,FR0 2,Haber-Bosch,11.40503
marginal,Link,FR0 2,Open-Cycle Gas,111.78898
marginal,Link,FR0 2,SMR,100.21556
marginal,Link,FR0 2,Sabatier,0.58615
marginal,Link,FR0 2,battery charger,5.34371
marginal,Link,FR0 2,battery discharger,4.59716
marginal,Link,FR0 2,biogas to gas,5509311.76573
marginal,Link,FR0 2,biomass to liquid,1703562.1684
marginal,Link,FR0 2,biomass-to-methanol,602.16615
marginal,Link,FR0 2,electricity distribution grid,817026.15647
marginal,Link,FR0 2,gas for industry,5716.38338
marginal,Link,FR0 2,gas pipeline,96.02096
marginal,Link,FR0 2,heat100-200 industry electric boiler steam,38.62976
marginal,Link,FR0 2,heat100-200 industry gas,43.48816
marginal,Link,FR0 2,heat100-200 industry industrial heat pump high temperature,2366.68001
marginal,Link,FR0 2,heat100-200 industry solid biomass,18281876.10772
marginal,Link,FR0 2,heat200-500 industry gas,10.47042
marginal,Link,FR0 2,heat200-500 industry hydrogen,87.80055
marginal,Link,FR0 2,heat200-500 industry solid biomass,14294624.91469
marginal,Link,FR0 2,heat<100 industry electric boiler steam,37.21787
marginal,Link,FR0 2,heat<100 industry gas,40.7167
marginal,Link,FR0 2,heat<100 industry industrial heat pump medium temperature,612.10457
marginal,Link,FR0 2,heat<100 industry solid biomass,11545843.04818
marginal,Link,FR0 2,heat>500 industry gas,1162122.16545
marginal,Link,FR0 2,heat>500 industry hydrogen,120.87789
marginal,Link,FR0 2,home battery charger,8.37766
marginal,Link,FR0 2,home battery discharger,8.75519
marginal,Link,FR0 2,methanolisation,77.53943
marginal,Link,FR0 2,municipal solid waste,10336.6788
marginal,Link,FR0 2,rural air heat pump,0.30114
marginal,Link,FR0 2,rural biomass boiler,57055077.93515
marginal,Link,FR0 2,rural gas boiler,84503.87024
marginal,Link,FR0 2,rural ground heat pump,29747.03924
marginal,Link,FR0 2,rural resistive heater,7310.59823
marginal,Link,FR0 2,solid biomass for industry,34390.35483
marginal,Link,FR0 2,unsustainable bioliquids,4382310.77413
marginal,Link,FR0 2,urban central air heat pump,0.89542
marginal,Link,FR0 2,urban central gas CHP,587.04341
marginal,Link,FR0 2,urban central gas boiler,28820.53486
marginal,Link,FR0 2,urban central resistive heater,1582.26659
marginal,Link,FR0 2,urban central solid biomass CHP,20624717.44336
marginal,Link,FR0 2,urban central solid biomass CHP CC,28699.94291
marginal,Link,FR0 2,urban decentral air heat pump,32422.76204
marginal,Link,FR0 2,urban decentral biomass boiler,33273572.66326
marginal,Link,FR0 2,urban decentral gas boiler,49272.5249
marginal,Link,FR0 2,urban decentral resistive heater,72966.61865
marginal,Link,FR0 2,waste CHP,1345.28294
marginal,Link,FR0 3,BEV charger,66304.99204
marginal,Link,FR0 3,CO2 pipeline,0.28593
marginal,Link,FR0 3,Combined-Cycle Gas,10096729.15063
marginal,Link,FR0 3,DC,34058.47197
marginal,Link,FR0 3,H2 Electrolysis,0.34681
marginal,Link,FR0 3,HVC to air,162285.42891
marginal,Link,FR0 3,Haber-Bosch,21.71013
marginal,Link,FR0 3,Open-Cycle Gas,124.68645
marginal,Link,FR0 3,SMR,36185.83971
marginal,Link,FR0 3,Sabatier,0.57002
marginal,Link,FR0 3,battery charger,4.84044
marginal,Link,FR0 3,battery discharger,4.8936
marginal,Link,FR0 3,biogas to gas,5272025.7229
marginal,Link,FR0 3,biomass to liquid,112.01661
marginal,Link,FR0 3,biomass-to-methanol,569.27999
marginal,Link,FR0 3,electricity distribution grid,818764.90665
marginal,Link,FR0 3,gas for industry,14857.87252
marginal,Link,FR0 3,gas pipeline,49017.49098
marginal,Link,FR0 3,heat100-200 industry electric boiler steam,39.81831
marginal,Link,FR0 3,heat100-200 industry gas,7101.95359
marginal,Link,FR0 3,heat100-200 industry industrial heat pump high temperature,5865091.37609
marginal,Link,FR0 3,heat100-200 industry solid biomass,669.83815
marginal,Link,FR0 3,heat200-500 industry gas,13.98943
marginal,Link,FR0 3,heat200-500 industry hydrogen,102.45934
marginal,Link,FR0 3,heat200-500 industry solid biomass,12891206.57583
marginal,Link,FR0 3,heat<100 industry electric boiler steam,39.98161
marginal,Link,FR0 3,heat<100 industry gas,16570.16789
marginal,Link,FR0 3,heat<100 industry industrial heat pump medium temperature,4878901.56012
marginal,Link,FR0 3,heat<100 industry solid biomass,951.5461
marginal,Link,FR0 3,heat>500 industry gas,1041526.36148
marginal,Link,FR0 3,heat>500 industry hydrogen,119.55227
marginal,Link,FR0 3,home battery charger,8.72567
marginal,Link,FR0 3,home battery discharger,9.00489
marginal,Link,FR0 3,methanolisation,30164.06989
marginal,Link,FR0 3,municipal solid waste,11223.47767
marginal,Link,FR0 3,rural air heat pump,0.36787
marginal,Link,FR0 3,rural biomass boiler,22301593.7831
marginal,Link,FR0 3,rural gas boiler,28885.18295
marginal,Link,FR0 3,rural ground heat pump,15973.42425
marginal,Link,FR0 3,rural resistive heater,3755.88532
marginal,Link,FR0 3,solid biomass for industry,26468.00492
marginal,Link,FR0 3,unsustainable bioliquids,4188166.03315
marginal,Link,FR0 3,urban central air heat pump,1.88946
marginal,Link,FR0 3,urban central gas CHP,686.03145
marginal,Link,FR0 3,urban central gas boiler,55617.30328
marginal,Link,FR0 3,urban central resistive heater,1126.69559
marginal,Link,FR0 3,urban central solid biomass CHP,21923263.1527
marginal,Link,FR0 3,urban central solid biomass CHP CC,9023096.3755
marginal,Link,FR0 3,urban decentral air heat pump,38070.90354
marginal,Link,FR0 3,urban decentral biomass boiler,61044022.25283
marginal,Link,FR0 3,urban decentral gas boiler,82317.67845
marginal,Link,FR0 3,urban decentral resistive heater,116685.99265
marginal,Link,FR0 3,waste CHP,1432.02359
marginal,Link,FR0 4,BEV charger,51496.27481
marginal,Link,FR0 4,CO2 pipeline,-2.1047
marginal,Link,FR0 4,Combined-Cycle Gas,4902673.82252
marginal,Link,FR0 4,H2 Electrolysis,0.3366
marginal,Link,FR0 4,HVC to air,130429.85315
marginal,Link,FR0 4,Haber-Bosch,10.0786
marginal,Link,FR0 4,Open-Cycle Gas,105.6709
marginal,Link,FR0 4,SMR,36.96112
marginal,Link,FR0 4,Sabatier,0.54147
marginal,Link,FR0 4,battery charger,4.83166
marginal,Link,FR0 4,battery discharger,5.203
marginal,Link,FR0 4,biogas to gas,4138419.09358
marginal,Link,FR0 4,biomass to liquid,296.10727
marginal,Link,FR0 4,biomass-to-methanol,596.15269
marginal,Link,FR0 4,electricity distribution grid,693334.59105
marginal,Link,FR0 4,gas for industry,35532.83649
marginal,Link,FR0 4,gas pipeline,1228921.16049
marginal,Link,FR0 4,heat100-200 industry electric boiler steam,39.93497
marginal,Link,FR0 4,heat100-200 industry gas,1249.53528
marginal,Link,FR0 4,heat100-200 industry industrial heat pump high temperature,8508990.2438
marginal,Link,FR0 4,heat100-200 industry solid biomass,1476.53869
marginal,Link,FR0 4,heat200-500 industry gas,11.25564
marginal,Link,FR0 4,heat200-500 industry hydrogen,87.79719
marginal,Link,FR0 4,heat200-500 industry solid biomass,17376535.31345
marginal,Link,FR0 4,heat<100 industry electric boiler steam,38.5125
marginal,Link,FR0 4,heat<100 industry gas,4031.16496
marginal,Link,FR0 4,heat<100 industry industrial heat pump medium temperature,1515493.38863
marginal,Link,FR0 4,heat<100 industry solid biomass,13246371.97537
marginal,Link,FR0 4,heat>500 industry gas,1942902.15972
marginal,Link,FR0 4,heat>500 industry hydrogen,127.08731
marginal,Link,FR0 4,home battery charger,9.01449
marginal,Link,FR0 4,home battery discharger,8.24301
marginal,Link,FR0 4,methanolisation,21.54461
marginal,Link,FR0 4,municipal solid waste,7955.72625
marginal,Link,FR0 4,rural air heat pump,0.30557
marginal,Link,FR0 4,rural biomass boiler,35343263.40219
marginal,Link,FR0 4,rural gas boiler,45215.5034
marginal,Link,FR0 4,rural ground heat pump,17913.67633
marginal,Link,FR0 4,rural resistive heater,8671.13972
marginal,Link,FR0 4,solid biomass for industry,39403.00853
marginal,Link,FR0 4,unsustainable bioliquids,3290829.9312
marginal,Link,FR0 4,urban central air heat pump,0.75541
marginal,Link,FR0 4,urban central gas CHP,555.92826
marginal,Link,FR0 4,urban central gas boiler,24587.36887
marginal,Link,FR0 4,urban central resistive heater,1135.60378
marginal,Link,FR0 4,urban central solid biomass CHP,20829602.75262
marginal,Link,FR0 4,urban central solid biomass CHP CC,8584.3855
marginal,Link,FR0 4,urban decentral air heat pump,23655.193
marginal,Link,FR0 4,urban decentral biomass boiler,31406092.49212
marginal,Link,FR0 4,urban decentral gas boiler,46644.93253
marginal,Link,FR0 4,urban decentral resistive heater,62366.29005
marginal,Link,FR0 4,waste CHP,1323.95459
marginal,Link,FR5 0,BEV charger,1848.37356
marginal,Link,FR5 0,CO2 pipeline,-1.3614
marginal,Link,FR5 0,Combined-Cycle Gas,5361730.01754
marginal,Link,FR5 0,DC,5815.63943
marginal,Link,FR5 0,H2 Electrolysis,0.2989
marginal,Link,FR5 0,HVC to air,4567.04505
marginal,Link,FR5 0,Haber-Bosch,3.48829
marginal,Link,FR5 0,Open-Cycle Gas,144.22664
marginal,Link,FR5 0,SMR,11.02045
marginal,Link,FR5 0,Sabatier,0.47343
marginal,Link,FR5 0,battery charger,10.90668
marginal,Link,FR5 0,battery discharger,12.18827
marginal,Link,FR5 0,biogas to gas,65631.17051
marginal,Link,FR5 0,biomass to liquid,35.77209
marginal,Link,FR5 0,biomass-to-methanol,545.66513
marginal,Link,FR5 0,electricity distribution grid,43277.28338
marginal,Link,FR5 0,gas pipeline new,-27140.61486
marginal,Link,FR5 0,heat100-200 industry electric boiler steam,50.72961
marginal,Link,FR5 0,heat100-200 industry gas,98.74747
marginal,Link,FR5 0,heat100-200 industry industrial heat pump high temperature,95043.4722
marginal,Link,FR5 0,heat100-200 industry solid biomass,605.48359
marginal,Link,FR5 0,heat200-500 industry gas,1805.97974
marginal,Link,FR5 0,heat200-500 industry hydrogen,199.4743
marginal,Link,FR5 0,heat200-500 industry solid biomass,221121.06576
marginal,Link,FR5 0,heat<100 industry electric boiler steam,52.62579
marginal,Link,FR5 0,heat<100 industry gas,207.493
marginal,Link,FR5 0,heat<100 industry industrial heat pump medium temperature,83263.1511
marginal,Link,FR5 0,heat<100 industry solid biomass,669.79116
marginal,Link,FR5 0,heat>500 industry gas,2870.5208
marginal,Link,FR5 0,heat>500 industry hydrogen,228.27073
marginal,Link,FR5 0,home battery charger,27.00714
marginal,Link,FR5 0,home battery discharger,28.37412
marginal,Link,FR5 0,methanolisation,4.98467
marginal,Link,FR5 0,municipal solid waste,371.58173
marginal,Link,FR5 0,rural air heat pump,0.52517
marginal,Link,FR5 0,rural biomass boiler,3409635.27718
marginal,Link,FR5 0,rural gas boiler,4724.93089
marginal,Link,FR5 0,rural ground heat pump,1436.46521
marginal,Link,FR5 0,rural resistive heater,897.73027
marginal,Link,FR5 0,solid biomass for industry,274.05859
marginal,Link,FR5 0,unsustainable bioliquids,51315.30627
marginal,Link,FR5 0,urban decentral air heat pump,0.10483
marginal,Link,FR5 0,urban decentral biomass boiler,192.99391
marginal,Link,FR5 0,urban decentral gas boiler,0.24404
marginal,Link,FR5 0,urban decentral resistive heater,0.76447
marginal,Link,FR5 0,waste CHP,479.42612
marginal,Link,GB2 0,BEV charger,129596.04032
marginal,Link,GB2 0,CO2 pipeline,-2.51737
marginal,Link,GB2 0,Combined-Cycle Gas,53968869.13361
marginal,Link,GB2 0,DC,69469.31747
marginal,Link,GB2 0,H2 Electrolysis,0.40183
marginal,Link,GB2 0,HVC to air,373097.10827
marginal,Link,GB2 0,Haber-Bosch,157861.90719
marginal,Link,GB2 0,Open-Cycle Gas,106.2672
marginal,Link,GB2 0,SMR,262061.36507
marginal,Link,GB2 0,Sabatier,0.51688
marginal,Link,GB2 0,battery charger,4.47461
marginal,Link,GB2 0,battery discharger,4.54859
marginal,Link,GB2 0,biogas to gas,28280638.83707
marginal,Link,GB2 0,biomass to liquid,86.77363
marginal,Link,GB2 0,biomass-to-methanol,614.1628
marginal,Link,GB2 0,co2 sequestered,3.70815
marginal,Link,GB2 0,electricity distribution grid,1297236.92408
marginal,Link,GB2 0,gas for industry,38671.45271
marginal,Link,GB2 0,gas pipeline,58139.16599
marginal,Link,GB2 0,gas pipeline new,122227.05815
marginal,Link,GB2 0,heat100-200 industry electric boiler steam,49.57843
marginal,Link,GB2 0,heat100-200 industry gas,1150.73326
marginal,Link,GB2 0,heat100-200 industry industrial heat pump high temperature,15713286.65782
marginal,Link,GB2 0,heat100-200 industry solid biomass,382.99873
marginal,Link,GB2 0,heat200-500 industry gas,22.84822
marginal,Link,GB2 0,heat200-500 industry hydrogen,100.98907
marginal,Link,GB2 0,heat200-500 industry solid biomass,40172844.25652
marginal,Link,GB2 0,heat<100 industry electric boiler steam,46.79978
marginal,Link,GB2 0,heat<100 industry gas,6389.8693
marginal,Link,GB2 0,heat<100 industry industrial heat pump medium temperature,12662078.08371
marginal,Link,GB2 0,heat<100 industry solid biomass,430.88581
marginal,Link,GB2 0,heat>500 industry gas,2161599.84954
marginal,Link,GB2 0,heat>500 industry hydrogen,128.75917
marginal,Link,GB2 0,home battery charger,3.91666
marginal,Link,GB2 0,home battery discharger,3.52421
marginal,Link,GB2 0,methanolisation,134790.76935
marginal,Link,GB2 0,municipal solid waste,5023.67353
marginal,Link,GB2 0,rural air heat pump,0.44047
marginal,Link,GB2 0,rural biomass boiler,3574340.32502
marginal,Link,GB2 0,rural gas boiler,173050.82003
marginal,Link,GB2 0,rural ground heat pump,1297.41321
marginal,Link,GB2 0,rural resistive heater,20892.22975
marginal,Link,GB2 0,solid biomass for industry,72518.02101
marginal,Link,GB2 0,unsustainable bioliquids,1871701.21023
marginal,Link,GB2 0,urban central air heat pump,4603.39699
marginal,Link,GB2 0,urban central gas CHP,515.40751
marginal,Link,GB2 0,urban central gas boiler,39521.34385
marginal,Link,GB2 0,urban central resistive heater,8277.20708
marginal,Link,GB2 0,urban central solid biomass CHP,10288.28956
marginal,Link,GB2 0,urban central solid biomass CHP CC,39909969.34123
marginal,Link,GB2 0,urban decentral air heat pump,3280.25714
marginal,Link,GB2 0,urban decentral biomass boiler,10283812.24086
marginal,Link,GB2 0,urban decentral gas boiler,506088.92128
marginal,Link,GB2 0,urban decentral resistive heater,71723.32245
marginal,Link,GB2 0,waste CHP,1563.32121
marginal,Link,GB2 1,BEV charger,236729.49148
marginal,Link,GB2 1,CO2 pipeline,-0.04107
marginal,Link,GB2 1,Combined-Cycle Gas,130219878.93931
marginal,Link,GB2 1,DC,254177.86689
marginal,Link,GB2 1,EAF,0.09929
marginal,Link,GB2 1,H2 DRI,831.35389
marginal,Link,GB2 1,H2 Electrolysis,0.3628
marginal,Link,GB2 1,HVC to air,614028.76133
marginal,Link,GB2 1,Haber-Bosch,247246.38334
marginal,Link,GB2 1,Open-Cycle Gas,111.72878
marginal,Link,GB2 1,SMR,266868.38895
marginal,Link,GB2 1,Sabatier,0.51816
marginal,Link,GB2 1,battery charger,4.41846
marginal,Link,GB2 1,battery discharger,4.90254
marginal,Link,GB2 1,biogas to gas,45872529.794
marginal,Link,GB2 1,biomass to liquid,66.4777
marginal,Link,GB2 1,biomass-to-methanol,604.24978
marginal,Link,GB2 1,co2 sequestered,8.2829
marginal,Link,GB2 1,electricity distribution grid,2155856.30862
marginal,Link,GB2 1,gas DRI,1837.38441
marginal,Link,GB2 1,gas for industry,14543.0637
marginal,Link,GB2 1,gas pipeline,267.68146
marginal,Link,GB2 1,heat100-200 industry electric boiler steam,50.30342
marginal,Link,GB2 1,heat100-200 industry gas,1336.96496
marginal,Link,GB2 1,heat100-200 industry industrial heat pump high temperature,18297155.22899
marginal,Link,GB2 1,heat100-200 industry solid biomass,339.12497
marginal,Link,GB2 1,heat200-500 industry gas,27.78882
marginal,Link,GB2 1,heat200-500 industry hydrogen,108.81657
marginal,Link,GB2 1,heat200-500 industry solid biomass,53526311.0131
marginal,Link,GB2 1,heat<100 industry electric boiler steam,47.24124
marginal,Link,GB2 1,heat<100 industry gas,8514.03493
marginal,Link,GB2 1,heat<100 industry industrial heat pump medium temperature,15042504.55736
marginal,Link,GB2 1,heat<100 industry solid biomass,363.21565
marginal,Link,GB2 1,heat>500 industry gas,1022850.89526
marginal,Link,GB2 1,heat>500 industry hydrogen,120.47137
marginal,Link,GB2 1,home battery charger,3.87309
marginal,Link,GB2 1,home battery discharger,3.44518
marginal,Link,GB2 1,methanolisation,113619.68725
marginal,Link,GB2 1,municipal solid waste,7467.55461
marginal,Link,GB2 1,rural air heat pump,0.2167
marginal,Link,GB2 1,rural biomass boiler,2890487.31397
marginal,Link,GB2 1,rural gas boiler,151531.41888
marginal,Link,GB2 1,rural ground heat pump,2068.58019
marginal,Link,GB2 1,rural resistive heater,19080.42345
marginal,Link,GB2 1,solid biomass for industry,85452.21658
marginal,Link,GB2 1,steel emission,12656.35932
marginal,Link,GB2 1,unsustainable bioliquids,3037009.58386
marginal,Link,GB2 1,urban central air heat pump,24790.37082
marginal,Link,GB2 1,urban central gas CHP,571.87829
marginal,Link,GB2 1,urban central gas boiler,118857.58534
marginal,Link,GB2 1,urban central resistive heater,14851.85136
marginal,Link,GB2 1,urban central solid biomass CHP,103672.65157
marginal,Link,GB2 1,urban central solid biomass CHP CC,35825810.83485
marginal,Link,GB2 1,urban decentral air heat pump,5416.56921
marginal,Link,GB2 1,urban decentral biomass boiler,22140087.24484
marginal,Link,GB2 1,urban decentral gas boiler,1091107.03151
marginal,Link,GB2 1,urban decentral resistive heater,139505.26967
marginal,Link,GB2 1,waste CHP,1701.69485
marginal,Link,GB3 0,BEV charger,8628.30142
marginal,Link,GB3 0,CO2 pipeline,0.13823
marginal,Link,GB3 0,Combined-Cycle Gas,24562357.82231
marginal,Link,GB3 0,DC,6766.63095
marginal,Link,GB3 0,H2 Electrolysis,0.44822
marginal,Link,GB3 0,HVC to air,28534.85015
marginal,Link,GB3 0,Haber-Bosch,12.92939
marginal,Link,GB3 0,Open-Cycle Gas,110.26911
marginal,Link,GB3 0,SMR,8167.75779
marginal,Link,GB3 0,Sabatier,0.5371
marginal,Link,GB3 0,battery charger,5.1585
marginal,Link,GB3 0,battery discharger,4.18518
marginal,Link,GB3 0,biogas to gas,3403001.01066
marginal,Link,GB3 0,biomass to liquid,418070.58154
marginal,Link,GB3 0,biomass-to-methanol,590.4983
marginal,Link,GB3 0,electricity distribution grid,129988.17888
marginal,Link,GB3 0,gas for industry,904.50989
marginal,Link,GB3 0,gas pipeline,8.26972
marginal,Link,GB3 0,gas pipeline new,20450.81978
marginal,Link,GB3 0,heat100-200 industry electric boiler steam,36.41226
marginal,Link,GB3 0,heat100-200 industry gas,49.96993
marginal,Link,GB3 0,heat100-200 industry industrial heat pump high temperature,804576.24805
marginal,Link,GB3 0,heat100-200 industry solid biomass,2326.50424
marginal,Link,GB3 0,heat200-500 industry gas,12.64388
marginal,Link,GB3 0,heat200-500 industry hydrogen,147.98433
marginal,Link,GB3 0,heat200-500 industry solid biomass,2428110.22236
marginal,Link,GB3 0,heat<100 industry electric boiler steam,38.80527
marginal,Link,GB3 0,heat<100 industry gas,55.30617
marginal,Link,GB3 0,heat<100 industry industrial heat pump medium temperature,679354.09883
marginal,Link,GB3 0,heat<100 industry solid biomass,7593.42423
marginal,Link,GB3 0,heat>500 industry gas,72309.77671
marginal,Link,GB3 0,heat>500 industry hydrogen,173.19536
marginal,Link,GB3 0,home battery charger,3.3199
marginal,Link,GB3 0,home battery discharger,3.21215
marginal,Link,GB3 0,methanolisation,5373.17584
marginal,Link,GB3 0,municipal solid waste,452.94108
marginal,Link,GB3 0,rural air heat pump,0.4036
marginal,Link,GB3 0,rural biomass boiler,795401.52695
marginal,Link,GB3 0,rural gas boiler,41528.37664
marginal,Link,GB3 0,rural ground heat pump,92.15052
marginal,Link,GB3 0,rural resistive heater,8380.66075
marginal,Link,GB3 0,solid biomass for industry,1598.82007
marginal,Link,GB3 0,unsustainable bioliquids,224937.04896
marginal,Link,GB3 0,urban central air heat pump,5.12522
marginal,Link,GB3 0,urban central gas CHP,525.60047
marginal,Link,GB3 0,urban central gas boiler,1365.43615
marginal,Link,GB3 0,urban central resistive heater,363.82798
marginal,Link,GB3 0,urban central solid biomass CHP,338857.61875
marginal,Link,GB3 0,urban central solid biomass CHP CC,1862792.70488
marginal,Link,GB3 0,urban decentral air heat pump,245.99641
marginal,Link,GB3 0,urban decentral biomass boiler,363489.55935
marginal,Link,GB3 0,urban decentral gas boiler,16521.04338
marginal,Link,GB3 0,urban decentral resistive heater,3544.27659
marginal,Link,GB3 0,waste CHP,865.50661
marginal,Link,GR0 0,BEV charger,58309.48329
marginal,Link,GR0 0,CO2 pipeline,-5.24299
marginal,Link,GR0 0,Combined-Cycle Gas,105852008.33325
marginal,Link,GR0 0,DC,8707.20992
marginal,Link,GR0 0,H2 Electrolysis,0.38443
marginal,Link,GR0 0,HVC to air,129351.33719
marginal,Link,GR0 0,Haber-Bosch,60.27587
marginal,Link,GR0 0,Open-Cycle Gas,122.54171
marginal,Link,GR0 0,SMR,81.44756
marginal,Link,GR0 0,Sabatier,0.5297
marginal,Link,GR0 0,battery charger,8.48691
marginal,Link,GR0 0,battery discharger,8.4259
marginal,Link,GR0 0,biogas to gas,3532048.86689
marginal,Link,GR0 0,biomass to liquid,21.43326
marginal,Link,GR0 0,biomass-to-methanol,398.54818
marginal,Link,GR0 0,co2 sequestered,8.85945
marginal,Link,GR0 0,electricity distribution grid,577131.57501
marginal,Link,GR0 0,gas for industry,4548.48165
marginal,Link,GR0 0,gas pipeline new,72.86942
marginal,Link,GR0 0,heat100-200 industry electric boiler steam,37.60314
marginal,Link,GR0 0,heat100-200 industry gas,56.59204
marginal,Link,GR0 0,heat100-200 industry industrial heat pump high temperature,2215056.88414
marginal,Link,GR0 0,heat100-200 industry solid biomass,177.23739
marginal,Link,GR0 0,heat200-500 industry gas,173775.46231
marginal,Link,GR0 0,heat200-500 industry hydrogen,156.71554
marginal,Link,GR0 0,heat200-500 industry solid biomass,1202.32275
marginal,Link,GR0 0,heat<100 industry electric boiler steam,44.22597
marginal,Link,GR0 0,heat<100 industry gas,67.54583
marginal,Link,GR0 0,heat<100 industry industrial heat pump medium temperature,1209009.08427
marginal,Link,GR0 0,heat<100 industry solid biomass,217.85794
marginal,Link,GR0 0,heat>500 industry gas,1039415.73968
marginal,Link,GR0 0,heat>500 industry hydrogen,118.00219
marginal,Link,GR0 0,home battery charger,5.08793
marginal,Link,GR0 0,home battery discharger,4.5597
marginal,Link,GR0 0,methanolisation,25.85143
marginal,Link,GR0 0,municipal solid waste,1969.549
marginal,Link,GR0 0,rural air heat pump,0.47297
marginal,Link,GR0 0,rural biomass boiler,23834149.13951
marginal,Link,GR0 0,rural gas boiler,5988.30613
marginal,Link,GR0 0,rural ground heat pump,2.09779
marginal,Link,GR0 0,rural resistive heater,18725.8211
marginal,Link,GR0 0,solid biomass for industry,16288.53283
marginal,Link,GR0 0,unsustainable bioliquids,1577683.48108
marginal,Link,GR0 0,urban central air heat pump,3281.20676
marginal,Link,GR0 0,urban central gas CHP,873.03458
marginal,Link,GR0 0,urban central gas boiler,28062.25764
marginal,Link,GR0 0,urban central resistive heater,741.05789
marginal,Link,GR0 0,urban central solid biomass CHP,302.65127
marginal,Link,GR0 0,urban central solid biomass CHP CC,358.45492
marginal,Link,GR0 0,urban decentral air heat pump,0.15282
marginal,Link,GR0 0,urban decentral biomass boiler,52837080.55305
marginal,Link,GR0 0,urban decentral gas boiler,13882.10934
marginal,Link,GR0 0,urban decentral resistive heater,44209.92024
marginal,Link,GR0 0,waste CHP,1751.27628
marginal,Link,HR0 0,BEV charger,22300.24131
marginal,Link,HR0 0,CO2 pipeline,1.83328
marginal,Link,HR0 0,Combined-Cycle Gas,15002554.66575
marginal,Link,HR0 0,H2 Electrolysis,0.2848
marginal,Link,HR0 0,HVC to air,62564.26823
marginal,Link,HR0 0,Haber-Bosch,6.82592
marginal,Link,HR0 0,Open-Cycle Gas,115.615
marginal,Link,HR0 0,SMR,24.54488
marginal,Link,HR0 0,Sabatier,0.54562
marginal,Link,HR0 0,battery charger,5.05637
marginal,Link,HR0 0,battery discharger,4.84711
marginal,Link,HR0 0,biogas to gas,2323648.06708
marginal,Link,HR0 0,biomass to liquid,2472729.47108
marginal,Link,HR0 0,biomass-to-methanol,604.24433
marginal,Link,HR0 0,electricity distribution grid,175712.91709
marginal,Link,HR0 0,gas for industry,6638.81566
marginal,Link,HR0 0,gas pipeline,150.12505
marginal,Link,HR0 0,gas pipeline new,-259.75778
marginal,Link,HR0 0,heat100-200 industry electric boiler steam,35.16972
marginal,Link,HR0 0,heat100-200 industry gas,38.43912
marginal,Link,HR0 0,heat100-200 industry industrial heat pump high temperature,483.88642
marginal,Link,HR0 0,heat100-200 industry solid biomass,4329916.90245
marginal,Link,HR0 0,heat200-500 industry gas,11.46437
marginal,Link,HR0 0,heat200-500 industry hydrogen,122.52548
marginal,Link,HR0 0,heat200-500 industry solid biomass,3175677.90141
marginal,Link,HR0 0,heat<100 industry electric boiler steam,30.71998
marginal,Link,HR0 0,heat<100 industry gas,41.38831
marginal,Link,HR0 0,heat<100 industry industrial heat pump medium temperature,344.28547
marginal,Link,HR0 0,heat<100 industry solid biomass,4714710.39674
marginal,Link,HR0 0,heat>500 industry gas,306302.05057
marginal,Link,HR0 0,heat>500 industry hydrogen,131.98922
marginal,Link,HR0 0,home battery charger,3.45139
marginal,Link,HR0 0,home battery discharger,3.2808
marginal,Link,HR0 0,methanolisation,13.07552
marginal,Link,HR0 0,municipal solid waste,76.82857
marginal,Link,HR0 0,rural air heat pump,0.23537
marginal,Link,HR0 0,rural biomass boiler,19156142.4249
marginal,Link,HR0 0,rural gas boiler,46276.8049
marginal,Link,HR0 0,rural ground heat pump,0.58249
marginal,Link,HR0 0,rural resistive heater,8952.68019
marginal,Link,HR0 0,solid biomass for industry,6374.03689
marginal,Link,HR0 0,unsustainable bioliquids,2038.70558
marginal,Link,HR0 0,urban central air heat pump,0.75997
marginal,Link,HR0 0,urban central gas CHP,700.33339
marginal,Link,HR0 0,urban central gas boiler,12398.22576
marginal,Link,HR0 0,urban central resistive heater,87.61855
marginal,Link,HR0 0,urban central solid biomass CHP,7122810.92444
marginal,Link,HR0 0,urban central solid biomass CHP CC,9627.91405
marginal,Link,HR0 0,urban decentral air heat pump,0.12834
marginal,Link,HR0 0,urban decentral biomass boiler,16298798.43926
marginal,Link,HR0 0,urban decentral gas boiler,38783.89445
marginal,Link,HR0 0,urban decentral resistive heater,6954.09793
marginal,Link,HR0 0,waste CHP,1139.30253
marginal,Link,HU0 0,BEV charger,48713.78543
marginal,Link,HU0 0,CO2 pipeline,-0.89009
marginal,Link,HU0 0,Combined-Cycle Gas,50489440.16331
marginal,Link,HU0 0,EAF,0.08723
marginal,Link,HU0 0,H2 DRI,676.91914
marginal,Link,HU0 0,H2 Electrolysis,0.29309
marginal,Link,HU0 0,HVC to air,182310.14768
marginal,Link,HU0 0,Haber-Bosch,9.41266
marginal,Link,HU0 0,Open-Cycle Gas,127.98213
marginal,Link,HU0 0,SMR,38.84726
marginal,Link,HU0 0,Sabatier,0.48823
marginal,Link,HU0 0,battery charger,5.02764
marginal,Link,HU0 0,battery discharger,5.4769
marginal,Link,HU0 0,biogas to gas,2555038.02287
marginal,Link,HU0 0,biomass to liquid,96.93242
marginal,Link,HU0 0,biomass-to-methanol,554.01647
marginal,Link,HU0 0,electricity distribution grid,445926.02182
marginal,Link,HU0 0,gas DRI,1384.67843
marginal,Link,HU0 0,gas for industry,7959.68037
marginal,Link,HU0 0,gas pipeline,239774.85324
marginal,Link,HU0 0,gas pipeline new,-5.74162
marginal,Link,HU0 0,heat100-200 industry electric boiler steam,37.20063
marginal,Link,HU0 0,heat100-200 industry gas,53.55213
marginal,Link,HU0 0,heat100-200 industry industrial heat pump high temperature,8637476.13181
marginal,Link,HU0 0,heat100-200 industry solid biomass,1259.51823
marginal,Link,HU0 0,heat200-500 industry gas,15.20161
marginal,Link,HU0 0,heat200-500 industry hydrogen,98.34747
marginal,Link,HU0 0,heat200-500 industry solid biomass,20647750.95475
marginal,Link,HU0 0,heat<100 industry electric boiler steam,36.05659
marginal,Link,HU0 0,heat<100 industry gas,4874.75898
marginal,Link,HU0 0,heat<100 industry industrial heat pump medium temperature,2740491.63179
marginal,Link,HU0 0,heat<100 industry solid biomass,10892776.72866
marginal,Link,HU0 0,heat>500 industry gas,1908583.09006
marginal,Link,HU0 0,heat>500 industry hydrogen,125.93918
marginal,Link,HU0 0,home battery charger,3.52726
marginal,Link,HU0 0,home battery discharger,3.08438
marginal,Link,HU0 0,methanolisation,26.84706
marginal,Link,HU0 0,municipal solid waste,8167.81599
marginal,Link,HU0 0,rural air heat pump,0.17983
marginal,Link,HU0 0,rural biomass boiler,33444636.59233
marginal,Link,HU0 0,rural gas boiler,145874.99491
marginal,Link,HU0 0,rural ground heat pump,711.12488
marginal,Link,HU0 0,rural resistive heater,189.56587
marginal,Link,HU0 0,solid biomass for industry,38579.98556
marginal,Link,HU0 0,steel emission,5789.68469
marginal,Link,HU0 0,unsustainable bioliquids,4138327.39952
marginal,Link,HU0 0,urban central air heat pump,0.73545
marginal,Link,HU0 0,urban central gas CHP,928.49855
marginal,Link,HU0 0,urban central gas boiler,43207.20795
marginal,Link,HU0 0,urban central resistive heater,526.38543
marginal,Link,HU0 0,urban central solid biomass CHP,24268739.96597
marginal,Link,HU0 0,urban central solid biomass CHP CC,6732.9262
marginal,Link,HU0 0,urban decentral air heat pump,275.44274
marginal,Link,HU0 0,urban decentral biomass boiler,46106350.7147
marginal,Link,HU0 0,urban decentral gas boiler,185559.73072
marginal,Link,HU0 0,urban decentral resistive heater,460.19005
marginal,Link,HU0 0,waste CHP,1471.74853
marginal,Link,IE3 0,BEV charger,36810.95722
marginal,Link,IE3 0,Combined-Cycle Gas,13883463.37656
marginal,Link,IE3 0,DC,5894.95929
marginal,Link,IE3 0,H2 Electrolysis,0.39652
marginal,Link,IE3 0,HVC to air,75706.35225
marginal,Link,IE3 0,Haber-Bosch,143.54619
marginal,Link,IE3 0,Open-Cycle Gas,119.26036
marginal,Link,IE3 0,SMR,173.67783
marginal,Link,IE3 0,Sabatier,0.54482
marginal,Link,IE3 0,battery charger,4.90277
marginal,Link,IE3 0,battery discharger,5.11972
marginal,Link,IE3 0,biogas to gas,1431511.65675
marginal,Link,IE3 0,biomass to liquid,59.73051
marginal,Link,IE3 0,biomass-to-methanol,549.67758
marginal,Link,IE3 0,co2 sequestered,2137.60145
marginal,Link,IE3 0,electricity distribution grid,309596.5649
marginal,Link,IE3 0,gas for industry,5787.45302
marginal,Link,IE3 0,heat100-200 industry electric boiler steam,38.16334
marginal,Link,IE3 0,heat100-200 industry gas,52.45198
marginal,Link,IE3 0,heat100-200 industry industrial heat pump high temperature,2807549.72311
marginal,Link,IE3 0,heat100-200 industry solid biomass,379.35195
marginal,Link,IE3 0,heat200-500 industry gas,41.09868
marginal,Link,IE3 0,heat200-500 industry hydrogen,121.15769
marginal,Link,IE3 0,heat200-500 industry solid biomass,6725257.871
marginal,Link,IE3 0,heat<100 industry electric boiler steam,38.57757
marginal,Link,IE3 0,heat<100 industry gas,60.33685
marginal,Link,IE3 0,heat<100 industry industrial heat pump medium temperature,2418629.38937
marginal,Link,IE3 0,heat<100 industry solid biomass,432.4939
marginal,Link,IE3 0,heat>500 industry gas,1487893.46251
marginal,Link,IE3 0,heat>500 industry hydrogen,118.74467
marginal,Link,IE3 0,home battery charger,3.73674
marginal,Link,IE3 0,home battery discharger,3.67998
marginal,Link,IE3 0,methanolisation,49.8812
marginal,Link,IE3 0,municipal solid waste,1419.45313
marginal,Link,IE3 0,rural air heat pump,0.34927
marginal,Link,IE3 0,rural biomass boiler,1904432.86267
marginal,Link,IE3 0,rural gas boiler,40874.225
marginal,Link,IE3 0,rural ground heat pump,929.78188
marginal,Link,IE3 0,rural resistive heater,14679.17884
marginal,Link,IE3 0,solid biomass for industry,30409.13424
marginal,Link,IE3 0,unsustainable bioliquids,400004.68724
marginal,Link,IE3 0,urban central air heat pump,4108.1317
marginal,Link,IE3 0,urban central gas CHP,699.50131
marginal,Link,IE3 0,urban central gas boiler,9423.22231
marginal,Link,IE3 0,urban central resistive heater,1748.25094
marginal,Link,IE3 0,urban central solid biomass CHP,5862.62733
marginal,Link,IE3 0,urban central solid biomass CHP CC,3338392.35702
marginal,Link,IE3 0,urban decentral air heat pump,570.89079
marginal,Link,IE3 0,urban decentral biomass boiler,2691154.14289
marginal,Link,IE3 0,urban decentral gas boiler,53372.90239
marginal,Link,IE3 0,urban decentral resistive heater,20875.90885
marginal,Link,IE3 0,waste CHP,1529.32848
marginal,Link,IT0 0,BEV charger,159883.58553
marginal,Link,IT0 0,CO2 pipeline,-2.75601
marginal,Link,IT0 0,Combined-Cycle Gas,325287630.8402
marginal,Link,IT0 0,DC,72182.07995
marginal,Link,IT0 0,EAF,0.11385
marginal,Link,IT0 0,H2 DRI,961.58005
marginal,Link,IT0 0,H2 Electrolysis,0.31769
marginal,Link,IT0 0,HVC to air,422948.62808
marginal,Link,IT0 0,Haber-Bosch,21.58333
marginal,Link,IT0 0,Open-Cycle Gas,120.27646
marginal,Link,IT0 0,SMR,23.54961
marginal,Link,IT0 0,Sabatier,0.52706
marginal,Link,IT0 0,battery charger,7.47086
marginal,Link,IT0 0,battery discharger,6.95359
marginal,Link,IT0 0,biogas to gas,18781478.28152
marginal,Link,IT0 0,biomass to liquid,16.22469
marginal,Link,IT0 0,biomass-to-methanol,384.47979
marginal,Link,IT0 0,co2 sequestered,1.6416
marginal,Link,IT0 0,electricity distribution grid,1531815.49436
marginal,Link,IT0 0,gas DRI,1911.01209
marginal,Link,IT0 0,gas for industry,34142.43933
marginal,Link,IT0 0,gas pipeline,51674.33206
marginal,Link,IT0 0,heat100-200 industry electric boiler steam,42.77091
marginal,Link,IT0 0,heat100-200 industry gas,48.04818
marginal,Link,IT0 0,heat100-200 industry industrial heat pump high temperature,11975581.58428
marginal,Link,IT0 0,heat100-200 industry solid biomass,103.26476
marginal,Link,IT0 0,heat200-500 industry gas,1253508.68384
marginal,Link,IT0 0,heat200-500 industry hydrogen,112.7526
marginal,Link,IT0 0,heat200-500 industry solid biomass,792.43407
marginal,Link,IT0 0,heat<100 industry electric boiler steam,47.31953
marginal,Link,IT0 0,heat<100 industry gas,2950.86857
marginal,Link,IT0 0,heat<100 industry industrial heat pump medium temperature,19785929.30347
marginal,Link,IT0 0,heat<100 industry solid biomass,109.77626
marginal,Link,IT0 0,heat>500 industry gas,2505949.10045
marginal,Link,IT0 0,heat>500 industry hydrogen,133.77256
marginal,Link,IT0 0,home battery charger,4.91927
marginal,Link,IT0 0,home battery discharger,5.16391
marginal,Link,IT0 0,methanolisation,6.87766
marginal,Link,IT0 0,municipal solid waste,12739.5164
marginal,Link,IT0 0,rural air heat pump,0.46024
marginal,Link,IT0 0,rural biomass boiler,161767329.71545
marginal,Link,IT0 0,rural gas boiler,276616.1845
marginal,Link,IT0 0,rural ground heat pump,7127.78275
marginal,Link,IT0 0,rural resistive heater,20612.35068
marginal,Link,IT0 0,solid biomass for industry,32980.70115
marginal,Link,IT0 0,steel emission,17371.38781
marginal,Link,IT0 0,unsustainable bioliquids,3067771.83195
marginal,Link,IT0 0,urban central air heat pump,11846.65926
marginal,Link,IT0 0,urban central gas CHP,721.19176
marginal,Link,IT0 0,urban central gas boiler,102422.398
marginal,Link,IT0 0,urban central resistive heater,339.70625
marginal,Link,IT0 0,urban central solid biomass CHP,191.6759
marginal,Link,IT0 0,urban central solid biomass CHP CC,235.12325
marginal,Link,IT0 0,urban decentral air heat pump,107879.42869
marginal,Link,IT0 0,urban decentral biomass boiler,85809527.21512
marginal,Link,IT0 0,urban decentral gas boiler,174868.21832
marginal,Link,IT0 0,urban decentral resistive heater,84798.96843
marginal,Link,IT0 0,waste CHP,1676.78699
marginal,Link,IT0 1,BEV charger,217046.58941
marginal,Link,IT0 1,CO2 pipeline,-2.82129
marginal,Link,IT0 1,Combined-Cycle Gas,327745243.83675
marginal,Link,IT0 1,DC,6962.78799
marginal,Link,IT0 1,H2 Electrolysis,0.32385
marginal,Link,IT0 1,HVC to air,471099.39554
marginal,Link,IT0 1,Haber-Bosch,16.35523
marginal,Link,IT0 1,Open-Cycle Gas,120.34981
marginal,Link,IT0 1,SMR,27.70995
marginal,Link,IT0 1,Sabatier,0.55222
marginal,Link,IT0 1,battery charger,5.64212
marginal,Link,IT0 1,battery discharger,4.9025
marginal,Link,IT0 1,biogas to gas,37158235.12583
marginal,Link,IT0 1,biomass to liquid,42.53155
marginal,Link,IT0 1,biomass-to-methanol,520.96791
marginal,Link,IT0 1,co2 sequestered,19.95452
marginal,Link,IT0 1,electricity distribution grid,2447530.11461
marginal,Link,IT0 1,gas for industry,101833.85259
marginal,Link,IT0 1,gas pipeline,191618.54049
marginal,Link,IT0 1,heat100-200 industry electric boiler steam,47.30009
marginal,Link,IT0 1,heat100-200 industry gas,1555.01851
marginal,Link,IT0 1,heat100-200 industry industrial heat pump high temperature,21126917.50121
marginal,Link,IT0 1,heat100-200 industry solid biomass,322.05874
marginal,Link,IT0 1,heat200-500 industry gas,46.61883
marginal,Link,IT0 1,heat200-500 industry hydrogen,124.28931
marginal,Link,IT0 1,heat200-500 industry solid biomass,73519991.91861
marginal,Link,IT0 1,heat<100 industry electric boiler steam,52.45491
marginal,Link,IT0 1,heat<100 industry gas,31772.76275
marginal,Link,IT0 1,heat<100 industry industrial heat pump medium temperature,32954077.47314
marginal,Link,IT0 1,heat<100 industry solid biomass,373.97576
marginal,Link,IT0 1,heat>500 industry gas,5163954.93539
marginal,Link,IT0 1,heat>500 industry hydrogen,168.49372
marginal,Link,IT0 1,home battery charger,4.01402
marginal,Link,IT0 1,home battery discharger,4.08454
marginal,Link,IT0 1,methanolisation,10.63601
marginal,Link,IT0 1,municipal solid waste,16002.71598
marginal,Link,IT0 1,rural air heat pump,0.53766
marginal,Link,IT0 1,rural biomass boiler,127392853.04796
marginal,Link,IT0 1,rural gas boiler,238202.2383
marginal,Link,IT0 1,rural ground heat pump,10305.44684
marginal,Link,IT0 1,rural resistive heater,11666.08076
marginal,Link,IT0 1,solid biomass for industry,43344.65625
marginal,Link,IT0 1,unsustainable bioliquids,6064348.2118
marginal,Link,IT0 1,urban central air heat pump,17105.05829
marginal,Link,IT0 1,urban central gas CHP,858.642
marginal,Link,IT0 1,urban central gas boiler,136665.08243
marginal,Link,IT0 1,urban central resistive heater,2.43062
marginal,Link,IT0 1,urban central solid biomass CHP,27966111.18122
marginal,Link,IT0 1,urban central solid biomass CHP CC,10621.18625
marginal,Link,IT0 1,urban decentral air heat pump,158104.4423
marginal,Link,IT0 1,urban decentral biomass boiler,160354978.41185
marginal,Link,IT0 1,urban decentral gas boiler,327617.33657
marginal,Link,IT0 1,urban decentral resistive heater,178891.67742
marginal,Link,IT0 1,waste CHP,1957.14019
marginal,Link,IT4 0,BEV charger,9244.15397
marginal,Link,IT4 0,Combined-Cycle Gas,281.7571
marginal,Link,IT4 0,DC,16491.84193
marginal,Link,IT4 0,H2 Electrolysis,0.33517
marginal,Link,IT4 0,HVC to air,23881.92956
marginal,Link,IT4 0,Haber-Bosch,10.20475
marginal,Link,IT4 0,Open-Cycle Gas,137.52444
marginal,Link,IT4 0,SMR,15.61696
marginal,Link,IT4 0,Sabatier,0.51484
marginal,Link,IT4 0,battery charger,16.9459
marginal,Link,IT4 0,battery discharger,18.13917
marginal,Link,IT4 0,biogas to gas,935969.8245
marginal,Link,IT4 0,biomass to liquid,18.08194
marginal,Link,IT4 0,biomass-to-methanol,376.63385
marginal,Link,IT4 0,electricity distribution grid,113692.97892
marginal,Link,IT4 0,gas for industry,2286.57812
marginal,Link,IT4 0,heat100-200 industry electric boiler steam,38.77118
marginal,Link,IT4 0,heat100-200 industry gas,89.48189
marginal,Link,IT4 0,heat100-200 industry industrial heat pump high temperature,943154.95191
marginal,Link,IT4 0,heat100-200 industry solid biomass,183.00833
marginal,Link,IT4 0,heat200-500 industry gas,292859.06838
marginal,Link,IT4 0,heat200-500 industry hydrogen,138.66066
marginal,Link,IT4 0,heat200-500 industry solid biomass,860.81026
marginal,Link,IT4 0,heat<100 industry electric boiler steam,36.65566
marginal,Link,IT4 0,heat<100 industry gas,2335.0414
marginal,Link,IT4 0,heat<100 industry industrial heat pump medium temperature,1876354.7331
marginal,Link,IT4 0,heat<100 industry solid biomass,162.63207
marginal,Link,IT4 0,heat>500 industry gas,511107.67511
marginal,Link,IT4 0,heat>500 industry hydrogen,122.46185
marginal,Link,IT4 0,home battery charger,3.64051
marginal,Link,IT4 0,home battery discharger,3.19434
marginal,Link,IT4 0,methanolisation,5.74726
marginal,Link,IT4 0,municipal solid waste,810.96014
marginal,Link,IT4 0,rural air heat pump,0.14805
marginal,Link,IT4 0,rural biomass boiler,19193844.17227
marginal,Link,IT4 0,rural gas boiler,35236.38034
marginal,Link,IT4 0,rural ground heat pump,284.5492
marginal,Link,IT4 0,rural resistive heater,3251.94011
marginal,Link,IT4 0,solid biomass for industry,2324.91663
marginal,Link,IT4 0,unsustainable bioliquids,152669.89856
marginal,Link,IT4 0,urban central air heat pump,227.24354
marginal,Link,IT4 0,urban central gas CHP,854.88671
marginal,Link,IT4 0,urban central gas boiler,2089.05536
marginal,Link,IT4 0,urban central resistive heater,36.52769
marginal,Link,IT4 0,urban central solid biomass CHP,228.22934
marginal,Link,IT4 0,urban central solid biomass CHP CC,308.71104
marginal,Link,IT4 0,urban decentral air heat pump,3196.74272
marginal,Link,IT4 0,urban decentral biomass boiler,797041.94878
marginal,Link,IT4 0,urban decentral gas boiler,1595.92713
marginal,Link,IT4 0,urban decentral resistive heater,2494.42565
marginal,Link,IT4 0,waste CHP,1123.27104
marginal,Link,LT0 0,BEV charger,25725.45227
marginal,Link,LT0 0,CO2 pipeline,-0.5144
marginal,Link,LT0 0,Combined-Cycle Gas,7264733.19063
marginal,Link,LT0 0,DC,11858.19556
marginal,Link,LT0 0,H2 Electrolysis,0.33909
marginal,Link,LT0 0,HVC to air,42212.11782
marginal,Link,LT0 0,Haber-Bosch,13.37789
marginal,Link,LT0 0,Open-Cycle Gas,99.69181
marginal,Link,LT0 0,SMR,71.53798
marginal,Link,LT0 0,Sabatier,0.52064
marginal,Link,LT0 0,battery charger,5.04191
marginal,Link,LT0 0,battery discharger,4.61578
marginal,Link,LT0 0,biogas to gas,1102159.94387
marginal,Link,LT0 0,biomass to liquid,120140.19728
marginal,Link,LT0 0,biomass-to-methanol,608.06094
marginal,Link,LT0 0,co2 sequestered,2670.00098
marginal,Link,LT0 0,electricity distribution grid,138899.50839
marginal,Link,LT0 0,gas for industry,189.38679
marginal,Link,LT0 0,gas pipeline,140.01703
marginal,Link,LT0 0,gas pipeline new,-2.59643
marginal,Link,LT0 0,heat100-200 industry electric boiler steam,34.77152
marginal,Link,LT0 0,heat100-200 industry gas,48.60577
marginal,Link,LT0 0,heat100-200 industry industrial heat pump high temperature,929721.90704
marginal,Link,LT0 0,heat100-200 industry solid biomass,8624.84405
marginal,Link,LT0 0,heat200-500 industry gas,12.25116
marginal,Link,LT0 0,heat200-500 industry hydrogen,131.92969
marginal,Link,LT0 0,heat200-500 industry solid biomass,2521506.52005
marginal,Link,LT0 0,heat<100 industry electric boiler steam,34.36454
marginal,Link,LT0 0,heat<100 industry gas,51.35009
marginal,Link,LT0 0,heat<100 industry industrial heat pump medium temperature,1213.70963
marginal,Link,LT0 0,heat<100 industry solid biomass,2563199.05587
marginal,Link,LT0 0,heat>500 industry gas,92535.10261
marginal,Link,LT0 0,heat>500 industry hydrogen,164.85499
marginal,Link,LT0 0,home battery charger,3.33174
marginal,Link,LT0 0,home battery discharger,3.42678
marginal,Link,LT0 0,methanolisation,47.87747
marginal,Link,LT0 0,municipal solid waste,1067.28319
marginal,Link,LT0 0,rural air heat pump,0.03818
marginal,Link,LT0 0,rural biomass boiler,46240709.93635
marginal,Link,LT0 0,rural gas boiler,0.52803
marginal,Link,LT0 0,rural ground heat pump,731.35689
marginal,Link,LT0 0,rural resistive heater,10.21655
marginal,Link,LT0 0,solid biomass for industry,11784.17021
marginal,Link,LT0 0,unsustainable bioliquids,1386705.6387
marginal,Link,LT0 0,urban central air heat pump,0.50803
marginal,Link,LT0 0,urban central gas CHP,445.39866
marginal,Link,LT0 0,urban central gas boiler,20438.58089
marginal,Link,LT0 0,urban central resistive heater,186.26332
marginal,Link,LT0 0,urban central solid biomass CHP,14348575.91964
marginal,Link,LT0 0,urban central solid biomass CHP CC,4284505.17176
marginal,Link,LT0 0,urban decentral air heat pump,73.9356
marginal,Link,LT0 0,urban decentral biomass boiler,38038455.82815
marginal,Link,LT0 0,urban decentral gas boiler,1.36385
marginal,Link,LT0 0,urban decentral resistive heater,10.64428
marginal,Link,LT0 0,waste CHP,1005.83556
marginal,Link,LU0 0,BEV charger,10914.04624
marginal,Link,LU0 0,Combined-Cycle Gas,953.9998
marginal,Link,LU0 0,H2 Electrolysis,0.31849
marginal,Link,LU0 0,HVC to air,9271.4873
marginal,Link,LU0 0,Haber-Bosch,9.09856
marginal,Link,LU0 0,Open-Cycle Gas,482773.7533
marginal,Link,LU0 0,SMR,19.34033
marginal,Link,LU0 0,Sabatier,0.52806
marginal,Link,LU0 0,battery charger,4.87612
marginal,Link,LU0 0,battery discharger,5.22251
marginal,Link,LU0 0,biogas to gas,509534.29583
marginal,Link,LU0 0,biomass to liquid,47.83485
marginal,Link,LU0 0,biomass-to-methanol,534.31702
marginal,Link,LU0 0,electricity distribution grid,71389.89944
marginal,Link,LU0 0,gas for industry,18537.80002
marginal,Link,LU0 0,gas pipeline,116744.26032
marginal,Link,LU0 0,heat100-200 industry electric boiler steam,33.98801
marginal,Link,LU0 0,heat100-200 industry gas,3676.00759
marginal,Link,LU0 0,heat100-200 industry industrial heat pump high temperature,292807.48859
marginal,Link,LU0 0,heat100-200 industry solid biomass,1065.34479
marginal,Link,LU0 0,heat200-500 industry gas,30.98961
marginal,Link,LU0 0,heat200-500 industry hydrogen,169.76648
marginal,Link,LU0 0,heat200-500 industry solid biomass,1586728.7473
marginal,Link,LU0 0,heat<100 industry electric boiler steam,34.78084
marginal,Link,LU0 0,heat<100 industry gas,5197.93531
marginal,Link,LU0 0,heat<100 industry industrial heat pump medium temperature,341008.22521
marginal,Link,LU0 0,heat<100 industry solid biomass,1433.03262
marginal,Link,LU0 0,heat>500 industry gas,184926.46762
marginal,Link,LU0 0,heat>500 industry hydrogen,144.37857
marginal,Link,LU0 0,home battery charger,3.17582
marginal,Link,LU0 0,home battery discharger,3.25422
marginal,Link,LU0 0,methanolisation,9.68996
marginal,Link,LU0 0,municipal solid waste,110.69415
marginal,Link,LU0 0,rural air heat pump,0.16304
marginal,Link,LU0 0,rural biomass boiler,431334.36925
marginal,Link,LU0 0,rural gas boiler,3139.2549
marginal,Link,LU0 0,rural ground heat pump,47.24252
marginal,Link,LU0 0,rural resistive heater,432.32614
marginal,Link,LU0 0,solid biomass for industry,2666.16968
marginal,Link,LU0 0,urban central air heat pump,2.86893
marginal,Link,LU0 0,urban central gas CHP,1989398.00994
marginal,Link,LU0 0,urban central gas boiler,6295.63435
marginal,Link,LU0 0,urban central resistive heater,686.35549
marginal,Link,LU0 0,urban central solid biomass CHP,3008899.90997
marginal,Link,LU0 0,urban central solid biomass CHP CC,66774.31182
marginal,Link,LU0 0,urban decentral air heat pump,166.19751
marginal,Link,LU0 0,urban decentral biomass boiler,2753784.49187
marginal,Link,LU0 0,urban decentral gas boiler,17859.3084
marginal,Link,LU0 0,urban decentral resistive heater,2837.64857
marginal,Link,LU0 0,waste CHP,1060.49057
marginal,Link,LV0 0,BEV charger,11924.88694
marginal,Link,LV0 0,Combined-Cycle Gas,2975393.0781
marginal,Link,LV0 0,H2 Electrolysis,0.31574
marginal,Link,LV0 0,HVC to air,30489.82782
marginal,Link,LV0 0,Haber-Bosch,14.77923
marginal,Link,LV0 0,Open-Cycle Gas,97.97655
marginal,Link,LV0 0,SMR,158.39053
marginal,Link,LV0 0,Sabatier,0.55433
marginal,Link,LV0 0,battery charger,4.69457
marginal,Link,LV0 0,battery discharger,4.22302
marginal,Link,LV0 0,biogas to gas,2278896.68773
marginal,Link,LV0 0,biomass to liquid,5788755.68514
marginal,Link,LV0 0,biomass-to-methanol,599.30167
marginal,Link,LV0 0,co2 sequestered,3950.77336
marginal,Link,LV0 0,electricity distribution grid,76061.93026
marginal,Link,LV0 0,gas for industry,273.9383
marginal,Link,LV0 0,gas pipeline,100.53985
marginal,Link,LV0 0,heat100-200 industry electric boiler steam,37.45979
marginal,Link,LV0 0,heat100-200 industry gas,51.46927
marginal,Link,LV0 0,heat100-200 industry industrial heat pump high temperature,475118.07319
marginal,Link,LV0 0,heat100-200 industry solid biomass,5229.73256
marginal,Link,LV0 0,heat200-500 industry gas,12.56697
marginal,Link,LV0 0,heat200-500 industry hydrogen,139.97249
marginal,Link,LV0 0,heat200-500 industry solid biomass,1774127.16298
marginal,Link,LV0 0,heat<100 industry electric boiler steam,34.83229
marginal,Link,LV0 0,heat<100 industry gas,48.13653
marginal,Link,LV0 0,heat<100 industry industrial heat pump medium temperature,1697.60377
marginal,Link,LV0 0,heat<100 industry solid biomass,3363314.36059
marginal,Link,LV0 0,heat>500 industry gas,95613.85644
marginal,Link,LV0 0,heat>500 industry hydrogen,163.47314
marginal,Link,LV0 0,home battery charger,3.20147
marginal,Link,LV0 0,home battery discharger,3.53338
marginal,Link,LV0 0,methanolisation,105.32945
marginal,Link,LV0 0,municipal solid waste,683.93112
marginal,Link,LV0 0,rural air heat pump,0.0661
marginal,Link,LV0 0,rural biomass boiler,39254919.4312
marginal,Link,LV0 0,rural gas boiler,13394.59979
marginal,Link,LV0 0,rural ground heat pump,0.10252
marginal,Link,LV0 0,rural resistive heater,23.39347
marginal,Link,LV0 0,solid biomass for industry,50650.51678
marginal,Link,LV0 0,unsustainable bioliquids,672587.94728
marginal,Link,LV0 0,urban central air heat pump,0.5765
marginal,Link,LV0 0,urban central gas CHP,425.68641
marginal,Link,LV0 0,urban central gas boiler,16881.77992
marginal,Link,LV0 0,urban central resistive heater,107.9877
marginal,Link,LV0 0,urban central solid biomass CHP,11079403.31104
marginal,Link,LV0 0,urban central solid biomass CHP CC,6066418.78071
marginal,Link,LV0 0,urban decentral air heat pump,0.03684
marginal,Link,LV0 0,urban decentral biomass boiler,28442453.95644
marginal,Link,LV0 0,urban decentral gas boiler,8607.33682
marginal,Link,LV0 0,urban decentral resistive heater,24.45779
marginal,Link,LV0 0,waste CHP,917.36574
marginal,Link,ME0 0,BEV charger,2153.89872
marginal,Link,ME0 0,CO2 pipeline,3.07451
marginal,Link,ME0 0,Combined-Cycle Gas,268.58759
marginal,Link,ME0 0,DC,9035.93823
marginal,Link,ME0 0,EAF,0.07757
marginal,Link,ME0 0,H2 DRI,605.64876
marginal,Link,ME0 0,H2 Electrolysis,0.26148
marginal,Link,ME0 0,HVC to air,10228.98308
marginal,Link,ME0 0,Haber-Bosch,7.11723
marginal,Link,ME0 0,Open-Cycle Gas,128.58726
marginal,Link,ME0 0,SMR,27.72869
marginal,Link,ME0 0,Sabatier,0.56597
marginal,Link,ME0 0,battery charger,6.64063
marginal,Link,ME0 0,battery discharger,6.90432
marginal,Link,ME0 0,biogas to gas,2557.09169
marginal,Link,ME0 0,biomass to liquid,434891.93673
marginal,Link,ME0 0,biomass-to-methanol,575.69697
marginal,Link,ME0 0,electricity distribution grid,26819.94164
marginal,Link,ME0 0,gas DRI,1147.93181
marginal,Link,ME0 0,gas for industry,126.39242
marginal,Link,ME0 0,heat100-200 industry electric boiler steam,51.18542
marginal,Link,ME0 0,heat100-200 industry gas,59.77201
marginal,Link,ME0 0,heat100-200 industry industrial heat pump high temperature,1391.81914
marginal,Link,ME0 0,heat100-200 industry solid biomass,348187.14723
marginal,Link,ME0 0,heat200-500 industry gas,11.7799
marginal,Link,ME0 0,heat200-500 industry hydrogen,151.76965
marginal,Link,ME0 0,heat200-500 industry solid biomass,466259.72024
marginal,Link,ME0 0,heat<100 industry electric boiler steam,51.69457
marginal,Link,ME0 0,heat<100 industry gas,57.40091
marginal,Link,ME0 0,heat<100 industry industrial heat pump medium temperature,842.20003
marginal,Link,ME0 0,heat<100 industry solid biomass,350185.99675
marginal,Link,ME0 0,heat>500 industry gas,60692.54389
marginal,Link,ME0 0,heat>500 industry hydrogen,178.57006
marginal,Link,ME0 0,home battery charger,5.53173
marginal,Link,ME0 0,home battery discharger,5.55039
marginal,Link,ME0 0,methanolisation,19.31138
marginal,Link,ME0 0,municipal solid waste,0.42458
marginal,Link,ME0 0,rural air heat pump,0.18372
marginal,Link,ME0 0,rural biomass boiler,2733.63042
marginal,Link,ME0 0,rural gas boiler,5008.47876
marginal,Link,ME0 0,rural ground heat pump,0.38207
marginal,Link,ME0 0,rural resistive heater,700.92594
marginal,Link,ME0 0,solid biomass for industry,2502.26381
marginal,Link,ME0 0,steel emission,112.32315
marginal,Link,ME0 0,urban central air heat pump,0.73381
marginal,Link,ME0 0,urban central gas CHP,681.72861
marginal,Link,ME0 0,urban central gas boiler,554.5665
marginal,Link,ME0 0,urban central resistive heater,43.71445
marginal,Link,ME0 0,urban central solid biomass CHP,640126.51762
marginal,Link,ME0 0,urban central solid biomass CHP CC,12005.68128
marginal,Link,ME0 0,urban decentral air heat pump,0.1881
marginal,Link,ME0 0,urban decentral biomass boiler,2641.18261
marginal,Link,ME0 0,urban decentral gas boiler,7096.03278
marginal,Link,ME0 0,urban decentral resistive heater,1168.56402
marginal,Link,ME0 0,waste CHP,908.67253
marginal,Link,MK0 0,BEV charger,7010.21643
marginal,Link,MK0 0,CO2 pipeline,-4.4443
marginal,Link,MK0 0,Combined-Cycle Gas,3660235.68181
marginal,Link,MK0 0,EAF,0.06745
marginal,Link,MK0 0,H2 DRI,624.03184
marginal,Link,MK0 0,H2 Electrolysis,0.27241
marginal,Link,MK0 0,HVC to air,34308.58874
marginal,Link,MK0 0,Haber-Bosch,7.66603
marginal,Link,MK0 0,Open-Cycle Gas,128.66868
marginal,Link,MK0 0,SMR,39.60102
marginal,Link,MK0 0,Sabatier,0.53664
marginal,Link,MK0 0,battery charger,7.39289
marginal,Link,MK0 0,battery discharger,6.78463
marginal,Link,MK0 0,biogas to gas,536755.79198
marginal,Link,MK0 0,biomass to liquid,304772.08831
marginal,Link,MK0 0,biomass-to-methanol,571.01838
marginal,Link,MK0 0,electricity distribution grid,67039.5701
marginal,Link,MK0 0,gas DRI,1184.11407
marginal,Link,MK0 0,gas for industry,3286.39412
marginal,Link,MK0 0,gas pipeline new,214304.36234
marginal,Link,MK0 0,heat100-200 industry electric boiler steam,46.74502
marginal,Link,MK0 0,heat100-200 industry gas,59.56028
marginal,Link,MK0 0,heat100-200 industry industrial heat pump high temperature,1920.79753
marginal,Link,MK0 0,heat100-200 industry solid biomass,667591.19105
marginal,Link,MK0 0,heat200-500 industry gas,12.53206
marginal,Link,MK0 0,heat200-500 industry hydrogen,154.18263
marginal,Link,MK0 0,heat200-500 industry solid biomass,559658.65392
marginal,Link,MK0 0,heat<100 industry electric boiler steam,46.63044
marginal,Link,MK0 0,heat<100 industry gas,55.838
marginal,Link,MK0 0,heat<100 industry industrial heat pump medium temperature,978.13574
marginal,Link,MK0 0,heat<100 industry solid biomass,830972.01838
marginal,Link,MK0 0,heat>500 industry gas,14455.7083
marginal,Link,MK0 0,heat>500 industry hydrogen,221.48571
marginal,Link,MK0 0,home battery charger,16.85717
marginal,Link,MK0 0,home battery discharger,15.30834
marginal,Link,MK0 0,methanolisation,27.43055
marginal,Link,MK0 0,municipal solid waste,693.63608
marginal,Link,MK0 0,rural air heat pump,0.08015
marginal,Link,MK0 0,rural biomass boiler,1458.14188
marginal,Link,MK0 0,rural gas boiler,14510.21483
marginal,Link,MK0 0,rural ground heat pump,0.19113
marginal,Link,MK0 0,rural resistive heater,1903.97547
marginal,Link,MK0 0,solid biomass for industry,540.28683
marginal,Link,MK0 0,steel emission,2893.72752
marginal,Link,MK0 0,urban central air heat pump,0.64869
marginal,Link,MK0 0,urban central gas CHP,668.92143
marginal,Link,MK0 0,urban central gas boiler,5509.54239
marginal,Link,MK0 0,urban central resistive heater,455.04639
marginal,Link,MK0 0,urban central solid biomass CHP,3698073.34034
marginal,Link,MK0 0,urban central solid biomass CHP CC,2484.13619
marginal,Link,MK0 0,urban decentral air heat pump,0.08225
marginal,Link,MK0 0,urban decentral biomass boiler,1437.89678
marginal,Link,MK0 0,urban decentral gas boiler,13057.08946
marginal,Link,MK0 0,urban decentral resistive heater,1684.79658
marginal,Link,MK0 0,waste CHP,1032.93291
marginal,Link,NL0 0,BEV charger,126884.30692
marginal,Link,NL0 0,CO2 pipeline,0.06912
marginal,Link,NL0 0,Combined-Cycle Gas,109570699.34003
marginal,Link,NL0 0,DC,52302.64505
marginal,Link,NL0 0,EAF,0.14415
marginal,Link,NL0 0,H2 DRI,1017.596
marginal,Link,NL0 0,H2 Electrolysis,0.38429
marginal,Link,NL0 0,HVC to air,278841.64349
marginal,Link,NL0 0,Haber-Bosch,447177.95034
marginal,Link,NL0 0,Open-Cycle Gas,137.51563
marginal,Link,NL0 0,SMR,254474.01939
marginal,Link,NL0 0,Sabatier,0.48674
marginal,Link,NL0 0,battery charger,4.88269
marginal,Link,NL0 0,battery discharger,4.21443
marginal,Link,NL0 0,biogas to gas,10063387.01658
marginal,Link,NL0 0,biomass to liquid,36.24881
marginal,Link,NL0 0,biomass-to-methanol,496.63663
marginal,Link,NL0 0,co2 sequestered,7.77137
marginal,Link,NL0 0,electricity distribution grid,1293319.32831
marginal,Link,NL0 0,gas DRI,2282.47941
marginal,Link,NL0 0,gas for industry,36146.7191
marginal,Link,NL0 0,gas pipeline,624.8516
marginal,Link,NL0 0,heat100-200 industry electric boiler steam,53.35239
marginal,Link,NL0 0,heat100-200 industry gas,103901.11445
marginal,Link,NL0 0,heat100-200 industry industrial heat pump high temperature,29233040.63685
marginal,Link,NL0 0,heat100-200 industry solid biomass,238.75438
marginal,Link,NL0 0,heat200-500 industry gas,126591.39157
marginal,Link,NL0 0,heat200-500 industry hydrogen,125.00286
marginal,Link,NL0 0,heat200-500 industry solid biomass,68776383.48648
marginal,Link,NL0 0,heat<100 industry electric boiler steam,51.93386
marginal,Link,NL0 0,heat<100 industry gas,158665.52551
marginal,Link,NL0 0,heat<100 industry industrial heat pump medium temperature,28073260.55514
marginal,Link,NL0 0,heat<100 industry solid biomass,255.93492
marginal,Link,NL0 0,heat>500 industry gas,7648551.49549
marginal,Link,NL0 0,heat>500 industry hydrogen,174.96047
marginal,Link,NL0 0,home battery charger,3.68776
marginal,Link,NL0 0,home battery discharger,3.54315
marginal,Link,NL0 0,methanolisation,24.15143
marginal,Link,NL0 0,municipal solid waste,39850.02747
marginal,Link,NL0 0,rural air heat pump,0.76001
marginal,Link,NL0 0,rural biomass boiler,5574797.49557
marginal,Link,NL0 0,rural gas boiler,249770.91197
marginal,Link,NL0 0,rural ground heat pump,45552.89112
marginal,Link,NL0 0,rural resistive heater,3322.47771
marginal,Link,NL0 0,solid biomass for industry,21170.89336
marginal,Link,NL0 0,steel emission,29420.45367
marginal,Link,NL0 0,unsustainable bioliquids,15565399.61791
marginal,Link,NL0 0,urban central air heat pump,5303.32588
marginal,Link,NL0 0,urban central gas CHP,829.61365
marginal,Link,NL0 0,urban central gas boiler,130492.3397
marginal,Link,NL0 0,urban central resistive heater,9536.62554
marginal,Link,NL0 0,urban central solid biomass CHP,1550.5043
marginal,Link,NL0 0,urban central solid biomass CHP CC,3010.68791
marginal,Link,NL0 0,urban decentral air heat pump,12411.45725
marginal,Link,NL0 0,urban decentral biomass boiler,17569245.85037
marginal,Link,NL0 0,urban decentral gas boiler,670834.21183
marginal,Link,NL0 0,urban decentral resistive heater,21335.32947
marginal,Link,NL0 0,waste CHP,1901.53413
marginal,Link,NO1 0,BEV charger,29345.56372
marginal,Link,NO1 0,CO2 pipeline,-47.33261
marginal,Link,NO1 0,Combined-Cycle Gas,187.07106
marginal,Link,NO1 0,DC,296909.67351
marginal,Link,NO1 0,EAF,0.10311
marginal,Link,NO1 0,H2 DRI,879.12169
marginal,Link,NO1 0,H2 Electrolysis,0.4334
marginal,Link,NO1 0,HVC to air,102475.84324
marginal,Link,NO1 0,Haber-Bosch,1042566.32744
marginal,Link,NO1 0,Open-Cycle Gas,87.53143
marginal,Link,NO1 0,SMR,611095.31463
marginal,Link,NO1 0,Sabatier,0.57993
marginal,Link,NO1 0,battery charger,4.9123
marginal,Link,NO1 0,battery discharger,4.90689
marginal,Link,NO1 0,biogas to gas,2450611.74084
marginal,Link,NO1 0,biomass to liquid,13.88241
marginal,Link,NO1 0,biomass-to-methanol,366.98115
marginal,Link,NO1 0,co2 sequestered,1.64611
marginal,Link,NO1 0,electricity distribution grid,953257.02281
marginal,Link,NO1 0,gas DRI,1793.8807
marginal,Link,NO1 0,gas for industry,28977.81211
marginal,Link,NO1 0,gas pipeline,40.99267
marginal,Link,NO1 0,gas pipeline new,573381.09377
marginal,Link,NO1 0,heat100-200 industry electric boiler steam,46.93317
marginal,Link,NO1 0,heat100-200 industry gas,32.06903
marginal,Link,NO1 0,heat100-200 industry industrial heat pump high temperature,6273135.43846
marginal,Link,NO1 0,heat100-200 industry solid biomass,86.06504
marginal,Link,NO1 0,heat200-500 industry gas,593395.52065
marginal,Link,NO1 0,heat200-500 industry hydrogen,116.05662
marginal,Link,NO1 0,heat200-500 industry solid biomass,535.48903
marginal,Link,NO1 0,heat<100 industry electric boiler steam,47.39462
marginal,Link,NO1 0,heat<100 industry gas,33.37989
marginal,Link,NO1 0,heat<100 industry industrial heat pump medium temperature,5506627.13134
marginal,Link,NO1 0,heat<100 industry solid biomass,89.977
marginal,Link,NO1 0,heat>500 industry gas,3236011.63078
marginal,Link,NO1 0,heat>500 industry hydrogen,141.86978
marginal,Link,NO1 0,home battery charger,4.94363
marginal,Link,NO1 0,home battery discharger,4.72379
marginal,Link,NO1 0,methanolisation,233.49525
marginal,Link,NO1 0,municipal solid waste,16234.38672
marginal,Link,NO1 0,rural air heat pump,0.20023
marginal,Link,NO1 0,rural biomass boiler,39774708.08747
marginal,Link,NO1 0,rural gas boiler,3128.1831
marginal,Link,NO1 0,rural ground heat pump,18613.04116
marginal,Link,NO1 0,rural resistive heater,484.61758
marginal,Link,NO1 0,solid biomass for industry,81829.2552
marginal,Link,NO1 0,steel emission,11252.96523
marginal,Link,NO1 0,unsustainable bioliquids,663498.20166
marginal,Link,NO1 0,urban central air heat pump,0.83095
marginal,Link,NO1 0,urban central gas CHP,275.0986
marginal,Link,NO1 0,urban central gas boiler,23795.29192
marginal,Link,NO1 0,urban central resistive heater,47.38644
marginal,Link,NO1 0,urban central solid biomass CHP,111.69433
marginal,Link,NO1 0,urban central solid biomass CHP CC,155.64043
marginal,Link,NO1 0,urban decentral air heat pump,88549.11405
marginal,Link,NO1 0,urban decentral biomass boiler,135116399.89197
marginal,Link,NO1 0,urban decentral gas boiler,82597.60967
marginal,Link,NO1 0,urban decentral resistive heater,13604.60146
marginal,Link,NO1 0,waste CHP,1021.83786
marginal,Link,PL0 0,BEV charger,232970.37151
marginal,Link,PL0 0,CO2 pipeline,-0.86833
marginal,Link,PL0 0,Combined-Cycle Gas,109197917.78936
marginal,Link,PL0 0,DC,8924.18538
marginal,Link,PL0 0,EAF,0.10681
marginal,Link,PL0 0,H2 DRI,888.57669
marginal,Link,PL0 0,H2 Electrolysis,0.2934
marginal,Link,PL0 0,HVC to air,683630.57953
marginal,Link,PL0 0,Haber-Bosch,15.75623
marginal,Link,PL0 0,Open-Cycle Gas,193.21867
marginal,Link,PL0 0,SMR,32.74086
marginal,Link,PL0 0,Sabatier,0.50845
marginal,Link,PL0 0,battery charger,4.87497
marginal,Link,PL0 0,battery discharger,4.46937
marginal,Link,PL0 0,biogas to gas,8432774.39673
marginal,Link,PL0 0,biomass to liquid,32.2538
marginal,Link,PL0 0,biomass-to-methanol,495.67296
marginal,Link,PL0 0,co2 sequestered,14773.56992
marginal,Link,PL0 0,electricity distribution grid,1883811.7824
marginal,Link,PL0 0,gas DRI,1984.12493
marginal,Link,PL0 0,gas for industry,44199.78136
marginal,Link,PL0 0,gas pipeline,486628.06193
marginal,Link,PL0 0,heat100-200 industry electric boiler steam,43.4504
marginal,Link,PL0 0,heat100-200 industry gas,210180.61008
marginal,Link,PL0 0,heat100-200 industry industrial heat pump high temperature,18672204.70025
marginal,Link,PL0 0,heat100-200 industry solid biomass,306.64521
marginal,Link,PL0 0,heat200-500 industry gas,101.9085
marginal,Link,PL0 0,heat200-500 industry hydrogen,125.7666
marginal,Link,PL0 0,heat200-500 industry solid biomass,62682649.69738
marginal,Link,PL0 0,heat<100 industry electric boiler steam,43.86027
marginal,Link,PL0 0,heat<100 industry gas,218759.6057
marginal,Link,PL0 0,heat<100 industry industrial heat pump medium temperature,20551816.87545
marginal,Link,PL0 0,heat<100 industry solid biomass,360.19876
marginal,Link,PL0 0,heat>500 industry gas,6538471.59704
marginal,Link,PL0 0,heat>500 industry hydrogen,181.31644
marginal,Link,PL0 0,home battery charger,3.08166
marginal,Link,PL0 0,home battery discharger,3.24962
marginal,Link,PL0 0,methanolisation,13.97617
marginal,Link,PL0 0,municipal solid waste,20796.61465
marginal,Link,PL0 0,rural air heat pump,0.20622
marginal,Link,PL0 0,rural biomass boiler,292472944.30729
marginal,Link,PL0 0,rural gas boiler,136834.27006
marginal,Link,PL0 0,rural ground heat pump,1582.12085
marginal,Link,PL0 0,rural resistive heater,108839.46054
marginal,Link,PL0 0,solid biomass for industry,343273.33395
marginal,Link,PL0 0,steel emission,20696.62154
marginal,Link,PL0 0,unsustainable bioliquids,8587695.16752
marginal,Link,PL0 0,urban central air heat pump,0.77502
marginal,Link,PL0 0,urban central gas CHP,3806.53145
marginal,Link,PL0 0,urban central gas boiler,332060.02062
marginal,Link,PL0 0,urban central resistive heater,6615.65666
marginal,Link,PL0 0,urban central solid biomass CHP,38281948.16204
marginal,Link,PL0 0,urban central solid biomass CHP CC,22282157.07137
marginal,Link,PL0 0,urban decentral air heat pump,117.52994
marginal,Link,PL0 0,urban decentral biomass boiler,190189312.25634
marginal,Link,PL0 0,urban decentral gas boiler,79354.7681
marginal,Link,PL0 0,urban decentral resistive heater,62981.48127
marginal,Link,PL0 0,waste CHP,2234.57676
marginal,Link,PT0 0,BEV charger,68248.11371
marginal,Link,PT0 0,Combined-Cycle Gas,104743454.00214
marginal,Link,PT0 0,H2 Electrolysis,0.34604
marginal,Link,PT0 0,HVC to air,157685.69308
marginal,Link,PT0 0,Haber-Bosch,11.58681
marginal,Link,PT0 0,Open-Cycle Gas,133.12115
marginal,Link,PT0 0,SMR,34.56294
marginal,Link,PT0 0,Sabatier,0.56954
marginal,Link,PT0 0,battery charger,10.32738
marginal,Link,PT0 0,battery discharger,8.7016
marginal,Link,PT0 0,biogas to gas,2265090.86126
marginal,Link,PT0 0,biomass to liquid,3264.70779
marginal,Link,PT0 0,biomass-to-methanol,589.77334
marginal,Link,PT0 0,co2 sequestered,7.55604
marginal,Link,PT0 0,electricity distribution grid,730122.92589
marginal,Link,PT0 0,gas for industry,14876.12946
marginal,Link,PT0 0,heat100-200 industry electric boiler steam,36.70972
marginal,Link,PT0 0,heat100-200 industry gas,549.51685
marginal,Link,PT0 0,heat100-200 industry industrial heat pump high temperature,1014124.90896
marginal,Link,PT0 0,heat100-200 industry solid biomass,10916816.78221
marginal,Link,PT0 0,heat200-500 industry gas,10.99318
marginal,Link,PT0 0,heat200-500 industry hydrogen,96.85867
marginal,Link,PT0 0,heat200-500 industry solid biomass,15693953.2125
marginal,Link,PT0 0,heat<100 industry electric boiler steam,36.381
marginal,Link,PT0 0,heat<100 industry gas,47.84551
marginal,Link,PT0 0,heat<100 industry industrial heat pump medium temperature,829.73799
marginal,Link,PT0 0,heat<100 industry solid biomass,13914354.65464
marginal,Link,PT0 0,heat>500 industry gas,1473843.71356
marginal,Link,PT0 0,heat>500 industry hydrogen,120.65676
marginal,Link,PT0 0,home battery charger,965.39646
marginal,Link,PT0 0,home battery discharger,959.81218
marginal,Link,PT0 0,methanolisation,21.79112
marginal,Link,PT0 0,municipal solid waste,11002.70167
marginal,Link,PT0 0,rural air heat pump,0.30358
marginal,Link,PT0 0,rural biomass boiler,24907548.64409
marginal,Link,PT0 0,rural gas boiler,16665.82249
marginal,Link,PT0 0,rural ground heat pump,1898.5506
marginal,Link,PT0 0,rural resistive heater,78571.01704
marginal,Link,PT0 0,solid biomass for industry,126126.15481
marginal,Link,PT0 0,unsustainable bioliquids,3038787.18833
marginal,Link,PT0 0,urban central air heat pump,1.52085
marginal,Link,PT0 0,urban central gas CHP,715.71711
marginal,Link,PT0 0,urban central gas boiler,18066.18593
marginal,Link,PT0 0,urban central resistive heater,1784.54854
marginal,Link,PT0 0,urban central solid biomass CHP,5938737.67859
marginal,Link,PT0 0,urban central solid biomass CHP CC,17315.46748
marginal,Link,PT0 0,urban decentral air heat pump,15428.18307
marginal,Link,PT0 0,urban decentral biomass boiler,25247716.96287
marginal,Link,PT0 0,urban decentral gas boiler,18196.79877
marginal,Link,PT0 0,urban decentral resistive heater,70795.31388
marginal,Link,PT0 0,waste CHP,1369.15651
marginal,Link,RO0 0,BEV charger,63960.53268
marginal,Link,RO0 0,CO2 pipeline,0.35819
marginal,Link,RO0 0,Combined-Cycle Gas,31223748.36512
marginal,Link,RO0 0,EAF,0.08938
marginal,Link,RO0 0,H2 DRI,730.4489
marginal,Link,RO0 0,H2 Electrolysis,0.313
marginal,Link,RO0 0,HVC to air,311837.31571
marginal,Link,RO0 0,Haber-Bosch,10.41636
marginal,Link,RO0 0,Open-Cycle Gas,107.94312
marginal,Link,RO0 0,SMR,64.06534
marginal,Link,RO0 0,Sabatier,0.58532
marginal,Link,RO0 0,battery charger,5.31954
marginal,Link,RO0 0,battery discharger,5.7155
marginal,Link,RO0 0,biogas to gas,537709.6241
marginal,Link,RO0 0,biomass to liquid,220.53377
marginal,Link,RO0 0,biomass-to-methanol,592.13075
marginal,Link,RO0 0,electricity distribution grid,597888.18943
marginal,Link,RO0 0,gas DRI,1684.84797
marginal,Link,RO0 0,gas for industry,44189.27634
marginal,Link,RO0 0,gas pipeline,42.56648
marginal,Link,RO0 0,heat100-200 industry electric boiler steam,38.76919
marginal,Link,RO0 0,heat100-200 industry gas,47.72772
marginal,Link,RO0 0,heat100-200 industry industrial heat pump high temperature,5825087.40353
marginal,Link,RO0 0,heat100-200 industry solid biomass,8027797.23147
marginal,Link,RO0 0,heat200-500 industry gas,12.0997
marginal,Link,RO0 0,heat200-500 industry hydrogen,88.3843
marginal,Link,RO0 0,heat200-500 industry solid biomass,20925657.84704
marginal,Link,RO0 0,heat<100 industry electric boiler steam,36.81426
marginal,Link,RO0 0,heat<100 industry gas,45.98304
marginal,Link,RO0 0,heat<100 industry industrial heat pump medium temperature,621.38491
marginal,Link,RO0 0,heat<100 industry solid biomass,20469571.6242
marginal,Link,RO0 0,heat>500 industry gas,2315746.26484
marginal,Link,RO0 0,heat>500 industry hydrogen,131.11004
marginal,Link,RO0 0,home battery charger,3.60822
marginal,Link,RO0 0,home battery discharger,3.22971
marginal,Link,RO0 0,methanolisation,51.67814
marginal,Link,RO0 0,municipal solid waste,7252.29378
marginal,Link,RO0 0,rural air heat pump,0.19865
marginal,Link,RO0 0,rural biomass boiler,153954635.80666
marginal,Link,RO0 0,rural gas boiler,120765.05403
marginal,Link,RO0 0,rural ground heat pump,0.5623
marginal,Link,RO0 0,rural resistive heater,4779.06238
marginal,Link,RO0 0,solid biomass for industry,44101.05694
marginal,Link,RO0 0,steel emission,10291.29728
marginal,Link,RO0 0,unsustainable bioliquids,1916052.24534
marginal,Link,RO0 0,urban central air heat pump,0.68537
marginal,Link,RO0 0,urban central gas CHP,702.82399
marginal,Link,RO0 0,urban central gas boiler,39916.87023
marginal,Link,RO0 0,urban central resistive heater,792.15812
marginal,Link,RO0 0,urban central solid biomass CHP,29885844.63185
marginal,Link,RO0 0,urban central solid biomass CHP CC,30167.94081
marginal,Link,RO0 0,urban decentral air heat pump,0.12904
marginal,Link,RO0 0,urban decentral biomass boiler,113856628.11383
marginal,Link,RO0 0,urban decentral gas boiler,82039.28594
marginal,Link,RO0 0,urban decentral resistive heater,3366.81514
marginal,Link,RO0 0,waste CHP,1563.88252
marginal,Link,RS0 0,BEV charger,20500.71183
marginal,Link,RS0 0,CO2 pipeline,0.14195
marginal,Link,RS0 0,Combined-Cycle Gas,4246344.84995
marginal,Link,RS0 0,EAF,0.08022
marginal,Link,RS0 0,H2 DRI,673.95158
marginal,Link,RS0 0,H2 Electrolysis,0.33684
marginal,Link,RS0 0,HVC to air,123356.02764
marginal,Link,RS0 0,Haber-Bosch,6.36132
marginal,Link,RS0 0,Open-Cycle Gas,112.67022
marginal,Link,RS0 0,SMR,19.37904
marginal,Link,RS0 0,Sabatier,0.50281
marginal,Link,RS0 0,battery charger,5.29464
marginal,Link,RS0 0,battery discharger,6.12242
marginal,Link,RS0 0,biogas to gas,805022.87074
marginal,Link,RS0 0,biomass to liquid,519527.36688
marginal,Link,RS0 0,biomass-to-methanol,597.65556
marginal,Link,RS0 0,electricity distribution grid,358284.74859
marginal,Link,RS0 0,gas DRI,1362.72539
marginal,Link,RS0 0,gas for industry,8949.13871
marginal,Link,RS0 0,gas pipeline,23935.32054
marginal,Link,RS0 0,gas pipeline new,-192850.44799
marginal,Link,RS0 0,heat100-200 industry electric boiler steam,31.7493
marginal,Link,RS0 0,heat100-200 industry gas,44.29973
marginal,Link,RS0 0,heat100-200 industry industrial heat pump high temperature,611.1119
marginal,Link,RS0 0,heat100-200 industry solid biomass,5933575.03629
marginal,Link,RS0 0,heat200-500 industry gas,10.90478
marginal,Link,RS0 0,heat200-500 industry hydrogen,110.57835
marginal,Link,RS0 0,heat200-500 industry solid biomass,4764410.44602
marginal,Link,RS0 0,heat<100 industry electric boiler steam,31.66858
marginal,Link,RS0 0,heat<100 industry gas,43.84275
marginal,Link,RS0 0,heat<100 industry industrial heat pump medium temperature,396.43522
marginal,Link,RS0 0,heat<100 industry solid biomass,6476401.12048
marginal,Link,RS0 0,heat>500 industry gas,127314.37935
marginal,Link,RS0 0,heat>500 industry hydrogen,153.53141
marginal,Link,RS0 0,home battery charger,35.7632
marginal,Link,RS0 0,home battery discharger,34.49235
marginal,Link,RS0 0,methanolisation,11.75256
marginal,Link,RS0 0,municipal solid waste,9330.94724
marginal,Link,RS0 0,rural air heat pump,0.10436
marginal,Link,RS0 0,rural biomass boiler,2131.10474
marginal,Link,RS0 0,rural gas boiler,82012.55272
marginal,Link,RS0 0,rural ground heat pump,0.21739
marginal,Link,RS0 0,rural resistive heater,10437.10641
marginal,Link,RS0 0,solid biomass for industry,12172.55783
marginal,Link,RS0 0,steel emission,5644.11111
marginal,Link,RS0 0,urban central air heat pump,0.61425
marginal,Link,RS0 0,urban central gas CHP,609.57948
marginal,Link,RS0 0,urban central gas boiler,30678.20562
marginal,Link,RS0 0,urban central resistive heater,1738.94042
marginal,Link,RS0 0,urban central solid biomass CHP,21491724.09771
marginal,Link,RS0 0,urban central solid biomass CHP CC,3075.32244
marginal,Link,RS0 0,urban decentral air heat pump,0.09616
marginal,Link,RS0 0,urban decentral biomass boiler,2017.1344
marginal,Link,RS0 0,urban decentral gas boiler,57619.05838
marginal,Link,RS0 0,urban decentral resistive heater,7103.55848
marginal,Link,RS0 0,waste CHP,1249.36828
marginal,Link,SE1 0,BEV charger,72331.79727
marginal,Link,SE1 0,Combined-Cycle Gas,14304.34209
marginal,Link,SE1 0,DC,192046.3762
marginal,Link,SE1 0,EAF,0.10139
marginal,Link,SE1 0,H2 DRI,998.52956
marginal,Link,SE1 0,H2 Electrolysis,0.37378
marginal,Link,SE1 0,HVC to air,173375.30395
marginal,Link,SE1 0,Haber-Bosch,22.24454
marginal,Link,SE1 0,Open-Cycle Gas,96.48897
marginal,Link,SE1 0,SMR,551537.97811
marginal,Link,SE1 0,Sabatier,0.52043
marginal,Link,SE1 0,battery charger,5.11966
marginal,Link,SE1 0,battery discharger,4.93109
marginal,Link,SE1 0,biogas to gas,5128797.78585
marginal,Link,SE1 0,biomass to liquid,10228058.90889
marginal,Link,SE1 0,biomass-to-methanol,596.72777
marginal,Link,SE1 0,co2 sequestered,7.5844
marginal,Link,SE1 0,electricity distribution grid,1354507.86551
marginal,Link,SE1 0,gas DRI,1711.05526
marginal,Link,SE1 0,gas for industry,7873.61033
marginal,Link,SE1 0,heat100-200 industry electric boiler steam,44.50444
marginal,Link,SE1 0,heat100-200 industry gas,42.04135
marginal,Link,SE1 0,heat100-200 industry industrial heat pump high temperature,2033885.27668
marginal,Link,SE1 0,heat100-200 industry solid biomass,1309.21889
marginal,Link,SE1 0,heat200-500 industry gas,11.0346
marginal,Link,SE1 0,heat200-500 industry hydrogen,116.11456
marginal,Link,SE1 0,heat200-500 industry solid biomass,5791799.64454
marginal,Link,SE1 0,heat<100 industry electric boiler steam,44.40933
marginal,Link,SE1 0,heat<100 industry gas,36.89512
marginal,Link,SE1 0,heat<100 industry industrial heat pump medium temperature,8019329.84253
marginal,Link,SE1 0,heat<100 industry solid biomass,1429.32351
marginal,Link,SE1 0,heat>500 industry gas,652090.3897
marginal,Link,SE1 0,heat>500 industry hydrogen,116.47532
marginal,Link,SE1 0,home battery charger,5.39824
marginal,Link,SE1 0,home battery discharger,4.84265
marginal,Link,SE1 0,methanolisation,402105.55522
marginal,Link,SE1 0,municipal solid waste,21764.02405
marginal,Link,SE1 0,rural air heat pump,0.23738
marginal,Link,SE1 0,rural biomass boiler,9474835.3962
marginal,Link,SE1 0,rural gas boiler,1064.9317
marginal,Link,SE1 0,rural ground heat pump,41527.4781
marginal,Link,SE1 0,rural resistive heater,9449.11514
marginal,Link,SE1 0,solid biomass for industry,519577.23713
marginal,Link,SE1 0,steel emission,14131.79795
marginal,Link,SE1 0,unsustainable bioliquids,4403031.93543
marginal,Link,SE1 0,urban central air heat pump,0.79267
marginal,Link,SE1 0,urban central gas CHP,316.65216
marginal,Link,SE1 0,urban central gas boiler,131384.87122
marginal,Link,SE1 0,urban central resistive heater,1.51305
marginal,Link,SE1 0,urban central solid biomass CHP,70446157.55356
marginal,Link,SE1 0,urban central solid biomass CHP CC,125591550.33794
marginal,Link,SE1 0,urban decentral air heat pump,55263.75184
marginal,Link,SE1 0,urban decentral biomass boiler,147830430.56917
marginal,Link,SE1 0,urban decentral gas boiler,15775.9467
marginal,Link,SE1 0,urban decentral resistive heater,113631.18417
marginal,Link,SE1 0,waste CHP,1319.06185
marginal,Link,SI0 0,BEV charger,18713.04209
marginal,Link,SI0 0,Combined-Cycle Gas,4375040.84768
marginal,Link,SI0 0,H2 Electrolysis,0.24172
marginal,Link,SI0 0,HVC to air,38331.23504
marginal,Link,SI0 0,Haber-Bosch,7.29362
marginal,Link,SI0 0,Open-Cycle Gas,121.44108
marginal,Link,SI0 0,SMR,29.41133
marginal,Link,SI0 0,Sabatier,0.54333
marginal,Link,SI0 0,battery charger,5.14893
marginal,Link,SI0 0,battery discharger,4.64611
marginal,Link,SI0 0,biogas to gas,628582.79609
marginal,Link,SI0 0,biomass to liquid,156.6633
marginal,Link,SI0 0,biomass-to-methanol,582.18738
marginal,Link,SI0 0,electricity distribution grid,133147.51403
marginal,Link,SI0 0,gas for industry,11040.01116
marginal,Link,SI0 0,gas pipeline,144146.46462
marginal,Link,SI0 0,heat100-200 industry electric boiler steam,31.81386
marginal,Link,SI0 0,heat100-200 industry gas,52.98686
marginal,Link,SI0 0,heat100-200 industry industrial heat pump high temperature,1648601.37919
marginal,Link,SI0 0,heat100-200 industry solid biomass,1617622.31672
marginal,Link,SI0 0,heat200-500 industry gas,13.05839
marginal,Link,SI0 0,heat200-500 industry hydrogen,114.1018
marginal,Link,SI0 0,heat200-500 industry solid biomass,5231220.7022
marginal,Link,SI0 0,heat<100 industry electric boiler steam,31.25019
marginal,Link,SI0 0,heat<100 industry gas,57.26894
marginal,Link,SI0 0,heat<100 industry industrial heat pump medium temperature,835.17272
marginal,Link,SI0 0,heat<100 industry solid biomass,2916518.58438
marginal,Link,SI0 0,heat>500 industry gas,355481.68438
marginal,Link,SI0 0,heat>500 industry hydrogen,129.73096
marginal,Link,SI0 0,home battery charger,3.2011
marginal,Link,SI0 0,home battery discharger,3.31072
marginal,Link,SI0 0,methanolisation,16.5201
marginal,Link,SI0 0,municipal solid waste,840.76803
marginal,Link,SI0 0,rural air heat pump,0.17985
marginal,Link,SI0 0,rural biomass boiler,28505106.52162
marginal,Link,SI0 0,rural gas boiler,3941.63356
marginal,Link,SI0 0,rural ground heat pump,1280.96132
marginal,Link,SI0 0,rural resistive heater,3502.92675
marginal,Link,SI0 0,solid biomass for industry,15428.50171
marginal,Link,SI0 0,urban central air heat pump,0.50637
marginal,Link,SI0 0,urban central gas CHP,804.97602
marginal,Link,SI0 0,urban central gas boiler,6167.81228
marginal,Link,SI0 0,urban central resistive heater,157.45759
marginal,Link,SI0 0,urban central solid biomass CHP,5969115.004
marginal,Link,SI0 0,urban central solid biomass CHP CC,7262.93162
marginal,Link,SI0 0,urban decentral air heat pump,345.54099
marginal,Link,SI0 0,urban decentral biomass boiler,26669058.36397
marginal,Link,SI0 0,urban decentral gas boiler,3448.59874
marginal,Link,SI0 0,urban decentral resistive heater,3882.00689
marginal,Link,SI0 0,waste CHP,1062.861
marginal,Link,SK0 0,BEV charger,27588.24282
marginal,Link,SK0 0,Combined-Cycle Gas,18136225.62131
marginal,Link,SK0 0,EAF,0.10125
marginal,Link,SK0 0,H2 DRI,899.8075
marginal,Link,SK0 0,H2 Electrolysis,0.30096
marginal,Link,SK0 0,HVC to air,95144.28973
marginal,Link,SK0 0,Haber-Bosch,8.44283
marginal,Link,SK0 0,Open-Cycle Gas,132.77768
marginal,Link,SK0 0,SMR,37.28923
marginal,Link,SK0 0,Sabatier,0.55511
marginal,Link,SK0 0,battery charger,4.9227
marginal,Link,SK0 0,battery discharger,5.1576
marginal,Link,SK0 0,biogas to gas,4039236.41793
marginal,Link,SK0 0,biomass to liquid,144.63814
marginal,Link,SK0 0,biomass-to-methanol,567.95062
marginal,Link,SK0 0,electricity distribution grid,274694.33633
marginal,Link,SK0 0,gas DRI,1764.9789
marginal,Link,SK0 0,gas for industry,5469.39804
marginal,Link,SK0 0,gas pipeline,128620.50183
marginal,Link,SK0 0,heat100-200 industry electric boiler steam,34.52985
marginal,Link,SK0 0,heat100-200 industry gas,53.9168
marginal,Link,SK0 0,heat100-200 industry industrial heat pump high temperature,1686870.86626
marginal,Link,SK0 0,heat100-200 industry solid biomass,10001019.68948
marginal,Link,SK0 0,heat200-500 industry gas,13.57034
marginal,Link,SK0 0,heat200-500 industry hydrogen,95.93875
marginal,Link,SK0 0,heat200-500 industry solid biomass,12237307.68494
marginal,Link,SK0 0,heat<100 industry electric boiler steam,31.23265
marginal,Link,SK0 0,heat<100 industry gas,57.91124
marginal,Link,SK0 0,heat<100 industry industrial heat pump medium temperature,645.77202
marginal,Link,SK0 0,heat<100 industry solid biomass,7279644.4543
marginal,Link,SK0 0,heat>500 industry gas,989442.73684
marginal,Link,SK0 0,heat>500 industry hydrogen,120.10489
marginal,Link,SK0 0,home battery charger,3.26036
marginal,Link,SK0 0,home battery discharger,3.10179
marginal,Link,SK0 0,methanolisation,24.31509
marginal,Link,SK0 0,municipal solid waste,3654.87535
marginal,Link,SK0 0,rural air heat pump,0.21214
marginal,Link,SK0 0,rural biomass boiler,2606770.16187
marginal,Link,SK0 0,rural gas boiler,86746.89582
marginal,Link,SK0 0,rural ground heat pump,405.58788
marginal,Link,SK0 0,rural resistive heater,6333.02465
marginal,Link,SK0 0,solid biomass for industry,73415.49018
marginal,Link,SK0 0,steel emission,16610.62616
marginal,Link,SK0 0,unsustainable bioliquids,1501104.73592
marginal,Link,SK0 0,urban central air heat pump,0.5735
marginal,Link,SK0 0,urban central gas CHP,947.87978
marginal,Link,SK0 0,urban central gas boiler,16408.55056
marginal,Link,SK0 0,urban central resistive heater,0.37586
marginal,Link,SK0 0,urban central solid biomass CHP,17038521.94664
marginal,Link,SK0 0,urban central solid biomass CHP CC,12513.24365
marginal,Link,SK0 0,urban decentral air heat pump,684.72445
marginal,Link,SK0 0,urban decentral biomass boiler,2148500.18351
marginal,Link,SK0 0,urban decentral gas boiler,69054.42121
marginal,Link,SK0 0,urban decentral resistive heater,6274.83755
marginal,Link,SK0 0,waste CHP,1279.95182
marginal,Link,XK0 0,BEV charger,3719.94379
marginal,Link,XK0 0,Combined-Cycle Gas,275.53743
marginal,Link,XK0 0,EAF,0.06659
marginal,Link,XK0 0,H2 DRI,531.93453
marginal,Link,XK0 0,H2 Electrolysis,0.26469
marginal,Link,XK0 0,HVC to air,29792.63115
marginal,Link,XK0 0,Haber-Bosch,6.80009
marginal,Link,XK0 0,Open-Cycle Gas,128.90846
marginal,Link,XK0 0,SMR,80.51661
marginal,Link,XK0 0,Sabatier,0.51338
marginal,Link,XK0 0,battery charger,6.49685
marginal,Link,XK0 0,battery discharger,6.81283
marginal,Link,XK0 0,biogas to gas,1945.73235
marginal,Link,XK0 0,biomass to liquid,770622.88067
marginal,Link,XK0 0,biomass-to-methanol,587.96517
marginal,Link,XK0 0,electricity distribution grid,70088.78138
marginal,Link,XK0 0,gas DRI,1023.32686
marginal,Link,XK0 0,gas for industry,889.97997
marginal,Link,XK0 0,heat100-200 industry electric boiler steam,46.25316
marginal,Link,XK0 0,heat100-200 industry gas,59.90146
marginal,Link,XK0 0,heat100-200 industry industrial heat pump high temperature,1517.6156
marginal,Link,XK0 0,heat100-200 industry solid biomass,604608.61393
marginal,Link,XK0 0,heat200-500 industry gas,12.15112
marginal,Link,XK0 0,heat200-500 industry hydrogen,150.78311
marginal,Link,XK0 0,heat200-500 industry solid biomass,653068.89009
marginal,Link,XK0 0,heat<100 industry electric boiler steam,46.7448
marginal,Link,XK0 0,heat<100 industry gas,58.32027
marginal,Link,XK0 0,heat<100 industry industrial heat pump medium temperature,875.89367
marginal,Link,XK0 0,heat<100 industry solid biomass,639058.52143
marginal,Link,XK0 0,heat>500 industry gas,31796.03946
marginal,Link,XK0 0,heat>500 industry hydrogen,202.68696
marginal,Link,XK0 0,home battery charger,18.41668
marginal,Link,XK0 0,home battery discharger,17.31617
marginal,Link,XK0 0,methanolisation,16.82803
marginal,Link,XK0 0,municipal solid waste,0.62237
marginal,Link,XK0 0,rural air heat pump,0.76246
marginal,Link,XK0 0,rural biomass boiler,4618.69707
marginal,Link,XK0 0,rural gas boiler,1.38531
marginal,Link,XK0 0,rural ground heat pump,681.82879
marginal,Link,XK0 0,rural resistive heater,3.47626
marginal,Link,XK0 0,solid biomass for industry,952.81402
marginal,Link,XK0 0,steel emission,910.14561
marginal,Link,XK0 0,urban central air heat pump,0.41394
marginal,Link,XK0 0,urban central gas CHP,451.15795
marginal,Link,XK0 0,urban central gas boiler,0.51043
marginal,Link,XK0 0,urban central resistive heater,84.01963
marginal,Link,XK0 0,urban central solid biomass CHP,338830.41925
marginal,Link,XK0 0,urban central solid biomass CHP CC,3290.76798
marginal,Link,XK0 0,urban decentral air heat pump,1.24411
marginal,Link,XK0 0,urban decentral biomass boiler,2646451.16453
marginal,Link,XK0 0,urban decentral gas boiler,3.32536
marginal,Link,XK0 0,urban decentral resistive heater,5.62907
marginal,Link,XK0 0,waste CHP,899.22563
marginal,StorageUnit,AL0 0,Reservoir & Dam,76621.25678
marginal,StorageUnit,AT0 0,Pumped Hydro Storage,78592.48553
marginal,StorageUnit,AT0 0,Reservoir & Dam,191437.58858
marginal,StorageUnit,BA0 0,Pumped Hydro Storage,40.91764
marginal,StorageUnit,BA0 0,Reservoir & Dam,46692.73381
marginal,StorageUnit,BE0 0,Pumped Hydro Storage,6802.45254
marginal,StorageUnit,BE0 0,Reservoir & Dam,605.61029
marginal,StorageUnit,BG0 0,Pumped Hydro Storage,13592.74285
marginal,StorageUnit,BG0 0,Reservoir & Dam,25066.40796
marginal,StorageUnit,CH0 0,Pumped Hydro Storage,92969.50435
marginal,StorageUnit,CH0 0,Reservoir & Dam,229913.47782
marginal,StorageUnit,CZ0 0,Pumped Hydro Storage,4304.70287
marginal,StorageUnit,CZ0 0,Reservoir & Dam,18653.27698
marginal,StorageUnit,DE0 0,Pumped Hydro Storage,1998.81582
marginal,StorageUnit,DE0 1,Pumped Hydro Storage,14159.7984
marginal,StorageUnit,DE0 2,Pumped Hydro Storage,10317.18957
marginal,StorageUnit,DE0 3,Pumped Hydro Storage,5691.43732
marginal,StorageUnit,DE0 4,Pumped Hydro Storage,16913.57311
marginal,StorageUnit,DE0 5,Pumped Hydro Storage,7084.43091
marginal,StorageUnit,ES0 0,Pumped Hydro Storage,120363.56139
marginal,StorageUnit,ES0 0,Reservoir & Dam,186906.42687
marginal,StorageUnit,ES6 0,Pumped Hydro Storage,10047.39314
marginal,StorageUnit,ES6 0,Reservoir & Dam,17545.58837
marginal,StorageUnit,FI1 0,Reservoir & Dam,58866.37251
marginal,StorageUnit,FR0 0,Pumped Hydro Storage,7324.55116
marginal,StorageUnit,FR0 1,Pumped Hydro Storage,54396.78686
marginal,StorageUnit,FR0 1,Reservoir & Dam,142703.16536
marginal,StorageUnit,FR0 2,Pumped Hydro Storage,14847.75199
marginal,StorageUnit,FR0 2,Reservoir & Dam,124227.94644
marginal,StorageUnit,FR0 4,Reservoir & Dam,4087.16174
marginal,StorageUnit,FR5 0,Reservoir & Dam,4505.06212
marginal,StorageUnit,GB2 0,Reservoir & Dam,959.19279
marginal,StorageUnit,GB3 0,Pumped Hydro Storage,4073.93433
marginal,StorageUnit,GB3 0,Reservoir & Dam,1742.03058
marginal,StorageUnit,GR0 0,Pumped Hydro Storage,9942.45918
marginal,StorageUnit,GR0 0,Reservoir & Dam,43854.02691
marginal,StorageUnit,HR0 0,Pumped Hydro Storage,4510.48524
marginal,StorageUnit,HR0 0,Reservoir & Dam,58053.69525
marginal,StorageUnit,HU0 0,Reservoir & Dam,1089.33952
marginal,StorageUnit,IE3 0,Pumped Hydro Storage,2022.9795
marginal,StorageUnit,IE3 0,Reservoir & Dam,36.35757
marginal,StorageUnit,IT0 0,Pumped Hydro Storage,46195.51015
marginal,StorageUnit,IT0 0,Reservoir & Dam,20270.5805
marginal,StorageUnit,IT0 1,Pumped Hydro Storage,87606.0553
marginal,StorageUnit,IT0 1,Reservoir & Dam,105446.9583
marginal,StorageUnit,IT4 0,Pumped Hydro Storage,5360.0134
marginal,StorageUnit,IT4 0,Reservoir & Dam,2142.1788
marginal,StorageUnit,LT0 0,Pumped Hydro Storage,7437.79205
marginal,StorageUnit,LU0 0,Pumped Hydro Storage,12451.83079
marginal,StorageUnit,ME0 0,Pumped Hydro Storage,3976.20986
marginal,StorageUnit,ME0 0,Reservoir & Dam,17173.50291
marginal,StorageUnit,MK0 0,Reservoir & Dam,8704.66444
marginal,StorageUnit,NO1 0,Pumped Hydro Storage,261.63121
marginal,StorageUnit,NO1 0,Reservoir & Dam,1089472.90637
marginal,StorageUnit,PL0 0,Pumped Hydro Storage,25608.05178
marginal,StorageUnit,PL0 0,Reservoir & Dam,8191.21557
marginal,StorageUnit,PT0 0,Pumped Hydro Storage,55117.80457
marginal,StorageUnit,PT0 0,Reservoir & Dam,34217.12251
marginal,StorageUnit,RO0 0,Reservoir & Dam,94954.09853
marginal,StorageUnit,RS0 0,Pumped Hydro Storage,6412.95452
marginal,StorageUnit,RS0 0,Reservoir & Dam,36201.88339
marginal,StorageUnit,SE1 0,Pumped Hydro Storage,477.18305
marginal,StorageUnit,SE1 0,Reservoir & Dam,506179.70222
marginal,StorageUnit,SI0 0,Pumped Hydro Storage,2040.9362
marginal,StorageUnit,SI0 0,Reservoir & Dam,23634.90033
marginal,StorageUnit,SK0 0,Pumped Hydro Storage,8458.49555
marginal,StorageUnit,SK0 0,Reservoir & Dam,6949.15002
marginal,StorageUnit,XK0 0,Reservoir & Dam,1760.15829
marginal,Store,AL0 0,Battery Storage,1e-05
marginal,Store,AL0 0,EV battery,-0.00016
marginal,Store,AL0 0,home battery,2e-05
marginal,Store,AL0 0,non-sequestered HVC,44554.29695
marginal,Store,AT0 0,Battery Storage,1e-05
marginal,Store,AT0 0,EV battery,-0.00016
marginal,Store,AT0 0,non-sequestered HVC,162304.88024
marginal,Store,BA0 0,EV battery,-0.00016
marginal,Store,BA0 0,non-sequestered HVC,58279.39878
marginal,Store,BE0 0,EV battery,-0.00016
marginal,Store,BE0 0,non-sequestered HVC,198947.32632
marginal,Store,BG0 0,EV battery,-0.00016
marginal,Store,BG0 0,co2 sequestered,255.33759
marginal,Store,BG0 0,non-sequestered HVC,114037.11755
marginal,Store,CH0 0,EV battery,-0.00016
marginal,Store,CH0 0,non-sequestered HVC,140489.26176
marginal,Store,CZ0 0,EV battery,-0.00014
marginal,Store,CZ0 0,non-sequestered HVC,189015.61164
marginal,Store,DE0 0,EV battery,-0.00015
marginal,Store,DE0 0,co2 sequestered,132392.26246
marginal,Store,DE0 0,non-sequestered HVC,214682.4643
marginal,Store,DE0 1,EV battery,-0.00014
marginal,Store,DE0 1,non-sequestered HVC,121047.09822
marginal,Store,DE0 2,EV battery,-0.00016
marginal,Store,DE0 2,co2 sequestered,436.92968
marginal,Store,DE0 2,non-sequestered HVC,359718.92348
marginal,Store,DE0 3,EV battery,-0.00015
marginal,Store,DE0 3,non-sequestered HVC,152632.42239
marginal,Store,DE0 4,EV battery,-0.00016
marginal,Store,DE0 4,non-sequestered HVC,335555.73825
marginal,Store,DE0 5,EV battery,-0.00014
marginal,Store,DE0 5,non-sequestered HVC,201599.44025
marginal,Store,DK0 0,EV battery,-0.00016
marginal,Store,DK0 0,co2 sequestered,29.86733
marginal,Store,DK0 0,non-sequestered HVC,40300.29503
marginal,Store,DK1 0,EV battery,-0.00013
marginal,Store,DK1 0,co2 sequestered,20.91717
marginal,Store,DK1 0,non-sequestered HVC,25353.77972
marginal,Store,EE0 0,EV battery,-0.00015
marginal,Store,EE0 0,co2 sequestered,20927.38617
marginal,Store,EE0 0,non-sequestered HVC,17362.70691
marginal,Store,ES0 0,EV battery,-0.00014
marginal,Store,ES0 0,co2 sequestered,141318.36739
marginal,Store,ES0 0,non-sequestered HVC,749405.8546
marginal,Store,ES6 0,EV battery,-0.00016
marginal,Store,ES6 0,non-sequestered HVC,11164.79184
marginal,Store,EU,solid biomass import,93710.5022
marginal,Store,FI1 0,Battery Storage,1e-05
marginal,Store,FI1 0,EV battery,-0.00015
marginal,Store,FI1 0,home battery,1e-05
marginal,Store,FI1 0,non-sequestered HVC,84472.94568
marginal,Store,FR0 0,EV battery,-0.00015
marginal,Store,FR0 0,non-sequestered HVC,368823.32296
marginal,Store,FR0 1,EV battery,-0.00015
marginal,Store,FR0 1,non-sequestered HVC,257377.89848
marginal,Store,FR0 2,EV battery,-0.00016
marginal,Store,FR0 2,non-sequestered HVC,154140.04137
marginal,Store,FR0 3,EV battery,-0.00016
marginal,Store,FR0 3,non-sequestered HVC,167316.70253
marginal,Store,FR0 4,EV battery,-0.00016
marginal,Store,FR0 4,non-sequestered HVC,111344.60877
marginal,Store,FR5 0,EV battery,-0.00028
marginal,Store,FR5 0,home battery,1e-05
marginal,Store,FR5 0,non-sequestered HVC,4032.08534
marginal,Store,GB2 0,EV battery,-0.00015
marginal,Store,GB2 0,co2 sequestered,34.6363
marginal,Store,GB2 0,non-sequestered HVC,359915.85807
marginal,Store,GB2 1,EV battery,-0.00014
marginal,Store,GB2 1,co2 sequestered,70.78269
marginal,Store,GB2 1,non-sequestered HVC,662910.07555
marginal,Store,GB3 0,EV battery,-0.00014
marginal,Store,GB3 0,non-sequestered HVC,28194.72178
marginal,Store,GR0 0,Battery Storage,1e-05
marginal,Store,GR0 0,EV battery,-0.00015
marginal,Store,GR0 0,co2 sequestered,77.39694
marginal,Store,GR0 0,non-sequestered HVC,143958.85573
marginal,Store,HR0 0,EV battery,-0.00014
marginal,Store,HR0 0,non-sequestered HVC,60835.46908
marginal,Store,HU0 0,EV battery,-0.00015
marginal,Store,HU0 0,non-sequestered HVC,172863.41459
marginal,Store,IE3 0,Battery Storage,8e-05
marginal,Store,IE3 0,EV battery,-0.00013
marginal,Store,IE3 0,co2 sequestered,20184.16652
marginal,Store,IE3 0,non-sequestered HVC,67943.45493
marginal,Store,IT0 0,EV battery,-0.00014
marginal,Store,IT0 0,co2 sequestered,15.30632
marginal,Store,IT0 0,non-sequestered HVC,360243.75139
marginal,Store,IT0 1,EV battery,-0.00014
marginal,Store,IT0 1,co2 sequestered,179.96469
marginal,Store,IT0 1,non-sequestered HVC,493098.43714
marginal,Store,IT4 0,Battery Storage,1e-05
marginal,Store,IT4 0,EV battery,-0.00014
marginal,Store,IT4 0,non-sequestered HVC,22405.47768
marginal,Store,LT0 0,EV battery,-0.00015
marginal,Store,LT0 0,co2 sequestered,25970.1703
marginal,Store,LT0 0,non-sequestered HVC,43805.17911
marginal,Store,LU0 0,EV battery,-0.00015
marginal,Store,LU0 0,non-sequestered HVC,8067.09626
marginal,Store,LV0 0,EV battery,-0.00016
marginal,Store,LV0 0,co2 sequestered,36581.24828
marginal,Store,LV0 0,non-sequestered HVC,29562.18186
marginal,Store,ME0 0,Battery Storage,1e-05
marginal,Store,ME0 0,EV battery,-0.00016
marginal,Store,ME0 0,home battery,1e-05
marginal,Store,ME0 0,non-sequestered HVC,10197.94282
marginal,Store,MK0 0,Battery Storage,1e-05
marginal,Store,MK0 0,EV battery,-0.00015
marginal,Store,MK0 0,home battery,2e-05
marginal,Store,MK0 0,non-sequestered HVC,32362.64154
marginal,Store,NL0 0,EV battery,-0.00014
marginal,Store,NL0 0,co2 sequestered,69.04133
marginal,Store,NL0 0,non-sequestered HVC,239739.51773
marginal,Store,NO1 0,EV battery,-0.00016
marginal,Store,NO1 0,co2 sequestered,13.95913
marginal,Store,NO1 0,non-sequestered HVC,89387.91702
marginal,Store,PL0 0,EV battery,-0.00015
marginal,Store,PL0 0,co2 sequestered,135615.12643
marginal,Store,PL0 0,non-sequestered HVC,645273.35468
marginal,Store,PT0 0,Battery Storage,1e-05
marginal,Store,PT0 0,EV battery,-0.00016
marginal,Store,PT0 0,co2 sequestered,71.27153
marginal,Store,PT0 0,home battery,1e-05
marginal,Store,PT0 0,non-sequestered HVC,135145.70195
marginal,Store,RO0 0,EV battery,-0.00014
marginal,Store,RO0 0,non-sequestered HVC,285308.71542
marginal,Store,RS0 0,EV battery,-0.00016
marginal,Store,RS0 0,non-sequestered HVC,108291.98592
marginal,Store,SE1 0,Battery Storage,1e-05
marginal,Store,SE1 0,EV battery,-0.00014
marginal,Store,SE1 0,co2 sequestered,63.59088
marginal,Store,SE1 0,non-sequestered HVC,147193.0611
marginal,Store,SI0 0,EV battery,-0.00015
marginal,Store,SI0 0,non-sequestered HVC,39908.18239
marginal,Store,SK0 0,EV battery,-0.00014
marginal,Store,SK0 0,non-sequestered HVC,89958.30513
marginal,Store,XK0 0,Battery Storage,1e-05
marginal,Store,XK0 0,EV battery,-0.00014
marginal,Store,XK0 0,home battery,3e-05
marginal,Store,XK0 0,non-sequestered HVC,26663.74716
