cost,component,location,carrier,0
capital,Generator,AL0 0,Offshore Wind (AC),1875.17667
capital,Generator,AL0 0,Offshore Wind (Floating),2061.27345
capital,Generator,AL0 0,Onshore Wind,27078450.96438
capital,Generator,AL0 0,Run of River,14853811.92575
capital,Generator,AL0 0,Solar,15419833.32324
capital,Generator,AL0 0,rural solar thermal,647.98202
capital,Generator,AL0 0,solar-hsat,252092021.36404
capital,Generator,AL0 0,urban central solar thermal,2250.25971
capital,Generator,AL0 0,urban decentral solar thermal,676.64591
capital,Generator,AT0 0,Onshore Wind,374354028.43815
capital,Generator,AT0 0,Run of River,1376313648.03682
capital,Generator,AT0 0,Solar,20184729.51233
capital,Generator,AT0 0,rural solar thermal,534.41555
capital,Generator,AT0 0,solar-hsat,1742248070.01774
capital,Generator,AT0 0,urban central solar thermal,1251.46415
capital,Generator,AT0 0,urban decentral solar thermal,578.83209
capital,Generator,BA0 0,Offshore Wind (AC),680.78078
capital,Generator,BA0 0,Offshore Wind (Floating),641.11986
capital,Generator,BA0 0,Onshore Wind,50338154.70111
capital,Generator,BA0 0,Solar,13985177.49814
capital,Generator,BA0 0,rural solar thermal,562.24048
capital,Generator,BA0 0,solar-hsat,275848385.46642
capital,Generator,BA0 0,urban central solar thermal,1637.0525
capital,Generator,BA0 0,urban decentral solar thermal,566.29404
capital,Generator,BE0 0,Offshore Wind (AC),460339539.53252
capital,Generator,BE0 0,Offshore Wind (DC),145685642.39914
capital,Generator,BE0 0,Offshore Wind (Floating),1229.2454
capital,Generator,BE0 0,Onshore Wind,477240837.22204
capital,Generator,BE0 0,Run of River,18186779.19648
capital,Generator,BE0 0,Solar,25347066.62545
capital,Generator,BE0 0,rural solar thermal,66.27743
capital,Generator,BE0 0,solar-hsat,11206.12335
capital,Generator,BE0 0,urban central solar thermal,871.95583
capital,Generator,BE0 0,urban decentral solar thermal,390.28883
capital,Generator,BG0 0,Offshore Wind (AC),2292.6597
capital,Generator,BG0 0,Offshore Wind (DC),1987.68445
capital,Generator,BG0 0,Offshore Wind (Floating),2659.16003
capital,Generator,BG0 0,Onshore Wind,70357882.94185
capital,Generator,BG0 0,Run of River,34022009.05814
capital,Generator,BG0 0,Solar,125929002.53182
capital,Generator,BG0 0,rural solar thermal,665.70949
capital,Generator,BG0 0,solar-hsat,517634520.07279
capital,Generator,BG0 0,urban central solar thermal,1429.1264
capital,Generator,BG0 0,urban decentral solar thermal,718.00157
capital,Generator,CH0 0,Onshore Wind,6364621.21114
capital,Generator,CH0 0,Run of River,1295123214.9052
capital,Generator,CH0 0,Solar,5068435.16699
capital,Generator,CH0 0,rural solar thermal,257.73469
capital,Generator,CH0 0,solar-hsat,1885755458.63524
capital,Generator,CH0 0,urban central solar thermal,1240.96331
capital,Generator,CH0 0,urban decentral solar thermal,261.7189
capital,Generator,CZ0 0,Onshore Wind,16200909.26519
capital,Generator,CZ0 0,Run of River,12396579.18494
capital,Generator,CZ0 0,Solar,68150718.49352
capital,Generator,CZ0 0,rural solar thermal,376.68976
capital,Generator,CZ0 0,solar-hsat,4465766.02706
capital,Generator,CZ0 0,urban central solar thermal,1043.68509
capital,Generator,CZ0 0,urban decentral solar thermal,496.90806
capital,Generator,DE0 0,Offshore Wind (AC),464757892.81506
capital,Generator,DE0 0,Offshore Wind (DC),359313915.19871
capital,Generator,DE0 0,Offshore Wind (Floating),1298.12318
capital,Generator,DE0 0,Onshore Wind,1482255603.68049
capital,Generator,DE0 0,Run of River,22970095.01057
capital,Generator,DE0 0,Solar,136919358.93848
capital,Generator,DE0 0,rural solar thermal,366.65641
capital,Generator,DE0 0,solar-hsat,13591.82947
capital,Generator,DE0 0,urban central solar thermal,825.30867
capital,Generator,DE0 0,urban decentral solar thermal,415.94061
capital,Generator,DE0 1,Onshore Wind,390670684.87836
capital,Generator,DE0 1,Run of River,72178052.77618
capital,Generator,DE0 1,Solar,199216168.97625
capital,Generator,DE0 1,rural solar thermal,394.91706
capital,Generator,DE0 1,solar-hsat,1036151.41682
capital,Generator,DE0 1,urban central solar thermal,885.99133
capital,Generator,DE0 1,urban decentral solar thermal,471.41171
capital,Generator,DE0 2,Offshore Wind (AC),1156810252.44729
capital,Generator,DE0 2,Offshore Wind (DC),2576595466.18306
capital,Generator,DE0 2,Offshore Wind (Floating),1594.1608
capital,Generator,DE0 2,Onshore Wind,818603562.72928
capital,Generator,DE0 2,Run of River,132010325.87154
capital,Generator,DE0 2,Solar,84732944.47699
capital,Generator,DE0 2,rural solar thermal,276.18652
capital,Generator,DE0 2,solar-hsat,11124.93008
capital,Generator,DE0 2,urban central solar thermal,915.98099
capital,Generator,DE0 2,urban decentral solar thermal,391.54765
capital,Generator,DE0 3,Onshore Wind,52768308.82798
capital,Generator,DE0 3,Run of River,940688192.41467
capital,Generator,DE0 3,Solar,232333281.10321
capital,Generator,DE0 3,rural solar thermal,486.50842
capital,Generator,DE0 3,solar-hsat,1025748978.91258
capital,Generator,DE0 3,urban central solar thermal,1091.96686
capital,Generator,DE0 3,urban decentral solar thermal,531.56673
capital,Generator,DE0 4,Onshore Wind,332001292.491
capital,Generator,DE0 4,Run of River,269690009.68602
capital,Generator,DE0 4,Solar,115970440.95279
capital,Generator,DE0 4,rural solar thermal,361.31168
capital,Generator,DE0 4,solar-hsat,184763572.30762
capital,Generator,DE0 4,urban central solar thermal,1176.98906
capital,Generator,DE0 4,urban decentral solar thermal,477.48082
capital,Generator,DE0 5,Offshore Wind (AC),429579078.93892
capital,Generator,DE0 5,Offshore Wind (DC),57938873.82612
capital,Generator,DE0 5,Offshore Wind (Floating),1370.0049
capital,Generator,DE0 5,Onshore Wind,1468255410.80706
capital,Generator,DE0 5,Run of River,29117199.61962
capital,Generator,DE0 5,Solar,566939741.92655
capital,Generator,DE0 5,rural solar thermal,458.6421
capital,Generator,DE0 5,solar-hsat,1053084.0252
capital,Generator,DE0 5,urban central solar thermal,892.29797
capital,Generator,DE0 5,urban decentral solar thermal,527.72419
capital,Generator,DK0 0,Offshore Wind (AC),329698977.83342
capital,Generator,DK0 0,Offshore Wind (DC),8193.68871
capital,Generator,DK0 0,Offshore Wind (Floating),3110.38832
capital,Generator,DK0 0,Onshore Wind,1927798201.77956
capital,Generator,DK0 0,Solar,85748684.10267
capital,Generator,DK0 0,rural solar thermal,113.12541
capital,Generator,DK0 0,solar-hsat,5258.88542
capital,Generator,DK0 0,urban central solar thermal,693.60842
capital,Generator,DK0 0,urban decentral solar thermal,321.72096
capital,Generator,DK1 0,Offshore Wind (AC),220811747.24513
capital,Generator,DK1 0,Offshore Wind (DC),2302.42003
capital,Generator,DK1 0,Offshore Wind (Floating),2535.1847
capital,Generator,DK1 0,Onshore Wind,699836012.23112
capital,Generator,DK1 0,Solar,28221597.42397
capital,Generator,DK1 0,rural solar thermal,94.45973
capital,Generator,DK1 0,solar-hsat,6050.35135
capital,Generator,DK1 0,urban central solar thermal,746.71032
capital,Generator,DK1 0,urban decentral solar thermal,364.3045
capital,Generator,EE0 0,Offshore Wind (AC),11622.88231
capital,Generator,EE0 0,Offshore Wind (DC),7842.22639
capital,Generator,EE0 0,Offshore Wind (Floating),3258.41747
capital,Generator,EE0 0,Onshore Wind,528229628.35579
capital,Generator,EE0 0,Solar,23011898.43457
capital,Generator,EE0 0,rural solar thermal,380.41253
capital,Generator,EE0 0,solar-hsat,22403.33474
capital,Generator,EE0 0,urban central solar thermal,723.63119
capital,Generator,EE0 0,urban decentral solar thermal,419.90368
capital,Generator,ES0 0,Offshore Wind (AC),4025780.9237
capital,Generator,ES0 0,Offshore Wind (Floating),2785.74617
capital,Generator,ES0 0,Onshore Wind,3578968373.01476
capital,Generator,ES0 0,Run of River,40062148.34745
capital,Generator,ES0 0,Solar,1920332487.21604
capital,Generator,ES0 0,rural solar thermal,535.34606
capital,Generator,ES0 0,solar-hsat,3267941883.23728
capital,Generator,ES0 0,urban central solar thermal,1695.40342
capital,Generator,ES0 0,urban decentral solar thermal,991.00049
capital,Generator,ES6 0,Offshore Wind (AC),1459.26128
capital,Generator,ES6 0,Offshore Wind (Floating),2209.41787
capital,Generator,ES6 0,Onshore Wind,2822.96188
capital,Generator,ES6 0,Run of River,45303586.30495
capital,Generator,ES6 0,Solar,14173639.15699
capital,Generator,ES6 0,rural solar thermal,1084.44163
capital,Generator,ES6 0,solar-hsat,68566135.58601
capital,Generator,ES6 0,urban central solar thermal,1335.65668
capital,Generator,ES6 0,urban decentral solar thermal,850.0413
capital,Generator,FI1 0,Offshore Wind (AC),18897.43388
capital,Generator,FI1 0,Offshore Wind (DC),31286.65874
capital,Generator,FI1 0,Offshore Wind (Floating),3717.92122
capital,Generator,FI1 0,Onshore Wind,1095682504.20785
capital,Generator,FI1 0,Run of River,453195348.92122
capital,Generator,FI1 0,Solar,8236127.63178
capital,Generator,FI1 0,rural solar thermal,126.13625
capital,Generator,FI1 0,solar-hsat,11736.90324
capital,Generator,FI1 0,urban central solar thermal,673.71074
capital,Generator,FI1 0,urban decentral solar thermal,269.89342
capital,Generator,FR0 0,Offshore Wind (AC),201909409.06002
capital,Generator,FR0 0,Offshore Wind (DC),11830.88785
capital,Generator,FR0 0,Offshore Wind (Floating),1354.88939
capital,Generator,FR0 0,Onshore Wind,1453048472.44777
capital,Generator,FR0 0,Solar,80758740.74268
capital,Generator,FR0 0,rural solar thermal,168.33946
capital,Generator,FR0 0,solar-hsat,4499.92539
capital,Generator,FR0 0,urban central solar thermal,873.532
capital,Generator,FR0 0,urban decentral solar thermal,408.59086
capital,Generator,FR0 1,Offshore Wind (AC),22170389.39808
capital,Generator,FR0 1,Offshore Wind (Floating),3199.72945
capital,Generator,FR0 1,Onshore Wind,135484874.283
capital,Generator,FR0 1,Run of River,1275325841.55478
capital,Generator,FR0 1,Solar,161606519.88006
capital,Generator,FR0 1,rural solar thermal,454.46327
capital,Generator,FR0 1,solar-hsat,2066584520.31665
capital,Generator,FR0 1,urban central solar thermal,1904.14225
capital,Generator,FR0 1,urban decentral solar thermal,637.54186
capital,Generator,FR0 2,Offshore Wind (AC),4110.61268
capital,Generator,FR0 2,Offshore Wind (DC),2741.01101
capital,Generator,FR0 2,Offshore Wind (Floating),2826.07169
capital,Generator,FR0 2,Onshore Wind,322014116.47753
capital,Generator,FR0 2,Run of River,387114376.07396
capital,Generator,FR0 2,Solar,241433267.74462
capital,Generator,FR0 2,rural solar thermal,593.65682
capital,Generator,FR0 2,solar-hsat,123370474.20054
capital,Generator,FR0 2,urban central solar thermal,1281.59445
capital,Generator,FR0 2,urban decentral solar thermal,617.77938
capital,Generator,FR0 3,Offshore Wind (AC),288773485.89311
capital,Generator,FR0 3,Offshore Wind (DC),10426.59716
capital,Generator,FR0 3,Offshore Wind (Floating),3656.35655
capital,Generator,FR0 3,Onshore Wind,404522381.78875
capital,Generator,FR0 3,Solar,45458426.77051
capital,Generator,FR0 3,rural solar thermal,328.81485
capital,Generator,FR0 3,solar-hsat,7014.83802
capital,Generator,FR0 3,urban central solar thermal,929.34142
capital,Generator,FR0 3,urban decentral solar thermal,468.96538
capital,Generator,FR0 4,Onshore Wind,410447351.95986
capital,Generator,FR0 4,Run of River,454890285.96669
capital,Generator,FR0 4,Solar,56505947.57014
capital,Generator,FR0 4,rural solar thermal,362.12439
capital,Generator,FR0 4,solar-hsat,5090.75192
capital,Generator,FR0 4,urban central solar thermal,1050.82839
capital,Generator,FR0 4,urban decentral solar thermal,427.59696
capital,Generator,FR5 0,Offshore Wind (AC),1360.2248
capital,Generator,FR5 0,Offshore Wind (Floating),2142.13619
capital,Generator,FR5 0,Onshore Wind,1967312.68418
capital,Generator,FR5 0,Solar,2851.52401
capital,Generator,FR5 0,rural solar thermal,774.44349
capital,Generator,FR5 0,solar-hsat,82918137.80914
capital,Generator,GB2 0,Offshore Wind (AC),1503451900.13939
capital,Generator,GB2 0,Offshore Wind (DC),21894.66781
capital,Generator,GB2 0,Offshore Wind (Floating),3899.43237
capital,Generator,GB2 0,Onshore Wind,1988925628.17546
capital,Generator,GB2 0,Run of River,885889663.85156
capital,Generator,GB2 0,Solar,84832282.81037
capital,Generator,GB2 0,rural solar thermal,132.73643
capital,Generator,GB2 0,solar-hsat,4021.50963
capital,Generator,GB2 0,urban central solar thermal,646.37614
capital,Generator,GB2 0,urban decentral solar thermal,144.80971
capital,Generator,GB2 1,Offshore Wind (AC),3261251229.50254
capital,Generator,GB2 1,Offshore Wind (DC),10960.00848
capital,Generator,GB2 1,Offshore Wind (Floating),3393.47387
capital,Generator,GB2 1,Onshore Wind,1771606883.00676
capital,Generator,GB2 1,Solar,513690848.53636
capital,Generator,GB2 1,rural solar thermal,282.2992
capital,Generator,GB2 1,solar-hsat,5636.07781
capital,Generator,GB2 1,urban central solar thermal,753.40165
capital,Generator,GB2 1,urban decentral solar thermal,289.56665
capital,Generator,GB3 0,Offshore Wind (AC),10816.36063
capital,Generator,GB3 0,Offshore Wind (DC),9805.82903
capital,Generator,GB3 0,Offshore Wind (Floating),3719.6433
capital,Generator,GB3 0,Onshore Wind,173306465.91792
capital,Generator,GB3 0,Run of River,234671738.20448
capital,Generator,GB3 0,Solar,12435282.64607
capital,Generator,GB3 0,rural solar thermal,151.4083
capital,Generator,GB3 0,solar-hsat,3518.79448
capital,Generator,GB3 0,urban central solar thermal,562.99724
capital,Generator,GB3 0,urban decentral solar thermal,153.21236
capital,Generator,GR0 0,Offshore Wind (AC),2990.62378
capital,Generator,GR0 0,Offshore Wind (DC),4887.7127
capital,Generator,GR0 0,Offshore Wind (Floating),2923.25595
capital,Generator,GR0 0,Onshore Wind,581562680.76763
capital,Generator,GR0 0,Run of River,31772365.34325
capital,Generator,GR0 0,Solar,218143915.39011
capital,Generator,GR0 0,rural solar thermal,10963.06482
capital,Generator,GR0 0,solar-hsat,1000257585.76482
capital,Generator,GR0 0,urban central solar thermal,1600.86776
capital,Generator,GR0 0,urban decentral solar thermal,1081.16932
capital,Generator,HR0 0,Offshore Wind (AC),2591.13001
capital,Generator,HR0 0,Offshore Wind (DC),2718.81339
capital,Generator,HR0 0,Offshore Wind (Floating),2218.12955
capital,Generator,HR0 0,Onshore Wind,131920811.40598
capital,Generator,HR0 0,Run of River,84182201.03601
capital,Generator,HR0 0,Solar,4256871.00614
capital,Generator,HR0 0,rural solar thermal,832.42272
capital,Generator,HR0 0,solar-hsat,335884751.42557
capital,Generator,HR0 0,urban central solar thermal,1966.71651
capital,Generator,HR0 0,urban decentral solar thermal,882.32374
capital,Generator,HU0 0,Onshore Wind,36914847.11713
capital,Generator,HU0 0,Run of River,6070956.3265
capital,Generator,HU0 0,Solar,135337880.05611
capital,Generator,HU0 0,rural solar thermal,419.11004
capital,Generator,HU0 0,solar-hsat,830033267.02922
capital,Generator,HU0 0,urban central solar thermal,1407.92575
capital,Generator,HU0 0,urban decentral solar thermal,661.57236
capital,Generator,IE3 0,Offshore Wind (AC),5042236.59763
capital,Generator,IE3 0,Offshore Wind (DC),72650732.29906
capital,Generator,IE3 0,Offshore Wind (Floating),3717.08204
capital,Generator,IE3 0,Onshore Wind,550273727.53152
capital,Generator,IE3 0,Run of River,66564800.33115
capital,Generator,IE3 0,Solar,64208039.89301
capital,Generator,IE3 0,rural solar thermal,143.4503
capital,Generator,IE3 0,solar-hsat,4190.36052
capital,Generator,IE3 0,urban central solar thermal,671.42891
capital,Generator,IE3 0,urban decentral solar thermal,207.44767
capital,Generator,IT0 0,Offshore Wind (AC),6051443.91
capital,Generator,IT0 0,Offshore Wind (DC),2232.73301
capital,Generator,IT0 0,Offshore Wind (Floating),2559.51413
capital,Generator,IT0 0,Onshore Wind,1015580526.00205
capital,Generator,IT0 0,Run of River,543612536.03769
capital,Generator,IT0 0,Solar,194414863.2256
capital,Generator,IT0 0,rural solar thermal,912.80547
capital,Generator,IT0 0,solar-hsat,2479417099.30998
capital,Generator,IT0 0,urban central solar thermal,1537.55141
capital,Generator,IT0 0,urban decentral solar thermal,959.32358
capital,Generator,IT0 1,Offshore Wind (AC),2524.70044
capital,Generator,IT0 1,Offshore Wind (DC),2105.01946
capital,Generator,IT0 1,Offshore Wind (Floating),2141.07829
capital,Generator,IT0 1,Onshore Wind,18746762.14677
capital,Generator,IT0 1,Run of River,1762900939.28859
capital,Generator,IT0 1,Solar,72004372.29499
capital,Generator,IT0 1,rural solar thermal,510.01928
capital,Generator,IT0 1,solar-hsat,3281109817.81249
capital,Generator,IT0 1,urban central solar thermal,1356.99069
capital,Generator,IT0 1,urban decentral solar thermal,663.87707
capital,Generator,IT4 0,Offshore Wind (AC),3090.94913
capital,Generator,IT4 0,Offshore Wind (Floating),2597.25496
capital,Generator,IT4 0,Onshore Wind,137128236.79825
capital,Generator,IT4 0,Run of River,18490222.31421
capital,Generator,IT4 0,Solar,22587844.70487
capital,Generator,IT4 0,rural solar thermal,1359.79972
capital,Generator,IT4 0,solar-hsat,195430415.6156
capital,Generator,IT4 0,urban central solar thermal,1869.20693
capital,Generator,IT4 0,urban decentral solar thermal,1326.99431
capital,Generator,LT0 0,Offshore Wind (AC),58940.82175
capital,Generator,LT0 0,Offshore Wind (DC),83421.99918
capital,Generator,LT0 0,Offshore Wind (Floating),2712.93839
capital,Generator,LT0 0,Onshore Wind,138285409.2255
capital,Generator,LT0 0,Run of River,31125207.56225
capital,Generator,LT0 0,Solar,15686859.64443
capital,Generator,LT0 0,rural solar thermal,351.21588
capital,Generator,LT0 0,solar-hsat,35105.17396
capital,Generator,LT0 0,urban central solar thermal,750.73405
capital,Generator,LT0 0,urban decentral solar thermal,413.58993
capital,Generator,LU0 0,Onshore Wind,17138171.82748
capital,Generator,LU0 0,Solar,2832666.04634
capital,Generator,LU0 0,rural solar thermal,359.78421
capital,Generator,LU0 0,solar-hsat,272166320.40841
capital,Generator,LU0 0,urban central solar thermal,738.15192
capital,Generator,LU0 0,urban decentral solar thermal,429.85448
capital,Generator,LV0 0,Offshore Wind (AC),16624.45577
capital,Generator,LV0 0,Offshore Wind (DC),23318.9357
capital,Generator,LV0 0,Offshore Wind (Floating),3744.04879
capital,Generator,LV0 0,Onshore Wind,11572198.01195
capital,Generator,LV0 0,Run of River,473380508.2809
capital,Generator,LV0 0,Solar,2303829.16437
capital,Generator,LV0 0,rural solar thermal,294.34914
capital,Generator,LV0 0,solar-hsat,26043.74617
capital,Generator,LV0 0,urban central solar thermal,731.98251
capital,Generator,LV0 0,urban decentral solar thermal,364.21686
capital,Generator,ME0 0,Offshore Wind (AC),814.81552
capital,Generator,ME0 0,Offshore Wind (Floating),1809.91901
capital,Generator,ME0 0,Onshore Wind,13654965.67592
capital,Generator,ME0 0,Run of River,1651793.1934
capital,Generator,ME0 0,Solar,167615.87394
capital,Generator,ME0 0,rural solar thermal,509.8166
capital,Generator,ME0 0,solar-hsat,285880033.53436
capital,Generator,ME0 0,urban central solar thermal,1818.03028
capital,Generator,ME0 0,urban decentral solar thermal,512.67964
capital,Generator,MK0 0,Onshore Wind,8447578.3016
capital,Generator,MK0 0,Run of River,59045443.2567
capital,Generator,MK0 0,Solar,15545471.26775
capital,Generator,MK0 0,rural solar thermal,618.48533
capital,Generator,MK0 0,solar-hsat,84504738.53652
capital,Generator,MK0 0,urban central solar thermal,1576.89835
capital,Generator,MK0 0,urban decentral solar thermal,623.5915
capital,Generator,NL0 0,Offshore Wind (AC),1174437636.71327
capital,Generator,NL0 0,Offshore Wind (DC),20000.47935
capital,Generator,NL0 0,Offshore Wind (Floating),1401.41535
capital,Generator,NL0 0,Onshore Wind,3157683168.3491
capital,Generator,NL0 0,Solar,248276547.36985
capital,Generator,NL0 0,rural solar thermal,5.41888
capital,Generator,NL0 0,solar-hsat,10649.80519
capital,Generator,NL0 0,urban central solar thermal,785.15202
capital,Generator,NL0 0,urban decentral solar thermal,392.96811
capital,Generator,NO1 0,Offshore Wind (AC),28256198.27492
capital,Generator,NO1 0,Offshore Wind (DC),10827.2965
capital,Generator,NO1 0,Offshore Wind (Floating),3548.46289
capital,Generator,NO1 0,Onshore Wind,639791753.62916
capital,Generator,NO1 0,Run of River,275042056.92383
capital,Generator,NO1 0,Solar,73319.80294
capital,Generator,NO1 0,rural solar thermal,135.60753
capital,Generator,NO1 0,solar-hsat,3637.08717
capital,Generator,NO1 0,urban central solar thermal,708.76202
capital,Generator,NO1 0,urban decentral solar thermal,141.04778
capital,Generator,PL0 0,Offshore Wind (AC),1049262088.40644
capital,Generator,PL0 0,Offshore Wind (DC),1301263945.60839
capital,Generator,PL0 0,Offshore Wind (Floating),4311.47911
capital,Generator,PL0 0,Onshore Wind,1045762443.49289
capital,Generator,PL0 0,Run of River,56210389.48212
capital,Generator,PL0 0,Solar,137291011.25274
capital,Generator,PL0 0,rural solar thermal,411.8925
capital,Generator,PL0 0,solar-hsat,2026026732.27647
capital,Generator,PL0 0,urban central solar thermal,1026.15001
capital,Generator,PL0 0,urban decentral solar thermal,522.08197
capital,Generator,PT0 0,Offshore Wind (AC),5043351.06187
capital,Generator,PT0 0,Offshore Wind (Floating),2997.98293
capital,Generator,PT0 0,Onshore Wind,616510051.86814
capital,Generator,PT0 0,Run of River,781982318.70502
capital,Generator,PT0 0,Solar,183052944.4177
capital,Generator,PT0 0,rural solar thermal,833.96169
capital,Generator,PT0 0,solar-hsat,464751482.48366
capital,Generator,PT0 0,urban central solar thermal,1316.87458
capital,Generator,PT0 0,urban decentral solar thermal,760.62345
capital,Generator,RO0 0,Offshore Wind (AC),4388.0313
capital,Generator,RO0 0,Offshore Wind (DC),4548.39991
capital,Generator,RO0 0,Offshore Wind (Floating),2861.28926
capital,Generator,RO0 0,Onshore Wind,637733108.55333
capital,Generator,RO0 0,Run of River,1085206556.13942
capital,Generator,RO0 0,Solar,106116352.31596
capital,Generator,RO0 0,rural solar thermal,877.08313
capital,Generator,RO0 0,solar-hsat,81163538.49175
capital,Generator,RO0 0,urban central solar thermal,1400.66732
capital,Generator,RO0 0,urban decentral solar thermal,776.21587
capital,Generator,RS0 0,Onshore Wind,89347469.56173
capital,Generator,RS0 0,Run of River,526478263.35986
capital,Generator,RS0 0,Solar,1864016.96496
capital,Generator,RS0 0,rural solar thermal,572.24966
capital,Generator,RS0 0,solar-hsat,186234373.45806
capital,Generator,RS0 0,urban central solar thermal,1834.65567
capital,Generator,RS0 0,urban decentral solar thermal,578.81698
capital,Generator,SE1 0,Offshore Wind (AC),36685504.04851
capital,Generator,SE1 0,Offshore Wind (DC),22394.70395
capital,Generator,SE1 0,Offshore Wind (Floating),3581.34913
capital,Generator,SE1 0,Onshore Wind,1919537269.36327
capital,Generator,SE1 0,Run of River,394149905.66452
capital,Generator,SE1 0,Solar,14943348.89325
capital,Generator,SE1 0,rural solar thermal,159.09548
capital,Generator,SE1 0,solar-hsat,14341.13033
capital,Generator,SE1 0,urban central solar thermal,757.74861
capital,Generator,SE1 0,urban decentral solar thermal,311.9955
capital,Generator,SI0 0,Offshore Wind (AC),916.56986
capital,Generator,SI0 0,Offshore Wind (Floating),634.28352
capital,Generator,SI0 0,Onshore Wind,1466.75829
capital,Generator,SI0 0,Run of River,155445758.14368
capital,Generator,SI0 0,Solar,1570800.14975
capital,Generator,SI0 0,rural solar thermal,596.6206
capital,Generator,SI0 0,solar-hsat,7430.15271
capital,Generator,SI0 0,urban central solar thermal,1333.63888
capital,Generator,SI0 0,urban decentral solar thermal,696.58794
capital,Generator,SK0 0,Onshore Wind,2933.99671
capital,Generator,SK0 0,Run of River,375255980.16312
capital,Generator,SK0 0,Solar,23519701.08923
capital,Generator,SK0 0,rural solar thermal,585.30159
capital,Generator,SK0 0,solar-hsat,14242.87931
capital,Generator,SK0 0,urban central solar thermal,1110.01744
capital,Generator,SK0 0,urban decentral solar thermal,626.54911
capital,Generator,XK0 0,Onshore Wind,15622192.44806
capital,Generator,XK0 0,Run of River,9306745.23148
capital,Generator,XK0 0,Solar,8644520.0961
capital,Generator,XK0 0,rural solar thermal,0.79395
capital,Generator,XK0 0,solar-hsat,10358969.88708
capital,Generator,XK0 0,urban central solar thermal,1627.96999
capital,Generator,XK0 0,urban decentral solar thermal,1.1129
capital,Line,AL0 0,AC,79383299.72642
capital,Line,AT0 0,AC,452246931.39839
capital,Line,BA0 0,AC,128859045.24615
capital,Line,BE0 0,AC,132294395.04691
capital,Line,BG0 0,AC,240709785.26156
capital,Line,CH0 0,AC,495733044.13378
capital,Line,CZ0 0,AC,243022348.25193
capital,Line,DE0 0,AC,582820005.69249
capital,Line,DE0 1,AC,465191429.65178
capital,Line,DE0 2,AC,289218374.52188
capital,Line,DE0 3,AC,130297548.45686
capital,Line,DE0 4,AC,65855244.42637
capital,Line,DE0 5,AC,122467637.92028
capital,Line,DK1 0,AC,92018255.13598
capital,Line,EE0 0,AC,34479190.53832
capital,Line,ES0 0,AC,380252192.80472
capital,Line,FI1 0,AC,164747361.63609
capital,Line,FR0 0,AC,861062076.98221
capital,Line,FR0 1,AC,437004111.69808
capital,Line,FR0 2,AC,175983166.83606
capital,Line,FR0 4,AC,3451633.76
capital,Line,GB2 0,AC,457480582.84278
capital,Line,GB3 0,AC,47856526.08134
capital,Line,GR0 0,AC,48987285.47571
capital,Line,HR0 0,AC,183894692.23639
capital,Line,HU0 0,AC,273318958.65242
capital,Line,IT0 0,AC,280957341.92612
capital,Line,IT0 1,AC,38683404.46554
capital,Line,LT0 0,AC,107375434.77326
capital,Line,ME0 0,AC,53440462.96271
capital,Line,MK0 0,AC,37466027.51957
capital,Line,NO1 0,AC,128929177.92303
capital,Line,PL0 0,AC,51242287.83323
capital,Line,RO0 0,AC,110192312.03459
capital,Line,RS0 0,AC,20274705.30248
capital,Link,AL0 0,CO2 pipeline,274070.55697
capital,Link,AL0 0,Combined-Cycle Gas,2004.46431
capital,Link,AL0 0,EAF,2736.28478
capital,Link,AL0 0,H2 DRI,1488.79646
capital,Link,AL0 0,H2 Electrolysis,1686.80587
capital,Link,AL0 0,Haber-Bosch,14840.94924
capital,Link,AL0 0,Open-Cycle Gas,1332.04015
capital,Link,AL0 0,SMR,6240369.77663
capital,Link,AL0 0,Sabatier,777.60275
capital,Link,AL0 0,battery charger,3200.07929
capital,Link,AL0 0,biogas to gas,3273.68682
capital,Link,AL0 0,biomass to liquid,29107671.64486
capital,Link,AL0 0,biomass-to-methanol,2355.26301
capital,Link,AL0 0,electricity distribution grid,34392201.25095
capital,Link,AL0 0,gas DRI,2564.39758
capital,Link,AL0 0,gas pipeline new,7471679.80134
capital,Link,AL0 0,heat100-200 industry electric boiler steam,381.04591
capital,Link,AL0 0,heat100-200 industry gas,142641.41594
capital,Link,AL0 0,heat100-200 industry industrial heat pump high temperature,2776097.07826
capital,Link,AL0 0,heat100-200 industry solid biomass,3164.58544
capital,Link,AL0 0,heat200-500 industry gas,15580.57046
capital,Link,AL0 0,heat200-500 industry hydrogen,154.53583
capital,Link,AL0 0,heat200-500 industry solid biomass,1473.3261
capital,Link,AL0 0,heat<100 industry electric boiler steam,382.99576
capital,Link,AL0 0,heat<100 industry gas,167446.98881
capital,Link,AL0 0,heat<100 industry industrial heat pump medium temperature,2835864.05968
capital,Link,AL0 0,heat<100 industry solid biomass,3416.35521
capital,Link,AL0 0,heat>500 industry gas,17265.71392
capital,Link,AL0 0,heat>500 industry hydrogen,146.3873
capital,Link,AL0 0,home battery charger,4262.39854
capital,Link,AL0 0,methanolisation,5341092.068
capital,Link,AL0 0,rural air heat pump,3327.82906
capital,Link,AL0 0,rural biomass boiler,6153.25133
capital,Link,AL0 0,rural gas boiler,28961444.00436
capital,Link,AL0 0,rural ground heat pump,6023.39158
capital,Link,AL0 0,rural resistive heater,3181183.20351
capital,Link,AL0 0,urban central air heat pump,5114.15869
capital,Link,AL0 0,urban central gas CHP,2195.46243
capital,Link,AL0 0,urban central gas boiler,939872.81959
capital,Link,AL0 0,urban central resistive heater,1223.70658
capital,Link,AL0 0,urban central solid biomass CHP,6442.87139
capital,Link,AL0 0,urban central solid biomass CHP CC,4425362.1201
capital,Link,AL0 0,urban decentral air heat pump,3255.70066
capital,Link,AL0 0,urban decentral biomass boiler,6236.19544
capital,Link,AL0 0,urban decentral gas boiler,38148932.27354
capital,Link,AL0 0,urban decentral resistive heater,4336754.6493
capital,Link,AL0 0,waste CHP,1806.02749
capital,Link,AT0 0,CO2 pipeline,16992.87485
capital,Link,AT0 0,Combined-Cycle Gas,352632667.44951
capital,Link,AT0 0,EAF,3797.70679
capital,Link,AT0 0,H2 DRI,1693.08945
capital,Link,AT0 0,H2 Electrolysis,1595.4566
capital,Link,AT0 0,Haber-Bosch,6544.2256
capital,Link,AT0 0,Open-Cycle Gas,1471.68741
capital,Link,AT0 0,SMR,47699765.25087
capital,Link,AT0 0,Sabatier,764.30185
capital,Link,AT0 0,battery charger,3120.19445
capital,Link,AT0 0,biogas to gas,39394135.32474
capital,Link,AT0 0,biomass to liquid,299625718.90357
capital,Link,AT0 0,biomass-to-methanol,2364.1295
capital,Link,AT0 0,electricity distribution grid,439534442.5761
capital,Link,AT0 0,gas DRI,3597.74513
capital,Link,AT0 0,gas pipeline,11817541.81551
capital,Link,AT0 0,gas pipeline new,75513448.74855
capital,Link,AT0 0,heat100-200 industry electric boiler steam,351.14018
capital,Link,AT0 0,heat100-200 industry gas,9294164.71838
capital,Link,AT0 0,heat100-200 industry industrial heat pump high temperature,30263.0668
capital,Link,AT0 0,heat100-200 industry solid biomass,3713.73243
capital,Link,AT0 0,heat200-500 industry gas,695011.53995
capital,Link,AT0 0,heat200-500 industry hydrogen,107.16343
capital,Link,AT0 0,heat200-500 industry solid biomass,1401.19761
capital,Link,AT0 0,heat<100 industry electric boiler steam,318.08238
capital,Link,AT0 0,heat<100 industry gas,3467666.42036
capital,Link,AT0 0,heat<100 industry industrial heat pump medium temperature,6488.52926
capital,Link,AT0 0,heat<100 industry solid biomass,3807.04103
capital,Link,AT0 0,heat>500 industry gas,1692597.62268
capital,Link,AT0 0,heat>500 industry hydrogen,118.33479
capital,Link,AT0 0,home battery charger,3259.54035
capital,Link,AT0 0,methanolisation,40887603.48449
capital,Link,AT0 0,rural air heat pump,5374.54543
capital,Link,AT0 0,rural biomass boiler,303486292.12624
capital,Link,AT0 0,rural gas boiler,206924205.43043
capital,Link,AT0 0,rural ground heat pump,343359485.06455
capital,Link,AT0 0,rural resistive heater,1752318.34701
capital,Link,AT0 0,urban central air heat pump,3468.84614
capital,Link,AT0 0,urban central gas CHP,2997.94341
capital,Link,AT0 0,urban central gas boiler,29741590.88327
capital,Link,AT0 0,urban central resistive heater,388842.82359
capital,Link,AT0 0,urban central solid biomass CHP,1970010.74948
capital,Link,AT0 0,urban central solid biomass CHP CC,96732624.19211
capital,Link,AT0 0,urban decentral air heat pump,113343456.72297
capital,Link,AT0 0,urban decentral biomass boiler,312570280.54169
capital,Link,AT0 0,urban decentral gas boiler,213117885.78363
capital,Link,AT0 0,urban decentral resistive heater,3179784.71584
capital,Link,AT0 0,waste CHP,2027.39448
capital,Link,BA0 0,CO2 pipeline,299935.52275
capital,Link,BA0 0,Combined-Cycle Gas,2005.77157
capital,Link,BA0 0,EAF,3005.71391
capital,Link,BA0 0,H2 DRI,1481.7109
capital,Link,BA0 0,H2 Electrolysis,1620.9386
capital,Link,BA0 0,Haber-Bosch,6424.87377
capital,Link,BA0 0,Open-Cycle Gas,1384.13791
capital,Link,BA0 0,SMR,442518.6879
capital,Link,BA0 0,Sabatier,759.59173
capital,Link,BA0 0,battery charger,3107.89447
capital,Link,BA0 0,biogas to gas,296433.62377
capital,Link,BA0 0,biomass to liquid,189684855.66068
capital,Link,BA0 0,biomass-to-methanol,2361.26569
capital,Link,BA0 0,electricity distribution grid,159614307.35171
capital,Link,BA0 0,gas DRI,2884.36431
capital,Link,BA0 0,gas pipeline,3487367.17429
capital,Link,BA0 0,gas pipeline new,8805713.58297
capital,Link,BA0 0,heat100-200 industry electric boiler steam,289.85426
capital,Link,BA0 0,heat100-200 industry gas,285255.56886
capital,Link,BA0 0,heat100-200 industry industrial heat pump high temperature,1080895.94399
capital,Link,BA0 0,heat100-200 industry solid biomass,3737.91757
capital,Link,BA0 0,heat200-500 industry gas,42841.70509
capital,Link,BA0 0,heat200-500 industry hydrogen,135.64527
capital,Link,BA0 0,heat200-500 industry solid biomass,1490.26866
capital,Link,BA0 0,heat<100 industry electric boiler steam,295.86538
capital,Link,BA0 0,heat<100 industry gas,309894.84078
capital,Link,BA0 0,heat<100 industry industrial heat pump medium temperature,68572.28972
capital,Link,BA0 0,heat<100 industry solid biomass,4790.45825
capital,Link,BA0 0,heat>500 industry gas,155491.24918
capital,Link,BA0 0,heat>500 industry hydrogen,116.26731
capital,Link,BA0 0,home battery charger,6354.03211
capital,Link,BA0 0,methanolisation,374028.96012
capital,Link,BA0 0,rural air heat pump,2575.08935
capital,Link,BA0 0,rural biomass boiler,7198.57634
capital,Link,BA0 0,rural gas boiler,165620635.00429
capital,Link,BA0 0,rural ground heat pump,4776.62354
capital,Link,BA0 0,rural resistive heater,11973833.64735
capital,Link,BA0 0,urban central air heat pump,8429.95408
capital,Link,BA0 0,urban central gas CHP,2511.04574
capital,Link,BA0 0,urban central gas boiler,5285488.45922
capital,Link,BA0 0,urban central resistive heater,73711.36449
capital,Link,BA0 0,urban central solid biomass CHP,37457.52436
capital,Link,BA0 0,urban central solid biomass CHP CC,10528059.26826
capital,Link,BA0 0,urban decentral air heat pump,2585.21504
capital,Link,BA0 0,urban decentral biomass boiler,7243.52136
capital,Link,BA0 0,urban decentral gas boiler,119446326.26609
capital,Link,BA0 0,urban decentral resistive heater,8661547.18664
capital,Link,BA0 0,waste CHP,1818.27306
capital,Link,BE0 0,CO2 pipeline,166403.44333
capital,Link,BE0 0,Combined-Cycle Gas,532145056.86453
capital,Link,BE0 0,DC,23219324.12346
capital,Link,BE0 0,EAF,3965.27839
capital,Link,BE0 0,H2 DRI,1660.4682
capital,Link,BE0 0,H2 Electrolysis,1549.85906
capital,Link,BE0 0,Haber-Bosch,12937.08091
capital,Link,BE0 0,Open-Cycle Gas,1840.83326
capital,Link,BE0 0,SMR,2409507.66784
capital,Link,BE0 0,Sabatier,747.32846
capital,Link,BE0 0,battery charger,3059.04767
capital,Link,BE0 0,biogas to gas,42527767.84636
capital,Link,BE0 0,biomass to liquid,1651.00101
capital,Link,BE0 0,biomass-to-methanol,1907.21569
capital,Link,BE0 0,electricity distribution grid,602323671.63224
capital,Link,BE0 0,gas DRI,3826.22896
capital,Link,BE0 0,gas pipeline,18821571.77033
capital,Link,BE0 0,gas pipeline new,4772286.87268
capital,Link,BE0 0,heat100-200 industry electric boiler steam,352.28863
capital,Link,BE0 0,heat100-200 industry gas,10209091.55107
capital,Link,BE0 0,heat100-200 industry industrial heat pump high temperature,7925.86312
capital,Link,BE0 0,heat100-200 industry solid biomass,390.7237
capital,Link,BE0 0,heat200-500 industry gas,950916.84796
capital,Link,BE0 0,heat200-500 industry hydrogen,108.90588
capital,Link,BE0 0,heat200-500 industry solid biomass,183.91964
capital,Link,BE0 0,heat<100 industry electric boiler steam,339.85106
capital,Link,BE0 0,heat<100 industry gas,8035502.373
capital,Link,BE0 0,heat<100 industry industrial heat pump medium temperature,4640.75507
capital,Link,BE0 0,heat<100 industry solid biomass,374.79901
capital,Link,BE0 0,heat>500 industry gas,3135358.49329
capital,Link,BE0 0,heat>500 industry hydrogen,129.73704
capital,Link,BE0 0,home battery charger,3237.52632
capital,Link,BE0 0,methanolisation,2057946.00361
capital,Link,BE0 0,rural air heat pump,6177.71694
capital,Link,BE0 0,rural biomass boiler,20149409.10996
capital,Link,BE0 0,rural gas boiler,118215354.23709
capital,Link,BE0 0,rural ground heat pump,54742903.43156
capital,Link,BE0 0,rural resistive heater,1378543.38565
capital,Link,BE0 0,urban central air heat pump,8354.58946
capital,Link,BE0 0,urban central gas CHP,3594.18932
capital,Link,BE0 0,urban central gas boiler,41734918.76849
capital,Link,BE0 0,urban central resistive heater,6360.62369
capital,Link,BE0 0,urban central solid biomass CHP,1600.47197
capital,Link,BE0 0,urban central solid biomass CHP CC,2245.23395
capital,Link,BE0 0,urban decentral air heat pump,41147873.0209
capital,Link,BE0 0,urban decentral biomass boiler,266481315.13342
capital,Link,BE0 0,urban decentral gas boiler,1563429621.88831
capital,Link,BE0 0,urban decentral resistive heater,18312641.25588
capital,Link,BE0 0,waste CHP,2110.42173
capital,Link,BG0 0,CO2 pipeline,12319.41188
capital,Link,BG0 0,Combined-Cycle Gas,9745326.65176
capital,Link,BG0 0,H2 Electrolysis,1652.34182
capital,Link,BG0 0,Haber-Bosch,13465.10078
capital,Link,BG0 0,Open-Cycle Gas,1365.18055
capital,Link,BG0 0,SMR,20742668.85648
capital,Link,BG0 0,Sabatier,765.92474
capital,Link,BG0 0,battery charger,3194.91373
capital,Link,BG0 0,biogas to gas,9357769.62392
capital,Link,BG0 0,biomass to liquid,148654392.89011
capital,Link,BG0 0,biomass-to-methanol,2362.45358
capital,Link,BG0 0,electricity distribution grid,341381450.91162
capital,Link,BG0 0,gas pipeline,4651416.62342
capital,Link,BG0 0,gas pipeline new,26971662.26337
capital,Link,BG0 0,heat100-200 industry electric boiler steam,323.19817
capital,Link,BG0 0,heat100-200 industry gas,1939907.71163
capital,Link,BG0 0,heat100-200 industry industrial heat pump high temperature,23222.92794
capital,Link,BG0 0,heat100-200 industry solid biomass,2930.77315
capital,Link,BG0 0,heat200-500 industry gas,229499.65013
capital,Link,BG0 0,heat200-500 industry hydrogen,117.35972
capital,Link,BG0 0,heat200-500 industry solid biomass,1078.86992
capital,Link,BG0 0,heat<100 industry electric boiler steam,309.95538
capital,Link,BG0 0,heat<100 industry gas,1373973.16094
capital,Link,BG0 0,heat<100 industry industrial heat pump medium temperature,6948.11588
capital,Link,BG0 0,heat<100 industry solid biomass,2976.67089
capital,Link,BG0 0,heat>500 industry gas,876838.69413
capital,Link,BG0 0,heat>500 industry hydrogen,115.46876
capital,Link,BG0 0,home battery charger,7565.98926
capital,Link,BG0 0,methanolisation,17774432.62141
capital,Link,BG0 0,rural air heat pump,5119.11995
capital,Link,BG0 0,rural biomass boiler,101145902.72138
capital,Link,BG0 0,rural gas boiler,2527510.63897
capital,Link,BG0 0,rural ground heat pump,23267630.45592
capital,Link,BG0 0,rural resistive heater,7363999.9076
capital,Link,BG0 0,urban central air heat pump,3636.11589
capital,Link,BG0 0,urban central gas CHP,2812.23268
capital,Link,BG0 0,urban central gas boiler,11512790.7157
capital,Link,BG0 0,urban central resistive heater,739200.82772
capital,Link,BG0 0,urban central solid biomass CHP,6489.5347
capital,Link,BG0 0,urban central solid biomass CHP CC,42064977.90516
capital,Link,BG0 0,urban decentral air heat pump,171487115.69437
capital,Link,BG0 0,urban decentral biomass boiler,157562315.54839
capital,Link,BG0 0,urban decentral gas boiler,3937286.81176
capital,Link,BG0 0,urban decentral resistive heater,11199589.47762
capital,Link,BG0 0,waste CHP,1895.01297
capital,Link,CH0 0,CO2 pipeline,3120102.7804
capital,Link,CH0 0,Combined-Cycle Gas,5763368.8771
capital,Link,CH0 0,EAF,2883.68139
capital,Link,CH0 0,H2 DRI,1475.7615
capital,Link,CH0 0,H2 Electrolysis,1639.76397
capital,Link,CH0 0,Haber-Bosch,6064.44225
capital,Link,CH0 0,Open-Cycle Gas,1473.80232
capital,Link,CH0 0,SMR,24712.79778
capital,Link,CH0 0,Sabatier,748.51448
capital,Link,CH0 0,battery charger,3120.48739
capital,Link,CH0 0,biogas to gas,4005.20187
capital,Link,CH0 0,biomass to liquid,257586812.16206
capital,Link,CH0 0,biomass-to-methanol,2365.14628
capital,Link,CH0 0,electricity distribution grid,687932831.10576
capital,Link,CH0 0,gas DRI,2749.60365
capital,Link,CH0 0,gas pipeline,6573997.11064
capital,Link,CH0 0,gas pipeline new,52508933.19098
capital,Link,CH0 0,heat100-200 industry electric boiler steam,332.42044
capital,Link,CH0 0,heat100-200 industry gas,2821541.88366
capital,Link,CH0 0,heat100-200 industry industrial heat pump high temperature,55146014.74392
capital,Link,CH0 0,heat100-200 industry solid biomass,3275.17623
capital,Link,CH0 0,heat200-500 industry gas,267205.5928
capital,Link,CH0 0,heat200-500 industry hydrogen,113.13673
capital,Link,CH0 0,heat200-500 industry solid biomass,1735.39531
capital,Link,CH0 0,heat<100 industry electric boiler steam,330.50102
capital,Link,CH0 0,heat<100 industry gas,2064994.02066
capital,Link,CH0 0,heat<100 industry industrial heat pump medium temperature,3106845.94436
capital,Link,CH0 0,heat<100 industry solid biomass,4382.92158
capital,Link,CH0 0,heat>500 industry gas,662934.79309
capital,Link,CH0 0,heat>500 industry hydrogen,114.06762
capital,Link,CH0 0,home battery charger,5854.19287
capital,Link,CH0 0,methanolisation,17429.50383
capital,Link,CH0 0,rural air heat pump,2748.00986
capital,Link,CH0 0,rural biomass boiler,8211.27548
capital,Link,CH0 0,rural gas boiler,7170133.2739
capital,Link,CH0 0,rural ground heat pump,640595198.5237
capital,Link,CH0 0,rural resistive heater,714272.23958
capital,Link,CH0 0,urban central air heat pump,3708.18808
capital,Link,CH0 0,urban central gas CHP,2325.80344
capital,Link,CH0 0,urban central gas boiler,17989638.68566
capital,Link,CH0 0,urban central resistive heater,3467.90744
capital,Link,CH0 0,urban central solid biomass CHP,2665397.97463
capital,Link,CH0 0,urban central solid biomass CHP CC,69667344.2424
capital,Link,CH0 0,urban decentral air heat pump,1936735645.1275
capital,Link,CH0 0,urban decentral biomass boiler,7226.69712
capital,Link,CH0 0,urban decentral gas boiler,270842935.6519
capital,Link,CH0 0,urban decentral resistive heater,13764200.2874
capital,Link,CH0 0,waste CHP,2039.13814
capital,Link,CZ0 0,CO2 pipeline,12532.22392
capital,Link,CZ0 0,Combined-Cycle Gas,165355833.82309
capital,Link,CZ0 0,EAF,3603.07162
capital,Link,CZ0 0,H2 DRI,1601.06852
capital,Link,CZ0 0,H2 Electrolysis,1555.35363
capital,Link,CZ0 0,Haber-Bosch,5889.26363
capital,Link,CZ0 0,Open-Cycle Gas,1722.97606
capital,Link,CZ0 0,SMR,154725.36211
capital,Link,CZ0 0,Sabatier,739.56144
capital,Link,CZ0 0,battery charger,3088.97814
capital,Link,CZ0 0,biogas to gas,106695055.08387
capital,Link,CZ0 0,biomass to liquid,124028169.62125
capital,Link,CZ0 0,biomass-to-methanol,2367.20254
capital,Link,CZ0 0,electricity distribution grid,530089341.52335
capital,Link,CZ0 0,gas DRI,3461.14731
capital,Link,CZ0 0,gas pipeline,15837300.93355
capital,Link,CZ0 0,gas pipeline new,107692935.83237
capital,Link,CZ0 0,heat100-200 industry electric boiler steam,302.57301
capital,Link,CZ0 0,heat100-200 industry gas,6021603.26282
capital,Link,CZ0 0,heat100-200 industry industrial heat pump high temperature,5588.31805
capital,Link,CZ0 0,heat100-200 industry solid biomass,3239.88516
capital,Link,CZ0 0,heat200-500 industry gas,659372.06548
capital,Link,CZ0 0,heat200-500 industry hydrogen,110.10275
capital,Link,CZ0 0,heat200-500 industry solid biomass,1244.94448
capital,Link,CZ0 0,heat<100 industry electric boiler steam,297.24229
capital,Link,CZ0 0,heat<100 industry gas,5361562.9554
capital,Link,CZ0 0,heat<100 industry industrial heat pump medium temperature,3517.72688
capital,Link,CZ0 0,heat<100 industry solid biomass,3310.09938
capital,Link,CZ0 0,heat>500 industry gas,1549995.50992
capital,Link,CZ0 0,heat>500 industry hydrogen,118.27522
capital,Link,CZ0 0,home battery charger,4475.92435
capital,Link,CZ0 0,methanolisation,128923.24698
capital,Link,CZ0 0,rural air heat pump,4219.52729
capital,Link,CZ0 0,rural biomass boiler,335984988.96149
capital,Link,CZ0 0,rural gas boiler,339623930.79443
capital,Link,CZ0 0,rural ground heat pump,240875878.6248
capital,Link,CZ0 0,rural resistive heater,11284055.91959
capital,Link,CZ0 0,urban central air heat pump,2237.66731
capital,Link,CZ0 0,urban central gas CHP,6098.33358
capital,Link,CZ0 0,urban central gas boiler,50914624.52317
capital,Link,CZ0 0,urban central resistive heater,1374.15283
capital,Link,CZ0 0,urban central solid biomass CHP,50256896.95482
capital,Link,CZ0 0,urban central solid biomass CHP CC,399304.23401
capital,Link,CZ0 0,urban decentral air heat pump,153577053.19503
capital,Link,CZ0 0,urban decentral biomass boiler,647169340.18781
capital,Link,CZ0 0,urban decentral gas boiler,654178616.3828
capital,Link,CZ0 0,urban decentral resistive heater,22963121.21895
capital,Link,CZ0 0,waste CHP,2064.19922
capital,Link,DE0 0,CO2 pipeline,76184.1397
capital,Link,DE0 0,Combined-Cycle Gas,309046487.80685
capital,Link,DE0 0,DC,169790742.32792
capital,Link,DE0 0,EAF,4033.56749
capital,Link,DE0 0,H2 DRI,1678.43766
capital,Link,DE0 0,H2 Electrolysis,1590.85492
capital,Link,DE0 0,Haber-Bosch,8841.05074
capital,Link,DE0 0,Open-Cycle Gas,1803.57037
capital,Link,DE0 0,SMR,67011.52457
capital,Link,DE0 0,Sabatier,774.21835
capital,Link,DE0 0,battery charger,3114.00769
capital,Link,DE0 0,biogas to gas,297059162.21101
capital,Link,DE0 0,biomass to liquid,159763014.2885
capital,Link,DE0 0,biomass-to-methanol,2363.86026
capital,Link,DE0 0,electricity distribution grid,589623803.69758
capital,Link,DE0 0,gas DRI,3886.61275
capital,Link,DE0 0,gas pipeline,22398167.55046
capital,Link,DE0 0,heat100-200 industry electric boiler steam,346.31188
capital,Link,DE0 0,heat100-200 industry gas,9635509.81641
capital,Link,DE0 0,heat100-200 industry industrial heat pump high temperature,7829.76219
capital,Link,DE0 0,heat100-200 industry solid biomass,2772.48488
capital,Link,DE0 0,heat200-500 industry gas,904721.4294
capital,Link,DE0 0,heat200-500 industry hydrogen,107.06646
capital,Link,DE0 0,heat200-500 industry solid biomass,1216.70821
capital,Link,DE0 0,heat<100 industry electric boiler steam,328.53516
capital,Link,DE0 0,heat<100 industry gas,6968499.27679
capital,Link,DE0 0,heat<100 industry industrial heat pump medium temperature,4464.20152
capital,Link,DE0 0,heat<100 industry solid biomass,2803.86274
capital,Link,DE0 0,heat>500 industry gas,2395108.73424
capital,Link,DE0 0,heat>500 industry hydrogen,124.58756
capital,Link,DE0 0,home battery charger,3282.53841
capital,Link,DE0 0,methanolisation,52453.90452
capital,Link,DE0 0,rural air heat pump,4779.77691
capital,Link,DE0 0,rural biomass boiler,152062929.72848
capital,Link,DE0 0,rural gas boiler,445412931.58674
capital,Link,DE0 0,rural ground heat pump,265205257.66428
capital,Link,DE0 0,rural resistive heater,1147874.14888
capital,Link,DE0 0,urban central air heat pump,2998.47426
capital,Link,DE0 0,urban central gas CHP,3544.24509
capital,Link,DE0 0,urban central gas boiler,51798125.02144
capital,Link,DE0 0,urban central resistive heater,6060.01861
capital,Link,DE0 0,urban central solid biomass CHP,6676.2046
capital,Link,DE0 0,urban central solid biomass CHP CC,142797808.51347
capital,Link,DE0 0,urban decentral air heat pump,107366962.05667
capital,Link,DE0 0,urban decentral biomass boiler,379071163.13118
capital,Link,DE0 0,urban decentral gas boiler,1110350815.62437
capital,Link,DE0 0,urban decentral resistive heater,3033378.85035
capital,Link,DE0 0,waste CHP,2045.31124
capital,Link,DE0 1,CO2 pipeline,2525369.01526
capital,Link,DE0 1,Combined-Cycle Gas,213505355.65531
capital,Link,DE0 1,H2 Electrolysis,1575.68926
capital,Link,DE0 1,Haber-Bosch,4225.12933
capital,Link,DE0 1,Open-Cycle Gas,1643.0909
capital,Link,DE0 1,SMR,11567.4849
capital,Link,DE0 1,Sabatier,777.00424
capital,Link,DE0 1,battery charger,3080.6701
capital,Link,DE0 1,biogas to gas,179717712.10875
capital,Link,DE0 1,biomass to liquid,162324418.88175
capital,Link,DE0 1,biomass-to-methanol,2368.33516
capital,Link,DE0 1,electricity distribution grid,332994344.33036
capital,Link,DE0 1,gas pipeline,8036863.96094
capital,Link,DE0 1,gas pipeline new,4012788.32341
capital,Link,DE0 1,heat100-200 industry electric boiler steam,307.22519
capital,Link,DE0 1,heat100-200 industry gas,3249423.35171
capital,Link,DE0 1,heat100-200 industry industrial heat pump high temperature,5604268.65043
capital,Link,DE0 1,heat100-200 industry solid biomass,6304.63362
capital,Link,DE0 1,heat200-500 industry gas,298602.46197
capital,Link,DE0 1,heat200-500 industry hydrogen,115.26589
capital,Link,DE0 1,heat200-500 industry solid biomass,2662.62071
capital,Link,DE0 1,heat<100 industry electric boiler steam,301.73639
capital,Link,DE0 1,heat<100 industry gas,2052416.57766
capital,Link,DE0 1,heat<100 industry industrial heat pump medium temperature,20332.71782
capital,Link,DE0 1,heat<100 industry solid biomass,15974.68295
capital,Link,DE0 1,heat>500 industry gas,568566.55568
capital,Link,DE0 1,heat>500 industry hydrogen,114.67813
capital,Link,DE0 1,home battery charger,3253.17436
capital,Link,DE0 1,methanolisation,7248.4428
capital,Link,DE0 1,rural air heat pump,3047.18619
capital,Link,DE0 1,rural biomass boiler,163869005.30169
capital,Link,DE0 1,rural gas boiler,479994527.12081
capital,Link,DE0 1,rural ground heat pump,135948554.76997
capital,Link,DE0 1,rural resistive heater,504080.2539
capital,Link,DE0 1,urban central air heat pump,3221.92714
capital,Link,DE0 1,urban central gas CHP,2818.83911
capital,Link,DE0 1,urban central gas boiler,15888216.68481
capital,Link,DE0 1,urban central resistive heater,4206.411
capital,Link,DE0 1,urban central solid biomass CHP,47048.76528
capital,Link,DE0 1,urban central solid biomass CHP CC,45502715.69367
capital,Link,DE0 1,urban decentral air heat pump,51230639.8141
capital,Link,DE0 1,urban decentral biomass boiler,113551400.07198
capital,Link,DE0 1,urban decentral gas boiler,332607441.42014
capital,Link,DE0 1,urban decentral resistive heater,1513877.39454
capital,Link,DE0 1,waste CHP,1991.36546
capital,Link,DE0 2,CO2 pipeline,5117741.93248
capital,Link,DE0 2,Combined-Cycle Gas,1035660985.10664
capital,Link,DE0 2,EAF,4664.56188
capital,Link,DE0 2,H2 DRI,1848.17284
capital,Link,DE0 2,H2 Electrolysis,1607.60063
capital,Link,DE0 2,Haber-Bosch,15424.37639
capital,Link,DE0 2,Open-Cycle Gas,1842.51007
capital,Link,DE0 2,SMR,227288.66815
capital,Link,DE0 2,Sabatier,708.48353
capital,Link,DE0 2,battery charger,3098.46415
capital,Link,DE0 2,biogas to gas,209335131.52872
capital,Link,DE0 2,biomass to liquid,1684.88091
capital,Link,DE0 2,biomass-to-methanol,1923.87912
capital,Link,DE0 2,electricity distribution grid,878017450.69391
capital,Link,DE0 2,gas DRI,4455.72157
capital,Link,DE0 2,gas pipeline,30205086.21893
capital,Link,DE0 2,heat100-200 industry electric boiler steam,392.52399
capital,Link,DE0 2,heat100-200 industry gas,18677223.68266
capital,Link,DE0 2,heat100-200 industry industrial heat pump high temperature,9626.24008
capital,Link,DE0 2,heat100-200 industry solid biomass,462.76218
capital,Link,DE0 2,heat200-500 industry gas,1626144.24727
capital,Link,DE0 2,heat200-500 industry hydrogen,125.35642
capital,Link,DE0 2,heat200-500 industry solid biomass,188.702
capital,Link,DE0 2,heat<100 industry electric boiler steam,364.2153
capital,Link,DE0 2,heat<100 industry gas,12883019.44185
capital,Link,DE0 2,heat<100 industry industrial heat pump medium temperature,5319.58634
capital,Link,DE0 2,heat<100 industry solid biomass,426.27103
capital,Link,DE0 2,heat>500 industry gas,4783621.02274
capital,Link,DE0 2,heat>500 industry hydrogen,140.34738
capital,Link,DE0 2,home battery charger,3259.28148
capital,Link,DE0 2,methanolisation,186214.6989
capital,Link,DE0 2,rural air heat pump,6475.99014
capital,Link,DE0 2,rural biomass boiler,63086082.1568
capital,Link,DE0 2,rural gas boiler,184787685.24291
capital,Link,DE0 2,rural ground heat pump,339853163.83458
capital,Link,DE0 2,rural resistive heater,480555.01063
capital,Link,DE0 2,urban central air heat pump,5844.955
capital,Link,DE0 2,urban central gas CHP,3770.19186
capital,Link,DE0 2,urban central gas boiler,98677081.00075
capital,Link,DE0 2,urban central resistive heater,560468.22734
capital,Link,DE0 2,urban central solid biomass CHP,1627.3172
capital,Link,DE0 2,urban central solid biomass CHP CC,2229.49536
capital,Link,DE0 2,urban decentral air heat pump,158432696.45718
capital,Link,DE0 2,urban decentral biomass boiler,685742325.15328
capital,Link,DE0 2,urban decentral gas boiler,2008632214.99812
capital,Link,DE0 2,urban decentral resistive heater,4301825.35404
capital,Link,DE0 2,waste CHP,2135.34983
capital,Link,DE0 3,CO2 pipeline,5283.51705
capital,Link,DE0 3,Combined-Cycle Gas,350046745.10201
capital,Link,DE0 3,H2 Electrolysis,1576.44053
capital,Link,DE0 3,Haber-Bosch,4238.11239
capital,Link,DE0 3,Open-Cycle Gas,1112347.21991
capital,Link,DE0 3,SMR,12416.94631
capital,Link,DE0 3,Sabatier,772.9937
capital,Link,DE0 3,battery charger,3081.29695
capital,Link,DE0 3,biogas to gas,225910573.3579
capital,Link,DE0 3,biomass to liquid,177609589.33396
capital,Link,DE0 3,biomass-to-methanol,2369.38509
capital,Link,DE0 3,electricity distribution grid,450230831.88538
capital,Link,DE0 3,gas pipeline,3317522.45066
capital,Link,DE0 3,gas pipeline new,19834807.38125
capital,Link,DE0 3,heat100-200 industry electric boiler steam,322.17834
capital,Link,DE0 3,heat100-200 industry gas,5277183.61018
capital,Link,DE0 3,heat100-200 industry industrial heat pump high temperature,103121842.69009
capital,Link,DE0 3,heat100-200 industry solid biomass,5525.38609
capital,Link,DE0 3,heat200-500 industry gas,504100.71883
capital,Link,DE0 3,heat200-500 industry hydrogen,110.32393
capital,Link,DE0 3,heat200-500 industry solid biomass,2770.74417
capital,Link,DE0 3,heat<100 industry electric boiler steam,315.40509
capital,Link,DE0 3,heat<100 industry gas,3597945.34747
capital,Link,DE0 3,heat<100 industry industrial heat pump medium temperature,42649.20999
capital,Link,DE0 3,heat<100 industry solid biomass,16760.38471
capital,Link,DE0 3,heat>500 industry gas,1449334.73642
capital,Link,DE0 3,heat>500 industry hydrogen,117.78905
capital,Link,DE0 3,home battery charger,3243.0241
capital,Link,DE0 3,methanolisation,7893.99101
capital,Link,DE0 3,rural air heat pump,5476.45838
capital,Link,DE0 3,rural biomass boiler,126342373.23973
capital,Link,DE0 3,rural gas boiler,370073935.50035
capital,Link,DE0 3,rural ground heat pump,170082891.71737
capital,Link,DE0 3,rural resistive heater,654897.33941
capital,Link,DE0 3,urban central air heat pump,3334.84121
capital,Link,DE0 3,urban central gas CHP,2778.21591
capital,Link,DE0 3,urban central gas boiler,28961747.26527
capital,Link,DE0 3,urban central resistive heater,17989.83911
capital,Link,DE0 3,urban central solid biomass CHP,37627343.06011
capital,Link,DE0 3,urban central solid biomass CHP CC,92681.74731
capital,Link,DE0 3,urban decentral air heat pump,66612661.05986
capital,Link,DE0 3,urban decentral biomass boiler,211651890.74152
capital,Link,DE0 3,urban decentral gas boiler,619957075.00432
capital,Link,DE0 3,urban decentral resistive heater,1802537.86477
capital,Link,DE0 3,waste CHP,2077.02288
capital,Link,DE0 4,CO2 pipeline,2925.96627
capital,Link,DE0 4,Combined-Cycle Gas,612159919.62264
capital,Link,DE0 4,EAF,3462.17902
capital,Link,DE0 4,H2 DRI,1655.27647
capital,Link,DE0 4,H2 Electrolysis,1561.61348
capital,Link,DE0 4,Haber-Bosch,5030.67745
capital,Link,DE0 4,Open-Cycle Gas,1544.63161
capital,Link,DE0 4,SMR,13659.03683
capital,Link,DE0 4,Sabatier,764.92175
capital,Link,DE0 4,battery charger,3071.27621
capital,Link,DE0 4,biogas to gas,221083055.75328
capital,Link,DE0 4,biomass to liquid,6426.73907
capital,Link,DE0 4,biomass-to-methanol,2298.01509
capital,Link,DE0 4,electricity distribution grid,796655966.24488
capital,Link,DE0 4,gas DRI,3242.72639
capital,Link,DE0 4,gas pipeline,13851172.13292
capital,Link,DE0 4,heat100-200 industry electric boiler steam,374.46664
capital,Link,DE0 4,heat100-200 industry gas,13772744.07629
capital,Link,DE0 4,heat100-200 industry industrial heat pump high temperature,23549365.44145
capital,Link,DE0 4,heat100-200 industry solid biomass,2145.69134
capital,Link,DE0 4,heat200-500 industry gas,1076690.95746
capital,Link,DE0 4,heat200-500 industry hydrogen,114.02721
capital,Link,DE0 4,heat200-500 industry solid biomass,929.70813
capital,Link,DE0 4,heat<100 industry electric boiler steam,351.28365
capital,Link,DE0 4,heat<100 industry gas,9561665.17936
capital,Link,DE0 4,heat<100 industry industrial heat pump medium temperature,15674.39042
capital,Link,DE0 4,heat<100 industry solid biomass,2152.28282
capital,Link,DE0 4,heat>500 industry gas,2208466.35187
capital,Link,DE0 4,heat>500 industry hydrogen,124.46198
capital,Link,DE0 4,home battery charger,3240.71773
capital,Link,DE0 4,methanolisation,8357.69628
capital,Link,DE0 4,rural air heat pump,6674.64772
capital,Link,DE0 4,rural biomass boiler,49806808.37473
capital,Link,DE0 4,rural gas boiler,145890892.4797
capital,Link,DE0 4,rural ground heat pump,296861968.52001
capital,Link,DE0 4,rural resistive heater,197131.35676
capital,Link,DE0 4,urban central air heat pump,11170.0551
capital,Link,DE0 4,urban central gas CHP,2938.1912
capital,Link,DE0 4,urban central gas boiler,84321481.33342
capital,Link,DE0 4,urban central resistive heater,9132.66988
capital,Link,DE0 4,urban central solid biomass CHP,33382.09258
capital,Link,DE0 4,urban central solid biomass CHP CC,91893834.58688
capital,Link,DE0 4,urban decentral air heat pump,136727868.02079
capital,Link,DE0 4,urban decentral biomass boiler,595839847.03718
capital,Link,DE0 4,urban decentral gas boiler,1745295671.33096
capital,Link,DE0 4,urban decentral resistive heater,3627952.50076
capital,Link,DE0 4,waste CHP,2224.73155
capital,Link,DE0 5,CO2 pipeline,10785965.30062
capital,Link,DE0 5,Combined-Cycle Gas,370545923.94466
capital,Link,DE0 5,EAF,3279.17941
capital,Link,DE0 5,H2 DRI,1542.07728
capital,Link,DE0 5,H2 Electrolysis,1574.37547
capital,Link,DE0 5,Haber-Bosch,6151.63088
capital,Link,DE0 5,Open-Cycle Gas,1894.71047
capital,Link,DE0 5,SMR,19439.78606
capital,Link,DE0 5,Sabatier,781.02588
capital,Link,DE0 5,battery charger,3103.2241
capital,Link,DE0 5,biogas to gas,261010763.83237
capital,Link,DE0 5,biomass to liquid,145471776.41111
capital,Link,DE0 5,biomass-to-methanol,2365.44162
capital,Link,DE0 5,electricity distribution grid,520494661.85269
capital,Link,DE0 5,gas DRI,3142.80373
capital,Link,DE0 5,gas pipeline,17413353.45327
capital,Link,DE0 5,heat100-200 industry electric boiler steam,343.91644
capital,Link,DE0 5,heat100-200 industry gas,11375728.78721
capital,Link,DE0 5,heat100-200 industry industrial heat pump high temperature,8775.72736
capital,Link,DE0 5,heat100-200 industry solid biomass,3580.37206
capital,Link,DE0 5,heat200-500 industry gas,957129.5379
capital,Link,DE0 5,heat200-500 industry hydrogen,106.75357
capital,Link,DE0 5,heat200-500 industry solid biomass,1488.13206
capital,Link,DE0 5,heat<100 industry electric boiler steam,328.77066
capital,Link,DE0 5,heat<100 industry gas,8315357.34656
capital,Link,DE0 5,heat<100 industry industrial heat pump medium temperature,4712.85363
capital,Link,DE0 5,heat<100 industry solid biomass,3460.70345
capital,Link,DE0 5,heat>500 industry gas,2833382.36887
capital,Link,DE0 5,heat>500 industry hydrogen,130.51689
capital,Link,DE0 5,home battery charger,3270.81743
capital,Link,DE0 5,methanolisation,12938.66366
capital,Link,DE0 5,rural air heat pump,3887.29227
capital,Link,DE0 5,rural biomass boiler,234001503.84743
capital,Link,DE0 5,rural gas boiler,685422121.02907
capital,Link,DE0 5,rural ground heat pump,279745614.82263
capital,Link,DE0 5,rural resistive heater,1281667.33515
capital,Link,DE0 5,urban central air heat pump,2974.81901
capital,Link,DE0 5,urban central gas CHP,3994.6911
capital,Link,DE0 5,urban central gas boiler,45272685.35392
capital,Link,DE0 5,urban central resistive heater,4017.86307
capital,Link,DE0 5,urban central solid biomass CHP,10624.02377
capital,Link,DE0 5,urban central solid biomass CHP CC,115567619.76017
capital,Link,DE0 5,urban decentral air heat pump,109358736.2843
capital,Link,DE0 5,urban decentral biomass boiler,326041587.55027
capital,Link,DE0 5,urban decentral gas boiler,955020001.18809
capital,Link,DE0 5,urban decentral resistive heater,3505895.32606
capital,Link,DE0 5,waste CHP,2060.38308
capital,Link,DK0 0,CO2 pipeline,10699.66834
capital,Link,DK0 0,Combined-Cycle Gas,81231823.51909
capital,Link,DK0 0,DC,180332203.15189
capital,Link,DK0 0,H2 Electrolysis,1820.59688
capital,Link,DK0 0,Haber-Bosch,75577.98414
capital,Link,DK0 0,Open-Cycle Gas,1764.75648
capital,Link,DK0 0,SMR,421170.91101
capital,Link,DK0 0,Sabatier,806.98295
capital,Link,DK0 0,battery charger,3193.36839
capital,Link,DK0 0,biogas to gas,52945053.64343
capital,Link,DK0 0,biomass to liquid,49692650.81593
capital,Link,DK0 0,biomass-to-methanol,2363.91669
capital,Link,DK0 0,electricity distribution grid,196348842.31211
capital,Link,DK0 0,gas pipeline,42660271.15443
capital,Link,DK0 0,gas pipeline new,5035874.03229
capital,Link,DK0 0,heat100-200 industry electric boiler steam,349.64374
capital,Link,DK0 0,heat100-200 industry gas,1147215.1395
capital,Link,DK0 0,heat100-200 industry industrial heat pump high temperature,22417259.34476
capital,Link,DK0 0,heat100-200 industry solid biomass,2287.13448
capital,Link,DK0 0,heat200-500 industry gas,105773.78506
capital,Link,DK0 0,heat200-500 industry hydrogen,114.58684
capital,Link,DK0 0,heat200-500 industry solid biomass,1148.11826
capital,Link,DK0 0,heat<100 industry electric boiler steam,348.40934
capital,Link,DK0 0,heat<100 industry gas,979801.00985
capital,Link,DK0 0,heat<100 industry industrial heat pump medium temperature,16837968.5863
capital,Link,DK0 0,heat<100 industry solid biomass,2525.54326
capital,Link,DK0 0,heat>500 industry gas,295965.1819
capital,Link,DK0 0,heat>500 industry hydrogen,116.19555
capital,Link,DK0 0,home battery charger,3669.45731
capital,Link,DK0 0,methanolisation,319986.65362
capital,Link,DK0 0,rural air heat pump,7743.67649
capital,Link,DK0 0,rural biomass boiler,33101606.15028
capital,Link,DK0 0,rural gas boiler,21672343.61559
capital,Link,DK0 0,rural ground heat pump,137793779.5128
capital,Link,DK0 0,rural resistive heater,1066280.12069
capital,Link,DK0 0,urban central air heat pump,46310555.53632
capital,Link,DK0 0,urban central gas CHP,2607.68026
capital,Link,DK0 0,urban central gas boiler,49622708.88307
capital,Link,DK0 0,urban central resistive heater,1475633.47404
capital,Link,DK0 0,urban central solid biomass CHP,3651.85978
capital,Link,DK0 0,urban central solid biomass CHP CC,23391.28284
capital,Link,DK0 0,urban decentral air heat pump,211827714.8555
capital,Link,DK0 0,urban decentral biomass boiler,166910189.34718
capital,Link,DK0 0,urban decentral gas boiler,109279741.89688
capital,Link,DK0 0,urban decentral resistive heater,8840444.48096
capital,Link,DK0 0,waste CHP,1706.83529
capital,Link,DK1 0,CO2 pipeline,3246.37583
capital,Link,DK1 0,Combined-Cycle Gas,108770592.18689
capital,Link,DK1 0,DC,20024525.49238
capital,Link,DK1 0,H2 Electrolysis,1917.78137
capital,Link,DK1 0,Haber-Bosch,166697738.77997
capital,Link,DK1 0,Open-Cycle Gas,1491.66052
capital,Link,DK1 0,SMR,163432744.07004
capital,Link,DK1 0,Sabatier,787.53186
capital,Link,DK1 0,battery charger,3161.4709
capital,Link,DK1 0,biogas to gas,19330428.11769
capital,Link,DK1 0,biomass to liquid,1752.0047
capital,Link,DK1 0,biomass-to-methanol,1951.30093
capital,Link,DK1 0,electricity distribution grid,166418208.86404
capital,Link,DK1 0,heat100-200 industry electric boiler steam,349.02255
capital,Link,DK1 0,heat100-200 industry gas,502301.47444
capital,Link,DK1 0,heat100-200 industry industrial heat pump high temperature,9815953.36538
capital,Link,DK1 0,heat100-200 industry solid biomass,469.13756
capital,Link,DK1 0,heat200-500 industry gas,61793.55218
capital,Link,DK1 0,heat200-500 industry hydrogen,122.61491
capital,Link,DK1 0,heat200-500 industry solid biomass,193.97704
capital,Link,DK1 0,heat<100 industry electric boiler steam,349.78486
capital,Link,DK1 0,heat<100 industry gas,458887.83575
capital,Link,DK1 0,heat<100 industry industrial heat pump medium temperature,7896907.4898
capital,Link,DK1 0,heat<100 industry solid biomass,480.70341
capital,Link,DK1 0,heat>500 industry gas,31883.49704
capital,Link,DK1 0,heat>500 industry hydrogen,138.9896
capital,Link,DK1 0,home battery charger,4625.1306
capital,Link,DK1 0,methanolisation,48904323.47685
capital,Link,DK1 0,rural air heat pump,7800.53354
capital,Link,DK1 0,rural biomass boiler,13346304.31157
capital,Link,DK1 0,rural gas boiler,8738116.56526
capital,Link,DK1 0,rural ground heat pump,76619493.3236
capital,Link,DK1 0,rural resistive heater,426952.09011
capital,Link,DK1 0,urban central air heat pump,5287569.88547
capital,Link,DK1 0,urban central gas CHP,2123.06128
capital,Link,DK1 0,urban central gas boiler,24363633.66982
capital,Link,DK1 0,urban central resistive heater,3730227.91698
capital,Link,DK1 0,urban central solid biomass CHP,1572.54686
capital,Link,DK1 0,urban central solid biomass CHP CC,2179.78169
capital,Link,DK1 0,urban decentral air heat pump,144104404.12285
capital,Link,DK1 0,urban decentral biomass boiler,115903953.03065
capital,Link,DK1 0,urban decentral gas boiler,75884846.34495
capital,Link,DK1 0,urban decentral resistive heater,5937094.33182
capital,Link,DK1 0,waste CHP,1651.66972
capital,Link,EE0 0,CO2 pipeline,4363.73161
capital,Link,EE0 0,Combined-Cycle Gas,22634248.82716
capital,Link,EE0 0,DC,45728772.79243
capital,Link,EE0 0,H2 Electrolysis,1613.12355
capital,Link,EE0 0,Haber-Bosch,9113.543
capital,Link,EE0 0,Open-Cycle Gas,1350.20463
capital,Link,EE0 0,SMR,70627.21905
capital,Link,EE0 0,Sabatier,788.93008
capital,Link,EE0 0,battery charger,3091.01588
capital,Link,EE0 0,biogas to gas,2550172.7181
capital,Link,EE0 0,biomass to liquid,232216685.88109
capital,Link,EE0 0,biomass-to-methanol,2356.92471
capital,Link,EE0 0,electricity distribution grid,81519755.26332
capital,Link,EE0 0,gas pipeline new,48686214.63169
capital,Link,EE0 0,heat100-200 industry electric boiler steam,323.04294
capital,Link,EE0 0,heat100-200 industry gas,390681.40599
capital,Link,EE0 0,heat100-200 industry industrial heat pump high temperature,657726.01532
capital,Link,EE0 0,heat100-200 industry solid biomass,3576.76364
capital,Link,EE0 0,heat200-500 industry gas,26075.21943
capital,Link,EE0 0,heat200-500 industry hydrogen,148.22519
capital,Link,EE0 0,heat200-500 industry solid biomass,1321.70586
capital,Link,EE0 0,heat<100 industry electric boiler steam,330.71545
capital,Link,EE0 0,heat<100 industry gas,379168.60685
capital,Link,EE0 0,heat<100 industry industrial heat pump medium temperature,26641.30887
capital,Link,EE0 0,heat<100 industry solid biomass,4198.23183
capital,Link,EE0 0,heat>500 industry gas,36073.17111
capital,Link,EE0 0,heat>500 industry hydrogen,135.56286
capital,Link,EE0 0,home battery charger,4628.21747
capital,Link,EE0 0,methanolisation,54972.30563
capital,Link,EE0 0,rural air heat pump,2818.99853
capital,Link,EE0 0,rural biomass boiler,116113701.34955
capital,Link,EE0 0,rural gas boiler,8170029.12065
capital,Link,EE0 0,rural ground heat pump,81582007.55769
capital,Link,EE0 0,rural resistive heater,1113138.92891
capital,Link,EE0 0,urban central air heat pump,2852.64585
capital,Link,EE0 0,urban central gas CHP,1993.92075
capital,Link,EE0 0,urban central gas boiler,12676367.4301
capital,Link,EE0 0,urban central resistive heater,1489641.16447
capital,Link,EE0 0,urban central solid biomass CHP,6016.65461
capital,Link,EE0 0,urban central solid biomass CHP CC,22089822.86324
capital,Link,EE0 0,urban decentral air heat pump,79927861.87926
capital,Link,EE0 0,urban decentral biomass boiler,120646504.9343
capital,Link,EE0 0,urban decentral gas boiler,8488967.68565
capital,Link,EE0 0,urban decentral resistive heater,3344077.53621
capital,Link,EE0 0,waste CHP,1714.30949
capital,Link,ES0 0,CO2 pipeline,9934.89869
capital,Link,ES0 0,Combined-Cycle Gas,1990312012.22045
capital,Link,ES0 0,DC,22990955.73546
capital,Link,ES0 0,EAF,4221.49366
capital,Link,ES0 0,H2 DRI,1751.19348
capital,Link,ES0 0,H2 Electrolysis,1780.59337
capital,Link,ES0 0,Haber-Bosch,361268253.80072
capital,Link,ES0 0,Open-Cycle Gas,1990.98339
capital,Link,ES0 0,SMR,230613320.1441
capital,Link,ES0 0,Sabatier,806.33595
capital,Link,ES0 0,battery charger,5215.28617
capital,Link,ES0 0,biogas to gas,53014263.50788
capital,Link,ES0 0,biomass to liquid,268347582.77177
capital,Link,ES0 0,biomass-to-methanol,2364.35163
capital,Link,ES0 0,electricity distribution grid,2150674809.13599
capital,Link,ES0 0,gas DRI,4034.44789
capital,Link,ES0 0,gas pipeline,16166939.51152
capital,Link,ES0 0,gas pipeline new,1986.12294
capital,Link,ES0 0,heat100-200 industry electric boiler steam,460.30806
capital,Link,ES0 0,heat100-200 industry gas,20414167.63484
capital,Link,ES0 0,heat100-200 industry industrial heat pump high temperature,399050297.00227
capital,Link,ES0 0,heat100-200 industry solid biomass,2713.51424
capital,Link,ES0 0,heat200-500 industry gas,2177587.43014
capital,Link,ES0 0,heat200-500 industry hydrogen,116.9773
capital,Link,ES0 0,heat200-500 industry solid biomass,1265.6404
capital,Link,ES0 0,heat<100 industry electric boiler steam,389.90433
capital,Link,ES0 0,heat<100 industry gas,6312796.74351
capital,Link,ES0 0,heat<100 industry industrial heat pump medium temperature,64625701.67247
capital,Link,ES0 0,heat<100 industry solid biomass,2446.02487
capital,Link,ES0 0,heat>500 industry gas,6127807.10168
capital,Link,ES0 0,heat>500 industry hydrogen,148.96906
capital,Link,ES0 0,home battery charger,6769.05123
capital,Link,ES0 0,methanolisation,44266.76454
capital,Link,ES0 0,rural air heat pump,7571.80115
capital,Link,ES0 0,rural biomass boiler,150348546.93644
capital,Link,ES0 0,rural gas boiler,343717956.87443
capital,Link,ES0 0,rural ground heat pump,556933036.10149
capital,Link,ES0 0,rural resistive heater,64678061.50629
capital,Link,ES0 0,urban central air heat pump,9151.04121
capital,Link,ES0 0,urban central gas CHP,2562.96206
capital,Link,ES0 0,urban central gas boiler,30588956.06172
capital,Link,ES0 0,urban central resistive heater,768470.36314
capital,Link,ES0 0,urban central solid biomass CHP,4699.02684
capital,Link,ES0 0,urban central solid biomass CHP CC,118243.7854
capital,Link,ES0 0,urban decentral air heat pump,170033199.61812
capital,Link,ES0 0,urban decentral biomass boiler,401748551.47694
capital,Link,ES0 0,urban decentral gas boiler,918453780.26362
capital,Link,ES0 0,urban decentral resistive heater,170540351.8408
capital,Link,ES0 0,waste CHP,2015.22438
capital,Link,ES6 0,Combined-Cycle Gas,972176801.49575
capital,Link,ES6 0,H2 Electrolysis,1668.87704
capital,Link,ES6 0,Haber-Bosch,6725492.79374
capital,Link,ES6 0,Open-Cycle Gas,1122.04864
capital,Link,ES6 0,SMR,4299998.30546
capital,Link,ES6 0,Sabatier,716.50321
capital,Link,ES6 0,battery charger,3171.93288
capital,Link,ES6 0,biogas to gas,417694.78506
capital,Link,ES6 0,biomass to liquid,1899.70173
capital,Link,ES6 0,biomass-to-methanol,2000.36346
capital,Link,ES6 0,electricity distribution grid,87125540.1413
capital,Link,ES6 0,gas pipeline,10706829.76057
capital,Link,ES6 0,gas pipeline new,6373795.76813
capital,Link,ES6 0,heat100-200 industry electric boiler steam,478.12905
capital,Link,ES6 0,heat100-200 industry gas,179864.23057
capital,Link,ES6 0,heat100-200 industry industrial heat pump high temperature,3513600.96799
capital,Link,ES6 0,heat100-200 industry solid biomass,543.06002
capital,Link,ES6 0,heat200-500 industry gas,17751.41088
capital,Link,ES6 0,heat200-500 industry hydrogen,149.81468
capital,Link,ES6 0,heat200-500 industry solid biomass,249.16604
capital,Link,ES6 0,heat<100 industry electric boiler steam,519.34568
capital,Link,ES6 0,heat<100 industry gas,62033.67333
capital,Link,ES6 0,heat<100 industry industrial heat pump medium temperature,1065881.96551
capital,Link,ES6 0,heat<100 industry solid biomass,589.73879
capital,Link,ES6 0,heat>500 industry gas,15165.02362
capital,Link,ES6 0,heat>500 industry hydrogen,149.54201
capital,Link,ES6 0,home battery charger,4853.9134
capital,Link,ES6 0,methanolisation,6069.37871
capital,Link,ES6 0,rural air heat pump,10282.52395
capital,Link,ES6 0,rural biomass boiler,2284593.40544
capital,Link,ES6 0,rural gas boiler,5222902.33998
capital,Link,ES6 0,rural ground heat pump,209829.73549
capital,Link,ES6 0,rural resistive heater,980340.2059
capital,Link,ES6 0,urban central air heat pump,3514.36214
capital,Link,ES6 0,urban central gas CHP,1316.34571
capital,Link,ES6 0,urban central gas boiler,1318615.52421
capital,Link,ES6 0,urban central resistive heater,28573.89436
capital,Link,ES6 0,urban central solid biomass CHP,1506.20801
capital,Link,ES6 0,urban central solid biomass CHP CC,2285.55706
capital,Link,ES6 0,urban decentral air heat pump,6071374.7717
capital,Link,ES6 0,urban decentral biomass boiler,16331849.79431
capital,Link,ES6 0,urban decentral gas boiler,37336909.18644
capital,Link,ES6 0,urban decentral resistive heater,6936735.9217
capital,Link,ES6 0,waste CHP,1493.62577
capital,Link,EU,BOF,15784698985.71967
capital,Link,EU,OCGT methanol,54321.35089
capital,Link,EU,ammonia cracker,61927.1526
capital,Link,EU,coal,20296277410.9743
capital,Link,EU,lignite,17957006047.00207
capital,Link,EU,nuclear,76509097852.66687
capital,Link,EU,oil,54279.51537
capital,Link,EU,rural oil boiler,1283100906.1847
capital,Link,EU,urban decentral oil boiler,2788316961.51102
capital,Link,FI1 0,CO2 pipeline,7267.11572
capital,Link,FI1 0,Combined-Cycle Gas,283933902.19068
capital,Link,FI1 0,DC,39460326.07501
capital,Link,FI1 0,EAF,3406.03744
capital,Link,FI1 0,H2 DRI,1657.73776
capital,Link,FI1 0,H2 Electrolysis,1591.95461
capital,Link,FI1 0,Haber-Bosch,9679.8686
capital,Link,FI1 0,Open-Cycle Gas,1192.53587
capital,Link,FI1 0,SMR,88336397.28126
capital,Link,FI1 0,Sabatier,806.7901
capital,Link,FI1 0,battery charger,3197.75527
capital,Link,FI1 0,biogas to gas,34428727.06089
capital,Link,FI1 0,biomass to liquid,409425817.10248
capital,Link,FI1 0,biomass-to-methanol,2355.4601
capital,Link,FI1 0,electricity distribution grid,677994668.67469
capital,Link,FI1 0,gas DRI,3175.07362
capital,Link,FI1 0,heat100-200 industry electric boiler steam,320.36209
capital,Link,FI1 0,heat100-200 industry gas,1643317.80435
capital,Link,FI1 0,heat100-200 industry industrial heat pump high temperature,32106536.43549
capital,Link,FI1 0,heat100-200 industry solid biomass,3413.22597
capital,Link,FI1 0,heat200-500 industry gas,317545.50233
capital,Link,FI1 0,heat200-500 industry hydrogen,119.05612
capital,Link,FI1 0,heat200-500 industry solid biomass,1532.87218
capital,Link,FI1 0,heat<100 industry electric boiler steam,368.42831
capital,Link,FI1 0,heat<100 industry gas,8594794.42616
capital,Link,FI1 0,heat<100 industry industrial heat pump medium temperature,10382964.25712
capital,Link,FI1 0,heat<100 industry solid biomass,4207.66343
capital,Link,FI1 0,heat>500 industry gas,302262.77557
capital,Link,FI1 0,heat>500 industry hydrogen,112.81683
capital,Link,FI1 0,home battery charger,4696.63458
capital,Link,FI1 0,methanolisation,75722378.72254
capital,Link,FI1 0,rural air heat pump,2351.24574
capital,Link,FI1 0,rural biomass boiler,177969373.67851
capital,Link,FI1 0,rural gas boiler,39140666.74415
capital,Link,FI1 0,rural ground heat pump,489134294.39517
capital,Link,FI1 0,rural resistive heater,20778268.89556
capital,Link,FI1 0,urban central air heat pump,2754.71769
capital,Link,FI1 0,urban central gas CHP,1790.36378
capital,Link,FI1 0,urban central gas boiler,94511802.9507
capital,Link,FI1 0,urban central resistive heater,1048.53228
capital,Link,FI1 0,urban central solid biomass CHP,57748.21532
capital,Link,FI1 0,urban central solid biomass CHP CC,179148178.23781
capital,Link,FI1 0,urban decentral air heat pump,728179129.75337
capital,Link,FI1 0,urban decentral biomass boiler,607077252.34148
capital,Link,FI1 0,urban decentral gas boiler,215840187.59887
capital,Link,FI1 0,urban decentral resistive heater,82030041.30866
capital,Link,FI1 0,waste CHP,1946.43371
capital,Link,FR0 0,CO2 pipeline,2102134.90455
capital,Link,FR0 0,Combined-Cycle Gas,373569476.55514
capital,Link,FR0 0,EAF,4067.62453
capital,Link,FR0 0,H2 DRI,1688.14435
capital,Link,FR0 0,H2 Electrolysis,1651.44285
capital,Link,FR0 0,Haber-Bosch,12098.97911
capital,Link,FR0 0,Open-Cycle Gas,2180.60597
capital,Link,FR0 0,SMR,89488736.22836
capital,Link,FR0 0,Sabatier,751.79223
capital,Link,FR0 0,battery charger,3236.3486
capital,Link,FR0 0,biogas to gas,60505702.73565
capital,Link,FR0 0,biomass to liquid,36014375.96928
capital,Link,FR0 0,biomass-to-methanol,2365.34133
capital,Link,FR0 0,electricity distribution grid,1808749649.28212
capital,Link,FR0 0,gas DRI,3918.51141
capital,Link,FR0 0,gas pipeline,68453861.2305
capital,Link,FR0 0,heat100-200 industry electric boiler steam,372.44387
capital,Link,FR0 0,heat100-200 industry gas,10311587.15296
capital,Link,FR0 0,heat100-200 industry industrial heat pump high temperature,83133.16397
capital,Link,FR0 0,heat100-200 industry solid biomass,2937.02602
capital,Link,FR0 0,heat200-500 industry gas,866971.68886
capital,Link,FR0 0,heat200-500 industry hydrogen,105.43349
capital,Link,FR0 0,heat200-500 industry solid biomass,1285.15301
capital,Link,FR0 0,heat<100 industry electric boiler steam,354.78082
capital,Link,FR0 0,heat<100 industry gas,7248293.08446
capital,Link,FR0 0,heat<100 industry industrial heat pump medium temperature,8574.39421
capital,Link,FR0 0,heat<100 industry solid biomass,2890.97664
capital,Link,FR0 0,heat>500 industry gas,2051192.21831
capital,Link,FR0 0,heat>500 industry hydrogen,122.42667
capital,Link,FR0 0,home battery charger,6817.03337
capital,Link,FR0 0,methanolisation,76708986.69488
capital,Link,FR0 0,rural air heat pump,6416.41401
capital,Link,FR0 0,rural biomass boiler,136134288.19701
capital,Link,FR0 0,rural gas boiler,167895791.40835
capital,Link,FR0 0,rural ground heat pump,599984040.82465
capital,Link,FR0 0,rural resistive heater,25213077.52718
capital,Link,FR0 0,urban central air heat pump,3688.15602
capital,Link,FR0 0,urban central gas CHP,3465.02342
capital,Link,FR0 0,urban central gas boiler,89661771.40995
capital,Link,FR0 0,urban central resistive heater,1831.66431
capital,Link,FR0 0,urban central solid biomass CHP,6904.79917
capital,Link,FR0 0,urban central solid biomass CHP CC,147859226.67565
capital,Link,FR0 0,urban decentral air heat pump,2449002792.88121
capital,Link,FR0 0,urban decentral biomass boiler,980162562.94722
capital,Link,FR0 0,urban decentral gas boiler,1208844380.01913
capital,Link,FR0 0,urban decentral resistive heater,188555752.58962
capital,Link,FR0 0,waste CHP,2068.95943
capital,Link,FR0 1,CO2 pipeline,21680.12394
capital,Link,FR0 1,Combined-Cycle Gas,245413609.76245
capital,Link,FR0 1,EAF,4059.08065
capital,Link,FR0 1,H2 DRI,1675.25884
capital,Link,FR0 1,H2 Electrolysis,1679.90889
capital,Link,FR0 1,Haber-Bosch,47829.39035
capital,Link,FR0 1,Open-Cycle Gas,1579.33215
capital,Link,FR0 1,SMR,25435988.70681
capital,Link,FR0 1,Sabatier,763.2889
capital,Link,FR0 1,battery charger,3188.43588
capital,Link,FR0 1,biogas to gas,20682199.02925
capital,Link,FR0 1,biomass to liquid,8676.21679
capital,Link,FR0 1,biomass-to-methanol,2313.72098
capital,Link,FR0 1,electricity distribution grid,1081255165.99611
capital,Link,FR0 1,gas DRI,3919.49719
capital,Link,FR0 1,gas pipeline,21926857.87791
capital,Link,FR0 1,heat100-200 industry electric boiler steam,374.23259
capital,Link,FR0 1,heat100-200 industry gas,6312784.64378
capital,Link,FR0 1,heat100-200 industry industrial heat pump high temperature,95974329.97804
capital,Link,FR0 1,heat100-200 industry solid biomass,1633.68532
capital,Link,FR0 1,heat200-500 industry gas,640525.87643
capital,Link,FR0 1,heat200-500 industry hydrogen,111.37376
capital,Link,FR0 1,heat200-500 industry solid biomass,803.51111
capital,Link,FR0 1,heat<100 industry electric boiler steam,370.68493
capital,Link,FR0 1,heat<100 industry gas,5196067.79012
capital,Link,FR0 1,heat<100 industry industrial heat pump medium temperature,227097.21547
capital,Link,FR0 1,heat<100 industry solid biomass,1899.38694
capital,Link,FR0 1,heat>500 industry gas,1940047.03084
capital,Link,FR0 1,heat>500 industry hydrogen,121.8433
capital,Link,FR0 1,home battery charger,5281.24258
capital,Link,FR0 1,methanolisation,21779110.11073
capital,Link,FR0 1,rural air heat pump,7138.25755
capital,Link,FR0 1,rural biomass boiler,112752538.95144
capital,Link,FR0 1,rural gas boiler,139058844.11102
capital,Link,FR0 1,rural ground heat pump,417293829.72763
capital,Link,FR0 1,rural resistive heater,21567319.22441
capital,Link,FR0 1,urban central air heat pump,37139.86073
capital,Link,FR0 1,urban central gas CHP,2540.39734
capital,Link,FR0 1,urban central gas boiler,41052026.85698
capital,Link,FR0 1,urban central resistive heater,2847324.46264
capital,Link,FR0 1,urban central solid biomass CHP,5293.82686
capital,Link,FR0 1,urban central solid biomass CHP CC,50864060.03534
capital,Link,FR0 1,urban decentral air heat pump,1233200238.74912
capital,Link,FR0 1,urban decentral biomass boiler,470247529.49717
capital,Link,FR0 1,urban decentral gas boiler,579961023.54824
capital,Link,FR0 1,urban decentral resistive heater,90236338.31981
capital,Link,FR0 1,waste CHP,2087.32384
capital,Link,FR0 2,CO2 pipeline,2352.26757
capital,Link,FR0 2,Combined-Cycle Gas,17206640.59788
capital,Link,FR0 2,DC,78516758.93583
capital,Link,FR0 2,H2 Electrolysis,1654.47421
capital,Link,FR0 2,Haber-Bosch,11104.31399
capital,Link,FR0 2,Open-Cycle Gas,4375.00678
capital,Link,FR0 2,SMR,18144654.44287
capital,Link,FR0 2,Sabatier,787.10079
capital,Link,FR0 2,battery charger,3437.16706
capital,Link,FR0 2,biogas to gas,35795830.8242
capital,Link,FR0 2,biomass to liquid,289882706.70237
capital,Link,FR0 2,biomass-to-methanol,2363.76016
capital,Link,FR0 2,electricity distribution grid,897900805.97828
capital,Link,FR0 2,gas pipeline,64004471.04187
capital,Link,FR0 2,heat100-200 industry electric boiler steam,326.35865
capital,Link,FR0 2,heat100-200 industry gas,3800372.7676
capital,Link,FR0 2,heat100-200 industry industrial heat pump high temperature,19247.52961
capital,Link,FR0 2,heat100-200 industry solid biomass,3266.82467
capital,Link,FR0 2,heat200-500 industry gas,321763.02989
capital,Link,FR0 2,heat200-500 industry hydrogen,107.42203
capital,Link,FR0 2,heat200-500 industry solid biomass,1159.61093
capital,Link,FR0 2,heat<100 industry electric boiler steam,314.2283
capital,Link,FR0 2,heat<100 industry gas,2400888.65099
capital,Link,FR0 2,heat<100 industry industrial heat pump medium temperature,5711.81016
capital,Link,FR0 2,heat<100 industry solid biomass,3205.3744
capital,Link,FR0 2,heat>500 industry gas,843279.78812
capital,Link,FR0 2,heat>500 industry hydrogen,115.98172
capital,Link,FR0 2,home battery charger,13754.04544
capital,Link,FR0 2,methanolisation,15548426.40393
capital,Link,FR0 2,rural air heat pump,6270.54036
capital,Link,FR0 2,rural biomass boiler,327709430.24644
capital,Link,FR0 2,rural gas boiler,404167347.34442
capital,Link,FR0 2,rural ground heat pump,259595452.29495
capital,Link,FR0 2,rural resistive heater,65959834.53859
capital,Link,FR0 2,urban central air heat pump,5488.49091
capital,Link,FR0 2,urban central gas CHP,6472.94914
capital,Link,FR0 2,urban central gas boiler,23229736.49467
capital,Link,FR0 2,urban central resistive heater,2910.03776
capital,Link,FR0 2,urban central solid biomass CHP,11598.97906
capital,Link,FR0 2,urban central solid biomass CHP CC,36762257.92388
capital,Link,FR0 2,urban decentral air heat pump,868923967.35258
capital,Link,FR0 2,urban decentral biomass boiler,217137873.43189
capital,Link,FR0 2,urban decentral gas boiler,267798330.51181
capital,Link,FR0 2,urban decentral resistive heater,40479571.54705
capital,Link,FR0 2,waste CHP,2042.71313
capital,Link,FR0 3,CO2 pipeline,4920.6299
capital,Link,FR0 3,Combined-Cycle Gas,169652026.58893
capital,Link,FR0 3,DC,49492073.28417
capital,Link,FR0 3,H2 Electrolysis,1632.43147
capital,Link,FR0 3,Haber-Bosch,13139.03703
capital,Link,FR0 3,Open-Cycle Gas,2892.55092
capital,Link,FR0 3,SMR,28846938.59481
capital,Link,FR0 3,Sabatier,767.40234
capital,Link,FR0 3,battery charger,3279.70647
capital,Link,FR0 3,biogas to gas,34258863.93689
capital,Link,FR0 3,biomass to liquid,90279395.3232
capital,Link,FR0 3,biomass-to-methanol,2365.70654
capital,Link,FR0 3,electricity distribution grid,778203758.63615
capital,Link,FR0 3,gas pipeline,21884890.96173
capital,Link,FR0 3,heat100-200 industry electric boiler steam,329.4953
capital,Link,FR0 3,heat100-200 industry gas,3694200.107
capital,Link,FR0 3,heat100-200 industry industrial heat pump high temperature,11653.77695
capital,Link,FR0 3,heat100-200 industry solid biomass,2871.27513
capital,Link,FR0 3,heat200-500 industry gas,290313.29919
capital,Link,FR0 3,heat200-500 industry hydrogen,117.98177
capital,Link,FR0 3,heat200-500 industry solid biomass,1060.73305
capital,Link,FR0 3,heat<100 industry electric boiler steam,320.71975
capital,Link,FR0 3,heat<100 industry gas,2727656.64014
capital,Link,FR0 3,heat<100 industry industrial heat pump medium temperature,5362.22935
capital,Link,FR0 3,heat<100 industry solid biomass,2886.6925
capital,Link,FR0 3,heat>500 industry gas,753110.83922
capital,Link,FR0 3,heat>500 industry hydrogen,115.63142
capital,Link,FR0 3,home battery charger,8204.08176
capital,Link,FR0 3,methanolisation,24722032.06792
capital,Link,FR0 3,rural air heat pump,7002.19583
capital,Link,FR0 3,rural biomass boiler,108854511.3977
capital,Link,FR0 3,rural gas boiler,134251367.39274
capital,Link,FR0 3,rural ground heat pump,361852672.39977
capital,Link,FR0 3,rural resistive heater,20897098.93366
capital,Link,FR0 3,urban central air heat pump,4325.43901
capital,Link,FR0 3,urban central gas CHP,4786.65243
capital,Link,FR0 3,urban central gas boiler,38576909.12735
capital,Link,FR0 3,urban central resistive heater,2559.84074
capital,Link,FR0 3,urban central solid biomass CHP,7128.90438
capital,Link,FR0 3,urban central solid biomass CHP CC,58442828.85283
capital,Link,FR0 3,urban decentral air heat pump,1099350236.79871
capital,Link,FR0 3,urban decentral biomass boiler,415638409.3504
capital,Link,FR0 3,urban decentral gas boiler,512611044.59299
capital,Link,FR0 3,urban decentral resistive heater,79156914.54936
capital,Link,FR0 3,waste CHP,2015.65798
capital,Link,FR0 4,CO2 pipeline,3772.81609
capital,Link,FR0 4,Combined-Cycle Gas,128156012.72321
capital,Link,FR0 4,H2 Electrolysis,1681.14049
capital,Link,FR0 4,Haber-Bosch,6051.30289
capital,Link,FR0 4,Open-Cycle Gas,1687.7803
capital,Link,FR0 4,SMR,28109.50486
capital,Link,FR0 4,Sabatier,768.97801
capital,Link,FR0 4,battery charger,3145.30766
capital,Link,FR0 4,biogas to gas,26893269.61055
capital,Link,FR0 4,biomass to liquid,148884186.35221
capital,Link,FR0 4,biomass-to-methanol,2366.06133
capital,Link,FR0 4,electricity distribution grid,648009242.90287
capital,Link,FR0 4,gas pipeline,93289786.40961
capital,Link,FR0 4,heat100-200 industry electric boiler steam,344.24743
capital,Link,FR0 4,heat100-200 industry gas,4979537.48667
capital,Link,FR0 4,heat100-200 industry industrial heat pump high temperature,97335678.27859
capital,Link,FR0 4,heat100-200 industry solid biomass,2926.65116
capital,Link,FR0 4,heat200-500 industry gas,390905.46394
capital,Link,FR0 4,heat200-500 industry hydrogen,106.61297
capital,Link,FR0 4,heat200-500 industry solid biomass,2104.37332
capital,Link,FR0 4,heat<100 industry electric boiler steam,341.14415
capital,Link,FR0 4,heat<100 industry gas,3348635.13009
capital,Link,FR0 4,heat<100 industry industrial heat pump medium temperature,57640529.20306
capital,Link,FR0 4,heat<100 industry solid biomass,3659.55895
capital,Link,FR0 4,heat>500 industry gas,1407394.58919
capital,Link,FR0 4,heat>500 industry hydrogen,116.37436
capital,Link,FR0 4,home battery charger,6065.21682
capital,Link,FR0 4,methanolisation,20646.94113
capital,Link,FR0 4,rural air heat pump,5283.1091
capital,Link,FR0 4,rural biomass boiler,171871655.89474
capital,Link,FR0 4,rural gas boiler,211971047.62725
capital,Link,FR0 4,rural ground heat pump,130126934.49256
capital,Link,FR0 4,rural resistive heater,34403742.31786
capital,Link,FR0 4,urban central air heat pump,13277.00755
capital,Link,FR0 4,urban central gas CHP,2482.97543
capital,Link,FR0 4,urban central gas boiler,17726236.17807
capital,Link,FR0 4,urban central resistive heater,64882.03528
capital,Link,FR0 4,urban central solid biomass CHP,101061.26587
capital,Link,FR0 4,urban central solid biomass CHP CC,33848073.57979
capital,Link,FR0 4,urban decentral air heat pump,619542671.31342
capital,Link,FR0 4,urban decentral biomass boiler,177380645.52345
capital,Link,FR0 4,urban decentral gas boiler,218765340.12934
capital,Link,FR0 4,urban decentral resistive heater,33657856.80889
capital,Link,FR0 4,waste CHP,2011.68282
capital,Link,FR5 0,CO2 pipeline,6048.76431
capital,Link,FR5 0,Combined-Cycle Gas,24206052.52534
capital,Link,FR5 0,DC,11220855.84172
capital,Link,FR5 0,H2 Electrolysis,1568.3175
capital,Link,FR5 0,Haber-Bosch,3037.04362
capital,Link,FR5 0,Open-Cycle Gas,1530.831
capital,Link,FR5 0,SMR,9177.97819
capital,Link,FR5 0,Sabatier,720.34442
capital,Link,FR5 0,battery charger,3621.71126
capital,Link,FR5 0,biogas to gas,422019.49047
capital,Link,FR5 0,biomass to liquid,335392.91448
capital,Link,FR5 0,biomass-to-methanol,2327.04383
capital,Link,FR5 0,electricity distribution grid,48896655.19857
capital,Link,FR5 0,gas pipeline new,5539024.91422
capital,Link,FR5 0,heat100-200 industry electric boiler steam,391.2148
capital,Link,FR5 0,heat100-200 industry gas,55840.259
capital,Link,FR5 0,heat100-200 industry industrial heat pump high temperature,1080332.57585
capital,Link,FR5 0,heat100-200 industry solid biomass,5011.91625
capital,Link,FR5 0,heat200-500 industry gas,7123.8217
capital,Link,FR5 0,heat200-500 industry hydrogen,151.41492
capital,Link,FR5 0,heat200-500 industry solid biomass,2599.16899
capital,Link,FR5 0,heat<100 industry electric boiler steam,380.01398
capital,Link,FR5 0,heat<100 industry gas,43419.66087
capital,Link,FR5 0,heat<100 industry industrial heat pump medium temperature,728887.10359
capital,Link,FR5 0,heat<100 industry solid biomass,6383.95448
capital,Link,FR5 0,heat>500 industry gas,2309.14756
capital,Link,FR5 0,heat>500 industry hydrogen,193.00602
capital,Link,FR5 0,home battery charger,21725.18248
capital,Link,FR5 0,methanolisation,5338.71367
capital,Link,FR5 0,rural air heat pump,7456.99427
capital,Link,FR5 0,rural biomass boiler,19552049.29846
capital,Link,FR5 0,rural gas boiler,24113739.70582
capital,Link,FR5 0,rural ground heat pump,5369587.99219
capital,Link,FR5 0,rural resistive heater,3995274.93871
capital,Link,FR5 0,urban decentral air heat pump,1494.09421
capital,Link,FR5 0,urban decentral biomass boiler,1369.7788
capital,Link,FR5 0,urban decentral gas boiler,1317.98595
capital,Link,FR5 0,urban decentral resistive heater,1064.01082
capital,Link,FR5 0,waste CHP,1388.40876
capital,Link,GB2 0,CO2 pipeline,8446.8617
capital,Link,GB2 0,Combined-Cycle Gas,521404749.93895
capital,Link,GB2 0,DC,21181658.5042
capital,Link,GB2 0,H2 Electrolysis,1703.31343
capital,Link,GB2 0,Haber-Bosch,499226798.28992
capital,Link,GB2 0,Open-Cycle Gas,1311.49738
capital,Link,GB2 0,SMR,318754628.98064
capital,Link,GB2 0,Sabatier,797.37253
capital,Link,GB2 0,battery charger,3271.59792
capital,Link,GB2 0,biogas to gas,183757155.38659
capital,Link,GB2 0,biomass to liquid,191911653.84147
capital,Link,GB2 0,biomass-to-methanol,2376.10759
capital,Link,GB2 0,electricity distribution grid,813961714.34071
capital,Link,GB2 0,gas pipeline,71839559.09284
capital,Link,GB2 0,gas pipeline new,6916151.62727
capital,Link,GB2 0,heat100-200 industry electric boiler steam,413.0061
capital,Link,GB2 0,heat100-200 industry gas,9196323.12867
capital,Link,GB2 0,heat100-200 industry industrial heat pump high temperature,179763693.74542
capital,Link,GB2 0,heat100-200 industry solid biomass,2154.34291
capital,Link,GB2 0,heat200-500 industry gas,902633.47114
capital,Link,GB2 0,heat200-500 industry hydrogen,117.98291
capital,Link,GB2 0,heat200-500 industry solid biomass,1038.79191
capital,Link,GB2 0,heat<100 industry electric boiler steam,405.65617
capital,Link,GB2 0,heat<100 industry gas,6560831.57616
capital,Link,GB2 0,heat<100 industry industrial heat pump medium temperature,112883101.4944
capital,Link,GB2 0,heat<100 industry solid biomass,2322.03863
capital,Link,GB2 0,heat>500 industry gas,1566764.35444
capital,Link,GB2 0,heat>500 industry hydrogen,119.48839
capital,Link,GB2 0,home battery charger,4241.75503
capital,Link,GB2 0,methanolisation,126906.54724
capital,Link,GB2 0,rural air heat pump,6301.67212
capital,Link,GB2 0,rural biomass boiler,14835335.98386
capital,Link,GB2 0,rural gas boiler,647217887.81018
capital,Link,GB2 0,rural ground heat pump,24488305.8153
capital,Link,GB2 0,rural resistive heater,5987339.50917
capital,Link,GB2 0,urban central air heat pump,5384.15219
capital,Link,GB2 0,urban central gas CHP,1888.53761
capital,Link,GB2 0,urban central gas boiler,23540523.9226
capital,Link,GB2 0,urban central resistive heater,5565230.28455
capital,Link,GB2 0,urban central solid biomass CHP,4354.50558
capital,Link,GB2 0,urban central solid biomass CHP CC,310708.11151
capital,Link,GB2 0,urban decentral air heat pump,52148316.47979
capital,Link,GB2 0,urban decentral biomass boiler,43286723.60598
capital,Link,GB2 0,urban decentral gas boiler,1888460217.75071
capital,Link,GB2 0,urban decentral resistive heater,17482040.59731
capital,Link,GB2 0,waste CHP,1988.94556
capital,Link,GB2 1,CO2 pipeline,2165.08742
capital,Link,GB2 1,Combined-Cycle Gas,2700240809.75705
capital,Link,GB2 1,DC,336043079.24158
capital,Link,GB2 1,EAF,4112.11934
capital,Link,GB2 1,H2 DRI,1656.28084
capital,Link,GB2 1,H2 Electrolysis,1692.90554
capital,Link,GB2 1,Haber-Bosch,104843153.76922
capital,Link,GB2 1,Open-Cycle Gas,1322.79677
capital,Link,GB2 1,SMR,197238343.2795
capital,Link,GB2 1,Sabatier,817.029
capital,Link,GB2 1,battery charger,3255.08005
capital,Link,GB2 1,biogas to gas,298094868.73496
capital,Link,GB2 1,biomass to liquid,72505795.6463
capital,Link,GB2 1,biomass-to-methanol,2377.28103
capital,Link,GB2 1,electricity distribution grid,1491636161.18781
capital,Link,GB2 1,gas DRI,4001.0925
capital,Link,GB2 1,gas pipeline,83822228.1183
capital,Link,GB2 1,heat100-200 industry electric boiler steam,420.65375
capital,Link,GB2 1,heat100-200 industry gas,10709420.8452
capital,Link,GB2 1,heat100-200 industry industrial heat pump high temperature,209340246.84541
capital,Link,GB2 1,heat100-200 industry solid biomass,2134.45049
capital,Link,GB2 1,heat200-500 industry gas,1202505.07775
capital,Link,GB2 1,heat200-500 industry hydrogen,120.54012
capital,Link,GB2 1,heat200-500 industry solid biomass,992.97523
capital,Link,GB2 1,heat<100 industry electric boiler steam,417.09471
capital,Link,GB2 1,heat<100 industry gas,7794851.19553
capital,Link,GB2 1,heat<100 industry industrial heat pump medium temperature,11750142.47139
capital,Link,GB2 1,heat<100 industry solid biomass,2255.24951
capital,Link,GB2 1,heat>500 industry gas,740521.27964
capital,Link,GB2 1,heat>500 industry hydrogen,116.24091
capital,Link,GB2 1,home battery charger,4232.71943
capital,Link,GB2 1,methanolisation,111725688.73552
capital,Link,GB2 1,rural air heat pump,4690.1633
capital,Link,GB2 1,rural biomass boiler,15075217.47212
capital,Link,GB2 1,rural gas boiler,657683143.89383
capital,Link,GB2 1,rural ground heat pump,57039046.53755
capital,Link,GB2 1,rural resistive heater,6076646.99319
capital,Link,GB2 1,urban central air heat pump,6907.88204
capital,Link,GB2 1,urban central gas CHP,1932.0165
capital,Link,GB2 1,urban central gas boiler,72486341.78243
capital,Link,GB2 1,urban central resistive heater,14427416.25845
capital,Link,GB2 1,urban central solid biomass CHP,4503.51447
capital,Link,GB2 1,urban central solid biomass CHP CC,264284462.0478
capital,Link,GB2 1,urban decentral air heat pump,124219693.57596
capital,Link,GB2 1,urban decentral biomass boiler,119606481.90485
capital,Link,GB2 1,urban decentral gas boiler,5218045258.36705
capital,Link,GB2 1,urban decentral resistive heater,48319875.425
capital,Link,GB2 1,waste CHP,2007.21887
capital,Link,GB3 0,CO2 pipeline,2568.85427
capital,Link,GB3 0,Combined-Cycle Gas,366810736.02296
capital,Link,GB3 0,DC,16041627.32214
capital,Link,GB3 0,H2 Electrolysis,1713.85528
capital,Link,GB3 0,Haber-Bosch,49286.6333
capital,Link,GB3 0,Open-Cycle Gas,1191.32251
capital,Link,GB3 0,SMR,3456428.92953
capital,Link,GB3 0,Sabatier,798.25922
capital,Link,GB3 0,battery charger,3126.30243
capital,Link,GB3 0,biogas to gas,22112515.9558
capital,Link,GB3 0,biomass to liquid,22054628.93523
capital,Link,GB3 0,biomass-to-methanol,2361.64958
capital,Link,GB3 0,electricity distribution grid,86366174.76461
capital,Link,GB3 0,gas pipeline,6485038.20645
capital,Link,GB3 0,gas pipeline new,3513196.23283
capital,Link,GB3 0,heat100-200 industry electric boiler steam,320.57
capital,Link,GB3 0,heat100-200 industry gas,471290.27478
capital,Link,GB3 0,heat100-200 industry industrial heat pump high temperature,9204683.36292
capital,Link,GB3 0,heat100-200 industry solid biomass,2505.88805
capital,Link,GB3 0,heat200-500 industry gas,55422.58152
capital,Link,GB3 0,heat200-500 industry hydrogen,150.42537
capital,Link,GB3 0,heat200-500 industry solid biomass,1483.58854
capital,Link,GB3 0,heat<100 industry electric boiler steam,333.66536
capital,Link,GB3 0,heat<100 industry gas,353475.90762
capital,Link,GB3 0,heat<100 industry industrial heat pump medium temperature,6072050.77836
capital,Link,GB3 0,heat<100 industry solid biomass,2803.24133
capital,Link,GB3 0,heat>500 industry gas,52804.25346
capital,Link,GB3 0,heat>500 industry hydrogen,129.11428
capital,Link,GB3 0,home battery charger,4459.96612
capital,Link,GB3 0,methanolisation,2935685.59948
capital,Link,GB3 0,rural air heat pump,6309.04282
capital,Link,GB3 0,rural biomass boiler,3526067.39012
capital,Link,GB3 0,rural gas boiler,153830954.08085
capital,Link,GB3 0,rural ground heat pump,2020660.31603
capital,Link,GB3 0,rural resistive heater,1691333.68831
capital,Link,GB3 0,urban central air heat pump,5750.64531
capital,Link,GB3 0,urban central gas CHP,1754.00098
capital,Link,GB3 0,urban central gas boiler,918731.23383
capital,Link,GB3 0,urban central resistive heater,279440.54843
capital,Link,GB3 0,urban central solid biomass CHP,4691.44985
capital,Link,GB3 0,urban central solid biomass CHP CC,6921292.4826
capital,Link,GB3 0,urban decentral air heat pump,4196182.25049
capital,Link,GB3 0,urban decentral biomass boiler,1620567.17355
capital,Link,GB3 0,urban decentral gas boiler,70700121.94257
capital,Link,GB3 0,urban decentral resistive heater,1042538.9067
capital,Link,GB3 0,waste CHP,1627.17536
capital,Link,GR0 0,CO2 pipeline,24108.58359
capital,Link,GR0 0,Combined-Cycle Gas,812212376.57236
capital,Link,GR0 0,H2 Electrolysis,1724.74677
capital,Link,GR0 0,Haber-Bosch,92923839.62742
capital,Link,GR0 0,Open-Cycle Gas,1251.68766
capital,Link,GR0 0,SMR,59488335.05431
capital,Link,GR0 0,Sabatier,785.09252
capital,Link,GR0 0,battery charger,3321.27624
capital,Link,GR0 0,biogas to gas,22948294.02153
capital,Link,GR0 0,biomass to liquid,1833.98934
capital,Link,GR0 0,biomass-to-methanol,1977.82516
capital,Link,GR0 0,electricity distribution grid,424678484.69894
capital,Link,GR0 0,gas pipeline new,12394.73196
capital,Link,GR0 0,heat100-200 industry electric boiler steam,370.68541
capital,Link,GR0 0,heat100-200 industry gas,1296052.52655
capital,Link,GR0 0,heat100-200 industry industrial heat pump high temperature,25330208.93644
capital,Link,GR0 0,heat100-200 industry solid biomass,501.07416
capital,Link,GR0 0,heat200-500 industry gas,126799.61773
capital,Link,GR0 0,heat200-500 industry hydrogen,126.84662
capital,Link,GR0 0,heat200-500 industry solid biomass,196.2928
capital,Link,GR0 0,heat<100 industry electric boiler steam,1016.86356
capital,Link,GR0 0,heat<100 industry gas,626323.84451
capital,Link,GR0 0,heat<100 industry industrial heat pump medium temperature,10763725.58802
capital,Link,GR0 0,heat<100 industry solid biomass,568.43002
capital,Link,GR0 0,heat>500 industry gas,753113.70802
capital,Link,GR0 0,heat>500 industry hydrogen,113.47889
capital,Link,GR0 0,home battery charger,4762.88983
capital,Link,GR0 0,methanolisation,157849.39792
capital,Link,GR0 0,rural air heat pump,5068.38269
capital,Link,GR0 0,rural biomass boiler,110693083.23505
capital,Link,GR0 0,rural gas boiler,24154654.19048
capital,Link,GR0 0,rural ground heat pump,9055.8389
capital,Link,GR0 0,rural resistive heater,7936067.46307
capital,Link,GR0 0,urban central air heat pump,4525.19461
capital,Link,GR0 0,urban central gas CHP,1829.24904
capital,Link,GR0 0,urban central gas boiler,14963536.866
capital,Link,GR0 0,urban central resistive heater,904265.3712
capital,Link,GR0 0,urban central solid biomass CHP,1616.80382
capital,Link,GR0 0,urban central solid biomass CHP CC,2262.11356
capital,Link,GR0 0,urban decentral air heat pump,3020.5249
capital,Link,GR0 0,urban decentral biomass boiler,366606159.38552
capital,Link,GR0 0,urban decentral gas boiler,79998178.2534
capital,Link,GR0 0,urban decentral resistive heater,26283531.05556
capital,Link,GR0 0,waste CHP,1911.60441
capital,Link,HR0 0,CO2 pipeline,7935.09414
capital,Link,HR0 0,Combined-Cycle Gas,81294703.96876
capital,Link,HR0 0,H2 Electrolysis,1618.59697
capital,Link,HR0 0,Haber-Bosch,6144.48791
capital,Link,HR0 0,Open-Cycle Gas,1402.51102
capital,Link,HR0 0,SMR,7094625.20429
capital,Link,HR0 0,Sabatier,729.02774
capital,Link,HR0 0,battery charger,3117.89366
capital,Link,HR0 0,biogas to gas,15094854.14034
capital,Link,HR0 0,biomass to liquid,154760772.88587
capital,Link,HR0 0,biomass-to-methanol,2366.36302
capital,Link,HR0 0,electricity distribution grid,128977938.06756
capital,Link,HR0 0,gas pipeline,3320220.82253
capital,Link,HR0 0,gas pipeline new,2585.52892
capital,Link,HR0 0,heat100-200 industry electric boiler steam,297.80236
capital,Link,HR0 0,heat100-200 industry gas,837166.837
capital,Link,HR0 0,heat100-200 industry industrial heat pump high temperature,1422252.52005
capital,Link,HR0 0,heat100-200 industry solid biomass,3789.06086
capital,Link,HR0 0,heat200-500 industry gas,72197.02458
capital,Link,HR0 0,heat200-500 industry hydrogen,126.73656
capital,Link,HR0 0,heat200-500 industry solid biomass,1541.57603
capital,Link,HR0 0,heat<100 industry electric boiler steam,308.67136
capital,Link,HR0 0,heat<100 industry gas,979732.84639
capital,Link,HR0 0,heat<100 industry industrial heat pump medium temperature,18906.90592
capital,Link,HR0 0,heat<100 industry solid biomass,4492.86371
capital,Link,HR0 0,heat>500 industry gas,222579.63869
capital,Link,HR0 0,heat>500 industry hydrogen,114.84028
capital,Link,HR0 0,home battery charger,3268.61887
capital,Link,HR0 0,methanolisation,6078279.58724
capital,Link,HR0 0,rural air heat pump,4341.45261
capital,Link,HR0 0,rural biomass boiler,104363212.03885
capital,Link,HR0 0,rural gas boiler,195679247.3154
capital,Link,HR0 0,rural ground heat pump,10526.62159
capital,Link,HR0 0,rural resistive heater,3920655.12172
capital,Link,HR0 0,urban central air heat pump,7529.56424
capital,Link,HR0 0,urban central gas CHP,2564.14503
capital,Link,HR0 0,urban central gas boiler,8313043.34249
capital,Link,HR0 0,urban central resistive heater,14640.20974
capital,Link,HR0 0,urban central solid biomass CHP,44162.42153
capital,Link,HR0 0,urban central solid biomass CHP CC,14432653.40104
capital,Link,HR0 0,urban decentral air heat pump,3324.31765
capital,Link,HR0 0,urban decentral biomass boiler,106759292.28643
capital,Link,HR0 0,urban decentral gas boiler,200171857.0214
capital,Link,HR0 0,urban decentral resistive heater,4010666.03204
capital,Link,HR0 0,waste CHP,1859.81441
capital,Link,HU0 0,CO2 pipeline,11985.91089
capital,Link,HU0 0,Combined-Cycle Gas,217613314.34434
capital,Link,HU0 0,EAF,3327.43209
capital,Link,HU0 0,H2 DRI,1571.95965
capital,Link,HU0 0,H2 Electrolysis,1598.47441
capital,Link,HU0 0,Haber-Bosch,9962.98692
capital,Link,HU0 0,Open-Cycle Gas,1507.07668
capital,Link,HU0 0,SMR,26942003.2295
capital,Link,HU0 0,Sabatier,767.26291
capital,Link,HU0 0,battery charger,3167.36681
capital,Link,HU0 0,biogas to gas,16600465.89563
capital,Link,HU0 0,biomass to liquid,143012781.3255
capital,Link,HU0 0,biomass-to-methanol,2363.08582
capital,Link,HU0 0,electricity distribution grid,268647478.10755
capital,Link,HU0 0,gas DRI,3169.21582
capital,Link,HU0 0,gas pipeline,6009224.82986
capital,Link,HU0 0,gas pipeline new,2007.92504
capital,Link,HU0 0,heat100-200 industry electric boiler steam,325.00741
capital,Link,HU0 0,heat100-200 industry gas,5434725.64228
capital,Link,HU0 0,heat100-200 industry industrial heat pump high temperature,7910.6148
capital,Link,HU0 0,heat100-200 industry solid biomass,2860.56028
capital,Link,HU0 0,heat200-500 industry gas,464359.65099
capital,Link,HU0 0,heat200-500 industry hydrogen,116.00211
capital,Link,HU0 0,heat200-500 industry solid biomass,1120.56029
capital,Link,HU0 0,heat<100 industry electric boiler steam,315.15507
capital,Link,HU0 0,heat<100 industry gas,3794577.91518
capital,Link,HU0 0,heat<100 industry industrial heat pump medium temperature,4397.62744
capital,Link,HU0 0,heat<100 industry solid biomass,2916.42061
capital,Link,HU0 0,heat>500 industry gas,1386428.8939
capital,Link,HU0 0,heat>500 industry hydrogen,117.31544
capital,Link,HU0 0,home battery charger,3258.25945
capital,Link,HU0 0,methanolisation,23090717.22365
capital,Link,HU0 0,rural air heat pump,3408.73839
capital,Link,HU0 0,rural biomass boiler,159349444.26831
capital,Link,HU0 0,rural gas boiler,553108224.86125
capital,Link,HU0 0,rural ground heat pump,18623380.5248
capital,Link,HU0 0,rural resistive heater,214670.30285
capital,Link,HU0 0,urban central air heat pump,2814.19187
capital,Link,HU0 0,urban central gas CHP,3246.88767
capital,Link,HU0 0,urban central gas boiler,27355849.41624
capital,Link,HU0 0,urban central resistive heater,8119.81239
capital,Link,HU0 0,urban central solid biomass CHP,6760.86961
capital,Link,HU0 0,urban central solid biomass CHP CC,54472316.24918
capital,Link,HU0 0,urban decentral air heat pump,7611142.33742
capital,Link,HU0 0,urban decentral biomass boiler,275423890.40437
capital,Link,HU0 0,urban decentral gas boiler,956007219.26227
capital,Link,HU0 0,urban decentral resistive heater,415766.09938
capital,Link,HU0 0,waste CHP,1990.71712
capital,Link,IE3 0,Combined-Cycle Gas,459914815.09239
capital,Link,IE3 0,H2 Electrolysis,1750.11851
capital,Link,IE3 0,Haber-Bosch,25586.60118
capital,Link,IE3 0,Open-Cycle Gas,1215.4618
capital,Link,IE3 0,SMR,16448174.70115
capital,Link,IE3 0,Sabatier,762.91574
capital,Link,IE3 0,battery charger,3271.37787
capital,Link,IE3 0,biogas to gas,9299550.60544
capital,Link,IE3 0,biomass to liquid,5303054.65014
capital,Link,IE3 0,biomass-to-methanol,2368.69665
capital,Link,IE3 0,electricity distribution grid,169953203.89413
capital,Link,IE3 0,heat100-200 industry electric boiler steam,351.82945
capital,Link,IE3 0,heat100-200 industry gas,1643303.64653
capital,Link,IE3 0,heat100-200 industry industrial heat pump high temperature,32117484.21576
capital,Link,IE3 0,heat100-200 industry solid biomass,2469.26729
capital,Link,IE3 0,heat200-500 industry gas,151749.22503
capital,Link,IE3 0,heat200-500 industry hydrogen,113.52547
capital,Link,IE3 0,heat200-500 industry solid biomass,3763.01541
capital,Link,IE3 0,heat<100 industry electric boiler steam,350.49961
capital,Link,IE3 0,heat<100 industry gas,1252632.26632
capital,Link,IE3 0,heat<100 industry industrial heat pump medium temperature,21556876.69102
capital,Link,IE3 0,heat<100 industry solid biomass,2803.51407
capital,Link,IE3 0,heat>500 industry gas,1076067.30987
capital,Link,IE3 0,heat>500 industry hydrogen,113.47447
capital,Link,IE3 0,home battery charger,3414.01412
capital,Link,IE3 0,methanolisation,14086241.7876
capital,Link,IE3 0,rural air heat pump,5370.21822
capital,Link,IE3 0,rural biomass boiler,8222437.621
capital,Link,IE3 0,rural gas boiler,149027671.76373
capital,Link,IE3 0,rural ground heat pump,19742484.40695
capital,Link,IE3 0,rural resistive heater,3898349.10804
capital,Link,IE3 0,urban central air heat pump,9891.84291
capital,Link,IE3 0,urban central gas CHP,1845.40392
capital,Link,IE3 0,urban central gas boiler,6972989.83435
capital,Link,IE3 0,urban central resistive heater,184235.25967
capital,Link,IE3 0,urban central solid biomass CHP,6041.71648
capital,Link,IE3 0,urban central solid biomass CHP CC,33393690.83622
capital,Link,IE3 0,urban decentral air heat pump,10841202.83335
capital,Link,IE3 0,urban decentral biomass boiler,13012809.96487
capital,Link,IE3 0,urban decentral gas boiler,235850834.212
capital,Link,IE3 0,urban decentral resistive heater,6181321.04203
capital,Link,IE3 0,waste CHP,1854.73269
capital,Link,IT0 0,CO2 pipeline,10795.8688
capital,Link,IT0 0,Combined-Cycle Gas,1887434652.27219
capital,Link,IT0 0,DC,90865988.72062
capital,Link,IT0 0,EAF,4273.52381
capital,Link,IT0 0,H2 DRI,1738.6403
capital,Link,IT0 0,H2 Electrolysis,1710.81257
capital,Link,IT0 0,Haber-Bosch,66828.77819
capital,Link,IT0 0,Open-Cycle Gas,1343.6179
capital,Link,IT0 0,SMR,57407.47296
capital,Link,IT0 0,Sabatier,773.29553
capital,Link,IT0 0,battery charger,3334.60615
capital,Link,IT0 0,biogas to gas,122068954.48827
capital,Link,IT0 0,biomass to liquid,1691.73236
capital,Link,IT0 0,biomass-to-methanol,1925.65445
capital,Link,IT0 0,electricity distribution grid,1164482091.50807
capital,Link,IT0 0,gas DRI,4106.56196
capital,Link,IT0 0,gas pipeline,9911401.74958
capital,Link,IT0 0,heat100-200 industry electric boiler steam,408.68756
capital,Link,IT0 0,heat100-200 industry gas,7007320.83779
capital,Link,IT0 0,heat100-200 industry industrial heat pump high temperature,136972696.18533
capital,Link,IT0 0,heat100-200 industry solid biomass,388.48896
capital,Link,IT0 0,heat200-500 industry gas,908976.25781
capital,Link,IT0 0,heat200-500 industry hydrogen,115.26851
capital,Link,IT0 0,heat200-500 industry solid biomass,190.23957
capital,Link,IT0 0,heat<100 industry electric boiler steam,429.89321
capital,Link,IT0 0,heat<100 industry gas,10250515.58409
capital,Link,IT0 0,heat<100 industry industrial heat pump medium temperature,176204777.68504
capital,Link,IT0 0,heat<100 industry solid biomass,403.52998
capital,Link,IT0 0,heat>500 industry gas,1818424.65614
capital,Link,IT0 0,heat>500 industry hydrogen,120.49754
capital,Link,IT0 0,home battery charger,5570.79102
capital,Link,IT0 0,methanolisation,12193.73389
capital,Link,IT0 0,rural air heat pump,6607.05537
capital,Link,IT0 0,rural biomass boiler,921088460.05187
capital,Link,IT0 0,rural gas boiler,1438492205.141
capital,Link,IT0 0,rural ground heat pump,134530560.67632
capital,Link,IT0 0,rural resistive heater,8753733.01353
capital,Link,IT0 0,urban central air heat pump,18436888.43514
capital,Link,IT0 0,urban central gas CHP,2026.36569
capital,Link,IT0 0,urban central gas boiler,54324884.17337
capital,Link,IT0 0,urban central resistive heater,1894903.4621
capital,Link,IT0 0,urban central solid biomass CHP,1541.22028
capital,Link,IT0 0,urban central solid biomass CHP CC,2164.21512
capital,Link,IT0 0,urban decentral air heat pump,2874802568.46254
capital,Link,IT0 0,urban decentral biomass boiler,558327216.6984
capital,Link,IT0 0,urban decentral gas boiler,871956803.25154
capital,Link,IT0 0,urban decentral resistive heater,46855133.26977
capital,Link,IT0 0,waste CHP,1971.42593
capital,Link,IT0 1,CO2 pipeline,7135.00367
capital,Link,IT0 1,Combined-Cycle Gas,2295130257.12078
capital,Link,IT0 1,H2 Electrolysis,1640.08219
capital,Link,IT0 1,Haber-Bosch,6886.95292
capital,Link,IT0 1,Open-Cycle Gas,1383.33534
capital,Link,IT0 1,SMR,20848.13904
capital,Link,IT0 1,Sabatier,772.19367
capital,Link,IT0 1,battery charger,3167.68677
capital,Link,IT0 1,biogas to gas,241455925.95939
capital,Link,IT0 1,biomass to liquid,132818294.39743
capital,Link,IT0 1,biomass-to-methanol,2367.04686
capital,Link,IT0 1,electricity distribution grid,1644894834.22113
capital,Link,IT0 1,gas pipeline,82550567.52671
capital,Link,IT0 1,heat100-200 industry electric boiler steam,401.86895
capital,Link,IT0 1,heat100-200 industry gas,12365123.33611
capital,Link,IT0 1,heat100-200 industry industrial heat pump high temperature,241708158.00686
capital,Link,IT0 1,heat100-200 industry solid biomass,3003.03571
capital,Link,IT0 1,heat200-500 industry gas,1651211.53928
capital,Link,IT0 1,heat200-500 industry hydrogen,120.43963
capital,Link,IT0 1,heat200-500 industry solid biomass,1794.30813
capital,Link,IT0 1,heat<100 industry electric boiler steam,437.24947
capital,Link,IT0 1,heat<100 industry gas,17084153.4377
capital,Link,IT0 1,heat<100 industry industrial heat pump medium temperature,25729600.92859
capital,Link,IT0 1,heat<100 industry solid biomass,4153.90496
capital,Link,IT0 1,heat>500 industry gas,3751875.33531
capital,Link,IT0 1,heat>500 industry hydrogen,137.1252
capital,Link,IT0 1,home battery charger,4566.78527
capital,Link,IT0 1,methanolisation,13623.70501
capital,Link,IT0 1,rural air heat pump,7347.08701
capital,Link,IT0 1,rural biomass boiler,487535290.83604
capital,Link,IT0 1,rural gas boiler,761398873.19759
capital,Link,IT0 1,rural ground heat pump,188527096.83353
capital,Link,IT0 1,rural resistive heater,4630040.17197
capital,Link,IT0 1,urban central air heat pump,16841528.97827
capital,Link,IT0 1,urban central gas CHP,2182.60788
capital,Link,IT0 1,urban central gas boiler,58334529.03497
capital,Link,IT0 1,urban central resistive heater,2935798.07433
capital,Link,IT0 1,urban central solid biomass CHP,9416.30513
capital,Link,IT0 1,urban central solid biomass CHP CC,156462776.04426
capital,Link,IT0 1,urban decentral air heat pump,3052479407.84112
capital,Link,IT0 1,urban decentral biomass boiler,745381592.56624
capital,Link,IT0 1,urban decentral gas boiler,1164085380.79148
capital,Link,IT0 1,urban decentral resistive heater,68987452.29015
capital,Link,IT0 1,waste CHP,2074.22507
capital,Link,IT4 0,Combined-Cycle Gas,2047.17044
capital,Link,IT4 0,DC,64110410.9741
capital,Link,IT4 0,H2 Electrolysis,1753.42409
capital,Link,IT4 0,Haber-Bosch,7969.0082
capital,Link,IT4 0,Open-Cycle Gas,1480.09226
capital,Link,IT4 0,SMR,13429.40071
capital,Link,IT4 0,Sabatier,781.01557
capital,Link,IT4 0,battery charger,3680.25416
capital,Link,IT4 0,biogas to gas,6076465.13952
capital,Link,IT4 0,biomass to liquid,1697.7768
capital,Link,IT4 0,biomass-to-methanol,1925.36675
capital,Link,IT4 0,electricity distribution grid,73581714.27404
capital,Link,IT4 0,heat100-200 industry electric boiler steam,335.68333
capital,Link,IT4 0,heat100-200 industry gas,551908.53294
capital,Link,IT4 0,heat100-200 industry industrial heat pump high temperature,10784916.35668
capital,Link,IT4 0,heat100-200 industry solid biomass,459.04546
capital,Link,IT4 0,heat200-500 industry gas,212777.32759
capital,Link,IT4 0,heat200-500 industry hydrogen,124.04435
capital,Link,IT4 0,heat200-500 industry solid biomass,177.73732
capital,Link,IT4 0,heat<100 industry electric boiler steam,334.71563
capital,Link,IT4 0,heat<100 industry gas,973595.09602
capital,Link,IT4 0,heat<100 industry industrial heat pump medium temperature,16756618.82497
capital,Link,IT4 0,heat<100 industry solid biomass,451.52364
capital,Link,IT4 0,heat>500 industry gas,371461.37621
capital,Link,IT4 0,heat>500 industry hydrogen,113.49177
capital,Link,IT4 0,home battery charger,3415.93985
capital,Link,IT4 0,methanolisation,6777.79086
capital,Link,IT4 0,rural air heat pump,3849.69813
capital,Link,IT4 0,rural biomass boiler,143184892.20312
capital,Link,IT4 0,rural gas boiler,223616254.31344
capital,Link,IT4 0,rural ground heat pump,9481565.97657
capital,Link,IT4 0,rural resistive heater,1360654.81324
capital,Link,IT4 0,urban central air heat pump,356608.91316
capital,Link,IT4 0,urban central gas CHP,2517.0086
capital,Link,IT4 0,urban central gas boiler,1351627.49449
capital,Link,IT4 0,urban central resistive heater,22875.65589
capital,Link,IT4 0,urban central solid biomass CHP,1603.70871
capital,Link,IT4 0,urban central solid biomass CHP CC,2292.07479
capital,Link,IT4 0,urban decentral air heat pump,96272385.17594
capital,Link,IT4 0,urban decentral biomass boiler,6362606.24631
capital,Link,IT4 0,urban decentral gas boiler,9936678.05716
capital,Link,IT4 0,urban decentral resistive heater,1520875.60824
capital,Link,IT4 0,waste CHP,1729.79015
capital,Link,LT0 0,CO2 pipeline,6686.10289
capital,Link,LT0 0,Combined-Cycle Gas,120296874.41256
capital,Link,LT0 0,DC,49763675.72641
capital,Link,LT0 0,H2 Electrolysis,1557.65919
capital,Link,LT0 0,Haber-Bosch,9604.34071
capital,Link,LT0 0,Open-Cycle Gas,1378.88477
capital,Link,LT0 0,SMR,113976.03614
capital,Link,LT0 0,Sabatier,739.81483
capital,Link,LT0 0,battery charger,3077.44592
capital,Link,LT0 0,biogas to gas,7158968.3625
capital,Link,LT0 0,biomass to liquid,67532451.42019
capital,Link,LT0 0,biomass-to-methanol,2366.54931
capital,Link,LT0 0,electricity distribution grid,79855984.84467
capital,Link,LT0 0,gas pipeline,2535034.01006
capital,Link,LT0 0,gas pipeline new,2483489.92976
capital,Link,LT0 0,heat100-200 industry electric boiler steam,265.87834
capital,Link,LT0 0,heat100-200 industry gas,587150.65332
capital,Link,LT0 0,heat100-200 industry industrial heat pump high temperature,7873.81857
capital,Link,LT0 0,heat100-200 industry solid biomass,3210.71967
capital,Link,LT0 0,heat200-500 industry gas,57544.97682
capital,Link,LT0 0,heat200-500 industry hydrogen,152.92779
capital,Link,LT0 0,heat200-500 industry solid biomass,1062.69066
capital,Link,LT0 0,heat<100 industry electric boiler steam,263.75097
capital,Link,LT0 0,heat<100 industry gas,533960.33901
capital,Link,LT0 0,heat<100 industry industrial heat pump medium temperature,4407.36941
capital,Link,LT0 0,heat<100 industry solid biomass,3251.16234
capital,Link,LT0 0,heat>500 industry gas,67469.73198
capital,Link,LT0 0,heat>500 industry hydrogen,125.4907
capital,Link,LT0 0,home battery charger,3256.3631
capital,Link,LT0 0,methanolisation,91882.73389
capital,Link,LT0 0,rural air heat pump,1533.0219
capital,Link,LT0 0,rural biomass boiler,305889302.59146
capital,Link,LT0 0,rural gas boiler,2613.38207
capital,Link,LT0 0,rural ground heat pump,24937352.3549
capital,Link,LT0 0,rural resistive heater,142219.7869
capital,Link,LT0 0,urban central air heat pump,2545.98871
capital,Link,LT0 0,urban central gas CHP,2205.78974
capital,Link,LT0 0,urban central gas boiler,22525275.67783
capital,Link,LT0 0,urban central resistive heater,8874.92385
capital,Link,LT0 0,urban central solid biomass CHP,5793.51784
capital,Link,LT0 0,urban central solid biomass CHP CC,27393222.13913
capital,Link,LT0 0,urban decentral air heat pump,3637673.19073
capital,Link,LT0 0,urban decentral biomass boiler,298503903.65752
capital,Link,LT0 0,urban decentral gas boiler,4130.12939
capital,Link,LT0 0,urban decentral resistive heater,144122.43493
capital,Link,LT0 0,waste CHP,1752.44817
capital,Link,LU0 0,Combined-Cycle Gas,4370.08687
capital,Link,LU0 0,H2 Electrolysis,1538.83249
capital,Link,LU0 0,Haber-Bosch,6857.23096
capital,Link,LU0 0,Open-Cycle Gas,13555126.44401
capital,Link,LU0 0,SMR,211954.28879
capital,Link,LU0 0,Sabatier,747.60043
capital,Link,LU0 0,battery charger,3091.68695
capital,Link,LU0 0,biogas to gas,3306025.33622
capital,Link,LU0 0,biomass to liquid,9543580.8567
capital,Link,LU0 0,biomass-to-methanol,2364.39037
capital,Link,LU0 0,electricity distribution grid,41634751.06179
capital,Link,LU0 0,gas pipeline,2722504.25282
capital,Link,LU0 0,heat100-200 industry electric boiler steam,254.10011
capital,Link,LU0 0,heat100-200 industry gas,187203.06625
capital,Link,LU0 0,heat100-200 industry industrial heat pump high temperature,5141.22057
capital,Link,LU0 0,heat100-200 industry solid biomass,3615.80311
capital,Link,LU0 0,heat200-500 industry gas,36569.74388
capital,Link,LU0 0,heat200-500 industry hydrogen,150.08349
capital,Link,LU0 0,heat200-500 industry solid biomass,1159.63864
capital,Link,LU0 0,heat<100 industry electric boiler steam,254.46725
capital,Link,LU0 0,heat<100 industry gas,193938.53221
capital,Link,LU0 0,heat<100 industry industrial heat pump medium temperature,3382.51401
capital,Link,LU0 0,heat<100 industry solid biomass,3631.87592
capital,Link,LU0 0,heat>500 industry gas,134530.61859
capital,Link,LU0 0,heat>500 industry hydrogen,118.3171
capital,Link,LU0 0,home battery charger,3216.70493
capital,Link,LU0 0,methanolisation,177404.2378
capital,Link,LU0 0,rural air heat pump,3672.27402
capital,Link,LU0 0,rural biomass boiler,2232541.49566
capital,Link,LU0 0,rural gas boiler,12352115.76839
capital,Link,LU0 0,rural ground heat pump,1181708.73115
capital,Link,LU0 0,rural resistive heater,148146.98507
capital,Link,LU0 0,urban central air heat pump,2882.34038
capital,Link,LU0 0,urban central gas CHP,5697724.72373
capital,Link,LU0 0,urban central gas boiler,4203072.96542
capital,Link,LU0 0,urban central resistive heater,17086.21843
capital,Link,LU0 0,urban central solid biomass CHP,16637.40445
capital,Link,LU0 0,urban central solid biomass CHP CC,5650679.86458
capital,Link,LU0 0,urban decentral air heat pump,5695285.29315
capital,Link,LU0 0,urban decentral biomass boiler,17850600.09401
capital,Link,LU0 0,urban decentral gas boiler,98763082.04116
capital,Link,LU0 0,urban decentral resistive heater,1277597.11764
capital,Link,LU0 0,waste CHP,1692.32652
capital,Link,LV0 0,Combined-Cycle Gas,113904797.86495
capital,Link,LV0 0,H2 Electrolysis,1571.63584
capital,Link,LV0 0,Haber-Bosch,9372.80501
capital,Link,LV0 0,Open-Cycle Gas,1338.87061
capital,Link,LV0 0,SMR,62150.97405
capital,Link,LV0 0,Sabatier,745.94207
capital,Link,LV0 0,battery charger,3084.09976
capital,Link,LV0 0,biogas to gas,14807101.38759
capital,Link,LV0 0,biomass to liquid,257601178.03509
capital,Link,LV0 0,biomass-to-methanol,2364.40211
capital,Link,LV0 0,electricity distribution grid,45986119.27819
capital,Link,LV0 0,gas pipeline,2539116.37222
capital,Link,LV0 0,heat100-200 industry electric boiler steam,283.37272
capital,Link,LV0 0,heat100-200 industry gas,299984.90162
capital,Link,LV0 0,heat100-200 industry industrial heat pump high temperature,15624.03327
capital,Link,LV0 0,heat100-200 industry solid biomass,3628.58777
capital,Link,LV0 0,heat200-500 industry gas,40760.13204
capital,Link,LV0 0,heat200-500 industry hydrogen,129.04498
capital,Link,LV0 0,heat200-500 industry solid biomass,1248.00032
capital,Link,LV0 0,heat<100 industry electric boiler steam,281.96687
capital,Link,LV0 0,heat<100 industry gas,700562.5769
capital,Link,LV0 0,heat<100 industry industrial heat pump medium temperature,5794.89117
capital,Link,LV0 0,heat<100 industry solid biomass,3388.5385
capital,Link,LV0 0,heat>500 industry gas,69564.25111
capital,Link,LV0 0,heat>500 industry hydrogen,124.94074
capital,Link,LV0 0,home battery charger,3702.58055
capital,Link,LV0 0,methanolisation,47669.66923
capital,Link,LV0 0,rural air heat pump,1663.63001
capital,Link,LV0 0,rural biomass boiler,213807611.23631
capital,Link,LV0 0,rural gas boiler,58472634.80708
capital,Link,LV0 0,rural ground heat pump,2213.76651
capital,Link,LV0 0,rural resistive heater,115397.95969
capital,Link,LV0 0,urban central air heat pump,2600.87539
capital,Link,LV0 0,urban central gas CHP,2033.35
capital,Link,LV0 0,urban central gas boiler,17027328.96295
capital,Link,LV0 0,urban central resistive heater,8852.28624
capital,Link,LV0 0,urban central solid biomass CHP,5669.45218
capital,Link,LV0 0,urban central solid biomass CHP CC,37405155.39098
capital,Link,LV0 0,urban decentral air heat pump,1400.85292
capital,Link,LV0 0,urban decentral biomass boiler,200011537.09784
capital,Link,LV0 0,urban decentral gas boiler,54699650.29916
capital,Link,LV0 0,urban decentral resistive heater,107974.51602
capital,Link,LV0 0,waste CHP,1697.28542
capital,Link,ME0 0,CO2 pipeline,5368.1851
capital,Link,ME0 0,Combined-Cycle Gas,2073.85645
capital,Link,ME0 0,EAF,2725.67198
capital,Link,ME0 0,H2 DRI,1495.50038
capital,Link,ME0 0,H2 Electrolysis,1599.58215
capital,Link,ME0 0,Haber-Bosch,9762.50134
capital,Link,ME0 0,Open-Cycle Gas,1383.87526
capital,Link,ME0 0,SMR,1437633.51562
capital,Link,ME0 0,Sabatier,776.99702
capital,Link,ME0 0,battery charger,3180.87775
capital,Link,ME0 0,biogas to gas,3148.36611
capital,Link,ME0 0,biomass to liquid,20906371.23648
capital,Link,ME0 0,biomass-to-methanol,2356.23453
capital,Link,ME0 0,electricity distribution grid,23930256.63531
capital,Link,ME0 0,gas DRI,2545.10113
capital,Link,ME0 0,heat100-200 industry electric boiler steam,414.53384
capital,Link,ME0 0,heat100-200 industry gas,68265.46948
capital,Link,ME0 0,heat100-200 industry industrial heat pump high temperature,1309215.47339
capital,Link,ME0 0,heat100-200 industry solid biomass,3900.48494
capital,Link,ME0 0,heat200-500 industry gas,11379.44191
capital,Link,ME0 0,heat200-500 industry hydrogen,162.42028
capital,Link,ME0 0,heat200-500 industry solid biomass,1579.87298
capital,Link,ME0 0,heat<100 industry electric boiler steam,419.80891
capital,Link,ME0 0,heat<100 industry gas,68227.22089
capital,Link,ME0 0,heat<100 industry industrial heat pump medium temperature,131170.28863
capital,Link,ME0 0,heat<100 industry solid biomass,4431.7439
capital,Link,ME0 0,heat>500 industry gas,44445.48886
capital,Link,ME0 0,heat>500 industry hydrogen,129.59628
capital,Link,ME0 0,home battery charger,4700.13843
capital,Link,ME0 0,methanolisation,1226432.1821
capital,Link,ME0 0,rural air heat pump,3068.89774
capital,Link,ME0 0,rural biomass boiler,6634.23787
capital,Link,ME0 0,rural gas boiler,12286762.23099
capital,Link,ME0 0,rural ground heat pump,5468.14432
capital,Link,ME0 0,rural resistive heater,886160.6728
capital,Link,ME0 0,urban central air heat pump,5067.15037
capital,Link,ME0 0,urban central gas CHP,2382.22967
capital,Link,ME0 0,urban central gas boiler,367843.66327
capital,Link,ME0 0,urban central resistive heater,28437.98622
capital,Link,ME0 0,urban central solid biomass CHP,10235.30101
capital,Link,ME0 0,urban central solid biomass CHP CC,1492914.80291
capital,Link,ME0 0,urban decentral air heat pump,3067.12554
capital,Link,ME0 0,urban decentral biomass boiler,6390.22196
capital,Link,ME0 0,urban decentral gas boiler,19258258.02402
capital,Link,ME0 0,urban decentral resistive heater,1396044.89915
capital,Link,ME0 0,waste CHP,1704.85244
capital,Link,MK0 0,CO2 pipeline,11319.78735
capital,Link,MK0 0,Combined-Cycle Gas,23053404.07584
capital,Link,MK0 0,EAF,3144.82721
capital,Link,MK0 0,H2 DRI,1582.21637
capital,Link,MK0 0,H2 Electrolysis,1627.13508
capital,Link,MK0 0,Haber-Bosch,13762.23878
capital,Link,MK0 0,Open-Cycle Gas,1348.8648
capital,Link,MK0 0,SMR,3139293.73072
capital,Link,MK0 0,Sabatier,773.94541
capital,Link,MK0 0,battery charger,3188.73876
capital,Link,MK0 0,biogas to gas,3482256.78312
capital,Link,MK0 0,biomass to liquid,28042199.89668
capital,Link,MK0 0,biomass-to-methanol,2354.48679
capital,Link,MK0 0,electricity distribution grid,64465039.36335
capital,Link,MK0 0,gas DRI,2947.48296
capital,Link,MK0 0,gas pipeline new,5943303.43461
capital,Link,MK0 0,heat100-200 industry electric boiler steam,377.29495
capital,Link,MK0 0,heat100-200 industry gas,130238.71502
capital,Link,MK0 0,heat100-200 industry industrial heat pump high temperature,2505957.96648
capital,Link,MK0 0,heat100-200 industry solid biomass,3286.36765
capital,Link,MK0 0,heat200-500 industry gas,13485.85225
capital,Link,MK0 0,heat200-500 industry hydrogen,158.22863
capital,Link,MK0 0,heat200-500 industry solid biomass,1431.38922
capital,Link,MK0 0,heat<100 industry electric boiler steam,369.00414
capital,Link,MK0 0,heat<100 industry gas,161256.04531
capital,Link,MK0 0,heat<100 industry industrial heat pump medium temperature,236208.23944
capital,Link,MK0 0,heat<100 industry solid biomass,3596.1771
capital,Link,MK0 0,heat>500 industry gas,10993.0969
capital,Link,MK0 0,heat>500 industry hydrogen,152.59616
capital,Link,MK0 0,home battery charger,8318.7886
capital,Link,MK0 0,methanolisation,2682958.47475
capital,Link,MK0 0,rural air heat pump,2388.06216
capital,Link,MK0 0,rural biomass boiler,6310.87815
capital,Link,MK0 0,rural gas boiler,46604920.71828
capital,Link,MK0 0,rural ground heat pump,4204.30543
capital,Link,MK0 0,rural resistive heater,4451213.33762
capital,Link,MK0 0,urban central air heat pump,4698.17176
capital,Link,MK0 0,urban central gas CHP,2287.44338
capital,Link,MK0 0,urban central gas boiler,3971792.87833
capital,Link,MK0 0,urban central resistive heater,313242.44811
capital,Link,MK0 0,urban central solid biomass CHP,7327.98328
capital,Link,MK0 0,urban central solid biomass CHP CC,6440068.5223
capital,Link,MK0 0,urban decentral air heat pump,2383.29678
capital,Link,MK0 0,urban decentral biomass boiler,6302.60849
capital,Link,MK0 0,urban decentral gas boiler,38188236.9412
capital,Link,MK0 0,urban decentral resistive heater,3668793.59916
capital,Link,MK0 0,waste CHP,1757.71278
capital,Link,NL0 0,CO2 pipeline,2096.78894
capital,Link,NL0 0,Combined-Cycle Gas,1094825447.11489
capital,Link,NL0 0,DC,70406187.00672
capital,Link,NL0 0,EAF,4289.79439
capital,Link,NL0 0,H2 DRI,1718.74502
capital,Link,NL0 0,H2 Electrolysis,1674.59141
capital,Link,NL0 0,Haber-Bosch,13901.62415
capital,Link,NL0 0,Open-Cycle Gas,1719.53476
capital,Link,NL0 0,SMR,74840243.51461
capital,Link,NL0 0,Sabatier,754.6266
capital,Link,NL0 0,battery charger,3138.79204
capital,Link,NL0 0,biogas to gas,65395498.83002
capital,Link,NL0 0,biomass to liquid,38883322.09296
capital,Link,NL0 0,biomass-to-methanol,2364.87338
capital,Link,NL0 0,electricity distribution grid,834767993.63985
capital,Link,NL0 0,gas DRI,4148.43424
capital,Link,NL0 0,gas pipeline,42931588.67236
capital,Link,NL0 0,heat100-200 industry electric boiler steam,416.94584
capital,Link,NL0 0,heat100-200 industry gas,18454813.65477
capital,Link,NL0 0,heat100-200 industry industrial heat pump high temperature,50429.38628
capital,Link,NL0 0,heat100-200 industry solid biomass,3073.98948
capital,Link,NL0 0,heat200-500 industry gas,1636568.30953
capital,Link,NL0 0,heat200-500 industry hydrogen,120.47573
capital,Link,NL0 0,heat200-500 industry solid biomass,1211.44754
capital,Link,NL0 0,heat<100 industry electric boiler steam,401.89595
capital,Link,NL0 0,heat<100 industry gas,15736488.85216
capital,Link,NL0 0,heat<100 industry industrial heat pump medium temperature,9118.1866
capital,Link,NL0 0,heat<100 industry solid biomass,2946.48072
capital,Link,NL0 0,heat>500 industry gas,5555325.98375
capital,Link,NL0 0,heat>500 industry hydrogen,144.62526
capital,Link,NL0 0,home battery charger,3321.61936
capital,Link,NL0 0,methanolisation,64150655.2249
capital,Link,NL0 0,rural air heat pump,6576.14674
capital,Link,NL0 0,rural biomass boiler,11547210.89408
capital,Link,NL0 0,rural gas boiler,383193866.87589
capital,Link,NL0 0,rural ground heat pump,448643563.20576
capital,Link,NL0 0,rural resistive heater,311453.60912
capital,Link,NL0 0,urban central air heat pump,3513.96233
capital,Link,NL0 0,urban central gas CHP,2869.47601
capital,Link,NL0 0,urban central gas boiler,57916929.07265
capital,Link,NL0 0,urban central resistive heater,3765087.69911
capital,Link,NL0 0,urban central solid biomass CHP,5557.58969
capital,Link,NL0 0,urban central solid biomass CHP CC,151678981.12946
capital,Link,NL0 0,urban decentral air heat pump,333328546.08085
capital,Link,NL0 0,urban decentral biomass boiler,106081921.72225
capital,Link,NL0 0,urban decentral gas boiler,3520325571.53888
capital,Link,NL0 0,urban decentral resistive heater,8896017.19597
capital,Link,NL0 0,waste CHP,2021.9781
capital,Link,NO1 0,CO2 pipeline,24331.32774
capital,Link,NO1 0,Combined-Cycle Gas,78905431.80215
capital,Link,NO1 0,DC,136411573.39264
capital,Link,NO1 0,EAF,4138.0544
capital,Link,NO1 0,H2 DRI,1684.19317
capital,Link,NO1 0,H2 Electrolysis,1648.56489
capital,Link,NO1 0,Haber-Bosch,319259180.20655
capital,Link,NO1 0,Open-Cycle Gas,1179.67969
capital,Link,NO1 0,SMR,203899293.78632
capital,Link,NO1 0,Sabatier,807.79795
capital,Link,NO1 0,battery charger,3237.25315
capital,Link,NO1 0,biogas to gas,15925104.75633
capital,Link,NO1 0,biomass to liquid,1565.31077
capital,Link,NO1 0,biomass-to-methanol,1862.31474
capital,Link,NO1 0,electricity distribution grid,720475721.56905
capital,Link,NO1 0,gas DRI,4001.01201
capital,Link,NO1 0,gas pipeline,28954989.67369
capital,Link,NO1 0,gas pipeline new,40653230.78444
capital,Link,NO1 0,heat100-200 industry electric boiler steam,401.71443
capital,Link,NO1 0,heat100-200 industry gas,3671095.85407
capital,Link,NO1 0,heat100-200 industry industrial heat pump high temperature,71758641.31756
capital,Link,NO1 0,heat100-200 industry solid biomass,336.25425
capital,Link,NO1 0,heat200-500 industry gas,430866.99927
capital,Link,NO1 0,heat200-500 industry hydrogen,114.26791
capital,Link,NO1 0,heat200-500 industry solid biomass,135.03271
capital,Link,NO1 0,heat<100 industry electric boiler steam,404.60483
capital,Link,NO1 0,heat<100 industry gas,2852612.14495
capital,Link,NO1 0,heat<100 industry industrial heat pump medium temperature,49099914.12312
capital,Link,NO1 0,heat<100 industry solid biomass,341.86148
capital,Link,NO1 0,heat>500 industry gas,2351072.53342
capital,Link,NO1 0,heat>500 industry hydrogen,123.67379
capital,Link,NO1 0,home battery charger,4527.52987
capital,Link,NO1 0,methanolisation,126467.63545
capital,Link,NO1 0,rural air heat pump,2694.58588
capital,Link,NO1 0,rural biomass boiler,163858502.98534
capital,Link,NO1 0,rural gas boiler,4804397.17239
capital,Link,NO1 0,rural ground heat pump,379393503.81632
capital,Link,NO1 0,rural resistive heater,703333.31618
capital,Link,NO1 0,urban central air heat pump,2833.07048
capital,Link,NO1 0,urban central gas CHP,1570.44897
capital,Link,NO1 0,urban central gas boiler,19765154.47191
capital,Link,NO1 0,urban central resistive heater,12802.58316
capital,Link,NO1 0,urban central solid biomass CHP,1447.78948
capital,Link,NO1 0,urban central solid biomass CHP CC,2026.08455
capital,Link,NO1 0,urban decentral air heat pump,1601848471.94849
capital,Link,NO1 0,urban decentral biomass boiler,570579084.51274
capital,Link,NO1 0,urban decentral gas boiler,168284654.6366
capital,Link,NO1 0,urban decentral resistive heater,15288256.23625
capital,Link,NO1 0,waste CHP,1790.48253
capital,Link,PL0 0,CO2 pipeline,5639.79493
capital,Link,PL0 0,Combined-Cycle Gas,655711868.07982
capital,Link,PL0 0,DC,56388208.23462
capital,Link,PL0 0,EAF,3632.09637
capital,Link,PL0 0,H2 DRI,1618.91767
capital,Link,PL0 0,H2 Electrolysis,1516.39487
capital,Link,PL0 0,Haber-Bosch,8094.9192
capital,Link,PL0 0,Open-Cycle Gas,2711.79739
capital,Link,PL0 0,SMR,51157.69494
capital,Link,PL0 0,Sabatier,762.20398
capital,Link,PL0 0,battery charger,3188.89528
capital,Link,PL0 0,biogas to gas,54805725.02035
capital,Link,PL0 0,biomass to liquid,108558789.04935
capital,Link,PL0 0,biomass-to-methanol,2365.19729
capital,Link,PL0 0,electricity distribution grid,1329422249.79413
capital,Link,PL0 0,gas DRI,3477.64217
capital,Link,PL0 0,gas pipeline,23087118.89751
capital,Link,PL0 0,heat100-200 industry electric boiler steam,312.90035
capital,Link,PL0 0,heat100-200 industry gas,11876091.65235
capital,Link,PL0 0,heat100-200 industry industrial heat pump high temperature,4302.69228
capital,Link,PL0 0,heat100-200 industry solid biomass,3129.35951
capital,Link,PL0 0,heat200-500 industry gas,1407996.57589
capital,Link,PL0 0,heat200-500 industry hydrogen,118.85933
capital,Link,PL0 0,heat200-500 industry solid biomass,1218.48715
capital,Link,PL0 0,heat<100 industry electric boiler steam,310.30805
capital,Link,PL0 0,heat<100 industry gas,11582753.58793
capital,Link,PL0 0,heat<100 industry industrial heat pump medium temperature,2994.84399
capital,Link,PL0 0,heat<100 industry solid biomass,3108.671
capital,Link,PL0 0,heat>500 industry gas,4724886.57352
capital,Link,PL0 0,heat>500 industry hydrogen,144.26361
capital,Link,PL0 0,home battery charger,3921.25184
capital,Link,PL0 0,methanolisation,39121.70279
capital,Link,PL0 0,rural air heat pump,4270.91041
capital,Link,PL0 0,rural biomass boiler,1445046935.73858
capital,Link,PL0 0,rural gas boiler,531829904.1857
capital,Link,PL0 0,rural ground heat pump,42305156.97947
capital,Link,PL0 0,rural resistive heater,42192918.64215
capital,Link,PL0 0,urban central air heat pump,2374.48323
capital,Link,PL0 0,urban central gas CHP,90447352.94504
capital,Link,PL0 0,urban central gas boiler,147060522.95669
capital,Link,PL0 0,urban central resistive heater,1311462.16835
capital,Link,PL0 0,urban central solid biomass CHP,94056298.07456
capital,Link,PL0 0,urban central solid biomass CHP CC,144279355.63934
capital,Link,PL0 0,urban decentral air heat pump,3961233.97299
capital,Link,PL0 0,urban decentral biomass boiler,1227806836.03752
capital,Link,PL0 0,urban decentral gas boiler,451877635.12653
capital,Link,PL0 0,urban decentral resistive heater,35864253.73533
capital,Link,PL0 0,waste CHP,2142.02881
capital,Link,PT0 0,Combined-Cycle Gas,458028636.84205
capital,Link,PT0 0,H2 Electrolysis,1767.03615
capital,Link,PT0 0,Haber-Bosch,57786776.03516
capital,Link,PT0 0,Open-Cycle Gas,2008.94691
capital,Link,PT0 0,SMR,36945633.77019
capital,Link,PT0 0,Sabatier,806.24021
capital,Link,PT0 0,battery charger,4762.94203
capital,Link,PT0 0,biogas to gas,14715133.73759
capital,Link,PT0 0,biomass to liquid,178050674.56283
capital,Link,PT0 0,biomass-to-methanol,2362.97081
capital,Link,PT0 0,electricity distribution grid,654903228.6834
capital,Link,PT0 0,heat100-200 industry electric boiler steam,339.29297
capital,Link,PT0 0,heat100-200 industry gas,2703725.86348
capital,Link,PT0 0,heat100-200 industry industrial heat pump high temperature,52837068.95596
capital,Link,PT0 0,heat100-200 industry solid biomass,2383.73225
capital,Link,PT0 0,heat200-500 industry gas,353221.07588
capital,Link,PT0 0,heat200-500 industry hydrogen,138.4071
capital,Link,PT0 0,heat200-500 industry solid biomass,1059.91211
capital,Link,PT0 0,heat<100 industry electric boiler steam,348.94943
capital,Link,PT0 0,heat<100 industry gas,2691319.95287
capital,Link,PT0 0,heat<100 industry industrial heat pump medium temperature,4050111.20645
capital,Link,PT0 0,heat<100 industry solid biomass,2713.07046
capital,Link,PT0 0,heat>500 industry gas,1065579.38121
capital,Link,PT0 0,heat>500 industry hydrogen,114.8148
capital,Link,PT0 0,home battery charger,20234.95569
capital,Link,PT0 0,methanolisation,56544.34492
capital,Link,PT0 0,rural air heat pump,5943.43548
capital,Link,PT0 0,rural biomass boiler,154601460.5275
capital,Link,PT0 0,rural gas boiler,89226428.20776
capital,Link,PT0 0,rural ground heat pump,54671442.05412
capital,Link,PT0 0,rural resistive heater,103110031.16038
capital,Link,PT0 0,urban central air heat pump,6067.2642
capital,Link,PT0 0,urban central gas CHP,2681.62661
capital,Link,PT0 0,urban central gas boiler,11410834.63976
capital,Link,PT0 0,urban central resistive heater,501507.24861
capital,Link,PT0 0,urban central solid biomass CHP,4798.01239
capital,Link,PT0 0,urban central solid biomass CHP CC,154049.99499
capital,Link,PT0 0,urban decentral air heat pump,483575461.22303
capital,Link,PT0 0,urban decentral biomass boiler,200069479.19364
capital,Link,PT0 0,urban decentral gas boiler,115467764.41132
capital,Link,PT0 0,urban decentral resistive heater,108781567.18465
capital,Link,PT0 0,waste CHP,1975.39678
capital,Link,RO0 0,CO2 pipeline,2923.01443
capital,Link,RO0 0,Combined-Cycle Gas,132190130.14378
capital,Link,RO0 0,EAF,3664.72951
capital,Link,RO0 0,H2 DRI,1581.18934
capital,Link,RO0 0,H2 Electrolysis,1611.44373
capital,Link,RO0 0,Haber-Bosch,14032.36654
capital,Link,RO0 0,Open-Cycle Gas,1389.67595
capital,Link,RO0 0,SMR,35423695.39637
capital,Link,RO0 0,Sabatier,747.36754
capital,Link,RO0 0,battery charger,3253.97582
capital,Link,RO0 0,biogas to gas,3486809.61784
capital,Link,RO0 0,biomass to liquid,247014589.45659
capital,Link,RO0 0,biomass-to-methanol,2367.50244
capital,Link,RO0 0,electricity distribution grid,405202201.3825
capital,Link,RO0 0,gas DRI,3553.66335
capital,Link,RO0 0,heat100-200 industry electric boiler steam,333.23988
capital,Link,RO0 0,heat100-200 industry gas,5334593.7143
capital,Link,RO0 0,heat100-200 industry industrial heat pump high temperature,9944.02369
capital,Link,RO0 0,heat100-200 industry solid biomass,2902.42331
capital,Link,RO0 0,heat200-500 industry gas,470652.8211
capital,Link,RO0 0,heat200-500 industry hydrogen,112.1532
capital,Link,RO0 0,heat200-500 industry solid biomass,1087.44909
capital,Link,RO0 0,heat<100 industry electric boiler steam,326.69167
capital,Link,RO0 0,heat<100 industry gas,4254622.65179
capital,Link,RO0 0,heat<100 industry industrial heat pump medium temperature,5046.0136
capital,Link,RO0 0,heat<100 industry solid biomass,2920.09847
capital,Link,RO0 0,heat>500 industry gas,1673720.04193
capital,Link,RO0 0,heat>500 industry hydrogen,120.07569
capital,Link,RO0 0,home battery charger,3327.35841
capital,Link,RO0 0,methanolisation,30359747.00534
capital,Link,RO0 0,rural air heat pump,3700.57784
capital,Link,RO0 0,rural biomass boiler,798923468.41182
capital,Link,RO0 0,rural gas boiler,501640939.504
capital,Link,RO0 0,rural ground heat pump,8789.04082
capital,Link,RO0 0,rural resistive heater,2223948.43781
capital,Link,RO0 0,urban central air heat pump,3212.00613
capital,Link,RO0 0,urban central gas CHP,3094.43888
capital,Link,RO0 0,urban central gas boiler,27539224.23566
capital,Link,RO0 0,urban central resistive heater,274816.30673
capital,Link,RO0 0,urban central solid biomass CHP,6998.39639
capital,Link,RO0 0,urban central solid biomass CHP CC,71801354.72195
capital,Link,RO0 0,urban decentral air heat pump,3178.05895
capital,Link,RO0 0,urban decentral biomass boiler,663687318.79944
capital,Link,RO0 0,urban decentral gas boiler,416726686.97701
capital,Link,RO0 0,urban decentral resistive heater,1847493.9685
capital,Link,RO0 0,waste CHP,2057.39997
capital,Link,RS0 0,CO2 pipeline,10938.91256
capital,Link,RS0 0,Combined-Cycle Gas,31331618.40789
capital,Link,RS0 0,EAF,3245.75749
capital,Link,RS0 0,H2 DRI,1573.47162
capital,Link,RS0 0,H2 Electrolysis,1653.85298
capital,Link,RS0 0,Haber-Bosch,7691.90133
capital,Link,RS0 0,Open-Cycle Gas,1365.037
capital,Link,RS0 0,SMR,23872391.85907
capital,Link,RS0 0,Sabatier,776.56753
capital,Link,RS0 0,battery charger,3184.42646
capital,Link,RS0 0,biogas to gas,5221387.72483
capital,Link,RS0 0,biomass to liquid,136532628.77964
capital,Link,RS0 0,biomass-to-methanol,2361.52182
capital,Link,RS0 0,electricity distribution grid,403165812.02324
capital,Link,RS0 0,gas DRI,3072.64957
capital,Link,RS0 0,gas pipeline new,10774325.52267
capital,Link,RS0 0,heat100-200 industry electric boiler steam,306.14
capital,Link,RS0 0,heat100-200 industry gas,1147246.54139
capital,Link,RS0 0,heat100-200 industry industrial heat pump high temperature,1676937.82349
capital,Link,RS0 0,heat100-200 industry solid biomass,3449.09509
capital,Link,RS0 0,heat200-500 industry gas,107853.61267
capital,Link,RS0 0,heat200-500 industry hydrogen,120.12746
capital,Link,RS0 0,heat200-500 industry solid biomass,1420.49804
capital,Link,RS0 0,heat<100 industry electric boiler steam,310.93293
capital,Link,RS0 0,heat<100 industry gas,1346506.60421
capital,Link,RS0 0,heat<100 industry industrial heat pump medium temperature,18764.82465
capital,Link,RS0 0,heat<100 industry solid biomass,4000.47188
capital,Link,RS0 0,heat>500 industry gas,92614.24413
capital,Link,RS0 0,heat>500 industry hydrogen,119.3627
capital,Link,RS0 0,home battery charger,7514.13135
capital,Link,RS0 0,methanolisation,20460457.49247
capital,Link,RS0 0,rural air heat pump,2474.18825
capital,Link,RS0 0,rural biomass boiler,7740.6202
capital,Link,RS0 0,rural gas boiler,291823746.18019
capital,Link,RS0 0,rural ground heat pump,5017.05347
capital,Link,RS0 0,rural resistive heater,23208749.13553
capital,Link,RS0 0,urban central air heat pump,6025.10611
capital,Link,RS0 0,urban central gas CHP,2556.3186
capital,Link,RS0 0,urban central gas boiler,22568180.06446
capital,Link,RS0 0,urban central resistive heater,3322.62831
capital,Link,RS0 0,urban central solid biomass CHP,17979.18517
capital,Link,RS0 0,urban central solid biomass CHP CC,48814527.19391
capital,Link,RS0 0,urban decentral air heat pump,2456.36071
capital,Link,RS0 0,urban decentral biomass boiler,7510.0807
capital,Link,RS0 0,urban decentral gas boiler,192524234.09333
capital,Link,RS0 0,urban decentral resistive heater,15412722.43181
capital,Link,RS0 0,waste CHP,1959.99442
capital,Link,SE1 0,Combined-Cycle Gas,5239423.15292
capital,Link,SE1 0,DC,26495334.15163
capital,Link,SE1 0,EAF,3753.36126
capital,Link,SE1 0,H2 DRI,1710.93453
capital,Link,SE1 0,H2 Electrolysis,1600.60395
capital,Link,SE1 0,Haber-Bosch,17016.05407
capital,Link,SE1 0,Open-Cycle Gas,1214.8806
capital,Link,SE1 0,SMR,148378533.07676
capital,Link,SE1 0,Sabatier,825.06041
capital,Link,SE1 0,battery charger,3229.83449
capital,Link,SE1 0,biogas to gas,33327954.74114
capital,Link,SE1 0,biomass to liquid,835779657.25611
capital,Link,SE1 0,biomass-to-methanol,2363.58525
capital,Link,SE1 0,electricity distribution grid,1147757032.31453
capital,Link,SE1 0,gas DRI,3526.71762
capital,Link,SE1 0,heat100-200 industry electric boiler steam,350.39544
capital,Link,SE1 0,heat100-200 industry gas,1190628.18327
capital,Link,SE1 0,heat100-200 industry industrial heat pump high temperature,23238473.3111
capital,Link,SE1 0,heat100-200 industry solid biomass,3030.35647
capital,Link,SE1 0,heat200-500 industry gas,130925.98793
capital,Link,SE1 0,heat200-500 industry hydrogen,125.68221
capital,Link,SE1 0,heat200-500 industry solid biomass,1321.77797
capital,Link,SE1 0,heat<100 industry electric boiler steam,359.45193
capital,Link,SE1 0,heat<100 industry gas,4154774.96096
capital,Link,SE1 0,heat<100 industry industrial heat pump medium temperature,5025919.38308
capital,Link,SE1 0,heat<100 industry solid biomass,3407.65184
capital,Link,SE1 0,heat>500 industry gas,474215.40756
capital,Link,SE1 0,heat>500 industry hydrogen,111.04912
capital,Link,SE1 0,home battery charger,4596.93189
capital,Link,SE1 0,methanolisation,127190719.70596
capital,Link,SE1 0,rural air heat pump,3830.70905
capital,Link,SE1 0,rural biomass boiler,36199558.54929
capital,Link,SE1 0,rural gas boiler,3449240.82383
capital,Link,SE1 0,rural ground heat pump,852595329.8879
capital,Link,SE1 0,rural resistive heater,3312283.33704
capital,Link,SE1 0,urban central air heat pump,3221.43962
capital,Link,SE1 0,urban central gas CHP,1784.28809
capital,Link,SE1 0,urban central gas boiler,113303998.59319
capital,Link,SE1 0,urban central resistive heater,1062.31042
capital,Link,SE1 0,urban central solid biomass CHP,7839.67651
capital,Link,SE1 0,urban central solid biomass CHP CC,301556819.75238
capital,Link,SE1 0,urban decentral air heat pump,1316374077.84483
capital,Link,SE1 0,urban decentral biomass boiler,714866825.67406
capital,Link,SE1 0,urban decentral gas boiler,68115411.8318
capital,Link,SE1 0,urban decentral resistive heater,48009773.20154
capital,Link,SE1 0,waste CHP,2015.01683
capital,Link,SI0 0,Combined-Cycle Gas,20328912.37284
capital,Link,SI0 0,H2 Electrolysis,1557.25561
capital,Link,SI0 0,Haber-Bosch,5975.39631
capital,Link,SI0 0,Open-Cycle Gas,1435.32065
capital,Link,SI0 0,SMR,4717909.36152
capital,Link,SI0 0,Sabatier,726.29998
capital,Link,SI0 0,battery charger,3110.87511
capital,Link,SI0 0,biogas to gas,4079186.51957
capital,Link,SI0 0,biomass to liquid,45522493.63505
capital,Link,SI0 0,biomass-to-methanol,2366.26749
capital,Link,SI0 0,electricity distribution grid,91819338.63937
capital,Link,SI0 0,gas pipeline,3321347.86477
capital,Link,SI0 0,heat100-200 industry electric boiler steam,309.96653
capital,Link,SI0 0,heat100-200 industry gas,1277449.84043
capital,Link,SI0 0,heat100-200 industry industrial heat pump high temperature,1797013.07035
capital,Link,SI0 0,heat100-200 industry solid biomass,3960.97661
capital,Link,SI0 0,heat200-500 industry gas,118333.09794
capital,Link,SI0 0,heat200-500 industry hydrogen,119.38225
capital,Link,SI0 0,heat200-500 industry solid biomass,1510.91432
capital,Link,SI0 0,heat<100 industry electric boiler steam,281.00224
capital,Link,SI0 0,heat<100 industry gas,606776.63855
capital,Link,SI0 0,heat<100 industry industrial heat pump medium temperature,11602.64891
capital,Link,SI0 0,heat<100 industry solid biomass,4651.57434
capital,Link,SI0 0,heat>500 industry gas,258222.73355
capital,Link,SI0 0,heat>500 industry hydrogen,114.6144
capital,Link,SI0 0,home battery charger,3229.07655
capital,Link,SI0 0,methanolisation,4040871.72737
capital,Link,SI0 0,rural air heat pump,3682.45728
capital,Link,SI0 0,rural biomass boiler,142736714.77149
capital,Link,SI0 0,rural gas boiler,15082419.46597
capital,Link,SI0 0,rural ground heat pump,31877976.20954
capital,Link,SI0 0,rural resistive heater,1631950.10504
capital,Link,SI0 0,urban central air heat pump,3949.75349
capital,Link,SI0 0,urban central gas CHP,2689.00301
capital,Link,SI0 0,urban central gas boiler,4794675.57902
capital,Link,SI0 0,urban central resistive heater,72163.96188
capital,Link,SI0 0,urban central solid biomass CHP,1308493.5828
capital,Link,SI0 0,urban central solid biomass CHP CC,9674733.81439
capital,Link,SI0 0,urban decentral air heat pump,8699597.36697
capital,Link,SI0 0,urban decentral biomass boiler,145968016.99687
capital,Link,SI0 0,urban decentral gas boiler,15423858.28683
capital,Link,SI0 0,urban decentral resistive heater,1785694.3839
capital,Link,SI0 0,waste CHP,1775.24529
capital,Link,SK0 0,Combined-Cycle Gas,81511559.92981
capital,Link,SK0 0,EAF,3688.18953
capital,Link,SK0 0,H2 DRI,1658.253
capital,Link,SK0 0,H2 Electrolysis,1576.9578
capital,Link,SK0 0,Haber-Bosch,8921.32989
capital,Link,SK0 0,Open-Cycle Gas,1539.44759
capital,Link,SK0 0,SMR,15675776.27271
capital,Link,SK0 0,Sabatier,726.93962
capital,Link,SK0 0,battery charger,3105.15168
capital,Link,SK0 0,biogas to gas,26242383.0003
capital,Link,SK0 0,biomass to liquid,151345742.9339
capital,Link,SK0 0,biomass-to-methanol,2362.40929
capital,Link,SK0 0,electricity distribution grid,173130512.57623
capital,Link,SK0 0,gas DRI,3503.47799
capital,Link,SK0 0,heat100-200 industry electric boiler steam,306.61267
capital,Link,SK0 0,heat100-200 industry gas,3141042.36122
capital,Link,SK0 0,heat100-200 industry industrial heat pump high temperature,6493.14371
capital,Link,SK0 0,heat100-200 industry solid biomass,2924.91079
capital,Link,SK0 0,heat200-500 industry gas,275634.28243
capital,Link,SK0 0,heat200-500 industry hydrogen,120.56126
capital,Link,SK0 0,heat200-500 industry solid biomass,1058.1725
capital,Link,SK0 0,heat<100 industry electric boiler steam,291.52762
capital,Link,SK0 0,heat<100 industry gas,1514183.36459
capital,Link,SK0 0,heat<100 industry industrial heat pump medium temperature,3942.641
capital,Link,SK0 0,heat<100 industry solid biomass,2959.69552
capital,Link,SK0 0,heat>500 industry gas,715363.60003
capital,Link,SK0 0,heat>500 industry hydrogen,115.02327
capital,Link,SK0 0,home battery charger,3221.10445
capital,Link,SK0 0,methanolisation,13433055.98706
capital,Link,SK0 0,rural air heat pump,3770.11173
capital,Link,SK0 0,rural biomass boiler,12985709.66658
capital,Link,SK0 0,rural gas boiler,352189241.72972
capital,Link,SK0 0,rural ground heat pump,9913808.19611
capital,Link,SK0 0,rural resistive heater,2554186.91472
capital,Link,SK0 0,urban central air heat pump,2663.50505
capital,Link,SK0 0,urban central gas CHP,3670.87768
capital,Link,SK0 0,urban central gas boiler,13075397.60143
capital,Link,SK0 0,urban central resistive heater,6705.6537
capital,Link,SK0 0,urban central solid biomass CHP,7959.04884
capital,Link,SK0 0,urban central solid biomass CHP CC,31721045.06918
capital,Link,SK0 0,urban decentral air heat pump,16822561.60382
capital,Link,SK0 0,urban decentral biomass boiler,11478982.03607
capital,Link,SK0 0,urban decentral gas boiler,311324839.60569
capital,Link,SK0 0,urban decentral resistive heater,2533366.12877
capital,Link,SK0 0,waste CHP,1878.1601
capital,Link,XK0 0,Combined-Cycle Gas,2032.69994
capital,Link,XK0 0,EAF,2764.23408
capital,Link,XK0 0,H2 DRI,1503.63368
capital,Link,XK0 0,H2 Electrolysis,1587.67137
capital,Link,XK0 0,Haber-Bosch,11932.26044
capital,Link,XK0 0,Open-Cycle Gas,1348.86249
capital,Link,XK0 0,SMR,1266179.74822
capital,Link,XK0 0,Sabatier,767.4794
capital,Link,XK0 0,battery charger,3181.39137
capital,Link,XK0 0,biogas to gas,3169.55472
capital,Link,XK0 0,biomass to liquid,38848255.65306
capital,Link,XK0 0,biomass-to-methanol,2361.37213
capital,Link,XK0 0,electricity distribution grid,51590178.05412
capital,Link,XK0 0,gas DRI,2581.91684
capital,Link,XK0 0,heat100-200 industry electric boiler steam,369.57033
capital,Link,XK0 0,heat100-200 industry gas,117836.13709
capital,Link,XK0 0,heat100-200 industry industrial heat pump high temperature,2254611.50366
capital,Link,XK0 0,heat100-200 industry solid biomass,3539.91421
capital,Link,XK0 0,heat200-500 industry gas,15582.37013
capital,Link,XK0 0,heat200-500 industry hydrogen,152.78463
capital,Link,XK0 0,heat200-500 industry solid biomass,1445.66529
capital,Link,XK0 0,heat<100 industry electric boiler steam,377.23717
capital,Link,XK0 0,heat<100 industry gas,124050.45388
capital,Link,XK0 0,heat<100 industry industrial heat pump medium temperature,180430.03977
capital,Link,XK0 0,heat<100 industry solid biomass,4214.44923
capital,Link,XK0 0,heat>500 industry gas,23530.15783
capital,Link,XK0 0,heat>500 industry hydrogen,141.35919
capital,Link,XK0 0,home battery charger,8330.71452
capital,Link,XK0 0,methanolisation,1046089.91894
capital,Link,XK0 0,rural air heat pump,5197.16699
capital,Link,XK0 0,rural biomass boiler,4558.41104
capital,Link,XK0 0,rural gas boiler,16670.95786
capital,Link,XK0 0,rural ground heat pump,4838117.48071
capital,Link,XK0 0,rural resistive heater,2714.50341
capital,Link,XK0 0,urban central air heat pump,6419.86307
capital,Link,XK0 0,urban central gas CHP,2264.59503
capital,Link,XK0 0,urban central gas boiler,1449.01064
capital,Link,XK0 0,urban central resistive heater,1260.68997
capital,Link,XK0 0,urban central solid biomass CHP,9786.47477
capital,Link,XK0 0,urban central solid biomass CHP CC,2373527.50699
capital,Link,XK0 0,urban decentral air heat pump,6050.856
capital,Link,XK0 0,urban decentral biomass boiler,5607.84378
capital,Link,XK0 0,urban decentral gas boiler,2884762.09981
capital,Link,XK0 0,urban decentral resistive heater,313523.85965
capital,Link,XK0 0,waste CHP,1749.90533
capital,StorageUnit,AL0 0,Reservoir & Dam,308888750.57444
capital,StorageUnit,AT0 0,Pumped Hydro Storage,968906199.16096
capital,StorageUnit,AT0 0,Reservoir & Dam,795309515.52648
capital,StorageUnit,BA0 0,Pumped Hydro Storage,80387443.22041
capital,StorageUnit,BA0 0,Reservoir & Dam,324016205.79865
capital,StorageUnit,BE0 0,Pumped Hydro Storage,238969944.84614
capital,StorageUnit,BE0 0,Reservoir & Dam,2326790.57208
capital,StorageUnit,BG0 0,Pumped Hydro Storage,157851706.68736
capital,StorageUnit,BG0 0,Reservoir & Dam,351720641.91216
capital,StorageUnit,CH0 0,Pumped Hydro Storage,933142921.86461
capital,StorageUnit,CH0 0,Reservoir & Dam,1910456916.79149
capital,StorageUnit,CZ0 0,Pumped Hydro Storage,214672758.22305
capital,StorageUnit,CZ0 0,Reservoir & Dam,122953307.34807
capital,StorageUnit,DE0 0,Pumped Hydro Storage,58463595.06939
capital,StorageUnit,DE0 1,Pumped Hydro Storage,283200943.09336
capital,StorageUnit,DE0 2,Pumped Hydro Storage,380652813.52212
capital,StorageUnit,DE0 3,Pumped Hydro Storage,107885064.36636
capital,StorageUnit,DE0 4,Pumped Hydro Storage,310204181.4635
capital,StorageUnit,DE0 5,Pumped Hydro Storage,182662194.84493
capital,StorageUnit,ES0 0,Pumped Hydro Storage,1369939056.52681
capital,StorageUnit,ES0 0,Reservoir & Dam,2495507959.01041
capital,StorageUnit,ES6 0,Pumped Hydro Storage,250735743.35386
capital,StorageUnit,ES6 0,Reservoir & Dam,230966826.77735
capital,StorageUnit,FI1 0,Reservoir & Dam,213940218.20706
capital,StorageUnit,FR0 0,Pumped Hydro Storage,147620577.55022
capital,StorageUnit,FR0 1,Pumped Hydro Storage,640779271.834
capital,StorageUnit,FR0 1,Reservoir & Dam,860935785.39339
capital,StorageUnit,FR0 2,Pumped Hydro Storage,168265534.55909
capital,StorageUnit,FR0 2,Reservoir & Dam,655378064.4141
capital,StorageUnit,FR0 4,Reservoir & Dam,25395124.10827
capital,StorageUnit,FR5 0,Reservoir & Dam,24657347.05265
capital,StorageUnit,GB2 0,Reservoir & Dam,14524549.40005
capital,StorageUnit,GB3 0,Pumped Hydro Storage,80387443.22041
capital,StorageUnit,GB3 0,Reservoir & Dam,25943220.31204
capital,StorageUnit,GR0 0,Pumped Hydro Storage,127706415.4797
capital,StorageUnit,GR0 0,Reservoir & Dam,468804952.96269
capital,StorageUnit,HR0 0,Pumped Hydro Storage,44889079.08922
capital,StorageUnit,HR0 0,Reservoir & Dam,265352456.70155
capital,StorageUnit,HU0 0,Reservoir & Dam,5115564.56857
capital,StorageUnit,IE3 0,Pumped Hydro Storage,71617903.96001
capital,StorageUnit,IE3 0,Reservoir & Dam,182698.73459
capital,StorageUnit,IT0 0,Pumped Hydro Storage,437746168.08208
capital,StorageUnit,IT0 0,Reservoir & Dam,133187377.51746
capital,StorageUnit,IT0 1,Pumped Hydro Storage,901782684.07192
capital,StorageUnit,IT0 1,Reservoir & Dam,618946773.05027
capital,StorageUnit,IT4 0,Pumped Hydro Storage,43847696.30204
capital,StorageUnit,IT4 0,Reservoir & Dam,14250501.29816
capital,StorageUnit,LT0 0,Pumped Hydro Storage,164428861.13267
capital,StorageUnit,LU0 0,Pumped Hydro Storage,236412162.56186
capital,StorageUnit,ME0 0,Pumped Hydro Storage,56088511.5197
capital,StorageUnit,ME0 0,Reservoir & Dam,63023938.18354
capital,StorageUnit,MK0 0,Reservoir & Dam,67781230.53358
capital,StorageUnit,NO1 0,Pumped Hydro Storage,42806313.51487
capital,StorageUnit,NO1 0,Reservoir & Dam,5530456951.94381
capital,StorageUnit,PL0 0,Pumped Hydro Storage,465516375.74004
capital,StorageUnit,PL0 0,Reservoir & Dam,24297768.01451
capital,StorageUnit,PT0 0,Pumped Hydro Storage,716727135.80383
capital,StorageUnit,PT0 0,Reservoir & Dam,211820912.88579
capital,StorageUnit,RO0 0,Reservoir & Dam,812998407.00966
capital,StorageUnit,RS0 0,Pumped Hydro Storage,112177023.0394
capital,StorageUnit,RS0 0,Reservoir & Dam,144350270.20102
capital,StorageUnit,SE1 0,Pumped Hydro Storage,16808283.58245
capital,StorageUnit,SE1 0,Reservoir & Dam,1987613629.76376
capital,StorageUnit,SI0 0,Pumped Hydro Storage,32885772.22653
capital,StorageUnit,SI0 0,Reservoir & Dam,105269183.88448
capital,StorageUnit,SK0 0,Pumped Hydro Storage,150273363.17649
capital,StorageUnit,SK0 0,Reservoir & Dam,51594122.64874
capital,StorageUnit,XK0 0,Reservoir & Dam,6394455.71071
capital,Store,AL0 0,Battery Storage,3346.35674
capital,Store,AL0 0,H2 Store,2149.02875
capital,Store,AL0 0,co2 stored,2008.14035
capital,Store,AL0 0,gas,7779.64069
capital,Store,AL0 0,home battery,6827.46072
capital,Store,AT0 0,Battery Storage,2487.29969
capital,Store,AT0 0,H2 Store,2024.80802
capital,Store,AT0 0,co2 stored,1993.21535
capital,Store,AT0 0,gas,1558082524.81283
capital,Store,AT0 0,home battery,2150.85542
capital,Store,BA0 0,Battery Storage,2768.72608
capital,Store,BA0 0,H2 Store,2139.48462
capital,Store,BA0 0,co2 stored,2003.54778
capital,Store,BA0 0,gas,26929.09338
capital,Store,BA0 0,home battery,10195.77586
capital,Store,BE0 0,Battery Storage,2225.86965
capital,Store,BE0 0,H2 Store,2027.53819
capital,Store,BE0 0,co2 stored,2065.82464
capital,Store,BE0 0,gas,9733890.57722
capital,Store,BE0 0,home battery,2167.48398
capital,Store,BG0 0,Battery Storage,3147.6648
capital,Store,BG0 0,H2 Store,2026.36488
capital,Store,BG0 0,co2 sequestered,16967.06188
capital,Store,BG0 0,co2 stored,1989.48387
capital,Store,BG0 0,gas,101394861.22106
capital,Store,BG0 0,home battery,12144.21029
capital,Store,CH0 0,Battery Storage,2570.02034
capital,Store,CH0 0,H2 Store,2025.2456
capital,Store,CH0 0,co2 stored,2538.10887
capital,Store,CH0 0,gas,61823.27061
capital,Store,CH0 0,home battery,9344.84127
capital,Store,CZ0 0,Battery Storage,2308.39329
capital,Store,CZ0 0,H2 Store,2024.19183
capital,Store,CZ0 0,co2 stored,1989.53472
capital,Store,CZ0 0,gas,655370750.02124
capital,Store,CZ0 0,home battery,7189.88937
capital,Store,DE0 0,Battery Storage,2235.02932
capital,Store,DE0 0,H2 Store,2198.2228
capital,Store,DE0 0,co2 sequestered,44709246.4225
capital,Store,DE0 0,co2 stored,1983.71669
capital,Store,DE0 0,gas,1646930430.21598
capital,Store,DE0 0,home battery,2163.35843
capital,Store,DE0 1,Battery Storage,2202.46981
capital,Store,DE0 1,H2 Store,2065.07745
capital,Store,DE0 1,co2 stored,1995.32178
capital,Store,DE0 1,gas,619965116.10567
capital,Store,DE0 1,home battery,2149.21842
capital,Store,DE0 2,Battery Storage,2280.46761
capital,Store,DE0 2,H2 Store,2282.6124
capital,Store,DE0 2,co2 sequestered,43153579.0974
capital,Store,DE0 2,co2 stored,1984.17229
capital,Store,DE0 2,gas,1124458239.06236
capital,Store,DE0 2,home battery,2154.05338
capital,Store,DE0 3,Battery Storage,2337.97094
capital,Store,DE0 3,H2 Store,2022.75075
capital,Store,DE0 3,co2 stored,1997.00351
capital,Store,DE0 3,gas,604672024.76015
capital,Store,DE0 3,home battery,2143.36208
capital,Store,DE0 4,Battery Storage,2283.17136
capital,Store,DE0 4,H2 Store,2022.42647
capital,Store,DE0 4,co2 stored,2019.024
capital,Store,DE0 4,gas,107937542.80787
capital,Store,DE0 4,home battery,2138.34535
capital,Store,DE0 5,Battery Storage,2240.51811
capital,Store,DE0 5,H2 Store,2067.98588
capital,Store,DE0 5,co2 stored,1986.52367
capital,Store,DE0 5,gas,617600408.1954
capital,Store,DE0 5,home battery,2145.4561
capital,Store,DK0 0,Battery Storage,2475.17894
capital,Store,DK0 0,H2 Store,2335.08984
capital,Store,DK0 0,co2 sequestered,7343.87255
capital,Store,DK0 0,co2 stored,2006.65753
capital,Store,DK0 0,gas,67934480.47735
capital,Store,DK0 0,home battery,5865.56592
capital,Store,DK1 0,Battery Storage,2540.87131
capital,Store,DK1 0,H2 Store,1885.6911
capital,Store,DK1 0,co2 sequestered,7807.14291
capital,Store,DK1 0,co2 stored,2026.08941
capital,Store,DK1 0,gas,121673637.35474
capital,Store,DK1 0,home battery,7451.98166
capital,Store,EE0 0,Battery Storage,2151.80112
capital,Store,EE0 0,H2 Store,2022.04836
capital,Store,EE0 0,co2 sequestered,6913623.77848
capital,Store,EE0 0,co2 stored,1987.92603
capital,Store,EE0 0,gas,514967.18262
capital,Store,EE0 0,home battery,7299.77332
capital,Store,ES0 0,Battery Storage,8331.13642
capital,Store,ES0 0,H2 Store,2103.87186
capital,Store,ES0 0,co2 sequestered,4814.34177
capital,Store,ES0 0,co2 stored,2006.77228
capital,Store,ES0 0,gas,739155690.68628
capital,Store,ES0 0,home battery,10867.2009
capital,Store,ES6 0,Battery Storage,2145.64993
capital,Store,ES6 0,H2 Store,2020.69275
capital,Store,ES6 0,co2 stored,1987.44356
capital,Store,ES6 0,gas,92603.78772
capital,Store,ES6 0,home battery,7680.34008
capital,Store,EU,ammonia store,220810.87816
capital,Store,EU,methanol,0.0
capital,Store,EU,uranium,13341640953.59652
capital,Store,FI1 0,Battery Storage,2069.40846
capital,Store,FI1 0,H2 Store,2003.00488
capital,Store,FI1 0,co2 stored,2679.58415
capital,Store,FI1 0,gas,10714328.88952
capital,Store,FI1 0,home battery,7364.74194
capital,Store,FR0 0,Battery Storage,3117.48907
capital,Store,FR0 0,H2 Store,2027.23018
capital,Store,FR0 0,co2 stored,74258.40846
capital,Store,FR0 0,gas,1806246288.04526
capital,Store,FR0 0,home battery,10992.68449
capital,Store,FR0 1,Battery Storage,2604.92442
capital,Store,FR0 1,H2 Store,2195.93709
capital,Store,FR0 1,co2 stored,2951.10298
capital,Store,FR0 1,gas,146008568.08544
capital,Store,FR0 1,home battery,8388.92497
capital,Store,FR0 2,Battery Storage,5378.9458
capital,Store,FR0 2,H2 Store,2028.48534
capital,Store,FR0 2,co2 stored,22854.13893
capital,Store,FR0 2,gas,588089295.07269
capital,Store,FR0 2,home battery,22096.85279
capital,Store,FR0 3,Battery Storage,3723.09962
capital,Store,FR0 3,H2 Store,2027.35313
capital,Store,FR0 3,co2 stored,36506.58329
capital,Store,FR0 3,gas,2063.09226
capital,Store,FR0 3,home battery,13125.96956
capital,Store,FR0 4,Battery Storage,2765.46112
capital,Store,FR0 4,H2 Store,2127.36952
capital,Store,FR0 4,co2 stored,38387.02686
capital,Store,FR0 4,gas,256201962.3622
capital,Store,FR0 4,home battery,9597.2988
capital,Store,FR5 0,Battery Storage,5528.90136
capital,Store,FR5 0,H2 Store,2027.58224
capital,Store,FR5 0,co2 stored,1986.00452
capital,Store,FR5 0,gas,83026.52418
capital,Store,FR5 0,home battery,34910.02257
capital,Store,GB2 0,Battery Storage,2268.21054
capital,Store,GB2 0,H2 Store,2201.50753
capital,Store,GB2 0,co2 sequestered,6519.12833
capital,Store,GB2 0,co2 stored,1999.66849
capital,Store,GB2 0,gas,586813185.42452
capital,Store,GB2 0,home battery,6694.71761
capital,Store,GB2 1,Battery Storage,2273.2099
capital,Store,GB2 1,H2 Store,2201.54198
capital,Store,GB2 1,co2 sequestered,12979.97802
capital,Store,GB2 1,co2 stored,2007.42049
capital,Store,GB2 1,gas,1806246252.55695
capital,Store,GB2 1,home battery,6776.31307
capital,Store,GB3 0,Battery Storage,2194.49152
capital,Store,GB3 0,H2 Store,2086.55986
capital,Store,GB3 0,co2 stored,1990.59004
capital,Store,GB3 0,gas,83830504.67511
capital,Store,GB3 0,home battery,7128.96944
capital,Store,GR0 0,Battery Storage,3183.94186
capital,Store,GR0 0,H2 Store,2116.05914
capital,Store,GR0 0,co2 sequestered,6194.23242
capital,Store,GR0 0,co2 stored,2013.38781
capital,Store,GR0 0,gas,83830663.64771
capital,Store,GR0 0,home battery,7692.20266
capital,Store,HR0 0,Battery Storage,2763.86897
capital,Store,HR0 0,H2 Store,2026.71624
capital,Store,HR0 0,co2 stored,1994.40004
capital,Store,HR0 0,gas,179141567.23498
capital,Store,HR0 0,home battery,3484.00235
capital,Store,HU0 0,Battery Storage,2756.14254
capital,Store,HU0 0,H2 Store,2025.48382
capital,Store,HU0 0,co2 stored,1988.75218
capital,Store,HU0 0,gas,1593551917.60114
capital,Store,HU0 0,home battery,2048.8341
capital,Store,IE3 0,Battery Storage,2214.79079
capital,Store,IE3 0,H2 Store,2016.61973
capital,Store,IE3 0,co2 sequestered,13746.99256
capital,Store,IE3 0,co2 stored,2003.25842
capital,Store,IE3 0,gas,167660805.42029
capital,Store,IE3 0,home battery,4879.04227
capital,Store,IT0 0,Battery Storage,3439.72777
capital,Store,IT0 0,H2 Store,2021.05389
capital,Store,IT0 0,co2 sequestered,3976.62324
capital,Store,IT0 0,co2 stored,2011.10737
capital,Store,IT0 0,gas,862076736.19798
capital,Store,IT0 0,home battery,8662.26568
capital,Store,IT0 1,Battery Storage,2922.86009
capital,Store,IT0 1,H2 Store,2024.40937
capital,Store,IT0 1,co2 sequestered,71006119.91901
capital,Store,IT0 1,co2 stored,1983.87458
capital,Store,IT0 1,gas,1806249468.7925
capital,Store,IT0 1,home battery,7333.66379
capital,Store,IT4 0,Battery Storage,5600.46186
capital,Store,IT4 0,H2 Store,2033.02453
capital,Store,IT4 0,co2 stored,1990.32447
capital,Store,IT4 0,gas,1163327.72714
capital,Store,IT4 0,home battery,4479.79419
capital,Store,LT0 0,Battery Storage,2092.90954
capital,Store,LT0 0,H2 Store,2020.95776
capital,Store,LT0 0,co2 sequestered,8556283.78322
capital,Store,LT0 0,co2 stored,1983.87656
capital,Store,LT0 0,gas,2079.52911
capital,Store,LT0 0,home battery,2086.41202
capital,Store,LU0 0,Battery Storage,2588.7493
capital,Store,LU0 0,H2 Store,2035.01731
capital,Store,LU0 0,co2 stored,2220.75088
capital,Store,LU0 0,gas,55700.37318
capital,Store,LU0 0,home battery,2167.15885
capital,Store,LV0 0,Battery Storage,2102.84021
capital,Store,LV0 0,H2 Store,2020.16648
capital,Store,LV0 0,co2 sequestered,11738374.45459
capital,Store,LV0 0,co2 stored,1982.26827
capital,Store,LV0 0,gas,435997665.86432
capital,Store,LV0 0,home battery,5704.62642
capital,Store,ME0 0,Battery Storage,3153.74046
capital,Store,ME0 0,H2 Store,2029.18297
capital,Store,ME0 0,co2 stored,2005.68831
capital,Store,ME0 0,gas,15076.36163
capital,Store,ME0 0,home battery,7492.81095
capital,Store,MK0 0,Battery Storage,3198.6494
capital,Store,MK0 0,H2 Store,2027.91343
capital,Store,MK0 0,co2 stored,2019.55713
capital,Store,MK0 0,gas,27769.338
capital,Store,MK0 0,home battery,13469.27248
capital,Store,NL0 0,Battery Storage,2314.5693
capital,Store,NL0 0,H2 Store,2309.38176
capital,Store,NL0 0,co2 sequestered,19286.9251
capital,Store,NL0 0,co2 stored,1992.59334
capital,Store,NL0 0,gas,1806246238.11537
capital,Store,NL0 0,home battery,4524.2511
capital,Store,NO1 0,Battery Storage,2026.2133
capital,Store,NO1 0,H2 Store,2014.97507
capital,Store,NO1 0,co2 sequestered,5534.16227
capital,Store,NO1 0,co2 stored,2007.32217
capital,Store,NO1 0,gas,2033.58375
capital,Store,NO1 0,home battery,7322.05202
capital,Store,PL0 0,Battery Storage,2528.3292
capital,Store,PL0 0,H2 Store,2149.24674
capital,Store,PL0 0,co2 sequestered,45365105.22802
capital,Store,PL0 0,co2 stored,1984.74124
capital,Store,PL0 0,gas,1806246443.08628
capital,Store,PL0 0,home battery,6266.09616
capital,Store,PT0 0,Battery Storage,7607.19237
capital,Store,PT0 0,H2 Store,2198.35896
capital,Store,PT0 0,co2 sequestered,6264.27922
capital,Store,PT0 0,co2 stored,2020.39533
capital,Store,PT0 0,gas,83830796.65399
capital,Store,PT0 0,home battery,32456.19445
capital,Store,RO0 0,Battery Storage,3133.38105
capital,Store,RO0 0,H2 Store,2092.27656
capital,Store,RO0 0,co2 stored,1993.26419
capital,Store,RO0 0,gas,925471152.24701
capital,Store,RO0 0,home battery,2188.76901
capital,Store,RS0 0,Battery Storage,2990.03586
capital,Store,RS0 0,H2 Store,2027.40355
capital,Store,RS0 0,co2 stored,2013.84452
capital,Store,RS0 0,gas,83830682.31836
capital,Store,RS0 0,home battery,12064.26727
capital,Store,SE1 0,Battery Storage,2063.47928
capital,Store,SE1 0,H2 Store,2004.05227
capital,Store,SE1 0,co2 sequestered,120923.80204
capital,Store,SE1 0,co2 stored,1990.06466
capital,Store,SE1 0,gas,63878728.83631
capital,Store,SE1 0,home battery,7170.57299
capital,Store,SI0 0,Battery Storage,2729.70036
capital,Store,SI0 0,H2 Store,2026.43564
capital,Store,SI0 0,co2 stored,1991.72751
capital,Store,SI0 0,gas,766017.21217
capital,Store,SI0 0,home battery,2137.65379
capital,Store,SK0 0,Battery Storage,2556.21706
capital,Store,SK0 0,H2 Store,2026.88748
capital,Store,SK0 0,co2 stored,1987.53779
capital,Store,SK0 0,gas,608400634.89761
capital,Store,SK0 0,home battery,2060.82427
capital,Store,XK0 0,Battery Storage,3165.71199
capital,Store,XK0 0,H2 Store,2028.06716
capital,Store,XK0 0,co2 stored,2007.07751
capital,Store,XK0 0,gas,2554.35416
capital,Store,XK0 0,home battery,13450.28156
marginal,Generator,,co2-ets,23871680995.27088
marginal,Generator,AL0 0,Offshore Wind (AC),0.20795
marginal,Generator,AL0 0,Offshore Wind (Floating),0.20531
marginal,Generator,AL0 0,Onshore Wind,2283.52185
marginal,Generator,AL0 0,Run of River,2127.00459
marginal,Generator,AL0 0,Solar,8338.1143
marginal,Generator,AL0 0,forest residues,6443426.88665
marginal,Generator,AL0 0,industry wood,3919357.88377
marginal,Generator,AL0 0,landscape care,711.19712
marginal,Generator,AL0 0,manure and slurry,445.23667
marginal,Generator,AL0 0,municipal solid waste,1735.66288
marginal,Generator,AL0 0,rural heat vent,0.38084
marginal,Generator,AL0 0,rural solar thermal,0.09705
marginal,Generator,AL0 0,sewage sludge,621.33213
marginal,Generator,AL0 0,solar-hsat,162669.78889
marginal,Generator,AL0 0,solid biomass,2878.15411
marginal,Generator,AL0 0,straw,499.76136
marginal,Generator,AL0 0,unsustainable solid biomass,17850952.92457
marginal,Generator,AL0 0,urban central heat vent,0.38337
marginal,Generator,AL0 0,urban central solar thermal,0.75957
marginal,Generator,AL0 0,urban decentral heat vent,0.34086
marginal,Generator,AL0 0,urban decentral solar thermal,0.09723
marginal,Generator,AT0 0,Onshore Wind,95756.53718
marginal,Generator,AT0 0,Run of River,204531.98795
marginal,Generator,AT0 0,Solar,9621.7133
marginal,Generator,AT0 0,forest residues,138825248.01257
marginal,Generator,AT0 0,gas,384514853.53416
marginal,Generator,AT0 0,industry wood,78666919.30341
marginal,Generator,AT0 0,landscape care,4082376.49343
marginal,Generator,AT0 0,manure and slurry,521.852
marginal,Generator,AT0 0,municipal solid waste,7363.67511
marginal,Generator,AT0 0,rural solar thermal,0.06741
marginal,Generator,AT0 0,sewage sludge,483.15135
marginal,Generator,AT0 0,solar-hsat,832762.61397
marginal,Generator,AT0 0,solid biomass,1668.13679
marginal,Generator,AT0 0,straw,542.61528
marginal,Generator,AT0 0,unsustainable biogas,102843189.89886
marginal,Generator,AT0 0,unsustainable bioliquids,420166564.46637
marginal,Generator,AT0 0,unsustainable solid biomass,520608290.17839
marginal,Generator,AT0 0,urban central heat vent,6.73608
marginal,Generator,AT0 0,urban central solar thermal,0.25097
marginal,Generator,AT0 0,urban decentral heat vent,0.41667
marginal,Generator,AT0 0,urban decentral solar thermal,0.06639
marginal,Generator,BA0 0,Offshore Wind (AC),0.062
marginal,Generator,BA0 0,Offshore Wind (Floating),0.02445
marginal,Generator,BA0 0,Onshore Wind,4377.9744
marginal,Generator,BA0 0,Solar,7163.13599
marginal,Generator,BA0 0,forest residues,8076278.01334
marginal,Generator,BA0 0,industry wood,13287579.42355
marginal,Generator,BA0 0,landscape care,1549.95546
marginal,Generator,BA0 0,manure and slurry,373.53761
marginal,Generator,BA0 0,municipal solid waste,582.21329
marginal,Generator,BA0 0,rural heat vent,1.64666
marginal,Generator,BA0 0,rural solar thermal,0.05342
marginal,Generator,BA0 0,sewage sludge,413.70722
marginal,Generator,BA0 0,solar-hsat,149405.40903
marginal,Generator,BA0 0,solid biomass,2717.88854
marginal,Generator,BA0 0,straw,372.29705
marginal,Generator,BA0 0,unsustainable biogas,766896.15905
marginal,Generator,BA0 0,unsustainable solid biomass,161927379.47455
marginal,Generator,BA0 0,urban central heat vent,2.09418
marginal,Generator,BA0 0,urban central solar thermal,0.44362
marginal,Generator,BA0 0,urban decentral heat vent,1.5691
marginal,Generator,BA0 0,urban decentral solar thermal,0.0564
marginal,Generator,BE0 0,Offshore Wind (AC),251973.33764
marginal,Generator,BE0 0,Offshore Wind (DC),81066.78025
marginal,Generator,BE0 0,Offshore Wind (Floating),0.25804
marginal,Generator,BE0 0,Onshore Wind,272898.0907
marginal,Generator,BE0 0,Run of River,2837.06248
marginal,Generator,BE0 0,Solar,9616.77659
marginal,Generator,BE0 0,forest residues,41724386.83754
marginal,Generator,BE0 0,gas,4648804953.57645
marginal,Generator,BE0 0,industry wood,11815353.59138
marginal,Generator,BE0 0,landscape care,5046218.18858
marginal,Generator,BE0 0,manure and slurry,763.25046
marginal,Generator,BE0 0,municipal solid waste,31731.3498
marginal,Generator,BE0 0,rural solar thermal,0.00755
marginal,Generator,BE0 0,sewage sludge,522.973
marginal,Generator,BE0 0,solar-hsat,4.14473
marginal,Generator,BE0 0,solid biomass,33457510.72517
marginal,Generator,BE0 0,straw,477.0971
marginal,Generator,BE0 0,unsustainable biogas,111024824.81406
marginal,Generator,BE0 0,unsustainable bioliquids,481333980.25628
marginal,Generator,BE0 0,unsustainable solid biomass,133296252.26093
marginal,Generator,BE0 0,urban central heat vent,0.42637
marginal,Generator,BE0 0,urban central solar thermal,0.11001
marginal,Generator,BE0 0,urban decentral heat vent,0.50698
marginal,Generator,BE0 0,urban decentral solar thermal,0.01958
marginal,Generator,BG0 0,Offshore Wind (AC),0.55746
marginal,Generator,BG0 0,Offshore Wind (DC),0.62068
marginal,Generator,BG0 0,Offshore Wind (Floating),0.39207
marginal,Generator,BG0 0,Onshore Wind,16562.26362
marginal,Generator,BG0 0,Run of River,1571.17493
marginal,Generator,BG0 0,Solar,65567.00782
marginal,Generator,BG0 0,forest residues,65872484.0627
marginal,Generator,BG0 0,gas,2064342527.82611
marginal,Generator,BG0 0,industry wood,19931512.18288
marginal,Generator,BG0 0,landscape care,4458486.58588
marginal,Generator,BG0 0,manure and slurry,629.43402
marginal,Generator,BG0 0,municipal solid waste,3078.98936
marginal,Generator,BG0 0,rural solar thermal,0.09067
marginal,Generator,BG0 0,sewage sludge,141.05338
marginal,Generator,BG0 0,solar-hsat,301668.53464
marginal,Generator,BG0 0,solid biomass,2588.14518
marginal,Generator,BG0 0,straw,806.6264
marginal,Generator,BG0 0,unsustainable biogas,24422923.34874
marginal,Generator,BG0 0,unsustainable bioliquids,174228529.15218
marginal,Generator,BG0 0,unsustainable solid biomass,180752243.63314
marginal,Generator,BG0 0,urban central heat vent,2.25659
marginal,Generator,BG0 0,urban central solar thermal,0.37152
marginal,Generator,BG0 0,urban decentral heat vent,1.40796
marginal,Generator,BG0 0,urban decentral solar thermal,0.08101
marginal,Generator,CH0 0,Onshore Wind,569.22791
marginal,Generator,CH0 0,Run of River,115798.46481
marginal,Generator,CH0 0,Solar,2383.97283
marginal,Generator,CH0 0,forest residues,173386036.08174
marginal,Generator,CH0 0,industry wood,76653034.32166
marginal,Generator,CH0 0,landscape care,16175.41412
marginal,Generator,CH0 0,manure and slurry,452.96965
marginal,Generator,CH0 0,municipal solid waste,73328.21967
marginal,Generator,CH0 0,rural solar thermal,0.0272
marginal,Generator,CH0 0,sewage sludge,1176.34488
marginal,Generator,CH0 0,solar-hsat,969981.11345
marginal,Generator,CH0 0,solid biomass,1520.91577
marginal,Generator,CH0 0,straw,552.1515
marginal,Generator,CH0 0,unsustainable solid biomass,1403.55409
marginal,Generator,CH0 0,urban central heat vent,126.14633
marginal,Generator,CH0 0,urban central solar thermal,0.25281
marginal,Generator,CH0 0,urban decentral heat vent,2.11649
marginal,Generator,CH0 0,urban decentral solar thermal,0.02823
marginal,Generator,CZ0 0,Onshore Wind,5975.50251
marginal,Generator,CZ0 0,Run of River,1321.06689
marginal,Generator,CZ0 0,Solar,28578.19797
marginal,Generator,CZ0 0,forest residues,105287287.84581
marginal,Generator,CZ0 0,industry wood,51907075.02531
marginal,Generator,CZ0 0,landscape care,9266132.90954
marginal,Generator,CZ0 0,manure and slurry,533.15478
marginal,Generator,CZ0 0,municipal solid waste,3194.82217
marginal,Generator,CZ0 0,rural solar thermal,0.03119
marginal,Generator,CZ0 0,sewage sludge,390.79988
marginal,Generator,CZ0 0,solar-hsat,2049.92189
marginal,Generator,CZ0 0,solid biomass,2115.92441
marginal,Generator,CZ0 0,straw,718.51075
marginal,Generator,CZ0 0,unsustainable biogas,278560951.05171
marginal,Generator,CZ0 0,unsustainable bioliquids,295370932.70559
marginal,Generator,CZ0 0,unsustainable solid biomass,375887076.92238
marginal,Generator,CZ0 0,urban central heat vent,0.46339
marginal,Generator,CZ0 0,urban central solar thermal,0.18352
marginal,Generator,CZ0 0,urban decentral heat vent,0.56599
marginal,Generator,CZ0 0,urban decentral solar thermal,0.0334
marginal,Generator,DE0 0,Offshore Wind (AC),237671.43337
marginal,Generator,DE0 0,Offshore Wind (DC),201529.28881
marginal,Generator,DE0 0,Offshore Wind (Floating),0.23877
marginal,Generator,DE0 0,Onshore Wind,833027.29261
marginal,Generator,DE0 0,Run of River,3338.71994
marginal,Generator,DE0 0,Solar,54175.47433
marginal,Generator,DE0 0,forest residues,86036350.01792
marginal,Generator,DE0 0,gas,3324708993.60062
marginal,Generator,DE0 0,industry wood,37419633.52184
marginal,Generator,DE0 0,landscape care,3005610.8805
marginal,Generator,DE0 0,manure and slurry,589.30488
marginal,Generator,DE0 0,municipal solid waste,18461.61326
marginal,Generator,DE0 0,rural solar thermal,0.03
marginal,Generator,DE0 0,sewage sludge,430.44826
marginal,Generator,DE0 0,solar-hsat,5.25266
marginal,Generator,DE0 0,solid biomass,1689.67457
marginal,Generator,DE0 0,straw,565.58141
marginal,Generator,DE0 0,unsustainable biogas,775566395.44643
marginal,Generator,DE0 0,unsustainable bioliquids,805908835.74136
marginal,Generator,DE0 0,unsustainable solid biomass,303402409.00979
marginal,Generator,DE0 0,urban central heat vent,0.47488
marginal,Generator,DE0 0,urban central solar thermal,0.10266
marginal,Generator,DE0 0,urban decentral heat vent,0.17385
marginal,Generator,DE0 0,urban decentral solar thermal,0.02606
marginal,Generator,DE0 1,Onshore Wind,141235.70653
marginal,Generator,DE0 1,Run of River,8851.54277
marginal,Generator,DE0 1,Solar,84559.10843
marginal,Generator,DE0 1,forest residues,69555755.80059
marginal,Generator,DE0 1,industry wood,29259221.87669
marginal,Generator,DE0 1,landscape care,2349221.86572
marginal,Generator,DE0 1,manure and slurry,572.39824
marginal,Generator,DE0 1,municipal solid waste,10122.04615
marginal,Generator,DE0 1,rural solar thermal,0.02846
marginal,Generator,DE0 1,sewage sludge,426.26559
marginal,Generator,DE0 1,solar-hsat,439.91946
marginal,Generator,DE0 1,solid biomass,1688.31073
marginal,Generator,DE0 1,straw,629.7928
marginal,Generator,DE0 1,unsustainable biogas,469209805.68285
marginal,Generator,DE0 1,unsustainable bioliquids,487564749.02487
marginal,Generator,DE0 1,unsustainable solid biomass,183543189.95989
marginal,Generator,DE0 1,urban central heat vent,0.43609
marginal,Generator,DE0 1,urban central solar thermal,0.12315
marginal,Generator,DE0 1,urban decentral heat vent,0.19146
marginal,Generator,DE0 1,urban decentral solar thermal,0.02986
marginal,Generator,DE0 2,Offshore Wind (AC),717543.74659
marginal,Generator,DE0 2,Offshore Wind (DC),1416278.10014
marginal,Generator,DE0 2,Offshore Wind (Floating),0.40174
marginal,Generator,DE0 2,Onshore Wind,398080.49924
marginal,Generator,DE0 2,Run of River,17052.91118
marginal,Generator,DE0 2,Solar,32445.14785
marginal,Generator,DE0 2,forest residues,60828777.43036
marginal,Generator,DE0 2,gas,7162260243.75382
marginal,Generator,DE0 2,industry wood,29224921.25645
marginal,Generator,DE0 2,landscape care,2349265.08316
marginal,Generator,DE0 2,manure and slurry,737.36822
marginal,Generator,DE0 2,municipal solid waste,26331.37766
marginal,Generator,DE0 2,rural solar thermal,0.02532
marginal,Generator,DE0 2,sewage sludge,456.44872
marginal,Generator,DE0 2,solar-hsat,4.45275
marginal,Generator,DE0 2,solid biomass,236977247.79636
marginal,Generator,DE0 2,straw,691.18229
marginal,Generator,DE0 2,unsustainable biogas,546532940.33558
marginal,Generator,DE0 2,unsustainable bioliquids,567915255.48312
marginal,Generator,DE0 2,unsustainable solid biomass,213811433.29154
marginal,Generator,DE0 2,urban central heat vent,0.4373
marginal,Generator,DE0 2,urban central solar thermal,0.12515
marginal,Generator,DE0 2,urban decentral heat vent,0.18746
marginal,Generator,DE0 2,urban decentral solar thermal,0.02207
marginal,Generator,DE0 3,Onshore Wind,13865.51273
marginal,Generator,DE0 3,Run of River,127537.22841
marginal,Generator,DE0 3,Solar,102654.38602
marginal,Generator,DE0 3,forest residues,102410951.57786
marginal,Generator,DE0 3,industry wood,41048168.48409
marginal,Generator,DE0 3,landscape care,3291791.9209
marginal,Generator,DE0 3,manure and slurry,557.76185
marginal,Generator,DE0 3,municipal solid waste,12529.83774
marginal,Generator,DE0 3,rural solar thermal,0.047
marginal,Generator,DE0 3,sewage sludge,432.56757
marginal,Generator,DE0 3,solar-hsat,477346.41143
marginal,Generator,DE0 3,solid biomass,1687.70196
marginal,Generator,DE0 3,straw,621.20679
marginal,Generator,DE0 3,unsustainable biogas,589809199.79211
marginal,Generator,DE0 3,unsustainable bioliquids,612884506.1875
marginal,Generator,DE0 3,unsustainable solid biomass,230718760.01584
marginal,Generator,DE0 3,urban central heat vent,0.44344
marginal,Generator,DE0 3,urban central solar thermal,0.20893
marginal,Generator,DE0 3,urban decentral heat vent,0.18782
marginal,Generator,DE0 3,urban decentral solar thermal,0.03912
marginal,Generator,DE0 4,Onshore Wind,102918.77985
marginal,Generator,DE0 4,Run of River,33385.95606
marginal,Generator,DE0 4,Solar,48825.78296
marginal,Generator,DE0 4,forest residues,86922136.00892
marginal,Generator,DE0 4,industry wood,40436383.42296
marginal,Generator,DE0 4,landscape care,3244359.29641
marginal,Generator,DE0 4,manure and slurry,641.95838
marginal,Generator,DE0 4,municipal solid waste,25303.40185
marginal,Generator,DE0 4,rural solar thermal,0.04156
marginal,Generator,DE0 4,sewage sludge,477.38111
marginal,Generator,DE0 4,solar-hsat,85866.64249
marginal,Generator,DE0 4,solid biomass,1949.15065
marginal,Generator,DE0 4,straw,605.71828
marginal,Generator,DE0 4,unsustainable biogas,577213828.42654
marginal,Generator,DE0 4,unsustainable bioliquids,599785340.80571
marginal,Generator,DE0 4,unsustainable solid biomass,225792274.30434
marginal,Generator,DE0 4,urban central heat vent,0.41793
marginal,Generator,DE0 4,urban central solar thermal,0.20064
marginal,Generator,DE0 4,urban decentral heat vent,0.15793
marginal,Generator,DE0 4,urban decentral solar thermal,0.03399
marginal,Generator,DE0 5,Offshore Wind (AC),231257.73704
marginal,Generator,DE0 5,Offshore Wind (DC),31248.14277
marginal,Generator,DE0 5,Offshore Wind (Floating),0.29073
marginal,Generator,DE0 5,Onshore Wind,711513.32727
marginal,Generator,DE0 5,Run of River,4333.30554
marginal,Generator,DE0 5,Solar,232874.49164
marginal,Generator,DE0 5,forest residues,97049976.78939
marginal,Generator,DE0 5,gas,2023865623.15026
marginal,Generator,DE0 5,industry wood,40174163.02404
marginal,Generator,DE0 5,landscape care,3229052.90385
marginal,Generator,DE0 5,manure and slurry,674.27877
marginal,Generator,DE0 5,municipal solid waste,16209.66898
marginal,Generator,DE0 5,rural solar thermal,0.03127
marginal,Generator,DE0 5,sewage sludge,394.2951
marginal,Generator,DE0 5,solar-hsat,439.33621
marginal,Generator,DE0 5,solid biomass,1690.30316
marginal,Generator,DE0 5,straw,598.70054
marginal,Generator,DE0 5,unsustainable biogas,681456448.13063
marginal,Generator,DE0 5,unsustainable bioliquids,708107203.96981
marginal,Generator,DE0 5,unsustainable solid biomass,266570065.76916
marginal,Generator,DE0 5,urban central heat vent,0.63336
marginal,Generator,DE0 5,urban central solar thermal,0.12834
marginal,Generator,DE0 5,urban decentral heat vent,0.18844
marginal,Generator,DE0 5,urban decentral solar thermal,0.03056
marginal,Generator,DK0 0,Offshore Wind (AC),177692.91328
marginal,Generator,DK0 0,Offshore Wind (DC),3.66458
marginal,Generator,DK0 0,Offshore Wind (Floating),0.7225
marginal,Generator,DK0 0,Onshore Wind,1461957.92958
marginal,Generator,DK0 0,Solar,32989.56034
marginal,Generator,DK0 0,forest residues,17048174.08642
marginal,Generator,DK0 0,gas,1349861643.55064
marginal,Generator,DK0 0,industry wood,6143620.56549
marginal,Generator,DK0 0,landscape care,1932620.0207
marginal,Generator,DK0 0,manure and slurry,846.21806
marginal,Generator,DK0 0,municipal solid waste,10565.85862
marginal,Generator,DK0 0,rural solar thermal,0.01186
marginal,Generator,DK0 0,sewage sludge,435.23191
marginal,Generator,DK0 0,solar-hsat,1.96276
marginal,Generator,DK0 0,solid biomass,1481.56832
marginal,Generator,DK0 0,straw,500.8975
marginal,Generator,DK0 0,unsustainable biogas,138222722.87443
marginal,Generator,DK0 0,unsustainable bioliquids,2641883.5775
marginal,Generator,DK0 0,unsustainable solid biomass,121968332.17772
marginal,Generator,DK0 0,urban central heat vent,5.04873
marginal,Generator,DK0 0,urban central solar thermal,0.08088
marginal,Generator,DK0 0,urban decentral heat vent,5.11968
marginal,Generator,DK0 0,urban decentral solar thermal,0.01946
marginal,Generator,DK1 0,Offshore Wind (AC),114539.4662
marginal,Generator,DK1 0,Offshore Wind (DC),0.82061
marginal,Generator,DK1 0,Offshore Wind (Floating),0.52919
marginal,Generator,DK1 0,Onshore Wind,622755.11668
marginal,Generator,DK1 0,Solar,11763.35901
marginal,Generator,DK1 0,forest residues,4453795.216
marginal,Generator,DK1 0,industry wood,1980320.3241
marginal,Generator,DK1 0,landscape care,634475.43967
marginal,Generator,DK1 0,manure and slurry,540.92243
marginal,Generator,DK1 0,municipal solid waste,10537.71888
marginal,Generator,DK1 0,rural solar thermal,0.01292
marginal,Generator,DK1 0,sewage sludge,412.75148
marginal,Generator,DK1 0,solar-hsat,2.49959
marginal,Generator,DK1 0,solid biomass,3538.19182
marginal,Generator,DK1 0,straw,468.72105
marginal,Generator,DK1 0,unsustainable biogas,50460558.12125
marginal,Generator,DK1 0,unsustainable bioliquids,964471.04121
marginal,Generator,DK1 0,unsustainable solid biomass,44527363.4623
marginal,Generator,DK1 0,urban central heat vent,14.71953
marginal,Generator,DK1 0,urban central solar thermal,0.09732
marginal,Generator,DK1 0,urban decentral heat vent,8.18571
marginal,Generator,DK1 0,urban decentral solar thermal,0.02818
marginal,Generator,EE0 0,Offshore Wind (AC),5.53742
marginal,Generator,EE0 0,Offshore Wind (DC),3.49804
marginal,Generator,EE0 0,Offshore Wind (Floating),0.73199
marginal,Generator,EE0 0,Onshore Wind,321442.62378
marginal,Generator,EE0 0,Solar,8186.94672
marginal,Generator,EE0 0,forest residues,46336222.87651
marginal,Generator,EE0 0,industry wood,28509073.66513
marginal,Generator,EE0 0,landscape care,1909920.90059
marginal,Generator,EE0 0,manure and slurry,532.03667
marginal,Generator,EE0 0,municipal solid waste,3206.85024
marginal,Generator,EE0 0,rural solar thermal,0.02315
marginal,Generator,EE0 0,sewage sludge,0.86999
marginal,Generator,EE0 0,solar-hsat,9.28179
marginal,Generator,EE0 0,solid biomass,2103.78792
marginal,Generator,EE0 0,straw,437.14683
marginal,Generator,EE0 0,unsustainable biogas,6651480.42727
marginal,Generator,EE0 0,unsustainable solid biomass,196665376.95748
marginal,Generator,EE0 0,urban central heat vent,0.59467
marginal,Generator,EE0 0,urban central solar thermal,0.09464
marginal,Generator,EE0 0,urban decentral heat vent,0.34768
marginal,Generator,EE0 0,urban decentral solar thermal,0.01703
marginal,Generator,ES0 0,Offshore Wind (AC),1239.83951
marginal,Generator,ES0 0,Offshore Wind (Floating),0.39683
marginal,Generator,ES0 0,Onshore Wind,1006641.11946
marginal,Generator,ES0 0,Run of River,1972.52908
marginal,Generator,ES0 0,Solar,1162315.9536
marginal,Generator,ES0 0,forest residues,155899267.45544
marginal,Generator,ES0 0,gas,7919981881.6473
marginal,Generator,ES0 0,industry wood,56074131.77801
marginal,Generator,ES0 0,landscape care,22171741.311
marginal,Generator,ES0 0,manure and slurry,898.22418
marginal,Generator,ES0 0,municipal solid waste,24551.52565
marginal,Generator,ES0 0,rural solar thermal,0.12155
marginal,Generator,ES0 0,sewage sludge,376.74273
marginal,Generator,ES0 0,solar-hsat,2159213.89637
marginal,Generator,ES0 0,solid biomass,1786.40465
marginal,Generator,ES0 0,straw,828.91061
marginal,Generator,ES0 0,unsustainable biogas,138401800.98234
marginal,Generator,ES0 0,unsustainable bioliquids,2181179841.49654
marginal,Generator,ES0 0,unsustainable solid biomass,557019861.67469
marginal,Generator,ES0 0,urban central heat vent,106.24724
marginal,Generator,ES0 0,urban central solar thermal,0.47882
marginal,Generator,ES0 0,urban decentral heat vent,4.44566
marginal,Generator,ES0 0,urban decentral solar thermal,0.17273
marginal,Generator,ES6 0,Offshore Wind (AC),0.26287
marginal,Generator,ES6 0,Offshore Wind (Floating),0.22324
marginal,Generator,ES6 0,Onshore Wind,0.84348
marginal,Generator,ES6 0,Run of River,2312.05918
marginal,Generator,ES6 0,Solar,8557.36789
marginal,Generator,ES6 0,forest residues,1175795.76047
marginal,Generator,ES6 0,industry wood,491787.3697
marginal,Generator,ES6 0,landscape care,174249.11678
marginal,Generator,ES6 0,manure and slurry,403.00911
marginal,Generator,ES6 0,municipal solid waste,1278.24674
marginal,Generator,ES6 0,rural solar thermal,0.27877
marginal,Generator,ES6 0,sewage sludge,497.39572
marginal,Generator,ES6 0,solar-hsat,48772.13742
marginal,Generator,ES6 0,solid biomass,10539.35637
marginal,Generator,ES6 0,straw,345.13525
marginal,Generator,ES6 0,unsustainable biogas,1083297.7662
marginal,Generator,ES6 0,unsustainable bioliquids,17072359.1317
marginal,Generator,ES6 0,unsustainable solid biomass,4365928.23014
marginal,Generator,ES6 0,urban central heat vent,0.84414
marginal,Generator,ES6 0,urban central solar thermal,0.42743
marginal,Generator,ES6 0,urban decentral heat vent,0.26462
marginal,Generator,ES6 0,urban decentral solar thermal,0.08635
marginal,Generator,EU,co2-ets,196646024431.24063
marginal,Generator,EU,coal,2892783177.53548
marginal,Generator,EU,lignite,286072.20759
marginal,Generator,EU,oil primary,271599340826.95813
marginal,Generator,EU,uranium,6579192878.20431
marginal,Generator,FI1 0,Offshore Wind (AC),9.39776
marginal,Generator,FI1 0,Offshore Wind (DC),15.54494
marginal,Generator,FI1 0,Offshore Wind (Floating),0.88993
marginal,Generator,FI1 0,Onshore Wind,472511.61529
marginal,Generator,FI1 0,Run of River,76006.94891
marginal,Generator,FI1 0,Solar,2793.7142
marginal,Generator,FI1 0,forest residues,233625202.38908
marginal,Generator,FI1 0,gas,1519660124.0636
marginal,Generator,FI1 0,industry wood,126203256.75682
marginal,Generator,FI1 0,landscape care,7501140.32133
marginal,Generator,FI1 0,manure and slurry,514.5736
marginal,Generator,FI1 0,municipal solid waste,10368.93474
marginal,Generator,FI1 0,rural solar thermal,0.01043
marginal,Generator,FI1 0,sewage sludge,453.68308
marginal,Generator,FI1 0,solar-hsat,4.46775
marginal,Generator,FI1 0,solid biomass,1613.97951
marginal,Generator,FI1 0,straw,559.41814
marginal,Generator,FI1 0,unsustainable biogas,89879852.07594
marginal,Generator,FI1 0,unsustainable bioliquids,430649342.49071
marginal,Generator,FI1 0,unsustainable solid biomass,962733533.86226
marginal,Generator,FI1 0,urban central heat vent,10.95039
marginal,Generator,FI1 0,urban central solar thermal,0.06698
marginal,Generator,FI1 0,urban decentral heat vent,0.37486
marginal,Generator,FI1 0,urban decentral solar thermal,0.01338
marginal,Generator,FR0 0,Offshore Wind (AC),97783.94262
marginal,Generator,FR0 0,Offshore Wind (DC),5.62431
marginal,Generator,FR0 0,Offshore Wind (Floating),0.29544
marginal,Generator,FR0 0,Onshore Wind,688067.84114
marginal,Generator,FR0 0,Solar,32152.26778
marginal,Generator,FR0 0,forest residues,38254759.56438
marginal,Generator,FR0 0,gas,4723571037.16783
marginal,Generator,FR0 0,industry wood,39845389.77541
marginal,Generator,FR0 0,landscape care,7637288.66311
marginal,Generator,FR0 0,manure and slurry,626.90499
marginal,Generator,FR0 0,municipal solid waste,25176.01196
marginal,Generator,FR0 0,rural solar thermal,0.01967
marginal,Generator,FR0 0,sewage sludge,650.61335
marginal,Generator,FR0 0,solar-hsat,1.6995
marginal,Generator,FR0 0,solid biomass,1653.50377
marginal,Generator,FR0 0,straw,631.23343
marginal,Generator,FR0 0,unsustainable biogas,157962216.81138
marginal,Generator,FR0 0,unsustainable bioliquids,893890310.5244
marginal,Generator,FR0 0,unsustainable solid biomass,391602363.07506
marginal,Generator,FR0 0,urban central heat vent,0.61959
marginal,Generator,FR0 0,urban central solar thermal,0.11411
marginal,Generator,FR0 0,urban decentral heat vent,1.8955
marginal,Generator,FR0 0,urban decentral solar thermal,0.02283
marginal,Generator,FR0 1,Offshore Wind (AC),9139.04295
marginal,Generator,FR0 1,Offshore Wind (Floating),0.67801
marginal,Generator,FR0 1,Onshore Wind,43447.34371
marginal,Generator,FR0 1,Run of River,136772.8583
marginal,Generator,FR0 1,Solar,78479.61566
marginal,Generator,FR0 1,forest residues,48949343.13027
marginal,Generator,FR0 1,gas,3035801133.85625
marginal,Generator,FR0 1,industry wood,48023726.69417
marginal,Generator,FR0 1,landscape care,9205609.32897
marginal,Generator,FR0 1,manure and slurry,632.00474
marginal,Generator,FR0 1,municipal solid waste,17786.86707
marginal,Generator,FR0 1,rural solar thermal,0.07294
marginal,Generator,FR0 1,sewage sludge,825.25377
marginal,Generator,FR0 1,solar-hsat,1100884.66289
marginal,Generator,FR0 1,solid biomass,1788.77718
marginal,Generator,FR0 1,straw,576.84646
marginal,Generator,FR0 1,unsustainable biogas,53988544.85194
marginal,Generator,FR0 1,unsustainable bioliquids,305510423.73548
marginal,Generator,FR0 1,unsustainable solid biomass,133852922.0627
marginal,Generator,FR0 1,urban central heat vent,1.59716
marginal,Generator,FR0 1,urban central solar thermal,0.54147
marginal,Generator,FR0 1,urban decentral heat vent,1.7432
marginal,Generator,FR0 1,urban decentral solar thermal,0.08197
marginal,Generator,FR0 2,Offshore Wind (AC),1.15072
marginal,Generator,FR0 2,Offshore Wind (DC),0.94058
marginal,Generator,FR0 2,Offshore Wind (Floating),0.43109
marginal,Generator,FR0 2,Onshore Wind,106503.68577
marginal,Generator,FR0 2,Run of River,42659.6904
marginal,Generator,FR0 2,Solar,120130.05164
marginal,Generator,FR0 2,forest residues,94732403.03197
marginal,Generator,FR0 2,industry wood,77521590.5611
marginal,Generator,FR0 2,landscape care,14897273.96432
marginal,Generator,FR0 2,manure and slurry,858.78386
marginal,Generator,FR0 2,municipal solid waste,11412.74478
marginal,Generator,FR0 2,rural solar thermal,0.05969
marginal,Generator,FR0 2,sewage sludge,815.25533
marginal,Generator,FR0 2,solar-hsat,65682.54111
marginal,Generator,FR0 2,solid biomass,1637.36465
marginal,Generator,FR0 2,straw,565.74965
marginal,Generator,FR0 2,unsustainable biogas,93446121.41049
marginal,Generator,FR0 2,unsustainable bioliquids,528802515.68733
marginal,Generator,FR0 2,unsustainable solid biomass,231681074.86132
marginal,Generator,FR0 2,urban central heat vent,0.74717
marginal,Generator,FR0 2,urban central solar thermal,0.2596
marginal,Generator,FR0 2,urban decentral heat vent,1.84173
marginal,Generator,FR0 2,urban decentral solar thermal,0.05843
marginal,Generator,FR0 3,Offshore Wind (AC),139112.48594
marginal,Generator,FR0 3,Offshore Wind (DC),4.43463
marginal,Generator,FR0 3,Offshore Wind (Floating),0.80236
marginal,Generator,FR0 3,Onshore Wind,204140.39291
marginal,Generator,FR0 3,Solar,19222.82135
marginal,Generator,FR0 3,forest residues,20661693.44802
marginal,Generator,FR0 3,gas,1859527696.76868
marginal,Generator,FR0 3,industry wood,19979572.16285
marginal,Generator,FR0 3,landscape care,3833509.39744
marginal,Generator,FR0 3,manure and slurry,178.61708
marginal,Generator,FR0 3,municipal solid waste,12197.89838
marginal,Generator,FR0 3,rural solar thermal,0.036
marginal,Generator,FR0 3,sewage sludge,852.22131
marginal,Generator,FR0 3,solar-hsat,2.76429
marginal,Generator,FR0 3,solid biomass,1640.77549
marginal,Generator,FR0 3,straw,595.63409
marginal,Generator,FR0 3,unsustainable biogas,89437670.8882
marginal,Generator,FR0 3,unsustainable bioliquids,506105031.28396
marginal,Generator,FR0 3,unsustainable solid biomass,221715512.33593
marginal,Generator,FR0 3,urban central heat vent,0.68269
marginal,Generator,FR0 3,urban central solar thermal,0.14721
marginal,Generator,FR0 3,urban decentral heat vent,1.83631
marginal,Generator,FR0 3,urban decentral solar thermal,0.03075
marginal,Generator,FR0 4,Onshore Wind,158076.1689
marginal,Generator,FR0 4,Run of River,50464.64877
marginal,Generator,FR0 4,Solar,23500.51276
marginal,Generator,FR0 4,forest residues,49937167.11801
marginal,Generator,FR0 4,industry wood,47116266.82608
marginal,Generator,FR0 4,landscape care,9051302.69989
marginal,Generator,FR0 4,manure and slurry,726.96246
marginal,Generator,FR0 4,municipal solid waste,9006.3723
marginal,Generator,FR0 4,rural solar thermal,0.0312
marginal,Generator,FR0 4,sewage sludge,1234.03894
marginal,Generator,FR0 4,solar-hsat,2.06663
marginal,Generator,FR0 4,solid biomass,1640.85935
marginal,Generator,FR0 4,straw,607.19941
marginal,Generator,FR0 4,unsustainable biogas,70204060.62579
marginal,Generator,FR0 4,unsustainable bioliquids,397270437.99341
marginal,Generator,FR0 4,unsustainable solid biomass,174056516.86619
marginal,Generator,FR0 4,urban central heat vent,3.00268
marginal,Generator,FR0 4,urban central solar thermal,0.15889
marginal,Generator,FR0 4,urban decentral heat vent,409.84488
marginal,Generator,FR0 4,urban decentral solar thermal,0.03117
marginal,Generator,FR5 0,Offshore Wind (AC),0.19205
marginal,Generator,FR5 0,Offshore Wind (Floating),0.19312
marginal,Generator,FR5 0,Onshore Wind,521.79973
marginal,Generator,FR5 0,Solar,1.25807
marginal,Generator,FR5 0,forest residues,1128750.09695
marginal,Generator,FR5 0,industry wood,1152536.5085
marginal,Generator,FR5 0,landscape care,228357.54072
marginal,Generator,FR5 0,manure and slurry,354.93721
marginal,Generator,FR5 0,municipal solid waste,1054.43023
marginal,Generator,FR5 0,rural solar thermal,0.10117
marginal,Generator,FR5 0,sewage sludge,67.26054
marginal,Generator,FR5 0,solar-hsat,52663.70236
marginal,Generator,FR5 0,solid biomass,1563.43694
marginal,Generator,FR5 0,straw,466.43458
marginal,Generator,FR5 0,unsustainable biogas,1095359.01375
marginal,Generator,FR5 0,unsustainable bioliquids,6198403.39918
marginal,Generator,FR5 0,unsustainable solid biomass,2716855.21952
marginal,Generator,FR5 0,urban decentral heat vent,1.06278
marginal,Generator,GB2 0,Offshore Wind (AC),836229.71464
marginal,Generator,GB2 0,Offshore Wind (DC),11.72549
marginal,Generator,GB2 0,Offshore Wind (Floating),1.02974
marginal,Generator,GB2 0,Onshore Wind,1363123.42228
marginal,Generator,GB2 0,Run of River,39881.44576
marginal,Generator,GB2 0,Solar,29526.46156
marginal,Generator,GB2 0,forest residues,47697957.23642
marginal,Generator,GB2 0,gas,5155317850.8023
marginal,Generator,GB2 0,industry wood,27510144.29279
marginal,Generator,GB2 0,landscape care,9017422.69064
marginal,Generator,GB2 0,manure and slurry,724.45242
marginal,Generator,GB2 0,municipal solid waste,5562.555
marginal,Generator,GB2 0,rural solar thermal,0.01038
marginal,Generator,GB2 0,sewage sludge,436.2323
marginal,Generator,GB2 0,solar-hsat,1.25471
marginal,Generator,GB2 0,solid biomass,1628.87393
marginal,Generator,GB2 0,straw,477.68392
marginal,Generator,GB2 0,unsustainable biogas,479754196.14172
marginal,Generator,GB2 0,unsustainable bioliquids,225892060.14555
marginal,Generator,GB2 0,unsustainable solid biomass,191572252.05595
marginal,Generator,GB2 0,urban central heat vent,2059.76553
marginal,Generator,GB2 0,urban central solar thermal,0.05685
marginal,Generator,GB2 0,urban decentral heat vent,0.20176
marginal,Generator,GB2 0,urban decentral solar thermal,0.01165
marginal,Generator,GB2 1,Offshore Wind (AC),1801444.92814
marginal,Generator,GB2 1,Offshore Wind (DC),5.53685
marginal,Generator,GB2 1,Offshore Wind (Floating),0.8284
marginal,Generator,GB2 1,Onshore Wind,1214119.33476
marginal,Generator,GB2 1,Solar,191623.60887
marginal,Generator,GB2 1,forest residues,16396591.9992
marginal,Generator,GB2 1,gas,7305017947.08665
marginal,Generator,GB2 1,industry wood,8793977.17513
marginal,Generator,GB2 1,landscape care,2928622.82991
marginal,Generator,GB2 1,manure and slurry,719.79493
marginal,Generator,GB2 1,municipal solid waste,7088.01309
marginal,Generator,GB2 1,rural solar thermal,0.01925
marginal,Generator,GB2 1,sewage sludge,395.1837
marginal,Generator,GB2 1,solar-hsat,2.0474
marginal,Generator,GB2 1,solid biomass,1632.77153
marginal,Generator,GB2 1,straw,554.59187
marginal,Generator,GB2 1,unsustainable biogas,778290932.6051
marginal,Generator,GB2 1,unsustainable bioliquids,366450596.33152
marginal,Generator,GB2 1,unsustainable solid biomass,310764761.39411
marginal,Generator,GB2 1,urban central heat vent,287.61719
marginal,Generator,GB2 1,urban central solar thermal,0.08179
marginal,Generator,GB2 1,urban decentral heat vent,0.2164
marginal,Generator,GB2 1,urban decentral solar thermal,0.01965
marginal,Generator,GB3 0,Offshore Wind (AC),5.8254
marginal,Generator,GB3 0,Offshore Wind (DC),4.73361
marginal,Generator,GB3 0,Offshore Wind (Floating),1.02352
marginal,Generator,GB3 0,Onshore Wind,118845.81134
marginal,Generator,GB3 0,Run of River,9829.88862
marginal,Generator,GB3 0,Solar,4023.4397
marginal,Generator,GB3 0,forest residues,2369724.00739
marginal,Generator,GB3 0,industry wood,1251554.40623
marginal,Generator,GB3 0,landscape care,405026.38566
marginal,Generator,GB3 0,manure and slurry,532.79084
marginal,Generator,GB3 0,municipal solid waste,1077.07519
marginal,Generator,GB3 0,rural solar thermal,0.01176
marginal,Generator,GB3 0,sewage sludge,754.92275
marginal,Generator,GB3 0,solar-hsat,1.04686
marginal,Generator,GB3 0,solid biomass,1633.18842
marginal,Generator,GB3 0,straw,344.28002
marginal,Generator,GB3 0,unsustainable biogas,57724350.92836
marginal,Generator,GB3 0,unsustainable bioliquids,27179365.83455
marginal,Generator,GB3 0,unsustainable solid biomass,23051467.9474
marginal,Generator,GB3 0,urban central heat vent,46.62528
marginal,Generator,GB3 0,urban central solar thermal,0.04948
marginal,Generator,GB3 0,urban decentral heat vent,0.20787
marginal,Generator,GB3 0,urban decentral solar thermal,0.01071
marginal,Generator,GR0 0,Offshore Wind (AC),0.54615
marginal,Generator,GR0 0,Offshore Wind (DC),1.81041
marginal,Generator,GR0 0,Offshore Wind (Floating),0.47926
marginal,Generator,GR0 0,Onshore Wind,184715.5395
marginal,Generator,GR0 0,Run of River,1756.90227
marginal,Generator,GR0 0,Solar,122962.84253
marginal,Generator,GR0 0,forest residues,11637341.07005
marginal,Generator,GR0 0,gas,1889045669.66421
marginal,Generator,GR0 0,industry wood,9214432.97523
marginal,Generator,GR0 0,landscape care,5155025.08217
marginal,Generator,GR0 0,manure and slurry,575.80782
marginal,Generator,GR0 0,municipal solid waste,2963.28753
marginal,Generator,GR0 0,rural solar thermal,1.84391
marginal,Generator,GR0 0,sewage sludge,348.52497
marginal,Generator,GR0 0,solar-hsat,663178.71637
marginal,Generator,GR0 0,solid biomass,62419149.65795
marginal,Generator,GR0 0,straw,510.94842
marginal,Generator,GR0 0,unsustainable biogas,59907216.22352
marginal,Generator,GR0 0,unsustainable bioliquids,190424280.2182
marginal,Generator,GR0 0,unsustainable solid biomass,86012474.63348
marginal,Generator,GR0 0,urban central heat vent,5.01473
marginal,Generator,GR0 0,urban central solar thermal,0.43016
marginal,Generator,GR0 0,urban decentral heat vent,3.73237
marginal,Generator,GR0 0,urban decentral solar thermal,0.13387
marginal,Generator,HR0 0,Offshore Wind (AC),0.40471
marginal,Generator,HR0 0,Offshore Wind (DC),0.46251
marginal,Generator,HR0 0,Offshore Wind (Floating),0.20775
marginal,Generator,HR0 0,Onshore Wind,24102.98556
marginal,Generator,HR0 0,Run of River,10889.41368
marginal,Generator,HR0 0,Solar,2123.83928
marginal,Generator,HR0 0,forest residues,22164541.71245
marginal,Generator,HR0 0,industry wood,16494662.96039
marginal,Generator,HR0 0,landscape care,1698388.2896
marginal,Generator,HR0 0,manure and slurry,501.12323
marginal,Generator,HR0 0,municipal solid waste,672.85368
marginal,Generator,HR0 0,rural solar thermal,0.09619
marginal,Generator,HR0 0,sewage sludge,504.18689
marginal,Generator,HR0 0,solar-hsat,193209.75365
marginal,Generator,HR0 0,solid biomass,2195.92819
marginal,Generator,HR0 0,straw,533.70679
marginal,Generator,HR0 0,unsustainable biogas,39402420.99088
marginal,Generator,HR0 0,unsustainable bioliquids,246201.63918
marginal,Generator,HR0 0,unsustainable solid biomass,165877910.16893
marginal,Generator,HR0 0,urban central heat vent,0.41511
marginal,Generator,HR0 0,urban central solar thermal,0.49354
marginal,Generator,HR0 0,urban decentral heat vent,0.27755
marginal,Generator,HR0 0,urban decentral solar thermal,0.07189
marginal,Generator,HU0 0,Onshore Wind,10301.47629
marginal,Generator,HU0 0,Run of River,855.1432
marginal,Generator,HU0 0,Solar,64389.59121
marginal,Generator,HU0 0,forest residues,63368679.72364
marginal,Generator,HU0 0,gas,2885281634.30645
marginal,Generator,HU0 0,industry wood,27341264.63404
marginal,Generator,HU0 0,landscape care,5070355.58357
marginal,Generator,HU0 0,manure and slurry,710.957
marginal,Generator,HU0 0,municipal solid waste,8648.17613
marginal,Generator,HU0 0,rural solar thermal,0.04632
marginal,Generator,HU0 0,sewage sludge,449.39965
marginal,Generator,HU0 0,solar-hsat,452405.99494
marginal,Generator,HU0 0,solid biomass,2349.27031
marginal,Generator,HU0 0,straw,726.6431
marginal,Generator,HU0 0,unsustainable biogas,43331523.48307
marginal,Generator,HU0 0,unsustainable bioliquids,499361402.37741
marginal,Generator,HU0 0,unsustainable solid biomass,228983116.48214
marginal,Generator,HU0 0,urban central heat vent,0.45376
marginal,Generator,HU0 0,urban central solar thermal,0.32879
marginal,Generator,HU0 0,urban decentral heat vent,0.33271
marginal,Generator,HU0 0,urban decentral solar thermal,0.04953
marginal,Generator,IE3 0,Offshore Wind (AC),2799.03629
marginal,Generator,IE3 0,Offshore Wind (DC),43474.97146
marginal,Generator,IE3 0,Offshore Wind (Floating),0.99336
marginal,Generator,IE3 0,Onshore Wind,345120.67209
marginal,Generator,IE3 0,Run of River,8968.28033
marginal,Generator,IE3 0,Solar,22752.68899
marginal,Generator,IE3 0,forest residues,18319789.54183
marginal,Generator,IE3 0,gas,461562090.11271
marginal,Generator,IE3 0,industry wood,10539218.89118
marginal,Generator,IE3 0,landscape care,3818195.05047
marginal,Generator,IE3 0,manure and slurry,584.7531
marginal,Generator,IE3 0,municipal solid waste,2188.18772
marginal,Generator,IE3 0,rural solar thermal,0.01068
marginal,Generator,IE3 0,sewage sludge,748.0808
marginal,Generator,IE3 0,solar-hsat,1.37715
marginal,Generator,IE3 0,solid biomass,1683.8189
marginal,Generator,IE3 0,straw,395.14254
marginal,Generator,IE3 0,unsustainable biogas,24270896.81281
marginal,Generator,IE3 0,unsustainable bioliquids,48293583.42452
marginal,Generator,IE3 0,unsustainable solid biomass,26473080.0819
marginal,Generator,IE3 0,urban central heat vent,205.81761
marginal,Generator,IE3 0,urban central solar thermal,0.07037
marginal,Generator,IE3 0,urban decentral heat vent,0.22396
marginal,Generator,IE3 0,urban decentral solar thermal,0.01669
marginal,Generator,IT0 0,Offshore Wind (AC),1414.82898
marginal,Generator,IT0 0,Offshore Wind (DC),0.57368
marginal,Generator,IT0 0,Offshore Wind (Floating),0.279
marginal,Generator,IT0 0,Onshore Wind,222002.97194
marginal,Generator,IT0 0,Run of River,53686.88473
marginal,Generator,IT0 0,Solar,107116.28497
marginal,Generator,IT0 0,forest residues,54067929.98495
marginal,Generator,IT0 0,gas,6334446459.80157
marginal,Generator,IT0 0,industry wood,26253956.45664
marginal,Generator,IT0 0,landscape care,4147283.59987
marginal,Generator,IT0 0,manure and slurry,511.83307
marginal,Generator,IT0 0,municipal solid waste,15208.12977
marginal,Generator,IT0 0,rural solar thermal,0.12483
marginal,Generator,IT0 0,sewage sludge,455.07808
marginal,Generator,IT0 0,solar-hsat,1516608.73883
marginal,Generator,IT0 0,solid biomass,176818914.44914
marginal,Generator,IT0 0,straw,725.03905
marginal,Generator,IT0 0,unsustainable biogas,318701813.03697
marginal,Generator,IT0 0,unsustainable bioliquids,370420733.05886
marginal,Generator,IT0 0,unsustainable solid biomass,267552180.01009
marginal,Generator,IT0 0,urban central heat vent,7.66601
marginal,Generator,IT0 0,urban central solar thermal,0.43739
marginal,Generator,IT0 0,urban decentral heat vent,3.95641
marginal,Generator,IT0 0,urban decentral solar thermal,0.09781
marginal,Generator,IT0 1,Offshore Wind (AC),0.3371
marginal,Generator,IT0 1,Offshore Wind (DC),0.30685
marginal,Generator,IT0 1,Offshore Wind (Floating),0.189
marginal,Generator,IT0 1,Onshore Wind,2710.53072
marginal,Generator,IT0 1,Run of River,190401.25248
marginal,Generator,IT0 1,Solar,35641.48958
marginal,Generator,IT0 1,forest residues,104385663.15998
marginal,Generator,IT0 1,gas,6510190571.94516
marginal,Generator,IT0 1,industry wood,48368725.58829
marginal,Generator,IT0 1,landscape care,7653449.70912
marginal,Generator,IT0 1,manure and slurry,967.49067
marginal,Generator,IT0 1,municipal solid waste,16102.44494
marginal,Generator,IT0 1,rural solar thermal,0.06986
marginal,Generator,IT0 1,sewage sludge,456.18112
marginal,Generator,IT0 1,solar-hsat,1826463.60552
marginal,Generator,IT0 1,solid biomass,1714.52723
marginal,Generator,IT0 1,straw,652.9204
marginal,Generator,IT0 1,unsustainable biogas,630391341.24068
marginal,Generator,IT0 1,unsustainable bioliquids,732716804.23555
marginal,Generator,IT0 1,unsustainable solid biomass,529144333.9554
marginal,Generator,IT0 1,urban central heat vent,7.51361
marginal,Generator,IT0 1,urban central solar thermal,0.2932
marginal,Generator,IT0 1,urban decentral heat vent,1.57689
marginal,Generator,IT0 1,urban decentral solar thermal,0.08705
marginal,Generator,IT4 0,Offshore Wind (AC),0.61962
marginal,Generator,IT4 0,Offshore Wind (Floating),0.31796
marginal,Generator,IT4 0,Onshore Wind,41049.13514
marginal,Generator,IT4 0,Run of River,1864.18763
marginal,Generator,IT4 0,Solar,13320.28372
marginal,Generator,IT4 0,forest residues,2165038.70835
marginal,Generator,IT4 0,industry wood,1068649.11607
marginal,Generator,IT4 0,landscape care,171235.34115
marginal,Generator,IT4 0,manure and slurry,420.85661
marginal,Generator,IT4 0,municipal solid waste,1389.01689
marginal,Generator,IT4 0,rural solar thermal,0.14317
marginal,Generator,IT4 0,sewage sludge,691.20127
marginal,Generator,IT4 0,solar-hsat,132299.10719
marginal,Generator,IT4 0,solid biomass,48260327.88954
marginal,Generator,IT4 0,straw,403.04166
marginal,Generator,IT4 0,unsustainable biogas,15856692.7214
marginal,Generator,IT4 0,unsustainable bioliquids,18430263.61247
marginal,Generator,IT4 0,unsustainable solid biomass,13325924.17458
marginal,Generator,IT4 0,urban central heat vent,2.15402
marginal,Generator,IT4 0,urban central solar thermal,0.64133
marginal,Generator,IT4 0,urban decentral heat vent,2.26118
marginal,Generator,IT4 0,urban decentral solar thermal,0.13394
marginal,Generator,LT0 0,Offshore Wind (AC),30.88954
marginal,Generator,LT0 0,Offshore Wind (DC),41.98118
marginal,Generator,LT0 0,Offshore Wind (Floating),0.65317
marginal,Generator,LT0 0,Onshore Wind,64061.9276
marginal,Generator,LT0 0,Run of River,4389.18882
marginal,Generator,LT0 0,Solar,6170.00731
marginal,Generator,LT0 0,forest residues,46189376.03157
marginal,Generator,LT0 0,gas,1401791726.71948
marginal,Generator,LT0 0,industry wood,21904865.67227
marginal,Generator,LT0 0,landscape care,3198798.14511
marginal,Generator,LT0 0,manure and slurry,520.46527
marginal,Generator,LT0 0,municipal solid waste,1784.01146
marginal,Generator,LT0 0,rural solar thermal,0.02056
marginal,Generator,LT0 0,sewage sludge,9.63626
marginal,Generator,LT0 0,solar-hsat,13.94635
marginal,Generator,LT0 0,solid biomass,2317.74742
marginal,Generator,LT0 0,straw,576.38218
marginal,Generator,LT0 0,unsustainable biogas,18683575.7975
marginal,Generator,LT0 0,unsustainable bioliquids,167529666.68092
marginal,Generator,LT0 0,unsustainable solid biomass,139170348.46924
marginal,Generator,LT0 0,urban central heat vent,0.44655
marginal,Generator,LT0 0,urban central solar thermal,0.10002
marginal,Generator,LT0 0,urban decentral heat vent,0.2789
marginal,Generator,LT0 0,urban decentral solar thermal,0.0167
marginal,Generator,LU0 0,Onshore Wind,7849.1523
marginal,Generator,LU0 0,Solar,1065.40394
marginal,Generator,LU0 0,forest residues,3936573.15402
marginal,Generator,LU0 0,industry wood,2176413.91589
marginal,Generator,LU0 0,landscape care,106824.79629
marginal,Generator,LU0 0,manure and slurry,387.48698
marginal,Generator,LU0 0,municipal solid waste,781.62496
marginal,Generator,LU0 0,rural solar thermal,0.0278
marginal,Generator,LU0 0,sewage sludge,912.06257
marginal,Generator,LU0 0,solar-hsat,116445.50944
marginal,Generator,LU0 0,solid biomass,1626.02728
marginal,Generator,LU0 0,straw,406.27817
marginal,Generator,LU0 0,unsustainable biogas,8622841.10534
marginal,Generator,LU0 0,unsustainable solid biomass,12713155.80674
marginal,Generator,LU0 0,urban central heat vent,45.17356
marginal,Generator,LU0 0,urban central solar thermal,0.09082
marginal,Generator,LU0 0,urban decentral heat vent,0.16203
marginal,Generator,LU0 0,urban decentral solar thermal,0.0232
marginal,Generator,LV0 0,Offshore Wind (AC),8.17581
marginal,Generator,LV0 0,Offshore Wind (DC),11.58321
marginal,Generator,LV0 0,Offshore Wind (Floating),0.98927
marginal,Generator,LV0 0,Onshore Wind,6087.30888
marginal,Generator,LV0 0,Run of River,33971.87529
marginal,Generator,LV0 0,Solar,823.17386
marginal,Generator,LV0 0,forest residues,87641570.35826
marginal,Generator,LV0 0,industry wood,43356603.16998
marginal,Generator,LV0 0,landscape care,2915913.01171
marginal,Generator,LV0 0,manure and slurry,615.24788
marginal,Generator,LV0 0,municipal solid waste,1194.1999
marginal,Generator,LV0 0,rural solar thermal,0.02172
marginal,Generator,LV0 0,sewage sludge,855.55796
marginal,Generator,LV0 0,solar-hsat,10.74593
marginal,Generator,LV0 0,solid biomass,2179.50204
marginal,Generator,LV0 0,straw,505.69871
marginal,Generator,LV0 0,unsustainable biogas,38650061.67627
marginal,Generator,LV0 0,unsustainable bioliquids,81157605.22983
marginal,Generator,LV0 0,unsustainable solid biomass,273862138.95778
marginal,Generator,LV0 0,urban central heat vent,0.41865
marginal,Generator,LV0 0,urban central solar thermal,0.09677
marginal,Generator,LV0 0,urban decentral heat vent,0.32463
marginal,Generator,LV0 0,urban decentral solar thermal,0.01785
marginal,Generator,ME0 0,Offshore Wind (AC),0.06332
marginal,Generator,ME0 0,Offshore Wind (Floating),0.1482
marginal,Generator,ME0 0,Onshore Wind,918.57656
marginal,Generator,ME0 0,Run of River,294.73034
marginal,Generator,ME0 0,Solar,84.34164
marginal,Generator,ME0 0,forest residues,1349263.25671
marginal,Generator,ME0 0,industry wood,1801531.10754
marginal,Generator,ME0 0,landscape care,3.23962
marginal,Generator,ME0 0,manure and slurry,540.11781
marginal,Generator,ME0 0,municipal solid waste,640.24606
marginal,Generator,ME0 0,rural heat vent,2.01962
marginal,Generator,ME0 0,rural solar thermal,0.06655
marginal,Generator,ME0 0,sewage sludge,0.72451
marginal,Generator,ME0 0,solar-hsat,170650.78268
marginal,Generator,ME0 0,solid biomass,2685.74385
marginal,Generator,ME0 0,straw,722.79872
marginal,Generator,ME0 0,unsustainable solid biomass,19371367.25793
marginal,Generator,ME0 0,urban central heat vent,0.83933
marginal,Generator,ME0 0,urban central solar thermal,0.55861
marginal,Generator,ME0 0,urban decentral heat vent,1.86845
marginal,Generator,ME0 0,urban decentral solar thermal,0.07098
marginal,Generator,MK0 0,Onshore Wind,371.75943
marginal,Generator,MK0 0,Run of River,4919.57796
marginal,Generator,MK0 0,Solar,8534.51024
marginal,Generator,MK0 0,forest residues,2925761.62796
marginal,Generator,MK0 0,industry wood,4997166.97498
marginal,Generator,MK0 0,landscape care,855.18762
marginal,Generator,MK0 0,manure and slurry,379.60375
marginal,Generator,MK0 0,municipal solid waste,1185.08482
marginal,Generator,MK0 0,rural heat vent,1.71913
marginal,Generator,MK0 0,rural solar thermal,0.05486
marginal,Generator,MK0 0,sewage sludge,660.79954
marginal,Generator,MK0 0,solar-hsat,53933.27742
marginal,Generator,MK0 0,solid biomass,3071.5304
marginal,Generator,MK0 0,straw,362.3866
marginal,Generator,MK0 0,unsustainable biogas,9083878.86926
marginal,Generator,MK0 0,unsustainable solid biomass,18369291.49715
marginal,Generator,MK0 0,urban central heat vent,2.26861
marginal,Generator,MK0 0,urban central solar thermal,0.44327
marginal,Generator,MK0 0,urban decentral heat vent,1.75034
marginal,Generator,MK0 0,urban decentral solar thermal,0.06332
marginal,Generator,NL0 0,Offshore Wind (AC),676959.2537
marginal,Generator,NL0 0,Offshore Wind (DC),10.44767
marginal,Generator,NL0 0,Offshore Wind (Floating),0.3168
marginal,Generator,NL0 0,Onshore Wind,2107135.25867
marginal,Generator,NL0 0,Solar,98592.84942
marginal,Generator,NL0 0,forest residues,7501868.08034
marginal,Generator,NL0 0,gas,7030215985.24542
marginal,Generator,NL0 0,industry wood,3585424.37189
marginal,Generator,NL0 0,landscape care,2276359.18178
marginal,Generator,NL0 0,manure and slurry,628.35834
marginal,Generator,NL0 0,municipal solid waste,45332.23491
marginal,Generator,NL0 0,rural solar thermal,0.00071
marginal,Generator,NL0 0,sewage sludge,388.22633
marginal,Generator,NL0 0,solar-hsat,4.13894
marginal,Generator,NL0 0,solid biomass,1637.21216
marginal,Generator,NL0 0,straw,391.46995
marginal,Generator,NL0 0,unsustainable biogas,170729776.42714
marginal,Generator,NL0 0,unsustainable bioliquids,1880219951.69254
marginal,Generator,NL0 0,unsustainable solid biomass,160665077.1741
marginal,Generator,NL0 0,urban central heat vent,1.27275
marginal,Generator,NL0 0,urban central solar thermal,0.09884
marginal,Generator,NL0 0,urban decentral heat vent,0.21356
marginal,Generator,NL0 0,urban decentral solar thermal,0.02312
marginal,Generator,NO1 0,Offshore Wind (AC),13192.7434
marginal,Generator,NO1 0,Offshore Wind (DC),5.17801
marginal,Generator,NO1 0,Offshore Wind (Floating),0.85076
marginal,Generator,NO1 0,Onshore Wind,262859.6026
marginal,Generator,NO1 0,Run of River,36028.57983
marginal,Generator,NO1 0,Solar,25.2154
marginal,Generator,NO1 0,forest residues,60250828.33353
marginal,Generator,NO1 0,gas,2807572641.53782
marginal,Generator,NO1 0,industry wood,48516603.94152
marginal,Generator,NO1 0,landscape care,2106.86868
marginal,Generator,NO1 0,manure and slurry,1077.34971
marginal,Generator,NO1 0,municipal solid waste,17059.96015
marginal,Generator,NO1 0,rural solar thermal,0.0108
marginal,Generator,NO1 0,sewage sludge,405.80899
marginal,Generator,NO1 0,solar-hsat,1.17549
marginal,Generator,NO1 0,solid biomass,445935952.47057
marginal,Generator,NO1 0,straw,549.19342
marginal,Generator,NO1 0,unsustainable biogas,41568690.50811
marginal,Generator,NO1 0,unsustainable bioliquids,80129495.17974
marginal,Generator,NO1 0,unsustainable solid biomass,104100586.88525
marginal,Generator,NO1 0,urban central heat vent,2328.13642
marginal,Generator,NO1 0,urban central solar thermal,0.06788
marginal,Generator,NO1 0,urban decentral heat vent,0.39475
marginal,Generator,NO1 0,urban decentral solar thermal,0.00979
marginal,Generator,PL0 0,Offshore Wind (AC),558566.55425
marginal,Generator,PL0 0,Offshore Wind (DC),726392.04554
marginal,Generator,PL0 0,Offshore Wind (Floating),1.15024
marginal,Generator,PL0 0,Onshore Wind,512446.54114
marginal,Generator,PL0 0,Run of River,10921.43094
marginal,Generator,PL0 0,Solar,54821.33134
marginal,Generator,PL0 0,forest residues,257971341.94999
marginal,Generator,PL0 0,gas,5741531145.87436
marginal,Generator,PL0 0,industry wood,123301265.49329
marginal,Generator,PL0 0,landscape care,17531092.49881
marginal,Generator,PL0 0,manure and slurry,814.96976
marginal,Generator,PL0 0,municipal solid waste,21790.37904
marginal,Generator,PL0 0,rural solar thermal,0.03586
marginal,Generator,PL0 0,sewage sludge,385.18065
marginal,Generator,PL0 0,solar-hsat,869594.91718
marginal,Generator,PL0 0,solid biomass,2314.66053
marginal,Generator,PL0 0,straw,613.5754
marginal,Generator,PL0 0,unsustainable biogas,143083315.33704
marginal,Generator,PL0 0,unsustainable bioliquids,1036326590.86717
marginal,Generator,PL0 0,unsustainable solid biomass,1004537198.21699
marginal,Generator,PL0 0,urban central heat vent,0.46279
marginal,Generator,PL0 0,urban central solar thermal,0.1812
marginal,Generator,PL0 0,urban decentral heat vent,0.1769
marginal,Generator,PL0 0,urban decentral solar thermal,0.03299
marginal,Generator,PT0 0,Offshore Wind (AC),2066.30446
marginal,Generator,PT0 0,Offshore Wind (Floating),0.57545
marginal,Generator,PT0 0,Onshore Wind,194401.9611
marginal,Generator,PT0 0,Run of River,67088.33827
marginal,Generator,PT0 0,Solar,109172.40737
marginal,Generator,PT0 0,forest residues,71459927.51181
marginal,Generator,PT0 0,gas,1109439717.02801
marginal,Generator,PT0 0,industry wood,27088961.35917
marginal,Generator,PT0 0,landscape care,4892700.05197
marginal,Generator,PT0 0,manure and slurry,593.18614
marginal,Generator,PT0 0,municipal solid waste,12767.38887
marginal,Generator,PT0 0,rural solar thermal,0.10877
marginal,Generator,PT0 0,sewage sludge,379.37564
marginal,Generator,PT0 0,solar-hsat,302886.15411
marginal,Generator,PT0 0,solid biomass,2032.08288
marginal,Generator,PT0 0,straw,512.81377
marginal,Generator,PT0 0,unsustainable biogas,38410670.14744
marginal,Generator,PT0 0,unsustainable bioliquids,366801780.53662
marginal,Generator,PT0 0,unsustainable solid biomass,315609627.1557
marginal,Generator,PT0 0,urban central heat vent,12.99998
marginal,Generator,PT0 0,urban central solar thermal,0.35546
marginal,Generator,PT0 0,urban decentral heat vent,6.71975
marginal,Generator,PT0 0,urban decentral solar thermal,0.08188
marginal,Generator,RO0 0,Offshore Wind (AC),1.53004
marginal,Generator,RO0 0,Offshore Wind (DC),1.64432
marginal,Generator,RO0 0,Offshore Wind (Floating),0.50037
marginal,Generator,RO0 0,Onshore Wind,155371.20312
marginal,Generator,RO0 0,Run of River,86226.09974
marginal,Generator,RO0 0,Solar,53123.19811
marginal,Generator,RO0 0,forest residues,207259234.99451
marginal,Generator,RO0 0,gas,1888434495.89651
marginal,Generator,RO0 0,industry wood,80357100.69253
marginal,Generator,RO0 0,landscape care,18400538.32703
marginal,Generator,RO0 0,manure and slurry,701.05884
marginal,Generator,RO0 0,municipal solid waste,7427.10028
marginal,Generator,RO0 0,rural solar thermal,0.0933
marginal,Generator,RO0 0,sewage sludge,497.21327
marginal,Generator,RO0 0,solar-hsat,45954.00097
marginal,Generator,RO0 0,solid biomass,2634.29927
marginal,Generator,RO0 0,straw,786.24014
marginal,Generator,RO0 0,unsustainable biogas,9093158.18259
marginal,Generator,RO0 0,unsustainable bioliquids,231496368.50592
marginal,Generator,RO0 0,unsustainable solid biomass,385507313.04889
marginal,Generator,RO0 0,urban central heat vent,0.49885
marginal,Generator,RO0 0,urban central solar thermal,0.35815
marginal,Generator,RO0 0,urban decentral heat vent,0.17882
marginal,Generator,RO0 0,urban decentral solar thermal,0.06609
marginal,Generator,RS0 0,Onshore Wind,17617.18876
marginal,Generator,RS0 0,Run of River,94253.8912
marginal,Generator,RS0 0,Solar,958.81992
marginal,Generator,RS0 0,forest residues,8328369.52101
marginal,Generator,RS0 0,industry wood,16043417.34139
marginal,Generator,RS0 0,landscape care,6648.92559
marginal,Generator,RS0 0,manure and slurry,504.44369
marginal,Generator,RS0 0,municipal solid waste,9322.4384
marginal,Generator,RS0 0,rural heat vent,2.70423
marginal,Generator,RS0 0,rural solar thermal,0.05124
marginal,Generator,RS0 0,sewage sludge,710.30033
marginal,Generator,RS0 0,solar-hsat,103072.65564
marginal,Generator,RS0 0,solid biomass,2797.42931
marginal,Generator,RS0 0,straw,549.45918
marginal,Generator,RS0 0,unsustainable biogas,13622940.81237
marginal,Generator,RS0 0,unsustainable solid biomass,131219134.04818
marginal,Generator,RS0 0,urban central heat vent,0.5021
marginal,Generator,RS0 0,urban central solar thermal,0.57013
marginal,Generator,RS0 0,urban decentral heat vent,2.51
marginal,Generator,RS0 0,urban decentral solar thermal,0.05621
marginal,Generator,SE1 0,Offshore Wind (AC),19198.25492
marginal,Generator,SE1 0,Offshore Wind (DC),11.02997
marginal,Generator,SE1 0,Offshore Wind (Floating),0.8104
marginal,Generator,SE1 0,Onshore Wind,856656.22831
marginal,Generator,SE1 0,Run of River,73979.26889
marginal,Generator,SE1 0,Solar,5336.15045
marginal,Generator,SE1 0,forest residues,417168839.52243
marginal,Generator,SE1 0,gas,212448932.75246
marginal,Generator,SE1 0,industry wood,225103605.92983
marginal,Generator,SE1 0,landscape care,24899708.51158
marginal,Generator,SE1 0,manure and slurry,624.25878
marginal,Generator,SE1 0,municipal solid waste,22494.31162
marginal,Generator,SE1 0,rural solar thermal,0.01444
marginal,Generator,SE1 0,sewage sludge,429.65526
marginal,Generator,SE1 0,solar-hsat,5.7355
marginal,Generator,SE1 0,solid biomass,1559.18946
marginal,Generator,SE1 0,straw,420.47765
marginal,Generator,SE1 0,unsustainable biogas,87007520.2782
marginal,Generator,SE1 0,unsustainable bioliquids,531413441.40731
marginal,Generator,SE1 0,unsustainable solid biomass,1054942775.8723
marginal,Generator,SE1 0,urban central heat vent,1035.97327
marginal,Generator,SE1 0,urban central solar thermal,0.07777
marginal,Generator,SE1 0,urban decentral heat vent,0.21743
marginal,Generator,SE1 0,urban decentral solar thermal,0.01904
marginal,Generator,SI0 0,Offshore Wind (AC),0.1168
marginal,Generator,SI0 0,Offshore Wind (Floating),0.03044
marginal,Generator,SI0 0,Onshore Wind,0.11132
marginal,Generator,SI0 0,Run of River,23253.10719
marginal,Generator,SI0 0,Solar,695.0128
marginal,Generator,SI0 0,forest residues,52938801.75409
marginal,Generator,SI0 0,industry wood,24683921.80071
marginal,Generator,SI0 0,landscape care,615101.08591
marginal,Generator,SI0 0,manure and slurry,424.70979
marginal,Generator,SI0 0,municipal solid waste,1517.70449
marginal,Generator,SI0 0,rural solar thermal,0.05952
marginal,Generator,SI0 0,sewage sludge,411.97106
marginal,Generator,SI0 0,solar-hsat,3.53807
marginal,Generator,SI0 0,solid biomass,1958.41799
marginal,Generator,SI0 0,straw,337.87441
marginal,Generator,SI0 0,unsustainable biogas,10643186.87481
marginal,Generator,SI0 0,unsustainable solid biomass,61082599.85461
marginal,Generator,SI0 0,urban central heat vent,0.40521
marginal,Generator,SI0 0,urban central solar thermal,0.29671
marginal,Generator,SI0 0,urban decentral heat vent,0.49584
marginal,Generator,SI0 0,urban decentral solar thermal,0.05505
marginal,Generator,SK0 0,Onshore Wind,0.58358
marginal,Generator,SK0 0,Run of River,36276.46067
marginal,Generator,SK0 0,Solar,10176.42827
marginal,Generator,SK0 0,forest residues,59463063.62099
marginal,Generator,SK0 0,gas,7563001304.2954
marginal,Generator,SK0 0,industry wood,24944154.60622
marginal,Generator,SK0 0,landscape care,2634668.31642
marginal,Generator,SK0 0,manure and slurry,513.87377
marginal,Generator,SK0 0,municipal solid waste,3985.79596
marginal,Generator,SK0 0,rural solar thermal,0.05366
marginal,Generator,SK0 0,sewage sludge,816.30278
marginal,Generator,SK0 0,solar-hsat,6.39457
marginal,Generator,SK0 0,solid biomass,2150.19791
marginal,Generator,SK0 0,straw,487.72387
marginal,Generator,SK0 0,unsustainable biogas,68507172.27674
marginal,Generator,SK0 0,unsustainable bioliquids,181167710.34666
marginal,Generator,SK0 0,unsustainable solid biomass,156032140.33338
marginal,Generator,SK0 0,urban central heat vent,0.44454
marginal,Generator,SK0 0,urban central solar thermal,0.20696
marginal,Generator,SK0 0,urban decentral heat vent,0.18357
marginal,Generator,SK0 0,urban decentral solar thermal,0.04475
marginal,Generator,XK0 0,Onshore Wind,980.25143
marginal,Generator,XK0 0,Run of River,1551.47847
marginal,Generator,XK0 0,Solar,4652.26432
marginal,Generator,XK0 0,forest residues,844149.08871
marginal,Generator,XK0 0,industry wood,1597476.59043
marginal,Generator,XK0 0,manure and slurry,421.73147
marginal,Generator,XK0 0,municipal solid waste,592.84939
marginal,Generator,XK0 0,rural heat vent,0.3833
marginal,Generator,XK0 0,rural solar thermal,0.00019
marginal,Generator,XK0 0,sewage sludge,610.65989
marginal,Generator,XK0 0,solar-hsat,6546.13401
marginal,Generator,XK0 0,solid biomass,2773.91151
marginal,Generator,XK0 0,straw,468.30127
marginal,Generator,XK0 0,unsustainable solid biomass,35609650.32419
marginal,Generator,XK0 0,urban central heat vent,0.3366
marginal,Generator,XK0 0,urban central solar thermal,0.44034
marginal,Generator,XK0 0,urban decentral heat vent,0.25079
marginal,Generator,XK0 0,urban decentral solar thermal,0.00022
marginal,Link,AL0 0,BEV charger,6998.03071
marginal,Link,AL0 0,CO2 pipeline,-925.6438
marginal,Link,AL0 0,Combined-Cycle Gas,321.06626
marginal,Link,AL0 0,EAF,0.13804
marginal,Link,AL0 0,H2 DRI,767.43686
marginal,Link,AL0 0,H2 Electrolysis,0.30202
marginal,Link,AL0 0,HVC to air,43659.31952
marginal,Link,AL0 0,Haber-Bosch,18.56094
marginal,Link,AL0 0,Open-Cycle Gas,191.95721
marginal,Link,AL0 0,SMR,7687.03951
marginal,Link,AL0 0,Sabatier,0.51207
marginal,Link,AL0 0,battery charger,3.94763
marginal,Link,AL0 0,battery discharger,3.98807
marginal,Link,AL0 0,biogas to gas,345.00949
marginal,Link,AL0 0,biomass to liquid,839624.86473
marginal,Link,AL0 0,biomass-to-methanol,501.0028
marginal,Link,AL0 0,electricity distribution grid,35026.39385
marginal,Link,AL0 0,gas DRI,2593.37048
marginal,Link,AL0 0,gas for industry,628.73453
marginal,Link,AL0 0,gas pipeline new,-25786.04637
marginal,Link,AL0 0,heat100-200 industry electric boiler steam,46.25018
marginal,Link,AL0 0,heat100-200 industry gas,1714.76875
marginal,Link,AL0 0,heat100-200 industry industrial heat pump high temperature,241782.37152
marginal,Link,AL0 0,heat100-200 industry solid biomass,936.08491
marginal,Link,AL0 0,heat200-500 industry gas,20084.01248
marginal,Link,AL0 0,heat200-500 industry hydrogen,180.8648
marginal,Link,AL0 0,heat200-500 industry solid biomass,3928.02443
marginal,Link,AL0 0,heat<100 industry electric boiler steam,46.52309
marginal,Link,AL0 0,heat<100 industry gas,5748.63553
marginal,Link,AL0 0,heat<100 industry industrial heat pump medium temperature,316585.35834
marginal,Link,AL0 0,heat<100 industry solid biomass,1014.12614
marginal,Link,AL0 0,heat>500 industry gas,23061.86627
marginal,Link,AL0 0,heat>500 industry hydrogen,174.63265
marginal,Link,AL0 0,home battery charger,4.14734
marginal,Link,AL0 0,home battery discharger,3.94369
marginal,Link,AL0 0,methanolisation,5715.01066
marginal,Link,AL0 0,municipal solid waste,1301.19961
marginal,Link,AL0 0,rural air heat pump,0.13337
marginal,Link,AL0 0,rural biomass boiler,1190.1774
marginal,Link,AL0 0,rural gas boiler,12904.92972
marginal,Link,AL0 0,rural ground heat pump,0.2481
marginal,Link,AL0 0,rural resistive heater,1373.22025
marginal,Link,AL0 0,solid biomass for industry,1274.5198
marginal,Link,AL0 0,steel emission,418.14741
marginal,Link,AL0 0,urban central air heat pump,1.31364
marginal,Link,AL0 0,urban central gas CHP,1112.64684
marginal,Link,AL0 0,urban central gas boiler,2296.64595
marginal,Link,AL0 0,urban central resistive heater,0.8165
marginal,Link,AL0 0,urban central solid biomass CHP,1916.54921
marginal,Link,AL0 0,urban central solid biomass CHP CC,683811.11984
marginal,Link,AL0 0,urban decentral air heat pump,0.14112
marginal,Link,AL0 0,urban decentral biomass boiler,1150.40856
marginal,Link,AL0 0,urban decentral gas boiler,16759.91647
marginal,Link,AL0 0,urban decentral resistive heater,1824.70962
marginal,Link,AL0 0,waste CHP,929.549
marginal,Link,AT0 0,BEV charger,72218.13159
marginal,Link,AT0 0,CO2 pipeline,1.22513
marginal,Link,AT0 0,Combined-Cycle Gas,84019420.06721
marginal,Link,AT0 0,EAF,0.20642
marginal,Link,AT0 0,H2 DRI,1112.93645
marginal,Link,AT0 0,H2 Electrolysis,0.25531
marginal,Link,AT0 0,HVC to air,151869.4322
marginal,Link,AT0 0,Haber-Bosch,7.49099
marginal,Link,AT0 0,Open-Cycle Gas,204.39814
marginal,Link,AT0 0,SMR,61879.69552
marginal,Link,AT0 0,Sabatier,0.5482
marginal,Link,AT0 0,battery charger,4.16942
marginal,Link,AT0 0,battery discharger,4.0167
marginal,Link,AT0 0,biogas to gas,6060704.91743
marginal,Link,AT0 0,biomass to liquid,8646806.80912
marginal,Link,AT0 0,biomass-to-methanol,504.34279
marginal,Link,AT0 0,electricity distribution grid,617338.66534
marginal,Link,AT0 0,gas DRI,4342.09147
marginal,Link,AT0 0,gas for industry,21071.68669
marginal,Link,AT0 0,gas pipeline,137513.70388
marginal,Link,AT0 0,gas pipeline new,-699047.20707
marginal,Link,AT0 0,heat100-200 industry electric boiler steam,42.71356
marginal,Link,AT0 0,heat100-200 industry gas,15255318.99876
marginal,Link,AT0 0,heat100-200 industry industrial heat pump high temperature,2592.28101
marginal,Link,AT0 0,heat100-200 industry solid biomass,1117.5016
marginal,Link,AT0 0,heat200-500 industry gas,958483.03177
marginal,Link,AT0 0,heat200-500 industry hydrogen,128.14144
marginal,Link,AT0 0,heat200-500 industry solid biomass,3752.26686
marginal,Link,AT0 0,heat<100 industry electric boiler steam,38.67451
marginal,Link,AT0 0,heat<100 industry gas,5685065.16918
marginal,Link,AT0 0,heat<100 industry industrial heat pump medium temperature,687.491
marginal,Link,AT0 0,heat<100 industry solid biomass,1143.70356
marginal,Link,AT0 0,heat>500 industry gas,2331640.79589
marginal,Link,AT0 0,heat>500 industry hydrogen,141.17134
marginal,Link,AT0 0,home battery charger,3.35476
marginal,Link,AT0 0,home battery discharger,2.92611
marginal,Link,AT0 0,methanolisation,46736.27674
marginal,Link,AT0 0,municipal solid waste,7771.9633
marginal,Link,AT0 0,rural air heat pump,0.31449
marginal,Link,AT0 0,rural biomass boiler,75762954.84131
marginal,Link,AT0 0,rural gas boiler,68172.76523
marginal,Link,AT0 0,rural ground heat pump,17474.94799
marginal,Link,AT0 0,rural resistive heater,5124.02427
marginal,Link,AT0 0,solid biomass for industry,162965.87617
marginal,Link,AT0 0,steel emission,25608.5502
marginal,Link,AT0 0,unsustainable bioliquids,3481896.14923
marginal,Link,AT0 0,urban central air heat pump,0.64613
marginal,Link,AT0 0,urban central gas CHP,1758.56946
marginal,Link,AT0 0,urban central gas boiler,105551.82971
marginal,Link,AT0 0,urban central resistive heater,50.3036
marginal,Link,AT0 0,urban central solid biomass CHP,703302.30707
marginal,Link,AT0 0,urban central solid biomass CHP CC,14950843.66075
marginal,Link,AT0 0,urban decentral air heat pump,5173.2592
marginal,Link,AT0 0,urban decentral biomass boiler,71312644.26452
marginal,Link,AT0 0,urban decentral gas boiler,56789.05908
marginal,Link,AT0 0,urban decentral resistive heater,9300.24521
marginal,Link,AT0 0,waste CHP,1207.46976
marginal,Link,BA0 0,BEV charger,10991.89119
marginal,Link,BA0 0,CO2 pipeline,995.37623
marginal,Link,BA0 0,Combined-Cycle Gas,314.33231
marginal,Link,BA0 0,EAF,0.16447
marginal,Link,BA0 0,H2 DRI,756.35979
marginal,Link,BA0 0,H2 Electrolysis,0.27747
marginal,Link,BA0 0,HVC to air,51186.4253
marginal,Link,BA0 0,Haber-Bosch,7.16938
marginal,Link,BA0 0,Open-Cycle Gas,188.77836
marginal,Link,BA0 0,SMR,561.39107
marginal,Link,BA0 0,Sabatier,0.51506
marginal,Link,BA0 0,battery charger,3.61952
marginal,Link,BA0 0,battery discharger,3.54629
marginal,Link,BA0 0,biogas to gas,45465.64483
marginal,Link,BA0 0,biomass to liquid,5469320.84725
marginal,Link,BA0 0,biomass-to-methanol,503.28882
marginal,Link,BA0 0,electricity distribution grid,113362.39626
marginal,Link,BA0 0,gas DRI,3135.21428
marginal,Link,BA0 0,gas for industry,3636.13717
marginal,Link,BA0 0,gas pipeline,19727.01684
marginal,Link,BA0 0,gas pipeline new,-70062.13992
marginal,Link,BA0 0,heat100-200 industry electric boiler steam,35.38872
marginal,Link,BA0 0,heat100-200 industry gas,405827.05281
marginal,Link,BA0 0,heat100-200 industry industrial heat pump high temperature,94053.02175
marginal,Link,BA0 0,heat100-200 industry solid biomass,1109.09654
marginal,Link,BA0 0,heat200-500 industry gas,57659.88426
marginal,Link,BA0 0,heat200-500 industry hydrogen,160.57181
marginal,Link,BA0 0,heat200-500 industry solid biomass,3980.58462
marginal,Link,BA0 0,heat<100 industry electric boiler steam,36.12791
marginal,Link,BA0 0,heat<100 industry gas,506014.7913
marginal,Link,BA0 0,heat<100 industry industrial heat pump medium temperature,7596.10878
marginal,Link,BA0 0,heat<100 industry solid biomass,1434.87222
marginal,Link,BA0 0,heat>500 industry gas,213778.5945
marginal,Link,BA0 0,heat>500 industry hydrogen,138.6838
marginal,Link,BA0 0,home battery charger,5.12429
marginal,Link,BA0 0,home battery discharger,4.73622
marginal,Link,BA0 0,methanolisation,399.25238
marginal,Link,BA0 0,municipal solid waste,0.51579
marginal,Link,BA0 0,rural air heat pump,0.10307
marginal,Link,BA0 0,rural biomass boiler,1178.22937
marginal,Link,BA0 0,rural gas boiler,50414.49482
marginal,Link,BA0 0,rural ground heat pump,0.16286
marginal,Link,BA0 0,rural resistive heater,3376.57008
marginal,Link,BA0 0,solid biomass for industry,6986.1957
marginal,Link,BA0 0,steel emission,3321.52164
marginal,Link,BA0 0,urban central air heat pump,2.11345
marginal,Link,BA0 0,urban central gas CHP,1396.29892
marginal,Link,BA0 0,urban central gas boiler,14816.90316
marginal,Link,BA0 0,urban central resistive heater,22.93384
marginal,Link,BA0 0,urban central solid biomass CHP,13553.56431
marginal,Link,BA0 0,urban central solid biomass CHP CC,1626607.82571
marginal,Link,BA0 0,urban decentral air heat pump,0.10117
marginal,Link,BA0 0,urban decentral biomass boiler,1178.42373
marginal,Link,BA0 0,urban decentral gas boiler,38387.3199
marginal,Link,BA0 0,urban decentral resistive heater,2476.92935
marginal,Link,BA0 0,waste CHP,945.71535
marginal,Link,BE0 0,BEV charger,92501.90918
marginal,Link,BE0 0,CO2 pipeline,-460.90046
marginal,Link,BE0 0,Combined-Cycle Gas,136248578.34367
marginal,Link,BE0 0,DC,19442.72863
marginal,Link,BE0 0,EAF,0.24333
marginal,Link,BE0 0,H2 DRI,1058.88094
marginal,Link,BE0 0,H2 Electrolysis,0.22854
marginal,Link,BE0 0,HVC to air,218572.12838
marginal,Link,BE0 0,Haber-Bosch,16.01914
marginal,Link,BE0 0,Open-Cycle Gas,234.4485
marginal,Link,BE0 0,SMR,3016.28505
marginal,Link,BE0 0,Sabatier,0.54385
marginal,Link,BE0 0,battery charger,3.90149
marginal,Link,BE0 0,battery discharger,3.55573
marginal,Link,BE0 0,biogas to gas,6545567.96174
marginal,Link,BE0 0,biomass to liquid,17.85784
marginal,Link,BE0 0,biomass-to-methanol,331.25783
marginal,Link,BE0 0,electricity distribution grid,945874.21596
marginal,Link,BE0 0,gas DRI,4729.59016
marginal,Link,BE0 0,gas for industry,49587.60776
marginal,Link,BE0 0,gas pipeline,153940.41529
marginal,Link,BE0 0,gas pipeline new,181780.78045
marginal,Link,BE0 0,heat100-200 industry electric boiler steam,42.89222
marginal,Link,BE0 0,heat100-200 industry gas,16730481.25561
marginal,Link,BE0 0,heat100-200 industry industrial heat pump high temperature,656.3402
marginal,Link,BE0 0,heat100-200 industry solid biomass,112.72453
marginal,Link,BE0 0,heat200-500 industry gas,1313607.0622
marginal,Link,BE0 0,heat200-500 industry hydrogen,130.06519
marginal,Link,BE0 0,heat200-500 industry solid biomass,484.62237
marginal,Link,BE0 0,heat<100 industry electric boiler steam,41.35954
marginal,Link,BE0 0,heat<100 industry gas,13178155.75158
marginal,Link,BE0 0,heat<100 industry industrial heat pump medium temperature,483.93961
marginal,Link,BE0 0,heat<100 industry solid biomass,108.3149
marginal,Link,BE0 0,heat>500 industry gas,4334920.72756
marginal,Link,BE0 0,heat>500 industry hydrogen,154.80245
marginal,Link,BE0 0,home battery charger,2.89101
marginal,Link,BE0 0,home battery discharger,2.93156
marginal,Link,BE0 0,methanolisation,2337.41642
marginal,Link,BE0 0,municipal solid waste,28660.61647
marginal,Link,BE0 0,rural air heat pump,0.42353
marginal,Link,BE0 0,rural biomass boiler,6634669.69532
marginal,Link,BE0 0,rural gas boiler,45962.07391
marginal,Link,BE0 0,rural ground heat pump,3823.55051
marginal,Link,BE0 0,rural resistive heater,323.13787
marginal,Link,BE0 0,solid biomass for industry,86075.83664
marginal,Link,BE0 0,steel emission,21316.0045
marginal,Link,BE0 0,unsustainable bioliquids,3987452.94779
marginal,Link,BE0 0,urban central air heat pump,2.39731
marginal,Link,BE0 0,urban central gas CHP,2107.10541
marginal,Link,BE0 0,urban central gas boiler,116753.84347
marginal,Link,BE0 0,urban central resistive heater,1.76765
marginal,Link,BE0 0,urban central solid biomass CHP,199.41184
marginal,Link,BE0 0,urban central solid biomass CHP CC,183.47397
marginal,Link,BE0 0,urban decentral air heat pump,1557.70273
marginal,Link,BE0 0,urban decentral biomass boiler,42635867.04918
marginal,Link,BE0 0,urban decentral gas boiler,333498.78872
marginal,Link,BE0 0,urban decentral resistive heater,39350.29312
marginal,Link,BE0 0,waste CHP,1316.43082
marginal,Link,BG0 0,BEV charger,27986.11452
marginal,Link,BG0 0,CO2 pipeline,-3.1662
marginal,Link,BG0 0,Combined-Cycle Gas,2552833.69085
marginal,Link,BG0 0,H2 Electrolysis,0.27769
marginal,Link,BG0 0,HVC to air,109821.47097
marginal,Link,BG0 0,Haber-Bosch,16.8278
marginal,Link,BG0 0,Open-Cycle Gas,202.34356
marginal,Link,BG0 0,SMR,26234.60137
marginal,Link,BG0 0,Sabatier,0.56507
marginal,Link,BG0 0,battery charger,3.80629
marginal,Link,BG0 0,battery discharger,3.89103
marginal,Link,BG0 0,biogas to gas,1440003.05835
marginal,Link,BG0 0,biomass to liquid,4291616.39902
marginal,Link,BG0 0,biomass-to-methanol,503.71404
marginal,Link,BG0 0,co2 sequestered,6.07297
marginal,Link,BG0 0,electricity distribution grid,424001.61396
marginal,Link,BG0 0,gas for industry,17356.7851
marginal,Link,BG0 0,gas pipeline,30.56288
marginal,Link,BG0 0,gas pipeline new,610681.10418
marginal,Link,BG0 0,heat100-200 industry electric boiler steam,39.31896
marginal,Link,BG0 0,heat100-200 industry gas,3179999.93788
marginal,Link,BG0 0,heat100-200 industry industrial heat pump high temperature,1986.42412
marginal,Link,BG0 0,heat100-200 industry solid biomass,872.72759
marginal,Link,BG0 0,heat200-500 industry gas,314511.96089
marginal,Link,BG0 0,heat200-500 industry hydrogen,139.98967
marginal,Link,BG0 0,heat200-500 industry solid biomass,2877.53812
marginal,Link,BG0 0,heat<100 industry electric boiler steam,37.7464
marginal,Link,BG0 0,heat<100 industry gas,2250520.13329
marginal,Link,BG0 0,heat<100 industry industrial heat pump medium temperature,737.17886
marginal,Link,BG0 0,heat<100 industry solid biomass,885.66783
marginal,Link,BG0 0,heat>500 industry gas,1206923.80091
marginal,Link,BG0 0,heat>500 industry hydrogen,137.77539
marginal,Link,BG0 0,home battery charger,5.87585
marginal,Link,BG0 0,home battery discharger,5.90979
marginal,Link,BG0 0,methanolisation,21949.34418
marginal,Link,BG0 0,municipal solid waste,2855.75476
marginal,Link,BG0 0,rural air heat pump,0.23572
marginal,Link,BG0 0,rural biomass boiler,21382494.09142
marginal,Link,BG0 0,rural gas boiler,581.0915
marginal,Link,BG0 0,rural ground heat pump,921.45202
marginal,Link,BG0 0,rural resistive heater,12487.33841
marginal,Link,BG0 0,solid biomass for industry,32628.49503
marginal,Link,BG0 0,unsustainable bioliquids,1441957.01589
marginal,Link,BG0 0,urban central air heat pump,0.74958
marginal,Link,BG0 0,urban central gas CHP,1705.7355
marginal,Link,BG0 0,urban central gas boiler,25061.2548
marginal,Link,BG0 0,urban central resistive heater,193.09373
marginal,Link,BG0 0,urban central solid biomass CHP,1929.43888
marginal,Link,BG0 0,urban central solid biomass CHP CC,6501789.95804
marginal,Link,BG0 0,urban decentral air heat pump,5983.4468
marginal,Link,BG0 0,urban decentral biomass boiler,26508864.35615
marginal,Link,BG0 0,urban decentral gas boiler,765.79694
marginal,Link,BG0 0,urban decentral resistive heater,23745.4913
marginal,Link,BG0 0,waste CHP,1040.27277
marginal,Link,CH0 0,BEV charger,40374.45437
marginal,Link,CH0 0,CO2 pipeline,7791.98266
marginal,Link,CH0 0,Combined-Cycle Gas,689439.69967
marginal,Link,CH0 0,EAF,0.16246
marginal,Link,CH0 0,H2 DRI,746.58472
marginal,Link,CH0 0,H2 Electrolysis,0.25184
marginal,Link,CH0 0,HVC to air,201780.886
marginal,Link,CH0 0,Haber-Bosch,6.7391
marginal,Link,CH0 0,Open-Cycle Gas,155.60806
marginal,Link,CH0 0,SMR,28.92516
marginal,Link,CH0 0,Sabatier,0.52519
marginal,Link,CH0 0,battery charger,4.17818
marginal,Link,CH0 0,battery discharger,4.22721
marginal,Link,CH0 0,biogas to gas,457.73471
marginal,Link,CH0 0,biomass to liquid,7451448.91755
marginal,Link,CH0 0,biomass-to-methanol,504.71676
marginal,Link,CH0 0,electricity distribution grid,654041.54418
marginal,Link,CH0 0,gas DRI,2907.17537
marginal,Link,CH0 0,gas for industry,10417.01125
marginal,Link,CH0 0,gas pipeline,120625.42817
marginal,Link,CH0 0,gas pipeline new,-286902.72886
marginal,Link,CH0 0,heat100-200 industry electric boiler steam,40.42629
marginal,Link,CH0 0,heat100-200 industry gas,26527.03719
marginal,Link,CH0 0,heat100-200 industry industrial heat pump high temperature,4796931.05186
marginal,Link,CH0 0,heat100-200 industry solid biomass,977.56234
marginal,Link,CH0 0,heat200-500 industry gas,366938.69484
marginal,Link,CH0 0,heat200-500 industry hydrogen,134.84375
marginal,Link,CH0 0,heat200-500 industry solid biomass,4667.008
marginal,Link,CH0 0,heat<100 industry electric boiler steam,40.13872
marginal,Link,CH0 0,heat<100 industry gas,3324206.35134
marginal,Link,CH0 0,heat<100 industry industrial heat pump medium temperature,346500.03522
marginal,Link,CH0 0,heat<100 industry solid biomass,1321.51491
marginal,Link,CH0 0,heat>500 industry gas,916030.5643
marginal,Link,CH0 0,heat>500 industry hydrogen,136.05106
marginal,Link,CH0 0,home battery charger,5.21683
marginal,Link,CH0 0,home battery discharger,5.30547
marginal,Link,CH0 0,methanolisation,18.68858
marginal,Link,CH0 0,municipal solid waste,69213.84747
marginal,Link,CH0 0,rural air heat pump,0.13743
marginal,Link,CH0 0,rural biomass boiler,1928.33885
marginal,Link,CH0 0,rural gas boiler,3171.83357
marginal,Link,CH0 0,rural ground heat pump,32352.44563
marginal,Link,CH0 0,rural resistive heater,108.40378
marginal,Link,CH0 0,solid biomass for industry,21650.5504
marginal,Link,CH0 0,steel emission,2646.60766
marginal,Link,CH0 0,urban central air heat pump,0.87907
marginal,Link,CH0 0,urban central gas CHP,1011.11882
marginal,Link,CH0 0,urban central gas boiler,67037.78556
marginal,Link,CH0 0,urban central resistive heater,1.90565
marginal,Link,CH0 0,urban central solid biomass CHP,927094.18605
marginal,Link,CH0 0,urban central solid biomass CHP CC,10768232.41107
marginal,Link,CH0 0,urban decentral air heat pump,94302.40947
marginal,Link,CH0 0,urban decentral biomass boiler,1697.1393
marginal,Link,CH0 0,urban decentral gas boiler,105636.42087
marginal,Link,CH0 0,urban decentral resistive heater,3450.092
marginal,Link,CH0 0,waste CHP,1214.92242
marginal,Link,CZ0 0,BEV charger,73419.79462
marginal,Link,CZ0 0,CO2 pipeline,9.75418
marginal,Link,CZ0 0,Combined-Cycle Gas,47545236.02013
marginal,Link,CZ0 0,EAF,0.228
marginal,Link,CZ0 0,H2 DRI,958.9776
marginal,Link,CZ0 0,H2 Electrolysis,0.24593
marginal,Link,CZ0 0,HVC to air,174390.78014
marginal,Link,CZ0 0,Haber-Bosch,6.52769
marginal,Link,CZ0 0,Open-Cycle Gas,268.5437
marginal,Link,CZ0 0,SMR,185.13269
marginal,Link,CZ0 0,Sabatier,0.48915
marginal,Link,CZ0 0,battery charger,3.96113
marginal,Link,CZ0 0,battery discharger,3.49763
marginal,Link,CZ0 0,biogas to gas,16421888.84289
marginal,Link,CZ0 0,biomass to liquid,3579604.15486
marginal,Link,CZ0 0,biomass-to-methanol,505.54381
marginal,Link,CZ0 0,electricity distribution grid,745322.8648
marginal,Link,CZ0 0,gas DRI,4111.74653
marginal,Link,CZ0 0,gas for industry,13807.66758
marginal,Link,CZ0 0,gas pipeline,185931.13356
marginal,Link,CZ0 0,gas pipeline new,-2399177.78465
marginal,Link,CZ0 0,heat100-200 industry electric boiler steam,36.79192
marginal,Link,CZ0 0,heat100-200 industry gas,9879980.82848
marginal,Link,CZ0 0,heat100-200 industry industrial heat pump high temperature,458.0473
marginal,Link,CZ0 0,heat100-200 industry solid biomass,968.58689
marginal,Link,CZ0 0,heat200-500 industry gas,905698.37159
marginal,Link,CZ0 0,heat200-500 industry hydrogen,131.56231
marginal,Link,CZ0 0,heat200-500 industry solid biomass,3326.96106
marginal,Link,CZ0 0,heat<100 industry electric boiler steam,36.15265
marginal,Link,CZ0 0,heat<100 industry gas,8786297.79789
marginal,Link,CZ0 0,heat<100 industry industrial heat pump medium temperature,364.24628
marginal,Link,CZ0 0,heat<100 industry solid biomass,990.02683
marginal,Link,CZ0 0,heat>500 industry gas,2137438.64177
marginal,Link,CZ0 0,heat>500 industry hydrogen,141.03733
marginal,Link,CZ0 0,home battery charger,4.17809
marginal,Link,CZ0 0,home battery discharger,4.02325
marginal,Link,CZ0 0,methanolisation,159.95988
marginal,Link,CZ0 0,municipal solid waste,2715.39022
marginal,Link,CZ0 0,rural air heat pump,0.16474
marginal,Link,CZ0 0,rural biomass boiler,67685641.83343
marginal,Link,CZ0 0,rural gas boiler,79332.68545
marginal,Link,CZ0 0,rural ground heat pump,10132.28603
marginal,Link,CZ0 0,rural resistive heater,21261.96418
marginal,Link,CZ0 0,solid biomass for industry,83650.03272
marginal,Link,CZ0 0,steel emission,16443.48466
marginal,Link,CZ0 0,unsustainable bioliquids,2446175.85453
marginal,Link,CZ0 0,urban central air heat pump,0.37291
marginal,Link,CZ0 0,urban central gas CHP,4490.43992
marginal,Link,CZ0 0,urban central gas boiler,126589.05512
marginal,Link,CZ0 0,urban central resistive heater,0.52239
marginal,Link,CZ0 0,urban central solid biomass CHP,19342735.43046
marginal,Link,CZ0 0,urban central solid biomass CHP CC,61540.55842
marginal,Link,CZ0 0,urban decentral air heat pump,5784.88461
marginal,Link,CZ0 0,urban decentral biomass boiler,108889298.4686
marginal,Link,CZ0 0,urban decentral gas boiler,138096.84173
marginal,Link,CZ0 0,urban decentral resistive heater,46127.53091
marginal,Link,CZ0 0,waste CHP,1254.16183
marginal,Link,DE0 0,BEV charger,90640.82473
marginal,Link,DE0 0,CO2 pipeline,73.47632
marginal,Link,DE0 0,Combined-Cycle Gas,70555274.46608
marginal,Link,DE0 0,DC,17940.37377
marginal,Link,DE0 0,EAF,0.22248
marginal,Link,DE0 0,H2 DRI,1088.65715
marginal,Link,DE0 0,H2 Electrolysis,0.27213
marginal,Link,DE0 0,HVC to air,252610.48891
marginal,Link,DE0 0,Haber-Bosch,10.45366
marginal,Link,DE0 0,Open-Cycle Gas,253.63867
marginal,Link,DE0 0,SMR,79.3906
marginal,Link,DE0 0,Sabatier,0.5113
marginal,Link,DE0 0,battery charger,4.27498
marginal,Link,DE0 0,battery discharger,3.58736
marginal,Link,DE0 0,biogas to gas,45701920.20588
marginal,Link,DE0 0,biomass to liquid,4619965.11707
marginal,Link,DE0 0,biomass-to-methanol,504.25906
marginal,Link,DE0 0,co2 sequestered,15506.51146
marginal,Link,DE0 0,electricity distribution grid,921950.53712
marginal,Link,DE0 0,gas DRI,4831.57545
marginal,Link,DE0 0,gas for industry,40303.00983
marginal,Link,DE0 0,gas pipeline,274578.2585
marginal,Link,DE0 0,heat100-200 industry electric boiler steam,42.11195
marginal,Link,DE0 0,heat100-200 industry gas,15815318.44474
marginal,Link,DE0 0,heat100-200 industry industrial heat pump high temperature,647.73623
marginal,Link,DE0 0,heat100-200 industry solid biomass,826.62817
marginal,Link,DE0 0,heat200-500 industry gas,1246730.13723
marginal,Link,DE0 0,heat200-500 industry hydrogen,127.84519
marginal,Link,DE0 0,heat200-500 industry solid biomass,3244.49575
marginal,Link,DE0 0,heat<100 industry electric boiler steam,39.95579
marginal,Link,DE0 0,heat<100 industry gas,11433996.77129
marginal,Link,DE0 0,heat<100 industry industrial heat pump medium temperature,465.47553
marginal,Link,DE0 0,heat<100 industry solid biomass,834.36264
marginal,Link,DE0 0,heat>500 industry gas,3299700.85379
marginal,Link,DE0 0,heat>500 industry hydrogen,148.58366
marginal,Link,DE0 0,home battery charger,3.44854
marginal,Link,DE0 0,home battery discharger,3.05316
marginal,Link,DE0 0,methanolisation,55.31007
marginal,Link,DE0 0,municipal solid waste,17486.90504
marginal,Link,DE0 0,rural air heat pump,0.19003
marginal,Link,DE0 0,rural biomass boiler,29593342.94839
marginal,Link,DE0 0,rural gas boiler,110495.00808
marginal,Link,DE0 0,rural ground heat pump,11058.10385
marginal,Link,DE0 0,rural resistive heater,2850.35133
marginal,Link,DE0 0,solid biomass for industry,67493.71383
marginal,Link,DE0 0,steel emission,27510.36896
marginal,Link,DE0 0,unsustainable bioliquids,6672400.43017
marginal,Link,DE0 0,urban central air heat pump,0.59818
marginal,Link,DE0 0,urban central gas CHP,1848.02557
marginal,Link,DE0 0,urban central gas boiler,131054.5498
marginal,Link,DE0 0,urban central resistive heater,1.40094
marginal,Link,DE0 0,urban central solid biomass CHP,1986.53051
marginal,Link,DE0 0,urban central solid biomass CHP CC,22071112.55144
marginal,Link,DE0 0,urban decentral air heat pump,3818.06941
marginal,Link,DE0 0,urban decentral biomass boiler,64906986.50381
marginal,Link,DE0 0,urban decentral gas boiler,249250.26048
marginal,Link,DE0 0,urban decentral resistive heater,7128.83074
marginal,Link,DE0 0,waste CHP,1224.50571
marginal,Link,DE0 1,BEV charger,51918.42992
marginal,Link,DE0 1,CO2 pipeline,4570.45585
marginal,Link,DE0 1,Combined-Cycle Gas,28547361.77061
marginal,Link,DE0 1,H2 Electrolysis,0.24085
marginal,Link,DE0 1,HVC to air,122144.82979
marginal,Link,DE0 1,Haber-Bosch,4.20961
marginal,Link,DE0 1,Open-Cycle Gas,189.40088
marginal,Link,DE0 1,SMR,12.27901
marginal,Link,DE0 1,Sabatier,0.58129
marginal,Link,DE0 1,battery charger,3.45419
marginal,Link,DE0 1,battery discharger,3.70672
marginal,Link,DE0 1,biogas to gas,27653450.90951
marginal,Link,DE0 1,biomass to liquid,4679324.85903
marginal,Link,DE0 1,biomass-to-methanol,505.94375
marginal,Link,DE0 1,electricity distribution grid,542688.97339
marginal,Link,DE0 1,gas for industry,5473.39044
marginal,Link,DE0 1,gas pipeline,1366.64905
marginal,Link,DE0 1,gas pipeline new,-67644.7792
marginal,Link,DE0 1,heat100-200 industry electric boiler steam,37.3072
marginal,Link,DE0 1,heat100-200 industry gas,5231390.22161
marginal,Link,DE0 1,heat100-200 industry industrial heat pump high temperature,486101.25488
marginal,Link,DE0 1,heat100-200 industry solid biomass,1928.0733
marginal,Link,DE0 1,heat200-500 industry gas,409687.88112
marginal,Link,DE0 1,heat200-500 industry hydrogen,137.50782
marginal,Link,DE0 1,heat200-500 industry solid biomass,7240.17502
marginal,Link,DE0 1,heat<100 industry electric boiler steam,36.64305
marginal,Link,DE0 1,heat<100 industry gas,3362257.06158
marginal,Link,DE0 1,heat<100 industry industrial heat pump medium temperature,2217.72851
marginal,Link,DE0 1,heat<100 industry solid biomass,5025.1578
marginal,Link,DE0 1,heat>500 industry gas,786448.77995
marginal,Link,DE0 1,heat>500 industry hydrogen,136.79874
marginal,Link,DE0 1,home battery charger,3.35158
marginal,Link,DE0 1,home battery discharger,3.28901
marginal,Link,DE0 1,methanolisation,7.24855
marginal,Link,DE0 1,municipal solid waste,9426.32471
marginal,Link,DE0 1,rural air heat pump,0.1185
marginal,Link,DE0 1,rural biomass boiler,31067659.83243
marginal,Link,DE0 1,rural gas boiler,120477.94093
marginal,Link,DE0 1,rural ground heat pump,4941.68405
marginal,Link,DE0 1,rural resistive heater,1297.32624
marginal,Link,DE0 1,solid biomass for industry,38088.39179
marginal,Link,DE0 1,unsustainable bioliquids,4038933.02687
marginal,Link,DE0 1,urban central air heat pump,0.63529
marginal,Link,DE0 1,urban central gas CHP,1217.73939
marginal,Link,DE0 1,urban central gas boiler,44372.89867
marginal,Link,DE0 1,urban central resistive heater,0.62902
marginal,Link,DE0 1,urban central solid biomass CHP,17119.34754
marginal,Link,DE0 1,urban central solid biomass CHP CC,7031976.03024
marginal,Link,DE0 1,urban decentral air heat pump,1826.93085
marginal,Link,DE0 1,urban decentral biomass boiler,20201639.26656
marginal,Link,DE0 1,urban decentral gas boiler,72665.76443
marginal,Link,DE0 1,urban decentral resistive heater,3417.09429
marginal,Link,DE0 1,waste CHP,1150.54876
marginal,Link,DE0 2,BEV charger,130721.44703
marginal,Link,DE0 2,CO2 pipeline,-8786.71922
marginal,Link,DE0 2,Combined-Cycle Gas,235882839.21729
marginal,Link,DE0 2,DC,18536.51362
marginal,Link,DE0 2,EAF,0.28386
marginal,Link,DE0 2,H2 DRI,1373.96148
marginal,Link,DE0 2,H2 Electrolysis,0.26
marginal,Link,DE0 2,HVC to air,396599.20897
marginal,Link,DE0 2,Haber-Bosch,19.44862
marginal,Link,DE0 2,Open-Cycle Gas,248.12577
marginal,Link,DE0 2,SMR,315.27732
marginal,Link,DE0 2,Sabatier,0.50536
marginal,Link,DE0 2,battery charger,3.57075
marginal,Link,DE0 2,battery discharger,3.6062
marginal,Link,DE0 2,biogas to gas,32214041.12555
marginal,Link,DE0 2,biomass to liquid,18.84386
marginal,Link,DE0 2,biomass-to-methanol,337.56232
marginal,Link,DE0 2,co2 sequestered,13720.95069
marginal,Link,DE0 2,electricity distribution grid,1299194.47062
marginal,Link,DE0 2,gas DRI,5794.28445
marginal,Link,DE0 2,gas for industry,62887.10079
marginal,Link,DE0 2,gas pipeline,389313.18846
marginal,Link,DE0 2,heat100-200 industry electric boiler steam,47.78593
marginal,Link,DE0 2,heat100-200 industry gas,30658947.00146
marginal,Link,DE0 2,heat100-200 industry industrial heat pump high temperature,798.18537
marginal,Link,DE0 2,heat100-200 industry solid biomass,133.86876
marginal,Link,DE0 2,heat200-500 industry gas,2250145.55026
marginal,Link,DE0 2,heat200-500 industry hydrogen,149.24302
marginal,Link,DE0 2,heat200-500 industry solid biomass,496.90805
marginal,Link,DE0 2,heat<100 industry electric boiler steam,44.27118
marginal,Link,DE0 2,heat<100 industry gas,21119539.093
marginal,Link,DE0 2,heat<100 industry industrial heat pump medium temperature,553.92301
marginal,Link,DE0 2,heat<100 industry solid biomass,122.92173
marginal,Link,DE0 2,heat>500 industry gas,6592171.09249
marginal,Link,DE0 2,heat>500 industry hydrogen,167.38961
marginal,Link,DE0 2,home battery charger,2.82039
marginal,Link,DE0 2,home battery discharger,3.19291
marginal,Link,DE0 2,methanolisation,229.13861
marginal,Link,DE0 2,municipal solid waste,25863.20346
marginal,Link,DE0 2,rural air heat pump,0.31505
marginal,Link,DE0 2,rural biomass boiler,15214374.12154
marginal,Link,DE0 2,rural gas boiler,61185.78379
marginal,Link,DE0 2,rural ground heat pump,16598.85933
marginal,Link,DE0 2,rural resistive heater,1300.66544
marginal,Link,DE0 2,solid biomass for industry,125742.48976
marginal,Link,DE0 2,steel emission,56142.54206
marginal,Link,DE0 2,unsustainable bioliquids,4705233.72386
marginal,Link,DE0 2,urban central air heat pump,1.46297
marginal,Link,DE0 2,urban central gas CHP,2372.07231
marginal,Link,DE0 2,urban central gas boiler,298396.03354
marginal,Link,DE0 2,urban central resistive heater,185.72897
marginal,Link,DE0 2,urban central solid biomass CHP,208.89726
marginal,Link,DE0 2,urban central solid biomass CHP CC,180.66113
marginal,Link,DE0 2,urban decentral air heat pump,6136.29913
marginal,Link,DE0 2,urban decentral biomass boiler,120694636.65377
marginal,Link,DE0 2,urban decentral gas boiler,434491.26241
marginal,Link,DE0 2,urban decentral resistive heater,12190.15334
marginal,Link,DE0 2,waste CHP,1353.60294
marginal,Link,DE0 3,BEV charger,61407.61556
marginal,Link,DE0 3,CO2 pipeline,3.203
marginal,Link,DE0 3,Combined-Cycle Gas,58627516.88103
marginal,Link,DE0 3,H2 Electrolysis,0.24622
marginal,Link,DE0 3,HVC to air,175458.67454
marginal,Link,DE0 3,Haber-Bosch,4.32121
marginal,Link,DE0 3,Open-Cycle Gas,54334.58703
marginal,Link,DE0 3,SMR,15.90264
marginal,Link,DE0 3,Sabatier,0.52864
marginal,Link,DE0 3,battery charger,3.45027
marginal,Link,DE0 3,battery discharger,4.01034
marginal,Link,DE0 3,biogas to gas,34767365.16715
marginal,Link,DE0 3,biomass to liquid,5129765.52847
marginal,Link,DE0 3,biomass-to-methanol,506.32541
marginal,Link,DE0 3,electricity distribution grid,653977.62034
marginal,Link,DE0 3,gas for industry,15004.38721
marginal,Link,DE0 3,gas pipeline,33.48009
marginal,Link,DE0 3,gas pipeline new,-534630.15791
marginal,Link,DE0 3,heat100-200 industry electric boiler steam,39.18891
marginal,Link,DE0 3,heat100-200 industry gas,66670.64823
marginal,Link,DE0 3,heat100-200 industry industrial heat pump high temperature,8952385.69539
marginal,Link,DE0 3,heat100-200 industry solid biomass,1685.44338
marginal,Link,DE0 3,heat200-500 industry gas,693620.70925
marginal,Link,DE0 3,heat200-500 industry hydrogen,131.66913
marginal,Link,DE0 3,heat200-500 industry solid biomass,7537.90963
marginal,Link,DE0 3,heat<100 industry electric boiler steam,38.29771
marginal,Link,DE0 3,heat<100 industry gas,5893399.67837
marginal,Link,DE0 3,heat<100 industry industrial heat pump medium temperature,4698.35374
marginal,Link,DE0 3,heat<100 industry solid biomass,5274.56635
marginal,Link,DE0 3,heat>500 industry gas,2003518.61079
marginal,Link,DE0 3,heat>500 industry hydrogen,140.51919
marginal,Link,DE0 3,home battery charger,2.85431
marginal,Link,DE0 3,home battery discharger,2.8995
marginal,Link,DE0 3,methanolisation,8.28584
marginal,Link,DE0 3,municipal solid waste,12401.10333
marginal,Link,DE0 3,rural air heat pump,0.29469
marginal,Link,DE0 3,rural biomass boiler,27494066.11802
marginal,Link,DE0 3,rural gas boiler,109244.95348
marginal,Link,DE0 3,rural ground heat pump,7928.88302
marginal,Link,DE0 3,rural resistive heater,1952.6282
marginal,Link,DE0 3,solid biomass for industry,58212.7912
marginal,Link,DE0 3,unsustainable bioliquids,5077008.43856
marginal,Link,DE0 3,urban central air heat pump,0.6878
marginal,Link,DE0 3,urban central gas CHP,1283.92462
marginal,Link,DE0 3,urban central gas boiler,81420.28575
marginal,Link,DE0 3,urban central resistive heater,2.90411
marginal,Link,DE0 3,urban central solid biomass CHP,14580732.91933
marginal,Link,DE0 3,urban central solid biomass CHP CC,14150.17014
marginal,Link,DE0 3,urban decentral air heat pump,2978.70996
marginal,Link,DE0 3,urban decentral biomass boiler,41829647.49033
marginal,Link,DE0 3,urban decentral gas boiler,143327.08992
marginal,Link,DE0 3,urban decentral resistive heater,4512.84607
marginal,Link,DE0 3,waste CHP,1260.91582
marginal,Link,DE0 4,BEV charger,124604.38242
marginal,Link,DE0 4,CO2 pipeline,2.10603
marginal,Link,DE0 4,Combined-Cycle Gas,115859015.11812
marginal,Link,DE0 4,EAF,0.19949
marginal,Link,DE0 4,H2 DRI,1050.69897
marginal,Link,DE0 4,H2 Electrolysis,0.21553
marginal,Link,DE0 4,HVC to air,344957.42421
marginal,Link,DE0 4,Haber-Bosch,5.36972
marginal,Link,DE0 4,Open-Cycle Gas,176.02102
marginal,Link,DE0 4,SMR,14.87404
marginal,Link,DE0 4,Sabatier,0.49272
marginal,Link,DE0 4,battery charger,3.41515
marginal,Link,DE0 4,battery discharger,3.65709
marginal,Link,DE0 4,biogas to gas,34020764.66892
marginal,Link,DE0 4,biomass to liquid,155.81065
marginal,Link,DE0 4,biomass-to-methanol,479.29146
marginal,Link,DE0 4,electricity distribution grid,1249464.8165
marginal,Link,DE0 4,gas DRI,3741.974
marginal,Link,DE0 4,gas for industry,49941.71723
marginal,Link,DE0 4,gas pipeline,69418.65563
marginal,Link,DE0 4,heat100-200 industry electric boiler steam,45.59713
marginal,Link,DE0 4,heat100-200 industry gas,22180799.37332
marginal,Link,DE0 4,heat100-200 industry industrial heat pump high temperature,2045231.7167
marginal,Link,DE0 4,heat100-200 industry solid biomass,633.9742
marginal,Link,DE0 4,heat200-500 industry gas,1487505.34653
marginal,Link,DE0 4,heat200-500 industry hydrogen,135.816
marginal,Link,DE0 4,heat200-500 industry solid biomass,2470.15018
marginal,Link,DE0 4,heat<100 industry electric boiler steam,42.7284
marginal,Link,DE0 4,heat<100 industry gas,15673793.28454
marginal,Link,DE0 4,heat<100 industry industrial heat pump medium temperature,1696.76393
marginal,Link,DE0 4,heat<100 industry solid biomass,636.83586
marginal,Link,DE0 4,heat>500 industry gas,3052805.99371
marginal,Link,DE0 4,heat>500 industry hydrogen,148.43933
marginal,Link,DE0 4,home battery charger,2.82744
marginal,Link,DE0 4,home battery discharger,2.96129
marginal,Link,DE0 4,methanolisation,8.73568
marginal,Link,DE0 4,municipal solid waste,23060.49802
marginal,Link,DE0 4,rural air heat pump,0.37502
marginal,Link,DE0 4,rural biomass boiler,13062846.89969
marginal,Link,DE0 4,rural gas boiler,47430.53208
marginal,Link,DE0 4,rural ground heat pump,15989.71387
marginal,Link,DE0 4,rural resistive heater,730.78127
marginal,Link,DE0 4,solid biomass for industry,98813.32988
marginal,Link,DE0 4,steel emission,21224.46264
marginal,Link,DE0 4,unsustainable bioliquids,4969260.54828
marginal,Link,DE0 4,urban central air heat pump,3.22502
marginal,Link,DE0 4,urban central gas CHP,1605.77301
marginal,Link,DE0 4,urban central gas boiler,244292.25953
marginal,Link,DE0 4,urban central resistive heater,1.52042
marginal,Link,DE0 4,urban central solid biomass CHP,12393.92099
marginal,Link,DE0 4,urban central solid biomass CHP CC,14200436.90668
marginal,Link,DE0 4,urban decentral air heat pump,5946.84964
marginal,Link,DE0 4,urban decentral biomass boiler,112627563.08964
marginal,Link,DE0 4,urban decentral gas boiler,419908.78521
marginal,Link,DE0 4,urban decentral resistive heater,9057.61652
marginal,Link,DE0 4,waste CHP,1467.24458
marginal,Link,DE0 5,BEV charger,86339.30432
marginal,Link,DE0 5,CO2 pipeline,12551.73243
marginal,Link,DE0 5,Combined-Cycle Gas,88471965.3381
marginal,Link,DE0 5,DC,2710.07644
marginal,Link,DE0 5,EAF,0.19982
marginal,Link,DE0 5,H2 DRI,858.67127
marginal,Link,DE0 5,H2 Electrolysis,0.26279
marginal,Link,DE0 5,HVC to air,240271.68354
marginal,Link,DE0 5,Haber-Bosch,6.77979
marginal,Link,DE0 5,Open-Cycle Gas,240.94997
marginal,Link,DE0 5,SMR,21.58291
marginal,Link,DE0 5,Sabatier,0.53376
marginal,Link,DE0 5,battery charger,4.15879
marginal,Link,DE0 5,battery discharger,3.95193
marginal,Link,DE0 5,biogas to gas,40167451.19856
marginal,Link,DE0 5,biomass to liquid,4199867.50647
marginal,Link,DE0 5,biomass-to-methanol,504.85607
marginal,Link,DE0 5,electricity distribution grid,854448.79875
marginal,Link,DE0 5,gas DRI,3572.77359
marginal,Link,DE0 5,gas for industry,67134.82431
marginal,Link,DE0 5,gas pipeline,25.85658
marginal,Link,DE0 5,heat100-200 industry electric boiler steam,41.91574
marginal,Link,DE0 5,heat100-200 industry gas,18638985.89222
marginal,Link,DE0 5,heat100-200 industry industrial heat pump high temperature,728.79704
marginal,Link,DE0 5,heat100-200 industry solid biomass,1074.83202
marginal,Link,DE0 5,heat200-500 industry gas,1322524.75191
marginal,Link,DE0 5,heat200-500 industry hydrogen,127.42299
marginal,Link,DE0 5,heat200-500 industry solid biomass,3981.88227
marginal,Link,DE0 5,heat<100 industry electric boiler steam,39.96519
marginal,Link,DE0 5,heat<100 industry gas,13622992.2032
marginal,Link,DE0 5,heat<100 industry industrial heat pump medium temperature,491.7574
marginal,Link,DE0 5,heat<100 industry solid biomass,1039.07838
marginal,Link,DE0 5,heat>500 industry gas,3906440.2555
marginal,Link,DE0 5,heat>500 industry hydrogen,155.66366
marginal,Link,DE0 5,home battery charger,3.11929
marginal,Link,DE0 5,home battery discharger,3.0637
marginal,Link,DE0 5,methanolisation,14.06131
marginal,Link,DE0 5,municipal solid waste,16676.24709
marginal,Link,DE0 5,rural air heat pump,0.131
marginal,Link,DE0 5,rural biomass boiler,40867604.98635
marginal,Link,DE0 5,rural gas boiler,155699.6809
marginal,Link,DE0 5,rural ground heat pump,10520.73098
marginal,Link,DE0 5,rural resistive heater,2718.74703
marginal,Link,DE0 5,solid biomass for industry,63431.75107
marginal,Link,DE0 5,steel emission,8107.55429
marginal,Link,DE0 5,unsustainable bioliquids,5866028.75237
marginal,Link,DE0 5,urban central air heat pump,0.59663
marginal,Link,DE0 5,urban central gas CHP,2146.52908
marginal,Link,DE0 5,urban central gas boiler,108982.97594
marginal,Link,DE0 5,urban central resistive heater,0.62028
marginal,Link,DE0 5,urban central solid biomass CHP,3184.70811
marginal,Link,DE0 5,urban central solid biomass CHP CC,17857554.73258
marginal,Link,DE0 5,urban decentral air heat pump,3746.65196
marginal,Link,DE0 5,urban decentral biomass boiler,51900658.41291
marginal,Link,DE0 5,urban decentral gas boiler,193766.41655
marginal,Link,DE0 5,urban decentral resistive heater,7177.95979
marginal,Link,DE0 5,waste CHP,1239.01156
marginal,Link,DK0 0,BEV charger,31518.65959
marginal,Link,DK0 0,CO2 pipeline,0.28032
marginal,Link,DK0 0,Combined-Cycle Gas,10131985.27611
marginal,Link,DK0 0,DC,164855.67428
marginal,Link,DK0 0,H2 Electrolysis,0.34303
marginal,Link,DK0 0,HVC to air,56498.63764
marginal,Link,DK0 0,Haber-Bosch,100.80788
marginal,Link,DK0 0,Open-Cycle Gas,207.02278
marginal,Link,DK0 0,SMR,528.32543
marginal,Link,DK0 0,Sabatier,0.57706
marginal,Link,DK0 0,battery charger,4.26789
marginal,Link,DK0 0,battery discharger,4.33387
marginal,Link,DK0 0,biogas to gas,8145333.16312
marginal,Link,DK0 0,biomass to liquid,1436356.45025
marginal,Link,DK0 0,biomass-to-methanol,504.25021
marginal,Link,DK0 0,co2 sequestered,2.61691
marginal,Link,DK0 0,electricity distribution grid,245522.44305
marginal,Link,DK0 0,gas for industry,13212.47895
marginal,Link,DK0 0,gas pipeline,131057.98168
marginal,Link,DK0 0,gas pipeline new,211661.85188
marginal,Link,DK0 0,heat100-200 industry electric boiler steam,42.58471
marginal,Link,DK0 0,heat100-200 industry gas,18577.52622
marginal,Link,DK0 0,heat100-200 industry industrial heat pump high temperature,1942440.49672
marginal,Link,DK0 0,heat100-200 industry solid biomass,675.70499
marginal,Link,DK0 0,heat200-500 industry gas,144183.57448
marginal,Link,DK0 0,heat200-500 industry hydrogen,136.39108
marginal,Link,DK0 0,heat200-500 industry solid biomass,3056.99411
marginal,Link,DK0 0,heat<100 industry electric boiler steam,42.50303
marginal,Link,DK0 0,heat<100 industry gas,20197.63385
marginal,Link,DK0 0,heat<100 industry industrial heat pump medium temperature,1869480.62736
marginal,Link,DK0 0,heat<100 industry solid biomass,747.35627
marginal,Link,DK0 0,heat>500 industry gas,407548.79875
marginal,Link,DK0 0,heat>500 industry hydrogen,138.65069
marginal,Link,DK0 0,home battery charger,3.51677
marginal,Link,DK0 0,home battery discharger,3.30847
marginal,Link,DK0 0,methanolisation,348.54585
marginal,Link,DK0 0,municipal solid waste,10617.69568
marginal,Link,DK0 0,rural air heat pump,0.54127
marginal,Link,DK0 0,rural biomass boiler,10721382.49711
marginal,Link,DK0 0,rural gas boiler,8711.69434
marginal,Link,DK0 0,rural ground heat pump,8478.39029
marginal,Link,DK0 0,rural resistive heater,2572.29969
marginal,Link,DK0 0,solid biomass for industry,22265.59491
marginal,Link,DK0 0,unsustainable bioliquids,21862.76516
marginal,Link,DK0 0,urban central air heat pump,12276.33219
marginal,Link,DK0 0,urban central gas CHP,950.64777
marginal,Link,DK0 0,urban central gas boiler,119311.1921
marginal,Link,DK0 0,urban central resistive heater,1680.02315
marginal,Link,DK0 0,urban central solid biomass CHP,886.32201
marginal,Link,DK0 0,urban central solid biomass CHP CC,3433.70806
marginal,Link,DK0 0,urban decentral air heat pump,9123.76066
marginal,Link,DK0 0,urban decentral biomass boiler,33172566.36255
marginal,Link,DK0 0,urban decentral gas boiler,23079.29627
marginal,Link,DK0 0,urban decentral resistive heater,21176.11075
marginal,Link,DK0 0,waste CHP,801.6949
marginal,Link,DK1 0,BEV charger,18248.61323
marginal,Link,DK1 0,CO2 pipeline,-1.66829
marginal,Link,DK1 0,Combined-Cycle Gas,13092447.88438
marginal,Link,DK1 0,DC,56954.37804
marginal,Link,DK1 0,H2 Electrolysis,0.34807
marginal,Link,DK1 0,HVC to air,37306.81146
marginal,Link,DK1 0,Haber-Bosch,223688.42445
marginal,Link,DK1 0,Open-Cycle Gas,155.97476
marginal,Link,DK1 0,SMR,221018.71106
marginal,Link,DK1 0,Sabatier,0.58336
marginal,Link,DK1 0,battery charger,4.15888
marginal,Link,DK1 0,battery discharger,3.78038
marginal,Link,DK1 0,biogas to gas,2974257.42168
marginal,Link,DK1 0,biomass to liquid,20.75378
marginal,Link,DK1 0,biomass-to-methanol,347.9535
marginal,Link,DK1 0,co2 sequestered,2.48341
marginal,Link,DK1 0,electricity distribution grid,206338.17915
marginal,Link,DK1 0,gas for industry,1747.79834
marginal,Link,DK1 0,gas pipeline,12.7531
marginal,Link,DK1 0,heat100-200 industry electric boiler steam,42.67345
marginal,Link,DK1 0,heat100-200 industry gas,5989.12796
marginal,Link,DK1 0,heat100-200 industry industrial heat pump high temperature,852716.94039
marginal,Link,DK1 0,heat100-200 industry solid biomass,135.21628
marginal,Link,DK1 0,heat200-500 industry gas,83992.93885
marginal,Link,DK1 0,heat200-500 industry hydrogen,145.55103
marginal,Link,DK1 0,heat200-500 industry solid biomass,510.37336
marginal,Link,DK1 0,heat<100 industry electric boiler steam,42.75338
marginal,Link,DK1 0,heat<100 industry gas,6188.91258
marginal,Link,DK1 0,heat<100 industry industrial heat pump medium temperature,878949.53098
marginal,Link,DK1 0,heat<100 industry solid biomass,138.47602
marginal,Link,DK1 0,heat>500 industry gas,43243.99634
marginal,Link,DK1 0,heat>500 industry hydrogen,165.8097
marginal,Link,DK1 0,home battery charger,4.55147
marginal,Link,DK1 0,home battery discharger,3.90576
marginal,Link,DK1 0,methanolisation,53355.44207
marginal,Link,DK1 0,municipal solid waste,9252.98774
marginal,Link,DK1 0,rural air heat pump,0.63612
marginal,Link,DK1 0,rural biomass boiler,4652194.1183
marginal,Link,DK1 0,rural gas boiler,3232.14445
marginal,Link,DK1 0,rural ground heat pump,4903.2238
marginal,Link,DK1 0,rural resistive heater,580.64166
marginal,Link,DK1 0,solid biomass for industry,6268.08037
marginal,Link,DK1 0,unsustainable bioliquids,7990.16623
marginal,Link,DK1 0,urban central air heat pump,1274.5009
marginal,Link,DK1 0,urban central gas CHP,700.94027
marginal,Link,DK1 0,urban central gas boiler,65001.76554
marginal,Link,DK1 0,urban central resistive heater,6207.09896
marginal,Link,DK1 0,urban central solid biomass CHP,183.70339
marginal,Link,DK1 0,urban central solid biomass CHP CC,170.75997
marginal,Link,DK1 0,urban decentral air heat pump,7005.45884
marginal,Link,DK1 0,urban decentral biomass boiler,22832021.47898
marginal,Link,DK1 0,urban decentral gas boiler,15659.4536
marginal,Link,DK1 0,urban decentral resistive heater,17645.94454
marginal,Link,DK1 0,waste CHP,731.98575
marginal,Link,EE0 0,BEV charger,8789.54127
marginal,Link,EE0 0,CO2 pipeline,-0.3807
marginal,Link,EE0 0,Combined-Cycle Gas,4228575.73862
marginal,Link,EE0 0,DC,22964.29374
marginal,Link,EE0 0,H2 Electrolysis,0.23977
marginal,Link,EE0 0,HVC to air,22745.81982
marginal,Link,EE0 0,Haber-Bosch,11.00344
marginal,Link,EE0 0,Open-Cycle Gas,187.73144
marginal,Link,EE0 0,SMR,94.45815
marginal,Link,EE0 0,Sabatier,0.56311
marginal,Link,EE0 0,battery charger,3.7226
marginal,Link,EE0 0,battery discharger,3.91413
marginal,Link,EE0 0,biogas to gas,392156.2674
marginal,Link,EE0 0,biomass to liquid,6691134.12868
marginal,Link,EE0 0,biomass-to-methanol,501.6333
marginal,Link,EE0 0,co2 sequestered,2525.19926
marginal,Link,EE0 0,electricity distribution grid,89246.44343
marginal,Link,EE0 0,gas for industry,184.36287
marginal,Link,EE0 0,gas pipeline new,-86122.22121
marginal,Link,EE0 0,heat100-200 industry electric boiler steam,39.38138
marginal,Link,EE0 0,heat100-200 industry gas,629993.86533
marginal,Link,EE0 0,heat100-200 industry industrial heat pump high temperature,57225.89539
marginal,Link,EE0 0,heat100-200 industry solid biomass,1067.91153
marginal,Link,EE0 0,heat200-500 industry gas,34563.84634
marginal,Link,EE0 0,heat200-500 industry hydrogen,173.6466
marginal,Link,EE0 0,heat200-500 industry solid biomass,3518.41517
marginal,Link,EE0 0,heat<100 industry electric boiler steam,40.32642
marginal,Link,EE0 0,heat<100 industry gas,620049.20067
marginal,Link,EE0 0,heat<100 industry industrial heat pump medium temperature,2911.23744
marginal,Link,EE0 0,heat<100 industry solid biomass,1259.1568
marginal,Link,EE0 0,heat>500 industry gas,49168.75862
marginal,Link,EE0 0,heat>500 industry hydrogen,161.74926
marginal,Link,EE0 0,home battery charger,3.78219
marginal,Link,EE0 0,home battery discharger,3.67129
marginal,Link,EE0 0,methanolisation,56.59391
marginal,Link,EE0 0,municipal solid waste,2588.07452
marginal,Link,EE0 0,rural air heat pump,0.09658
marginal,Link,EE0 0,rural biomass boiler,20760798.34705
marginal,Link,EE0 0,rural gas boiler,1615.71995
marginal,Link,EE0 0,rural ground heat pump,3247.17411
marginal,Link,EE0 0,rural resistive heater,2234.41629
marginal,Link,EE0 0,solid biomass for industry,3779.27235
marginal,Link,EE0 0,urban central air heat pump,0.57101
marginal,Link,EE0 0,urban central gas CHP,908.76227
marginal,Link,EE0 0,urban central gas boiler,32364.97359
marginal,Link,EE0 0,urban central resistive heater,335.35624
marginal,Link,EE0 0,urban central solid biomass CHP,1826.73299
marginal,Link,EE0 0,urban central solid biomass CHP CC,3414019.31201
marginal,Link,EE0 0,urban decentral air heat pump,2344.9411
marginal,Link,EE0 0,urban decentral biomass boiler,17625927.68783
marginal,Link,EE0 0,urban decentral gas boiler,1577.96655
marginal,Link,EE0 0,urban decentral resistive heater,6252.32095
marginal,Link,EE0 0,waste CHP,818.23311
marginal,Link,ES0 0,BEV charger,294789.25123
marginal,Link,ES0 0,CO2 pipeline,0.0177
marginal,Link,ES0 0,Combined-Cycle Gas,449345630.20601
marginal,Link,ES0 0,DC,76021.95597
marginal,Link,ES0 0,EAF,0.25565
marginal,Link,ES0 0,H2 DRI,1209.82647
marginal,Link,ES0 0,H2 Electrolysis,0.30993
marginal,Link,ES0 0,HVC to air,788094.79604
marginal,Link,ES0 0,Haber-Bosch,486724.33954
marginal,Link,ES0 0,Open-Cycle Gas,200.06053
marginal,Link,ES0 0,SMR,267749.20939
marginal,Link,ES0 0,Sabatier,0.49992
marginal,Link,ES0 0,battery charger,6.04134
marginal,Link,ES0 0,battery discharger,6.36882
marginal,Link,ES0 0,biogas to gas,8158352.83641
marginal,Link,ES0 0,biomass to liquid,7734830.27761
marginal,Link,ES0 0,biomass-to-methanol,504.44274
marginal,Link,ES0 0,co2 sequestered,1.7285
marginal,Link,ES0 0,electricity distribution grid,2844942.74921
marginal,Link,ES0 0,gas DRI,5081.2709
marginal,Link,ES0 0,gas for industry,144696.81816
marginal,Link,ES0 0,gas pipeline,208910.15006
marginal,Link,ES0 0,gas pipeline new,-0.98606
marginal,Link,ES0 0,heat100-200 industry electric boiler steam,55.69126
marginal,Link,ES0 0,heat100-200 industry gas,97947.54833
marginal,Link,ES0 0,heat100-200 industry industrial heat pump high temperature,34783717.01551
marginal,Link,ES0 0,heat100-200 industry solid biomass,802.70594
marginal,Link,ES0 0,heat200-500 industry gas,2999661.80141
marginal,Link,ES0 0,heat200-500 industry hydrogen,138.58496
marginal,Link,ES0 0,heat200-500 industry solid biomass,3377.09829
marginal,Link,ES0 0,heat<100 industry electric boiler steam,47.23059
marginal,Link,ES0 0,heat<100 industry gas,4535640.90644
marginal,Link,ES0 0,heat<100 industry industrial heat pump medium temperature,7221581.05274
marginal,Link,ES0 0,heat<100 industry solid biomass,724.72539
marginal,Link,ES0 0,heat>500 industry gas,8437410.67102
marginal,Link,ES0 0,heat>500 industry hydrogen,177.70741
marginal,Link,ES0 0,home battery charger,5.53729
marginal,Link,ES0 0,home battery discharger,5.73568
marginal,Link,ES0 0,methanolisation,49.90157
marginal,Link,ES0 0,municipal solid waste,24392.85135
marginal,Link,ES0 0,rural air heat pump,0.50929
marginal,Link,ES0 0,rural biomass boiler,48200396.94452
marginal,Link,ES0 0,rural gas boiler,139573.33882
marginal,Link,ES0 0,rural ground heat pump,36801.43099
marginal,Link,ES0 0,rural resistive heater,9934.82899
marginal,Link,ES0 0,solid biomass for industry,246596.6404
marginal,Link,ES0 0,steel emission,18210.1193
marginal,Link,ES0 0,unsustainable bioliquids,18048464.64892
marginal,Link,ES0 0,urban central air heat pump,2.3454
marginal,Link,ES0 0,urban central gas CHP,1040.98034
marginal,Link,ES0 0,urban central gas boiler,87054.81812
marginal,Link,ES0 0,urban central resistive heater,527.5103
marginal,Link,ES0 0,urban central solid biomass CHP,1202.35531
marginal,Link,ES0 0,urban central solid biomass CHP CC,18068.82448
marginal,Link,ES0 0,urban decentral air heat pump,7917.06104
marginal,Link,ES0 0,urban decentral biomass boiler,81139136.10808
marginal,Link,ES0 0,urban decentral gas boiler,201491.88882
marginal,Link,ES0 0,urban decentral resistive heater,248820.32885
marginal,Link,ES0 0,waste CHP,1160.86107
marginal,Link,ES6 0,BEV charger,4734.90275
marginal,Link,ES6 0,Combined-Cycle Gas,201.59089
marginal,Link,ES6 0,DC,28190.77389
marginal,Link,ES6 0,H2 Electrolysis,0.29503
marginal,Link,ES6 0,HVC to air,11828.75912
marginal,Link,ES6 0,Haber-Bosch,9183.72484
marginal,Link,ES6 0,Open-Cycle Gas,92.50612
marginal,Link,ES6 0,SMR,5283.09039
marginal,Link,ES6 0,Sabatier,0.47265
marginal,Link,ES6 0,battery charger,4.07984
marginal,Link,ES6 0,battery discharger,3.8542
marginal,Link,ES6 0,biogas to gas,64104.04201
marginal,Link,ES6 0,biomass to liquid,25.05006
marginal,Link,ES6 0,biomass-to-methanol,366.53514
marginal,Link,ES6 0,electricity distribution grid,103003.63071
marginal,Link,ES6 0,gas pipeline,7.28804
marginal,Link,ES6 0,gas pipeline new,97475.05118
marginal,Link,ES6 0,heat100-200 industry electric boiler steam,58.41737
marginal,Link,ES6 0,heat100-200 industry gas,99.79979
marginal,Link,ES6 0,heat100-200 industry industrial heat pump high temperature,307072.68544
marginal,Link,ES6 0,heat100-200 industry solid biomass,155.85436
marginal,Link,ES6 0,heat200-500 industry gas,23154.26539
marginal,Link,ES6 0,heat200-500 industry hydrogen,175.19646
marginal,Link,ES6 0,heat200-500 industry solid biomass,655.2328
marginal,Link,ES6 0,heat<100 industry electric boiler steam,63.1521
marginal,Link,ES6 0,heat<100 industry gas,107.2586
marginal,Link,ES6 0,heat<100 industry industrial heat pump medium temperature,119447.08461
marginal,Link,ES6 0,heat<100 industry solid biomass,168.53887
marginal,Link,ES6 0,heat>500 industry gas,20171.17175
marginal,Link,ES6 0,heat>500 industry hydrogen,178.39696
marginal,Link,ES6 0,home battery charger,4.62169
marginal,Link,ES6 0,home battery discharger,4.05369
marginal,Link,ES6 0,methanolisation,6.30357
marginal,Link,ES6 0,municipal solid waste,599.7326
marginal,Link,ES6 0,rural air heat pump,0.69109
marginal,Link,ES6 0,rural biomass boiler,561570.17392
marginal,Link,ES6 0,rural gas boiler,1446.41103
marginal,Link,ES6 0,rural ground heat pump,9.40554
marginal,Link,ES6 0,rural resistive heater,1813.19794
marginal,Link,ES6 0,solid biomass for industry,2140.56244
marginal,Link,ES6 0,unsustainable bioliquids,141467.49977
marginal,Link,ES6 0,urban central air heat pump,0.62055
marginal,Link,ES6 0,urban central gas CHP,262.65419
marginal,Link,ES6 0,urban central gas boiler,1398.36489
marginal,Link,ES6 0,urban central resistive heater,8.9042
marginal,Link,ES6 0,urban central solid biomass CHP,162.16594
marginal,Link,ES6 0,urban central solid biomass CHP CC,187.21288
marginal,Link,ES6 0,urban decentral air heat pump,157.32157
marginal,Link,ES6 0,urban decentral biomass boiler,1509568.42084
marginal,Link,ES6 0,urban decentral gas boiler,4320.14721
marginal,Link,ES6 0,urban decentral resistive heater,5270.49322
marginal,Link,ES6 0,waste CHP,540.59348
marginal,Link,EU,BOF,12560996932.04972
marginal,Link,EU,OCGT methanol,1388.9219
marginal,Link,EU,agriculture machinery oil,522140.10059
marginal,Link,EU,ammonia cracker,9.21813
marginal,Link,EU,coal,18522115.76615
marginal,Link,EU,coal for industry,1770620.3382
marginal,Link,EU,kerosene for aviation,7577003.71482
marginal,Link,EU,land transport oil,24925042.54307
marginal,Link,EU,lignite,93847.21347
marginal,Link,EU,naphtha for industry,8524743.66414
marginal,Link,EU,nuclear,2240960313.3736
marginal,Link,EU,oil,1698.04897
marginal,Link,EU,oil refining,49212858.90865
marginal,Link,EU,rural oil boiler,1791336.27036
marginal,Link,EU,shipping methanol,687470.16668
marginal,Link,EU,shipping oil,4991393.21299
marginal,Link,EU,solid biomass import,15.03126
marginal,Link,EU,urban decentral oil boiler,3144294.58403
marginal,Link,FI1 0,BEV charger,50224.35937
marginal,Link,FI1 0,CO2 pipeline,2.59652
marginal,Link,FI1 0,Combined-Cycle Gas,26791694.49693
marginal,Link,FI1 0,DC,14834.11391
marginal,Link,FI1 0,EAF,0.19657
marginal,Link,FI1 0,H2 DRI,1056.30915
marginal,Link,FI1 0,H2 Electrolysis,0.25123
marginal,Link,FI1 0,HVC to air,105292.18617
marginal,Link,FI1 0,Haber-Bosch,11.68331
marginal,Link,FI1 0,Open-Cycle Gas,152.36679
marginal,Link,FI1 0,SMR,114275.75234
marginal,Link,FI1 0,Sabatier,0.59005
marginal,Link,FI1 0,battery charger,3.93281
marginal,Link,FI1 0,battery discharger,4.4596
marginal,Link,FI1 0,biogas to gas,5297457.60642
marginal,Link,FI1 0,biomass to liquid,11806983.24948
marginal,Link,FI1 0,biomass-to-methanol,501.07567
marginal,Link,FI1 0,electricity distribution grid,783643.64628
marginal,Link,FI1 0,gas DRI,3626.96868
marginal,Link,FI1 0,gas for industry,8353.75682
marginal,Link,FI1 0,heat100-200 industry electric boiler steam,38.79844
marginal,Link,FI1 0,heat100-200 industry gas,1439.72471
marginal,Link,FI1 0,heat100-200 industry industrial heat pump high temperature,2807248.79875
marginal,Link,FI1 0,heat100-200 industry solid biomass,1025.61022
marginal,Link,FI1 0,heat200-500 industry gas,436110.57123
marginal,Link,FI1 0,heat200-500 industry hydrogen,140.95766
marginal,Link,FI1 0,heat200-500 industry solid biomass,4100.31067
marginal,Link,FI1 0,heat<100 industry electric boiler steam,44.84406
marginal,Link,FI1 0,heat<100 industry gas,14094109.04878
marginal,Link,FI1 0,heat<100 industry industrial heat pump medium temperature,1163921.52308
marginal,Link,FI1 0,heat<100 industry solid biomass,1274.35457
marginal,Link,FI1 0,heat>500 industry gas,417055.59532
marginal,Link,FI1 0,heat>500 industry hydrogen,134.53528
marginal,Link,FI1 0,home battery charger,4.05285
marginal,Link,FI1 0,home battery discharger,3.98696
marginal,Link,FI1 0,methanolisation,90803.34639
marginal,Link,FI1 0,municipal solid waste,10547.1233
marginal,Link,FI1 0,rural air heat pump,0.11186
marginal,Link,FI1 0,rural biomass boiler,43956400.83654
marginal,Link,FI1 0,rural gas boiler,22793.30519
marginal,Link,FI1 0,rural ground heat pump,26287.41408
marginal,Link,FI1 0,rural resistive heater,1686.03641
marginal,Link,FI1 0,solid biomass for industry,517886.09321
marginal,Link,FI1 0,steel emission,9176.50127
marginal,Link,FI1 0,unsustainable bioliquids,3566628.47877
marginal,Link,FI1 0,urban central air heat pump,0.53364
marginal,Link,FI1 0,urban central gas CHP,873.81035
marginal,Link,FI1 0,urban central gas boiler,284589.34043
marginal,Link,FI1 0,urban central resistive heater,0.47755
marginal,Link,FI1 0,urban central solid biomass CHP,20707.35112
marginal,Link,FI1 0,urban central solid biomass CHP CC,27690549.17805
marginal,Link,FI1 0,urban decentral air heat pump,24006.70485
marginal,Link,FI1 0,urban decentral biomass boiler,105417716.24341
marginal,Link,FI1 0,urban decentral gas boiler,95302.07106
marginal,Link,FI1 0,urban decentral resistive heater,12589.42155
marginal,Link,FI1 0,waste CHP,1104.48705
marginal,Link,FR0 0,BEV charger,165819.15531
marginal,Link,FR0 0,CO2 pipeline,-3337.22797
marginal,Link,FR0 0,Combined-Cycle Gas,46418428.92796
marginal,Link,FR0 0,DC,72931.66078
marginal,Link,FR0 0,EAF,0.26355
marginal,Link,FR0 0,H2 DRI,1104.65886
marginal,Link,FR0 0,H2 Electrolysis,0.29743
marginal,Link,FR0 0,HVC to air,418669.33862
marginal,Link,FR0 0,Haber-Bosch,15.08526
marginal,Link,FR0 0,Open-Cycle Gas,221.34545
marginal,Link,FR0 0,SMR,106529.60115
marginal,Link,FR0 0,Sabatier,0.51618
marginal,Link,FR0 0,battery charger,4.67205
marginal,Link,FR0 0,battery discharger,4.26637
marginal,Link,FR0 0,biogas to gas,9310456.00628
marginal,Link,FR0 0,biomass to liquid,1040846.0796
marginal,Link,FR0 0,biomass-to-methanol,504.82618
marginal,Link,FR0 0,electricity distribution grid,1665186.49401
marginal,Link,FR0 0,gas DRI,4885.55747
marginal,Link,FR0 0,gas for industry,48690.45453
marginal,Link,FR0 0,gas pipeline,864373.33797
marginal,Link,FR0 0,heat100-200 industry electric boiler steam,45.32371
marginal,Link,FR0 0,heat100-200 industry gas,16912158.96993
marginal,Link,FR0 0,heat100-200 industry industrial heat pump high temperature,7176.90712
marginal,Link,FR0 0,heat100-200 industry solid biomass,877.18895
marginal,Link,FR0 0,heat200-500 industry gas,1193532.22579
marginal,Link,FR0 0,heat200-500 industry hydrogen,125.76544
marginal,Link,FR0 0,heat200-500 industry solid biomass,3429.89273
marginal,Link,FR0 0,heat<100 industry electric boiler steam,43.16464
marginal,Link,FR0 0,heat<100 industry gas,11886042.34848
marginal,Link,FR0 0,heat<100 industry industrial heat pump medium temperature,913.90861
marginal,Link,FR0 0,heat<100 industry solid biomass,861.97872
marginal,Link,FR0 0,heat>500 industry gas,2822993.03842
marginal,Link,FR0 0,heat>500 industry hydrogen,146.0113
marginal,Link,FR0 0,home battery charger,6.14915
marginal,Link,FR0 0,home battery discharger,5.22277
marginal,Link,FR0 0,methanolisation,95817.28641
marginal,Link,FR0 0,municipal solid waste,25779.39391
marginal,Link,FR0 0,rural air heat pump,0.35611
marginal,Link,FR0 0,rural biomass boiler,35023143.19034
marginal,Link,FR0 0,rural gas boiler,51856.85202
marginal,Link,FR0 0,rural ground heat pump,29457.80783
marginal,Link,FR0 0,rural resistive heater,1959.40049
marginal,Link,FR0 0,solid biomass for industry,74966.34689
marginal,Link,FR0 0,steel emission,22484.85361
marginal,Link,FR0 0,unsustainable bioliquids,7397613.03743
marginal,Link,FR0 0,urban central air heat pump,0.7345
marginal,Link,FR0 0,urban central gas CHP,1604.81437
marginal,Link,FR0 0,urban central gas boiler,220777.9776
marginal,Link,FR0 0,urban central resistive heater,0.99891
marginal,Link,FR0 0,urban central solid biomass CHP,2042.35819
marginal,Link,FR0 0,urban central solid biomass CHP CC,22851409.60839
marginal,Link,FR0 0,urban decentral air heat pump,90298.48894
marginal,Link,FR0 0,urban decentral biomass boiler,157721312.64358
marginal,Link,FR0 0,urban decentral gas boiler,217699.65994
marginal,Link,FR0 0,urban decentral resistive heater,315890.79104
marginal,Link,FR0 0,waste CHP,1244.00992
marginal,Link,FR0 1,BEV charger,100661.21483
marginal,Link,FR0 1,CO2 pipeline,-17.9512
marginal,Link,FR0 1,Combined-Cycle Gas,25035285.54302
marginal,Link,FR0 1,EAF,0.23293
marginal,Link,FR0 1,H2 DRI,1083.19527
marginal,Link,FR0 1,H2 Electrolysis,0.27714
marginal,Link,FR0 1,HVC to air,248217.69681
marginal,Link,FR0 1,Haber-Bosch,63.75153
marginal,Link,FR0 1,Open-Cycle Gas,181.41596
marginal,Link,FR0 1,SMR,35742.90077
marginal,Link,FR0 1,Sabatier,0.50555
marginal,Link,FR0 1,battery charger,4.47563
marginal,Link,FR0 1,battery discharger,4.07358
marginal,Link,FR0 1,biogas to gas,3182707.20521
marginal,Link,FR0 1,biomass to liquid,220.26771
marginal,Link,FR0 1,biomass-to-methanol,485.2659
marginal,Link,FR0 1,electricity distribution grid,1184756.66875
marginal,Link,FR0 1,gas DRI,4887.14985
marginal,Link,FR0 1,gas for industry,36229.98687
marginal,Link,FR0 1,gas pipeline,576230.74965
marginal,Link,FR0 1,heat100-200 industry electric boiler steam,45.53314
marginal,Link,FR0 1,heat100-200 industry gas,2526119.92189
marginal,Link,FR0 1,heat100-200 industry industrial heat pump high temperature,8342711.73269
marginal,Link,FR0 1,heat100-200 industry solid biomass,480.00839
marginal,Link,FR0 1,heat200-500 industry gas,884156.33332
marginal,Link,FR0 1,heat200-500 industry hydrogen,132.94469
marginal,Link,FR0 1,heat200-500 industry solid biomass,2133.84447
marginal,Link,FR0 1,heat<100 industry electric boiler steam,45.11133
marginal,Link,FR0 1,heat<100 industry gas,8509726.80417
marginal,Link,FR0 1,heat<100 industry industrial heat pump medium temperature,25235.65535
marginal,Link,FR0 1,heat<100 industry solid biomass,558.93895
marginal,Link,FR0 1,heat>500 industry gas,2673350.57107
marginal,Link,FR0 1,heat>500 industry hydrogen,145.31661
marginal,Link,FR0 1,home battery charger,4.49232
marginal,Link,FR0 1,home battery discharger,4.17194
marginal,Link,FR0 1,methanolisation,27239.5407
marginal,Link,FR0 1,municipal solid waste,17374.39727
marginal,Link,FR0 1,rural air heat pump,0.4783
marginal,Link,FR0 1,rural biomass boiler,30920485.86878
marginal,Link,FR0 1,rural gas boiler,49993.14016
marginal,Link,FR0 1,rural ground heat pump,22154.09754
marginal,Link,FR0 1,rural resistive heater,1916.85699
marginal,Link,FR0 1,solid biomass for industry,37000.25759
marginal,Link,FR0 1,steel emission,17067.94736
marginal,Link,FR0 1,unsustainable bioliquids,2530393.2587
marginal,Link,FR0 1,urban central air heat pump,12.00267
marginal,Link,FR0 1,urban central gas CHP,1199.45521
marginal,Link,FR0 1,urban central gas boiler,144578.03962
marginal,Link,FR0 1,urban central resistive heater,1532.3386
marginal,Link,FR0 1,urban central solid biomass CHP,1571.80233
marginal,Link,FR0 1,urban central solid biomass CHP CC,7860268.04614
marginal,Link,FR0 1,urban decentral air heat pump,60625.85596
marginal,Link,FR0 1,urban decentral biomass boiler,93562415.46942
marginal,Link,FR0 1,urban decentral gas boiler,143372.89774
marginal,Link,FR0 1,urban decentral resistive heater,177031.52203
marginal,Link,FR0 1,waste CHP,1286.98864
marginal,Link,FR0 2,BEV charger,69512.98203
marginal,Link,FR0 2,CO2 pipeline,0.31559
marginal,Link,FR0 2,Combined-Cycle Gas,2020930.46495
marginal,Link,FR0 2,DC,26055.29871
marginal,Link,FR0 2,H2 Electrolysis,0.26493
marginal,Link,FR0 2,HVC to air,155435.39709
marginal,Link,FR0 2,Haber-Bosch,13.4406
marginal,Link,FR0 2,Open-Cycle Gas,328.96269
marginal,Link,FR0 2,SMR,22132.61977
marginal,Link,FR0 2,Sabatier,0.57873
marginal,Link,FR0 2,battery charger,4.43443
marginal,Link,FR0 2,battery discharger,4.23595
marginal,Link,FR0 2,biogas to gas,5508894.06446
marginal,Link,FR0 2,biomass to liquid,8384506.0934
marginal,Link,FR0 2,biomass-to-methanol,504.2005
marginal,Link,FR0 2,electricity distribution grid,783824.03378
marginal,Link,FR0 2,gas for industry,5714.55224
marginal,Link,FR0 2,gas pipeline,3897.42921
marginal,Link,FR0 2,heat100-200 industry electric boiler steam,39.69514
marginal,Link,FR0 2,heat100-200 industry gas,6226234.64242
marginal,Link,FR0 2,heat100-200 industry industrial heat pump high temperature,1637.62598
marginal,Link,FR0 2,heat100-200 industry solid biomass,975.5202
marginal,Link,FR0 2,heat200-500 industry gas,442212.7176
marginal,Link,FR0 2,heat200-500 industry hydrogen,128.27238
marginal,Link,FR0 2,heat200-500 industry solid biomass,3092.23415
marginal,Link,FR0 2,heat<100 industry electric boiler steam,38.18471
marginal,Link,FR0 2,heat<100 industry gas,3934876.92735
marginal,Link,FR0 2,heat<100 industry industrial heat pump medium temperature,603.80688
marginal,Link,FR0 2,heat<100 industry solid biomass,956.67309
marginal,Link,FR0 2,heat>500 industry gas,1165097.47708
marginal,Link,FR0 2,heat>500 industry hydrogen,138.33731
marginal,Link,FR0 2,home battery charger,8.93039
marginal,Link,FR0 2,home battery discharger,8.75752
marginal,Link,FR0 2,methanolisation,17460.524
marginal,Link,FR0 2,municipal solid waste,11231.40045
marginal,Link,FR0 2,rural air heat pump,0.2614
marginal,Link,FR0 2,rural biomass boiler,57089374.65221
marginal,Link,FR0 2,rural gas boiler,94144.76577
marginal,Link,FR0 2,rural ground heat pump,9854.92085
marginal,Link,FR0 2,rural resistive heater,80334.3492
marginal,Link,FR0 2,solid biomass for industry,37908.97225
marginal,Link,FR0 2,unsustainable bioliquids,4377478.82604
marginal,Link,FR0 2,urban central air heat pump,1.18029
marginal,Link,FR0 2,urban central gas CHP,2689.73272
marginal,Link,FR0 2,urban central gas boiler,57141.34064
marginal,Link,FR0 2,urban central resistive heater,1.69045
marginal,Link,FR0 2,urban central solid biomass CHP,3550.09183
marginal,Link,FR0 2,urban central solid biomass CHP CC,5680967.55399
marginal,Link,FR0 2,urban decentral air heat pump,34984.3811
marginal,Link,FR0 2,urban decentral biomass boiler,33288350.52072
marginal,Link,FR0 2,urban decentral gas boiler,49203.00697
marginal,Link,FR0 2,urban decentral resistive heater,61629.32312
marginal,Link,FR0 2,waste CHP,1190.42104
marginal,Link,FR0 3,BEV charger,68354.93386
marginal,Link,FR0 3,CO2 pipeline,0.18917
marginal,Link,FR0 3,Combined-Cycle Gas,26832547.94483
marginal,Link,FR0 3,DC,21543.88776
marginal,Link,FR0 3,H2 Electrolysis,0.25928
marginal,Link,FR0 3,HVC to air,173583.05585
marginal,Link,FR0 3,Haber-Bosch,16.17194
marginal,Link,FR0 3,Open-Cycle Gas,271.24954
marginal,Link,FR0 3,SMR,37274.59405
marginal,Link,FR0 3,Sabatier,0.5347
marginal,Link,FR0 3,battery charger,3.98432
marginal,Link,FR0 3,battery discharger,4.66804
marginal,Link,FR0 3,biogas to gas,5272213.76553
marginal,Link,FR0 3,biomass to liquid,2611704.13837
marginal,Link,FR0 3,biomass-to-methanol,504.92905
marginal,Link,FR0 3,electricity distribution grid,737258.02786
marginal,Link,FR0 3,gas for industry,13007.19237
marginal,Link,FR0 3,gas pipeline,260563.74587
marginal,Link,FR0 3,heat100-200 industry electric boiler steam,40.03715
marginal,Link,FR0 3,heat100-200 industry gas,6054728.33733
marginal,Link,FR0 3,heat100-200 industry industrial heat pump high temperature,980.2567
marginal,Link,FR0 3,heat100-200 industry solid biomass,854.8487
marginal,Link,FR0 3,heat200-500 industry gas,398973.14474
marginal,Link,FR0 3,heat200-500 industry hydrogen,140.76355
marginal,Link,FR0 3,heat200-500 industry solid biomass,2826.05931
marginal,Link,FR0 3,heat<100 industry electric boiler steam,39.03465
marginal,Link,FR0 3,heat<100 industry gas,4470820.48509
marginal,Link,FR0 3,heat<100 industry industrial heat pump medium temperature,565.21682
marginal,Link,FR0 3,heat<100 industry solid biomass,859.56384
marginal,Link,FR0 3,heat>500 industry gas,1040691.11682
marginal,Link,FR0 3,heat>500 industry hydrogen,137.96457
marginal,Link,FR0 3,home battery charger,6.35473
marginal,Link,FR0 3,home battery discharger,6.35469
marginal,Link,FR0 3,methanolisation,28237.77896
marginal,Link,FR0 3,municipal solid waste,11762.58407
marginal,Link,FR0 3,rural air heat pump,0.35366
marginal,Link,FR0 3,rural biomass boiler,22318274.81356
marginal,Link,FR0 3,rural gas boiler,32107.36249
marginal,Link,FR0 3,rural ground heat pump,14777.51309
marginal,Link,FR0 3,rural resistive heater,1139.78362
marginal,Link,FR0 3,solid biomass for industry,23276.75149
marginal,Link,FR0 3,unsustainable bioliquids,4188184.65848
marginal,Link,FR0 3,urban central air heat pump,0.96395
marginal,Link,FR0 3,urban central gas CHP,2164.84064
marginal,Link,FR0 3,urban central gas boiler,88052.47864
marginal,Link,FR0 3,urban central resistive heater,1.29763
marginal,Link,FR0 3,urban central solid biomass CHP,2057.0665
marginal,Link,FR0 3,urban central solid biomass CHP CC,9030662.43851
marginal,Link,FR0 3,urban decentral air heat pump,41010.15538
marginal,Link,FR0 3,urban decentral biomass boiler,61081208.32238
marginal,Link,FR0 3,urban decentral gas boiler,89642.27081
marginal,Link,FR0 3,urban decentral resistive heater,108217.61732
marginal,Link,FR0 3,waste CHP,1167.61116
marginal,Link,FR0 4,BEV charger,47465.57886
marginal,Link,FR0 4,CO2 pipeline,5.03263
marginal,Link,FR0 4,Combined-Cycle Gas,6644834.33559
marginal,Link,FR0 4,H2 Electrolysis,0.29763
marginal,Link,FR0 4,HVC to air,138501.20934
marginal,Link,FR0 4,Haber-Bosch,6.74748
marginal,Link,FR0 4,Open-Cycle Gas,163.22823
marginal,Link,FR0 4,SMR,31.97526
marginal,Link,FR0 4,Sabatier,0.52649
marginal,Link,FR0 4,battery charger,3.61507
marginal,Link,FR0 4,battery discharger,4.02537
marginal,Link,FR0 4,biogas to gas,4138331.91974
marginal,Link,FR0 4,biomass to liquid,4303887.12925
marginal,Link,FR0 4,biomass-to-methanol,505.08077
marginal,Link,FR0 4,electricity distribution grid,729846.75125
marginal,Link,FR0 4,gas for industry,35280.72317
marginal,Link,FR0 4,gas pipeline,1942107.82672
marginal,Link,FR0 4,heat100-200 industry electric boiler steam,41.87488
marginal,Link,FR0 4,heat100-200 industry gas,52691.88282
marginal,Link,FR0 4,heat100-200 industry industrial heat pump high temperature,8459714.22146
marginal,Link,FR0 4,heat100-200 industry solid biomass,870.84672
marginal,Link,FR0 4,heat200-500 industry gas,538990.8998
marginal,Link,FR0 4,heat200-500 industry hydrogen,127.39622
marginal,Link,FR0 4,heat200-500 industry solid biomass,5683.51914
marginal,Link,FR0 4,heat<100 industry electric boiler steam,41.42833
marginal,Link,FR0 4,heat<100 industry gas,41096.5872
marginal,Link,FR0 4,heat<100 industry industrial heat pump medium temperature,6417562.41452
marginal,Link,FR0 4,heat<100 industry solid biomass,1097.19354
marginal,Link,FR0 4,heat>500 industry gas,1947925.1405
marginal,Link,FR0 4,heat>500 industry hydrogen,138.81869
marginal,Link,FR0 4,home battery charger,5.58905
marginal,Link,FR0 4,home battery discharger,5.27365
marginal,Link,FR0 4,methanolisation,23.53294
marginal,Link,FR0 4,municipal solid waste,6983.01519
marginal,Link,FR0 4,rural air heat pump,0.25073
marginal,Link,FR0 4,rural biomass boiler,35360479.26429
marginal,Link,FR0 4,rural gas boiler,57434.04155
marginal,Link,FR0 4,rural ground heat pump,5380.37152
marginal,Link,FR0 4,rural resistive heater,60010.20182
marginal,Link,FR0 4,solid biomass for industry,44071.60916
marginal,Link,FR0 4,unsustainable bioliquids,3291303.32191
marginal,Link,FR0 4,urban central air heat pump,3.86922
marginal,Link,FR0 4,urban central gas CHP,938.9222
marginal,Link,FR0 4,urban central gas boiler,49668.78009
marginal,Link,FR0 4,urban central resistive heater,25.48499
marginal,Link,FR0 4,urban central solid biomass CHP,36485.99319
marginal,Link,FR0 4,urban central solid biomass CHP CC,5231318.03137
marginal,Link,FR0 4,urban decentral air heat pump,26847.75817
marginal,Link,FR0 4,urban decentral biomass boiler,31416891.4571
marginal,Link,FR0 4,urban decentral gas boiler,47471.44798
marginal,Link,FR0 4,urban decentral resistive heater,70800.10188
marginal,Link,FR0 4,waste CHP,1186.14312
marginal,Link,FR5 0,BEV charger,2023.04006
marginal,Link,FR5 0,CO2 pipeline,-0.93606
marginal,Link,FR5 0,Combined-Cycle Gas,5537623.08256
marginal,Link,FR5 0,DC,8328.08616
marginal,Link,FR5 0,H2 Electrolysis,0.22983
marginal,Link,FR5 0,HVC to air,5114.5269
marginal,Link,FR5 0,Haber-Bosch,2.6559
marginal,Link,FR5 0,Open-Cycle Gas,199.95484
marginal,Link,FR5 0,SMR,10.0508
marginal,Link,FR5 0,Sabatier,0.48881
marginal,Link,FR5 0,battery charger,4.6486
marginal,Link,FR5 0,battery discharger,4.93398
marginal,Link,FR5 0,biogas to gas,64782.06266
marginal,Link,FR5 0,biomass to liquid,9669.67906
marginal,Link,FR5 0,biomass-to-methanol,490.28633
marginal,Link,FR5 0,electricity distribution grid,51875.58464
marginal,Link,FR5 0,gas pipeline new,-25638.57499
marginal,Link,FR5 0,heat100-200 industry electric boiler steam,47.28082
marginal,Link,FR5 0,heat100-200 industry gas,924.7269
marginal,Link,FR5 0,heat100-200 industry industrial heat pump high temperature,93956.75544
marginal,Link,FR5 0,heat100-200 industry solid biomass,1487.10426
marginal,Link,FR5 0,heat200-500 industry gas,8425.54916
marginal,Link,FR5 0,heat200-500 industry hydrogen,177.62266
marginal,Link,FR5 0,heat200-500 industry solid biomass,7005.23168
marginal,Link,FR5 0,heat<100 industry electric boiler steam,45.94899
marginal,Link,FR5 0,heat<100 industry gas,1778.99774
marginal,Link,FR5 0,heat<100 industry industrial heat pump medium temperature,81087.93592
marginal,Link,FR5 0,heat<100 industry solid biomass,1904.47382
marginal,Link,FR5 0,heat>500 industry gas,2878.33512
marginal,Link,FR5 0,heat>500 industry hydrogen,230.29088
marginal,Link,FR5 0,home battery charger,12.78459
marginal,Link,FR5 0,home battery discharger,13.33643
marginal,Link,FR5 0,methanolisation,5.2642
marginal,Link,FR5 0,municipal solid waste,337.10334
marginal,Link,FR5 0,rural air heat pump,0.34468
marginal,Link,FR5 0,rural biomass boiler,3413791.7675
marginal,Link,FR5 0,rural gas boiler,4835.27466
marginal,Link,FR5 0,rural ground heat pump,187.62041
marginal,Link,FR5 0,rural resistive heater,6081.80679
marginal,Link,FR5 0,solid biomass for industry,290.83685
marginal,Link,FR5 0,unsustainable bioliquids,51291.03463
marginal,Link,FR5 0,urban decentral air heat pump,0.10865
marginal,Link,FR5 0,urban decentral biomass boiler,243.43994
marginal,Link,FR5 0,urban decentral gas boiler,0.27936
marginal,Link,FR5 0,urban decentral resistive heater,0.34051
marginal,Link,FR5 0,waste CHP,447.39486
marginal,Link,GB2 0,BEV charger,130127.11908
marginal,Link,GB2 0,CO2 pipeline,-0.931
marginal,Link,GB2 0,Combined-Cycle Gas,108796849.93313
marginal,Link,GB2 0,DC,33975.20291
marginal,Link,GB2 0,H2 Electrolysis,0.31408
marginal,Link,GB2 0,HVC to air,377503.23171
marginal,Link,GB2 0,Haber-Bosch,679835.90031
marginal,Link,GB2 0,Open-Cycle Gas,162.72375
marginal,Link,GB2 0,SMR,378605.7905
marginal,Link,GB2 0,Sabatier,0.56543
marginal,Link,GB2 0,battery charger,4.75612
marginal,Link,GB2 0,battery discharger,3.97822
marginal,Link,GB2 0,biogas to gas,28281888.56057
marginal,Link,GB2 0,biomass to liquid,5537531.05493
marginal,Link,GB2 0,biomass-to-methanol,508.84253
marginal,Link,GB2 0,co2 sequestered,2.20535
marginal,Link,GB2 0,electricity distribution grid,1213665.36981
marginal,Link,GB2 0,gas for industry,43225.82998
marginal,Link,GB2 0,gas pipeline,122878.41922
marginal,Link,GB2 0,gas pipeline new,247507.76512
marginal,Link,GB2 0,heat100-200 industry electric boiler steam,50.33776
marginal,Link,GB2 0,heat100-200 industry gas,36278.11783
marginal,Link,GB2 0,heat100-200 industry industrial heat pump high temperature,15684053.95155
marginal,Link,GB2 0,heat100-200 industry solid biomass,636.54534
marginal,Link,GB2 0,heat200-500 industry gas,1245977.34171
marginal,Link,GB2 0,heat200-500 industry hydrogen,140.31971
marginal,Link,GB2 0,heat200-500 industry solid biomass,2800.31269
marginal,Link,GB2 0,heat<100 industry electric boiler steam,49.44452
marginal,Link,GB2 0,heat<100 industry gas,32245.53675
marginal,Link,GB2 0,heat<100 industry industrial heat pump medium temperature,12632566.5805
marginal,Link,GB2 0,heat<100 industry solid biomass,687.47177
marginal,Link,GB2 0,heat>500 industry gas,2162029.51958
marginal,Link,GB2 0,heat>500 industry hydrogen,142.50605
marginal,Link,GB2 0,home battery charger,4.08808
marginal,Link,GB2 0,home battery discharger,4.36143
marginal,Link,GB2 0,methanolisation,150.53029
marginal,Link,GB2 0,municipal solid waste,5349.09686
marginal,Link,GB2 0,rural air heat pump,0.33018
marginal,Link,GB2 0,rural biomass boiler,3565447.57298
marginal,Link,GB2 0,rural gas boiler,175921.04679
marginal,Link,GB2 0,rural ground heat pump,1267.88478
marginal,Link,GB2 0,rural resistive heater,16981.17289
marginal,Link,GB2 0,solid biomass for industry,71348.52211
marginal,Link,GB2 0,unsustainable bioliquids,1872010.45292
marginal,Link,GB2 0,urban central air heat pump,1.21624
marginal,Link,GB2 0,urban central gas CHP,832.98905
marginal,Link,GB2 0,urban central gas boiler,75591.52133
marginal,Link,GB2 0,urban central resistive heater,5710.61501
marginal,Link,GB2 0,urban central solid biomass CHP,1139.10025
marginal,Link,GB2 0,urban central solid biomass CHP CC,47829.94749
marginal,Link,GB2 0,urban decentral air heat pump,3030.5894
marginal,Link,GB2 0,urban decentral biomass boiler,10258760.17084
marginal,Link,GB2 0,urban decentral gas boiler,511804.7628
marginal,Link,GB2 0,urban decentral resistive heater,56245.2762
marginal,Link,GB2 0,waste CHP,1158.30579
marginal,Link,GB2 1,BEV charger,223774.83153
marginal,Link,GB2 1,CO2 pipeline,-0.271
marginal,Link,GB2 1,Combined-Cycle Gas,276123929.03192
marginal,Link,GB2 1,DC,245056.90772
marginal,Link,GB2 1,EAF,0.25988
marginal,Link,GB2 1,H2 DRI,1050.03208
marginal,Link,GB2 1,H2 Electrolysis,0.28558
marginal,Link,GB2 1,HVC to air,604517.91013
marginal,Link,GB2 1,Haber-Bosch,142305.75955
marginal,Link,GB2 1,Open-Cycle Gas,171.51336
marginal,Link,GB2 1,SMR,274221.94768
marginal,Link,GB2 1,Sabatier,0.55503
marginal,Link,GB2 1,battery charger,4.26589
marginal,Link,GB2 1,battery discharger,3.98489
marginal,Link,GB2 1,biogas to gas,45879842.04141
marginal,Link,GB2 1,biomass to liquid,2090039.26187
marginal,Link,GB2 1,biomass-to-methanol,509.29925
marginal,Link,GB2 1,co2 sequestered,4.40835
marginal,Link,GB2 1,electricity distribution grid,2010507.20099
marginal,Link,GB2 1,gas DRI,5025.04096
marginal,Link,GB2 1,gas for industry,13950.15089
marginal,Link,GB2 1,gas pipeline,174.55303
marginal,Link,GB2 1,heat100-200 industry electric boiler steam,51.24925
marginal,Link,GB2 1,heat100-200 industry gas,42296.8713
marginal,Link,GB2 1,heat100-200 industry industrial heat pump high temperature,18265134.59437
marginal,Link,GB2 1,heat100-200 industry solid biomass,631.4185
marginal,Link,GB2 1,heat200-500 industry gas,1656137.94153
marginal,Link,GB2 1,heat200-500 industry hydrogen,143.24793
marginal,Link,GB2 1,heat200-500 industry solid biomass,2666.48733
marginal,Link,GB2 1,heat<100 industry electric boiler steam,50.73969
marginal,Link,GB2 1,heat<100 industry gas,12537609.54468
marginal,Link,GB2 1,heat<100 industry industrial heat pump medium temperature,1314683.93032
marginal,Link,GB2 1,heat<100 industry solid biomass,668.83634
marginal,Link,GB2 1,heat>500 industry gas,1024713.02117
marginal,Link,GB2 1,heat>500 industry hydrogen,138.63059
marginal,Link,GB2 1,home battery charger,4.0467
marginal,Link,GB2 1,home battery discharger,4.18803
marginal,Link,GB2 1,methanolisation,128687.85755
marginal,Link,GB2 1,municipal solid waste,7024.68204
marginal,Link,GB2 1,rural air heat pump,0.22193
marginal,Link,GB2 1,rural biomass boiler,2883943.5426
marginal,Link,GB2 1,rural gas boiler,154152.30957
marginal,Link,GB2 1,rural ground heat pump,2199.85209
marginal,Link,GB2 1,rural resistive heater,14997.46688
marginal,Link,GB2 1,solid biomass for industry,80461.24244
marginal,Link,GB2 1,steel emission,11237.64765
marginal,Link,GB2 1,unsustainable bioliquids,3035822.19605
marginal,Link,GB2 1,urban central air heat pump,1.56439
marginal,Link,GB2 1,urban central gas CHP,886.46454
marginal,Link,GB2 1,urban central gas boiler,195349.48942
marginal,Link,GB2 1,urban central resistive heater,12401.79187
marginal,Link,GB2 1,urban central solid biomass CHP,1191.58944
marginal,Link,GB2 1,urban central solid biomass CHP CC,40835199.92339
marginal,Link,GB2 1,urban decentral air heat pump,4971.2418
marginal,Link,GB2 1,urban decentral biomass boiler,22086365.60553
marginal,Link,GB2 1,urban decentral gas boiler,1115874.28811
marginal,Link,GB2 1,urban decentral resistive heater,118534.70797
marginal,Link,GB2 1,waste CHP,1179.78126
marginal,Link,GB3 0,BEV charger,9336.97702
marginal,Link,GB3 0,CO2 pipeline,-2.641
marginal,Link,GB3 0,Combined-Cycle Gas,46094475.67054
marginal,Link,GB3 0,DC,5188.18214
marginal,Link,GB3 0,H2 Electrolysis,0.28736
marginal,Link,GB3 0,HVC to air,29368.57939
marginal,Link,GB3 0,Haber-Bosch,64.96202
marginal,Link,GB3 0,Open-Cycle Gas,152.62549
marginal,Link,GB3 0,SMR,4838.18272
marginal,Link,GB3 0,Sabatier,0.54723
marginal,Link,GB3 0,battery charger,4.07998
marginal,Link,GB3 0,battery discharger,4.168
marginal,Link,GB3 0,biogas to gas,3401706.6593
marginal,Link,GB3 0,biomass to liquid,635838.10814
marginal,Link,GB3 0,biomass-to-methanol,503.37111
marginal,Link,GB3 0,electricity distribution grid,117383.32369
marginal,Link,GB3 0,gas for industry,1019.912
marginal,Link,GB3 0,gas pipeline,9.51093
marginal,Link,GB3 0,gas pipeline new,116590.27318
marginal,Link,GB3 0,heat100-200 industry electric boiler steam,39.24897
marginal,Link,GB3 0,heat100-200 industry gas,498.80638
marginal,Link,GB3 0,heat100-200 industry industrial heat pump high temperature,804682.73443
marginal,Link,GB3 0,heat100-200 industry solid biomass,736.35558
marginal,Link,GB3 0,heat200-500 industry gas,75281.29403
marginal,Link,GB3 0,heat200-500 industry hydrogen,176.80426
marginal,Link,GB3 0,heat200-500 industry solid biomass,3972.28374
marginal,Link,GB3 0,heat<100 industry electric boiler steam,40.76093
marginal,Link,GB3 0,heat<100 industry gas,1091.71039
marginal,Link,GB3 0,heat<100 industry industrial heat pump medium temperature,680822.97982
marginal,Link,GB3 0,heat<100 industry solid biomass,824.51599
marginal,Link,GB3 0,heat>500 industry gas,72255.2778
marginal,Link,GB3 0,heat>500 industry hydrogen,153.98185
marginal,Link,GB3 0,home battery charger,4.25848
marginal,Link,GB3 0,home battery discharger,4.14661
marginal,Link,GB3 0,methanolisation,3400.13292
marginal,Link,GB3 0,municipal solid waste,391.04618
marginal,Link,GB3 0,rural air heat pump,0.36865
marginal,Link,GB3 0,rural biomass boiler,793570.45161
marginal,Link,GB3 0,rural gas boiler,44835.24797
marginal,Link,GB3 0,rural ground heat pump,97.21863
marginal,Link,GB3 0,rural resistive heater,4513.427
marginal,Link,GB3 0,solid biomass for industry,1557.85914
marginal,Link,GB3 0,unsustainable bioliquids,225141.94185
marginal,Link,GB3 0,urban central air heat pump,1.32125
marginal,Link,GB3 0,urban central gas CHP,810.45326
marginal,Link,GB3 0,urban central gas boiler,3259.64827
marginal,Link,GB3 0,urban central resistive heater,322.73899
marginal,Link,GB3 0,urban central solid biomass CHP,1269.62854
marginal,Link,GB3 0,urban central solid biomass CHP CC,1069553.70468
marginal,Link,GB3 0,urban decentral air heat pump,221.74652
marginal,Link,GB3 0,urban decentral biomass boiler,362841.05841
marginal,Link,GB3 0,urban decentral gas boiler,18185.55451
marginal,Link,GB3 0,urban decentral resistive heater,2397.55907
marginal,Link,GB3 0,waste CHP,713.15424
marginal,Link,GR0 0,BEV charger,49398.9795
marginal,Link,GR0 0,CO2 pipeline,-32.59594
marginal,Link,GR0 0,Combined-Cycle Gas,156192693.14219
marginal,Link,GR0 0,DC,11716.45144
marginal,Link,GR0 0,H2 Electrolysis,0.33407
marginal,Link,GR0 0,HVC to air,143018.36641
marginal,Link,GR0 0,Haber-Bosch,126618.31652
marginal,Link,GR0 0,Open-Cycle Gas,165.48603
marginal,Link,GR0 0,SMR,77048.96507
marginal,Link,GR0 0,Sabatier,0.51658
marginal,Link,GR0 0,battery charger,4.86449
marginal,Link,GR0 0,battery discharger,4.40486
marginal,Link,GR0 0,biogas to gas,3530685.26004
marginal,Link,GR0 0,biomass to liquid,23.20272
marginal,Link,GR0 0,biomass-to-methanol,357.99764
marginal,Link,GR0 0,co2 sequestered,2.19702
marginal,Link,GR0 0,electricity distribution grid,588853.64177
marginal,Link,GR0 0,gas for industry,4360.59526
marginal,Link,GR0 0,gas pipeline new,69.68594
marginal,Link,GR0 0,heat100-200 industry electric boiler steam,44.98797
marginal,Link,GR0 0,heat100-200 industry gas,5291.72105
marginal,Link,GR0 0,heat100-200 industry industrial heat pump high temperature,2209513.98043
marginal,Link,GR0 0,heat100-200 industry solid biomass,146.24056
marginal,Link,GR0 0,heat200-500 industry gas,173750.5241
marginal,Link,GR0 0,heat200-500 industry hydrogen,149.67484
marginal,Link,GR0 0,heat200-500 industry solid biomass,517.36437
marginal,Link,GR0 0,heat<100 industry electric boiler steam,122.05035
marginal,Link,GR0 0,heat<100 industry gas,5078.85403
marginal,Link,GR0 0,heat<100 industry industrial heat pump medium temperature,1203476.64156
marginal,Link,GR0 0,heat<100 industry solid biomass,163.81312
marginal,Link,GR0 0,heat>500 industry gas,1039294.86024
marginal,Link,GR0 0,heat>500 industry hydrogen,135.39359
marginal,Link,GR0 0,home battery charger,4.88682
marginal,Link,GR0 0,home battery discharger,4.56195
marginal,Link,GR0 0,methanolisation,190.63986
marginal,Link,GR0 0,municipal solid waste,2302.20448
marginal,Link,GR0 0,rural air heat pump,0.26803
marginal,Link,GR0 0,rural biomass boiler,23807016.48263
marginal,Link,GR0 0,rural gas boiler,6489.28673
marginal,Link,GR0 0,rural ground heat pump,0.39811
marginal,Link,GR0 0,rural resistive heater,19081.69101
marginal,Link,GR0 0,solid biomass for industry,16027.59159
marginal,Link,GR0 0,unsustainable bioliquids,1576078.0221
marginal,Link,GR0 0,urban central air heat pump,0.97107
marginal,Link,GR0 0,urban central gas CHP,784.76667
marginal,Link,GR0 0,urban central gas boiler,33200.49905
marginal,Link,GR0 0,urban central resistive heater,197.94027
marginal,Link,GR0 0,urban central solid biomass CHP,204.43165
marginal,Link,GR0 0,urban central solid biomass CHP CC,183.93224
marginal,Link,GR0 0,urban decentral air heat pump,0.10283
marginal,Link,GR0 0,urban decentral biomass boiler,52790415.2635
marginal,Link,GR0 0,urban decentral gas boiler,13540.84596
marginal,Link,GR0 0,urban decentral resistive heater,41305.92553
marginal,Link,GR0 0,waste CHP,1057.86169
marginal,Link,HR0 0,BEV charger,20519.0493
marginal,Link,HR0 0,CO2 pipeline,3.91631
marginal,Link,HR0 0,Combined-Cycle Gas,20317414.34908
marginal,Link,HR0 0,H2 Electrolysis,0.24866
marginal,Link,HR0 0,HVC to air,66743.12178
marginal,Link,HR0 0,Haber-Bosch,6.81202
marginal,Link,HR0 0,Open-Cycle Gas,181.75428
marginal,Link,HR0 0,SMR,8838.71962
marginal,Link,HR0 0,Sabatier,0.46584
marginal,Link,HR0 0,battery charger,3.989
marginal,Link,HR0 0,battery discharger,3.77962
marginal,Link,HR0 0,biogas to gas,2323170.67842
marginal,Link,HR0 0,biomass to liquid,4471260.31592
marginal,Link,HR0 0,biomass-to-methanol,505.18783
marginal,Link,HR0 0,electricity distribution grid,195883.90424
marginal,Link,HR0 0,gas for industry,6740.09298
marginal,Link,HR0 0,gas pipeline,21163.54659
marginal,Link,HR0 0,gas pipeline new,-12.95716
marginal,Link,HR0 0,heat100-200 industry electric boiler steam,36.30329
marginal,Link,HR0 0,heat100-200 industry gas,1347454.83632
marginal,Link,HR0 0,heat100-200 industry industrial heat pump high temperature,123703.98534
marginal,Link,HR0 0,heat100-200 industry solid biomass,1133.82074
marginal,Link,HR0 0,heat200-500 industry gas,97918.41954
marginal,Link,HR0 0,heat200-500 industry hydrogen,150.49405
marginal,Link,HR0 0,heat200-500 industry solid biomass,4123.94946
marginal,Link,HR0 0,heat<100 industry electric boiler steam,37.57109
marginal,Link,HR0 0,heat<100 industry gas,1604636.80249
marginal,Link,HR0 0,heat<100 industry industrial heat pump medium temperature,2062.77482
marginal,Link,HR0 0,heat<100 industry solid biomass,1353.32696
marginal,Link,HR0 0,heat>500 industry gas,306843.60947
marginal,Link,HR0 0,heat>500 industry hydrogen,136.98451
marginal,Link,HR0 0,home battery charger,3.30774
marginal,Link,HR0 0,home battery discharger,3.0449
marginal,Link,HR0 0,methanolisation,7535.0687
marginal,Link,HR0 0,municipal solid waste,78.49201
marginal,Link,HR0 0,rural air heat pump,0.17875
marginal,Link,HR0 0,rural biomass boiler,19158479.92431
marginal,Link,HR0 0,rural gas boiler,47786.22291
marginal,Link,HR0 0,rural ground heat pump,0.35119
marginal,Link,HR0 0,rural resistive heater,7471.57693
marginal,Link,HR0 0,solid biomass for industry,7155.99131
marginal,Link,HR0 0,unsustainable bioliquids,2039.60839
marginal,Link,HR0 0,urban central air heat pump,2.122
marginal,Link,HR0 0,urban central gas CHP,1388.8219
marginal,Link,HR0 0,urban central gas boiler,19927.0194
marginal,Link,HR0 0,urban central resistive heater,2.34487
marginal,Link,HR0 0,urban central solid biomass CHP,16309.54864
marginal,Link,HR0 0,urban central solid biomass CHP CC,2230378.5479
marginal,Link,HR0 0,urban decentral air heat pump,0.11189
marginal,Link,HR0 0,urban decentral biomass boiler,16299140.39073
marginal,Link,HR0 0,urban decentral gas boiler,41354.03157
marginal,Link,HR0 0,urban decentral resistive heater,6847.44245
marginal,Link,HR0 0,waste CHP,998.84674
marginal,Link,HU0 0,BEV charger,50638.42588
marginal,Link,HU0 0,CO2 pipeline,-9.85329
marginal,Link,HU0 0,Combined-Cycle Gas,58638828.79632
marginal,Link,HU0 0,EAF,0.19269
marginal,Link,HU0 0,H2 DRI,909.57904
marginal,Link,HU0 0,H2 Electrolysis,0.2719
marginal,Link,HU0 0,HVC to air,156256.32229
marginal,Link,HU0 0,Haber-Bosch,12.1229
marginal,Link,HU0 0,Open-Cycle Gas,220.54312
marginal,Link,HU0 0,SMR,33386.5889
marginal,Link,HU0 0,Sabatier,0.54622
marginal,Link,HU0 0,battery charger,3.66059
marginal,Link,HU0 0,battery discharger,3.75947
marginal,Link,HU0 0,biogas to gas,2554450.72401
marginal,Link,HU0 0,biomass to liquid,4130116.10192
marginal,Link,HU0 0,biomass-to-methanol,503.96233
marginal,Link,HU0 0,electricity distribution grid,474188.86817
marginal,Link,HU0 0,gas DRI,3617.49058
marginal,Link,HU0 0,gas for industry,6861.38064
marginal,Link,HU0 0,gas pipeline,254897.07264
marginal,Link,HU0 0,gas pipeline new,-7.2041
marginal,Link,HU0 0,heat100-200 industry electric boiler steam,39.52824
marginal,Link,HU0 0,heat100-200 industry gas,8903893.80131
marginal,Link,HU0 0,heat100-200 industry industrial heat pump high temperature,657.10606
marginal,Link,HU0 0,heat100-200 industry solid biomass,851.62272
marginal,Link,HU0 0,heat200-500 industry gas,637841.78067
marginal,Link,HU0 0,heat200-500 industry hydrogen,137.67145
marginal,Link,HU0 0,heat200-500 industry solid biomass,2987.4184
marginal,Link,HU0 0,heat<100 industry electric boiler steam,38.32251
marginal,Link,HU0 0,heat<100 industry gas,6225460.34925
marginal,Link,HU0 0,heat<100 industry industrial heat pump medium temperature,459.27547
marginal,Link,HU0 0,heat<100 industry solid biomass,868.25336
marginal,Link,HU0 0,heat>500 industry gas,1906604.04544
marginal,Link,HU0 0,heat>500 industry hydrogen,139.9215
marginal,Link,HU0 0,home battery charger,3.17286
marginal,Link,HU0 0,home battery discharger,3.31678
marginal,Link,HU0 0,methanolisation,27753.61698
marginal,Link,HU0 0,municipal solid waste,8269.65152
marginal,Link,HU0 0,rural air heat pump,0.1609
marginal,Link,HU0 0,rural biomass boiler,33289006.09193
marginal,Link,HU0 0,rural gas boiler,140008.23489
marginal,Link,HU0 0,rural ground heat pump,839.4222
marginal,Link,HU0 0,rural resistive heater,65.20978
marginal,Link,HU0 0,solid biomass for industry,44893.98617
marginal,Link,HU0 0,steel emission,5374.15418
marginal,Link,HU0 0,unsustainable bioliquids,4131486.84774
marginal,Link,HU0 0,urban central air heat pump,0.57457
marginal,Link,HU0 0,urban central gas CHP,1929.39046
marginal,Link,HU0 0,urban central gas boiler,64052.38011
marginal,Link,HU0 0,urban central resistive heater,0.31597
marginal,Link,HU0 0,urban central solid biomass CHP,2083.2274
marginal,Link,HU0 0,urban central solid biomass CHP CC,8417189.23926
marginal,Link,HU0 0,urban decentral air heat pump,283.04117
marginal,Link,HU0 0,urban decentral biomass boiler,45975982.88085
marginal,Link,HU0 0,urban decentral gas boiler,212872.15504
marginal,Link,HU0 0,urban decentral resistive heater,186.64645
marginal,Link,HU0 0,waste CHP,1162.63004
marginal,Link,IE3 0,BEV charger,40180.21387
marginal,Link,IE3 0,Combined-Cycle Gas,27678404.15911
marginal,Link,IE3 0,DC,4073.10225
marginal,Link,IE3 0,H2 Electrolysis,0.33504
marginal,Link,IE3 0,HVC to air,74466.60124
marginal,Link,IE3 0,Haber-Bosch,33.31893
marginal,Link,IE3 0,Open-Cycle Gas,173.82088
marginal,Link,IE3 0,SMR,22918.30894
marginal,Link,IE3 0,Sabatier,0.50639
marginal,Link,IE3 0,battery charger,4.48918
marginal,Link,IE3 0,battery discharger,4.34393
marginal,Link,IE3 0,biogas to gas,1430572.72131
marginal,Link,IE3 0,biomass to liquid,152799.58741
marginal,Link,IE3 0,biomass-to-methanol,506.08531
marginal,Link,IE3 0,co2 sequestered,4.91721
marginal,Link,IE3 0,electricity distribution grid,253104.71362
marginal,Link,IE3 0,gas for industry,5080.48878
marginal,Link,IE3 0,heat100-200 industry electric boiler steam,43.02061
marginal,Link,IE3 0,heat100-200 industry gas,350.08665
marginal,Link,IE3 0,heat100-200 industry industrial heat pump high temperature,2807973.77067
marginal,Link,IE3 0,heat100-200 industry solid biomass,735.81289
marginal,Link,IE3 0,heat200-500 industry gas,208400.93164
marginal,Link,IE3 0,heat200-500 industry hydrogen,131.30269
marginal,Link,IE3 0,heat200-500 industry solid biomass,10126.60105
marginal,Link,IE3 0,heat<100 industry electric boiler steam,42.93112
marginal,Link,IE3 0,heat<100 industry gas,622.41624
marginal,Link,IE3 0,heat<100 industry industrial heat pump medium temperature,2417898.20677
marginal,Link,IE3 0,heat<100 industry solid biomass,837.64668
marginal,Link,IE3 0,heat>500 industry gas,1479841.21094
marginal,Link,IE3 0,heat>500 industry hydrogen,135.30794
marginal,Link,IE3 0,home battery charger,3.28911
marginal,Link,IE3 0,home battery discharger,3.33192
marginal,Link,IE3 0,methanolisation,16911.77389
marginal,Link,IE3 0,municipal solid waste,1608.5208
marginal,Link,IE3 0,rural air heat pump,0.30373
marginal,Link,IE3 0,rural biomass boiler,1900923.07043
marginal,Link,IE3 0,rural gas boiler,42240.37519
marginal,Link,IE3 0,rural ground heat pump,1002.29517
marginal,Link,IE3 0,rural resistive heater,10664.75544
marginal,Link,IE3 0,solid biomass for industry,30469.1359
marginal,Link,IE3 0,unsustainable bioliquids,399931.557
marginal,Link,IE3 0,urban central air heat pump,2.94767
marginal,Link,IE3 0,urban central gas CHP,915.19944
marginal,Link,IE3 0,urban central gas boiler,21520.36113
marginal,Link,IE3 0,urban central resistive heater,214.19914
marginal,Link,IE3 0,urban central solid biomass CHP,1745.6657
marginal,Link,IE3 0,urban central solid biomass CHP CC,5160878.39803
marginal,Link,IE3 0,urban decentral air heat pump,550.53876
marginal,Link,IE3 0,urban decentral biomass boiler,2685711.25326
marginal,Link,IE3 0,urban decentral gas boiler,59270.32166
marginal,Link,IE3 0,urban decentral resistive heater,15094.60205
marginal,Link,IE3 0,waste CHP,993.27865
marginal,Link,IT0 0,BEV charger,139894.0447
marginal,Link,IT0 0,CO2 pipeline,-4.00128
marginal,Link,IT0 0,Combined-Cycle Gas,378078179.58252
marginal,Link,IT0 0,DC,130294.95227
marginal,Link,IT0 0,EAF,0.28389
marginal,Link,IT0 0,H2 DRI,1190.2191
marginal,Link,IT0 0,H2 Electrolysis,0.27348
marginal,Link,IT0 0,HVC to air,388057.94383
marginal,Link,IT0 0,Haber-Bosch,89.40241
marginal,Link,IT0 0,Open-Cycle Gas,179.31475
marginal,Link,IT0 0,SMR,74.11045
marginal,Link,IT0 0,Sabatier,0.48223
marginal,Link,IT0 0,battery charger,4.25781
marginal,Link,IT0 0,battery discharger,4.40709
marginal,Link,IT0 0,biogas to gas,18779442.39103
marginal,Link,IT0 0,biomass to liquid,19.07493
marginal,Link,IT0 0,biomass-to-methanol,338.23453
marginal,Link,IT0 0,co2 sequestered,1.27034
marginal,Link,IT0 0,electricity distribution grid,1431054.39631
marginal,Link,IT0 0,gas DRI,5203.78258
marginal,Link,IT0 0,gas for industry,35575.12245
marginal,Link,IT0 0,gas pipeline,394535.85889
marginal,Link,IT0 0,heat100-200 industry electric boiler steam,49.68785
marginal,Link,IT0 0,heat100-200 industry gas,47360.88771
marginal,Link,IT0 0,heat100-200 industry industrial heat pump high temperature,11933245.66409
marginal,Link,IT0 0,heat100-200 industry solid biomass,112.27694
marginal,Link,IT0 0,heat200-500 industry gas,1250645.8062
marginal,Link,IT0 0,heat200-500 industry hydrogen,137.07628
marginal,Link,IT0 0,heat200-500 industry solid biomass,501.32275
marginal,Link,IT0 0,heat<100 industry electric boiler steam,52.36712
marginal,Link,IT0 0,heat<100 industry gas,103020.89271
marginal,Link,IT0 0,heat<100 industry industrial heat pump medium temperature,19680807.6923
marginal,Link,IT0 0,heat<100 industry solid biomass,116.65267
marginal,Link,IT0 0,heat>500 industry gas,2504541.17865
marginal,Link,IT0 0,heat>500 industry hydrogen,143.7477
marginal,Link,IT0 0,home battery charger,4.85852
marginal,Link,IT0 0,home battery discharger,5.09261
marginal,Link,IT0 0,methanolisation,11.80042
marginal,Link,IT0 0,municipal solid waste,14144.29836
marginal,Link,IT0 0,rural air heat pump,0.32065
marginal,Link,IT0 0,rural biomass boiler,159747741.19128
marginal,Link,IT0 0,rural gas boiler,292828.14075
marginal,Link,IT0 0,rural ground heat pump,5096.81218
marginal,Link,IT0 0,rural resistive heater,21520.54666
marginal,Link,IT0 0,solid biomass for industry,29842.99873
marginal,Link,IT0 0,steel emission,16354.05234
marginal,Link,IT0 0,unsustainable bioliquids,3066251.50012
marginal,Link,IT0 0,urban central air heat pump,5710.22278
marginal,Link,IT0 0,urban central gas CHP,898.44473
marginal,Link,IT0 0,urban central gas boiler,122794.35675
marginal,Link,IT0 0,urban central resistive heater,407.38922
marginal,Link,IT0 0,urban central solid biomass CHP,175.4297
marginal,Link,IT0 0,urban central solid biomass CHP CC,169.13688
marginal,Link,IT0 0,urban decentral air heat pump,119296.22085
marginal,Link,IT0 0,urban decentral biomass boiler,84750164.62773
marginal,Link,IT0 0,urban decentral gas boiler,162366.89052
marginal,Link,IT0 0,urban decentral resistive heater,98132.25293
marginal,Link,IT0 0,waste CHP,1129.57179
marginal,Link,IT0 1,BEV charger,213513.89207
marginal,Link,IT0 1,CO2 pipeline,-3.92744
marginal,Link,IT0 1,Combined-Cycle Gas,401412352.80225
marginal,Link,IT0 1,DC,3706.13867
marginal,Link,IT0 1,H2 Electrolysis,0.26651
marginal,Link,IT0 1,HVC to air,534542.87039
marginal,Link,IT0 1,Haber-Bosch,7.81093
marginal,Link,IT0 1,Open-Cycle Gas,159.03478
marginal,Link,IT0 1,SMR,24.92808
marginal,Link,IT0 1,Sabatier,0.48458
marginal,Link,IT0 1,battery charger,4.37531
marginal,Link,IT0 1,battery discharger,4.22285
marginal,Link,IT0 1,biogas to gas,37146906.31625
marginal,Link,IT0 1,biomass to liquid,3839515.12735
marginal,Link,IT0 1,biomass-to-methanol,505.46395
marginal,Link,IT0 1,co2 sequestered,22953.5659
marginal,Link,IT0 1,electricity distribution grid,2074424.5445
marginal,Link,IT0 1,gas for industry,92668.6573
marginal,Link,IT0 1,gas pipeline,27.82851
marginal,Link,IT0 1,heat100-200 industry electric boiler steam,48.88082
marginal,Link,IT0 1,heat100-200 industry gas,88853.38607
marginal,Link,IT0 1,heat100-200 industry industrial heat pump high temperature,21045962.70244
marginal,Link,IT0 1,heat100-200 industry solid biomass,897.25844
marginal,Link,IT0 1,heat200-500 industry gas,2269812.82723
marginal,Link,IT0 1,heat200-500 industry hydrogen,143.29865
marginal,Link,IT0 1,heat200-500 industry solid biomass,4818.98473
marginal,Link,IT0 1,heat<100 industry electric boiler steam,53.29201
marginal,Link,IT0 1,heat<100 industry gas,27496310.04415
marginal,Link,IT0 1,heat<100 industry industrial heat pump medium temperature,2872362.43773
marginal,Link,IT0 1,heat<100 industry solid biomass,1252.03635
marginal,Link,IT0 1,heat>500 industry gas,5192780.68534
marginal,Link,IT0 1,heat>500 industry hydrogen,163.5459
marginal,Link,IT0 1,home battery charger,3.85284
marginal,Link,IT0 1,home battery discharger,4.2493
marginal,Link,IT0 1,methanolisation,15.37244
marginal,Link,IT0 1,municipal solid waste,14544.05944
marginal,Link,IT0 1,rural air heat pump,0.41472
marginal,Link,IT0 1,rural biomass boiler,127338556.39257
marginal,Link,IT0 1,rural gas boiler,244990.45688
marginal,Link,IT0 1,rural ground heat pump,10625.79456
marginal,Link,IT0 1,rural resistive heater,2294.27006
marginal,Link,IT0 1,solid biomass for industry,50623.92786
marginal,Link,IT0 1,unsustainable bioliquids,6070764.78151
marginal,Link,IT0 1,urban central air heat pump,4378.92846
marginal,Link,IT0 1,urban central gas CHP,996.9524
marginal,Link,IT0 1,urban central gas boiler,204011.97188
marginal,Link,IT0 1,urban central resistive heater,888.99765
marginal,Link,IT0 1,urban central solid biomass CHP,2905.894
marginal,Link,IT0 1,urban central solid biomass CHP CC,24180804.05879
marginal,Link,IT0 1,urban decentral air heat pump,148070.58379
marginal,Link,IT0 1,urban decentral biomass boiler,160377334.4841
marginal,Link,IT0 1,urban decentral gas boiler,311042.74701
marginal,Link,IT0 1,urban decentral resistive heater,164280.80134
marginal,Link,IT0 1,waste CHP,1265.09585
marginal,Link,IT4 0,BEV charger,8997.65357
marginal,Link,IT4 0,Combined-Cycle Gas,301.13579
marginal,Link,IT4 0,DC,25582.60061
marginal,Link,IT4 0,H2 Electrolysis,0.30829
marginal,Link,IT4 0,HVC to air,24357.95084
marginal,Link,IT4 0,Haber-Bosch,9.19606
marginal,Link,IT4 0,Open-Cycle Gas,190.7005
marginal,Link,IT4 0,SMR,16.62768
marginal,Link,IT4 0,Sabatier,0.5253
marginal,Link,IT4 0,battery charger,4.70088
marginal,Link,IT4 0,battery discharger,4.8151
marginal,Link,IT4 0,biogas to gas,935024.3645
marginal,Link,IT4 0,biomass to liquid,19.18852
marginal,Link,IT4 0,biomass-to-methanol,338.11839
marginal,Link,IT4 0,electricity distribution grid,107753.08472
marginal,Link,IT4 0,gas for industry,2476.25982
marginal,Link,IT4 0,heat100-200 industry electric boiler steam,40.9314
marginal,Link,IT4 0,heat100-200 industry gas,4662.54437
marginal,Link,IT4 0,heat100-200 industry industrial heat pump high temperature,938537.58935
marginal,Link,IT4 0,heat100-200 industry solid biomass,133.08769
marginal,Link,IT4 0,heat200-500 industry gas,292745.95284
marginal,Link,IT4 0,heat200-500 industry hydrogen,146.50483
marginal,Link,IT4 0,heat200-500 industry solid biomass,468.41037
marginal,Link,IT4 0,heat<100 industry electric boiler steam,40.85863
marginal,Link,IT4 0,heat<100 industry gas,11481.95153
marginal,Link,IT4 0,heat<100 industry industrial heat pump medium temperature,1867347.39021
marginal,Link,IT4 0,heat<100 industry solid biomass,131.25145
marginal,Link,IT4 0,heat>500 industry gas,513655.12373
marginal,Link,IT4 0,heat>500 industry hydrogen,135.38797
marginal,Link,IT4 0,home battery charger,3.33387
marginal,Link,IT4 0,home battery discharger,3.21151
marginal,Link,IT4 0,methanolisation,7.08861
marginal,Link,IT4 0,municipal solid waste,793.6749
marginal,Link,IT4 0,rural air heat pump,0.12239
marginal,Link,IT4 0,rural biomass boiler,19015033.19953
marginal,Link,IT4 0,rural gas boiler,34743.10911
marginal,Link,IT4 0,rural ground heat pump,235.1469
marginal,Link,IT4 0,rural resistive heater,2775.7717
marginal,Link,IT4 0,solid biomass for industry,2054.54356
marginal,Link,IT4 0,unsustainable bioliquids,152681.30478
marginal,Link,IT4 0,urban central air heat pump,106.79582
marginal,Link,IT4 0,urban central gas CHP,1107.23946
marginal,Link,IT4 0,urban central gas boiler,2437.84302
marginal,Link,IT4 0,urban central resistive heater,7.06786
marginal,Link,IT4 0,urban central solid biomass CHP,191.32922
marginal,Link,IT4 0,urban central solid biomass CHP CC,186.4689
marginal,Link,IT4 0,urban decentral air heat pump,3019.82078
marginal,Link,IT4 0,urban decentral biomass boiler,791299.62175
marginal,Link,IT4 0,urban decentral gas boiler,1468.33373
marginal,Link,IT4 0,urban decentral resistive heater,2254.54249
marginal,Link,IT4 0,waste CHP,817.51561
marginal,Link,LT0 0,BEV charger,23219.98277
marginal,Link,LT0 0,CO2 pipeline,-0.87397
marginal,Link,LT0 0,Combined-Cycle Gas,35832416.82246
marginal,Link,LT0 0,DC,2129.45007
marginal,Link,LT0 0,H2 Electrolysis,0.22017
marginal,Link,LT0 0,HVC to air,45370.31335
marginal,Link,LT0 0,Haber-Bosch,11.57286
marginal,Link,LT0 0,Open-Cycle Gas,178.92612
marginal,Link,LT0 0,SMR,146.06815
marginal,Link,LT0 0,Sabatier,0.48512
marginal,Link,LT0 0,battery charger,3.75839
marginal,Link,LT0 0,battery discharger,3.95069
marginal,Link,LT0 0,biogas to gas,1101297.45042
marginal,Link,LT0 0,biomass to liquid,1949310.49895
marginal,Link,LT0 0,biomass-to-methanol,505.28875
marginal,Link,LT0 0,co2 sequestered,2645.2208
marginal,Link,LT0 0,electricity distribution grid,129483.38405
marginal,Link,LT0 0,gas for industry,206.4865
marginal,Link,LT0 0,gas pipeline,262943.69049
marginal,Link,LT0 0,gas pipeline new,100924.12734
marginal,Link,LT0 0,heat100-200 industry electric boiler steam,32.4713
marginal,Link,LT0 0,heat100-200 industry gas,961938.97382
marginal,Link,LT0 0,heat100-200 industry industrial heat pump high temperature,653.67824
marginal,Link,LT0 0,heat100-200 industry solid biomass,952.74027
marginal,Link,LT0 0,heat200-500 industry gas,78124.84332
marginal,Link,LT0 0,heat200-500 industry hydrogen,180.92992
marginal,Link,LT0 0,heat200-500 industry solid biomass,2826.402
marginal,Link,LT0 0,heat<100 industry electric boiler steam,32.21057
marginal,Link,LT0 0,heat<100 industry gas,873832.34113
marginal,Link,LT0 0,heat<100 industry industrial heat pump medium temperature,459.77112
marginal,Link,LT0 0,heat<100 industry solid biomass,964.59163
marginal,Link,LT0 0,heat>500 industry gas,92679.94831
marginal,Link,LT0 0,heat>500 industry hydrogen,149.66958
marginal,Link,LT0 0,home battery charger,3.0162
marginal,Link,LT0 0,home battery discharger,2.97428
marginal,Link,LT0 0,methanolisation,98.792
marginal,Link,LT0 0,municipal solid waste,1149.25996
marginal,Link,LT0 0,rural air heat pump,0.03667
marginal,Link,LT0 0,rural biomass boiler,46248956.25036
marginal,Link,LT0 0,rural gas boiler,1.38158
marginal,Link,LT0 0,rural ground heat pump,831.20996
marginal,Link,LT0 0,rural resistive heater,0.71595
marginal,Link,LT0 0,solid biomass for industry,10532.13814
marginal,Link,LT0 0,unsustainable bioliquids,1387191.53654
marginal,Link,LT0 0,urban central air heat pump,0.42644
marginal,Link,LT0 0,urban central gas CHP,1073.77445
marginal,Link,LT0 0,urban central gas boiler,47853.70687
marginal,Link,LT0 0,urban central resistive heater,0.32992
marginal,Link,LT0 0,urban central solid biomass CHP,1763.63687
marginal,Link,LT0 0,urban central solid biomass CHP CC,4233189.04572
marginal,Link,LT0 0,urban decentral air heat pump,75.3127
marginal,Link,LT0 0,urban decentral biomass boiler,38043816.7898
marginal,Link,LT0 0,urban decentral gas boiler,2.62116
marginal,Link,LT0 0,urban decentral resistive heater,0.92881
marginal,Link,LT0 0,waste CHP,873.20834
marginal,Link,LU0 0,BEV charger,10440.58488
marginal,Link,LU0 0,Combined-Cycle Gas,731.57096
marginal,Link,LU0 0,H2 Electrolysis,0.21554
marginal,Link,LU0 0,HVC to air,8559.17013
marginal,Link,LU0 0,Haber-Bosch,7.70802
marginal,Link,LU0 0,Open-Cycle Gas,892120.09926
marginal,Link,LU0 0,SMR,251.55246
marginal,Link,LU0 0,Sabatier,0.53218
marginal,Link,LU0 0,battery charger,3.64149
marginal,Link,LU0 0,battery discharger,3.92382
marginal,Link,LU0 0,biogas to gas,508501.61993
marginal,Link,LU0 0,biomass to liquid,275421.68664
marginal,Link,LU0 0,biomass-to-methanol,504.45704
marginal,Link,LU0 0,electricity distribution grid,63936.52195
marginal,Link,LU0 0,gas for industry,17737.54111
marginal,Link,LU0 0,gas pipeline,116447.11103
marginal,Link,LU0 0,heat100-200 industry electric boiler steam,30.96045
marginal,Link,LU0 0,heat100-200 industry gas,305411.53015
marginal,Link,LU0 0,heat100-200 industry industrial heat pump high temperature,416.45012
marginal,Link,LU0 0,heat100-200 industry solid biomass,1069.19982
marginal,Link,LU0 0,heat200-500 industry gas,48990.47281
marginal,Link,LU0 0,heat200-500 industry hydrogen,177.3304
marginal,Link,LU0 0,heat200-500 industry solid biomass,3078.23145
marginal,Link,LU0 0,heat<100 industry electric boiler steam,31.04056
marginal,Link,LU0 0,heat<100 industry gas,316635.36533
marginal,Link,LU0 0,heat<100 industry industrial heat pump medium temperature,347.15286
marginal,Link,LU0 0,heat<100 industry solid biomass,1073.4884
marginal,Link,LU0 0,heat>500 industry gas,184646.6727
marginal,Link,LU0 0,heat>500 industry hydrogen,141.14562
marginal,Link,LU0 0,home battery charger,2.71239
marginal,Link,LU0 0,home battery discharger,3.01502
marginal,Link,LU0 0,methanolisation,185.47886
marginal,Link,LU0 0,municipal solid waste,100.58621
marginal,Link,LU0 0,rural air heat pump,0.14381
marginal,Link,LU0 0,rural biomass boiler,431274.76568
marginal,Link,LU0 0,rural gas boiler,2787.67254
marginal,Link,LU0 0,rural ground heat pump,43.78163
marginal,Link,LU0 0,rural resistive heater,348.70312
marginal,Link,LU0 0,solid biomass for industry,2802.13692
marginal,Link,LU0 0,urban central air heat pump,0.59086
marginal,Link,LU0 0,urban central gas CHP,2858343.66734
marginal,Link,LU0 0,urban central gas boiler,10023.94579
marginal,Link,LU0 0,urban central resistive heater,4.88439
marginal,Link,LU0 0,urban central solid biomass CHP,5815.41051
marginal,Link,LU0 0,urban central solid biomass CHP CC,873220.62505
marginal,Link,LU0 0,urban decentral air heat pump,185.68612
marginal,Link,LU0 0,urban decentral biomass boiler,2751688.3791
marginal,Link,LU0 0,urban decentral gas boiler,18209.10694
marginal,Link,LU0 0,urban decentral resistive heater,2623.88278
marginal,Link,LU0 0,waste CHP,772.4067
marginal,Link,LV0 0,BEV charger,11681.37714
marginal,Link,LV0 0,Combined-Cycle Gas,19705235.68947
marginal,Link,LV0 0,H2 Electrolysis,0.22588
marginal,Link,LV0 0,HVC to air,26918.71972
marginal,Link,LV0 0,Haber-Bosch,11.15613
marginal,Link,LV0 0,Open-Cycle Gas,168.33146
marginal,Link,LV0 0,SMR,74.37768
marginal,Link,LV0 0,Sabatier,0.49638
marginal,Link,LV0 0,battery charger,3.62035
marginal,Link,LV0 0,battery discharger,3.69117
marginal,Link,LV0 0,biogas to gas,2277901.70895
marginal,Link,LV0 0,biomass to liquid,7422541.07373
marginal,Link,LV0 0,biomass-to-methanol,504.43848
marginal,Link,LV0 0,co2 sequestered,3824.07447
marginal,Link,LV0 0,electricity distribution grid,81547.32786
marginal,Link,LV0 0,gas for industry,274.13582
marginal,Link,LV0 0,gas pipeline,28.6605
marginal,Link,LV0 0,heat100-200 industry electric boiler steam,34.57767
marginal,Link,LV0 0,heat100-200 industry gas,489957.35088
marginal,Link,LV0 0,heat100-200 industry industrial heat pump high temperature,1320.7675
marginal,Link,LV0 0,heat100-200 industry solid biomass,1074.3442
marginal,Link,LV0 0,heat200-500 industry gas,54915.13855
marginal,Link,LV0 0,heat200-500 industry hydrogen,152.92933
marginal,Link,LV0 0,heat200-500 industry solid biomass,3319.12267
marginal,Link,LV0 0,heat<100 industry electric boiler steam,34.39723
marginal,Link,LV0 0,heat<100 industry gas,1147158.63134
marginal,Link,LV0 0,heat<100 industry industrial heat pump medium temperature,611.45517
marginal,Link,LV0 0,heat<100 industry solid biomass,1008.24539
marginal,Link,LV0 0,heat>500 industry gas,95785.23555
marginal,Link,LV0 0,heat>500 industry hydrogen,149.01278
marginal,Link,LV0 0,home battery charger,3.60444
marginal,Link,LV0 0,home battery discharger,3.08169
marginal,Link,LV0 0,methanolisation,49.59568
marginal,Link,LV0 0,municipal solid waste,592.86791
marginal,Link,LV0 0,rural air heat pump,0.05288
marginal,Link,LV0 0,rural biomass boiler,39093770.08289
marginal,Link,LV0 0,rural gas boiler,13631.10078
marginal,Link,LV0 0,rural ground heat pump,0.08221
marginal,Link,LV0 0,rural resistive heater,0.74135
marginal,Link,LV0 0,solid biomass for industry,46666.83291
marginal,Link,LV0 0,unsustainable bioliquids,671521.91267
marginal,Link,LV0 0,urban central air heat pump,0.44576
marginal,Link,LV0 0,urban central gas CHP,917.19291
marginal,Link,LV0 0,urban central gas boiler,35045.74704
marginal,Link,LV0 0,urban central resistive heater,0.31932
marginal,Link,LV0 0,urban central solid biomass CHP,1711.85492
marginal,Link,LV0 0,urban central solid biomass CHP CC,5780369.16112
marginal,Link,LV0 0,urban decentral air heat pump,0.03626
marginal,Link,LV0 0,urban decentral biomass boiler,28311258.13601
marginal,Link,LV0 0,urban decentral gas boiler,9052.54566
marginal,Link,LV0 0,urban decentral resistive heater,0.74217
marginal,Link,LV0 0,waste CHP,804.78135
marginal,Link,ME0 0,BEV charger,2133.68709
marginal,Link,ME0 0,CO2 pipeline,1.37582
marginal,Link,ME0 0,Combined-Cycle Gas,340.6939
marginal,Link,ME0 0,DC,5373.79381
marginal,Link,ME0 0,EAF,0.14788
marginal,Link,ME0 0,H2 DRI,779.02646
marginal,Link,ME0 0,H2 Electrolysis,0.25273
marginal,Link,ME0 0,HVC to air,9705.92834
marginal,Link,ME0 0,Haber-Bosch,11.73661
marginal,Link,ME0 0,Open-Cycle Gas,198.59849
marginal,Link,ME0 0,SMR,1762.27528
marginal,Link,ME0 0,Sabatier,0.54467
marginal,Link,ME0 0,battery charger,3.75771
marginal,Link,ME0 0,battery discharger,3.79361
marginal,Link,ME0 0,biogas to gas,325.74822
marginal,Link,ME0 0,biomass to liquid,602669.00164
marginal,Link,ME0 0,biomass-to-methanol,501.37487
marginal,Link,ME0 0,electricity distribution grid,29884.6996
marginal,Link,ME0 0,gas DRI,2560.85781
marginal,Link,ME0 0,gas for industry,125.91635
marginal,Link,ME0 0,heat100-200 industry electric boiler steam,49.7625
marginal,Link,ME0 0,heat100-200 industry gas,2301.97893
marginal,Link,ME0 0,heat100-200 industry industrial heat pump high temperature,113899.31947
marginal,Link,ME0 0,heat100-200 industry solid biomass,1159.09429
marginal,Link,ME0 0,heat200-500 industry gas,14332.36478
marginal,Link,ME0 0,heat200-500 industry hydrogen,191.12387
marginal,Link,ME0 0,heat200-500 industry solid biomass,4212.31784
marginal,Link,ME0 0,heat<100 industry electric boiler steam,50.42816
marginal,Link,ME0 0,heat<100 industry gas,106496.42293
marginal,Link,ME0 0,heat<100 industry industrial heat pump medium temperature,14555.24492
marginal,Link,ME0 0,heat<100 industry solid biomass,1322.96262
marginal,Link,ME0 0,heat>500 industry gas,60575.8421
marginal,Link,ME0 0,heat>500 industry hydrogen,154.62178
marginal,Link,ME0 0,home battery charger,4.29383
marginal,Link,ME0 0,home battery discharger,4.5427
marginal,Link,ME0 0,methanolisation,1262.12418
marginal,Link,ME0 0,municipal solid waste,0.51818
marginal,Link,ME0 0,rural air heat pump,0.15733
marginal,Link,ME0 0,rural biomass boiler,1418.05422
marginal,Link,ME0 0,rural gas boiler,5268.83325
marginal,Link,ME0 0,rural ground heat pump,0.23894
marginal,Link,ME0 0,rural resistive heater,393.01046
marginal,Link,ME0 0,solid biomass for industry,2353.787
marginal,Link,ME0 0,steel emission,114.5373
marginal,Link,ME0 0,urban central air heat pump,1.36945
marginal,Link,ME0 0,urban central gas CHP,1277.76419
marginal,Link,ME0 0,urban central gas boiler,1206.89084
marginal,Link,ME0 0,urban central resistive heater,12.93006
marginal,Link,ME0 0,urban central solid biomass CHP,3325.14521
marginal,Link,ME0 0,urban central solid biomass CHP CC,230547.97663
marginal,Link,ME0 0,urban decentral air heat pump,0.15336
marginal,Link,ME0 0,urban decentral biomass boiler,1356.16122
marginal,Link,ME0 0,urban decentral gas boiler,8146.70498
marginal,Link,ME0 0,urban decentral resistive heater,686.48473
marginal,Link,ME0 0,waste CHP,805.11051
marginal,Link,MK0 0,BEV charger,6183.51559
marginal,Link,MK0 0,CO2 pipeline,-22.20221
marginal,Link,MK0 0,Combined-Cycle Gas,5674844.64621
marginal,Link,MK0 0,EAF,0.1723
marginal,Link,MK0 0,H2 DRI,925.24246
marginal,Link,MK0 0,H2 Electrolysis,0.25533
marginal,Link,MK0 0,HVC to air,31136.20219
marginal,Link,MK0 0,Haber-Bosch,17.35631
marginal,Link,MK0 0,Open-Cycle Gas,195.00074
marginal,Link,MK0 0,SMR,3640.64251
marginal,Link,MK0 0,Sabatier,0.49464
marginal,Link,MK0 0,battery charger,3.98448
marginal,Link,MK0 0,battery discharger,3.83964
marginal,Link,MK0 0,biogas to gas,535695.16879
marginal,Link,MK0 0,biomass to liquid,810716.20861
marginal,Link,MK0 0,biomass-to-methanol,500.69358
marginal,Link,MK0 0,electricity distribution grid,68728.80799
marginal,Link,MK0 0,gas DRI,3241.84093
marginal,Link,MK0 0,gas for industry,2984.39272
marginal,Link,MK0 0,gas pipeline new,382015.49456
marginal,Link,MK0 0,heat100-200 industry electric boiler steam,45.79302
marginal,Link,MK0 0,heat100-200 industry gas,4158.82503
marginal,Link,MK0 0,heat100-200 industry industrial heat pump high temperature,218092.64195
marginal,Link,MK0 0,heat100-200 industry solid biomass,970.69612
marginal,Link,MK0 0,heat200-500 industry gas,17279.10114
marginal,Link,MK0 0,heat200-500 industry hydrogen,185.56494
marginal,Link,MK0 0,heat200-500 industry solid biomass,3811.64984
marginal,Link,MK0 0,heat<100 industry electric boiler steam,44.83439
marginal,Link,MK0 0,heat<100 industry gas,259829.62286
marginal,Link,MK0 0,heat<100 industry industrial heat pump medium temperature,26293.86202
marginal,Link,MK0 0,heat<100 industry solid biomass,1067.75431
marginal,Link,MK0 0,heat>500 industry gas,14451.77684
marginal,Link,MK0 0,heat>500 industry hydrogen,182.10773
marginal,Link,MK0 0,home battery charger,6.01151
marginal,Link,MK0 0,home battery discharger,7.07691
marginal,Link,MK0 0,methanolisation,2996.7325
marginal,Link,MK0 0,municipal solid waste,577.92107
marginal,Link,MK0 0,rural air heat pump,0.07559
marginal,Link,MK0 0,rural biomass boiler,958.66836
marginal,Link,MK0 0,rural gas boiler,14903.14397
marginal,Link,MK0 0,rural ground heat pump,0.13869
marginal,Link,MK0 0,rural resistive heater,1189.51533
marginal,Link,MK0 0,solid biomass for industry,638.27476
marginal,Link,MK0 0,steel emission,3354.24815
marginal,Link,MK0 0,urban central air heat pump,1.06207
marginal,Link,MK0 0,urban central gas CHP,1209.88641
marginal,Link,MK0 0,urban central gas boiler,10713.15691
marginal,Link,MK0 0,urban central resistive heater,93.42793
marginal,Link,MK0 0,urban central solid biomass CHP,2238.16627
marginal,Link,MK0 0,urban central solid biomass CHP CC,994897.66426
marginal,Link,MK0 0,urban decentral air heat pump,0.08018
marginal,Link,MK0 0,urban decentral biomass boiler,946.24935
marginal,Link,MK0 0,urban decentral gas boiler,13464.30486
marginal,Link,MK0 0,urban decentral resistive heater,891.86074
marginal,Link,MK0 0,waste CHP,869.92151
marginal,Link,NL0 0,BEV charger,131477.03892
marginal,Link,NL0 0,CO2 pipeline,0.05802
marginal,Link,NL0 0,Combined-Cycle Gas,194959093.01367
marginal,Link,NL0 0,DC,28590.15995
marginal,Link,NL0 0,EAF,0.26755
marginal,Link,NL0 0,H2 DRI,1154.27695
marginal,Link,NL0 0,H2 Electrolysis,0.26168
marginal,Link,NL0 0,HVC to air,315048.42461
marginal,Link,NL0 0,Haber-Bosch,17.24194
marginal,Link,NL0 0,Open-Cycle Gas,227.43919
marginal,Link,NL0 0,SMR,91442.79859
marginal,Link,NL0 0,Sabatier,0.47965
marginal,Link,NL0 0,battery charger,4.02498
marginal,Link,NL0 0,battery discharger,4.29779
marginal,Link,NL0 0,biogas to gas,10061710.37147
marginal,Link,NL0 0,biomass to liquid,1122983.65781
marginal,Link,NL0 0,biomass-to-methanol,504.64543
marginal,Link,NL0 0,co2 sequestered,6.54276
marginal,Link,NL0 0,electricity distribution grid,1276705.76604
marginal,Link,NL0 0,gas DRI,5274.11421
marginal,Link,NL0 0,gas for industry,37832.18443
marginal,Link,NL0 0,gas pipeline,478.25827
marginal,Link,NL0 0,heat100-200 industry electric boiler steam,50.77715
marginal,Link,NL0 0,heat100-200 industry gas,30255101.75854
marginal,Link,NL0 0,heat100-200 industry industrial heat pump high temperature,4327.5691
marginal,Link,NL0 0,heat100-200 industry solid biomass,916.44391
marginal,Link,NL0 0,heat200-500 industry gas,2250930.27806
marginal,Link,NL0 0,heat200-500 industry hydrogen,143.38851
marginal,Link,NL0 0,heat200-500 industry solid biomass,3229.24036
marginal,Link,NL0 0,heat<100 industry electric boiler steam,48.91076
marginal,Link,NL0 0,heat<100 industry gas,25812252.85576
marginal,Link,NL0 0,heat<100 industry industrial heat pump medium temperature,967.05604
marginal,Link,NL0 0,heat<100 industry solid biomass,878.54939
marginal,Link,NL0 0,heat>500 industry gas,7672570.10344
marginal,Link,NL0 0,heat>500 industry hydrogen,172.55131
marginal,Link,NL0 0,home battery charger,3.18292
marginal,Link,NL0 0,home battery discharger,3.22644
marginal,Link,NL0 0,methanolisation,68365.45498
marginal,Link,NL0 0,municipal solid waste,39101.41454
marginal,Link,NL0 0,rural air heat pump,0.64097
marginal,Link,NL0 0,rural biomass boiler,5588870.72333
marginal,Link,NL0 0,rural gas boiler,242689.81054
marginal,Link,NL0 0,rural ground heat pump,43892.79226
marginal,Link,NL0 0,rural resistive heater,93.59579
marginal,Link,NL0 0,solid biomass for industry,22664.51069
marginal,Link,NL0 0,steel emission,28120.68707
marginal,Link,NL0 0,unsustainable bioliquids,15557400.62522
marginal,Link,NL0 0,urban central air heat pump,0.77283
marginal,Link,NL0 0,urban central gas CHP,1365.38524
marginal,Link,NL0 0,urban central gas boiler,162793.05326
marginal,Link,NL0 0,urban central resistive heater,1793.70458
marginal,Link,NL0 0,urban central solid biomass CHP,1594.71537
marginal,Link,NL0 0,urban central solid biomass CHP CC,23441815.54503
marginal,Link,NL0 0,urban decentral air heat pump,11763.21576
marginal,Link,NL0 0,urban decentral biomass boiler,17615568.74575
marginal,Link,NL0 0,urban decentral gas boiler,672794.33831
marginal,Link,NL0 0,urban decentral resistive heater,16632.79093
marginal,Link,NL0 0,waste CHP,1203.55931
marginal,Link,NO1 0,BEV charger,35058.7947
marginal,Link,NO1 0,CO2 pipeline,-27.47496
marginal,Link,NO1 0,Combined-Cycle Gas,581.25262
marginal,Link,NO1 0,DC,331504.4779
marginal,Link,NO1 0,EAF,0.23233
marginal,Link,NO1 0,H2 DRI,1101.82996
marginal,Link,NO1 0,H2 Electrolysis,0.31082
marginal,Link,NO1 0,HVC to air,108160.20255
marginal,Link,NO1 0,Haber-Bosch,433709.34676
marginal,Link,NO1 0,Open-Cycle Gas,143.18982
marginal,Link,NO1 0,SMR,267760.13064
marginal,Link,NO1 0,Sabatier,0.59715
marginal,Link,NO1 0,battery charger,4.74763
marginal,Link,NO1 0,battery discharger,4.22821
marginal,Link,NO1 0,biogas to gas,2450608.05786
marginal,Link,NO1 0,biomass to liquid,15.37751
marginal,Link,NO1 0,biomass-to-methanol,314.24903
marginal,Link,NO1 0,co2 sequestered,1.72757
marginal,Link,NO1 0,electricity distribution grid,849058.73798
marginal,Link,NO1 0,gas DRI,5025.78658
marginal,Link,NO1 0,gas for industry,27295.31275
marginal,Link,NO1 0,gas pipeline,42.04313
marginal,Link,NO1 0,gas pipeline new,622178.29587
marginal,Link,NO1 0,heat100-200 industry electric boiler steam,48.90115
marginal,Link,NO1 0,heat100-200 industry gas,450.68147
marginal,Link,NO1 0,heat100-200 industry industrial heat pump high temperature,6274513.30613
marginal,Link,NO1 0,heat100-200 industry solid biomass,97.06553
marginal,Link,NO1 0,heat200-500 industry gas,591897.81623
marginal,Link,NO1 0,heat200-500 industry hydrogen,136.53406
marginal,Link,NO1 0,heat200-500 industry solid biomass,356.68219
marginal,Link,NO1 0,heat<100 industry electric boiler steam,49.2903
marginal,Link,NO1 0,heat<100 industry gas,979.47794
marginal,Link,NO1 0,heat<100 industry industrial heat pump medium temperature,5506117.01393
marginal,Link,NO1 0,heat<100 industry solid biomass,98.68559
marginal,Link,NO1 0,heat>500 industry gas,3248860.7584
marginal,Link,NO1 0,heat>500 industry hydrogen,147.54837
marginal,Link,NO1 0,home battery charger,4.70686
marginal,Link,NO1 0,home battery discharger,4.2065
marginal,Link,NO1 0,methanolisation,132.2204
marginal,Link,NO1 0,municipal solid waste,16991.56913
marginal,Link,NO1 0,rural air heat pump,0.14309
marginal,Link,NO1 0,rural biomass boiler,39766461.92335
marginal,Link,NO1 0,rural gas boiler,2843.10881
marginal,Link,NO1 0,rural ground heat pump,17809.61295
marginal,Link,NO1 0,rural resistive heater,428.81978
marginal,Link,NO1 0,solid biomass for industry,69748.73269
marginal,Link,NO1 0,steel emission,9884.84426
marginal,Link,NO1 0,unsustainable bioliquids,663846.20666
marginal,Link,NO1 0,urban central air heat pump,0.50536
marginal,Link,NO1 0,urban central gas CHP,593.47017
marginal,Link,NO1 0,urban central gas boiler,55478.33719
marginal,Link,NO1 0,urban central resistive heater,0.51736
marginal,Link,NO1 0,urban central solid biomass CHP,141.9423
marginal,Link,NO1 0,urban central solid biomass CHP CC,149.12158
marginal,Link,NO1 0,urban decentral air heat pump,82818.9418
marginal,Link,NO1 0,urban decentral biomass boiler,135097366.95364
marginal,Link,NO1 0,urban decentral gas boiler,89375.77441
marginal,Link,NO1 0,urban decentral resistive heater,5950.43918
marginal,Link,NO1 0,waste CHP,909.24868
marginal,Link,PL0 0,BEV charger,206770.61807
marginal,Link,PL0 0,CO2 pipeline,3.28198
marginal,Link,PL0 0,Combined-Cycle Gas,187815713.01189
marginal,Link,PL0 0,DC,4976.09849
marginal,Link,PL0 0,EAF,0.2275
marginal,Link,PL0 0,H2 DRI,988.30758
marginal,Link,PL0 0,H2 Electrolysis,0.23744
marginal,Link,PL0 0,HVC to air,572566.34565
marginal,Link,PL0 0,Haber-Bosch,9.49188
marginal,Link,PL0 0,Open-Cycle Gas,407.96068
marginal,Link,PL0 0,SMR,67.30764
marginal,Link,PL0 0,Sabatier,0.55915
marginal,Link,PL0 0,battery charger,4.06991
marginal,Link,PL0 0,battery discharger,4.27527
marginal,Link,PL0 0,biogas to gas,8434622.93514
marginal,Link,PL0 0,biomass to liquid,3133538.40861
marginal,Link,PL0 0,biomass-to-methanol,504.73987
marginal,Link,PL0 0,co2 sequestered,14519.5593
marginal,Link,PL0 0,electricity distribution grid,1771201.49853
marginal,Link,PL0 0,gas DRI,4139.48753
marginal,Link,PL0 0,gas for industry,44508.85978
marginal,Link,PL0 0,gas pipeline,285967.31239
marginal,Link,PL0 0,heat100-200 industry electric boiler steam,38.08656
marginal,Link,PL0 0,heat100-200 industry gas,19478486.54461
marginal,Link,PL0 0,heat100-200 industry industrial heat pump high temperature,348.99279
marginal,Link,PL0 0,heat100-200 industry solid biomass,935.32944
marginal,Link,PL0 0,heat200-500 industry gas,1939103.57178
marginal,Link,PL0 0,heat200-500 industry hydrogen,141.45003
marginal,Link,PL0 0,heat200-500 industry solid biomass,3253.05267
marginal,Link,PL0 0,heat<100 industry electric boiler steam,37.79853
marginal,Link,PL0 0,heat<100 industry gas,19007084.89396
marginal,Link,PL0 0,heat<100 industry industrial heat pump medium temperature,308.2437
marginal,Link,PL0 0,heat<100 industry solid biomass,929.32589
marginal,Link,PL0 0,heat>500 industry gas,6539337.88065
marginal,Link,PL0 0,heat>500 industry hydrogen,172.14248
marginal,Link,PL0 0,home battery charger,3.50073
marginal,Link,PL0 0,home battery discharger,3.63184
marginal,Link,PL0 0,methanolisation,44.78687
marginal,Link,PL0 0,municipal solid waste,22716.60742
marginal,Link,PL0 0,rural air heat pump,0.1693
marginal,Link,PL0 0,rural biomass boiler,292741425.71852
marginal,Link,PL0 0,rural gas boiler,133708.35457
marginal,Link,PL0 0,rural ground heat pump,1690.25696
marginal,Link,PL0 0,rural resistive heater,103943.14191
marginal,Link,PL0 0,solid biomass for industry,282100.6444
marginal,Link,PL0 0,steel emission,19167.85532
marginal,Link,PL0 0,unsustainable bioliquids,8588530.34392
marginal,Link,PL0 0,urban central air heat pump,0.36567
marginal,Link,PL0 0,urban central gas CHP,52898873.76987
marginal,Link,PL0 0,urban central gas boiler,286371.77605
marginal,Link,PL0 0,urban central resistive heater,163.99685
marginal,Link,PL0 0,urban central solid biomass CHP,36223317.19209
marginal,Link,PL0 0,urban central solid biomass CHP CC,22299233.90372
marginal,Link,PL0 0,urban decentral air heat pump,128.82326
marginal,Link,PL0 0,urban decentral biomass boiler,190405878.29157
marginal,Link,PL0 0,urban decentral gas boiler,88675.28003
marginal,Link,PL0 0,urban decentral resistive heater,61109.99539
marginal,Link,PL0 0,waste CHP,1349.63057
marginal,Link,PT0 0,BEV charger,65391.57177
marginal,Link,PT0 0,Combined-Cycle Gas,59645825.96623
marginal,Link,PT0 0,H2 Electrolysis,0.30025
marginal,Link,PT0 0,HVC to air,165001.89646
marginal,Link,PT0 0,Haber-Bosch,78441.76304
marginal,Link,PT0 0,Open-Cycle Gas,202.63843
marginal,Link,PT0 0,SMR,43764.46598
marginal,Link,PT0 0,Sabatier,0.59824
marginal,Link,PT0 0,battery charger,5.7453
marginal,Link,PT0 0,battery discharger,5.35019
marginal,Link,PT0 0,biogas to gas,2264797.18037
marginal,Link,PT0 0,biomass to liquid,5148626.88692
marginal,Link,PT0 0,biomass-to-methanol,503.89939
marginal,Link,PT0 0,co2 sequestered,2.18357
marginal,Link,PT0 0,electricity distribution grid,622968.36426
marginal,Link,PT0 0,gas for industry,15187.66363
marginal,Link,PT0 0,heat100-200 industry electric boiler steam,41.28948
marginal,Link,PT0 0,heat100-200 industry gas,14185.40728
marginal,Link,PT0 0,heat100-200 industry industrial heat pump high temperature,4607668.43902
marginal,Link,PT0 0,heat100-200 industry solid biomass,710.93786
marginal,Link,PT0 0,heat200-500 industry gas,486982.52753
marginal,Link,PT0 0,heat200-500 industry hydrogen,164.16277
marginal,Link,PT0 0,heat200-500 industry solid biomass,2826.77049
marginal,Link,PT0 0,heat<100 industry electric boiler steam,42.4325
marginal,Link,PT0 0,heat<100 industry gas,4336238.62546
marginal,Link,PT0 0,heat<100 industry industrial heat pump medium temperature,452599.84055
marginal,Link,PT0 0,heat<100 industry solid biomass,811.61515
marginal,Link,PT0 0,heat>500 industry gas,1468548.93917
marginal,Link,PT0 0,heat>500 industry hydrogen,136.98982
marginal,Link,PT0 0,home battery charger,12.0081
marginal,Link,PT0 0,home battery discharger,11.5912
marginal,Link,PT0 0,methanolisation,66.15655
marginal,Link,PT0 0,municipal solid waste,10500.02068
marginal,Link,PT0 0,rural air heat pump,0.22989
marginal,Link,PT0 0,rural biomass boiler,24929111.36709
marginal,Link,PT0 0,rural gas boiler,16931.9729
marginal,Link,PT0 0,rural ground heat pump,1866.77808
marginal,Link,PT0 0,rural resistive heater,77612.59822
marginal,Link,PT0 0,solid biomass for industry,143829.66783
marginal,Link,PT0 0,unsustainable bioliquids,3035073.48746
marginal,Link,PT0 0,urban central air heat pump,1.50983
marginal,Link,PT0 0,urban central gas CHP,1162.9262
marginal,Link,PT0 0,urban central gas boiler,22234.8944
marginal,Link,PT0 0,urban central resistive heater,112.36893
marginal,Link,PT0 0,urban central solid biomass CHP,1273.22557
marginal,Link,PT0 0,urban central solid biomass CHP CC,23592.01904
marginal,Link,PT0 0,urban decentral air heat pump,14892.96113
marginal,Link,PT0 0,urban decentral biomass boiler,25266217.07672
marginal,Link,PT0 0,urban decentral gas boiler,18685.55539
marginal,Link,PT0 0,urban decentral resistive heater,62634.89402
marginal,Link,PT0 0,waste CHP,1110.88713
marginal,Link,RO0 0,BEV charger,72356.59243
marginal,Link,RO0 0,CO2 pipeline,-2.27787
marginal,Link,RO0 0,Combined-Cycle Gas,36677343.63317
marginal,Link,RO0 0,EAF,0.21271
marginal,Link,RO0 0,H2 DRI,924.114
marginal,Link,RO0 0,H2 Electrolysis,0.2854
marginal,Link,RO0 0,HVC to air,309311.12004
marginal,Link,RO0 0,Haber-Bosch,17.46002
marginal,Link,RO0 0,Open-Cycle Gas,196.49064
marginal,Link,RO0 0,SMR,49801.69669
marginal,Link,RO0 0,Sabatier,0.50964
marginal,Link,RO0 0,battery charger,4.61148
marginal,Link,RO0 0,battery discharger,4.18814
marginal,Link,RO0 0,biogas to gas,536385.62334
marginal,Link,RO0 0,biomass to liquid,7118626.01789
marginal,Link,RO0 0,biomass-to-methanol,505.65705
marginal,Link,RO0 0,electricity distribution grid,611734.44189
marginal,Link,RO0 0,gas DRI,4268.05249
marginal,Link,RO0 0,gas for industry,45275.42301
marginal,Link,RO0 0,gas pipeline,32.44059
marginal,Link,RO0 0,heat100-200 industry electric boiler steam,40.56556
marginal,Link,RO0 0,heat100-200 industry gas,8753437.37654
marginal,Link,RO0 0,heat100-200 industry industrial heat pump high temperature,832.00527
marginal,Link,RO0 0,heat100-200 industry solid biomass,863.43094
marginal,Link,RO0 0,heat200-500 industry gas,648026.39591
marginal,Link,RO0 0,heat200-500 industry hydrogen,133.99211
marginal,Link,RO0 0,heat200-500 industry solid biomass,2900.82607
marginal,Link,RO0 0,heat<100 industry electric boiler steam,39.75073
marginal,Link,RO0 0,heat<100 industry gas,6973118.84922
marginal,Link,RO0 0,heat<100 industry industrial heat pump medium temperature,528.98249
marginal,Link,RO0 0,heat<100 industry solid biomass,869.00815
marginal,Link,RO0 0,heat>500 industry gas,2307387.66601
marginal,Link,RO0 0,heat>500 industry hydrogen,143.26199
marginal,Link,RO0 0,home battery charger,3.21126
marginal,Link,RO0 0,home battery discharger,3.33949
marginal,Link,RO0 0,methanolisation,35967.17313
marginal,Link,RO0 0,municipal solid waste,8134.83172
marginal,Link,RO0 0,rural air heat pump,0.15814
marginal,Link,RO0 0,rural biomass boiler,153910673.11675
marginal,Link,RO0 0,rural gas boiler,109278.2868
marginal,Link,RO0 0,rural ground heat pump,0.30694
marginal,Link,RO0 0,rural resistive heater,3144.70162
marginal,Link,RO0 0,solid biomass for industry,47875.34862
marginal,Link,RO0 0,steel emission,9465.23622
marginal,Link,RO0 0,unsustainable bioliquids,1916774.26505
marginal,Link,RO0 0,urban central air heat pump,0.57511
marginal,Link,RO0 0,urban central gas CHP,1928.57926
marginal,Link,RO0 0,urban central gas boiler,72682.12741
marginal,Link,RO0 0,urban central resistive heater,54.59415
marginal,Link,RO0 0,urban central solid biomass CHP,2095.74926
marginal,Link,RO0 0,urban central solid biomass CHP CC,11095565.76973
marginal,Link,RO0 0,urban decentral air heat pump,0.124
marginal,Link,RO0 0,urban decentral biomass boiler,113833084.52533
marginal,Link,RO0 0,urban decentral gas boiler,83492.8895
marginal,Link,RO0 0,urban decentral resistive heater,2501.5525
marginal,Link,RO0 0,waste CHP,1243.09646
marginal,Link,RS0 0,BEV charger,20783.67353
marginal,Link,RS0 0,CO2 pipeline,24.20012
marginal,Link,RS0 0,Combined-Cycle Gas,8026926.7347
marginal,Link,RS0 0,EAF,0.19701
marginal,Link,RS0 0,H2 DRI,911.637
marginal,Link,RS0 0,H2 Electrolysis,0.2946
marginal,Link,RS0 0,HVC to air,126004.48094
marginal,Link,RS0 0,Haber-Bosch,8.98332
marginal,Link,RS0 0,Open-Cycle Gas,184.04177
marginal,Link,RS0 0,SMR,30595.60067
marginal,Link,RS0 0,Sabatier,0.48165
marginal,Link,RS0 0,battery charger,4.26133
marginal,Link,RS0 0,battery discharger,3.88008
marginal,Link,RS0 0,biogas to gas,803270.73885
marginal,Link,RS0 0,biomass to liquid,3949852.22356
marginal,Link,RS0 0,biomass-to-methanol,503.37791
marginal,Link,RS0 0,electricity distribution grid,361699.96625
marginal,Link,RS0 0,gas DRI,3453.94476
marginal,Link,RS0 0,gas for industry,9896.44555
marginal,Link,RS0 0,gas pipeline,83528.73437
marginal,Link,RS0 0,gas pipeline new,-408217.06882
marginal,Link,RS0 0,heat100-200 industry electric boiler steam,37.33663
marginal,Link,RS0 0,heat100-200 industry gas,1870032.13714
marginal,Link,RS0 0,heat100-200 industry industrial heat pump high temperature,146351.90044
marginal,Link,RS0 0,heat100-200 industry solid biomass,1030.72939
marginal,Link,RS0 0,heat200-500 industry gas,147327.21893
marginal,Link,RS0 0,heat200-500 industry hydrogen,142.95
marginal,Link,RS0 0,heat200-500 industry solid biomass,3799.99433
marginal,Link,RS0 0,heat<100 industry electric boiler steam,37.8772
marginal,Link,RS0 0,heat<100 industry gas,2205141.02455
marginal,Link,RS0 0,heat<100 industry industrial heat pump medium temperature,2047.67484
marginal,Link,RS0 0,heat<100 industry solid biomass,1202.43081
marginal,Link,RS0 0,heat>500 industry gas,127359.55425
marginal,Link,RS0 0,heat>500 industry hydrogen,142.36788
marginal,Link,RS0 0,home battery charger,5.84554
marginal,Link,RS0 0,home battery discharger,5.69175
marginal,Link,RS0 0,methanolisation,24072.50333
marginal,Link,RS0 0,municipal solid waste,9026.07953
marginal,Link,RS0 0,rural air heat pump,0.09575
marginal,Link,RS0 0,rural biomass boiler,1222.39068
marginal,Link,RS0 0,rural gas boiler,94251.19783
marginal,Link,RS0 0,rural ground heat pump,0.1554
marginal,Link,RS0 0,rural resistive heater,5430.52375
marginal,Link,RS0 0,solid biomass for industry,12060.3274
marginal,Link,RS0 0,steel emission,6331.03155
marginal,Link,RS0 0,urban central air heat pump,1.52474
marginal,Link,RS0 0,urban central gas CHP,1447.61471
marginal,Link,RS0 0,urban central gas boiler,50523.92876
marginal,Link,RS0 0,urban central resistive heater,2.01177
marginal,Link,RS0 0,urban central solid biomass CHP,6219.54173
marginal,Link,RS0 0,urban central solid biomass CHP CC,7543516.60713
marginal,Link,RS0 0,urban decentral air heat pump,0.08723
marginal,Link,RS0 0,urban decentral biomass boiler,1169.84129
marginal,Link,RS0 0,urban decentral gas boiler,59199.60458
marginal,Link,RS0 0,urban decentral resistive heater,3975.35877
marginal,Link,RS0 0,waste CHP,1122.472
marginal,Link,SE1 0,BEV charger,76767.78098
marginal,Link,SE1 0,Combined-Cycle Gas,81946.61674
marginal,Link,SE1 0,DC,124517.74335
marginal,Link,SE1 0,EAF,0.23514
marginal,Link,SE1 0,H2 DRI,1146.39491
marginal,Link,SE1 0,H2 Electrolysis,0.25311
marginal,Link,SE1 0,HVC to air,190825.34182
marginal,Link,SE1 0,Haber-Bosch,21.70422
marginal,Link,SE1 0,Open-Cycle Gas,171.28867
marginal,Link,SE1 0,SMR,173918.09945
marginal,Link,SE1 0,Sabatier,0.54609
marginal,Link,SE1 0,battery charger,4.00383
marginal,Link,SE1 0,battery discharger,3.96156
marginal,Link,SE1 0,biogas to gas,5127769.83125
marginal,Link,SE1 0,biomass to liquid,24090371.57599
marginal,Link,SE1 0,biomass-to-methanol,504.12804
marginal,Link,SE1 0,co2 sequestered,38.76568
marginal,Link,SE1 0,electricity distribution grid,1407758.71749
marginal,Link,SE1 0,gas DRI,4222.8183
marginal,Link,SE1 0,gas for industry,7619.63419
marginal,Link,SE1 0,heat100-200 industry electric boiler steam,42.64568
marginal,Link,SE1 0,heat100-200 industry gas,3115.7205
marginal,Link,SE1 0,heat100-200 industry industrial heat pump high temperature,2031982.15867
marginal,Link,SE1 0,heat100-200 industry solid biomass,907.90227
marginal,Link,SE1 0,heat200-500 industry gas,179156.16176
marginal,Link,SE1 0,heat200-500 industry hydrogen,148.5353
marginal,Link,SE1 0,heat200-500 industry solid biomass,3534.35777
marginal,Link,SE1 0,heat<100 industry electric boiler steam,43.80773
marginal,Link,SE1 0,heat<100 industry gas,6809308.32436
marginal,Link,SE1 0,heat<100 industry industrial heat pump medium temperature,563509.26259
marginal,Link,SE1 0,heat<100 industry solid biomass,1026.56851
marginal,Link,SE1 0,heat>500 industry gas,652897.72482
marginal,Link,SE1 0,heat>500 industry hydrogen,132.48674
marginal,Link,SE1 0,home battery charger,4.02683
marginal,Link,SE1 0,home battery discharger,4.08646
marginal,Link,SE1 0,methanolisation,145358.43581
marginal,Link,SE1 0,municipal solid waste,25832.29856
marginal,Link,SE1 0,rural air heat pump,0.2121
marginal,Link,SE1 0,rural biomass boiler,9476462.99634
marginal,Link,SE1 0,rural gas boiler,1162.61445
marginal,Link,SE1 0,rural ground heat pump,41107.07276
marginal,Link,SE1 0,rural resistive heater,8723.33897
marginal,Link,SE1 0,solid biomass for industry,453552.79582
marginal,Link,SE1 0,steel emission,13836.70719
marginal,Link,SE1 0,unsustainable bioliquids,4402813.25792
marginal,Link,SE1 0,urban central air heat pump,0.62595
marginal,Link,SE1 0,urban central gas CHP,852.31606
marginal,Link,SE1 0,urban central gas boiler,356554.48259
marginal,Link,SE1 0,urban central resistive heater,0.45775
marginal,Link,SE1 0,urban central solid biomass CHP,2432.08485
marginal,Link,SE1 0,urban central solid biomass CHP CC,46596069.2567
marginal,Link,SE1 0,urban decentral air heat pump,59321.66342
marginal,Link,SE1 0,urban decentral biomass boiler,147864105.58504
marginal,Link,SE1 0,urban decentral gas boiler,17419.62482
marginal,Link,SE1 0,urban decentral resistive heater,111502.7384
marginal,Link,SE1 0,waste CHP,1194.81996
marginal,Link,SI0 0,BEV charger,21404.69113
marginal,Link,SI0 0,Combined-Cycle Gas,5077739.05454
marginal,Link,SI0 0,H2 Electrolysis,0.25481
marginal,Link,SI0 0,HVC to air,37503.2455
marginal,Link,SI0 0,Haber-Bosch,6.63245
marginal,Link,SI0 0,Open-Cycle Gas,183.71722
marginal,Link,SI0 0,SMR,6592.42169
marginal,Link,SI0 0,Sabatier,0.53367
marginal,Link,SI0 0,battery charger,4.01936
marginal,Link,SI0 0,battery discharger,3.42128
marginal,Link,SI0 0,biogas to gas,627643.8792
marginal,Link,SI0 0,biomass to liquid,1312990.31484
marginal,Link,SI0 0,biomass-to-methanol,505.15268
marginal,Link,SI0 0,electricity distribution grid,135556.37461
marginal,Link,SI0 0,gas for industry,9940.23703
marginal,Link,SI0 0,gas pipeline,802101.03929
marginal,Link,SI0 0,heat100-200 industry electric boiler steam,37.78151
marginal,Link,SI0 0,heat100-200 industry gas,2091222.43162
marginal,Link,SI0 0,heat100-200 industry industrial heat pump high temperature,156941.12125
marginal,Link,SI0 0,heat100-200 industry solid biomass,1189.9233
marginal,Link,SI0 0,heat200-500 industry gas,161933.066
marginal,Link,SI0 0,heat200-500 industry hydrogen,141.9983
marginal,Link,SI0 0,heat200-500 industry solid biomass,4045.57176
marginal,Link,SI0 0,heat<100 industry electric boiler steam,34.33476
marginal,Link,SI0 0,heat<100 industry gas,993885.56664
marginal,Link,SI0 0,heat<100 industry industrial heat pump medium temperature,1248.43471
marginal,Link,SI0 0,heat<100 industry solid biomass,1398.44279
marginal,Link,SI0 0,heat>500 industry gas,356065.78848
marginal,Link,SI0 0,heat>500 industry hydrogen,136.72249
marginal,Link,SI0 0,home battery charger,2.94262
marginal,Link,SI0 0,home battery discharger,2.74046
marginal,Link,SI0 0,methanolisation,4197.07224
marginal,Link,SI0 0,municipal solid waste,864.42119
marginal,Link,SI0 0,rural air heat pump,0.15892
marginal,Link,SI0 0,rural biomass boiler,28514330.95311
marginal,Link,SI0 0,rural gas boiler,3895.99372
marginal,Link,SI0 0,rural ground heat pump,1210.02048
marginal,Link,SI0 0,rural resistive heater,3270.74609
marginal,Link,SI0 0,solid biomass for industry,15371.56806
marginal,Link,SI0 0,urban central air heat pump,0.83836
marginal,Link,SI0 0,urban central gas CHP,1469.09219
marginal,Link,SI0 0,urban central gas boiler,12223.53941
marginal,Link,SI0 0,urban central resistive heater,10.91005
marginal,Link,SI0 0,urban central solid biomass CHP,496633.46065
marginal,Link,SI0 0,urban central solid biomass CHP CC,1495030.15815
marginal,Link,SI0 0,urban decentral air heat pump,350.30732
marginal,Link,SI0 0,urban decentral biomass boiler,26676865.95319
marginal,Link,SI0 0,urban decentral gas boiler,3731.87534
marginal,Link,SI0 0,urban decentral resistive heater,4077.4378
marginal,Link,SI0 0,waste CHP,894.85293
marginal,Link,SK0 0,BEV charger,29079.51672
marginal,Link,SK0 0,Combined-Cycle Gas,22470023.53185
marginal,Link,SK0 0,EAF,0.22722
marginal,Link,SK0 0,H2 DRI,1055.76253
marginal,Link,SK0 0,H2 Electrolysis,0.24622
marginal,Link,SK0 0,HVC to air,104425.54781
marginal,Link,SK0 0,Haber-Bosch,10.59055
marginal,Link,SK0 0,Open-Cycle Gas,229.95101
marginal,Link,SK0 0,SMR,19216.1976
marginal,Link,SK0 0,Sabatier,0.48783
marginal,Link,SK0 0,battery charger,4.20817
marginal,Link,SK0 0,battery discharger,3.59425
marginal,Link,SK0 0,biogas to gas,4039057.14741
marginal,Link,SK0 0,biomass to liquid,4363129.66438
marginal,Link,SK0 0,biomass-to-methanol,503.70309
marginal,Link,SK0 0,electricity distribution grid,271178.71293
marginal,Link,SK0 0,gas DRI,4183.34497
marginal,Link,SK0 0,gas for industry,6273.91288
marginal,Link,SK0 0,gas pipeline,128786.72094
marginal,Link,SK0 0,heat100-200 industry electric boiler steam,37.25401
marginal,Link,SK0 0,heat100-200 industry gas,5146097.77889
marginal,Link,SK0 0,heat100-200 industry industrial heat pump high temperature,536.64094
marginal,Link,SK0 0,heat100-200 industry solid biomass,870.45344
marginal,Link,SK0 0,heat200-500 industry gas,378553.1551
marginal,Link,SK0 0,heat200-500 industry hydrogen,143.79877
marginal,Link,SK0 0,heat200-500 industry solid biomass,2821.66604
marginal,Link,SK0 0,heat<100 industry electric boiler steam,35.54178
marginal,Link,SK0 0,heat<100 industry gas,2480224.34036
marginal,Link,SK0 0,heat<100 industry industrial heat pump medium temperature,410.9654
marginal,Link,SK0 0,heat<100 industry solid biomass,881.18306
marginal,Link,SK0 0,heat>500 industry gas,985802.91174
marginal,Link,SK0 0,heat>500 industry hydrogen,137.17907
marginal,Link,SK0 0,home battery charger,2.71672
marginal,Link,SK0 0,home battery discharger,3.07403
marginal,Link,SK0 0,methanolisation,16759.37629
marginal,Link,SK0 0,municipal solid waste,3813.52693
marginal,Link,SK0 0,rural air heat pump,0.17161
marginal,Link,SK0 0,rural biomass boiler,2606706.76393
marginal,Link,SK0 0,rural gas boiler,90469.32359
marginal,Link,SK0 0,rural ground heat pump,365.09099
marginal,Link,SK0 0,rural resistive heater,5909.93502
marginal,Link,SK0 0,solid biomass for industry,66882.4277
marginal,Link,SK0 0,steel emission,15454.63667
marginal,Link,SK0 0,unsustainable bioliquids,1499793.39099
marginal,Link,SK0 0,urban central air heat pump,0.45324
marginal,Link,SK0 0,urban central gas CHP,2361.64388
marginal,Link,SK0 0,urban central gas boiler,33765.40212
marginal,Link,SK0 0,urban central resistive heater,0.49852
marginal,Link,SK0 0,urban central solid biomass CHP,2461.80564
marginal,Link,SK0 0,urban central solid biomass CHP CC,4902835.02783
marginal,Link,SK0 0,urban decentral air heat pump,760.52365
marginal,Link,SK0 0,urban decentral biomass boiler,2148644.11274
marginal,Link,SK0 0,urban decentral gas boiler,66822.86781
marginal,Link,SK0 0,urban decentral resistive heater,5693.0309
marginal,Link,SK0 0,waste CHP,1018.26123
marginal,Link,XK0 0,BEV charger,3843.42399
marginal,Link,XK0 0,Combined-Cycle Gas,333.26738
marginal,Link,XK0 0,EAF,0.13297
marginal,Link,XK0 0,H2 DRI,792.81149
marginal,Link,XK0 0,H2 Electrolysis,0.26056
marginal,Link,XK0 0,HVC to air,30038.33104
marginal,Link,XK0 0,Haber-Bosch,14.66547
marginal,Link,XK0 0,Open-Cycle Gas,191.25722
marginal,Link,XK0 0,SMR,1563.17869
marginal,Link,XK0 0,Sabatier,0.50669
marginal,Link,XK0 0,battery charger,4.03735
marginal,Link,XK0 0,battery discharger,4.19019
marginal,Link,XK0 0,biogas to gas,329.00517
marginal,Link,XK0 0,biomass to liquid,1121388.29318
marginal,Link,XK0 0,biomass-to-methanol,503.29323
marginal,Link,XK0 0,electricity distribution grid,58328.767
marginal,Link,XK0 0,gas DRI,2623.22103
marginal,Link,XK0 0,gas for industry,811.52488
marginal,Link,XK0 0,heat100-200 industry electric boiler steam,44.85411
marginal,Link,XK0 0,heat100-200 industry gas,4849.65281
marginal,Link,XK0 0,heat100-200 industry industrial heat pump high temperature,196258.83252
marginal,Link,XK0 0,heat100-200 industry solid biomass,1052.45703
marginal,Link,XK0 0,heat200-500 industry gas,20145.41598
marginal,Link,XK0 0,heat200-500 industry hydrogen,178.67582
marginal,Link,XK0 0,heat200-500 industry solid biomass,3855.05375
marginal,Link,XK0 0,heat<100 industry electric boiler steam,45.826
marginal,Link,XK0 0,heat<100 industry gas,199825.66149
marginal,Link,XK0 0,heat<100 industry industrial heat pump medium temperature,20064.38882
marginal,Link,XK0 0,heat<100 industry solid biomass,1260.03099
marginal,Link,XK0 0,heat>500 industry gas,31910.98719
marginal,Link,XK0 0,heat>500 industry hydrogen,168.69007
marginal,Link,XK0 0,home battery charger,6.55092
marginal,Link,XK0 0,home battery discharger,6.4192
marginal,Link,XK0 0,methanolisation,1305.66566
marginal,Link,XK0 0,municipal solid waste,0.72863
marginal,Link,XK0 0,rural air heat pump,0.71439
marginal,Link,XK0 0,rural biomass boiler,3254.6131
marginal,Link,XK0 0,rural gas boiler,13.46113
marginal,Link,XK0 0,rural ground heat pump,695.98869
marginal,Link,XK0 0,rural resistive heater,3.1614
marginal,Link,XK0 0,solid biomass for industry,916.60483
marginal,Link,XK0 0,steel emission,838.86462
marginal,Link,XK0 0,urban central air heat pump,1.81105
marginal,Link,XK0 0,urban central gas CHP,1334.09717
marginal,Link,XK0 0,urban central gas boiler,5.58432
marginal,Link,XK0 0,urban central resistive heater,1.15868
marginal,Link,XK0 0,urban central solid biomass CHP,3191.79118
marginal,Link,XK0 0,urban central solid biomass CHP CC,366631.31886
marginal,Link,XK0 0,urban decentral air heat pump,0.79262
marginal,Link,XK0 0,urban decentral biomass boiler,4003.49661
marginal,Link,XK0 0,urban decentral gas boiler,2457.0068
marginal,Link,XK0 0,urban decentral resistive heater,217.86496
marginal,Link,XK0 0,waste CHP,893.19986
marginal,StorageUnit,AL0 0,Reservoir & Dam,68443.72706
marginal,StorageUnit,AT0 0,Pumped Hydro Storage,38505.87768
marginal,StorageUnit,AT0 0,Reservoir & Dam,175804.17455
marginal,StorageUnit,BA0 0,Pumped Hydro Storage,13.89568
marginal,StorageUnit,BA0 0,Reservoir & Dam,45324.06353
marginal,StorageUnit,BE0 0,Pumped Hydro Storage,2024.7846
marginal,StorageUnit,BE0 0,Reservoir & Dam,632.71171
marginal,StorageUnit,BG0 0,Pumped Hydro Storage,11873.79643
marginal,StorageUnit,BG0 0,Reservoir & Dam,24425.88301
marginal,StorageUnit,CH0 0,Pumped Hydro Storage,38793.9792
marginal,StorageUnit,CH0 0,Reservoir & Dam,251699.51025
marginal,StorageUnit,CZ0 0,Pumped Hydro Storage,1512.34837
marginal,StorageUnit,CZ0 0,Reservoir & Dam,21379.0885
marginal,StorageUnit,DE0 0,Pumped Hydro Storage,812.41314
marginal,StorageUnit,DE0 1,Pumped Hydro Storage,4360.60974
marginal,StorageUnit,DE0 2,Pumped Hydro Storage,3789.18299
marginal,StorageUnit,DE0 3,Pumped Hydro Storage,2311.38009
marginal,StorageUnit,DE0 4,Pumped Hydro Storage,4956.59388
marginal,StorageUnit,DE0 5,Pumped Hydro Storage,1911.68619
marginal,StorageUnit,ES0 0,Pumped Hydro Storage,108701.42122
marginal,StorageUnit,ES0 0,Reservoir & Dam,206709.49297
marginal,StorageUnit,ES6 0,Pumped Hydro Storage,8544.01185
marginal,StorageUnit,ES6 0,Reservoir & Dam,16846.14958
marginal,StorageUnit,FI1 0,Reservoir & Dam,61610.94247
marginal,StorageUnit,FR0 0,Pumped Hydro Storage,3383.3086
marginal,StorageUnit,FR0 1,Pumped Hydro Storage,35259.5947
marginal,StorageUnit,FR0 1,Reservoir & Dam,140896.91193
marginal,StorageUnit,FR0 2,Pumped Hydro Storage,8792.79766
marginal,StorageUnit,FR0 2,Reservoir & Dam,124344.95951
marginal,StorageUnit,FR0 4,Reservoir & Dam,4643.98843
marginal,StorageUnit,FR5 0,Reservoir & Dam,4743.76644
marginal,StorageUnit,GB2 0,Reservoir & Dam,898.38093
marginal,StorageUnit,GB3 0,Pumped Hydro Storage,2236.23211
marginal,StorageUnit,GB3 0,Reservoir & Dam,1711.03189
marginal,StorageUnit,GR0 0,Pumped Hydro Storage,8744.95854
marginal,StorageUnit,GR0 0,Reservoir & Dam,40970.362
marginal,StorageUnit,HR0 0,Pumped Hydro Storage,3290.40176
marginal,StorageUnit,HR0 0,Reservoir & Dam,57138.30387
marginal,StorageUnit,HU0 0,Reservoir & Dam,1184.43103
marginal,StorageUnit,IE3 0,Pumped Hydro Storage,1109.60516
marginal,StorageUnit,IE3 0,Reservoir & Dam,37.52763
marginal,StorageUnit,IT0 0,Pumped Hydro Storage,38588.33461
marginal,StorageUnit,IT0 0,Reservoir & Dam,20769.78574
marginal,StorageUnit,IT0 1,Pumped Hydro Storage,59102.41351
marginal,StorageUnit,IT0 1,Reservoir & Dam,97813.19104
marginal,StorageUnit,IT4 0,Pumped Hydro Storage,4253.51342
marginal,StorageUnit,IT4 0,Reservoir & Dam,2427.64028
marginal,StorageUnit,LT0 0,Pumped Hydro Storage,1380.27165
marginal,StorageUnit,LU0 0,Pumped Hydro Storage,5088.89624
marginal,StorageUnit,ME0 0,Pumped Hydro Storage,2992.35965
marginal,StorageUnit,ME0 0,Reservoir & Dam,16460.12756
marginal,StorageUnit,MK0 0,Reservoir & Dam,10467.72313
marginal,StorageUnit,NO1 0,Pumped Hydro Storage,140.27051
marginal,StorageUnit,NO1 0,Reservoir & Dam,1287855.22909
marginal,StorageUnit,PL0 0,Pumped Hydro Storage,10282.75925
marginal,StorageUnit,PL0 0,Reservoir & Dam,8311.43911
marginal,StorageUnit,PT0 0,Pumped Hydro Storage,46189.02005
marginal,StorageUnit,PT0 0,Reservoir & Dam,35960.56126
marginal,StorageUnit,RO0 0,Reservoir & Dam,97369.34661
marginal,StorageUnit,RS0 0,Pumped Hydro Storage,5422.80598
marginal,StorageUnit,RS0 0,Reservoir & Dam,33124.12237
marginal,StorageUnit,SE1 0,Pumped Hydro Storage,181.25771
marginal,StorageUnit,SE1 0,Reservoir & Dam,575360.10936
marginal,StorageUnit,SI0 0,Pumped Hydro Storage,1610.47534
marginal,StorageUnit,SI0 0,Reservoir & Dam,25060.63309
marginal,StorageUnit,SK0 0,Pumped Hydro Storage,5935.77533
marginal,StorageUnit,SK0 0,Reservoir & Dam,7429.31876
marginal,StorageUnit,XK0 0,Reservoir & Dam,1857.94933
marginal,Store,AL0 0,Battery Storage,1e-05
marginal,Store,AL0 0,EV battery,-9e-05
marginal,Store,AL0 0,home battery,1e-05
marginal,Store,AL0 0,non-sequestered HVC,40002.08384
marginal,Store,AT0 0,Battery Storage,1e-05
marginal,Store,AT0 0,EV battery,-0.0001
marginal,Store,AT0 0,non-sequestered HVC,143040.83971
marginal,Store,BA0 0,EV battery,-0.00011
marginal,Store,BA0 0,non-sequestered HVC,57764.54308
marginal,Store,BE0 0,EV battery,-0.00011
marginal,Store,BE0 0,non-sequestered HVC,183306.35278
marginal,Store,BG0 0,EV battery,-9e-05
marginal,Store,BG0 0,co2 sequestered,50.42482
marginal,Store,BG0 0,non-sequestered HVC,100633.03005
marginal,Store,CH0 0,EV battery,-0.00011
marginal,Store,CH0 0,non-sequestered HVC,136419.75974
marginal,Store,CZ0 0,EV battery,-0.0001
marginal,Store,CZ0 0,non-sequestered HVC,162395.1703
marginal,Store,DE0 0,EV battery,-0.0001
marginal,Store,DE0 0,co2 sequestered,133796.86304
marginal,Store,DE0 0,non-sequestered HVC,243579.15716
marginal,Store,DE0 1,EV battery,-0.0001
marginal,Store,DE0 1,non-sequestered HVC,121150.57353
marginal,Store,DE0 2,EV battery,-0.00011
marginal,Store,DE0 2,co2 sequestered,129488.68319
marginal,Store,DE0 2,non-sequestered HVC,363043.43179
marginal,Store,DE0 3,EV battery,-0.0001
marginal,Store,DE0 3,non-sequestered HVC,172904.22437
marginal,Store,DE0 4,EV battery,-0.0001
marginal,Store,DE0 4,non-sequestered HVC,335014.78117
marginal,Store,DE0 5,EV battery,-9e-05
marginal,Store,DE0 5,non-sequestered HVC,227323.50015
marginal,Store,DK0 0,EV battery,-0.0001
marginal,Store,DK0 0,co2 sequestered,21.83594
marginal,Store,DK0 0,non-sequestered HVC,47935.47303
marginal,Store,DK1 0,EV battery,-9e-05
marginal,Store,DK1 0,co2 sequestered,23.59829
marginal,Store,DK1 0,non-sequestered HVC,26457.1389
marginal,Store,EE0 0,EV battery,-0.00011
marginal,Store,EE0 0,co2 sequestered,20644.80834
marginal,Store,EE0 0,non-sequestered HVC,19234.30339
marginal,Store,ES0 0,EV battery,-9e-05
marginal,Store,ES0 0,co2 sequestered,14.42333
marginal,Store,ES0 0,non-sequestered HVC,721012.10975
marginal,Store,ES6 0,EV battery,-0.00011
marginal,Store,ES6 0,non-sequestered HVC,10743.68796
marginal,Store,EU,solid biomass import,82901.85416
marginal,Store,FI1 0,EV battery,-9e-05
marginal,Store,FI1 0,home battery,1e-05
marginal,Store,FI1 0,non-sequestered HVC,77796.66304
marginal,Store,FR0 0,EV battery,-0.0001
marginal,Store,FR0 0,non-sequestered HVC,366972.01617
marginal,Store,FR0 1,EV battery,-0.0001
marginal,Store,FR0 1,non-sequestered HVC,240780.64404
marginal,Store,FR0 2,EV battery,-0.00011
marginal,Store,FR0 2,non-sequestered HVC,146650.83956
marginal,Store,FR0 3,EV battery,-0.00011
marginal,Store,FR0 3,non-sequestered HVC,170673.04364
marginal,Store,FR0 4,EV battery,-9e-05
marginal,Store,FR0 4,non-sequestered HVC,128662.43064
marginal,Store,FR5 0,EV battery,-0.00017
marginal,Store,FR5 0,home battery,1e-05
marginal,Store,FR5 0,non-sequestered HVC,4166.32554
marginal,Store,GB2 0,EV battery,-0.0001
marginal,Store,GB2 0,co2 sequestered,19.4114
marginal,Store,GB2 0,non-sequestered HVC,371813.89602
marginal,Store,GB2 1,EV battery,-0.0001
marginal,Store,GB2 1,co2 sequestered,38.87728
marginal,Store,GB2 1,non-sequestered HVC,625215.13518
marginal,Store,GB3 0,EV battery,-0.00011
marginal,Store,GB3 0,non-sequestered HVC,26579.28466
marginal,Store,GR0 0,EV battery,-9e-05
marginal,Store,GR0 0,co2 sequestered,18.50046
marginal,Store,GR0 0,non-sequestered HVC,129217.65698
marginal,Store,HR0 0,EV battery,-9e-05
marginal,Store,HR0 0,non-sequestered HVC,58845.70324
marginal,Store,HU0 0,EV battery,-9e-05
marginal,Store,HU0 0,non-sequestered HVC,154261.64472
marginal,Store,IE3 0,Battery Storage,5e-05
marginal,Store,IE3 0,EV battery,-0.0001
marginal,Store,IE3 0,co2 sequestered,41.55024
marginal,Store,IE3 0,non-sequestered HVC,72488.51823
marginal,Store,IT0 0,EV battery,-9e-05
marginal,Store,IT0 0,co2 sequestered,11.88222
marginal,Store,IT0 0,non-sequestered HVC,363366.11367
marginal,Store,IT0 1,EV battery,-0.0001
marginal,Store,IT0 1,co2 sequestered,211863.90857
marginal,Store,IT0 1,non-sequestered HVC,527530.19222
marginal,Store,IT4 0,EV battery,-0.00011
marginal,Store,IT4 0,non-sequestered HVC,20356.42993
marginal,Store,LT0 0,EV battery,-9e-05
marginal,Store,LT0 0,co2 sequestered,25921.71274
marginal,Store,LT0 0,non-sequestered HVC,45727.57255
marginal,Store,LU0 0,EV battery,-9e-05
marginal,Store,LU0 0,non-sequestered HVC,8618.5276
marginal,Store,LV0 0,EV battery,-9e-05
marginal,Store,LV0 0,co2 sequestered,34984.32542
marginal,Store,LV0 0,non-sequestered HVC,28847.7029
marginal,Store,ME0 0,EV battery,-0.0001
marginal,Store,ME0 0,home battery,1e-05
marginal,Store,ME0 0,non-sequestered HVC,11264.04064
marginal,Store,MK0 0,EV battery,-0.00011
marginal,Store,MK0 0,home battery,1e-05
marginal,Store,MK0 0,non-sequestered HVC,31726.38982
marginal,Store,NL0 0,EV battery,-0.0001
marginal,Store,NL0 0,co2 sequestered,58.33116
marginal,Store,NL0 0,non-sequestered HVC,243505.47937
marginal,Store,NO1 0,EV battery,-0.0001
marginal,Store,NO1 0,co2 sequestered,16.55186
marginal,Store,NO1 0,non-sequestered HVC,81276.61013
marginal,Store,PL0 0,EV battery,-9e-05
marginal,Store,PL0 0,co2 sequestered,137177.34796
marginal,Store,PL0 0,non-sequestered HVC,576578.90473
marginal,Store,PT0 0,EV battery,-0.00011
marginal,Store,PT0 0,co2 sequestered,18.67016
marginal,Store,PT0 0,home battery,1e-05
marginal,Store,PT0 0,non-sequestered HVC,153311.21654
marginal,Store,RO0 0,EV battery,-9e-05
marginal,Store,RO0 0,non-sequestered HVC,295611.71605
marginal,Store,RS0 0,EV battery,-0.00011
marginal,Store,RS0 0,non-sequestered HVC,118774.17944
marginal,Store,SE1 0,EV battery,-0.00011
marginal,Store,SE1 0,co2 sequestered,364.47058
marginal,Store,SE1 0,non-sequestered HVC,145303.50441
marginal,Store,SI0 0,EV battery,-9e-05
marginal,Store,SI0 0,non-sequestered HVC,34753.9179
marginal,Store,SK0 0,EV battery,-9e-05
marginal,Store,SK0 0,non-sequestered HVC,82702.9485
marginal,Store,XK0 0,EV battery,-0.0001
marginal,Store,XK0 0,home battery,2e-05
marginal,Store,XK0 0,non-sequestered HVC,27887.64841
