cost,component,location,carrier,0
capital,Generator,AL0 0,Offshore Wind (AC),2666.1963
capital,Generator,AL0 0,Offshore Wind (Floating),3183.29541
capital,Generator,AL0 0,Onshore Wind,27078439.50908
capital,Generator,AL0 0,Run of River,14853811.92575
capital,Generator,AL0 0,Solar,15419829.88284
capital,Generator,AL0 0,rural solar thermal,1831.16917
capital,Generator,AL0 0,solar-hsat,349756299.76936
capital,Generator,AL0 0,urban central solar thermal,5482.6538
capital,Generator,AL0 0,urban decentral solar thermal,1886.76512
capital,Generator,AT0 0,Onshore Wind,374355495.95295
capital,Generator,AT0 0,Run of River,1376313648.03682
capital,Generator,AT0 0,Solar,20184674.78393
capital,Generator,AT0 0,rural solar thermal,800.48186
capital,Generator,AT0 0,solar-hsat,2454412405.71713
capital,Generator,AT0 0,urban central solar thermal,1967.24432
capital,Generator,AT0 0,urban decentral solar thermal,1227.80832
capital,Generator,BA0 0,Offshore Wind (AC),1396.9081
capital,Generator,BA0 0,Offshore Wind (Floating),1087.2576
capital,Generator,BA0 0,Onshore Wind,50338165.94804
capital,Generator,BA0 0,Solar,13985183.24237
capital,Generator,BA0 0,rural solar thermal,1219.02446
capital,Generator,BA0 0,solar-hsat,410381718.63706
capital,Generator,BA0 0,urban central solar thermal,3447.75377
capital,Generator,BA0 0,urban decentral solar thermal,1225.13537
capital,Generator,BE0 0,Offshore Wind (AC),460339539.53252
capital,Generator,BE0 0,Offshore Wind (DC),192304833.81348
capital,Generator,BE0 0,Offshore Wind (Floating),2377.00276
capital,Generator,BE0 0,Onshore Wind,1763000364.4197
capital,Generator,BE0 0,Run of River,18186779.19648
capital,Generator,BE0 0,Solar,25347150.15837
capital,Generator,BE0 0,rural solar thermal,52.39835
capital,Generator,BE0 0,solar-hsat,1107505904.95544
capital,Generator,BE0 0,urban central solar thermal,1062.32392
capital,Generator,BE0 0,urban decentral solar thermal,540.83001
capital,Generator,BG0 0,Offshore Wind (AC),45192795.26052
capital,Generator,BG0 0,Offshore Wind (DC),3494257.41401
capital,Generator,BG0 0,Offshore Wind (Floating),4509.19594
capital,Generator,BG0 0,Onshore Wind,70357710.87712
capital,Generator,BG0 0,Run of River,34022009.05814
capital,Generator,BG0 0,Solar,125928951.15597
capital,Generator,BG0 0,rural solar thermal,865.84999
capital,Generator,BG0 0,solar-hsat,832558844.08445
capital,Generator,BG0 0,urban central solar thermal,1562.79977
capital,Generator,BG0 0,urban decentral solar thermal,1128.3641
capital,Generator,CH0 0,Onshore Wind,6364641.72749
capital,Generator,CH0 0,Run of River,1295123214.9052
capital,Generator,CH0 0,Solar,5068590.03164
capital,Generator,CH0 0,rural solar thermal,393.88897
capital,Generator,CH0 0,solar-hsat,2513803276.51327
capital,Generator,CH0 0,urban central solar thermal,1894.14207
capital,Generator,CH0 0,urban decentral solar thermal,457.59658
capital,Generator,CZ0 0,Onshore Wind,2007185704.91792
capital,Generator,CZ0 0,Run of River,12396579.18494
capital,Generator,CZ0 0,Solar,68150718.57139
capital,Generator,CZ0 0,rural solar thermal,543.88967
capital,Generator,CZ0 0,solar-hsat,145028426.77446
capital,Generator,CZ0 0,urban central solar thermal,1714.24679
capital,Generator,CZ0 0,urban decentral solar thermal,773.81307
capital,Generator,DE0 0,Offshore Wind (AC),464757892.81506
capital,Generator,DE0 0,Offshore Wind (DC),359314316.05437
capital,Generator,DE0 0,Offshore Wind (Floating),1646.8214
capital,Generator,DE0 0,Onshore Wind,3430457079.46722
capital,Generator,DE0 0,Run of River,22970095.01057
capital,Generator,DE0 0,Solar,136919122.30416
capital,Generator,DE0 0,rural solar thermal,446.75903
capital,Generator,DE0 0,solar-hsat,783539827.48981
capital,Generator,DE0 0,urban central solar thermal,1065.5123
capital,Generator,DE0 0,urban decentral solar thermal,523.40533
capital,Generator,DE0 1,Onshore Wind,1067418790.9769
capital,Generator,DE0 1,Run of River,72178052.77618
capital,Generator,DE0 1,Solar,199216069.73839
capital,Generator,DE0 1,rural solar thermal,555.88404
capital,Generator,DE0 1,solar-hsat,497851250.52419
capital,Generator,DE0 1,urban central solar thermal,1022.7539
capital,Generator,DE0 1,urban decentral solar thermal,670.76275
capital,Generator,DE0 2,Offshore Wind (AC),1156810252.44729
capital,Generator,DE0 2,Offshore Wind (DC),4753542900.32592
capital,Generator,DE0 2,Offshore Wind (Floating),2483.90608
capital,Generator,DE0 2,Onshore Wind,818602964.58965
capital,Generator,DE0 2,Run of River,132010325.87154
capital,Generator,DE0 2,Solar,84732852.70841
capital,Generator,DE0 2,rural solar thermal,285.43595
capital,Generator,DE0 2,solar-hsat,1194403631.66827
capital,Generator,DE0 2,urban central solar thermal,1066.43181
capital,Generator,DE0 2,urban decentral solar thermal,497.51107
capital,Generator,DE0 3,Onshore Wind,52768440.60509
capital,Generator,DE0 3,Run of River,940688192.41467
capital,Generator,DE0 3,Solar,232333233.30839
capital,Generator,DE0 3,rural solar thermal,701.9475
capital,Generator,DE0 3,solar-hsat,1323595497.69637
capital,Generator,DE0 3,urban central solar thermal,1902.16211
capital,Generator,DE0 3,urban decentral solar thermal,867.96249
capital,Generator,DE0 4,Onshore Wind,332000616.66674
capital,Generator,DE0 4,Run of River,269690009.68602
capital,Generator,DE0 4,Solar,115970272.27566
capital,Generator,DE0 4,rural solar thermal,424.55971
capital,Generator,DE0 4,solar-hsat,1408087675.29738
capital,Generator,DE0 4,urban central solar thermal,1580.57534
capital,Generator,DE0 4,urban decentral solar thermal,738.85675
capital,Generator,DE0 5,Offshore Wind (AC),429579917.22084
capital,Generator,DE0 5,Offshore Wind (DC),57939015.86471
capital,Generator,DE0 5,Offshore Wind (Floating),1971.74051
capital,Generator,DE0 5,Onshore Wind,3526440575.93186
capital,Generator,DE0 5,Run of River,29117199.61962
capital,Generator,DE0 5,Solar,566939814.16537
capital,Generator,DE0 5,rural solar thermal,547.17943
capital,Generator,DE0 5,solar-hsat,774020557.77872
capital,Generator,DE0 5,urban central solar thermal,1162.16695
capital,Generator,DE0 5,urban decentral solar thermal,674.77242
capital,Generator,DK0 0,Offshore Wind (AC),329699271.69958
capital,Generator,DK0 0,Offshore Wind (DC),121495.40216
capital,Generator,DK0 0,Offshore Wind (Floating),4337.43271
capital,Generator,DK0 0,Onshore Wind,3608859619.27134
capital,Generator,DK0 0,Solar,85748584.41005
capital,Generator,DK0 0,rural solar thermal,143.26366
capital,Generator,DK0 0,solar-hsat,31536604.38839
capital,Generator,DK0 0,urban central solar thermal,802.26571
capital,Generator,DK0 0,urban decentral solar thermal,429.77104
capital,Generator,DK1 0,Offshore Wind (AC),220811583.78926
capital,Generator,DK1 0,Offshore Wind (DC),3769.98573
capital,Generator,DK1 0,Offshore Wind (Floating),3026.53413
capital,Generator,DK1 0,Onshore Wind,1855654082.68247
capital,Generator,DK1 0,Solar,28221612.93299
capital,Generator,DK1 0,rural solar thermal,128.35613
capital,Generator,DK1 0,solar-hsat,649811742.10056
capital,Generator,DK1 0,urban central solar thermal,833.59748
capital,Generator,DK1 0,urban decentral solar thermal,479.32937
capital,Generator,EE0 0,Offshore Wind (AC),29183.79884
capital,Generator,EE0 0,Offshore Wind (DC),23204.87181
capital,Generator,EE0 0,Offshore Wind (Floating),4146.86935
capital,Generator,EE0 0,Onshore Wind,451780995.83586
capital,Generator,EE0 0,Solar,23011865.1564
capital,Generator,EE0 0,rural solar thermal,459.71853
capital,Generator,EE0 0,solar-hsat,41251128.21938
capital,Generator,EE0 0,urban central solar thermal,804.29773
capital,Generator,EE0 0,urban decentral solar thermal,511.1541
capital,Generator,ES0 0,Offshore Wind (AC),4025884.21503
capital,Generator,ES0 0,Offshore Wind (Floating),5223.02796
capital,Generator,ES0 0,Onshore Wind,3578979183.06319
capital,Generator,ES0 0,Run of River,40062148.34745
capital,Generator,ES0 0,Solar,1920327561.13265
capital,Generator,ES0 0,rural solar thermal,385.72542
capital,Generator,ES0 0,solar-hsat,6677798527.14624
capital,Generator,ES0 0,urban central solar thermal,5917.53914
capital,Generator,ES0 0,urban decentral solar thermal,107339337.21733
capital,Generator,ES6 0,Offshore Wind (AC),2488.64215
capital,Generator,ES6 0,Offshore Wind (Floating),3291.30105
capital,Generator,ES6 0,Onshore Wind,14477.29578
capital,Generator,ES6 0,Run of River,45303586.30495
capital,Generator,ES6 0,Solar,14173644.75659
capital,Generator,ES6 0,rural solar thermal,1434.30658
capital,Generator,ES6 0,solar-hsat,184256856.01011
capital,Generator,ES6 0,urban central solar thermal,1453.81286
capital,Generator,ES6 0,urban decentral solar thermal,1358.72769
capital,Generator,FI1 0,Offshore Wind (AC),29043.7405
capital,Generator,FI1 0,Offshore Wind (DC),1281239800.36657
capital,Generator,FI1 0,Offshore Wind (Floating),4680.69731
capital,Generator,FI1 0,Onshore Wind,1095683626.07631
capital,Generator,FI1 0,Run of River,453195348.92122
capital,Generator,FI1 0,Solar,8236175.19486
capital,Generator,FI1 0,rural solar thermal,215.48781
capital,Generator,FI1 0,solar-hsat,98059985.58555
capital,Generator,FI1 0,urban central solar thermal,893.81456
capital,Generator,FI1 0,urban decentral solar thermal,380.16919
capital,Generator,FR0 0,Offshore Wind (AC),740631400.24175
capital,Generator,FR0 0,Offshore Wind (DC),639737380.41583
capital,Generator,FR0 0,Offshore Wind (Floating),1901.52569
capital,Generator,FR0 0,Onshore Wind,2324313788.64464
capital,Generator,FR0 0,Solar,80758753.31202
capital,Generator,FR0 0,rural solar thermal,187.30341
capital,Generator,FR0 0,solar-hsat,4017.79992
capital,Generator,FR0 0,urban central solar thermal,1159.89366
capital,Generator,FR0 0,urban decentral solar thermal,515.96962
capital,Generator,FR0 1,Offshore Wind (AC),371828580.11582
capital,Generator,FR0 1,Offshore Wind (Floating),6725.99453
capital,Generator,FR0 1,Onshore Wind,135485008.02562
capital,Generator,FR0 1,Run of River,1275325841.55478
capital,Generator,FR0 1,Solar,161606504.37418
capital,Generator,FR0 1,rural solar thermal,600.73192
capital,Generator,FR0 1,solar-hsat,1628359923.42074
capital,Generator,FR0 1,urban central solar thermal,3503.067
capital,Generator,FR0 1,urban decentral solar thermal,1414.49542
capital,Generator,FR0 2,Offshore Wind (AC),11807.09009
capital,Generator,FR0 2,Offshore Wind (DC),108678443.5732
capital,Generator,FR0 2,Offshore Wind (Floating),4593.27105
capital,Generator,FR0 2,Onshore Wind,322015978.84125
capital,Generator,FR0 2,Run of River,387114376.07396
capital,Generator,FR0 2,Solar,241433234.45799
capital,Generator,FR0 2,rural solar thermal,774.07659
capital,Generator,FR0 2,solar-hsat,53333.44515
capital,Generator,FR0 2,urban central solar thermal,1387.61947
capital,Generator,FR0 2,urban decentral solar thermal,1012.57279
capital,Generator,FR0 3,Offshore Wind (AC),3119134665.12018
capital,Generator,FR0 3,Offshore Wind (DC),777726485.90479
capital,Generator,FR0 3,Offshore Wind (Floating),5723.99637
capital,Generator,FR0 3,Onshore Wind,404522336.50262
capital,Generator,FR0 3,Solar,45458220.99094
capital,Generator,FR0 3,rural solar thermal,349.27645
capital,Generator,FR0 3,solar-hsat,4999.69244
capital,Generator,FR0 3,urban central solar thermal,1169.41701
capital,Generator,FR0 3,urban decentral solar thermal,608.78524
capital,Generator,FR0 4,Onshore Wind,410447083.07052
capital,Generator,FR0 4,Run of River,454890285.96669
capital,Generator,FR0 4,Solar,56505991.70232
capital,Generator,FR0 4,rural solar thermal,413.18368
capital,Generator,FR0 4,solar-hsat,4207.94231
capital,Generator,FR0 4,urban central solar thermal,1062.89755
capital,Generator,FR0 4,urban decentral solar thermal,578.47857
capital,Generator,FR5 0,Offshore Wind (AC),2754.66272
capital,Generator,FR5 0,Offshore Wind (Floating),3540.71924
capital,Generator,FR5 0,Onshore Wind,1967439.84198
capital,Generator,FR5 0,Solar,7175.18348
capital,Generator,FR5 0,rural solar thermal,1352.31073
capital,Generator,FR5 0,solar-hsat,177953530.25153
capital,Generator,GB2 0,Offshore Wind (AC),4796158843.04898
capital,Generator,GB2 0,Offshore Wind (DC),3399401507.51407
capital,Generator,GB2 0,Offshore Wind (Floating),6833.3047
capital,Generator,GB2 0,Onshore Wind,1344688783.32046
capital,Generator,GB2 0,Run of River,885889663.85156
capital,Generator,GB2 0,Solar,84832295.96399
capital,Generator,GB2 0,rural solar thermal,169.32704
capital,Generator,GB2 0,solar-hsat,18318.71471
capital,Generator,GB2 0,urban central solar thermal,826.05901
capital,Generator,GB2 0,urban decentral solar thermal,187.75143
capital,Generator,GB2 1,Offshore Wind (AC),3261250539.74144
capital,Generator,GB2 1,Offshore Wind (DC),4767203840.45318
capital,Generator,GB2 1,Offshore Wind (Floating),5253.88184
capital,Generator,GB2 1,Onshore Wind,2373587277.43691
capital,Generator,GB2 1,Solar,513690187.88778
capital,Generator,GB2 1,rural solar thermal,409.75065
capital,Generator,GB2 1,solar-hsat,1594504343.20342
capital,Generator,GB2 1,urban central solar thermal,1053.94164
capital,Generator,GB2 1,urban decentral solar thermal,417.6091
capital,Generator,GB3 0,Offshore Wind (AC),224530570.39185
capital,Generator,GB3 0,Offshore Wind (DC),540147526.9935
capital,Generator,GB3 0,Offshore Wind (Floating),5730.08447
capital,Generator,GB3 0,Onshore Wind,145378994.99064
capital,Generator,GB3 0,Run of River,234671738.20448
capital,Generator,GB3 0,Solar,12435351.24476
capital,Generator,GB3 0,rural solar thermal,205.35459
capital,Generator,GB3 0,solar-hsat,55162.85079
capital,Generator,GB3 0,urban central solar thermal,629.95813
capital,Generator,GB3 0,urban decentral solar thermal,218.48395
capital,Generator,GR0 0,Offshore Wind (AC),6092.78558
capital,Generator,GR0 0,Offshore Wind (DC),1403865638.40248
capital,Generator,GR0 0,Offshore Wind (Floating),5380.15247
capital,Generator,GR0 0,Onshore Wind,581561752.33787
capital,Generator,GR0 0,Run of River,31772365.34325
capital,Generator,GR0 0,Solar,218143851.22238
capital,Generator,GR0 0,rural solar thermal,2464.52177
capital,Generator,GR0 0,solar-hsat,1198110530.11393
capital,Generator,GR0 0,urban central solar thermal,3790.73008
capital,Generator,GR0 0,urban decentral solar thermal,2333.05084
capital,Generator,HR0 0,Offshore Wind (AC),5647.06734
capital,Generator,HR0 0,Offshore Wind (DC),6180.85674
capital,Generator,HR0 0,Offshore Wind (Floating),3500.57519
capital,Generator,HR0 0,Onshore Wind,131921020.48246
capital,Generator,HR0 0,Run of River,84182201.03601
capital,Generator,HR0 0,Solar,4256904.81039
capital,Generator,HR0 0,rural solar thermal,1618.91316
capital,Generator,HR0 0,solar-hsat,444091085.06733
capital,Generator,HR0 0,urban central solar thermal,1814.40978
capital,Generator,HR0 0,urban decentral solar thermal,1738.59051
capital,Generator,HU0 0,Onshore Wind,36915395.26051
capital,Generator,HU0 0,Run of River,6070956.3265
capital,Generator,HU0 0,Solar,135337958.92849
capital,Generator,HU0 0,rural solar thermal,1255.58814
capital,Generator,HU0 0,solar-hsat,1267794840.8141
capital,Generator,HU0 0,urban central solar thermal,2898.67488
capital,Generator,HU0 0,urban decentral solar thermal,1449.16939
capital,Generator,IE3 0,Offshore Wind (AC),42830846.93106
capital,Generator,IE3 0,Offshore Wind (DC),226500961.1737
capital,Generator,IE3 0,Offshore Wind (Floating),6450.54321
capital,Generator,IE3 0,Onshore Wind,550271751.96738
capital,Generator,IE3 0,Run of River,66564800.33115
capital,Generator,IE3 0,Solar,64208043.29817
capital,Generator,IE3 0,rural solar thermal,192.55224
capital,Generator,IE3 0,solar-hsat,368253496.72068
capital,Generator,IE3 0,urban central solar thermal,956.25627
capital,Generator,IE3 0,urban decentral solar thermal,296.10645
capital,Generator,IT0 0,Offshore Wind (AC),6051072.00692
capital,Generator,IT0 0,Offshore Wind (DC),378264111.34994
capital,Generator,IT0 0,Offshore Wind (Floating),4598.18193
capital,Generator,IT0 0,Onshore Wind,1015581646.6299
capital,Generator,IT0 0,Run of River,543612536.03769
capital,Generator,IT0 0,Solar,194414812.4988
capital,Generator,IT0 0,rural solar thermal,2803.02445
capital,Generator,IT0 0,solar-hsat,5220864515.97966
capital,Generator,IT0 0,urban central solar thermal,3208.92803
capital,Generator,IT0 0,urban decentral solar thermal,9061.6293
capital,Generator,IT0 1,Offshore Wind (AC),6127.76874
capital,Generator,IT0 1,Offshore Wind (DC),5178.20146
capital,Generator,IT0 1,Offshore Wind (Floating),3695.57384
capital,Generator,IT0 1,Onshore Wind,18746737.29654
capital,Generator,IT0 1,Run of River,1762900939.28859
capital,Generator,IT0 1,Solar,72004455.40089
capital,Generator,IT0 1,rural solar thermal,1175.46475
capital,Generator,IT0 1,solar-hsat,5548451954.05015
capital,Generator,IT0 1,urban central solar thermal,3251.14691
capital,Generator,IT0 1,urban decentral solar thermal,14010.67281
capital,Generator,IT4 0,Offshore Wind (AC),9911.03448
capital,Generator,IT4 0,Offshore Wind (Floating),4830.76961
capital,Generator,IT4 0,Onshore Wind,137128086.45279
capital,Generator,IT4 0,Run of River,18490222.31421
capital,Generator,IT4 0,Solar,22587781.13794
capital,Generator,IT4 0,rural solar thermal,5938.30475
capital,Generator,IT4 0,solar-hsat,465892912.90147
capital,Generator,IT4 0,urban central solar thermal,3043.93148
capital,Generator,IT4 0,urban decentral solar thermal,5088.42911
capital,Generator,LT0 0,Offshore Wind (AC),28960.06974
capital,Generator,LT0 0,Offshore Wind (DC),425243376.8477
capital,Generator,LT0 0,Offshore Wind (Floating),2976.05254
capital,Generator,LT0 0,Onshore Wind,138285522.88466
capital,Generator,LT0 0,Run of River,31125207.56225
capital,Generator,LT0 0,Solar,15686860.01188
capital,Generator,LT0 0,rural solar thermal,447.51792
capital,Generator,LT0 0,solar-hsat,99482860.68417
capital,Generator,LT0 0,urban central solar thermal,925.66329
capital,Generator,LT0 0,urban decentral solar thermal,525.28332
capital,Generator,LU0 0,Onshore Wind,163063045.15673
capital,Generator,LU0 0,Solar,2832672.00149
capital,Generator,LU0 0,rural solar thermal,469.01761
capital,Generator,LU0 0,solar-hsat,301402490.36681
capital,Generator,LU0 0,urban central solar thermal,949.63791
capital,Generator,LU0 0,urban decentral solar thermal,611.20752
capital,Generator,LV0 0,Offshore Wind (AC),24247.7591
capital,Generator,LV0 0,Offshore Wind (DC),121802329.47186
capital,Generator,LV0 0,Offshore Wind (Floating),4582.49272
capital,Generator,LV0 0,Onshore Wind,11572292.83301
capital,Generator,LV0 0,Run of River,473380508.2809
capital,Generator,LV0 0,Solar,2303899.40097
capital,Generator,LV0 0,rural solar thermal,476.29683
capital,Generator,LV0 0,solar-hsat,70792101.03765
capital,Generator,LV0 0,urban central solar thermal,827.29855
capital,Generator,LV0 0,urban decentral solar thermal,529.65989
capital,Generator,ME0 0,Offshore Wind (AC),1295.84617
capital,Generator,ME0 0,Offshore Wind (Floating),2730.97272
capital,Generator,ME0 0,Onshore Wind,13654981.55258
capital,Generator,ME0 0,Run of River,1651793.1934
capital,Generator,ME0 0,Solar,167567.50542
capital,Generator,ME0 0,rural solar thermal,862.9063
capital,Generator,ME0 0,solar-hsat,457566977.9827
capital,Generator,ME0 0,urban central solar thermal,2372.24682
capital,Generator,ME0 0,urban decentral solar thermal,864.75403
capital,Generator,MK0 0,Onshore Wind,8447562.42406
capital,Generator,MK0 0,Run of River,59045443.2567
capital,Generator,MK0 0,Solar,15545485.34459
capital,Generator,MK0 0,rural solar thermal,1635.38796
capital,Generator,MK0 0,solar-hsat,121715211.61569
capital,Generator,MK0 0,urban central solar thermal,4473.32221
capital,Generator,MK0 0,urban decentral solar thermal,1640.4154
capital,Generator,NL0 0,Offshore Wind (AC),1174437636.71327
capital,Generator,NL0 0,Offshore Wind (DC),8967851508.52049
capital,Generator,NL0 0,Offshore Wind (Floating),1718.81613
capital,Generator,NL0 0,Onshore Wind,1117152742.90196
capital,Generator,NL0 0,Solar,248276629.85017
capital,Generator,NL0 0,rural solar thermal,53.21435
capital,Generator,NL0 0,solar-hsat,345812961.17696
capital,Generator,NL0 0,urban central solar thermal,1031.28432
capital,Generator,NL0 0,urban decentral solar thermal,527.63489
capital,Generator,NO1 0,Offshore Wind (AC),28255753.6637
capital,Generator,NO1 0,Offshore Wind (DC),3560726421.0492
capital,Generator,NO1 0,Offshore Wind (Floating),5372.63196
capital,Generator,NO1 0,Onshore Wind,639791861.1835
capital,Generator,NO1 0,Run of River,275042056.92383
capital,Generator,NO1 0,Solar,73330.76049
capital,Generator,NO1 0,rural solar thermal,220.49223
capital,Generator,NO1 0,solar-hsat,12298.41815
capital,Generator,NO1 0,urban central solar thermal,867.75018
capital,Generator,NO1 0,urban decentral solar thermal,231.3029
capital,Generator,PL0 0,Offshore Wind (AC),1049262317.87009
capital,Generator,PL0 0,Offshore Wind (DC),1301264087.1053
capital,Generator,PL0 0,Offshore Wind (Floating),7615.96311
capital,Generator,PL0 0,Onshore Wind,3823270556.62198
capital,Generator,PL0 0,Run of River,56210389.48212
capital,Generator,PL0 0,Solar,137291025.61587
capital,Generator,PL0 0,rural solar thermal,513.57013
capital,Generator,PL0 0,solar-hsat,2460014966.14872
capital,Generator,PL0 0,urban central solar thermal,1422.47413
capital,Generator,PL0 0,urban decentral solar thermal,685.72654
capital,Generator,PT0 0,Offshore Wind (AC),1139897709.72046
capital,Generator,PT0 0,Offshore Wind (Floating),5659.92049
capital,Generator,PT0 0,Onshore Wind,616509148.15315
capital,Generator,PT0 0,Run of River,781982318.70502
capital,Generator,PT0 0,Solar,183053871.25833
capital,Generator,PT0 0,rural solar thermal,1611.06511
capital,Generator,PT0 0,solar-hsat,321046654.93984
capital,Generator,PT0 0,urban central solar thermal,1733.81326
capital,Generator,PT0 0,urban decentral solar thermal,1899.79618
capital,Generator,RO0 0,Offshore Wind (AC),338196682.35688
capital,Generator,RO0 0,Offshore Wind (DC),585849163.39642
capital,Generator,RO0 0,Offshore Wind (Floating),5914.25557
capital,Generator,RO0 0,Onshore Wind,637732586.59202
capital,Generator,RO0 0,Run of River,1085206556.13942
capital,Generator,RO0 0,Solar,106116357.00687
capital,Generator,RO0 0,rural solar thermal,1426.90159
capital,Generator,RO0 0,solar-hsat,315950022.83502
capital,Generator,RO0 0,urban central solar thermal,1938.11646
capital,Generator,RO0 0,urban decentral solar thermal,1498.83828
capital,Generator,RS0 0,Onshore Wind,89347435.89689
capital,Generator,RS0 0,Run of River,526478263.35986
capital,Generator,RS0 0,Solar,1864006.98249
capital,Generator,RS0 0,rural solar thermal,1113.07707
capital,Generator,RS0 0,solar-hsat,1209095.61851
capital,Generator,RS0 0,urban central solar thermal,2048.34833
capital,Generator,RS0 0,urban decentral solar thermal,1117.48962
capital,Generator,SE1 0,Offshore Wind (AC),36686037.97269
capital,Generator,SE1 0,Offshore Wind (DC),331782483.76441
capital,Generator,SE1 0,Offshore Wind (Floating),4609.10679
capital,Generator,SE1 0,Onshore Wind,1919542494.96804
capital,Generator,SE1 0,Run of River,394149905.66452
capital,Generator,SE1 0,Solar,14943375.58296
capital,Generator,SE1 0,rural solar thermal,186.17887
capital,Generator,SE1 0,solar-hsat,583003362.87309
capital,Generator,SE1 0,urban central solar thermal,854.24224
capital,Generator,SE1 0,urban decentral solar thermal,381.81719
capital,Generator,SI0 0,Offshore Wind (AC),1497.50161
capital,Generator,SI0 0,Offshore Wind (Floating),1187.81715
capital,Generator,SI0 0,Onshore Wind,2149.10034
capital,Generator,SI0 0,Run of River,155445758.14368
capital,Generator,SI0 0,Solar,1570857.04566
capital,Generator,SI0 0,rural solar thermal,850.12422
capital,Generator,SI0 0,solar-hsat,9504.24112
capital,Generator,SI0 0,urban central solar thermal,1931.7824
capital,Generator,SI0 0,urban decentral solar thermal,1199.08598
capital,Generator,SK0 0,Onshore Wind,9690.16577
capital,Generator,SK0 0,Run of River,375255980.16312
capital,Generator,SK0 0,Solar,23519758.60604
capital,Generator,SK0 0,rural solar thermal,813.79415
capital,Generator,SK0 0,solar-hsat,13394.96331
capital,Generator,SK0 0,urban central solar thermal,1526.11058
capital,Generator,SK0 0,urban decentral solar thermal,989.86807
capital,Generator,XK0 0,Onshore Wind,15622206.89429
capital,Generator,XK0 0,Run of River,9306745.23148
capital,Generator,XK0 0,Solar,8644522.23518
capital,Generator,XK0 0,rural solar thermal,238.26662
capital,Generator,XK0 0,solar-hsat,2707689.6692
capital,Generator,XK0 0,urban central solar thermal,1232.53261
capital,Generator,XK0 0,urban decentral solar thermal,8.60094
capital,Line,AL0 0,AC,79383299.72642
capital,Line,AT0 0,AC,452246931.39839
capital,Line,BA0 0,AC,128859045.24615
capital,Line,BE0 0,AC,132294395.04691
capital,Line,BG0 0,AC,240709785.26156
capital,Line,CH0 0,AC,495733044.13378
capital,Line,CZ0 0,AC,243022348.25193
capital,Line,DE0 0,AC,582820005.69249
capital,Line,DE0 1,AC,465191429.65178
capital,Line,DE0 2,AC,289218374.52188
capital,Line,DE0 3,AC,130297548.45686
capital,Line,DE0 4,AC,65855244.42637
capital,Line,DE0 5,AC,122467637.92028
capital,Line,DK1 0,AC,92018255.13598
capital,Line,EE0 0,AC,34479190.53832
capital,Line,ES0 0,AC,380252192.80472
capital,Line,FI1 0,AC,164747361.63609
capital,Line,FR0 0,AC,861062076.98221
capital,Line,FR0 1,AC,437004111.69808
capital,Line,FR0 2,AC,175983166.83606
capital,Line,FR0 4,AC,3451633.76
capital,Line,GB2 0,AC,457480582.84278
capital,Line,GB3 0,AC,47856526.08134
capital,Line,GR0 0,AC,48987285.47571
capital,Line,HR0 0,AC,183894692.23639
capital,Line,HU0 0,AC,273318958.65242
capital,Line,IT0 0,AC,280957341.92612
capital,Line,IT0 1,AC,38683404.46554
capital,Line,LT0 0,AC,107375434.77326
capital,Line,ME0 0,AC,53440462.96271
capital,Line,MK0 0,AC,37466027.51957
capital,Line,NO1 0,AC,128929177.92303
capital,Line,PL0 0,AC,51242287.83323
capital,Line,RO0 0,AC,110192312.03459
capital,Line,RS0 0,AC,20274705.30248
capital,Link,AL0 0,CO2 pipeline,11317.05235
capital,Link,AL0 0,Combined-Cycle Gas,1444.67003
capital,Link,AL0 0,EAF,1704.84493
capital,Link,AL0 0,H2 DRI,1504.64098
capital,Link,AL0 0,H2 Electrolysis,18910.35421
capital,Link,AL0 0,Haber-Bosch,3033.15974
capital,Link,AL0 0,Open-Cycle Gas,1335.15564
capital,Link,AL0 0,SMR,3450.51948
capital,Link,AL0 0,Sabatier,675.28277
capital,Link,AL0 0,battery charger,24142586.39233
capital,Link,AL0 0,biogas to gas,7295853.28392
capital,Link,AL0 0,biomass to liquid,2791.76984
capital,Link,AL0 0,biomass-to-methanol,7773.12429
capital,Link,AL0 0,electricity distribution grid,26403875.17931
capital,Link,AL0 0,gas DRI,1560.78614
capital,Link,AL0 0,gas pipeline new,41488.31206
capital,Link,AL0 0,heat100-200 industry electric boiler steam,454.14673
capital,Link,AL0 0,heat100-200 industry gas,142642.30548
capital,Link,AL0 0,heat100-200 industry industrial heat pump high temperature,2782871.54626
capital,Link,AL0 0,heat100-200 industry solid biomass,5068.94953
capital,Link,AL0 0,heat200-500 industry gas,14689.00687
capital,Link,AL0 0,heat200-500 industry hydrogen,63.13647
capital,Link,AL0 0,heat200-500 industry solid biomass,221924.71939
capital,Link,AL0 0,heat<100 industry electric boiler steam,468.07506
capital,Link,AL0 0,heat<100 industry gas,167454.94471
capital,Link,AL0 0,heat<100 industry industrial heat pump medium temperature,2876109.45451
capital,Link,AL0 0,heat<100 industry solid biomass,7049.64502
capital,Link,AL0 0,heat>500 industry gas,17545.18186
capital,Link,AL0 0,heat>500 industry hydrogen,166.64369
capital,Link,AL0 0,home battery charger,4287.12027
capital,Link,AL0 0,methanolisation,2613.53896
capital,Link,AL0 0,rural air heat pump,8520.23131
capital,Link,AL0 0,rural biomass boiler,65819086.25624
capital,Link,AL0 0,rural gas boiler,3691.68217
capital,Link,AL0 0,rural ground heat pump,10170479.65613
capital,Link,AL0 0,rural resistive heater,63300.94202
capital,Link,AL0 0,urban central air heat pump,866669.74808
capital,Link,AL0 0,urban central gas CHP,1463.60492
capital,Link,AL0 0,urban central gas boiler,214562.06765
capital,Link,AL0 0,urban central resistive heater,351995.87551
capital,Link,AL0 0,urban central solid biomass CHP,8981163.21535
capital,Link,AL0 0,urban central solid biomass CHP CC,16871.53071
capital,Link,AL0 0,urban decentral air heat pump,8181.83039
capital,Link,AL0 0,urban decentral biomass boiler,98801394.43179
capital,Link,AL0 0,urban decentral gas boiler,4028.1984
capital,Link,AL0 0,urban decentral resistive heater,84891.91301
capital,Link,AL0 0,waste CHP,3145.42748
capital,Link,AT0 0,CO2 pipeline,125000.77617
capital,Link,AT0 0,Combined-Cycle Gas,352633097.7039
capital,Link,AT0 0,EAF,2015.15986
capital,Link,AT0 0,H2 DRI,1646.32987
capital,Link,AT0 0,H2 Electrolysis,6380.09548
capital,Link,AT0 0,Haber-Bosch,2547.60227
capital,Link,AT0 0,Open-Cycle Gas,1332.59166
capital,Link,AT0 0,SMR,3658.23372
capital,Link,AT0 0,Sabatier,656.59032
capital,Link,AT0 0,battery charger,28900711.4478
capital,Link,AT0 0,biogas to gas,105768716.54972
capital,Link,AT0 0,biomass to liquid,3246.38721
capital,Link,AT0 0,biomass-to-methanol,8548.32858
capital,Link,AT0 0,electricity distribution grid,502628998.84014
capital,Link,AT0 0,gas DRI,1783.19762
capital,Link,AT0 0,gas pipeline,11817541.81551
capital,Link,AT0 0,gas pipeline new,76535.4323
capital,Link,AT0 0,heat100-200 industry electric boiler steam,293.68055
capital,Link,AT0 0,heat100-200 industry gas,8644412.89283
capital,Link,AT0 0,heat100-200 industry industrial heat pump high temperature,168980074.77876
capital,Link,AT0 0,heat100-200 industry solid biomass,4645.17129
capital,Link,AT0 0,heat200-500 industry gas,694118.31709
capital,Link,AT0 0,heat200-500 industry hydrogen,43.34423
capital,Link,AT0 0,heat200-500 industry solid biomass,10446997.05692
capital,Link,AT0 0,heat<100 industry electric boiler steam,274.21175
capital,Link,AT0 0,heat<100 industry gas,3224646.51684
capital,Link,AT0 0,heat<100 industry industrial heat pump medium temperature,25348645.87446
capital,Link,AT0 0,heat<100 industry solid biomass,28132938.53169
capital,Link,AT0 0,heat>500 industry gas,1692682.78093
capital,Link,AT0 0,heat>500 industry hydrogen,97.13596
capital,Link,AT0 0,home battery charger,4173.24457
capital,Link,AT0 0,methanolisation,1998.94049
capital,Link,AT0 0,rural air heat pump,6965.16735
capital,Link,AT0 0,rural biomass boiler,303486292.12624
capital,Link,AT0 0,rural gas boiler,206924205.43043
capital,Link,AT0 0,rural ground heat pump,359090350.54169
capital,Link,AT0 0,rural resistive heater,5641898.46466
capital,Link,AT0 0,urban central air heat pump,11134.43903
capital,Link,AT0 0,urban central gas CHP,1478.75517
capital,Link,AT0 0,urban central gas boiler,9767542.4915
capital,Link,AT0 0,urban central resistive heater,4555947.5592
capital,Link,AT0 0,urban central solid biomass CHP,368165644.73519
capital,Link,AT0 0,urban central solid biomass CHP CC,1287706.38053
capital,Link,AT0 0,urban decentral air heat pump,113343465.92469
capital,Link,AT0 0,urban decentral biomass boiler,312570280.54169
capital,Link,AT0 0,urban decentral gas boiler,213117885.78363
capital,Link,AT0 0,urban decentral resistive heater,5501416.91204
capital,Link,AT0 0,waste CHP,3352.11082
capital,Link,BA0 0,CO2 pipeline,8380.24329
capital,Link,BA0 0,Combined-Cycle Gas,1430.25656
capital,Link,BA0 0,EAF,1722.05972
capital,Link,BA0 0,H2 DRI,1483.98536
capital,Link,BA0 0,H2 Electrolysis,8438.00022
capital,Link,BA0 0,Haber-Bosch,2531.58331
capital,Link,BA0 0,Open-Cycle Gas,1332.79868
capital,Link,BA0 0,SMR,5237.53938
capital,Link,BA0 0,Sabatier,634.62062
capital,Link,BA0 0,battery charger,2855714.24379
capital,Link,BA0 0,biogas to gas,10077949.27711
capital,Link,BA0 0,biomass to liquid,2650.85631
capital,Link,BA0 0,biomass-to-methanol,6959.44044
capital,Link,BA0 0,electricity distribution grid,77681900.62237
capital,Link,BA0 0,gas DRI,1603.58372
capital,Link,BA0 0,gas pipeline,3487367.17429
capital,Link,BA0 0,gas pipeline new,69866.39301
capital,Link,BA0 0,heat100-200 industry electric boiler steam,303.9229
capital,Link,BA0 0,heat100-200 industry gas,285267.91927
capital,Link,BA0 0,heat100-200 industry industrial heat pump high temperature,5570506.89474
capital,Link,BA0 0,heat100-200 industry solid biomass,5717.00835
capital,Link,BA0 0,heat200-500 industry gas,41957.24424
capital,Link,BA0 0,heat200-500 industry hydrogen,62.51369
capital,Link,BA0 0,heat200-500 industry solid biomass,632179.76748
capital,Link,BA0 0,heat<100 industry electric boiler steam,314.26487
capital,Link,BA0 0,heat<100 industry gas,291467.44386
capital,Link,BA0 0,heat<100 industry industrial heat pump medium temperature,5008646.14208
capital,Link,BA0 0,heat<100 industry solid biomass,9940.65239
capital,Link,BA0 0,heat>500 industry gas,155761.68751
capital,Link,BA0 0,heat>500 industry hydrogen,105.24964
capital,Link,BA0 0,home battery charger,4193.84756
capital,Link,BA0 0,methanolisation,1906.07084
capital,Link,BA0 0,rural air heat pump,4976.63387
capital,Link,BA0 0,rural biomass boiler,349284139.41513
capital,Link,BA0 0,rural gas boiler,3312.92408
capital,Link,BA0 0,rural ground heat pump,23434.05558
capital,Link,BA0 0,rural resistive heater,297800.20144
capital,Link,BA0 0,urban central air heat pump,702104.70385
capital,Link,BA0 0,urban central gas CHP,1492.93609
capital,Link,BA0 0,urban central gas boiler,2360915.1023
capital,Link,BA0 0,urban central resistive heater,623163.14376
capital,Link,BA0 0,urban central solid biomass CHP,52384559.05091
capital,Link,BA0 0,urban central solid biomass CHP CC,22180.49754
capital,Link,BA0 0,urban decentral air heat pump,4976.30442
capital,Link,BA0 0,urban decentral biomass boiler,252215967.4445
capital,Link,BA0 0,urban decentral gas boiler,3357.08587
capital,Link,BA0 0,urban decentral resistive heater,215143.19991
capital,Link,BA0 0,waste CHP,3234.06699
capital,Link,BE0 0,CO2 pipeline,51432.80506
capital,Link,BE0 0,Combined-Cycle Gas,532145681.8566
capital,Link,BE0 0,DC,23219324.12346
capital,Link,BE0 0,EAF,2001.66973
capital,Link,BE0 0,H2 DRI,1630.38274
capital,Link,BE0 0,H2 Electrolysis,18183.04399
capital,Link,BE0 0,Haber-Bosch,3791.48412
capital,Link,BE0 0,Open-Cycle Gas,1332.00749
capital,Link,BE0 0,SMR,3183.40958
capital,Link,BE0 0,Sabatier,663.22408
capital,Link,BE0 0,battery charger,6899.83656
capital,Link,BE0 0,biogas to gas,168960922.49687
capital,Link,BE0 0,biomass to liquid,1970.71361
capital,Link,BE0 0,biomass-to-methanol,3636.13169
capital,Link,BE0 0,electricity distribution grid,784867160.23878
capital,Link,BE0 0,gas DRI,1781.67367
capital,Link,BE0 0,gas pipeline,18821571.77033
capital,Link,BE0 0,gas pipeline new,835436.11323
capital,Link,BE0 0,heat100-200 industry electric boiler steam,310.14177
capital,Link,BE0 0,heat100-200 industry gas,9493969.35401
capital,Link,BE0 0,heat100-200 industry industrial heat pump high temperature,185592058.81061
capital,Link,BE0 0,heat100-200 industry solid biomass,683.92857
capital,Link,BE0 0,heat200-500 industry gas,949962.42169
capital,Link,BE0 0,heat200-500 industry hydrogen,53.67376
capital,Link,BE0 0,heat200-500 industry solid biomass,14297337.59985
capital,Link,BE0 0,heat<100 industry electric boiler steam,307.45373
capital,Link,BE0 0,heat<100 industry gas,7472408.60962
capital,Link,BE0 0,heat<100 industry industrial heat pump medium temperature,128646076.4011
capital,Link,BE0 0,heat<100 industry solid biomass,715.26763
capital,Link,BE0 0,heat>500 industry gas,3135407.30562
capital,Link,BE0 0,heat>500 industry hydrogen,118.55585
capital,Link,BE0 0,home battery charger,4321.2535
capital,Link,BE0 0,methanolisation,2321.76012
capital,Link,BE0 0,rural air heat pump,7502.08486
capital,Link,BE0 0,rural biomass boiler,20149409.10996
capital,Link,BE0 0,rural gas boiler,118215354.23709
capital,Link,BE0 0,rural ground heat pump,251969760.46265
capital,Link,BE0 0,rural resistive heater,1378546.14693
capital,Link,BE0 0,urban central air heat pump,93590077.93127
capital,Link,BE0 0,urban central gas CHP,1669.2315
capital,Link,BE0 0,urban central gas boiler,21800792.11392
capital,Link,BE0 0,urban central resistive heater,5054761.37625
capital,Link,BE0 0,urban central solid biomass CHP,199387767.11903
capital,Link,BE0 0,urban central solid biomass CHP CC,12106.51308
capital,Link,BE0 0,urban decentral air heat pump,41147873.95377
capital,Link,BE0 0,urban decentral biomass boiler,266481315.13342
capital,Link,BE0 0,urban decentral gas boiler,1563429621.88831
capital,Link,BE0 0,urban decentral resistive heater,43854136.38322
capital,Link,BE0 0,waste CHP,7768.90446
capital,Link,BG0 0,CO2 pipeline,12056.18012
capital,Link,BG0 0,Combined-Cycle Gas,9745305.92818
capital,Link,BG0 0,H2 Electrolysis,11207.53447
capital,Link,BG0 0,Haber-Bosch,2702.39795
capital,Link,BG0 0,Open-Cycle Gas,1331.43148
capital,Link,BG0 0,SMR,3369.57469
capital,Link,BG0 0,Sabatier,666.97148
capital,Link,BG0 0,battery charger,56561224.09469
capital,Link,BG0 0,biogas to gas,88318024.20212
capital,Link,BG0 0,biomass to liquid,4277.52867
capital,Link,BG0 0,biomass-to-methanol,16937.87271
capital,Link,BG0 0,electricity distribution grid,317973547.42003
capital,Link,BG0 0,gas pipeline,4651416.62342
capital,Link,BG0 0,gas pipeline new,160202.90509
capital,Link,BG0 0,heat100-200 industry electric boiler steam,284.68213
capital,Link,BG0 0,heat100-200 industry gas,1804567.28127
capital,Link,BG0 0,heat100-200 industry industrial heat pump high temperature,10648844.44665
capital,Link,BG0 0,heat100-200 industry solid biomass,20226826.00717
capital,Link,BG0 0,heat200-500 industry gas,228584.54011
capital,Link,BG0 0,heat200-500 industry hydrogen,52.11837
capital,Link,BG0 0,heat200-500 industry solid biomass,3440683.86395
capital,Link,BG0 0,heat<100 industry electric boiler steam,282.18764
capital,Link,BG0 0,heat<100 industry gas,1277502.16456
capital,Link,BG0 0,heat<100 industry industrial heat pump medium temperature,8253.07848
capital,Link,BG0 0,heat<100 industry solid biomass,20502070.24121
capital,Link,BG0 0,heat>500 industry gas,876966.78127
capital,Link,BG0 0,heat>500 industry hydrogen,95.80011
capital,Link,BG0 0,home battery charger,4272777.41003
capital,Link,BG0 0,methanolisation,2236.78988
capital,Link,BG0 0,rural air heat pump,6699.99783
capital,Link,BG0 0,rural biomass boiler,101145902.72138
capital,Link,BG0 0,rural gas boiler,2527510.63897
capital,Link,BG0 0,rural ground heat pump,99975609.8801
capital,Link,BG0 0,rural resistive heater,7363994.36201
capital,Link,BG0 0,urban central air heat pump,6590.49337
capital,Link,BG0 0,urban central gas CHP,1478.65527
capital,Link,BG0 0,urban central gas boiler,5150136.44348
capital,Link,BG0 0,urban central resistive heater,2001661.46363
capital,Link,BG0 0,urban central solid biomass CHP,122699198.42965
capital,Link,BG0 0,urban central solid biomass CHP CC,17398.28692
capital,Link,BG0 0,urban decentral air heat pump,171487230.41039
capital,Link,BG0 0,urban decentral biomass boiler,157562315.54839
capital,Link,BG0 0,urban decentral gas boiler,3937286.81176
capital,Link,BG0 0,urban decentral resistive heater,11199588.63448
capital,Link,BG0 0,waste CHP,2976.23888
capital,Link,CH0 0,CO2 pipeline,114862.82108
capital,Link,CH0 0,Combined-Cycle Gas,5763375.57992
capital,Link,CH0 0,EAF,1719.95141
capital,Link,CH0 0,H2 DRI,1487.79625
capital,Link,CH0 0,H2 Electrolysis,12147.98
capital,Link,CH0 0,Haber-Bosch,3173.48517
capital,Link,CH0 0,Open-Cycle Gas,1328.55284
capital,Link,CH0 0,SMR,3355.60167
capital,Link,CH0 0,Sabatier,659.37833
capital,Link,CH0 0,battery charger,9291.86075
capital,Link,CH0 0,biogas to gas,368865.08383
capital,Link,CH0 0,biomass to liquid,1881.991
capital,Link,CH0 0,biomass-to-methanol,3218.86803
capital,Link,CH0 0,electricity distribution grid,623309153.45095
capital,Link,CH0 0,gas DRI,1595.80331
capital,Link,CH0 0,gas pipeline,6573997.11064
capital,Link,CH0 0,gas pipeline new,1294685.00799
capital,Link,CH0 0,heat100-200 industry electric boiler steam,287.07068
capital,Link,CH0 0,heat100-200 industry gas,2821612.06111
capital,Link,CH0 0,heat100-200 industry industrial heat pump high temperature,55156010.23729
capital,Link,CH0 0,heat100-200 industry solid biomass,544.46996
capital,Link,CH0 0,heat200-500 industry gas,266324.09437
capital,Link,CH0 0,heat200-500 industry hydrogen,66.68949
capital,Link,CH0 0,heat200-500 industry solid biomass,4008712.07056
capital,Link,CH0 0,heat<100 industry electric boiler steam,290.91997
capital,Link,CH0 0,heat<100 industry gas,2065010.26426
capital,Link,CH0 0,heat<100 industry industrial heat pump medium temperature,35550834.68529
capital,Link,CH0 0,heat<100 industry solid biomass,603.27984
capital,Link,CH0 0,heat>500 industry gas,663078.52665
capital,Link,CH0 0,heat>500 industry hydrogen,98.40779
capital,Link,CH0 0,home battery charger,113966.71742
capital,Link,CH0 0,methanolisation,1987.13273
capital,Link,CH0 0,rural air heat pump,5306.29006
capital,Link,CH0 0,rural biomass boiler,13851.48653
capital,Link,CH0 0,rural gas boiler,5591.19935
capital,Link,CH0 0,rural ground heat pump,659729348.54378
capital,Link,CH0 0,rural resistive heater,383416.13499
capital,Link,CH0 0,urban central air heat pump,45754224.45234
capital,Link,CH0 0,urban central gas CHP,1527.61584
capital,Link,CH0 0,urban central gas boiler,12658010.15274
capital,Link,CH0 0,urban central resistive heater,5625412.91553
capital,Link,CH0 0,urban central solid biomass CHP,138424363.26345
capital,Link,CH0 0,urban central solid biomass CHP CC,6413.43621
capital,Link,CH0 0,urban decentral air heat pump,1936735824.27827
capital,Link,CH0 0,urban decentral biomass boiler,482217021.82779
capital,Link,CH0 0,urban decentral gas boiler,6152402.48002
capital,Link,CH0 0,urban decentral resistive heater,1578325.72379
capital,Link,CH0 0,waste CHP,53410.61422
capital,Link,CZ0 0,CO2 pipeline,184742.42715
capital,Link,CZ0 0,Combined-Cycle Gas,165356048.296
capital,Link,CZ0 0,EAF,1943.37919
capital,Link,CZ0 0,H2 DRI,1594.08187
capital,Link,CZ0 0,H2 Electrolysis,5828.06382
capital,Link,CZ0 0,Haber-Bosch,2580.7805
capital,Link,CZ0 0,Open-Cycle Gas,1333.05051
capital,Link,CZ0 0,SMR,3620.72427
capital,Link,CZ0 0,Sabatier,658.66145
capital,Link,CZ0 0,battery charger,17019.21245
capital,Link,CZ0 0,biogas to gas,288461952.72781
capital,Link,CZ0 0,biomass to liquid,2385.52069
capital,Link,CZ0 0,biomass-to-methanol,5166.65351
capital,Link,CZ0 0,electricity distribution grid,523014177.45279
capital,Link,CZ0 0,gas DRI,1751.48353
capital,Link,CZ0 0,gas pipeline,15837300.93355
capital,Link,CZ0 0,gas pipeline new,3514.76847
capital,Link,CZ0 0,heat100-200 industry electric boiler steam,272.3835
capital,Link,CZ0 0,heat100-200 industry gas,5599657.99692
capital,Link,CZ0 0,heat100-200 industry industrial heat pump high temperature,109463101.44253
capital,Link,CZ0 0,heat100-200 industry solid biomass,1403.80244
capital,Link,CZ0 0,heat200-500 industry gas,658564.4081
capital,Link,CZ0 0,heat200-500 industry hydrogen,45.73168
capital,Link,CZ0 0,heat200-500 industry solid biomass,9910470.51611
capital,Link,CZ0 0,heat<100 industry electric boiler steam,276.69017
capital,Link,CZ0 0,heat<100 industry gas,4985746.94927
capital,Link,CZ0 0,heat<100 industry industrial heat pump medium temperature,85834028.19504
capital,Link,CZ0 0,heat<100 industry solid biomass,1757.05102
capital,Link,CZ0 0,heat>500 industry gas,1550086.07486
capital,Link,CZ0 0,heat>500 industry hydrogen,96.24849
capital,Link,CZ0 0,home battery charger,4205.93596
capital,Link,CZ0 0,methanolisation,1827.11839
capital,Link,CZ0 0,rural air heat pump,6136.72532
capital,Link,CZ0 0,rural biomass boiler,335984988.96149
capital,Link,CZ0 0,rural gas boiler,339623930.79443
capital,Link,CZ0 0,rural ground heat pump,381627290.73506
capital,Link,CZ0 0,rural resistive heater,11284059.32389
capital,Link,CZ0 0,urban central air heat pump,7666.56052
capital,Link,CZ0 0,urban central gas CHP,1514.87061
capital,Link,CZ0 0,urban central gas boiler,27266493.80738
capital,Link,CZ0 0,urban central resistive heater,3615545.57931
capital,Link,CZ0 0,urban central solid biomass CHP,461040927.4185
capital,Link,CZ0 0,urban central solid biomass CHP CC,2385756.01506
capital,Link,CZ0 0,urban decentral air heat pump,153577104.92252
capital,Link,CZ0 0,urban decentral biomass boiler,647169340.18781
capital,Link,CZ0 0,urban decentral gas boiler,654178616.3828
capital,Link,CZ0 0,urban decentral resistive heater,22963110.2341
capital,Link,CZ0 0,waste CHP,4158.15824
capital,Link,DE0 0,CO2 pipeline,18837020.46923
capital,Link,DE0 0,Combined-Cycle Gas,309047475.33121
capital,Link,DE0 0,DC,169790742.32792
capital,Link,DE0 0,EAF,2035.84093
capital,Link,DE0 0,H2 DRI,1652.10246
capital,Link,DE0 0,H2 Electrolysis,20427.22698
capital,Link,DE0 0,Haber-Bosch,3432.93864
capital,Link,DE0 0,Open-Cycle Gas,1330.38679
capital,Link,DE0 0,SMR,2343.55255
capital,Link,DE0 0,Sabatier,680.46948
capital,Link,DE0 0,battery charger,7059.15868
capital,Link,DE0 0,biogas to gas,500337062.39485
capital,Link,DE0 0,biomass to liquid,2109.27573
capital,Link,DE0 0,biomass-to-methanol,3970.89459
capital,Link,DE0 0,electricity distribution grid,870682454.07068
capital,Link,DE0 0,gas DRI,1801.16413
capital,Link,DE0 0,gas pipeline,22398167.55046
capital,Link,DE0 0,heat100-200 industry electric boiler steam,318.9353
capital,Link,DE0 0,heat100-200 industry gas,8960685.67408
capital,Link,DE0 0,heat100-200 industry industrial heat pump high temperature,175166776.20424
capital,Link,DE0 0,heat100-200 industry solid biomass,755.28872
capital,Link,DE0 0,heat200-500 industry gas,903863.71551
capital,Link,DE0 0,heat200-500 industry hydrogen,51.01442
capital,Link,DE0 0,heat200-500 industry solid biomass,13603023.28307
capital,Link,DE0 0,heat<100 industry electric boiler steam,316.48727
capital,Link,DE0 0,heat<100 industry gas,6480238.51631
capital,Link,DE0 0,heat<100 industry industrial heat pump medium temperature,111564290.67939
capital,Link,DE0 0,heat<100 industry solid biomass,779.76088
capital,Link,DE0 0,heat>500 industry gas,2395177.49143
capital,Link,DE0 0,heat>500 industry hydrogen,112.35392
capital,Link,DE0 0,home battery charger,4291.75687
capital,Link,DE0 0,methanolisation,2208.21574
capital,Link,DE0 0,rural air heat pump,8090.57561
capital,Link,DE0 0,rural biomass boiler,152062929.72848
capital,Link,DE0 0,rural gas boiler,445412931.58674
capital,Link,DE0 0,rural ground heat pump,269172879.00605
capital,Link,DE0 0,rural resistive heater,17034756.31733
capital,Link,DE0 0,urban central air heat pump,134176148.39555
capital,Link,DE0 0,urban central gas CHP,1513.45383
capital,Link,DE0 0,urban central gas boiler,25286790.77113
capital,Link,DE0 0,urban central resistive heater,8583606.63642
capital,Link,DE0 0,urban central solid biomass CHP,278768740.10804
capital,Link,DE0 0,urban central solid biomass CHP CC,118823.10757
capital,Link,DE0 0,urban decentral air heat pump,107367014.96651
capital,Link,DE0 0,urban decentral biomass boiler,379071163.13118
capital,Link,DE0 0,urban decentral gas boiler,1110350815.62437
capital,Link,DE0 0,urban decentral resistive heater,39236416.7381
capital,Link,DE0 0,waste CHP,5689.49418
capital,Link,DE0 1,CO2 pipeline,330075.17673
capital,Link,DE0 1,Combined-Cycle Gas,213505626.99
capital,Link,DE0 1,H2 Electrolysis,5690.93129
capital,Link,DE0 1,Haber-Bosch,2448.57106
capital,Link,DE0 1,Open-Cycle Gas,1329.64573
capital,Link,DE0 1,SMR,3387.13555
capital,Link,DE0 1,Sabatier,661.08459
capital,Link,DE0 1,battery charger,15320.48629
capital,Link,DE0 1,biogas to gas,263163902.679
capital,Link,DE0 1,biomass to liquid,3227.82169
capital,Link,DE0 1,biomass-to-methanol,7863.26488
capital,Link,DE0 1,electricity distribution grid,383911238.16085
capital,Link,DE0 1,gas pipeline,8036863.96094
capital,Link,DE0 1,gas pipeline new,6799.0331
capital,Link,DE0 1,heat100-200 industry electric boiler steam,261.50684
capital,Link,DE0 1,heat100-200 industry gas,3249449.8942
capital,Link,DE0 1,heat100-200 industry industrial heat pump high temperature,63515907.18808
capital,Link,DE0 1,heat100-200 industry solid biomass,4637.82446
capital,Link,DE0 1,heat200-500 industry gas,297782.02145
capital,Link,DE0 1,heat200-500 industry hydrogen,50.23298
capital,Link,DE0 1,heat200-500 industry solid biomass,4482145.37495
capital,Link,DE0 1,heat<100 industry electric boiler steam,263.38029
capital,Link,DE0 1,heat<100 industry gas,1909980.4957
capital,Link,DE0 1,heat<100 industry industrial heat pump medium temperature,559189.00384
capital,Link,DE0 1,heat<100 industry solid biomass,30143820.80828
capital,Link,DE0 1,heat>500 industry gas,568718.96174
capital,Link,DE0 1,heat>500 industry hydrogen,95.72986
capital,Link,DE0 1,home battery charger,4163.42527
capital,Link,DE0 1,methanolisation,1717.68544
capital,Link,DE0 1,rural air heat pump,4532.92739
capital,Link,DE0 1,rural biomass boiler,163869005.30169
capital,Link,DE0 1,rural gas boiler,479994527.12081
capital,Link,DE0 1,rural ground heat pump,135948617.98673
capital,Link,DE0 1,rural resistive heater,8833306.17347
capital,Link,DE0 1,urban central air heat pump,5617.29121
capital,Link,DE0 1,urban central gas CHP,1517.82708
capital,Link,DE0 1,urban central gas boiler,8197372.07991
capital,Link,DE0 1,urban central resistive heater,991070.07424
capital,Link,DE0 1,urban central solid biomass CHP,137146410.67102
capital,Link,DE0 1,urban central solid biomass CHP CC,46258431.61115
capital,Link,DE0 1,urban decentral air heat pump,51230690.4422
capital,Link,DE0 1,urban decentral biomass boiler,113551400.07198
capital,Link,DE0 1,urban decentral gas boiler,332607441.42014
capital,Link,DE0 1,urban decentral resistive heater,5674969.21584
capital,Link,DE0 1,waste CHP,3259.63867
capital,Link,DE0 2,CO2 pipeline,536267.54525
capital,Link,DE0 2,Combined-Cycle Gas,1035661041.7784
capital,Link,DE0 2,EAF,2108.33083
capital,Link,DE0 2,H2 DRI,1710.30755
capital,Link,DE0 2,H2 Electrolysis,28447.05702
capital,Link,DE0 2,Haber-Bosch,4022.86238
capital,Link,DE0 2,Open-Cycle Gas,1329.391
capital,Link,DE0 2,SMR,2139.25077
capital,Link,DE0 2,Sabatier,704.76661
capital,Link,DE0 2,battery charger,7061.19734
capital,Link,DE0 2,biogas to gas,326507873.75751
capital,Link,DE0 2,biomass to liquid,1934.4242
capital,Link,DE0 2,biomass-to-methanol,3754.00296
capital,Link,DE0 2,electricity distribution grid,1315306366.29542
capital,Link,DE0 2,gas DRI,1826.50954
capital,Link,DE0 2,gas pipeline,30205086.21893
capital,Link,DE0 2,heat100-200 industry electric boiler steam,373.93128
capital,Link,DE0 2,heat100-200 industry gas,17369428.83074
capital,Link,DE0 2,heat100-200 industry industrial heat pump high temperature,339545554.26981
capital,Link,DE0 2,heat100-200 industry solid biomass,720.27025
capital,Link,DE0 2,heat200-500 industry gas,1625202.86775
capital,Link,DE0 2,heat200-500 industry hydrogen,61.7132
capital,Link,DE0 2,heat200-500 industry solid biomass,24459789.83058
capital,Link,DE0 2,heat<100 industry electric boiler steam,341.32268
capital,Link,DE0 2,heat<100 industry gas,11980673.49188
capital,Link,DE0 2,heat<100 industry industrial heat pump medium temperature,206261108.22414
capital,Link,DE0 2,heat<100 industry solid biomass,773.37948
capital,Link,DE0 2,heat>500 industry gas,4783665.76357
capital,Link,DE0 2,heat>500 industry hydrogen,143.65639
capital,Link,DE0 2,home battery charger,4301.97281
capital,Link,DE0 2,methanolisation,2532.48785
capital,Link,DE0 2,rural air heat pump,7927.80668
capital,Link,DE0 2,rural biomass boiler,63086082.1568
capital,Link,DE0 2,rural gas boiler,184787685.24291
capital,Link,DE0 2,rural ground heat pump,340116749.0111
capital,Link,DE0 2,rural resistive heater,8167435.45735
capital,Link,DE0 2,urban central air heat pump,341252113.53432
capital,Link,DE0 2,urban central gas CHP,1523.09204
capital,Link,DE0 2,urban central gas boiler,49766745.94437
capital,Link,DE0 2,urban central resistive heater,12956504.21497
capital,Link,DE0 2,urban central solid biomass CHP,363711784.94861
capital,Link,DE0 2,urban central solid biomass CHP CC,12257.05914
capital,Link,DE0 2,urban decentral air heat pump,158432824.66137
capital,Link,DE0 2,urban decentral biomass boiler,685742325.15328
capital,Link,DE0 2,urban decentral gas boiler,2008632214.99812
capital,Link,DE0 2,urban decentral resistive heater,70549993.36914
capital,Link,DE0 2,waste CHP,7051.91509
capital,Link,DE0 3,CO2 pipeline,103283.02201
capital,Link,DE0 3,Combined-Cycle Gas,350046969.7212
capital,Link,DE0 3,H2 Electrolysis,5298.34303
capital,Link,DE0 3,Haber-Bosch,2506.83318
capital,Link,DE0 3,Open-Cycle Gas,1112351.2544
capital,Link,DE0 3,SMR,3529.75124
capital,Link,DE0 3,Sabatier,657.4225
capital,Link,DE0 3,battery charger,7329996.00971
capital,Link,DE0 3,biogas to gas,317318224.64462
capital,Link,DE0 3,biomass to liquid,2511.38373
capital,Link,DE0 3,biomass-to-methanol,5251.60403
capital,Link,DE0 3,electricity distribution grid,530234374.08363
capital,Link,DE0 3,gas pipeline,3317522.45066
capital,Link,DE0 3,gas pipeline new,1384342.96729
capital,Link,DE0 3,heat100-200 industry electric boiler steam,266.86936
capital,Link,DE0 3,heat100-200 industry gas,5277204.11754
capital,Link,DE0 3,heat100-200 industry industrial heat pump high temperature,103159418.98476
capital,Link,DE0 3,heat100-200 industry solid biomass,1481.41536
capital,Link,DE0 3,heat200-500 industry gas,503288.55873
capital,Link,DE0 3,heat200-500 industry hydrogen,47.60842
capital,Link,DE0 3,heat200-500 industry solid biomass,7575015.93039
capital,Link,DE0 3,heat<100 industry electric boiler steam,263.04724
capital,Link,DE0 3,heat<100 industry gas,3348645.67323
capital,Link,DE0 3,heat<100 industry industrial heat pump medium temperature,57648940.28221
capital,Link,DE0 3,heat<100 industry solid biomass,2032.19158
capital,Link,DE0 3,heat>500 industry gas,1449431.96333
capital,Link,DE0 3,heat>500 industry hydrogen,95.71676
capital,Link,DE0 3,home battery charger,4161.89966
capital,Link,DE0 3,methanolisation,1732.64772
capital,Link,DE0 3,rural air heat pump,7150.98345
capital,Link,DE0 3,rural biomass boiler,126342373.23973
capital,Link,DE0 3,rural gas boiler,370073935.50035
capital,Link,DE0 3,rural ground heat pump,170820374.82929
capital,Link,DE0 3,rural resistive heater,6098545.25684
capital,Link,DE0 3,urban central air heat pump,1166955.55795
capital,Link,DE0 3,urban central gas CHP,1519.3091
capital,Link,DE0 3,urban central gas boiler,13773778.5598
capital,Link,DE0 3,urban central resistive heater,2232334.80931
capital,Link,DE0 3,urban central solid biomass CHP,276077574.31511
capital,Link,DE0 3,urban central solid biomass CHP CC,66936031.21001
capital,Link,DE0 3,urban decentral air heat pump,66612709.1223
capital,Link,DE0 3,urban decentral biomass boiler,211651890.74152
capital,Link,DE0 3,urban decentral gas boiler,619957075.00432
capital,Link,DE0 3,urban decentral resistive heater,7960803.44605
capital,Link,DE0 3,waste CHP,4202.948
capital,Link,DE0 4,CO2 pipeline,91900.70504
capital,Link,DE0 4,Combined-Cycle Gas,612159744.26838
capital,Link,DE0 4,EAF,1967.56344
capital,Link,DE0 4,H2 DRI,1608.38111
capital,Link,DE0 4,H2 Electrolysis,5389.15444
capital,Link,DE0 4,Haber-Bosch,2591.46466
capital,Link,DE0 4,Open-Cycle Gas,1329.55591
capital,Link,DE0 4,SMR,3653.132
capital,Link,DE0 4,Sabatier,651.27602
capital,Link,DE0 4,battery charger,31706.22343
capital,Link,DE0 4,biogas to gas,297870724.7718
capital,Link,DE0 4,biomass to liquid,1987.87464
capital,Link,DE0 4,biomass-to-methanol,3839.0515
capital,Link,DE0 4,electricity distribution grid,949344800.46861
capital,Link,DE0 4,gas DRI,1765.32882
capital,Link,DE0 4,gas pipeline,13851172.13292
capital,Link,DE0 4,heat100-200 industry electric boiler steam,313.29701
capital,Link,DE0 4,heat100-200 industry gas,13772801.18264
capital,Link,DE0 4,heat100-200 industry industrial heat pump high temperature,269236004.58508
capital,Link,DE0 4,heat100-200 industry solid biomass,799.41438
capital,Link,DE0 4,heat200-500 industry gas,1075780.89871
capital,Link,DE0 4,heat200-500 industry hydrogen,52.3439
capital,Link,DE0 4,heat200-500 industry solid biomass,16190960.68926
capital,Link,DE0 4,heat<100 industry electric boiler steam,288.5174
capital,Link,DE0 4,heat<100 industry gas,8892464.24688
capital,Link,DE0 4,heat<100 industry industrial heat pump medium temperature,153094136.99113
capital,Link,DE0 4,heat<100 industry solid biomass,907.88832
capital,Link,DE0 4,heat>500 industry gas,2208537.42623
capital,Link,DE0 4,heat>500 industry hydrogen,101.86272
capital,Link,DE0 4,home battery charger,4157.58122
capital,Link,DE0 4,methanolisation,1699.21862
capital,Link,DE0 4,rural air heat pump,7563.80917
capital,Link,DE0 4,rural biomass boiler,49806808.37473
capital,Link,DE0 4,rural gas boiler,145890892.4797
capital,Link,DE0 4,rural ground heat pump,553713737.45001
capital,Link,DE0 4,rural resistive heater,16818.85454
capital,Link,DE0 4,urban central air heat pump,67453373.57706
capital,Link,DE0 4,urban central gas CHP,1526.54411
capital,Link,DE0 4,urban central gas boiler,43006918.23353
capital,Link,DE0 4,urban central resistive heater,5408507.35791
capital,Link,DE0 4,urban central solid biomass CHP,694409142.49132
capital,Link,DE0 4,urban central solid biomass CHP CC,18209.0348
capital,Link,DE0 4,urban decentral air heat pump,136727967.44744
capital,Link,DE0 4,urban decentral biomass boiler,595839847.03718
capital,Link,DE0 4,urban decentral gas boiler,1745295671.33096
capital,Link,DE0 4,urban decentral resistive heater,22130002.79017
capital,Link,DE0 4,waste CHP,8636.06264
capital,Link,DE0 5,CO2 pipeline,272238.48833
capital,Link,DE0 5,Combined-Cycle Gas,370546153.23339
capital,Link,DE0 5,EAF,1837.13322
capital,Link,DE0 5,H2 DRI,1541.27373
capital,Link,DE0 5,H2 Electrolysis,14526.19974
capital,Link,DE0 5,Haber-Bosch,2936.11837
capital,Link,DE0 5,Open-Cycle Gas,1330.45023
capital,Link,DE0 5,SMR,2794.7086
capital,Link,DE0 5,Sabatier,668.95308
capital,Link,DE0 5,battery charger,10557.5035
capital,Link,DE0 5,biogas to gas,381529157.61688
capital,Link,DE0 5,biomass to liquid,2042.5096
capital,Link,DE0 5,biomass-to-methanol,3700.86241
capital,Link,DE0 5,electricity distribution grid,760912717.38302
capital,Link,DE0 5,gas DRI,1680.40509
capital,Link,DE0 5,gas pipeline,17413353.45327
capital,Link,DE0 5,heat100-200 industry electric boiler steam,318.3775
capital,Link,DE0 5,heat100-200 industry gas,10579182.59109
capital,Link,DE0 5,heat100-200 industry industrial heat pump high temperature,206806125.96786
capital,Link,DE0 5,heat100-200 industry solid biomass,692.66902
capital,Link,DE0 5,heat200-500 industry gas,956252.24951
capital,Link,DE0 5,heat200-500 industry hydrogen,52.26641
capital,Link,DE0 5,heat200-500 industry solid biomass,14392021.33445
capital,Link,DE0 5,heat<100 industry electric boiler steam,309.04553
capital,Link,DE0 5,heat<100 industry gas,7732852.82252
capital,Link,DE0 5,heat<100 industry industrial heat pump medium temperature,133130013.29392
capital,Link,DE0 5,heat<100 industry solid biomass,740.71838
capital,Link,DE0 5,heat>500 industry gas,2833447.48728
capital,Link,DE0 5,heat>500 industry hydrogen,111.19842
capital,Link,DE0 5,home battery charger,4301.93506
capital,Link,DE0 5,methanolisation,1982.75113
capital,Link,DE0 5,rural air heat pump,5866.80382
capital,Link,DE0 5,rural biomass boiler,234001503.84743
capital,Link,DE0 5,rural gas boiler,685422121.02907
capital,Link,DE0 5,rural ground heat pump,279745618.85551
capital,Link,DE0 5,rural resistive heater,21043681.88021
capital,Link,DE0 5,urban central air heat pump,104383381.95638
capital,Link,DE0 5,urban central gas CHP,1512.20887
capital,Link,DE0 5,urban central gas boiler,23731689.14018
capital,Link,DE0 5,urban central resistive heater,6417724.66731
capital,Link,DE0 5,urban central solid biomass CHP,245184606.97266
capital,Link,DE0 5,urban central solid biomass CHP CC,13103.85688
capital,Link,DE0 5,urban decentral air heat pump,109358790.56627
capital,Link,DE0 5,urban decentral biomass boiler,326041587.55027
capital,Link,DE0 5,urban decentral gas boiler,955020001.18809
capital,Link,DE0 5,urban decentral resistive heater,27636691.11722
capital,Link,DE0 5,waste CHP,7367.29754
capital,Link,DK0 0,CO2 pipeline,328073.26449
capital,Link,DK0 0,Combined-Cycle Gas,81231811.09773
capital,Link,DK0 0,DC,180332203.15189
capital,Link,DK0 0,H2 Electrolysis,1551038295.76125
capital,Link,DK0 0,Haber-Bosch,385338506.84943
capital,Link,DK0 0,Open-Cycle Gas,1330.56454
capital,Link,DK0 0,SMR,2060.38088
capital,Link,DK0 0,Sabatier,773.1905
capital,Link,DK0 0,battery charger,5785.43522
capital,Link,DK0 0,biogas to gas,170824760.22238
capital,Link,DK0 0,biomass to liquid,2819.84465
capital,Link,DK0 0,biomass-to-methanol,6181.78857
capital,Link,DK0 0,electricity distribution grid,231913216.86693
capital,Link,DK0 0,gas pipeline,42660271.15443
capital,Link,DK0 0,gas pipeline new,2603.861
capital,Link,DK0 0,heat100-200 industry electric boiler steam,339.10732
capital,Link,DK0 0,heat100-200 industry gas,1147263.0838
capital,Link,DK0 0,heat100-200 industry industrial heat pump high temperature,22424880.77745
capital,Link,DK0 0,heat100-200 industry solid biomass,1371.01842
capital,Link,DK0 0,heat200-500 industry gas,104860.19833
capital,Link,DK0 0,heat200-500 industry hydrogen,71.59084
capital,Link,DK0 0,heat200-500 industry solid biomass,1578797.6504
capital,Link,DK0 0,heat<100 industry electric boiler steam,342.20331
capital,Link,DK0 0,heat<100 industry gas,979806.52903
capital,Link,DK0 0,heat<100 industry industrial heat pump medium temperature,16866842.22023
capital,Link,DK0 0,heat<100 industry solid biomass,1549.56842
capital,Link,DK0 0,heat>500 industry gas,296167.07617
capital,Link,DK0 0,heat>500 industry hydrogen,149.42937
capital,Link,DK0 0,home battery charger,4623.25202
capital,Link,DK0 0,methanolisation,58518245.13282
capital,Link,DK0 0,rural air heat pump,9998.21432
capital,Link,DK0 0,rural biomass boiler,33101606.15028
capital,Link,DK0 0,rural gas boiler,21672343.61559
capital,Link,DK0 0,rural ground heat pump,157902625.41538
capital,Link,DK0 0,rural resistive heater,1066293.17863
capital,Link,DK0 0,urban central air heat pump,183333366.87268
capital,Link,DK0 0,urban central gas CHP,1496.33753
capital,Link,DK0 0,urban central gas boiler,26222564.93225
capital,Link,DK0 0,urban central resistive heater,2034443.82166
capital,Link,DK0 0,urban central solid biomass CHP,77832647.06462
capital,Link,DK0 0,urban central solid biomass CHP CC,26920.48396
capital,Link,DK0 0,urban decentral air heat pump,211827751.14368
capital,Link,DK0 0,urban decentral biomass boiler,166910189.34718
capital,Link,DK0 0,urban decentral gas boiler,109279741.89688
capital,Link,DK0 0,urban decentral resistive heater,9929010.48361
capital,Link,DK0 0,waste CHP,2930.27148
capital,Link,DK1 0,CO2 pipeline,80730642.69952
capital,Link,DK1 0,Combined-Cycle Gas,108770117.78421
capital,Link,DK1 0,DC,20024525.49238
capital,Link,DK1 0,H2 Electrolysis,1556180500.49179
capital,Link,DK1 0,Haber-Bosch,44435395.23537
capital,Link,DK1 0,Open-Cycle Gas,1327.86274
capital,Link,DK1 0,SMR,2073.63576
capital,Link,DK1 0,Sabatier,737.4
capital,Link,DK1 0,battery charger,5321.92504
capital,Link,DK1 0,biogas to gas,51225817.53049
capital,Link,DK1 0,biomass to liquid,1841.33714
capital,Link,DK1 0,biomass-to-methanol,2985.85125
capital,Link,DK1 0,electricity distribution grid,177810720.39491
capital,Link,DK1 0,heat100-200 industry electric boiler steam,389.94486
capital,Link,DK1 0,heat100-200 industry gas,502307.4384
capital,Link,DK1 0,heat100-200 industry industrial heat pump high temperature,9818677.77038
capital,Link,DK1 0,heat100-200 industry solid biomass,582.37267
capital,Link,DK1 0,heat200-500 industry gas,60816.96705
capital,Link,DK1 0,heat200-500 industry hydrogen,109.31302
capital,Link,DK1 0,heat200-500 industry solid biomass,916081.33672
capital,Link,DK1 0,heat<100 industry electric boiler steam,408.96607
capital,Link,DK1 0,heat<100 industry gas,458901.23339
capital,Link,DK1 0,heat<100 industry industrial heat pump medium temperature,7899989.2246
capital,Link,DK1 0,heat<100 industry solid biomass,605.54503
capital,Link,DK1 0,heat>500 industry gas,32258.59997
capital,Link,DK1 0,heat>500 industry hydrogen,241.40427
capital,Link,DK1 0,home battery charger,6359.85523
capital,Link,DK1 0,methanolisation,281257269.81842
capital,Link,DK1 0,rural air heat pump,10029.77499
capital,Link,DK1 0,rural biomass boiler,13346304.31157
capital,Link,DK1 0,rural gas boiler,8738116.56526
capital,Link,DK1 0,rural ground heat pump,84968894.59997
capital,Link,DK1 0,rural resistive heater,426957.19365
capital,Link,DK1 0,urban central air heat pump,114907699.97049
capital,Link,DK1 0,urban central gas CHP,1501.05951
capital,Link,DK1 0,urban central gas boiler,18788761.16474
capital,Link,DK1 0,urban central resistive heater,1664411.84519
capital,Link,DK1 0,urban central solid biomass CHP,2812.0308
capital,Link,DK1 0,urban central solid biomass CHP CC,3158.26119
capital,Link,DK1 0,urban decentral air heat pump,144104456.20353
capital,Link,DK1 0,urban decentral biomass boiler,115903953.03065
capital,Link,DK1 0,urban decentral gas boiler,75884846.34495
capital,Link,DK1 0,urban decentral resistive heater,7548645.27704
capital,Link,DK1 0,waste CHP,2820.39898
capital,Link,EE0 0,CO2 pipeline,10337.30811
capital,Link,EE0 0,Combined-Cycle Gas,22634248.81684
capital,Link,EE0 0,DC,45728772.79243
capital,Link,EE0 0,H2 Electrolysis,44004.38653
capital,Link,EE0 0,Haber-Bosch,5586.50011
capital,Link,EE0 0,Open-Cycle Gas,1333.39852
capital,Link,EE0 0,SMR,3539.38444
capital,Link,EE0 0,Sabatier,705.58093
capital,Link,EE0 0,battery charger,4403.23234
capital,Link,EE0 0,biogas to gas,29995778.71004
capital,Link,EE0 0,biomass to liquid,9094.05291
capital,Link,EE0 0,biomass-to-methanol,691391084.09117
capital,Link,EE0 0,electricity distribution grid,81517082.63464
capital,Link,EE0 0,gas pipeline new,1160082.58508
capital,Link,EE0 0,heat100-200 industry electric boiler steam,465.05353
capital,Link,EE0 0,heat100-200 industry gas,390686.41271
capital,Link,EE0 0,heat100-200 industry industrial heat pump high temperature,7619980.29305
capital,Link,EE0 0,heat100-200 industry solid biomass,15390.561
capital,Link,EE0 0,heat200-500 industry gas,25174.61785
capital,Link,EE0 0,heat200-500 industry hydrogen,61.24921
capital,Link,EE0 0,heat200-500 industry solid biomass,379762.50143
capital,Link,EE0 0,heat<100 industry electric boiler steam,496.26278
capital,Link,EE0 0,heat<100 industry gas,353475.48741
capital,Link,EE0 0,heat<100 industry industrial heat pump medium temperature,5534266.1088
capital,Link,EE0 0,heat<100 industry solid biomass,516294.15936
capital,Link,EE0 0,heat>500 industry gas,36457.90065
capital,Link,EE0 0,heat>500 industry hydrogen,172.50436
capital,Link,EE0 0,home battery charger,6388.08981
capital,Link,EE0 0,methanolisation,8018.56557
capital,Link,EE0 0,rural air heat pump,3701.8312
capital,Link,EE0 0,rural biomass boiler,116113701.34955
capital,Link,EE0 0,rural gas boiler,8170029.12065
capital,Link,EE0 0,rural ground heat pump,81582030.4435
capital,Link,EE0 0,rural resistive heater,1113109.21745
capital,Link,EE0 0,urban central air heat pump,8137.6475
capital,Link,EE0 0,urban central gas CHP,1485.22535
capital,Link,EE0 0,urban central gas boiler,7744091.53255
capital,Link,EE0 0,urban central resistive heater,2527924.83443
capital,Link,EE0 0,urban central solid biomass CHP,90196406.06554
capital,Link,EE0 0,urban central solid biomass CHP CC,22075070.74003
capital,Link,EE0 0,urban decentral air heat pump,79927907.86899
capital,Link,EE0 0,urban decentral biomass boiler,120646504.9343
capital,Link,EE0 0,urban decentral gas boiler,8488967.68565
capital,Link,EE0 0,urban decentral resistive heater,3344087.35282
capital,Link,EE0 0,waste CHP,2620.59832
capital,Link,ES0 0,CO2 pipeline,18641.30323
capital,Link,ES0 0,Combined-Cycle Gas,1990311493.87555
capital,Link,ES0 0,DC,22990955.73546
capital,Link,ES0 0,EAF,2001.84707
capital,Link,ES0 0,H2 DRI,1667.56313
capital,Link,ES0 0,H2 Electrolysis,111156.74002
capital,Link,ES0 0,Haber-Bosch,20595.30151
capital,Link,ES0 0,Open-Cycle Gas,1336.66848
capital,Link,ES0 0,SMR,5239.15448
capital,Link,ES0 0,Sabatier,738.02663
capital,Link,ES0 0,battery charger,476062287.71092
capital,Link,ES0 0,biogas to gas,481205687.42342
capital,Link,ES0 0,biomass to liquid,1992.11709
capital,Link,ES0 0,biomass-to-methanol,3953.76109
capital,Link,ES0 0,electricity distribution grid,2200075366.39451
capital,Link,ES0 0,gas DRI,1747.53753
capital,Link,ES0 0,gas pipeline,16166939.51152
capital,Link,ES0 0,gas pipeline new,2586.1784
capital,Link,ES0 0,heat100-200 industry electric boiler steam,413.90827
capital,Link,ES0 0,heat100-200 industry gas,20414215.69699
capital,Link,ES0 0,heat100-200 industry industrial heat pump high temperature,399066046.86018
capital,Link,ES0 0,heat100-200 industry solid biomass,802.79244
capital,Link,ES0 0,heat200-500 industry gas,2176696.64753
capital,Link,ES0 0,heat200-500 industry hydrogen,64.82176
capital,Link,ES0 0,heat200-500 industry solid biomass,32760192.77902
capital,Link,ES0 0,heat<100 industry electric boiler steam,337.99939
capital,Link,ES0 0,heat<100 industry gas,6312811.92826
capital,Link,ES0 0,heat<100 industry industrial heat pump medium temperature,108681786.94566
capital,Link,ES0 0,heat<100 industry solid biomass,755.34206
capital,Link,ES0 0,heat>500 industry gas,6127863.71437
capital,Link,ES0 0,heat>500 industry hydrogen,157.7314
capital,Link,ES0 0,home battery charger,4506.12811
capital,Link,ES0 0,methanolisation,13894.95087
capital,Link,ES0 0,rural air heat pump,8085.98811
capital,Link,ES0 0,rural biomass boiler,150348546.93644
capital,Link,ES0 0,rural gas boiler,343717956.87443
capital,Link,ES0 0,rural ground heat pump,1082308437.63166
capital,Link,ES0 0,rural resistive heater,64678109.25957
capital,Link,ES0 0,urban central air heat pump,60878814.79012
capital,Link,ES0 0,urban central gas CHP,1556.74385
capital,Link,ES0 0,urban central gas boiler,15132154.21132
capital,Link,ES0 0,urban central resistive heater,3604306.75808
capital,Link,ES0 0,urban central solid biomass CHP,249007158.28664
capital,Link,ES0 0,urban central solid biomass CHP CC,7360.85804
capital,Link,ES0 0,urban decentral air heat pump,170033225.87743
capital,Link,ES0 0,urban decentral biomass boiler,401748551.47694
capital,Link,ES0 0,urban decentral gas boiler,918453780.26362
capital,Link,ES0 0,urban decentral resistive heater,170540523.55787
capital,Link,ES0 0,waste CHP,5840.11446
capital,Link,ES6 0,Combined-Cycle Gas,972176850.48881
capital,Link,ES6 0,H2 Electrolysis,91265145.35085
capital,Link,ES6 0,Haber-Bosch,42241064.94169
capital,Link,ES6 0,Open-Cycle Gas,1327.68054
capital,Link,ES6 0,SMR,2057.81787
capital,Link,ES6 0,Sabatier,728.36886
capital,Link,ES6 0,battery charger,4431.24388
capital,Link,ES6 0,biogas to gas,2786315.65902
capital,Link,ES6 0,biomass to liquid,2101.98808
capital,Link,ES6 0,biomass-to-methanol,3880.95145
capital,Link,ES6 0,electricity distribution grid,84847561.00959
capital,Link,ES6 0,gas pipeline,10706829.76057
capital,Link,ES6 0,gas pipeline new,498272.35557
capital,Link,ES6 0,heat100-200 industry electric boiler steam,585.4625
capital,Link,ES6 0,heat100-200 industry gas,179860.41223
capital,Link,ES6 0,heat100-200 industry industrial heat pump high temperature,3514477.02252
capital,Link,ES6 0,heat100-200 industry solid biomass,1041.15069
capital,Link,ES6 0,heat200-500 industry gas,16783.66006
capital,Link,ES6 0,heat200-500 industry hydrogen,89.45162
capital,Link,ES6 0,heat200-500 industry solid biomass,253442.89027
capital,Link,ES6 0,heat<100 industry electric boiler steam,714.83734
capital,Link,ES6 0,heat<100 industry gas,62016.82952
capital,Link,ES6 0,heat<100 industry industrial heat pump medium temperature,1066561.4543
capital,Link,ES6 0,heat<100 industry solid biomass,1117.62501
capital,Link,ES6 0,heat>500 industry gas,15399.23136
capital,Link,ES6 0,heat>500 industry hydrogen,259.13071
capital,Link,ES6 0,home battery charger,12541.63381
capital,Link,ES6 0,methanolisation,15598.61307
capital,Link,ES6 0,rural air heat pump,15705.51643
capital,Link,ES6 0,rural biomass boiler,2284593.40544
capital,Link,ES6 0,rural gas boiler,5222902.33998
capital,Link,ES6 0,rural ground heat pump,7960722.49114
capital,Link,ES6 0,rural resistive heater,980358.64331
capital,Link,ES6 0,urban central air heat pump,712834.33111
capital,Link,ES6 0,urban central gas CHP,1473.55195
capital,Link,ES6 0,urban central gas boiler,696479.37808
capital,Link,ES6 0,urban central resistive heater,93160.54124
capital,Link,ES6 0,urban central solid biomass CHP,3613.52217
capital,Link,ES6 0,urban central solid biomass CHP CC,3923.71469
capital,Link,ES6 0,urban decentral air heat pump,6071393.9728
capital,Link,ES6 0,urban decentral biomass boiler,16331849.79431
capital,Link,ES6 0,urban decentral gas boiler,37336909.18644
capital,Link,ES6 0,urban decentral resistive heater,6936716.13907
capital,Link,ES6 0,waste CHP,2387.30593
capital,Link,EU,BOF,15784834272.98449
capital,Link,EU,OCGT methanol,65671.679
capital,Link,EU,ammonia cracker,73632.14088
capital,Link,EU,coal,20296301618.65676
capital,Link,EU,lignite,17957039788.66767
capital,Link,EU,nuclear,76509097852.66687
capital,Link,EU,oil,70398.45935
capital,Link,EU,rural oil boiler,1283100906.1847
capital,Link,EU,urban decentral oil boiler,2788316961.51102
capital,Link,FI1 0,CO2 pipeline,27199877.49257
capital,Link,FI1 0,Combined-Cycle Gas,283933839.36577
capital,Link,FI1 0,DC,39460326.07501
capital,Link,FI1 0,EAF,1921.05408
capital,Link,FI1 0,H2 DRI,1630.89654
capital,Link,FI1 0,H2 Electrolysis,485765.25317
capital,Link,FI1 0,Haber-Bosch,19726.95425
capital,Link,FI1 0,Open-Cycle Gas,1331.3304
capital,Link,FI1 0,SMR,2528.93244
capital,Link,FI1 0,Sabatier,752.06324
capital,Link,FI1 0,battery charger,4121.24677
capital,Link,FI1 0,biogas to gas,79629518.06025
capital,Link,FI1 0,biomass to liquid,2629.51188
capital,Link,FI1 0,biomass-to-methanol,6415.56541
capital,Link,FI1 0,electricity distribution grid,825043489.5804
capital,Link,FI1 0,gas DRI,1686.99987
capital,Link,FI1 0,heat100-200 industry electric boiler steam,418.26467
capital,Link,FI1 0,heat100-200 industry gas,1643345.45674
capital,Link,FI1 0,heat100-200 industry industrial heat pump high temperature,32122754.78041
capital,Link,FI1 0,heat100-200 industry solid biomass,1291.00833
capital,Link,FI1 0,heat200-500 industry gas,316646.94417
capital,Link,FI1 0,heat200-500 industry hydrogen,61.55031
capital,Link,FI1 0,heat200-500 industry solid biomass,4766174.21701
capital,Link,FI1 0,heat<100 industry electric boiler steam,439.87483
capital,Link,FI1 0,heat<100 industry gas,8594803.46414
capital,Link,FI1 0,heat<100 industry industrial heat pump medium temperature,147969264.57249
capital,Link,FI1 0,heat<100 industry solid biomass,1111.01395
capital,Link,FI1 0,heat>500 industry gas,302462.72697
capital,Link,FI1 0,heat>500 industry hydrogen,116.7989
capital,Link,FI1 0,home battery charger,6789.19177
capital,Link,FI1 0,methanolisation,113006.58296
capital,Link,FI1 0,rural air heat pump,3966.18673
capital,Link,FI1 0,rural biomass boiler,177969373.67851
capital,Link,FI1 0,rural gas boiler,4916.18087
capital,Link,FI1 0,rural ground heat pump,489134538.44413
capital,Link,FI1 0,rural resistive heater,20778271.39532
capital,Link,FI1 0,urban central air heat pump,4752863.08546
capital,Link,FI1 0,urban central gas CHP,1493.669
capital,Link,FI1 0,urban central gas boiler,65429881.58927
capital,Link,FI1 0,urban central resistive heater,21694661.62893
capital,Link,FI1 0,urban central solid biomass CHP,598833152.48768
capital,Link,FI1 0,urban central solid biomass CHP CC,163314194.25234
capital,Link,FI1 0,urban decentral air heat pump,728179124.6562
capital,Link,FI1 0,urban decentral biomass boiler,607077252.34148
capital,Link,FI1 0,urban decentral gas boiler,4791.09361
capital,Link,FI1 0,urban decentral resistive heater,82029744.60566
capital,Link,FI1 0,waste CHP,3489.37341
capital,Link,FR0 0,CO2 pipeline,38742.08481
capital,Link,FR0 0,Combined-Cycle Gas,373569539.54834
capital,Link,FR0 0,EAF,2066.86884
capital,Link,FR0 0,H2 DRI,1681.43515
capital,Link,FR0 0,H2 Electrolysis,117145.54496
capital,Link,FR0 0,Haber-Bosch,26809.67847
capital,Link,FR0 0,Open-Cycle Gas,1328.65933
capital,Link,FR0 0,SMR,6485.05324
capital,Link,FR0 0,Sabatier,709.87664
capital,Link,FR0 0,battery charger,4761.33656
capital,Link,FR0 0,biogas to gas,367822320.66177
capital,Link,FR0 0,biomass to liquid,1969.13038
capital,Link,FR0 0,biomass-to-methanol,3586.79811
capital,Link,FR0 0,electricity distribution grid,1808439022.10055
capital,Link,FR0 0,gas DRI,1808.00406
capital,Link,FR0 0,gas pipeline,68453861.2305
capital,Link,FR0 0,heat100-200 industry electric boiler steam,369.37975
capital,Link,FR0 0,heat100-200 industry gas,9593185.91482
capital,Link,FR0 0,heat100-200 industry industrial heat pump high temperature,187531670.09287
capital,Link,FR0 0,heat100-200 industry solid biomass,574.23453
capital,Link,FR0 0,heat200-500 industry gas,866076.29953
capital,Link,FR0 0,heat200-500 industry hydrogen,54.2301
capital,Link,FR0 0,heat200-500 industry solid biomass,13034931.92548
capital,Link,FR0 0,heat<100 industry electric boiler steam,363.92941
capital,Link,FR0 0,heat<100 industry gas,6740660.02325
capital,Link,FR0 0,heat<100 industry industrial heat pump medium temperature,116048385.33127
capital,Link,FR0 0,heat<100 industry solid biomass,564.85123
capital,Link,FR0 0,heat>500 industry gas,2051269.07586
capital,Link,FR0 0,heat>500 industry hydrogen,115.51689
capital,Link,FR0 0,home battery charger,14481.24029
capital,Link,FR0 0,methanolisation,14488.94869
capital,Link,FR0 0,rural air heat pump,7265.14364
capital,Link,FR0 0,rural biomass boiler,136134288.19701
capital,Link,FR0 0,rural gas boiler,167895791.40835
capital,Link,FR0 0,rural ground heat pump,601127417.72637
capital,Link,FR0 0,rural resistive heater,25213091.57742
capital,Link,FR0 0,urban central air heat pump,198652382.58623
capital,Link,FR0 0,urban central gas CHP,1642.8461
capital,Link,FR0 0,urban central gas boiler,71396066.39727
capital,Link,FR0 0,urban central resistive heater,12056623.95079
capital,Link,FR0 0,urban central solid biomass CHP,429970487.39055
capital,Link,FR0 0,urban central solid biomass CHP CC,5350.57192
capital,Link,FR0 0,urban decentral air heat pump,2449002778.06451
capital,Link,FR0 0,urban decentral biomass boiler,980162562.94722
capital,Link,FR0 0,urban decentral gas boiler,1208844380.01913
capital,Link,FR0 0,urban decentral resistive heater,188555766.91696
capital,Link,FR0 0,waste CHP,6784.67777
capital,Link,FR0 1,CO2 pipeline,11055.05111
capital,Link,FR0 1,Combined-Cycle Gas,245413770.96484
capital,Link,FR0 1,EAF,2002.48428
capital,Link,FR0 1,H2 DRI,1642.80219
capital,Link,FR0 1,H2 Electrolysis,52074.35312
capital,Link,FR0 1,Haber-Bosch,8520.1117
capital,Link,FR0 1,Open-Cycle Gas,1329.83852
capital,Link,FR0 1,SMR,3462.0774
capital,Link,FR0 1,Sabatier,724.96263
capital,Link,FR0 1,battery charger,5233.35581
capital,Link,FR0 1,biogas to gas,99603326.601
capital,Link,FR0 1,biomass to liquid,2007.3678
capital,Link,FR0 1,biomass-to-methanol,3608.64452
capital,Link,FR0 1,electricity distribution grid,1081248896.6155
capital,Link,FR0 1,gas DRI,1772.57256
capital,Link,FR0 1,gas pipeline,21926857.87791
capital,Link,FR0 1,heat100-200 industry electric boiler steam,335.77393
capital,Link,FR0 1,heat100-200 industry gas,6312812.19895
capital,Link,FR0 1,heat100-200 industry industrial heat pump high temperature,123404603.4519
capital,Link,FR0 1,heat100-200 industry solid biomass,575.2581
capital,Link,FR0 1,heat200-500 industry gas,639646.15944
capital,Link,FR0 1,heat200-500 industry hydrogen,56.09083
capital,Link,FR0 1,heat200-500 industry solid biomass,9626414.56672
capital,Link,FR0 1,heat<100 industry electric boiler steam,338.78677
capital,Link,FR0 1,heat<100 industry gas,4843112.58025
capital,Link,FR0 1,heat<100 industry industrial heat pump medium temperature,83379589.81553
capital,Link,FR0 1,heat<100 industry solid biomass,593.75258
capital,Link,FR0 1,heat>500 industry gas,1940127.8031
capital,Link,FR0 1,heat>500 industry hydrogen,117.15812
capital,Link,FR0 1,home battery charger,9526.38753
capital,Link,FR0 1,methanolisation,6732.11501
capital,Link,FR0 1,rural air heat pump,7660.05761
capital,Link,FR0 1,rural biomass boiler,112752538.95144
capital,Link,FR0 1,rural gas boiler,139058844.11102
capital,Link,FR0 1,rural ground heat pump,417292916.17161
capital,Link,FR0 1,rural resistive heater,21567320.47554
capital,Link,FR0 1,urban central air heat pump,84424418.92381
capital,Link,FR0 1,urban central gas CHP,1586.99071
capital,Link,FR0 1,urban central gas boiler,26122511.93668
capital,Link,FR0 1,urban central resistive heater,4963465.64586
capital,Link,FR0 1,urban central solid biomass CHP,323740692.46854
capital,Link,FR0 1,urban central solid biomass CHP CC,5658.90507
capital,Link,FR0 1,urban decentral air heat pump,1233200384.96077
capital,Link,FR0 1,urban decentral biomass boiler,470247529.49717
capital,Link,FR0 1,urban decentral gas boiler,579961023.54824
capital,Link,FR0 1,urban decentral resistive heater,90236433.36518
capital,Link,FR0 1,waste CHP,7081.90948
capital,Link,FR0 2,CO2 pipeline,7986.31423
capital,Link,FR0 2,Combined-Cycle Gas,17206218.11935
capital,Link,FR0 2,DC,78516758.93583
capital,Link,FR0 2,H2 Electrolysis,43307.89527
capital,Link,FR0 2,Haber-Bosch,7050.30114
capital,Link,FR0 2,Open-Cycle Gas,1330.21713
capital,Link,FR0 2,SMR,4352.62341
capital,Link,FR0 2,Sabatier,712.22401
capital,Link,FR0 2,battery charger,4927.54917
capital,Link,FR0 2,biogas to gas,180583763.91473
capital,Link,FR0 2,biomass to liquid,7429.39007
capital,Link,FR0 2,biomass-to-methanol,125364.16869
capital,Link,FR0 2,electricity distribution grid,750836289.88081
capital,Link,FR0 2,gas pipeline,64004471.04187
capital,Link,FR0 2,heat100-200 industry electric boiler steam,331.8111
capital,Link,FR0 2,heat100-200 industry gas,3534667.8197
capital,Link,FR0 2,heat100-200 industry industrial heat pump high temperature,4517663.20473
capital,Link,FR0 2,heat100-200 industry solid biomass,53038708.86142
capital,Link,FR0 2,heat200-500 industry gas,320841.29567
capital,Link,FR0 2,heat200-500 industry hydrogen,47.93176
capital,Link,FR0 2,heat200-500 industry solid biomass,4829316.0573
capital,Link,FR0 2,heat<100 industry electric boiler steam,321.83505
capital,Link,FR0 2,heat<100 industry gas,2232438.52873
capital,Link,FR0 2,heat<100 industry industrial heat pump medium temperature,8458.96194
capital,Link,FR0 2,heat<100 industry solid biomass,35833698.40767
capital,Link,FR0 2,heat>500 industry gas,843412.62385
capital,Link,FR0 2,heat>500 industry hydrogen,109.67147
capital,Link,FR0 2,home battery charger,13407.95249
capital,Link,FR0 2,methanolisation,6870.45857
capital,Link,FR0 2,rural air heat pump,7085.02439
capital,Link,FR0 2,rural biomass boiler,327709430.24644
capital,Link,FR0 2,rural gas boiler,404167347.34442
capital,Link,FR0 2,rural ground heat pump,802801478.65976
capital,Link,FR0 2,rural resistive heater,65959856.61484
capital,Link,FR0 2,urban central air heat pump,7336.91333
capital,Link,FR0 2,urban central gas CHP,1606.79372
capital,Link,FR0 2,urban central gas boiler,13047233.75303
capital,Link,FR0 2,urban central resistive heater,3119320.81411
capital,Link,FR0 2,urban central solid biomass CHP,221199700.94632
capital,Link,FR0 2,urban central solid biomass CHP CC,136917.8193
capital,Link,FR0 2,urban decentral air heat pump,868923968.95568
capital,Link,FR0 2,urban decentral biomass boiler,217137873.43189
capital,Link,FR0 2,urban decentral gas boiler,267798330.51181
capital,Link,FR0 2,urban decentral resistive heater,40479570.57233
capital,Link,FR0 2,waste CHP,2959.85431
capital,Link,FR0 3,CO2 pipeline,13438.01432
capital,Link,FR0 3,Combined-Cycle Gas,169652160.84285
capital,Link,FR0 3,DC,49492073.28417
capital,Link,FR0 3,H2 Electrolysis,221123863.86787
capital,Link,FR0 3,Haber-Bosch,102330180.48284
capital,Link,FR0 3,Open-Cycle Gas,1332.0349
capital,Link,FR0 3,SMR,17129.11175
capital,Link,FR0 3,Sabatier,695.2098
capital,Link,FR0 3,battery charger,4744.0273
capital,Link,FR0 3,biogas to gas,409102388.50421
capital,Link,FR0 3,biomass to liquid,2183.91663
capital,Link,FR0 3,biomass-to-methanol,4000.86947
capital,Link,FR0 3,electricity distribution grid,776500877.23769
capital,Link,FR0 3,gas pipeline,21884890.96173
capital,Link,FR0 3,heat100-200 industry electric boiler steam,354.38716
capital,Link,FR0 3,heat100-200 industry gas,3435454.49337
capital,Link,FR0 3,heat100-200 industry industrial heat pump high temperature,67156888.26554
capital,Link,FR0 3,heat100-200 industry solid biomass,658.09807
capital,Link,FR0 3,heat200-500 industry gas,289397.45384
capital,Link,FR0 3,heat200-500 industry hydrogen,62.73828
capital,Link,FR0 3,heat200-500 industry solid biomass,4355881.72705
capital,Link,FR0 3,heat<100 industry electric boiler steam,356.53936
capital,Link,FR0 3,heat<100 industry gas,2536296.44098
capital,Link,FR0 3,heat<100 industry industrial heat pump medium temperature,43664439.52381
capital,Link,FR0 3,heat<100 industry solid biomass,722.26783
capital,Link,FR0 3,heat>500 industry gas,753247.27401
capital,Link,FR0 3,heat>500 industry hydrogen,110.33601
capital,Link,FR0 3,home battery charger,17023.88871
capital,Link,FR0 3,methanolisation,47233.28045
capital,Link,FR0 3,rural air heat pump,8055.27705
capital,Link,FR0 3,rural biomass boiler,108854511.3977
capital,Link,FR0 3,rural gas boiler,134251367.39274
capital,Link,FR0 3,rural ground heat pump,368057007.65741
capital,Link,FR0 3,rural resistive heater,20897095.88863
capital,Link,FR0 3,urban central air heat pump,49096212.43217
capital,Link,FR0 3,urban central gas CHP,1637.50475
capital,Link,FR0 3,urban central gas boiler,28650980.43678
capital,Link,FR0 3,urban central resistive heater,5686270.87507
capital,Link,FR0 3,urban central solid biomass CHP,196769965.87277
capital,Link,FR0 3,urban central solid biomass CHP CC,5793.63082
capital,Link,FR0 3,urban decentral air heat pump,1099350099.61526
capital,Link,FR0 3,urban decentral biomass boiler,415638409.3504
capital,Link,FR0 3,urban decentral gas boiler,512611044.59299
capital,Link,FR0 3,urban decentral resistive heater,79156946.60764
capital,Link,FR0 3,waste CHP,4606.77833
capital,Link,FR0 4,CO2 pipeline,33349.51806
capital,Link,FR0 4,Combined-Cycle Gas,128156320.09825
capital,Link,FR0 4,H2 Electrolysis,47600014.93263
capital,Link,FR0 4,Haber-Bosch,191380.55701
capital,Link,FR0 4,Open-Cycle Gas,1326.68092
capital,Link,FR0 4,SMR,638259.27966
capital,Link,FR0 4,Sabatier,736.66903
capital,Link,FR0 4,battery charger,5175.34989
capital,Link,FR0 4,biogas to gas,154996013.20383
capital,Link,FR0 4,biomass to liquid,7071.78332
capital,Link,FR0 4,biomass-to-methanol,55718.51481
capital,Link,FR0 4,electricity distribution grid,563089282.71245
capital,Link,FR0 4,gas pipeline,93289786.40961
capital,Link,FR0 4,heat100-200 industry electric boiler steam,342.24135
capital,Link,FR0 4,heat100-200 industry gas,4979545.6414
capital,Link,FR0 4,heat100-200 industry industrial heat pump high temperature,97334523.11234
capital,Link,FR0 4,heat100-200 industry solid biomass,6937.32833
capital,Link,FR0 4,heat200-500 industry gas,390053.43773
capital,Link,FR0 4,heat200-500 industry hydrogen,47.86164
capital,Link,FR0 4,heat200-500 industry solid biomass,5870782.96324
capital,Link,FR0 4,heat<100 industry electric boiler steam,338.97506
capital,Link,FR0 4,heat<100 industry gas,3348645.38609
capital,Link,FR0 4,heat<100 industry industrial heat pump medium temperature,41724134.93824
capital,Link,FR0 4,heat<100 industry solid biomass,14854143.93489
capital,Link,FR0 4,heat>500 industry gas,1407495.30788
capital,Link,FR0 4,heat>500 industry hydrogen,112.40398
capital,Link,FR0 4,home battery charger,9850.16831
capital,Link,FR0 4,methanolisation,10773371.98572
capital,Link,FR0 4,rural air heat pump,6682.82909
capital,Link,FR0 4,rural biomass boiler,171871655.89474
capital,Link,FR0 4,rural gas boiler,211971047.62725
capital,Link,FR0 4,rural ground heat pump,470572671.17125
capital,Link,FR0 4,rural resistive heater,34403734.46889
capital,Link,FR0 4,urban central air heat pump,4967.96437
capital,Link,FR0 4,urban central gas CHP,1561.59132
capital,Link,FR0 4,urban central gas boiler,9104262.14733
capital,Link,FR0 4,urban central resistive heater,2446649.95389
capital,Link,FR0 4,urban central solid biomass CHP,179764299.03889
capital,Link,FR0 4,urban central solid biomass CHP CC,16639454.42719
capital,Link,FR0 4,urban decentral air heat pump,619542782.7498
capital,Link,FR0 4,urban decentral biomass boiler,177380645.52345
capital,Link,FR0 4,urban decentral gas boiler,218765340.12934
capital,Link,FR0 4,urban decentral resistive heater,33657857.4612
capital,Link,FR0 4,waste CHP,2875.29398
capital,Link,FR5 0,CO2 pipeline,5552.39974
capital,Link,FR5 0,Combined-Cycle Gas,24206089.56502
capital,Link,FR5 0,DC,11220855.84172
capital,Link,FR5 0,H2 Electrolysis,23316.94156
capital,Link,FR5 0,Haber-Bosch,3937.15779
capital,Link,FR5 0,Open-Cycle Gas,1338.31871
capital,Link,FR5 0,SMR,3781.70526
capital,Link,FR5 0,Sabatier,671.642
capital,Link,FR5 0,battery charger,19840376.01868
capital,Link,FR5 0,biogas to gas,1972286.26799
capital,Link,FR5 0,biomass to liquid,1937.2447
capital,Link,FR5 0,biomass-to-methanol,3534.48604
capital,Link,FR5 0,electricity distribution grid,40485702.27332
capital,Link,FR5 0,gas pipeline new,9449083.76445
capital,Link,FR5 0,heat100-200 industry electric boiler steam,442.24329
capital,Link,FR5 0,heat100-200 industry gas,55817.4583
capital,Link,FR5 0,heat100-200 industry industrial heat pump high temperature,1089899.3741
capital,Link,FR5 0,heat100-200 industry solid biomass,1274.87401
capital,Link,FR5 0,heat200-500 industry gas,6299.47979
capital,Link,FR5 0,heat200-500 industry hydrogen,81.43276
capital,Link,FR5 0,heat200-500 industry solid biomass,95495.14331
capital,Link,FR5 0,heat<100 industry electric boiler steam,465.6429
capital,Link,FR5 0,heat<100 industry gas,43426.96771
capital,Link,FR5 0,heat<100 industry industrial heat pump medium temperature,746291.0818
capital,Link,FR5 0,heat<100 industry solid biomass,1408.15738
capital,Link,FR5 0,heat>500 industry gas,2305.81734
capital,Link,FR5 0,heat>500 industry hydrogen,207.71608
capital,Link,FR5 0,home battery charger,131065.36718
capital,Link,FR5 0,methanolisation,2923.80744
capital,Link,FR5 0,rural air heat pump,11557.66925
capital,Link,FR5 0,rural biomass boiler,19552049.29846
capital,Link,FR5 0,rural gas boiler,24113739.70582
capital,Link,FR5 0,rural ground heat pump,42706540.5823
capital,Link,FR5 0,rural resistive heater,3995271.89797
capital,Link,FR5 0,urban decentral air heat pump,1906.05621
capital,Link,FR5 0,urban decentral biomass boiler,1514.94234
capital,Link,FR5 0,urban decentral gas boiler,1431.77511
capital,Link,FR5 0,urban decentral resistive heater,1556.1987
capital,Link,FR5 0,waste CHP,1777.81916
capital,Link,GB2 0,CO2 pipeline,167227.11853
capital,Link,GB2 0,Combined-Cycle Gas,521404495.24698
capital,Link,GB2 0,DC,21181658.5042
capital,Link,GB2 0,H2 Electrolysis,1296339740.57218
capital,Link,GB2 0,Haber-Bosch,412288844.82214
capital,Link,GB2 0,Open-Cycle Gas,1331.30902
capital,Link,GB2 0,SMR,2291.76464
capital,Link,GB2 0,Sabatier,796.30463
capital,Link,GB2 0,battery charger,5076.82948
capital,Link,GB2 0,biogas to gas,365383170.01956
capital,Link,GB2 0,biomass to liquid,2716.35641
capital,Link,GB2 0,biomass-to-methanol,6270.18217
capital,Link,GB2 0,electricity distribution grid,1293427363.98448
capital,Link,GB2 0,gas pipeline,71839559.09284
capital,Link,GB2 0,gas pipeline new,2585.0203
capital,Link,GB2 0,heat100-200 industry electric boiler steam,387.72296
capital,Link,GB2 0,heat100-200 industry gas,9196339.5613
capital,Link,GB2 0,heat100-200 industry industrial heat pump high temperature,179772931.90218
capital,Link,GB2 0,heat100-200 industry solid biomass,963.6346
capital,Link,GB2 0,heat200-500 industry gas,901769.8182
capital,Link,GB2 0,heat200-500 industry hydrogen,57.1065
capital,Link,GB2 0,heat200-500 industry solid biomass,13571357.14922
capital,Link,GB2 0,heat<100 industry electric boiler steam,378.87235
capital,Link,GB2 0,heat<100 industry gas,6560840.35652
capital,Link,GB2 0,heat<100 industry industrial heat pump medium temperature,112951846.54953
capital,Link,GB2 0,heat<100 industry solid biomass,1038.49219
capital,Link,GB2 0,heat>500 industry gas,1566854.20555
capital,Link,GB2 0,heat>500 industry hydrogen,134.14625
capital,Link,GB2 0,home battery charger,4382.86658
capital,Link,GB2 0,methanolisation,8123004.1236
capital,Link,GB2 0,rural air heat pump,13751.75295
capital,Link,GB2 0,rural biomass boiler,14835335.98386
capital,Link,GB2 0,rural gas boiler,647217887.81018
capital,Link,GB2 0,rural ground heat pump,105795126.79205
capital,Link,GB2 0,rural resistive heater,31612347.9418
capital,Link,GB2 0,urban central air heat pump,18619924.63581
capital,Link,GB2 0,urban central gas CHP,1535.22327
capital,Link,GB2 0,urban central gas boiler,9293854.95933
capital,Link,GB2 0,urban central resistive heater,6610144.16797
capital,Link,GB2 0,urban central solid biomass CHP,207313587.77549
capital,Link,GB2 0,urban central solid biomass CHP CC,14896900.79105
capital,Link,GB2 0,urban decentral air heat pump,52148387.99803
capital,Link,GB2 0,urban decentral biomass boiler,43286723.60598
capital,Link,GB2 0,urban decentral gas boiler,1888460217.75071
capital,Link,GB2 0,urban decentral resistive heater,98239418.27392
capital,Link,GB2 0,waste CHP,3829.7566
capital,Link,GB2 1,CO2 pipeline,14097.947
capital,Link,GB2 1,Combined-Cycle Gas,2700240879.17979
capital,Link,GB2 1,DC,336043079.24158
capital,Link,GB2 1,EAF,1957.6044
capital,Link,GB2 1,H2 DRI,1638.14618
capital,Link,GB2 1,H2 Electrolysis,598325092.48333
capital,Link,GB2 1,Haber-Bosch,169918681.84543
capital,Link,GB2 1,Open-Cycle Gas,1331.72487
capital,Link,GB2 1,SMR,2380.60422
capital,Link,GB2 1,Sabatier,802.42866
capital,Link,GB2 1,battery charger,5231.21071
capital,Link,GB2 1,biogas to gas,572308332.24499
capital,Link,GB2 1,biomass to liquid,2146.81403
capital,Link,GB2 1,biomass-to-methanol,4440.36855
capital,Link,GB2 1,electricity distribution grid,2358220846.45196
capital,Link,GB2 1,gas DRI,1729.77201
capital,Link,GB2 1,gas pipeline,83822228.1183
capital,Link,GB2 1,heat100-200 industry electric boiler steam,388.16342
capital,Link,GB2 1,heat100-200 industry gas,10709403.85087
capital,Link,GB2 1,heat100-200 industry industrial heat pump high temperature,209351734.38886
capital,Link,GB2 1,heat100-200 industry solid biomass,672.09267
capital,Link,GB2 1,heat200-500 industry gas,1201583.72112
capital,Link,GB2 1,heat200-500 industry hydrogen,63.31944
capital,Link,GB2 1,heat200-500 industry solid biomass,18084508.8841
capital,Link,GB2 1,heat<100 industry electric boiler steam,349.23387
capital,Link,GB2 1,heat<100 industry gas,7794864.26404
capital,Link,GB2 1,heat<100 industry industrial heat pump medium temperature,134197113.92426
capital,Link,GB2 1,heat<100 industry solid biomass,1173.89567
capital,Link,GB2 1,heat>500 industry gas,740647.76953
capital,Link,GB2 1,heat>500 industry hydrogen,132.45059
capital,Link,GB2 1,home battery charger,4386.26371
capital,Link,GB2 1,methanolisation,40057.43083
capital,Link,GB2 1,rural air heat pump,8500.27682
capital,Link,GB2 1,rural biomass boiler,15075217.47212
capital,Link,GB2 1,rural gas boiler,657683143.89383
capital,Link,GB2 1,rural ground heat pump,57039432.00492
capital,Link,GB2 1,rural resistive heater,25832368.33665
capital,Link,GB2 1,urban central air heat pump,368850611.56842
capital,Link,GB2 1,urban central gas CHP,1543.95576
capital,Link,GB2 1,urban central gas boiler,38957232.02886
capital,Link,GB2 1,urban central resistive heater,20729619.43561
capital,Link,GB2 1,urban central solid biomass CHP,192622602.99393
capital,Link,GB2 1,urban central solid biomass CHP CC,18886.05869
capital,Link,GB2 1,urban decentral air heat pump,124219701.64244
capital,Link,GB2 1,urban decentral biomass boiler,119606481.90485
capital,Link,GB2 1,urban decentral gas boiler,5218045258.36705
capital,Link,GB2 1,urban decentral resistive heater,200839593.51265
capital,Link,GB2 1,waste CHP,5613.87745
capital,Link,GB3 0,CO2 pipeline,7691.63749
capital,Link,GB3 0,Combined-Cycle Gas,366810905.83242
capital,Link,GB3 0,DC,16041627.32214
capital,Link,GB3 0,H2 Electrolysis,59480348.60047
capital,Link,GB3 0,Haber-Bosch,32137.83243
capital,Link,GB3 0,Open-Cycle Gas,1332.65486
capital,Link,GB3 0,SMR,2519.65698
capital,Link,GB3 0,Sabatier,786.72215
capital,Link,GB3 0,battery charger,5219.62381
capital,Link,GB3 0,biogas to gas,61848694.79576
capital,Link,GB3 0,biomass to liquid,8728.311
capital,Link,GB3 0,biomass-to-methanol,1204357.65988
capital,Link,GB3 0,electricity distribution grid,115874166.46037
capital,Link,GB3 0,gas pipeline,6485038.20645
capital,Link,GB3 0,gas pipeline new,2599.50465
capital,Link,GB3 0,heat100-200 industry electric boiler steam,331.54743
capital,Link,GB3 0,heat100-200 industry gas,471302.3511
capital,Link,GB3 0,heat100-200 industry industrial heat pump high temperature,9115216.23838
capital,Link,GB3 0,heat100-200 industry solid biomass,82725.16439
capital,Link,GB3 0,heat200-500 industry gas,54528.66828
capital,Link,GB3 0,heat200-500 industry hydrogen,68.37738
capital,Link,GB3 0,heat200-500 industry solid biomass,821390.81643
capital,Link,GB3 0,heat<100 industry electric boiler steam,357.00837
capital,Link,GB3 0,heat<100 industry gas,353475.48868
capital,Link,GB3 0,heat<100 industry industrial heat pump medium temperature,18590.40833
capital,Link,GB3 0,heat<100 industry solid biomass,5659555.33675
capital,Link,GB3 0,heat>500 industry gas,53168.76077
capital,Link,GB3 0,heat>500 industry hydrogen,218.86701
capital,Link,GB3 0,home battery charger,4397.5786
capital,Link,GB3 0,methanolisation,12404403.1331
capital,Link,GB3 0,rural air heat pump,13708.04836
capital,Link,GB3 0,rural biomass boiler,3526067.39012
capital,Link,GB3 0,rural gas boiler,153830954.08085
capital,Link,GB3 0,rural ground heat pump,21626620.10998
capital,Link,GB3 0,rural resistive heater,7165989.24762
capital,Link,GB3 0,urban central air heat pump,4669.16379
capital,Link,GB3 0,urban central gas CHP,1553.68359
capital,Link,GB3 0,urban central gas boiler,379454.13713
capital,Link,GB3 0,urban central resistive heater,156151.18618
capital,Link,GB3 0,urban central solid biomass CHP,4679900.34221
capital,Link,GB3 0,urban central solid biomass CHP CC,19267513.25505
capital,Link,GB3 0,urban decentral air heat pump,4196199.84437
capital,Link,GB3 0,urban decentral biomass boiler,1620567.17355
capital,Link,GB3 0,urban decentral gas boiler,70700121.94257
capital,Link,GB3 0,urban decentral resistive heater,3550365.73369
capital,Link,GB3 0,waste CHP,2451.37525
capital,Link,GR0 0,CO2 pipeline,6664.31859
capital,Link,GR0 0,Combined-Cycle Gas,812212941.31806
capital,Link,GR0 0,H2 Electrolysis,22780.54514
capital,Link,GR0 0,Haber-Bosch,3597.76928
capital,Link,GR0 0,Open-Cycle Gas,1334.00007
capital,Link,GR0 0,SMR,3085.0878
capital,Link,GR0 0,Sabatier,708.04682
capital,Link,GR0 0,battery charger,91553356.37242
capital,Link,GR0 0,biogas to gas,80720199.52434
capital,Link,GR0 0,biomass to liquid,2263.09339
capital,Link,GR0 0,biomass-to-methanol,4162.76142
capital,Link,GR0 0,electricity distribution grid,420187946.72038
capital,Link,GR0 0,gas pipeline new,17054.01224
capital,Link,GR0 0,heat100-200 industry electric boiler steam,347.06063
capital,Link,GR0 0,heat100-200 industry gas,1296110.82075
capital,Link,GR0 0,heat100-200 industry industrial heat pump high temperature,25334815.60995
capital,Link,GR0 0,heat100-200 industry solid biomass,1001.93773
capital,Link,GR0 0,heat200-500 industry gas,125828.84889
capital,Link,GR0 0,heat200-500 industry hydrogen,69.64299
capital,Link,GR0 0,heat200-500 industry solid biomass,1894374.75453
capital,Link,GR0 0,heat<100 industry electric boiler steam,437.3296
capital,Link,GR0 0,heat<100 industry gas,626353.44166
capital,Link,GR0 0,heat<100 industry industrial heat pump medium temperature,10781937.80982
capital,Link,GR0 0,heat<100 industry solid biomass,1327.8842
capital,Link,GR0 0,heat>500 industry gas,753253.37706
capital,Link,GR0 0,heat>500 industry hydrogen,99.73182
capital,Link,GR0 0,home battery charger,5880.36157
capital,Link,GR0 0,methanolisation,3129.70566
capital,Link,GR0 0,rural air heat pump,10470.00969
capital,Link,GR0 0,rural biomass boiler,110693083.23505
capital,Link,GR0 0,rural gas boiler,24154654.19048
capital,Link,GR0 0,rural ground heat pump,88550498.36149
capital,Link,GR0 0,rural resistive heater,7936079.64495
capital,Link,GR0 0,urban central air heat pump,33315202.69862
capital,Link,GR0 0,urban central gas CHP,1498.77059
capital,Link,GR0 0,urban central gas boiler,7903370.07019
capital,Link,GR0 0,urban central resistive heater,2882903.95028
capital,Link,GR0 0,urban central solid biomass CHP,77517984.56213
capital,Link,GR0 0,urban central solid biomass CHP CC,8147.55633
capital,Link,GR0 0,urban decentral air heat pump,7335.23043
capital,Link,GR0 0,urban decentral biomass boiler,366606159.38552
capital,Link,GR0 0,urban decentral gas boiler,79998178.2534
capital,Link,GR0 0,urban decentral resistive heater,26283537.04045
capital,Link,GR0 0,waste CHP,4653.0507
capital,Link,HR0 0,CO2 pipeline,9343.30417
capital,Link,HR0 0,Combined-Cycle Gas,81294615.54535
capital,Link,HR0 0,H2 Electrolysis,6719.63456
capital,Link,HR0 0,Haber-Bosch,2477.12264
capital,Link,HR0 0,Open-Cycle Gas,1330.37854
capital,Link,HR0 0,SMR,3466.59984
capital,Link,HR0 0,Sabatier,639.64275
capital,Link,HR0 0,battery charger,9906242.8572
capital,Link,HR0 0,biogas to gas,43540148.18928
capital,Link,HR0 0,biomass to liquid,7903.25493
capital,Link,HR0 0,biomass-to-methanol,154818242.67194
capital,Link,HR0 0,electricity distribution grid,149195216.42849
capital,Link,HR0 0,gas pipeline,3320220.82253
capital,Link,HR0 0,gas pipeline new,9004.67508
capital,Link,HR0 0,heat100-200 industry electric boiler steam,234.38762
capital,Link,HR0 0,heat100-200 industry gas,837188.20414
capital,Link,HR0 0,heat100-200 industry industrial heat pump high temperature,3813.09329
capital,Link,HR0 0,heat100-200 industry solid biomass,13437898.81521
capital,Link,HR0 0,heat200-500 industry gas,71303.49068
capital,Link,HR0 0,heat200-500 industry hydrogen,56.27007
capital,Link,HR0 0,heat200-500 industry solid biomass,1073932.84467
capital,Link,HR0 0,heat<100 industry electric boiler steam,234.92082
capital,Link,HR0 0,heat<100 industry gas,911633.06715
capital,Link,HR0 0,heat<100 industry industrial heat pump medium temperature,2398.10681
capital,Link,HR0 0,heat<100 industry solid biomass,14633394.0491
capital,Link,HR0 0,heat>500 industry gas,222801.97014
capital,Link,HR0 0,heat>500 industry hydrogen,103.2994
capital,Link,HR0 0,home battery charger,4212.42996
capital,Link,HR0 0,methanolisation,1799.23736
capital,Link,HR0 0,rural air heat pump,7913.8617
capital,Link,HR0 0,rural biomass boiler,104363212.03885
capital,Link,HR0 0,rural gas boiler,195679247.3154
capital,Link,HR0 0,rural ground heat pump,50614619.43406
capital,Link,HR0 0,rural resistive heater,3920656.61548
capital,Link,HR0 0,urban central air heat pump,4619.4683
capital,Link,HR0 0,urban central gas CHP,1491.98804
capital,Link,HR0 0,urban central gas boiler,3610606.49253
capital,Link,HR0 0,urban central resistive heater,558555.3956
capital,Link,HR0 0,urban central solid biomass CHP,91130603.03148
capital,Link,HR0 0,urban central solid biomass CHP CC,33295.10684
capital,Link,HR0 0,urban decentral air heat pump,7532.17222
capital,Link,HR0 0,urban decentral biomass boiler,106759292.28643
capital,Link,HR0 0,urban decentral gas boiler,200171857.0214
capital,Link,HR0 0,urban decentral resistive heater,4010670.74409
capital,Link,HR0 0,waste CHP,2664.55919
capital,Link,HU0 0,CO2 pipeline,11441.90851
capital,Link,HU0 0,Combined-Cycle Gas,217613713.73155
capital,Link,HU0 0,EAF,1789.96147
capital,Link,HU0 0,H2 DRI,1532.60836
capital,Link,HU0 0,H2 Electrolysis,6756.38698
capital,Link,HU0 0,Haber-Bosch,2581.18697
capital,Link,HU0 0,Open-Cycle Gas,1332.24904
capital,Link,HU0 0,SMR,3692.20308
capital,Link,HU0 0,Sabatier,662.80082
capital,Link,HU0 0,battery charger,80695191.68339
capital,Link,HU0 0,biogas to gas,255908438.51714
capital,Link,HU0 0,biomass to liquid,2707.96095
capital,Link,HU0 0,biomass-to-methanol,5999.40496
capital,Link,HU0 0,electricity distribution grid,364859908.23623
capital,Link,HU0 0,gas DRI,1634.11056
capital,Link,HU0 0,gas pipeline,6009224.82986
capital,Link,HU0 0,gas pipeline new,2592.46644
capital,Link,HU0 0,heat100-200 industry electric boiler steam,271.76778
capital,Link,HU0 0,heat100-200 industry gas,5053959.78285
capital,Link,HU0 0,heat100-200 industry industrial heat pump high temperature,98794809.58379
capital,Link,HU0 0,heat100-200 industry solid biomass,1980.15771
capital,Link,HU0 0,heat200-500 industry gas,463448.52522
capital,Link,HU0 0,heat200-500 industry hydrogen,53.72264
capital,Link,HU0 0,heat200-500 industry solid biomass,6975359.0506
capital,Link,HU0 0,heat<100 industry electric boiler steam,271.91511
capital,Link,HU0 0,heat<100 industry gas,3528467.07589
capital,Link,HU0 0,heat<100 industry industrial heat pump medium temperature,60744134.70806
capital,Link,HU0 0,heat<100 industry solid biomass,2906.91408
capital,Link,HU0 0,heat>500 industry gas,1386529.45558
capital,Link,HU0 0,heat>500 industry hydrogen,94.67359
capital,Link,HU0 0,home battery charger,4201.66451
capital,Link,HU0 0,methanolisation,2020.20852
capital,Link,HU0 0,rural air heat pump,6726.82249
capital,Link,HU0 0,rural biomass boiler,159349444.26831
capital,Link,HU0 0,rural gas boiler,553108224.86125
capital,Link,HU0 0,rural ground heat pump,18686508.21073
capital,Link,HU0 0,rural resistive heater,7444841.88621
capital,Link,HU0 0,urban central air heat pump,8029262.58832
capital,Link,HU0 0,urban central gas CHP,1506.5702
capital,Link,HU0 0,urban central gas boiler,13218958.31436
capital,Link,HU0 0,urban central resistive heater,1371610.94219
capital,Link,HU0 0,urban central solid biomass CHP,274162122.5205
capital,Link,HU0 0,urban central solid biomass CHP CC,20240.89301
capital,Link,HU0 0,urban decentral air heat pump,7611189.62202
capital,Link,HU0 0,urban decentral biomass boiler,275423890.40437
capital,Link,HU0 0,urban decentral gas boiler,956007219.26227
capital,Link,HU0 0,urban decentral resistive heater,5283054.25035
capital,Link,HU0 0,waste CHP,3759.22396
capital,Link,IE3 0,Combined-Cycle Gas,459915100.88677
capital,Link,IE3 0,H2 Electrolysis,6216770.62307
capital,Link,IE3 0,Haber-Bosch,2859791.11022
capital,Link,IE3 0,Open-Cycle Gas,1337.59037
capital,Link,IE3 0,SMR,4494.82736
capital,Link,IE3 0,Sabatier,701.02325
capital,Link,IE3 0,battery charger,5319.68991
capital,Link,IE3 0,biogas to gas,49642667.33613
capital,Link,IE3 0,biomass to liquid,2108.25632
capital,Link,IE3 0,biomass-to-methanol,3876.07609
capital,Link,IE3 0,electricity distribution grid,247221864.49812
capital,Link,IE3 0,heat100-200 industry electric boiler steam,331.24704
capital,Link,IE3 0,heat100-200 industry gas,1643344.37192
capital,Link,IE3 0,heat100-200 industry industrial heat pump high temperature,32123463.13834
capital,Link,IE3 0,heat100-200 industry solid biomass,774.9216
capital,Link,IE3 0,heat200-500 industry gas,151001.77236
capital,Link,IE3 0,heat200-500 industry hydrogen,70.931
capital,Link,IE3 0,heat200-500 industry solid biomass,2273097.01408
capital,Link,IE3 0,heat<100 industry electric boiler steam,344.8687
capital,Link,IE3 0,heat<100 industry gas,1252659.83463
capital,Link,IE3 0,heat<100 industry industrial heat pump medium temperature,21565075.79919
capital,Link,IE3 0,heat<100 industry solid biomass,862.54888
capital,Link,IE3 0,heat>500 industry gas,1076186.8784
capital,Link,IE3 0,heat>500 industry hydrogen,111.40882
capital,Link,IE3 0,home battery charger,4354.88297
capital,Link,IE3 0,methanolisation,9855.11551
capital,Link,IE3 0,rural air heat pump,12588.8861
capital,Link,IE3 0,rural biomass boiler,8222437.621
capital,Link,IE3 0,rural gas boiler,149027671.76373
capital,Link,IE3 0,rural ground heat pump,70838746.19921
capital,Link,IE3 0,rural resistive heater,7206508.28979
capital,Link,IE3 0,urban central air heat pump,33169414.30441
capital,Link,IE3 0,urban central gas CHP,1584.88485
capital,Link,IE3 0,urban central gas boiler,3181406.40233
capital,Link,IE3 0,urban central resistive heater,1753235.44981
capital,Link,IE3 0,urban central solid biomass CHP,19891440.26997
capital,Link,IE3 0,urban central solid biomass CHP CC,28827.92856
capital,Link,IE3 0,urban decentral air heat pump,10841058.2692
capital,Link,IE3 0,urban decentral biomass boiler,13012809.96487
capital,Link,IE3 0,urban decentral gas boiler,235850834.212
capital,Link,IE3 0,urban decentral resistive heater,12817762.39773
capital,Link,IE3 0,waste CHP,5835.80885
capital,Link,IT0 0,CO2 pipeline,10150.70982
capital,Link,IT0 0,Combined-Cycle Gas,1887433834.6999
capital,Link,IT0 0,DC,90865988.72062
capital,Link,IT0 0,EAF,1974.86228
capital,Link,IT0 0,H2 DRI,1643.11008
capital,Link,IT0 0,H2 Electrolysis,25816.70085
capital,Link,IT0 0,Haber-Bosch,4737.21279
capital,Link,IT0 0,Open-Cycle Gas,1333.56651
capital,Link,IT0 0,SMR,3733.12095
capital,Link,IT0 0,Sabatier,697.06821
capital,Link,IT0 0,battery charger,512031401.1779
capital,Link,IT0 0,biogas to gas,221595032.76614
capital,Link,IT0 0,biomass to liquid,2024.15612
capital,Link,IT0 0,biomass-to-methanol,3750.62208
capital,Link,IT0 0,electricity distribution grid,1087316355.29496
capital,Link,IT0 0,gas DRI,1739.53727
capital,Link,IT0 0,gas pipeline,9911401.74958
capital,Link,IT0 0,heat100-200 industry electric boiler steam,304.99486
capital,Link,IT0 0,heat100-200 industry gas,7007315.0358
capital,Link,IT0 0,heat100-200 industry industrial heat pump high temperature,136981526.92418
capital,Link,IT0 0,heat100-200 industry solid biomass,690.10774
capital,Link,IT0 0,heat200-500 industry gas,908052.07697
capital,Link,IT0 0,heat200-500 industry hydrogen,54.77897
capital,Link,IT0 0,heat200-500 industry solid biomass,13666156.15926
capital,Link,IT0 0,heat<100 industry electric boiler steam,331.73163
capital,Link,IT0 0,heat<100 industry gas,10250512.10902
capital,Link,IT0 0,heat<100 industry industrial heat pump medium temperature,176474845.49484
capital,Link,IT0 0,heat<100 industry solid biomass,758.34831
capital,Link,IT0 0,heat>500 industry gas,1818509.95605
capital,Link,IT0 0,heat>500 industry hydrogen,108.42284
capital,Link,IT0 0,home battery charger,4303.88934
capital,Link,IT0 0,methanolisation,3527.27205
capital,Link,IT0 0,rural air heat pump,9751.27436
capital,Link,IT0 0,rural biomass boiler,921088460.05187
capital,Link,IT0 0,rural gas boiler,1438492205.141
capital,Link,IT0 0,rural ground heat pump,234623609.34707
capital,Link,IT0 0,rural resistive heater,18330244.9225
capital,Link,IT0 0,urban central air heat pump,158631273.88759
capital,Link,IT0 0,urban central gas CHP,1592.81384
capital,Link,IT0 0,urban central gas boiler,30849310.76106
capital,Link,IT0 0,urban central resistive heater,18123.83814
capital,Link,IT0 0,urban central solid biomass CHP,288584006.18879
capital,Link,IT0 0,urban central solid biomass CHP CC,6445.35133
capital,Link,IT0 0,urban decentral air heat pump,3273798364.5871
capital,Link,IT0 0,urban decentral biomass boiler,558327216.6984
capital,Link,IT0 0,urban decentral gas boiler,871956803.25154
capital,Link,IT0 0,urban decentral resistive heater,21146128.94897
capital,Link,IT0 0,waste CHP,5666.22856
capital,Link,IT0 1,CO2 pipeline,14390.25955
capital,Link,IT0 1,Combined-Cycle Gas,2295131110.43012
capital,Link,IT0 1,H2 Electrolysis,12032.25703
capital,Link,IT0 1,Haber-Bosch,2919.12599
capital,Link,IT0 1,Open-Cycle Gas,1334.01629
capital,Link,IT0 1,SMR,3460.52229
capital,Link,IT0 1,Sabatier,672.92196
capital,Link,IT0 1,battery charger,250179142.97218
capital,Link,IT0 1,biogas to gas,532194800.55938
capital,Link,IT0 1,biomass to liquid,1999.41713
capital,Link,IT0 1,biomass-to-methanol,3816.11836
capital,Link,IT0 1,electricity distribution grid,1603667925.60036
capital,Link,IT0 1,gas pipeline,82550567.52671
capital,Link,IT0 1,heat100-200 industry electric boiler steam,311.98555
capital,Link,IT0 1,heat100-200 industry gas,12365110.70892
capital,Link,IT0 1,heat100-200 industry industrial heat pump high temperature,241718350.09568
capital,Link,IT0 1,heat100-200 industry solid biomass,768.21014
capital,Link,IT0 1,heat200-500 industry gas,1650389.65371
capital,Link,IT0 1,heat200-500 industry hydrogen,58.05832
capital,Link,IT0 1,heat200-500 industry solid biomass,24838505.97839
capital,Link,IT0 1,heat<100 industry electric boiler steam,351.28442
capital,Link,IT0 1,heat<100 industry gas,17084173.0625
capital,Link,IT0 1,heat<100 industry industrial heat pump medium temperature,294125076.29679
capital,Link,IT0 1,heat<100 industry solid biomass,913.56085
capital,Link,IT0 1,heat>500 industry gas,3751934.70051
capital,Link,IT0 1,heat>500 industry hydrogen,119.33513
capital,Link,IT0 1,home battery charger,4206.50046
capital,Link,IT0 1,methanolisation,1963.22852
capital,Link,IT0 1,rural air heat pump,7540.88044
capital,Link,IT0 1,rural biomass boiler,487535290.83604
capital,Link,IT0 1,rural gas boiler,761398873.19759
capital,Link,IT0 1,rural ground heat pump,192911165.42003
capital,Link,IT0 1,rural resistive heater,21679595.49325
capital,Link,IT0 1,urban central air heat pump,87795215.02797
capital,Link,IT0 1,urban central gas CHP,1677.37738
capital,Link,IT0 1,urban central gas boiler,22598467.15862
capital,Link,IT0 1,urban central resistive heater,6421213.38957
capital,Link,IT0 1,urban central solid biomass CHP,623953439.45746
capital,Link,IT0 1,urban central solid biomass CHP CC,8340.26778
capital,Link,IT0 1,urban decentral air heat pump,4312510801.28494
capital,Link,IT0 1,urban decentral biomass boiler,745381592.56624
capital,Link,IT0 1,urban decentral gas boiler,1164085380.79148
capital,Link,IT0 1,urban decentral resistive heater,23817512.72755
capital,Link,IT0 1,waste CHP,6923.68014
capital,Link,IT4 0,Combined-Cycle Gas,1461.70617
capital,Link,IT4 0,DC,64110410.9741
capital,Link,IT4 0,H2 Electrolysis,31240.61397
capital,Link,IT4 0,Haber-Bosch,5731.80146
capital,Link,IT4 0,Open-Cycle Gas,1336.06054
capital,Link,IT4 0,SMR,3891.93962
capital,Link,IT4 0,Sabatier,708.86419
capital,Link,IT4 0,battery charger,50931925.76417
capital,Link,IT4 0,biogas to gas,11260047.86228
capital,Link,IT4 0,biomass to liquid,2101.15622
capital,Link,IT4 0,biomass-to-methanol,3701.44329
capital,Link,IT4 0,electricity distribution grid,80670009.78539
capital,Link,IT4 0,heat100-200 industry electric boiler steam,357.87756
capital,Link,IT4 0,heat100-200 industry gas,551922.72085
capital,Link,IT4 0,heat100-200 industry industrial heat pump high temperature,10788166.39143
capital,Link,IT4 0,heat100-200 industry solid biomass,1075.26922
capital,Link,IT4 0,heat200-500 industry gas,211813.05934
capital,Link,IT4 0,heat200-500 industry hydrogen,71.41081
capital,Link,IT4 0,heat200-500 industry solid biomass,3188188.44955
capital,Link,IT4 0,heat<100 industry electric boiler steam,328.25071
capital,Link,IT4 0,heat<100 industry gas,973605.40159
capital,Link,IT4 0,heat<100 industry industrial heat pump medium temperature,16760855.4291
capital,Link,IT4 0,heat<100 industry solid biomass,971.71659
capital,Link,IT4 0,heat>500 industry gas,371641.91262
capital,Link,IT4 0,heat>500 industry hydrogen,111.25345
capital,Link,IT4 0,home battery charger,4321.84457
capital,Link,IT4 0,methanolisation,4185.36993
capital,Link,IT4 0,rural air heat pump,10712.61462
capital,Link,IT4 0,rural biomass boiler,143184892.20312
capital,Link,IT4 0,rural gas boiler,223616254.31344
capital,Link,IT4 0,rural ground heat pump,24533463.42417
capital,Link,IT4 0,rural resistive heater,2192043.431
capital,Link,IT4 0,urban central air heat pump,6217005.41763
capital,Link,IT4 0,urban central gas CHP,1546.38562
capital,Link,IT4 0,urban central gas boiler,815064.29749
capital,Link,IT4 0,urban central resistive heater,31719.49176
capital,Link,IT4 0,urban central solid biomass CHP,936704.19506
capital,Link,IT4 0,urban central solid biomass CHP CC,6727.24751
capital,Link,IT4 0,urban decentral air heat pump,96272403.70211
capital,Link,IT4 0,urban decentral biomass boiler,6362606.24631
capital,Link,IT4 0,urban decentral gas boiler,9936678.05716
capital,Link,IT4 0,urban decentral resistive heater,1520890.61734
capital,Link,IT4 0,waste CHP,4396.39912
capital,Link,LT0 0,CO2 pipeline,9016.27783
capital,Link,LT0 0,Combined-Cycle Gas,120296817.3452
capital,Link,LT0 0,DC,49763675.72641
capital,Link,LT0 0,H2 Electrolysis,28522.29533
capital,Link,LT0 0,Haber-Bosch,5170.33825
capital,Link,LT0 0,Open-Cycle Gas,1327.71689
capital,Link,LT0 0,SMR,3192.0621
capital,Link,LT0 0,Sabatier,688.84217
capital,Link,LT0 0,battery charger,4423.72965
capital,Link,LT0 0,biogas to gas,67981295.54224
capital,Link,LT0 0,biomass to liquid,3073.70762
capital,Link,LT0 0,biomass-to-methanol,7395.16671
capital,Link,LT0 0,electricity distribution grid,92418833.16838
capital,Link,LT0 0,gas pipeline,2535034.01006
capital,Link,LT0 0,gas pipeline new,2460463.24445
capital,Link,LT0 0,heat100-200 industry electric boiler steam,327.19327
capital,Link,LT0 0,heat100-200 industry gas,545720.58468
capital,Link,LT0 0,heat100-200 industry industrial heat pump high temperature,10665384.4913
capital,Link,LT0 0,heat100-200 industry solid biomass,2305.90418
capital,Link,LT0 0,heat200-500 industry gas,56632.45642
capital,Link,LT0 0,heat200-500 industry hydrogen,66.08764
capital,Link,LT0 0,heat200-500 industry solid biomass,853044.97012
capital,Link,LT0 0,heat<100 industry electric boiler steam,347.25143
capital,Link,LT0 0,heat<100 industry gas,496110.17542
capital,Link,LT0 0,heat<100 industry industrial heat pump medium temperature,8538500.64937
capital,Link,LT0 0,heat<100 industry solid biomass,2751.84811
capital,Link,LT0 0,heat>500 industry gas,67824.00101
capital,Link,LT0 0,heat>500 industry hydrogen,149.77447
capital,Link,LT0 0,home battery charger,4209.99248
capital,Link,LT0 0,methanolisation,4488.02252
capital,Link,LT0 0,rural air heat pump,1498.75714
capital,Link,LT0 0,rural biomass boiler,305889302.59146
capital,Link,LT0 0,rural gas boiler,1667.70934
capital,Link,LT0 0,rural ground heat pump,24937366.51094
capital,Link,LT0 0,rural resistive heater,142323.49227
capital,Link,LT0 0,urban central air heat pump,10442705.09646
capital,Link,LT0 0,urban central gas CHP,1485.86893
capital,Link,LT0 0,urban central gas boiler,13162671.75955
capital,Link,LT0 0,urban central resistive heater,3205971.06273
capital,Link,LT0 0,urban central solid biomass CHP,129785692.15125
capital,Link,LT0 0,urban central solid biomass CHP CC,55101.83106
capital,Link,LT0 0,urban decentral air heat pump,3637678.37344
capital,Link,LT0 0,urban decentral biomass boiler,298503903.65752
capital,Link,LT0 0,urban decentral gas boiler,1935.9881
capital,Link,LT0 0,urban decentral resistive heater,144355.18759
capital,Link,LT0 0,waste CHP,3106.80568
capital,Link,LU0 0,Combined-Cycle Gas,13080527.07718
capital,Link,LU0 0,H2 Electrolysis,25383.57645
capital,Link,LU0 0,Haber-Bosch,5487.38653
capital,Link,LU0 0,Open-Cycle Gas,10494.4804
capital,Link,LU0 0,SMR,3219.047
capital,Link,LU0 0,Sabatier,684.46607
capital,Link,LU0 0,battery charger,2807105.90673
capital,Link,LU0 0,biogas to gas,7591460.78899
capital,Link,LU0 0,biomass to liquid,1864.06577
capital,Link,LU0 0,biomass-to-methanol,3476.89269
capital,Link,LU0 0,electricity distribution grid,70305827.26401
capital,Link,LU0 0,gas pipeline,2722504.25282
capital,Link,LU0 0,heat100-200 industry electric boiler steam,305.34168
capital,Link,LU0 0,heat100-200 industry gas,173649.67682
capital,Link,LU0 0,heat100-200 industry industrial heat pump high temperature,3393176.76651
capital,Link,LU0 0,heat100-200 industry solid biomass,1424.42156
capital,Link,LU0 0,heat200-500 industry gas,35662.31373
capital,Link,LU0 0,heat200-500 industry hydrogen,84.41613
capital,Link,LU0 0,heat200-500 industry solid biomass,537486.797
capital,Link,LU0 0,heat<100 industry electric boiler steam,315.35846
capital,Link,LU0 0,heat<100 industry gas,179853.82225
capital,Link,LU0 0,heat<100 industry industrial heat pump medium temperature,3094963.4744
capital,Link,LU0 0,heat<100 industry solid biomass,1619.10115
capital,Link,LU0 0,heat>500 industry gas,134821.15615
capital,Link,LU0 0,heat>500 industry hydrogen,128.08583
capital,Link,LU0 0,home battery charger,4832.81653
capital,Link,LU0 0,methanolisation,2767.42566
capital,Link,LU0 0,rural air heat pump,6813.58618
capital,Link,LU0 0,rural biomass boiler,2232541.49566
capital,Link,LU0 0,rural gas boiler,12352115.76839
capital,Link,LU0 0,rural ground heat pump,3016208.37362
capital,Link,LU0 0,rural resistive heater,558952.47684
capital,Link,LU0 0,urban central air heat pump,8875539.63279
capital,Link,LU0 0,urban central gas CHP,4224.79806
capital,Link,LU0 0,urban central gas boiler,1882863.0931
capital,Link,LU0 0,urban central resistive heater,1358213.41301
capital,Link,LU0 0,urban central solid biomass CHP,24870363.13455
capital,Link,LU0 0,urban central solid biomass CHP CC,11724.56928
capital,Link,LU0 0,urban decentral air heat pump,5695231.07785
capital,Link,LU0 0,urban decentral biomass boiler,17850600.09401
capital,Link,LU0 0,urban decentral gas boiler,98763082.04116
capital,Link,LU0 0,urban decentral resistive heater,4367364.44788
capital,Link,LU0 0,waste CHP,6960.06958
capital,Link,LV0 0,Combined-Cycle Gas,113904808.40139
capital,Link,LV0 0,H2 Electrolysis,29759.90267
capital,Link,LV0 0,Haber-Bosch,4864.1153
capital,Link,LV0 0,Open-Cycle Gas,1327.46098
capital,Link,LV0 0,SMR,3210.50947
capital,Link,LV0 0,Sabatier,690.66827
capital,Link,LV0 0,battery charger,4394.73537
capital,Link,LV0 0,biogas to gas,49537710.33488
capital,Link,LV0 0,biomass to liquid,8291.67557
capital,Link,LV0 0,biomass-to-methanol,655673948.17356
capital,Link,LV0 0,electricity distribution grid,67609499.6822
capital,Link,LV0 0,gas pipeline,2539116.37222
capital,Link,LV0 0,heat100-200 industry electric boiler steam,383.47009
capital,Link,LV0 0,heat100-200 industry gas,279069.93188
capital,Link,LV0 0,heat100-200 industry industrial heat pump high temperature,5428938.90736
capital,Link,LV0 0,heat100-200 industry solid biomass,23044.11481
capital,Link,LV0 0,heat200-500 industry gas,39853.8391
capital,Link,LV0 0,heat200-500 industry hydrogen,62.68084
capital,Link,LV0 0,heat200-500 industry solid biomass,600645.81835
capital,Link,LV0 0,heat<100 industry electric boiler steam,336.27226
capital,Link,LV0 0,heat<100 industry gas,651260.06019
capital,Link,LV0 0,heat<100 industry industrial heat pump medium temperature,19685.83997
capital,Link,LV0 0,heat<100 industry solid biomass,10436668.58935
capital,Link,LV0 0,heat>500 industry gas,69916.67142
capital,Link,LV0 0,heat>500 industry hydrogen,148.76861
capital,Link,LV0 0,home battery charger,4235.73382
capital,Link,LV0 0,methanolisation,5000.03035
capital,Link,LV0 0,rural air heat pump,3164.03514
capital,Link,LV0 0,rural biomass boiler,213807611.23631
capital,Link,LV0 0,rural gas boiler,58472634.80708
capital,Link,LV0 0,rural ground heat pump,8271.41461
capital,Link,LV0 0,rural resistive heater,2373799.6464
capital,Link,LV0 0,urban central air heat pump,7179.28353
capital,Link,LV0 0,urban central gas CHP,1484.23763
capital,Link,LV0 0,urban central gas boiler,9688776.09938
capital,Link,LV0 0,urban central resistive heater,2109937.55528
capital,Link,LV0 0,urban central solid biomass CHP,109336755.81038
capital,Link,LV0 0,urban central solid biomass CHP CC,37402273.04395
capital,Link,LV0 0,urban decentral air heat pump,2212.25115
capital,Link,LV0 0,urban decentral biomass boiler,200011537.09784
capital,Link,LV0 0,urban decentral gas boiler,54699650.29916
capital,Link,LV0 0,urban decentral resistive heater,1937772.1872
capital,Link,LV0 0,waste CHP,2601.08248
capital,Link,ME0 0,CO2 pipeline,5218.9364
capital,Link,ME0 0,Combined-Cycle Gas,1450.32187
capital,Link,ME0 0,EAF,1804.92668
capital,Link,ME0 0,H2 DRI,1553.3753
capital,Link,ME0 0,H2 Electrolysis,11781.29748
capital,Link,ME0 0,Haber-Bosch,2696.08442
capital,Link,ME0 0,Open-Cycle Gas,1336.38945
capital,Link,ME0 0,SMR,3728.21868
capital,Link,ME0 0,Sabatier,657.68903
capital,Link,ME0 0,battery charger,27696040.78164
capital,Link,ME0 0,biogas to gas,714540.54604
capital,Link,ME0 0,biomass to liquid,2586.51731
capital,Link,ME0 0,biomass-to-methanol,6908.74521
capital,Link,ME0 0,electricity distribution grid,23332101.27866
capital,Link,ME0 0,gas DRI,1628.61118
capital,Link,ME0 0,heat100-200 industry electric boiler steam,434.54121
capital,Link,ME0 0,heat100-200 industry gas,68215.96794
capital,Link,ME0 0,heat100-200 industry industrial heat pump high temperature,1327882.53354
capital,Link,ME0 0,heat100-200 industry solid biomass,5326.08524
capital,Link,ME0 0,heat200-500 industry gas,10487.16937
capital,Link,ME0 0,heat200-500 industry hydrogen,62.62249
capital,Link,ME0 0,heat200-500 industry solid biomass,158773.26589
capital,Link,ME0 0,heat<100 industry electric boiler steam,449.18914
capital,Link,ME0 0,heat<100 industry gas,68215.96812
capital,Link,ME0 0,heat<100 industry industrial heat pump medium temperature,1167216.15608
capital,Link,ME0 0,heat<100 industry solid biomass,7750.35877
capital,Link,ME0 0,heat>500 industry gas,44823.15393
capital,Link,ME0 0,heat>500 industry hydrogen,147.69253
capital,Link,ME0 0,home battery charger,12231.40504
capital,Link,ME0 0,methanolisation,2241.82477
capital,Link,ME0 0,rural air heat pump,6490.34716
capital,Link,ME0 0,rural biomass boiler,25856748.35413
capital,Link,ME0 0,rural gas boiler,2880.38333
capital,Link,ME0 0,rural ground heat pump,47477.41576
capital,Link,ME0 0,rural resistive heater,22197.91773
capital,Link,ME0 0,urban central air heat pump,27047.45877
capital,Link,ME0 0,urban central gas CHP,1408.89551
capital,Link,ME0 0,urban central gas boiler,91277.37112
capital,Link,ME0 0,urban central resistive heater,183462.73822
capital,Link,ME0 0,urban central solid biomass CHP,4626062.97361
capital,Link,ME0 0,urban central solid biomass CHP CC,13872.22194
capital,Link,ME0 0,urban decentral air heat pump,6505.95124
capital,Link,ME0 0,urban decentral biomass boiler,40658180.88151
capital,Link,ME0 0,urban decentral gas boiler,2868.13458
capital,Link,ME0 0,urban decentral resistive heater,34807.54405
capital,Link,ME0 0,waste CHP,3081.27377
capital,Link,MK0 0,CO2 pipeline,5311.16908
capital,Link,MK0 0,Combined-Cycle Gas,23053400.44162
capital,Link,MK0 0,EAF,1740.56334
capital,Link,MK0 0,H2 DRI,1520.61515
capital,Link,MK0 0,H2 Electrolysis,14368.91227
capital,Link,MK0 0,Haber-Bosch,2843.0595
capital,Link,MK0 0,Open-Cycle Gas,1335.0546
capital,Link,MK0 0,SMR,3683.63722
capital,Link,MK0 0,Sabatier,661.15317
capital,Link,MK0 0,battery charger,1431296.74443
capital,Link,MK0 0,biogas to gas,8199674.59048
capital,Link,MK0 0,biomass to liquid,2854.22513
capital,Link,MK0 0,biomass-to-methanol,8566.77909
capital,Link,MK0 0,electricity distribution grid,47108084.79459
capital,Link,MK0 0,gas DRI,1586.41995
capital,Link,MK0 0,gas pipeline new,43605.04319
capital,Link,MK0 0,heat100-200 industry electric boiler steam,443.06201
capital,Link,MK0 0,heat100-200 industry gas,130236.64003
capital,Link,MK0 0,heat100-200 industry industrial heat pump high temperature,2538579.95042
capital,Link,MK0 0,heat100-200 industry solid biomass,6733.35032
capital,Link,MK0 0,heat200-500 industry gas,12594.00244
capital,Link,MK0 0,heat200-500 industry hydrogen,61.82296
capital,Link,MK0 0,heat200-500 industry solid biomass,190357.47353
capital,Link,MK0 0,heat<100 industry electric boiler steam,455.91408
capital,Link,MK0 0,heat<100 industry gas,161246.39355
capital,Link,MK0 0,heat<100 industry industrial heat pump medium temperature,2765577.64345
capital,Link,MK0 0,heat<100 industry solid biomass,10936.57559
capital,Link,MK0 0,heat>500 industry gas,11141.82383
capital,Link,MK0 0,heat>500 industry hydrogen,166.62909
capital,Link,MK0 0,home battery charger,4259.67261
capital,Link,MK0 0,methanolisation,2363.48435
capital,Link,MK0 0,rural air heat pump,4496.01838
capital,Link,MK0 0,rural biomass boiler,110840679.54552
capital,Link,MK0 0,rural gas boiler,5309.49075
capital,Link,MK0 0,rural ground heat pump,22044.46493
capital,Link,MK0 0,rural resistive heater,95584.74968
capital,Link,MK0 0,urban central air heat pump,530814.25461
capital,Link,MK0 0,urban central gas CHP,1499.83108
capital,Link,MK0 0,urban central gas boiler,1702818.30193
capital,Link,MK0 0,urban central resistive heater,815551.84612
capital,Link,MK0 0,urban central solid biomass CHP,38634498.53286
capital,Link,MK0 0,urban central solid biomass CHP CC,22565.24487
capital,Link,MK0 0,urban decentral air heat pump,4464.24245
capital,Link,MK0 0,urban decentral biomass boiler,91079535.78684
capital,Link,MK0 0,urban decentral gas boiler,5421.38685
capital,Link,MK0 0,urban decentral resistive heater,78838.88894
capital,Link,MK0 0,waste CHP,3087.41388
capital,Link,NL0 0,CO2 pipeline,2765.69055
capital,Link,NL0 0,Combined-Cycle Gas,1094827477.3561
capital,Link,NL0 0,DC,70406187.00672
capital,Link,NL0 0,EAF,2091.50359
capital,Link,NL0 0,H2 DRI,1705.59522
capital,Link,NL0 0,H2 Electrolysis,757933397.40692
capital,Link,NL0 0,Haber-Bosch,215933323.12763
capital,Link,NL0 0,Open-Cycle Gas,1328.91245
capital,Link,NL0 0,SMR,2046.09458
capital,Link,NL0 0,Sabatier,776.82915
capital,Link,NL0 0,battery charger,6587.11387
capital,Link,NL0 0,biogas to gas,179207964.13241
capital,Link,NL0 0,biomass to liquid,1942.39788
capital,Link,NL0 0,biomass-to-methanol,3536.56593
capital,Link,NL0 0,electricity distribution grid,1474425837.25306
capital,Link,NL0 0,gas DRI,1813.31484
capital,Link,NL0 0,gas pipeline,42931588.67236
capital,Link,NL0 0,heat100-200 industry electric boiler steam,401.82173
capital,Link,NL0 0,heat100-200 industry gas,17164788.96695
capital,Link,NL0 0,heat100-200 industry industrial heat pump high temperature,335545271.57289
capital,Link,NL0 0,heat100-200 industry solid biomass,602.30861
capital,Link,NL0 0,heat200-500 industry gas,1635698.4848
capital,Link,NL0 0,heat200-500 industry hydrogen,68.59507
capital,Link,NL0 0,heat200-500 industry solid biomass,24617572.15544
capital,Link,NL0 0,heat<100 industry electric boiler steam,390.85081
capital,Link,NL0 0,heat<100 industry gas,14634727.35954
capital,Link,NL0 0,heat<100 industry industrial heat pump medium temperature,251954814.18727
capital,Link,NL0 0,heat<100 industry solid biomass,622.01358
capital,Link,NL0 0,heat>500 industry gas,5555364.08352
capital,Link,NL0 0,heat>500 industry hydrogen,175.40845
capital,Link,NL0 0,home battery charger,4422.88566
capital,Link,NL0 0,methanolisation,1170116.70414
capital,Link,NL0 0,rural air heat pump,7960.08965
capital,Link,NL0 0,rural biomass boiler,11547210.89408
capital,Link,NL0 0,rural gas boiler,383193866.87589
capital,Link,NL0 0,rural ground heat pump,1092923052.53147
capital,Link,NL0 0,rural resistive heater,47313.15071
capital,Link,NL0 0,urban central air heat pump,274650524.43451
capital,Link,NL0 0,urban central gas CHP,1532.08171
capital,Link,NL0 0,urban central gas boiler,32737942.70276
capital,Link,NL0 0,urban central resistive heater,9802090.87583
capital,Link,NL0 0,urban central solid biomass CHP,62702669.69063
capital,Link,NL0 0,urban central solid biomass CHP CC,7138.40181
capital,Link,NL0 0,urban decentral air heat pump,333328600.44197
capital,Link,NL0 0,urban decentral biomass boiler,106081921.72225
capital,Link,NL0 0,urban decentral gas boiler,3520325571.53888
capital,Link,NL0 0,urban decentral resistive heater,121008455.48882
capital,Link,NL0 0,waste CHP,6846.11928
capital,Link,NO1 0,CO2 pipeline,25361880.27923
capital,Link,NO1 0,Combined-Cycle Gas,78905519.98674
capital,Link,NO1 0,DC,136411573.39264
capital,Link,NO1 0,EAF,1927.80696
capital,Link,NO1 0,H2 DRI,1620.57315
capital,Link,NO1 0,H2 Electrolysis,1770645624.29544
capital,Link,NO1 0,Haber-Bosch,449242426.13809
capital,Link,NO1 0,Open-Cycle Gas,1327.41286
capital,Link,NO1 0,SMR,1808.40361
capital,Link,NO1 0,Sabatier,766.2985
capital,Link,NO1 0,battery charger,4105.95151
capital,Link,NO1 0,biogas to gas,16995499.28265
capital,Link,NO1 0,biomass to liquid,1916.86495
capital,Link,NO1 0,biomass-to-methanol,3427.41061
capital,Link,NO1 0,electricity distribution grid,820296077.58408
capital,Link,NO1 0,gas DRI,1707.23055
capital,Link,NO1 0,gas pipeline,28954989.67369
capital,Link,NO1 0,gas pipeline new,2587.32111
capital,Link,NO1 0,heat100-200 industry electric boiler steam,409.11421
capital,Link,NO1 0,heat100-200 industry gas,3671092.51899
capital,Link,NO1 0,heat100-200 industry industrial heat pump high temperature,71763485.66214
capital,Link,NO1 0,heat100-200 industry solid biomass,475.89953
capital,Link,NO1 0,heat200-500 industry gas,429898.24743
capital,Link,NO1 0,heat200-500 industry hydrogen,67.23107
capital,Link,NO1 0,heat200-500 industry solid biomass,6470364.05446
capital,Link,NO1 0,heat<100 industry electric boiler steam,409.93845
capital,Link,NO1 0,heat<100 industry gas,2852621.73605
capital,Link,NO1 0,heat<100 industry industrial heat pump medium temperature,49109377.49893
capital,Link,NO1 0,heat<100 industry solid biomass,500.39152
capital,Link,NO1 0,heat>500 industry gas,2351144.21617
capital,Link,NO1 0,heat>500 industry hydrogen,134.10325
capital,Link,NO1 0,home battery charger,6206.35537
capital,Link,NO1 0,methanolisation,202903784.32186
capital,Link,NO1 0,rural air heat pump,5013.00496
capital,Link,NO1 0,rural biomass boiler,163858502.98534
capital,Link,NO1 0,rural gas boiler,4196.0529
capital,Link,NO1 0,rural ground heat pump,379393591.61353
capital,Link,NO1 0,rural resistive heater,1226983.61636
capital,Link,NO1 0,urban central air heat pump,16917484.95635
capital,Link,NO1 0,urban central gas CHP,1479.57614
capital,Link,NO1 0,urban central gas boiler,9552071.88704
capital,Link,NO1 0,urban central resistive heater,8651743.09832
capital,Link,NO1 0,urban central solid biomass CHP,2130.6594
capital,Link,NO1 0,urban central solid biomass CHP CC,2957.26343
capital,Link,NO1 0,urban decentral air heat pump,1601848488.09967
capital,Link,NO1 0,urban decentral biomass boiler,570579084.51274
capital,Link,NO1 0,urban decentral gas boiler,4167.15028
capital,Link,NO1 0,urban decentral resistive heater,33648434.22896
capital,Link,NO1 0,waste CHP,2696.23237
capital,Link,PL0 0,CO2 pipeline,6612.60172
capital,Link,PL0 0,Combined-Cycle Gas,655711555.5745
capital,Link,PL0 0,DC,56388208.23462
capital,Link,PL0 0,EAF,1992.34477
capital,Link,PL0 0,H2 DRI,1627.05355
capital,Link,PL0 0,H2 Electrolysis,25611.18086
capital,Link,PL0 0,Haber-Bosch,3464.27871
capital,Link,PL0 0,Open-Cycle Gas,1331.67447
capital,Link,PL0 0,SMR,2338.66053
capital,Link,PL0 0,Sabatier,712.16399
capital,Link,PL0 0,battery charger,9441.14346
capital,Link,PL0 0,biogas to gas,420587625.00736
capital,Link,PL0 0,biomass to liquid,2295.1089
capital,Link,PL0 0,biomass-to-methanol,5796.54693
capital,Link,PL0 0,electricity distribution grid,1462225187.55682
capital,Link,PL0 0,gas DRI,1775.54746
capital,Link,PL0 0,gas pipeline,23087118.89751
capital,Link,PL0 0,heat100-200 industry electric boiler steam,326.59866
capital,Link,PL0 0,heat100-200 industry gas,11044269.66834
capital,Link,PL0 0,heat100-200 industry industrial heat pump high temperature,215897008.91443
capital,Link,PL0 0,heat100-200 industry solid biomass,1459.30387
capital,Link,PL0 0,heat200-500 industry gas,1407103.06924
capital,Link,PL0 0,heat200-500 industry hydrogen,52.83969
capital,Link,PL0 0,heat200-500 industry solid biomass,21177506.4606
capital,Link,PL0 0,heat<100 industry electric boiler steam,332.59985
capital,Link,PL0 0,heat<100 industry gas,10771414.30429
capital,Link,PL0 0,heat<100 industry industrial heat pump medium temperature,185441734.57154
capital,Link,PL0 0,heat<100 industry solid biomass,1801.3181
capital,Link,PL0 0,heat>500 industry gas,4724950.3686
capital,Link,PL0 0,heat>500 industry hydrogen,137.47877
capital,Link,PL0 0,home battery charger,4278.82392
capital,Link,PL0 0,methanolisation,2676.34123
capital,Link,PL0 0,rural air heat pump,6462.87022
capital,Link,PL0 0,rural biomass boiler,1445046935.73858
capital,Link,PL0 0,rural gas boiler,531829904.1857
capital,Link,PL0 0,rural ground heat pump,604207073.73057
capital,Link,PL0 0,rural resistive heater,42192898.12645
capital,Link,PL0 0,urban central air heat pump,52371.59312
capital,Link,PL0 0,urban central gas CHP,1485.18767
capital,Link,PL0 0,urban central gas boiler,74584515.82973
capital,Link,PL0 0,urban central resistive heater,28443300.0979
capital,Link,PL0 0,urban central solid biomass CHP,1281424048.73388
capital,Link,PL0 0,urban central solid biomass CHP CC,428062.03302
capital,Link,PL0 0,urban decentral air heat pump,3961231.51279
capital,Link,PL0 0,urban decentral biomass boiler,1227806836.03752
capital,Link,PL0 0,urban decentral gas boiler,451877635.12653
capital,Link,PL0 0,urban decentral resistive heater,35864205.22568
capital,Link,PL0 0,waste CHP,4582.34565
capital,Link,PT0 0,Combined-Cycle Gas,458028902.8052
capital,Link,PT0 0,H2 Electrolysis,108729.98744
capital,Link,PT0 0,Haber-Bosch,11623.80666
capital,Link,PT0 0,Open-Cycle Gas,1336.9933
capital,Link,PT0 0,SMR,6792.50932
capital,Link,PT0 0,Sabatier,717.85344
capital,Link,PT0 0,battery charger,39936.29027
capital,Link,PT0 0,biogas to gas,82050140.54553
capital,Link,PT0 0,biomass to liquid,5711.74315
capital,Link,PT0 0,biomass-to-methanol,33248.79931
capital,Link,PT0 0,electricity distribution grid,527942645.63256
capital,Link,PT0 0,heat100-200 industry electric boiler steam,336.53937
capital,Link,PT0 0,heat100-200 industry gas,2703724.80224
capital,Link,PT0 0,heat100-200 industry industrial heat pump high temperature,44002656.17693
capital,Link,PT0 0,heat100-200 industry solid biomass,7270497.59525
capital,Link,PT0 0,heat200-500 industry gas,352303.53072
capital,Link,PT0 0,heat200-500 industry hydrogen,57.10918
capital,Link,PT0 0,heat200-500 industry solid biomass,5302683.3921
capital,Link,PT0 0,heat<100 industry electric boiler steam,336.15346
capital,Link,PT0 0,heat<100 industry gas,2691322.51548
capital,Link,PT0 0,heat<100 industry industrial heat pump medium temperature,9502.60637
capital,Link,PT0 0,heat<100 industry solid biomass,43200094.14951
capital,Link,PT0 0,heat>500 industry gas,1065699.33537
capital,Link,PT0 0,heat>500 industry hydrogen,109.00634
capital,Link,PT0 0,home battery charger,8453.33839
capital,Link,PT0 0,methanolisation,18724.39921
capital,Link,PT0 0,rural air heat pump,10055.44281
capital,Link,PT0 0,rural biomass boiler,154601460.5275
capital,Link,PT0 0,rural gas boiler,89226428.20776
capital,Link,PT0 0,rural ground heat pump,559521250.87231
capital,Link,PT0 0,rural resistive heater,103109942.87585
capital,Link,PT0 0,urban central air heat pump,17448.16819
capital,Link,PT0 0,urban central gas CHP,1559.69891
capital,Link,PT0 0,urban central gas boiler,5151688.04841
capital,Link,PT0 0,urban central resistive heater,2255122.2414
capital,Link,PT0 0,urban central solid biomass CHP,104990276.78638
capital,Link,PT0 0,urban central solid biomass CHP CC,104724.00601
capital,Link,PT0 0,urban decentral air heat pump,483575516.53087
capital,Link,PT0 0,urban decentral biomass boiler,200069479.19364
capital,Link,PT0 0,urban decentral gas boiler,115467764.41132
capital,Link,PT0 0,urban decentral resistive heater,108781521.43328
capital,Link,PT0 0,waste CHP,2981.54685
capital,Link,RO0 0,CO2 pipeline,2615.02383
capital,Link,RO0 0,Combined-Cycle Gas,132190504.08964
capital,Link,RO0 0,EAF,1859.92874
capital,Link,RO0 0,H2 DRI,1551.31166
capital,Link,RO0 0,H2 Electrolysis,9897.08665
capital,Link,RO0 0,Haber-Bosch,2666.97605
capital,Link,RO0 0,Open-Cycle Gas,1329.3914
capital,Link,RO0 0,SMR,3411.26548
capital,Link,RO0 0,Sabatier,677.38214
capital,Link,RO0 0,battery charger,407708.171
capital,Link,RO0 0,biogas to gas,181838591.28799
capital,Link,RO0 0,biomass to liquid,3333.51439
capital,Link,RO0 0,biomass-to-methanol,9926.31301
capital,Link,RO0 0,electricity distribution grid,470982562.76834
capital,Link,RO0 0,gas DRI,1696.95795
capital,Link,RO0 0,heat100-200 industry electric boiler steam,290.91979
capital,Link,RO0 0,heat100-200 industry gas,4960941.37473
capital,Link,RO0 0,heat100-200 industry industrial heat pump high temperature,96973530.63287
capital,Link,RO0 0,heat100-200 industry solid biomass,4585.56673
capital,Link,RO0 0,heat200-500 industry gas,469740.37648
capital,Link,RO0 0,heat200-500 industry hydrogen,45.32412
capital,Link,RO0 0,heat200-500 industry solid biomass,7070055.81075
capital,Link,RO0 0,heat<100 industry electric boiler steam,294.76125
capital,Link,RO0 0,heat<100 industry gas,3956352.60706
capital,Link,RO0 0,heat<100 industry industrial heat pump medium temperature,13431538.90618
capital,Link,RO0 0,heat<100 industry solid biomass,50993713.7019
capital,Link,RO0 0,heat>500 industry gas,1673809.8013
capital,Link,RO0 0,heat>500 industry hydrogen,97.46077
capital,Link,RO0 0,home battery charger,4222.84115
capital,Link,RO0 0,methanolisation,2032.88514
capital,Link,RO0 0,rural air heat pump,6419.17585
capital,Link,RO0 0,rural biomass boiler,798923468.41182
capital,Link,RO0 0,rural gas boiler,501640939.504
capital,Link,RO0 0,rural ground heat pump,21401730.2671
capital,Link,RO0 0,rural resistive heater,8269277.75452
capital,Link,RO0 0,urban central air heat pump,15942.45772
capital,Link,RO0 0,urban central gas CHP,1484.00097
capital,Link,RO0 0,urban central gas boiler,12141348.22537
capital,Link,RO0 0,urban central resistive heater,3478189.91603
capital,Link,RO0 0,urban central solid biomass CHP,281708985.89025
capital,Link,RO0 0,urban central solid biomass CHP CC,23684.22583
capital,Link,RO0 0,urban decentral air heat pump,6585.82482
capital,Link,RO0 0,urban decentral biomass boiler,663687318.79944
capital,Link,RO0 0,urban decentral gas boiler,416726686.97701
capital,Link,RO0 0,urban decentral resistive heater,5469736.8708
capital,Link,RO0 0,waste CHP,3618.35179
capital,Link,RS0 0,CO2 pipeline,2629.62039
capital,Link,RS0 0,Combined-Cycle Gas,31331664.53886
capital,Link,RS0 0,EAF,1794.58472
capital,Link,RS0 0,H2 DRI,1535.6666
capital,Link,RS0 0,H2 Electrolysis,9302.83214
capital,Link,RS0 0,Haber-Bosch,2626.29808
capital,Link,RS0 0,Open-Cycle Gas,1331.38313
capital,Link,RS0 0,SMR,3684.33392
capital,Link,RS0 0,Sabatier,668.94268
capital,Link,RS0 0,battery charger,11191868.95502
capital,Link,RS0 0,biogas to gas,79473673.66036
capital,Link,RS0 0,biomass to liquid,2886.61112
capital,Link,RS0 0,biomass-to-methanol,7855.30323
capital,Link,RS0 0,electricity distribution grid,233247561.03577
capital,Link,RS0 0,gas DRI,1636.44723
capital,Link,RS0 0,gas pipeline new,101795.87722
capital,Link,RS0 0,heat100-200 industry electric boiler steam,267.77317
capital,Link,RS0 0,heat100-200 industry gas,1147263.03539
capital,Link,RS0 0,heat100-200 industry industrial heat pump high temperature,22422228.83282
capital,Link,RS0 0,heat100-200 industry solid biomass,3887.29206
capital,Link,RS0 0,heat200-500 industry gas,106955.79664
capital,Link,RS0 0,heat200-500 industry hydrogen,58.53152
capital,Link,RS0 0,heat200-500 industry solid biomass,1610348.73313
capital,Link,RS0 0,heat<100 industry electric boiler steam,278.75334
capital,Link,RS0 0,heat<100 industry gas,1252660.99052
capital,Link,RS0 0,heat<100 industry industrial heat pump medium temperature,21559127.77219
capital,Link,RS0 0,heat<100 industry solid biomass,6951.75884
capital,Link,RS0 0,heat>500 industry gas,92945.01607
capital,Link,RS0 0,heat>500 industry hydrogen,121.3074
capital,Link,RS0 0,home battery charger,7760.92056
capital,Link,RS0 0,methanolisation,2130.90356
capital,Link,RS0 0,rural air heat pump,4495.26693
capital,Link,RS0 0,rural biomass boiler,639991057.38961
capital,Link,RS0 0,rural gas boiler,4090.62007
capital,Link,RS0 0,rural ground heat pump,24958.91659
capital,Link,RS0 0,rural resistive heater,545430.72777
capital,Link,RS0 0,urban central air heat pump,15795.95096
capital,Link,RS0 0,urban central gas CHP,1496.21887
capital,Link,RS0 0,urban central gas boiler,10278868.65108
capital,Link,RS0 0,urban central resistive heater,2713307.53321
capital,Link,RS0 0,urban central solid biomass CHP,218384162.22894
capital,Link,RS0 0,urban central solid biomass CHP CC,13099.19251
capital,Link,RS0 0,urban decentral air heat pump,4468.4242
capital,Link,RS0 0,urban decentral biomass boiler,423405914.78809
capital,Link,RS0 0,urban decentral gas boiler,4219.81862
capital,Link,RS0 0,urban decentral resistive heater,360970.20366
capital,Link,RS0 0,waste CHP,3294.81547
capital,Link,SE1 0,Combined-Cycle Gas,5239424.37587
capital,Link,SE1 0,DC,26495334.15163
capital,Link,SE1 0,EAF,1979.04974
capital,Link,SE1 0,H2 DRI,1673.7342
capital,Link,SE1 0,H2 Electrolysis,126810781.26778
capital,Link,SE1 0,Haber-Bosch,11477.78658
capital,Link,SE1 0,Open-Cycle Gas,1330.42036
capital,Link,SE1 0,SMR,1902.57621
capital,Link,SE1 0,Sabatier,770.28779
capital,Link,SE1 0,battery charger,4130.55759
capital,Link,SE1 0,biogas to gas,108615888.27002
capital,Link,SE1 0,biomass to liquid,7405.51512
capital,Link,SE1 0,biomass-to-methanol,578047015.30567
capital,Link,SE1 0,electricity distribution grid,1147754357.00788
capital,Link,SE1 0,gas DRI,1711.71364
capital,Link,SE1 0,heat100-200 industry electric boiler steam,459.43645
capital,Link,SE1 0,heat100-200 industry gas,1190634.83164
capital,Link,SE1 0,heat100-200 industry industrial heat pump high temperature,23270573.41851
capital,Link,SE1 0,heat100-200 industry solid biomass,3941.59188
capital,Link,SE1 0,heat200-500 industry gas,130025.05945
capital,Link,SE1 0,heat200-500 industry hydrogen,61.95401
capital,Link,SE1 0,heat200-500 industry solid biomass,1957485.0733
capital,Link,SE1 0,heat<100 industry electric boiler steam,437.26327
capital,Link,SE1 0,heat<100 industry gas,4154799.04731
capital,Link,SE1 0,heat<100 industry industrial heat pump medium temperature,71526205.6342
capital,Link,SE1 0,heat<100 industry solid biomass,3480.38865
capital,Link,SE1 0,heat>500 industry gas,474381.95388
capital,Link,SE1 0,heat>500 industry hydrogen,124.03796
capital,Link,SE1 0,home battery charger,6287.86525
capital,Link,SE1 0,methanolisation,32128758.86877
capital,Link,SE1 0,rural air heat pump,5071.78398
capital,Link,SE1 0,rural biomass boiler,36199558.54929
capital,Link,SE1 0,rural gas boiler,3449240.82383
capital,Link,SE1 0,rural ground heat pump,852595414.82105
capital,Link,SE1 0,rural resistive heater,3312270.19759
capital,Link,SE1 0,urban central air heat pump,7200.53416
capital,Link,SE1 0,urban central gas CHP,1483.51089
capital,Link,SE1 0,urban central gas boiler,69199164.26402
capital,Link,SE1 0,urban central resistive heater,24000447.7553
capital,Link,SE1 0,urban central solid biomass CHP,602553366.98696
capital,Link,SE1 0,urban central solid biomass CHP CC,1032310709.45629
capital,Link,SE1 0,urban decentral air heat pump,1316374144.49911
capital,Link,SE1 0,urban decentral biomass boiler,714866825.67406
capital,Link,SE1 0,urban decentral gas boiler,68115411.8318
capital,Link,SE1 0,urban decentral resistive heater,48009769.57819
capital,Link,SE1 0,waste CHP,2874.26482
capital,Link,SI0 0,Combined-Cycle Gas,20328905.61688
capital,Link,SI0 0,H2 Electrolysis,6722.35222
capital,Link,SI0 0,Haber-Bosch,2544.95801
capital,Link,SI0 0,Open-Cycle Gas,1330.17141
capital,Link,SI0 0,SMR,3549.43348
capital,Link,SI0 0,Sabatier,641.64156
capital,Link,SI0 0,battery charger,398662.17105
capital,Link,SI0 0,biogas to gas,9107666.15413
capital,Link,SI0 0,biomass to liquid,3099.35144
capital,Link,SI0 0,biomass-to-methanol,8429.95463
capital,Link,SI0 0,electricity distribution grid,101610379.53011
capital,Link,SI0 0,gas pipeline,3321347.86477
capital,Link,SI0 0,heat100-200 industry electric boiler steam,257.25885
capital,Link,SI0 0,heat100-200 industry gas,1277502.22331
capital,Link,SI0 0,heat100-200 industry industrial heat pump high temperature,24965033.06797
capital,Link,SI0 0,heat100-200 industry solid biomass,6448.1926
capital,Link,SI0 0,heat200-500 industry gas,117440.61341
capital,Link,SI0 0,heat200-500 industry hydrogen,57.74288
capital,Link,SI0 0,heat200-500 industry solid biomass,1768126.36214
capital,Link,SI0 0,heat<100 industry electric boiler steam,268.43934
capital,Link,SI0 0,heat<100 industry gas,564322.04321
capital,Link,SI0 0,heat<100 industry industrial heat pump medium temperature,2385124.5888
capital,Link,SI0 0,heat<100 industry solid biomass,6838056.55187
capital,Link,SI0 0,heat>500 industry gas,258426.96812
capital,Link,SI0 0,heat>500 industry hydrogen,101.30937
capital,Link,SI0 0,home battery charger,4169.94538
capital,Link,SI0 0,methanolisation,1830.98204
capital,Link,SI0 0,rural air heat pump,6473.35989
capital,Link,SI0 0,rural biomass boiler,142736714.77149
capital,Link,SI0 0,rural gas boiler,15082419.46597
capital,Link,SI0 0,rural ground heat pump,54482823.86086
capital,Link,SI0 0,rural resistive heater,1631991.13565
capital,Link,SI0 0,urban central air heat pump,11820.90793
capital,Link,SI0 0,urban central gas CHP,1489.02485
capital,Link,SI0 0,urban central gas boiler,1897442.1269
capital,Link,SI0 0,urban central resistive heater,707852.00411
capital,Link,SI0 0,urban central solid biomass CHP,52081675.99819
capital,Link,SI0 0,urban central solid biomass CHP CC,56205.78297
capital,Link,SI0 0,urban decentral air heat pump,8699616.30527
capital,Link,SI0 0,urban decentral biomass boiler,145968016.99687
capital,Link,SI0 0,urban decentral gas boiler,15423858.28683
capital,Link,SI0 0,urban decentral resistive heater,1785700.59975
capital,Link,SI0 0,waste CHP,3055.63304
capital,Link,SK0 0,Combined-Cycle Gas,81511601.74566
capital,Link,SK0 0,EAF,1924.41069
capital,Link,SK0 0,H2 DRI,1606.59907
capital,Link,SK0 0,H2 Electrolysis,6054.37215
capital,Link,SK0 0,Haber-Bosch,2500.47014
capital,Link,SK0 0,Open-Cycle Gas,1332.42705
capital,Link,SK0 0,SMR,3699.34491
capital,Link,SK0 0,Sabatier,646.27837
capital,Link,SK0 0,battery charger,83785.16724
capital,Link,SK0 0,biogas to gas,85452669.17468
capital,Link,SK0 0,biomass to liquid,3549.03941
capital,Link,SK0 0,biomass-to-methanol,9734.17834
capital,Link,SK0 0,electricity distribution grid,217463329.60607
capital,Link,SK0 0,gas DRI,1716.8238
capital,Link,SK0 0,heat100-200 industry electric boiler steam,261.63014
capital,Link,SK0 0,heat100-200 industry gas,2920797.30426
capital,Link,SK0 0,heat100-200 industry industrial heat pump high temperature,50473756.72101
capital,Link,SK0 0,heat100-200 industry solid biomass,5439846.84061
capital,Link,SK0 0,heat200-500 industry gas,274720.93795
capital,Link,SK0 0,heat200-500 industry hydrogen,53.99375
capital,Link,SK0 0,heat200-500 industry solid biomass,4134957.39864
capital,Link,SK0 0,heat<100 industry electric boiler steam,254.22091
capital,Link,SK0 0,heat<100 industry gas,1407689.40521
capital,Link,SK0 0,heat<100 industry industrial heat pump medium temperature,6781.72807
capital,Link,SK0 0,heat<100 industry solid biomass,22594070.50757
capital,Link,SK0 0,heat>500 industry gas,715499.95753
capital,Link,SK0 0,heat>500 industry hydrogen,94.52371
capital,Link,SK0 0,home battery charger,4178.55176
capital,Link,SK0 0,methanolisation,1978.56611
capital,Link,SK0 0,rural air heat pump,6733.98308
capital,Link,SK0 0,rural biomass boiler,12985709.66658
capital,Link,SK0 0,rural gas boiler,352189241.72972
capital,Link,SK0 0,rural ground heat pump,47550463.74869
capital,Link,SK0 0,rural resistive heater,4543154.84656
capital,Link,SK0 0,urban central air heat pump,7913.21907
capital,Link,SK0 0,urban central gas CHP,1501.97171
capital,Link,SK0 0,urban central gas boiler,5596372.41257
capital,Link,SK0 0,urban central resistive heater,1003381.63073
capital,Link,SK0 0,urban central solid biomass CHP,146028079.43217
capital,Link,SK0 0,urban central solid biomass CHP CC,38514.00624
capital,Link,SK0 0,urban decentral air heat pump,16822588.91535
capital,Link,SK0 0,urban decentral biomass boiler,11478982.03607
capital,Link,SK0 0,urban decentral gas boiler,311324839.60569
capital,Link,SK0 0,urban decentral resistive heater,3475150.40009
capital,Link,SK0 0,waste CHP,3111.09538
capital,Link,XK0 0,Combined-Cycle Gas,1448.23355
capital,Link,XK0 0,EAF,1691.36019
capital,Link,XK0 0,H2 DRI,1492.70093
capital,Link,XK0 0,H2 Electrolysis,17214.54053
capital,Link,XK0 0,Haber-Bosch,2447.20329
capital,Link,XK0 0,Open-Cycle Gas,1335.62609
capital,Link,XK0 0,SMR,40518.90621
capital,Link,XK0 0,Sabatier,626.10932
capital,Link,XK0 0,battery charger,12275918.97561
capital,Link,XK0 0,biogas to gas,2494489.18964
capital,Link,XK0 0,biomass to liquid,5769.95875
capital,Link,XK0 0,biomass-to-methanol,109200940.15859
capital,Link,XK0 0,electricity distribution grid,51487195.23488
capital,Link,XK0 0,gas DRI,1556.97237
capital,Link,XK0 0,heat100-200 industry electric boiler steam,407.84355
capital,Link,XK0 0,heat100-200 industry gas,117831.57896
capital,Link,XK0 0,heat100-200 industry industrial heat pump high temperature,10853.21278
capital,Link,XK0 0,heat100-200 industry solid biomass,1883949.41745
capital,Link,XK0 0,heat200-500 industry gas,14689.03674
capital,Link,XK0 0,heat200-500 industry hydrogen,56.43424
capital,Link,XK0 0,heat200-500 industry solid biomass,221943.41908
capital,Link,XK0 0,heat<100 industry electric boiler steam,409.54336
capital,Link,XK0 0,heat<100 industry gas,124029.87029
capital,Link,XK0 0,heat<100 industry industrial heat pump medium temperature,6663.98442
capital,Link,XK0 0,heat<100 industry solid biomass,1986058.1244
capital,Link,XK0 0,heat>500 industry gas,23888.44353
capital,Link,XK0 0,heat>500 industry hydrogen,146.81329
capital,Link,XK0 0,home battery charger,79512.17402
capital,Link,XK0 0,methanolisation,1973.41209
capital,Link,XK0 0,rural air heat pump,5637.34481
capital,Link,XK0 0,rural biomass boiler,12720.92532
capital,Link,XK0 0,rural gas boiler,1996.35777
capital,Link,XK0 0,rural ground heat pump,4853778.08991
capital,Link,XK0 0,rural resistive heater,2721.52092
capital,Link,XK0 0,urban central air heat pump,2277.01499
capital,Link,XK0 0,urban central gas CHP,1360.21377
capital,Link,XK0 0,urban central gas boiler,1304.06805
capital,Link,XK0 0,urban central resistive heater,53945.2727
capital,Link,XK0 0,urban central solid biomass CHP,1007726.65763
capital,Link,XK0 0,urban central solid biomass CHP CC,15284.87699
capital,Link,XK0 0,urban decentral air heat pump,7317.64352
capital,Link,XK0 0,urban decentral biomass boiler,3700046.88696
capital,Link,XK0 0,urban decentral gas boiler,1568.90839
capital,Link,XK0 0,urban decentral resistive heater,3805.48691
capital,Link,XK0 0,waste CHP,2105.97397
capital,StorageUnit,AL0 0,Reservoir & Dam,308888750.57444
capital,StorageUnit,AT0 0,Pumped Hydro Storage,968906199.16096
capital,StorageUnit,AT0 0,Reservoir & Dam,795309515.52648
capital,StorageUnit,BA0 0,Pumped Hydro Storage,80387443.22041
capital,StorageUnit,BA0 0,Reservoir & Dam,324016205.79865
capital,StorageUnit,BE0 0,Pumped Hydro Storage,238969944.84614
capital,StorageUnit,BE0 0,Reservoir & Dam,2326790.57208
capital,StorageUnit,BG0 0,Pumped Hydro Storage,157851706.68736
capital,StorageUnit,BG0 0,Reservoir & Dam,351720641.91216
capital,StorageUnit,CH0 0,Pumped Hydro Storage,933142921.86461
capital,StorageUnit,CH0 0,Reservoir & Dam,1910456916.79149
capital,StorageUnit,CZ0 0,Pumped Hydro Storage,214672758.22305
capital,StorageUnit,CZ0 0,Reservoir & Dam,122953307.34807
capital,StorageUnit,DE0 0,Pumped Hydro Storage,58463595.06939
capital,StorageUnit,DE0 1,Pumped Hydro Storage,283200943.09336
capital,StorageUnit,DE0 2,Pumped Hydro Storage,380652813.52212
capital,StorageUnit,DE0 3,Pumped Hydro Storage,107885064.36636
capital,StorageUnit,DE0 4,Pumped Hydro Storage,310204181.4635
capital,StorageUnit,DE0 5,Pumped Hydro Storage,182662194.84493
capital,StorageUnit,ES0 0,Pumped Hydro Storage,1369939056.52681
capital,StorageUnit,ES0 0,Reservoir & Dam,2495507959.01041
capital,StorageUnit,ES6 0,Pumped Hydro Storage,250735743.35386
capital,StorageUnit,ES6 0,Reservoir & Dam,230966826.77735
capital,StorageUnit,FI1 0,Reservoir & Dam,213940218.20706
capital,StorageUnit,FR0 0,Pumped Hydro Storage,147620577.55022
capital,StorageUnit,FR0 1,Pumped Hydro Storage,640779271.834
capital,StorageUnit,FR0 1,Reservoir & Dam,860935785.39339
capital,StorageUnit,FR0 2,Pumped Hydro Storage,168265534.55909
capital,StorageUnit,FR0 2,Reservoir & Dam,655378064.4141
capital,StorageUnit,FR0 4,Reservoir & Dam,25395124.10827
capital,StorageUnit,FR5 0,Reservoir & Dam,24657347.05265
capital,StorageUnit,GB2 0,Reservoir & Dam,14524549.40005
capital,StorageUnit,GB3 0,Pumped Hydro Storage,80387443.22041
capital,StorageUnit,GB3 0,Reservoir & Dam,25943220.31204
capital,StorageUnit,GR0 0,Pumped Hydro Storage,127706415.4797
capital,StorageUnit,GR0 0,Reservoir & Dam,468804952.96269
capital,StorageUnit,HR0 0,Pumped Hydro Storage,44889079.08922
capital,StorageUnit,HR0 0,Reservoir & Dam,265352456.70155
capital,StorageUnit,HU0 0,Reservoir & Dam,5115564.56857
capital,StorageUnit,IE3 0,Pumped Hydro Storage,71617903.96001
capital,StorageUnit,IE3 0,Reservoir & Dam,182698.73459
capital,StorageUnit,IT0 0,Pumped Hydro Storage,437746168.08208
capital,StorageUnit,IT0 0,Reservoir & Dam,133187377.51746
capital,StorageUnit,IT0 1,Pumped Hydro Storage,901782684.07192
capital,StorageUnit,IT0 1,Reservoir & Dam,618946773.05027
capital,StorageUnit,IT4 0,Pumped Hydro Storage,43847696.30204
capital,StorageUnit,IT4 0,Reservoir & Dam,14250501.29816
capital,StorageUnit,LT0 0,Pumped Hydro Storage,164428861.13267
capital,StorageUnit,LU0 0,Pumped Hydro Storage,236412162.56186
capital,StorageUnit,ME0 0,Pumped Hydro Storage,56088511.5197
capital,StorageUnit,ME0 0,Reservoir & Dam,63023938.18354
capital,StorageUnit,MK0 0,Reservoir & Dam,67781230.53358
capital,StorageUnit,NO1 0,Pumped Hydro Storage,42806313.51487
capital,StorageUnit,NO1 0,Reservoir & Dam,5530456951.94381
capital,StorageUnit,PL0 0,Pumped Hydro Storage,465516375.74004
capital,StorageUnit,PL0 0,Reservoir & Dam,24297768.01451
capital,StorageUnit,PT0 0,Pumped Hydro Storage,716727135.80383
capital,StorageUnit,PT0 0,Reservoir & Dam,211820912.88579
capital,StorageUnit,RO0 0,Reservoir & Dam,812998407.00966
capital,StorageUnit,RS0 0,Pumped Hydro Storage,112177023.0394
capital,StorageUnit,RS0 0,Reservoir & Dam,144350270.20102
capital,StorageUnit,SE1 0,Pumped Hydro Storage,16808283.58245
capital,StorageUnit,SE1 0,Reservoir & Dam,1987613629.76376
capital,StorageUnit,SI0 0,Pumped Hydro Storage,32885772.22653
capital,StorageUnit,SI0 0,Reservoir & Dam,105269183.88448
capital,StorageUnit,SK0 0,Pumped Hydro Storage,150273363.17649
capital,StorageUnit,SK0 0,Reservoir & Dam,51594122.64874
capital,StorageUnit,XK0 0,Reservoir & Dam,6394455.71071
capital,Store,AL0 0,Battery Storage,92432331.60502
capital,Store,AL0 0,H2 Store,2682.66991
capital,Store,AL0 0,co2 stored,2656.72917
capital,Store,AL0 0,gas,10314.73456
capital,Store,AL0 0,home battery,5726.36194
capital,Store,AT0 0,Battery Storage,88775127.66785
capital,Store,AT0 0,H2 Store,2588.44972
capital,Store,AT0 0,co2 stored,4091.15738
capital,Store,AT0 0,gas,1558082907.72589
capital,Store,AT0 0,home battery,5325.33995
capital,Store,BA0 0,Battery Storage,8783400.02348
capital,Store,BA0 0,H2 Store,2257.81279
capital,Store,BA0 0,co2 stored,2682.3527
capital,Store,BA0 0,gas,24383.5502
capital,Store,BA0 0,home battery,5539.60697
capital,Store,BE0 0,Battery Storage,19266.52733
capital,Store,BE0 0,H2 Store,2769.04368
capital,Store,BE0 0,co2 stored,5177.78211
capital,Store,BE0 0,gas,9733974.48128
capital,Store,BE0 0,home battery,5563.714
capital,Store,BG0 0,Battery Storage,260552745.95562
capital,Store,BG0 0,H2 Store,2603.83963
capital,Store,BG0 0,co2 sequestered,15557.30973
capital,Store,BG0 0,co2 stored,2650.82243
capital,Store,BG0 0,gas,101394879.28503
capital,Store,BG0 0,home battery,6852941.2294
capital,Store,CH0 0,Battery Storage,27554.80093
capital,Store,CH0 0,H2 Store,2612.2825
capital,Store,CH0 0,co2 stored,3750.09167
capital,Store,CH0 0,gas,17974.01815
capital,Store,CH0 0,home battery,183079.51151
capital,Store,CZ0 0,Battery Storage,53101.57064
capital,Store,CZ0 0,H2 Store,2588.73225
capital,Store,CZ0 0,co2 stored,4141.80158
capital,Store,CZ0 0,gas,655369451.947
capital,Store,CZ0 0,home battery,5939.82139
capital,Store,DE0 0,Battery Storage,20186.68281
capital,Store,DE0 0,H2 Store,2716.3336
capital,Store,DE0 0,co2 sequestered,1701186.82472
capital,Store,DE0 0,co2 stored,5560.56252
capital,Store,DE0 0,gas,1646927072.15024
capital,Store,DE0 0,home battery,5371.22916
capital,Store,DE0 1,Battery Storage,47198.54297
capital,Store,DE0 1,H2 Store,2591.52243
capital,Store,DE0 1,co2 stored,5259.95685
capital,Store,DE0 1,gas,619966398.88529
capital,Store,DE0 1,home battery,5087.58236
capital,Store,DE0 2,Battery Storage,20702.73434
capital,Store,DE0 2,H2 Store,2829.47937
capital,Store,DE0 2,co2 sequestered,752540.89867
capital,Store,DE0 2,co2 stored,4857.59619
capital,Store,DE0 2,gas,1124458825.2902
capital,Store,DE0 2,home battery,5467.60278
capital,Store,DE0 3,Battery Storage,22516595.28552
capital,Store,DE0 3,H2 Store,2587.54638
capital,Store,DE0 3,co2 stored,5930.90994
capital,Store,DE0 3,gas,604672531.26262
capital,Store,DE0 3,home battery,5376.77283
capital,Store,DE0 4,Battery Storage,98113.67454
capital,Store,DE0 4,H2 Store,2588.00385
capital,Store,DE0 4,co2 stored,6268.22721
capital,Store,DE0 4,gas,107937441.50871
capital,Store,DE0 4,home battery,5195.52731
capital,Store,DE0 5,Battery Storage,33042.05976
capital,Store,DE0 5,H2 Store,2643.55005
capital,Store,DE0 5,co2 stored,5868.211
capital,Store,DE0 5,gas,617599920.23041
capital,Store,DE0 5,home battery,6034.54454
capital,Store,DK0 0,Battery Storage,11604.49702
capital,Store,DK0 0,H2 Store,56652200.85165
capital,Store,DK0 0,co2 sequestered,1258284.99247
capital,Store,DK0 0,co2 stored,3484520.06505
capital,Store,DK0 0,gas,67934532.12469
capital,Store,DK0 0,home battery,6549.14074
capital,Store,DK1 0,Battery Storage,8986.50307
capital,Store,DK1 0,H2 Store,33908458.16059
capital,Store,DK1 0,co2 sequestered,16280156.9855
capital,Store,DK1 0,co2 stored,2650297.91771
capital,Store,DK1 0,gas,121673885.71448
capital,Store,DK1 0,home battery,10148.41847
capital,Store,EE0 0,Battery Storage,6022.38995
capital,Store,EE0 0,H2 Store,3151.82002
capital,Store,EE0 0,co2 sequestered,6922490.58897
capital,Store,EE0 0,co2 stored,2583.46689
capital,Store,EE0 0,gas,1222662.68867
capital,Store,EE0 0,home battery,10236.47562
capital,Store,ES0 0,Battery Storage,2163753985.28992
capital,Store,ES0 0,H2 Store,3723.85802
capital,Store,ES0 0,co2 sequestered,5196.44224
capital,Store,ES0 0,co2 stored,2840.87701
capital,Store,ES0 0,gas,739153845.99297
capital,Store,ES0 0,home battery,6944.05075
capital,Store,ES6 0,Battery Storage,5831.11416
capital,Store,ES6 0,H2 Store,3133.94879
capital,Store,ES6 0,co2 stored,3023.17379
capital,Store,ES6 0,gas,57253.16341
capital,Store,ES6 0,home battery,19699.29718
capital,Store,EU,ammonia store,19082999.91815
capital,Store,EU,methanol,0.0
capital,Store,EU,uranium,12478421789.16894
capital,Store,FI1 0,Battery Storage,3293.78923
capital,Store,FI1 0,H2 Store,4060.48057
capital,Store,FI1 0,co2 stored,24177.69571
capital,Store,FI1 0,gas,181365.42381
capital,Store,FI1 0,home battery,10954.42138
capital,Store,FR0 0,Battery Storage,7328.59338
capital,Store,FR0 0,H2 Store,3253.66889
capital,Store,FR0 0,co2 stored,3849.2664
capital,Store,FR0 0,gas,1806246646.41034
capital,Store,FR0 0,home battery,23218.66358
capital,Store,FR0 1,Battery Storage,9768.43557
capital,Store,FR0 1,H2 Store,3230.86118
capital,Store,FR0 1,co2 stored,3260.9381
capital,Store,FR0 1,gas,146010727.87985
capital,Store,FR0 1,home battery,15226.11841
capital,Store,FR0 2,Battery Storage,7889.31547
capital,Store,FR0 2,H2 Store,2803.15893
capital,Store,FR0 2,co2 stored,3104.42018
capital,Store,FR0 2,gas,588090091.47188
capital,Store,FR0 2,home battery,21320.01112
capital,Store,FR0 3,Battery Storage,7205.93662
capital,Store,FR0 3,H2 Store,3825.86051
capital,Store,FR0 3,co2 stored,3882.47604
capital,Store,FR0 3,gas,374501.24326
capital,Store,FR0 3,home battery,26960.08945
capital,Store,FR0 4,Battery Storage,8738.93825
capital,Store,FR0 4,H2 Store,1412539.10675
capital,Store,FR0 4,co2 stored,24720.7847
capital,Store,FR0 4,gas,256201374.95869
capital,Store,FR0 4,home battery,15772.09401
capital,Store,FR5 0,Battery Storage,88731977.42499
capital,Store,FR5 0,H2 Store,2697.46312
capital,Store,FR5 0,co2 stored,2769.62529
capital,Store,FR5 0,gas,49727.93632
capital,Store,FR5 0,home battery,211453.55625
capital,Store,GB2 0,Battery Storage,8104.13308
capital,Store,GB2 0,H2 Store,50086305.91968
capital,Store,GB2 0,co2 sequestered,303174.92844
capital,Store,GB2 0,co2 stored,982339.20967
capital,Store,GB2 0,gas,586813979.22698
capital,Store,GB2 0,home battery,4696.02808
capital,Store,GB2 1,Battery Storage,8473.96469
capital,Store,GB2 1,H2 Store,30015382.18259
capital,Store,GB2 1,co2 sequestered,40497.78314
capital,Store,GB2 1,co2 stored,12219.95734
capital,Store,GB2 1,gas,1806259287.46443
capital,Store,GB2 1,home battery,4826.32045
capital,Store,GB3 0,Battery Storage,8850.76685
capital,Store,GB3 0,H2 Store,1716160.89782
capital,Store,GB3 0,co2 stored,1666207.13347
capital,Store,GB3 0,gas,83830656.22008
capital,Store,GB3 0,home battery,5212.24708
capital,Store,GR0 0,Battery Storage,406239868.0982
capital,Store,GR0 0,H2 Store,2730.20427
capital,Store,GR0 0,co2 sequestered,13630.95061
capital,Store,GR0 0,co2 stored,2671.21439
capital,Store,GR0 0,gas,83830569.10976
capital,Store,GR0 0,home battery,9504.28626
capital,Store,HR0 0,Battery Storage,30447906.51782
capital,Store,HR0 0,H2 Store,2589.55342
capital,Store,HR0 0,co2 stored,2737.57526
capital,Store,HR0 0,gas,179141423.26831
capital,Store,HR0 0,home battery,5717.87017
capital,Store,HU0 0,Battery Storage,251454225.96586
capital,Store,HU0 0,H2 Store,2588.66545
capital,Store,HU0 0,co2 stored,2772.25701
capital,Store,HU0 0,gas,1593552384.1404
capital,Store,HU0 0,home battery,5719.14439
capital,Store,IE3 0,Battery Storage,9142.97857
capital,Store,IE3 0,H2 Store,3788.73841
capital,Store,IE3 0,co2 sequestered,25794.70532
capital,Store,IE3 0,co2 stored,21532.26719
capital,Store,IE3 0,gas,167661426.81969
capital,Store,IE3 0,home battery,4782.05531
capital,Store,IT0 0,Battery Storage,1871785059.87602
capital,Store,IT0 0,H2 Store,2697.45076
capital,Store,IT0 0,co2 sequestered,5496.01447
capital,Store,IT0 0,co2 stored,2752.4265
capital,Store,IT0 0,gas,862078918.78199
capital,Store,IT0 0,home battery,6073.42424
capital,Store,IT0 1,Battery Storage,768480282.1578
capital,Store,IT0 1,H2 Store,2608.28279
capital,Store,IT0 1,co2 sequestered,339630.12385
capital,Store,IT0 1,co2 stored,3108.51288
capital,Store,IT0 1,gas,1806260467.83826
capital,Store,IT0 1,home battery,5607.49806
capital,Store,IT4 0,Battery Storage,208052740.57698
capital,Store,IT4 0,H2 Store,2753.68806
capital,Store,IT4 0,co2 stored,2754.09714
capital,Store,IT4 0,gas,1293307.27213
capital,Store,IT4 0,home battery,5997.15178
capital,Store,LT0 0,Battery Storage,6424.13484
capital,Store,LT0 0,H2 Store,2889.07474
capital,Store,LT0 0,co2 sequestered,23208.20333
capital,Store,LT0 0,co2 stored,2592.4037
capital,Store,LT0 0,gas,27378.56916
capital,Store,LT0 0,home battery,3553.03533
capital,Store,LU0 0,Battery Storage,12932425.94031
capital,Store,LU0 0,H2 Store,2941.71936
capital,Store,LU0 0,co2 stored,5379.25983
capital,Store,LU0 0,gas,34137.1412
capital,Store,LU0 0,home battery,8880.06395
capital,Store,LV0 0,Battery Storage,6188.66041
capital,Store,LV0 0,H2 Store,2900.75724
capital,Store,LV0 0,co2 sequestered,11735798.30965
capital,Store,LV0 0,co2 stored,2583.39077
capital,Store,LV0 0,gas,435997699.13127
capital,Store,LV0 0,home battery,3760.55335
capital,Store,ME0 0,Battery Storage,123270324.45029
capital,Store,ME0 0,H2 Store,2606.467
capital,Store,ME0 0,co2 stored,2665.40241
capital,Store,ME0 0,gas,10714.06339
capital,Store,ME0 0,home battery,19683.40839
capital,Store,MK0 0,Battery Storage,4449135.07255
capital,Store,MK0 0,H2 Store,2623.03358
capital,Store,MK0 0,co2 stored,2655.01925
capital,Store,MK0 0,gas,141383.06034
capital,Store,MK0 0,home battery,5664.73493
capital,Store,NL0 0,Battery Storage,16787.20642
capital,Store,NL0 0,H2 Store,26240279.48885
capital,Store,NL0 0,co2 sequestered,82299.26102
capital,Store,NL0 0,co2 stored,12419.44809
capital,Store,NL0 0,gas,1806248543.04884
capital,Store,NL0 0,home battery,5641.97213
capital,Store,NO1 0,Battery Storage,2805.38786
capital,Store,NO1 0,H2 Store,2590.68926
capital,Store,NO1 0,co2 sequestered,28583.2876
capital,Store,NO1 0,co2 stored,5383.57446
capital,Store,NO1 0,gas,2590.12247
capital,Store,NO1 0,home battery,9619.97813
capital,Store,PL0 0,Battery Storage,30269.61127
capital,Store,PL0 0,H2 Store,2741.55142
capital,Store,PL0 0,co2 sequestered,120034.48784
capital,Store,PL0 0,co2 stored,3430.49679
capital,Store,PL0 0,gas,1806265078.60301
capital,Store,PL0 0,home battery,5822.72518
capital,Store,PT0 0,Battery Storage,125897.74059
capital,Store,PT0 0,H2 Store,3580.76069
capital,Store,PT0 0,co2 sequestered,10255.37353
capital,Store,PT0 0,co2 stored,2695.65319
capital,Store,PT0 0,gas,83830624.19446
capital,Store,PT0 0,home battery,13632.08424
capital,Store,RO0 0,Battery Storage,1713297.04406
capital,Store,RO0 0,H2 Store,2610.44927
capital,Store,RO0 0,co2 stored,2658.95935
capital,Store,RO0 0,gas,925471200.41864
capital,Store,RO0 0,home battery,5700.48303
capital,Store,RS0 0,Battery Storage,51475687.25184
capital,Store,RS0 0,H2 Store,2594.68273
capital,Store,RS0 0,co2 stored,2671.09558
capital,Store,RS0 0,gas,83830573.6023
capital,Store,RS0 0,home battery,12534.06901
capital,Store,SE1 0,Battery Storage,3109.479
capital,Store,SE1 0,H2 Store,3166.8291
capital,Store,SE1 0,co2 sequestered,3276415.03739
capital,Store,SE1 0,co2 stored,3569.28505
capital,Store,SE1 0,gas,63878654.74681
capital,Store,SE1 0,home battery,9957.1855
capital,Store,SI0 0,Battery Storage,1228330.47765
capital,Store,SI0 0,H2 Store,2589.09356
capital,Store,SI0 0,co2 stored,3020.83751
capital,Store,SI0 0,gas,137854.34035
capital,Store,SI0 0,home battery,5465.97517
capital,Store,SK0 0,Battery Storage,299928.76339
capital,Store,SK0 0,H2 Store,2587.91684
capital,Store,SK0 0,co2 stored,2809.86075
capital,Store,SK0 0,gas,608401179.83372
capital,Store,SK0 0,home battery,5609.02864
capital,Store,XK0 0,Battery Storage,45485734.24665
capital,Store,XK0 0,H2 Store,2641.61909
capital,Store,XK0 0,co2 stored,2658.3229
capital,Store,XK0 0,gas,5349.68129
capital,Store,XK0 0,home battery,129115.21733
marginal,Generator,,co2-ets,16282312774.90737
marginal,Generator,AL0 0,Offshore Wind (AC),0.32597
marginal,Generator,AL0 0,Offshore Wind (Floating),0.35992
marginal,Generator,AL0 0,Onshore Wind,2164.75375
marginal,Generator,AL0 0,Run of River,1979.86845
marginal,Generator,AL0 0,Solar,7514.34468
marginal,Generator,AL0 0,forest residues,6443513.09698
marginal,Generator,AL0 0,industry wood,3918720.58844
marginal,Generator,AL0 0,landscape care,711.4795
marginal,Generator,AL0 0,manure and slurry,3204221.68873
marginal,Generator,AL0 0,municipal solid waste,1768.69928
marginal,Generator,AL0 0,rural heat vent,10.60155
marginal,Generator,AL0 0,rural solar thermal,0.27788
marginal,Generator,AL0 0,sewage sludge,59192.16375
marginal,Generator,AL0 0,solar-hsat,205815.98122
marginal,Generator,AL0 0,solid biomass,45285668.20963
marginal,Generator,AL0 0,straw,1633435.16242
marginal,Generator,AL0 0,unsustainable solid biomass,17853445.44588
marginal,Generator,AL0 0,urban central heat vent,108.2248
marginal,Generator,AL0 0,urban central solar thermal,1.86688
marginal,Generator,AL0 0,urban decentral heat vent,11.12607
marginal,Generator,AL0 0,urban decentral solar thermal,0.27257
marginal,Generator,AT0 0,Onshore Wind,88154.3586
marginal,Generator,AT0 0,Run of River,184547.58843
marginal,Generator,AT0 0,Solar,8575.13574
marginal,Generator,AT0 0,forest residues,138828449.48991
marginal,Generator,AT0 0,gas,384206635.31605
marginal,Generator,AT0 0,industry wood,78670996.39597
marginal,Generator,AT0 0,landscape care,4081928.95283
marginal,Generator,AT0 0,manure and slurry,8767514.16027
marginal,Generator,AT0 0,municipal solid waste,7317.78302
marginal,Generator,AT0 0,rural solar thermal,0.09899
marginal,Generator,AT0 0,sewage sludge,6322370.07924
marginal,Generator,AT0 0,solar-hsat,1227139.85951
marginal,Generator,AT0 0,solid biomass,2217.84908
marginal,Generator,AT0 0,straw,24174447.72622
marginal,Generator,AT0 0,unsustainable biogas,102842875.24125
marginal,Generator,AT0 0,unsustainable bioliquids,420171057.99633
marginal,Generator,AT0 0,unsustainable solid biomass,520575643.36511
marginal,Generator,AT0 0,urban central heat vent,12216.36452
marginal,Generator,AT0 0,urban central solar thermal,0.39671
marginal,Generator,AT0 0,urban decentral heat vent,7.01122
marginal,Generator,AT0 0,urban decentral solar thermal,0.1229
marginal,Generator,BA0 0,Offshore Wind (AC),0.14552
marginal,Generator,BA0 0,Offshore Wind (Floating),0.04521
marginal,Generator,BA0 0,Onshore Wind,4232.69906
marginal,Generator,BA0 0,Solar,6385.11095
marginal,Generator,BA0 0,forest residues,8075943.56226
marginal,Generator,BA0 0,industry wood,13288923.44509
marginal,Generator,BA0 0,landscape care,1550.26241
marginal,Generator,BA0 0,manure and slurry,2853575.29891
marginal,Generator,BA0 0,municipal solid waste,570.08714
marginal,Generator,BA0 0,rural heat vent,7.9608
marginal,Generator,BA0 0,rural solar thermal,0.1073
marginal,Generator,BA0 0,sewage sludge,149909.33463
marginal,Generator,BA0 0,solar-hsat,227121.60636
marginal,Generator,BA0 0,solid biomass,8218594.92435
marginal,Generator,BA0 0,straw,3037722.80184
marginal,Generator,BA0 0,unsustainable biogas,766905.58114
marginal,Generator,BA0 0,unsustainable solid biomass,161936471.45936
marginal,Generator,BA0 0,urban central heat vent,796.79643
marginal,Generator,BA0 0,urban central solar thermal,0.83483
marginal,Generator,BA0 0,urban decentral heat vent,8.43853
marginal,Generator,BA0 0,urban decentral solar thermal,0.11746
marginal,Generator,BE0 0,Offshore Wind (AC),222552.24272
marginal,Generator,BE0 0,Offshore Wind (DC),99201.40501
marginal,Generator,BE0 0,Offshore Wind (Floating),0.50074
marginal,Generator,BE0 0,Onshore Wind,932805.66081
marginal,Generator,BE0 0,Run of River,2952.69416
marginal,Generator,BE0 0,Solar,8917.61412
marginal,Generator,BE0 0,forest residues,41726510.34474
marginal,Generator,BE0 0,gas,1122985163.22211
marginal,Generator,BE0 0,industry wood,11813423.04758
marginal,Generator,BE0 0,landscape care,5046467.40202
marginal,Generator,BE0 0,manure and slurry,68303890.21917
marginal,Generator,BE0 0,municipal solid waste,35290.99237
marginal,Generator,BE0 0,rural solar thermal,0.00525
marginal,Generator,BE0 0,sewage sludge,23151828.23058
marginal,Generator,BE0 0,solar-hsat,466012.47135
marginal,Generator,BE0 0,solid biomass,510477365.31216
marginal,Generator,BE0 0,straw,8231177.30521
marginal,Generator,BE0 0,unsustainable biogas,111026588.19244
marginal,Generator,BE0 0,unsustainable bioliquids,481330652.98087
marginal,Generator,BE0 0,unsustainable solid biomass,133279455.15829
marginal,Generator,BE0 0,urban central heat vent,32.70292
marginal,Generator,BE0 0,urban central solar thermal,0.12396
marginal,Generator,BE0 0,urban decentral heat vent,14.79643
marginal,Generator,BE0 0,urban decentral solar thermal,0.02781
marginal,Generator,BG0 0,Offshore Wind (AC),13845.39794
marginal,Generator,BG0 0,Offshore Wind (DC),1252.01877
marginal,Generator,BG0 0,Offshore Wind (Floating),0.73061
marginal,Generator,BG0 0,Onshore Wind,15347.28179
marginal,Generator,BG0 0,Run of River,1738.68053
marginal,Generator,BG0 0,Solar,65174.18459
marginal,Generator,BG0 0,forest residues,65876387.61945
marginal,Generator,BG0 0,gas,57404272.81091
marginal,Generator,BG0 0,industry wood,19930428.24534
marginal,Generator,BG0 0,landscape care,4457903.44381
marginal,Generator,BG0 0,manure and slurry,10852009.61334
marginal,Generator,BG0 0,municipal solid waste,3226.34718
marginal,Generator,BG0 0,rural solar thermal,0.13076
marginal,Generator,BG0 0,sewage sludge,141.75477
marginal,Generator,BG0 0,solar-hsat,491623.61544
marginal,Generator,BG0 0,solid biomass,3286.0813
marginal,Generator,BG0 0,straw,32663790.84688
marginal,Generator,BG0 0,unsustainable biogas,24422442.98693
marginal,Generator,BG0 0,unsustainable bioliquids,174226671.59188
marginal,Generator,BG0 0,unsustainable solid biomass,180753052.41405
marginal,Generator,BG0 0,urban central heat vent,9555.69535
marginal,Generator,BG0 0,urban central solar thermal,0.32055
marginal,Generator,BG0 0,urban decentral heat vent,24.42403
marginal,Generator,BG0 0,urban decentral solar thermal,0.11957
marginal,Generator,CH0 0,Onshore Wind,529.50577
marginal,Generator,CH0 0,Run of River,112361.28846
marginal,Generator,CH0 0,Solar,2231.4191
marginal,Generator,CH0 0,forest residues,173390993.77887
marginal,Generator,CH0 0,industry wood,76664747.0455
marginal,Generator,CH0 0,landscape care,16177.41405
marginal,Generator,CH0 0,manure and slurry,206743.22857
marginal,Generator,CH0 0,municipal solid waste,70620.5741
marginal,Generator,CH0 0,rural solar thermal,0.04207
marginal,Generator,CH0 0,sewage sludge,4462.97941
marginal,Generator,CH0 0,solar-hsat,1284076.06614
marginal,Generator,CH0 0,solid biomass,17552.61987
marginal,Generator,CH0 0,straw,53709.07241
marginal,Generator,CH0 0,unsustainable solid biomass,6393.46272
marginal,Generator,CH0 0,urban central heat vent,33.06744
marginal,Generator,CH0 0,urban central solar thermal,0.30821
marginal,Generator,CH0 0,urban decentral heat vent,15.60222
marginal,Generator,CH0 0,urban decentral solar thermal,0.05117
marginal,Generator,CZ0 0,Onshore Wind,670261.36306
marginal,Generator,CZ0 0,Run of River,1186.02423
marginal,Generator,CZ0 0,Solar,28504.86521
marginal,Generator,CZ0 0,forest residues,105291141.55758
marginal,Generator,CZ0 0,industry wood,51909367.34606
marginal,Generator,CZ0 0,landscape care,9265250.76107
marginal,Generator,CZ0 0,manure and slurry,80014284.30041
marginal,Generator,CZ0 0,municipal solid waste,3382.90224
marginal,Generator,CZ0 0,rural solar thermal,0.05192
marginal,Generator,CZ0 0,sewage sludge,867410.65411
marginal,Generator,CZ0 0,solar-hsat,67760.341
marginal,Generator,CZ0 0,solid biomass,274840935.5834
marginal,Generator,CZ0 0,straw,40940042.54659
marginal,Generator,CZ0 0,unsustainable biogas,278559949.99862
marginal,Generator,CZ0 0,unsustainable bioliquids,295373036.81856
marginal,Generator,CZ0 0,unsustainable solid biomass,375926234.17206
marginal,Generator,CZ0 0,urban central heat vent,666.2091
marginal,Generator,CZ0 0,urban central solar thermal,0.30676
marginal,Generator,CZ0 0,urban decentral heat vent,7.65982
marginal,Generator,CZ0 0,urban decentral solar thermal,0.05115
marginal,Generator,DE0 0,Offshore Wind (AC),221606.08845
marginal,Generator,DE0 0,Offshore Wind (DC),187078.5274
marginal,Generator,DE0 0,Offshore Wind (Floating),0.29958
marginal,Generator,DE0 0,Onshore Wind,1792156.17295
marginal,Generator,DE0 0,Run of River,3382.97043
marginal,Generator,DE0 0,Solar,52300.27332
marginal,Generator,DE0 0,forest residues,86031004.9403
marginal,Generator,DE0 0,gas,544145968.63744
marginal,Generator,DE0 0,industry wood,37419893.61723
marginal,Generator,DE0 0,landscape care,3005452.53343
marginal,Generator,DE0 0,manure and slurry,59649100.92324
marginal,Generator,DE0 0,municipal solid waste,18305.76319
marginal,Generator,DE0 0,rural solar thermal,0.03385
marginal,Generator,DE0 0,sewage sludge,2699308.27468
marginal,Generator,DE0 0,solar-hsat,338684.12311
marginal,Generator,DE0 0,solid biomass,10287.89501
marginal,Generator,DE0 0,straw,63134871.83242
marginal,Generator,DE0 0,unsustainable biogas,775563090.65333
marginal,Generator,DE0 0,unsustainable bioliquids,805914755.78602
marginal,Generator,DE0 0,unsustainable solid biomass,303379842.06748
marginal,Generator,DE0 0,urban central heat vent,34.91115
marginal,Generator,DE0 0,urban central solar thermal,0.1383
marginal,Generator,DE0 0,urban decentral heat vent,15.14859
marginal,Generator,DE0 0,urban decentral solar thermal,0.03441
marginal,Generator,DE0 1,Onshore Wind,382099.70346
marginal,Generator,DE0 1,Run of River,9234.63375
marginal,Generator,DE0 1,Solar,81672.08095
marginal,Generator,DE0 1,forest residues,69556362.4953
marginal,Generator,DE0 1,industry wood,29256859.02117
marginal,Generator,DE0 1,landscape care,2349174.92747
marginal,Generator,DE0 1,manure and slurry,15639430.484
marginal,Generator,DE0 1,municipal solid waste,10401.36336
marginal,Generator,DE0 1,rural solar thermal,0.04137
marginal,Generator,DE0 1,sewage sludge,1492503.39032
marginal,Generator,DE0 1,solar-hsat,210066.86776
marginal,Generator,DE0 1,solid biomass,2437.34523
marginal,Generator,DE0 1,straw,31130172.47385
marginal,Generator,DE0 1,unsustainable biogas,469217950.76136
marginal,Generator,DE0 1,unsustainable bioliquids,487560074.5219
marginal,Generator,DE0 1,unsustainable solid biomass,183544408.85591
marginal,Generator,DE0 1,urban central heat vent,9238.53469
marginal,Generator,DE0 1,urban central solar thermal,0.12818
marginal,Generator,DE0 1,urban decentral heat vent,6.30982
marginal,Generator,DE0 1,urban decentral solar thermal,0.04703
marginal,Generator,DE0 2,Offshore Wind (AC),609219.68376
marginal,Generator,DE0 2,Offshore Wind (DC),2506586.95147
marginal,Generator,DE0 2,Offshore Wind (Floating),0.60444
marginal,Generator,DE0 2,Onshore Wind,352652.04768
marginal,Generator,DE0 2,Run of River,18169.20673
marginal,Generator,DE0 2,Solar,33177.27696
marginal,Generator,DE0 2,forest residues,60825259.05648
marginal,Generator,DE0 2,gas,1697830417.61426
marginal,Generator,DE0 2,industry wood,29225695.68851
marginal,Generator,DE0 2,landscape care,2349347.97869
marginal,Generator,DE0 2,manure and slurry,41496223.82871
marginal,Generator,DE0 2,municipal solid waste,29202.66618
marginal,Generator,DE0 2,rural solar thermal,0.02526
marginal,Generator,DE0 2,sewage sludge,4051735.88353
marginal,Generator,DE0 2,solar-hsat,495115.19168
marginal,Generator,DE0 2,solid biomass,1099436472.3238
marginal,Generator,DE0 2,straw,30643513.74348
marginal,Generator,DE0 2,unsustainable biogas,546531065.26143
marginal,Generator,DE0 2,unsustainable bioliquids,567913047.45358
marginal,Generator,DE0 2,unsustainable solid biomass,213786580.14786
marginal,Generator,DE0 2,urban central heat vent,42.61265
marginal,Generator,DE0 2,urban central solar thermal,0.11933
marginal,Generator,DE0 2,urban decentral heat vent,19.64908
marginal,Generator,DE0 2,urban decentral solar thermal,0.02972
marginal,Generator,DE0 3,Onshore Wind,13557.97058
marginal,Generator,DE0 3,Run of River,129691.59503
marginal,Generator,DE0 3,Solar,101992.49692
marginal,Generator,DE0 3,forest residues,102398417.34226
marginal,Generator,DE0 3,industry wood,41051046.0093
marginal,Generator,DE0 3,landscape care,3291675.55337
marginal,Generator,DE0 3,manure and slurry,15608110.61312
marginal,Generator,DE0 3,municipal solid waste,13256.16316
marginal,Generator,DE0 3,rural solar thermal,0.06614
marginal,Generator,DE0 3,sewage sludge,1898585.79481
marginal,Generator,DE0 3,solar-hsat,634461.66462
marginal,Generator,DE0 3,solid biomass,3529.16934
marginal,Generator,DE0 3,straw,34892506.71897
marginal,Generator,DE0 3,unsustainable biogas,589818875.99241
marginal,Generator,DE0 3,unsustainable bioliquids,612883353.72634
marginal,Generator,DE0 3,unsustainable solid biomass,230705458.98839
marginal,Generator,DE0 3,urban central heat vent,716.60589
marginal,Generator,DE0 3,urban central solar thermal,0.34601
marginal,Generator,DE0 3,urban decentral heat vent,6.20498
marginal,Generator,DE0 3,urban decentral solar thermal,0.07193
marginal,Generator,DE0 4,Onshore Wind,98923.99298
marginal,Generator,DE0 4,Run of River,39942.56148
marginal,Generator,DE0 4,Solar,46766.45335
marginal,Generator,DE0 4,forest residues,86912496.60928
marginal,Generator,DE0 4,industry wood,40434957.30864
marginal,Generator,DE0 4,landscape care,3244554.28991
marginal,Generator,DE0 4,manure and slurry,12111411.45779
marginal,Generator,DE0 4,municipal solid waste,22374.85412
marginal,Generator,DE0 4,rural solar thermal,0.04414
marginal,Generator,DE0 4,sewage sludge,3563247.85485
marginal,Generator,DE0 4,solar-hsat,617610.93024
marginal,Generator,DE0 4,solid biomass,1191396297.32575
marginal,Generator,DE0 4,straw,28832072.67299
marginal,Generator,DE0 4,unsustainable biogas,577208184.82771
marginal,Generator,DE0 4,unsustainable bioliquids,599789793.62714
marginal,Generator,DE0 4,unsustainable solid biomass,225806624.81958
marginal,Generator,DE0 4,urban central heat vent,16.58595
marginal,Generator,DE0 4,urban central solar thermal,0.23717
marginal,Generator,DE0 4,urban decentral heat vent,7.36232
marginal,Generator,DE0 4,urban decentral solar thermal,0.05086
marginal,Generator,DE0 5,Offshore Wind (AC),217338.33603
marginal,Generator,DE0 5,Offshore Wind (DC),27862.6797
marginal,Generator,DE0 5,Offshore Wind (Floating),0.40908
marginal,Generator,DE0 5,Onshore Wind,1574234.44151
marginal,Generator,DE0 5,Run of River,4041.92593
marginal,Generator,DE0 5,Solar,234363.15454
marginal,Generator,DE0 5,forest residues,97058154.26348
marginal,Generator,DE0 5,gas,830413401.90636
marginal,Generator,DE0 5,industry wood,40174269.0071
marginal,Generator,DE0 5,landscape care,3229204.85584
marginal,Generator,DE0 5,manure and slurry,37717613.4228
marginal,Generator,DE0 5,municipal solid waste,15315.91758
marginal,Generator,DE0 5,rural solar thermal,0.0445
marginal,Generator,DE0 5,sewage sludge,2528982.81878
marginal,Generator,DE0 5,solar-hsat,341591.68776
marginal,Generator,DE0 5,solid biomass,16591245.32732
marginal,Generator,DE0 5,straw,35471992.7584
marginal,Generator,DE0 5,unsustainable biogas,681464790.00452
marginal,Generator,DE0 5,unsustainable bioliquids,708107885.86941
marginal,Generator,DE0 5,unsustainable solid biomass,266580788.72791
marginal,Generator,DE0 5,urban central heat vent,31.75845
marginal,Generator,DE0 5,urban central solar thermal,0.1621
marginal,Generator,DE0 5,urban decentral heat vent,12.94681
marginal,Generator,DE0 5,urban decentral solar thermal,0.03929
marginal,Generator,DK0 0,Offshore Wind (AC),132096.40254
marginal,Generator,DK0 0,Offshore Wind (DC),57.39067
marginal,Generator,DK0 0,Offshore Wind (Floating),1.00645
marginal,Generator,DK0 0,Onshore Wind,2528977.99676
marginal,Generator,DK0 0,Solar,31040.77645
marginal,Generator,DK0 0,forest residues,17049060.033
marginal,Generator,DK0 0,gas,1372615.45159
marginal,Generator,DK0 0,industry wood,6143964.64406
marginal,Generator,DK0 0,landscape care,1932410.71572
marginal,Generator,DK0 0,manure and slurry,59766994.07151
marginal,Generator,DK0 0,municipal solid waste,11038.38224
marginal,Generator,DK0 0,rural solar thermal,0.01549
marginal,Generator,DK0 0,sewage sludge,241270.38565
marginal,Generator,DK0 0,solar-hsat,12964.21443
marginal,Generator,DK0 0,solid biomass,2154.15188
marginal,Generator,DK0 0,straw,21893011.67072
marginal,Generator,DK0 0,unsustainable biogas,138225691.22211
marginal,Generator,DK0 0,unsustainable bioliquids,2641890.32958
marginal,Generator,DK0 0,unsustainable solid biomass,121961254.1535
marginal,Generator,DK0 0,urban central heat vent,8414.6722
marginal,Generator,DK0 0,urban central solar thermal,0.08149
marginal,Generator,DK0 0,urban decentral heat vent,32.16814
marginal,Generator,DK0 0,urban decentral solar thermal,0.03164
marginal,Generator,DK1 0,Offshore Wind (AC),80340.04211
marginal,Generator,DK1 0,Offshore Wind (DC),1.33176
marginal,Generator,DK1 0,Offshore Wind (Floating),0.6162
marginal,Generator,DK1 0,Onshore Wind,1537416.40705
marginal,Generator,DK1 0,Solar,10862.93069
marginal,Generator,DK1 0,forest residues,4453242.51368
marginal,Generator,DK1 0,industry wood,1980103.60204
marginal,Generator,DK1 0,landscape care,634455.76648
marginal,Generator,DK1 0,manure and slurry,16623960.01762
marginal,Generator,DK1 0,municipal solid waste,9744.46385
marginal,Generator,DK1 0,rural solar thermal,0.01689
marginal,Generator,DK1 0,sewage sludge,200626.36619
marginal,Generator,DK1 0,solar-hsat,292495.74264
marginal,Generator,DK1 0,solid biomass,16019180.57802
marginal,Generator,DK1 0,straw,5572269.51473
marginal,Generator,DK1 0,unsustainable biogas,50460710.60408
marginal,Generator,DK1 0,unsustainable bioliquids,964482.37298
marginal,Generator,DK1 0,unsustainable solid biomass,44530169.20184
marginal,Generator,DK1 0,urban central heat vent,6374.52328
marginal,Generator,DK1 0,urban central solar thermal,0.09686
marginal,Generator,DK1 0,urban decentral heat vent,37.06004
marginal,Generator,DK1 0,urban decentral solar thermal,0.03434
marginal,Generator,EE0 0,Offshore Wind (AC),13.0198
marginal,Generator,EE0 0,Offshore Wind (DC),10.42212
marginal,Generator,EE0 0,Offshore Wind (Floating),0.88431
marginal,Generator,EE0 0,Onshore Wind,263873.05653
marginal,Generator,EE0 0,Solar,8528.73636
marginal,Generator,EE0 0,forest residues,46336311.11413
marginal,Generator,EE0 0,industry wood,28505124.54447
marginal,Generator,EE0 0,landscape care,1909690.11009
marginal,Generator,EE0 0,manure and slurry,14410789.27834
marginal,Generator,EE0 0,municipal solid waste,2988.05901
marginal,Generator,EE0 0,rural solar thermal,0.03072
marginal,Generator,EE0 0,sewage sludge,1.56033
marginal,Generator,EE0 0,solar-hsat,16632.39486
marginal,Generator,EE0 0,solid biomass,2052.23888
marginal,Generator,EE0 0,straw,4824921.04397
marginal,Generator,EE0 0,unsustainable biogas,6651540.94908
marginal,Generator,EE0 0,unsustainable solid biomass,196666906.51025
marginal,Generator,EE0 0,urban central heat vent,6327.96934
marginal,Generator,EE0 0,urban central solar thermal,0.09534
marginal,Generator,EE0 0,urban decentral heat vent,12.21171
marginal,Generator,EE0 0,urban decentral solar thermal,0.02253
marginal,Generator,ES0 0,Offshore Wind (AC),1148.28471
marginal,Generator,ES0 0,Offshore Wind (Floating),0.83813
marginal,Generator,ES0 0,Onshore Wind,907175.34755
marginal,Generator,ES0 0,Run of River,2080.15938
marginal,Generator,ES0 0,Solar,1115543.33659
marginal,Generator,ES0 0,forest residues,155884615.01768
marginal,Generator,ES0 0,gas,1006982045.59808
marginal,Generator,ES0 0,industry wood,56075235.3496
marginal,Generator,ES0 0,landscape care,22171491.02553
marginal,Generator,ES0 0,manure and slurry,181507376.74956
marginal,Generator,ES0 0,municipal solid waste,27218.38569
marginal,Generator,ES0 0,rural solar thermal,0.08926
marginal,Generator,ES0 0,sewage sludge,2492173.69079
marginal,Generator,ES0 0,solar-hsat,4124063.06217
marginal,Generator,ES0 0,solid biomass,63037943.9267
marginal,Generator,ES0 0,straw,100467959.01193
marginal,Generator,ES0 0,unsustainable biogas,138402505.48142
marginal,Generator,ES0 0,unsustainable bioliquids,2181173175.59039
marginal,Generator,ES0 0,unsustainable solid biomass,557055148.04921
marginal,Generator,ES0 0,urban central heat vent,80.62434
marginal,Generator,ES0 0,urban central solar thermal,1.52414
marginal,Generator,ES0 0,urban decentral heat vent,39.81393
marginal,Generator,ES0 0,urban decentral solar thermal,15625.27782
marginal,Generator,ES6 0,Offshore Wind (AC),0.50081
marginal,Generator,ES6 0,Offshore Wind (Floating),0.38075
marginal,Generator,ES6 0,Onshore Wind,5.09876
marginal,Generator,ES6 0,Run of River,2356.71419
marginal,Generator,ES6 0,Solar,8393.20064
marginal,Generator,ES6 0,forest residues,1175772.80998
marginal,Generator,ES6 0,industry wood,491830.26876
marginal,Generator,ES6 0,landscape care,174258.86508
marginal,Generator,ES6 0,manure and slurry,344782.44421
marginal,Generator,ES6 0,municipal solid waste,1332.28161
marginal,Generator,ES6 0,rural solar thermal,0.36998
marginal,Generator,ES6 0,sewage sludge,62292.6534
marginal,Generator,ES6 0,solar-hsat,126888.36095
marginal,Generator,ES6 0,solid biomass,3156140.89523
marginal,Generator,ES6 0,straw,934105.18525
marginal,Generator,ES6 0,unsustainable biogas,1083319.69627
marginal,Generator,ES6 0,unsustainable bioliquids,17072450.2692
marginal,Generator,ES6 0,unsustainable solid biomass,4366666.76795
marginal,Generator,ES6 0,urban central heat vent,4783.13903
marginal,Generator,ES6 0,urban central solar thermal,0.37417
marginal,Generator,ES6 0,urban decentral heat vent,24.28313
marginal,Generator,ES6 0,urban decentral solar thermal,0.12345
marginal,Generator,EU,co2-ets,152024508538.06808
marginal,Generator,EU,coal,4521981687.82441
marginal,Generator,EU,lignite,123887734.9565
marginal,Generator,EU,oil primary,280360255958.217
marginal,Generator,EU,uranium,6558708256.78044
marginal,Generator,FI1 0,Offshore Wind (AC),13.92138
marginal,Generator,FI1 0,Offshore Wind (DC),662459.25013
marginal,Generator,FI1 0,Offshore Wind (Floating),1.12247
marginal,Generator,FI1 0,Onshore Wind,482570.09118
marginal,Generator,FI1 0,Run of River,84877.17101
marginal,Generator,FI1 0,Solar,2813.32827
marginal,Generator,FI1 0,forest residues,233607851.19195
marginal,Generator,FI1 0,gas,51448714.2001
marginal,Generator,FI1 0,industry wood,126190189.04462
marginal,Generator,FI1 0,landscape care,7502090.18781
marginal,Generator,FI1 0,manure and slurry,6670844.58892
marginal,Generator,FI1 0,municipal solid waste,10342.68644
marginal,Generator,FI1 0,rural solar thermal,0.01861
marginal,Generator,FI1 0,sewage sludge,5850611.65583
marginal,Generator,FI1 0,solar-hsat,40123.83907
marginal,Generator,FI1 0,solid biomass,2554.33385
marginal,Generator,FI1 0,straw,15177505.1484
marginal,Generator,FI1 0,unsustainable biogas,89880854.65869
marginal,Generator,FI1 0,unsustainable bioliquids,430650093.71361
marginal,Generator,FI1 0,unsustainable solid biomass,962698954.77202
marginal,Generator,FI1 0,urban central heat vent,35.03662
marginal,Generator,FI1 0,urban central solar thermal,0.10052
marginal,Generator,FI1 0,urban decentral heat vent,6.3208
marginal,Generator,FI1 0,urban decentral solar thermal,0.01772
marginal,Generator,FR0 0,Offshore Wind (AC),344210.72352
marginal,Generator,FR0 0,Offshore Wind (DC),292717.32111
marginal,Generator,FR0 0,Offshore Wind (Floating),0.40662
marginal,Generator,FR0 0,Onshore Wind,1043561.67788
marginal,Generator,FR0 0,Solar,30761.48275
marginal,Generator,FR0 0,forest residues,38258661.62449
marginal,Generator,FR0 0,gas,1407547862.5658
marginal,Generator,FR0 0,industry wood,39849686.32897
marginal,Generator,FR0 0,landscape care,7636969.08805
marginal,Generator,FR0 0,manure and slurry,73601782.04174
marginal,Generator,FR0 0,municipal solid waste,29751.42092
marginal,Generator,FR0 0,rural solar thermal,0.01871
marginal,Generator,FR0 0,sewage sludge,14967.5185
marginal,Generator,FR0 0,solar-hsat,1.2214
marginal,Generator,FR0 0,solid biomass,436622391.29927
marginal,Generator,FR0 0,straw,107855624.54884
marginal,Generator,FR0 0,unsustainable biogas,157963261.2365
marginal,Generator,FR0 0,unsustainable bioliquids,893881553.39795
marginal,Generator,FR0 0,unsustainable solid biomass,391602642.20859
marginal,Generator,FR0 0,urban central heat vent,49.38653
marginal,Generator,FR0 0,urban central solar thermal,0.14642
marginal,Generator,FR0 0,urban decentral heat vent,25.99214
marginal,Generator,FR0 0,urban decentral solar thermal,0.03035
marginal,Generator,FR0 1,Offshore Wind (AC),144600.70008
marginal,Generator,FR0 1,Offshore Wind (Floating),1.53174
marginal,Generator,FR0 1,Onshore Wind,40543.42478
marginal,Generator,FR0 1,Run of River,136525.80279
marginal,Generator,FR0 1,Solar,74423.2541
marginal,Generator,FR0 1,forest residues,48947495.34006
marginal,Generator,FR0 1,gas,889790850.75848
marginal,Generator,FR0 1,industry wood,48026010.93563
marginal,Generator,FR0 1,landscape care,9204323.32606
marginal,Generator,FR0 1,manure and slurry,38616007.7629
marginal,Generator,FR0 1,municipal solid waste,16772.06806
marginal,Generator,FR0 1,rural solar thermal,0.10379
marginal,Generator,FR0 1,sewage sludge,2968.09167
marginal,Generator,FR0 1,solar-hsat,843995.2619
marginal,Generator,FR0 1,solid biomass,522962237.95082
marginal,Generator,FR0 1,straw,15605043.33762
marginal,Generator,FR0 1,unsustainable biogas,53987982.57097
marginal,Generator,FR0 1,unsustainable bioliquids,305512541.11537
marginal,Generator,FR0 1,unsustainable solid biomass,133853914.65305
marginal,Generator,FR0 1,urban central heat vent,37.09737
marginal,Generator,FR0 1,urban central solar thermal,0.76218
marginal,Generator,FR0 1,urban decentral heat vent,17.92084
marginal,Generator,FR0 1,urban decentral solar thermal,0.17411
marginal,Generator,FR0 2,Offshore Wind (AC),3.45707
marginal,Generator,FR0 2,Offshore Wind (DC),42514.29986
marginal,Generator,FR0 2,Offshore Wind (Floating),0.74153
marginal,Generator,FR0 2,Onshore Wind,103665.22118
marginal,Generator,FR0 2,Run of River,40563.55961
marginal,Generator,FR0 2,Solar,110090.66292
marginal,Generator,FR0 2,forest residues,94730750.68984
marginal,Generator,FR0 2,industry wood,77516486.3842
marginal,Generator,FR0 2,landscape care,14895286.28151
marginal,Generator,FR0 2,manure and slurry,60990267.38147
marginal,Generator,FR0 2,municipal solid waste,11831.31611
marginal,Generator,FR0 2,rural solar thermal,0.08139
marginal,Generator,FR0 2,sewage sludge,2226.91835
marginal,Generator,FR0 2,solar-hsat,22.1824
marginal,Generator,FR0 2,solid biomass,1848.9159
marginal,Generator,FR0 2,straw,34671948.69625
marginal,Generator,FR0 2,unsustainable biogas,93448232.11614
marginal,Generator,FR0 2,unsustainable bioliquids,528806561.92132
marginal,Generator,FR0 2,unsustainable solid biomass,231659360.15769
marginal,Generator,FR0 2,urban central heat vent,12854.66148
marginal,Generator,FR0 2,urban central solar thermal,0.27287
marginal,Generator,FR0 2,urban decentral heat vent,18.09555
marginal,Generator,FR0 2,urban decentral solar thermal,0.09359
marginal,Generator,FR0 3,Offshore Wind (AC),1452292.43674
marginal,Generator,FR0 3,Offshore Wind (DC),362970.184
marginal,Generator,FR0 3,Offshore Wind (Floating),1.25974
marginal,Generator,FR0 3,Onshore Wind,185127.00497
marginal,Generator,FR0 3,Solar,18902.87139
marginal,Generator,FR0 3,forest residues,20663941.19039
marginal,Generator,FR0 3,gas,117583555.00387
marginal,Generator,FR0 3,industry wood,19977519.6804
marginal,Generator,FR0 3,landscape care,3833200.67966
marginal,Generator,FR0 3,manure and slurry,236942123.07834
marginal,Generator,FR0 3,municipal solid waste,11626.90049
marginal,Generator,FR0 3,rural solar thermal,0.03474
marginal,Generator,FR0 3,sewage sludge,2047.20324
marginal,Generator,FR0 3,solar-hsat,1.69366
marginal,Generator,FR0 3,solid biomass,6840.85666
marginal,Generator,FR0 3,straw,41266935.1755
marginal,Generator,FR0 3,unsustainable biogas,89436070.36464
marginal,Generator,FR0 3,unsustainable bioliquids,506110613.33785
marginal,Generator,FR0 3,unsustainable solid biomass,221723122.40183
marginal,Generator,FR0 3,urban central heat vent,559.86797
marginal,Generator,FR0 3,urban central solar thermal,0.14919
marginal,Generator,FR0 3,urban decentral heat vent,20.8968
marginal,Generator,FR0 3,urban decentral solar thermal,0.04192
marginal,Generator,FR0 4,Onshore Wind,133257.05917
marginal,Generator,FR0 4,Run of River,50831.85868
marginal,Generator,FR0 4,Solar,17014.22235
marginal,Generator,FR0 4,forest residues,49935646.53643
marginal,Generator,FR0 4,industry wood,47119042.9427
marginal,Generator,FR0 4,landscape care,9051499.27583
marginal,Generator,FR0 4,manure and slurry,46720345.96485
marginal,Generator,FR0 4,municipal solid waste,8562.70332
marginal,Generator,FR0 4,rural solar thermal,0.03369
marginal,Generator,FR0 4,sewage sludge,4029.08328
marginal,Generator,FR0 4,solar-hsat,1.30126
marginal,Generator,FR0 4,solid biomass,1726.11697
marginal,Generator,FR0 4,straw,35122146.15438
marginal,Generator,FR0 4,unsustainable biogas,70203891.38214
marginal,Generator,FR0 4,unsustainable bioliquids,397266637.51634
marginal,Generator,FR0 4,unsustainable solid biomass,174056339.40059
marginal,Generator,FR0 4,urban central heat vent,8713.29892
marginal,Generator,FR0 4,urban central solar thermal,0.14565
marginal,Generator,FR0 4,urban decentral heat vent,1218.71092
marginal,Generator,FR0 4,urban decentral solar thermal,0.04309
marginal,Generator,FR5 0,Offshore Wind (AC),0.42799
marginal,Generator,FR5 0,Offshore Wind (Floating),0.3552
marginal,Generator,FR5 0,Onshore Wind,482.45698
marginal,Generator,FR5 0,Solar,2.64805
marginal,Generator,FR5 0,forest residues,1128807.88013
marginal,Generator,FR5 0,industry wood,1152484.51457
marginal,Generator,FR5 0,landscape care,228333.26988
marginal,Generator,FR5 0,manure and slurry,353501.65568
marginal,Generator,FR5 0,municipal solid waste,1101.99878
marginal,Generator,FR5 0,rural solar thermal,0.15288
marginal,Generator,FR5 0,sewage sludge,67.95603
marginal,Generator,FR5 0,solar-hsat,100451.97641
marginal,Generator,FR5 0,solid biomass,237713.41295
marginal,Generator,FR5 0,straw,555664.3902
marginal,Generator,FR5 0,unsustainable biogas,1095375.9875
marginal,Generator,FR5 0,unsustainable bioliquids,6198444.87874
marginal,Generator,FR5 0,unsustainable solid biomass,2722258.63715
marginal,Generator,FR5 0,urban decentral heat vent,2.11649
marginal,Generator,GB2 0,Offshore Wind (AC),2675355.27205
marginal,Generator,GB2 0,Offshore Wind (DC),1935846.05856
marginal,Generator,GB2 0,Offshore Wind (Floating),1.92155
marginal,Generator,GB2 0,Onshore Wind,716012.94577
marginal,Generator,GB2 0,Run of River,38769.14458
marginal,Generator,GB2 0,Solar,28023.23786
marginal,Generator,GB2 0,forest residues,47696777.70418
marginal,Generator,GB2 0,gas,570408147.43107
marginal,Generator,GB2 0,industry wood,27509068.25504
marginal,Generator,GB2 0,landscape care,9017785.0323
marginal,Generator,GB2 0,manure and slurry,122579025.9692
marginal,Generator,GB2 0,municipal solid waste,6268.59064
marginal,Generator,GB2 0,rural solar thermal,0.01332
marginal,Generator,GB2 0,sewage sludge,92893.84823
marginal,Generator,GB2 0,solar-hsat,5.78275
marginal,Generator,GB2 0,solid biomass,2601.11252
marginal,Generator,GB2 0,straw,15181365.31776
marginal,Generator,GB2 0,unsustainable biogas,479750199.54522
marginal,Generator,GB2 0,unsustainable bioliquids,225890174.97392
marginal,Generator,GB2 0,unsustainable solid biomass,191577526.86192
marginal,Generator,GB2 0,urban central heat vent,4672.74417
marginal,Generator,GB2 0,urban central solar thermal,0.07057
marginal,Generator,GB2 0,urban decentral heat vent,41.03408
marginal,Generator,GB2 0,urban decentral solar thermal,0.01377
marginal,Generator,GB2 1,Offshore Wind (AC),1753716.42977
marginal,Generator,GB2 1,Offshore Wind (DC),2302372.88041
marginal,Generator,GB2 1,Offshore Wind (Floating),1.16911
marginal,Generator,GB2 1,Onshore Wind,1608816.04809
marginal,Generator,GB2 1,Solar,182383.32498
marginal,Generator,GB2 1,forest residues,16397410.60565
marginal,Generator,GB2 1,gas,1461141527.7078
marginal,Generator,GB2 1,industry wood,8794487.20363
marginal,Generator,GB2 1,landscape care,2928696.9734
marginal,Generator,GB2 1,manure and slurry,123915855.65167
marginal,Generator,GB2 1,municipal solid waste,8412.98149
marginal,Generator,GB2 1,rural solar thermal,0.02919
marginal,Generator,GB2 1,sewage sludge,121650.78756
marginal,Generator,GB2 1,solar-hsat,646027.10008
marginal,Generator,GB2 1,solid biomass,5411.14953
marginal,Generator,GB2 1,straw,60454773.93794
marginal,Generator,GB2 1,unsustainable biogas,778290047.06529
marginal,Generator,GB2 1,unsustainable bioliquids,366447962.99981
marginal,Generator,GB2 1,unsustainable solid biomass,310776113.1458
marginal,Generator,GB2 1,urban central heat vent,220.11111
marginal,Generator,GB2 1,urban central solar thermal,0.11617
marginal,Generator,GB2 1,urban decentral heat vent,36.83033
marginal,Generator,GB2 1,urban decentral solar thermal,0.03203
marginal,Generator,GB3 0,Offshore Wind (AC),124683.65612
marginal,Generator,GB3 0,Offshore Wind (DC),235662.26234
marginal,Generator,GB3 0,Offshore Wind (Floating),1.40351
marginal,Generator,GB3 0,Onshore Wind,95494.24958
marginal,Generator,GB3 0,Run of River,9877.76269
marginal,Generator,GB3 0,Solar,3993.8279
marginal,Generator,GB3 0,forest residues,2369656.48109
marginal,Generator,GB3 0,industry wood,1251564.36258
marginal,Generator,GB3 0,landscape care,405010.31888
marginal,Generator,GB3 0,manure and slurry,32094564.03215
marginal,Generator,GB3 0,municipal solid waste,1111.72835
marginal,Generator,GB3 0,rural solar thermal,0.01521
marginal,Generator,GB3 0,sewage sludge,7285.96573
marginal,Generator,GB3 0,solar-hsat,16.4061
marginal,Generator,GB3 0,solid biomass,1616.40504
marginal,Generator,GB3 0,straw,90227.29721
marginal,Generator,GB3 0,unsustainable biogas,57724307.20244
marginal,Generator,GB3 0,unsustainable bioliquids,27179208.21293
marginal,Generator,GB3 0,unsustainable solid biomass,23050648.01885
marginal,Generator,GB3 0,urban central heat vent,1820.0246
marginal,Generator,GB3 0,urban central solar thermal,0.04569
marginal,Generator,GB3 0,urban decentral heat vent,39.84071
marginal,Generator,GB3 0,urban decentral solar thermal,0.01665
marginal,Generator,GR0 0,Offshore Wind (AC),1.24524
marginal,Generator,GR0 0,Offshore Wind (DC),560776.10194
marginal,Generator,GR0 0,Offshore Wind (Floating),0.98232
marginal,Generator,GR0 0,Onshore Wind,168936.98087
marginal,Generator,GR0 0,Run of River,1729.47999
marginal,Generator,GR0 0,Solar,114557.17868
marginal,Generator,GR0 0,forest residues,11637248.36286
marginal,Generator,GR0 0,gas,66955513.40269
marginal,Generator,GR0 0,industry wood,9214861.04536
marginal,Generator,GR0 0,landscape care,5155777.9875
marginal,Generator,GR0 0,manure and slurry,12437936.02997
marginal,Generator,GR0 0,municipal solid waste,2920.14343
marginal,Generator,GR0 0,rural solar thermal,0.40063
marginal,Generator,GR0 0,sewage sludge,848676.17865
marginal,Generator,GR0 0,solar-hsat,780374.50345
marginal,Generator,GR0 0,solid biomass,178187754.88368
marginal,Generator,GR0 0,straw,20667956.38556
marginal,Generator,GR0 0,unsustainable biogas,59906824.24026
marginal,Generator,GR0 0,unsustainable bioliquids,190422871.68489
marginal,Generator,GR0 0,unsustainable solid biomass,86001872.66352
marginal,Generator,GR0 0,urban central heat vent,62.99081
marginal,Generator,GR0 0,urban central solar thermal,1.21635
marginal,Generator,GR0 0,urban decentral heat vent,26.43063
marginal,Generator,GR0 0,urban decentral solar thermal,0.25165
marginal,Generator,HR0 0,Offshore Wind (AC),0.99658
marginal,Generator,HR0 0,Offshore Wind (DC),1.17316
marginal,Generator,HR0 0,Offshore Wind (Floating),0.35843
marginal,Generator,HR0 0,Onshore Wind,22425.28212
marginal,Generator,HR0 0,Run of River,12756.18193
marginal,Generator,HR0 0,Solar,1878.14662
marginal,Generator,HR0 0,forest residues,22164743.0306
marginal,Generator,HR0 0,industry wood,16493969.65578
marginal,Generator,HR0 0,landscape care,1698177.29393
marginal,Generator,HR0 0,manure and slurry,5667198.83469
marginal,Generator,HR0 0,municipal solid waste,662.18786
marginal,Generator,HR0 0,rural solar thermal,0.19622
marginal,Generator,HR0 0,sewage sludge,67920.33199
marginal,Generator,HR0 0,solar-hsat,233049.60653
marginal,Generator,HR0 0,solid biomass,2030.33279
marginal,Generator,HR0 0,straw,10650417.11557
marginal,Generator,HR0 0,unsustainable biogas,39402718.46454
marginal,Generator,HR0 0,unsustainable bioliquids,246205.85325
marginal,Generator,HR0 0,unsustainable solid biomass,165861701.88106
marginal,Generator,HR0 0,urban central heat vent,15605.60379
marginal,Generator,HR0 0,urban central solar thermal,0.37225
marginal,Generator,HR0 0,urban decentral heat vent,12.13181
marginal,Generator,HR0 0,urban decentral solar thermal,0.14983
marginal,Generator,HU0 0,Onshore Wind,10226.02812
marginal,Generator,HU0 0,Run of River,842.27236
marginal,Generator,HU0 0,Solar,61886.41584
marginal,Generator,HU0 0,forest residues,63367286.03022
marginal,Generator,HU0 0,gas,811272575.22013
marginal,Generator,HU0 0,industry wood,27344112.33797
marginal,Generator,HU0 0,landscape care,5071134.61412
marginal,Generator,HU0 0,manure and slurry,109519022.69761
marginal,Generator,HU0 0,municipal solid waste,9121.80447
marginal,Generator,HU0 0,rural solar thermal,0.16176
marginal,Generator,HU0 0,sewage sludge,544484.96736
marginal,Generator,HU0 0,solar-hsat,653970.88896
marginal,Generator,HU0 0,solid biomass,10959281.18586
marginal,Generator,HU0 0,straw,51664432.47043
marginal,Generator,HU0 0,unsustainable biogas,43331999.63637
marginal,Generator,HU0 0,unsustainable bioliquids,499362342.661
marginal,Generator,HU0 0,unsustainable solid biomass,228971673.16484
marginal,Generator,HU0 0,urban central heat vent,1814.02141
marginal,Generator,HU0 0,urban central solar thermal,0.6986
marginal,Generator,HU0 0,urban decentral heat vent,7.62006
marginal,Generator,HU0 0,urban decentral solar thermal,0.11183
marginal,Generator,IE3 0,Offshore Wind (AC),18768.89401
marginal,Generator,IE3 0,Offshore Wind (DC),128723.5572
marginal,Generator,IE3 0,Offshore Wind (Floating),1.62038
marginal,Generator,IE3 0,Onshore Wind,325918.80984
marginal,Generator,IE3 0,Run of River,9333.89811
marginal,Generator,IE3 0,Solar,21453.29986
marginal,Generator,IE3 0,forest residues,18319724.49531
marginal,Generator,IE3 0,gas,243997736.30018
marginal,Generator,IE3 0,industry wood,10538519.66086
marginal,Generator,IE3 0,landscape care,3818378.98298
marginal,Generator,IE3 0,manure and slurry,32303940.74929
marginal,Generator,IE3 0,municipal solid waste,2237.86616
marginal,Generator,IE3 0,rural solar thermal,0.01663
marginal,Generator,IE3 0,sewage sludge,3919.88919
marginal,Generator,IE3 0,solar-hsat,132993.80226
marginal,Generator,IE3 0,solid biomass,71026.16706
marginal,Generator,IE3 0,straw,267137.13451
marginal,Generator,IE3 0,unsustainable biogas,24270933.06955
marginal,Generator,IE3 0,unsustainable bioliquids,48293588.18217
marginal,Generator,IE3 0,unsustainable solid biomass,26479096.53056
marginal,Generator,IE3 0,urban central heat vent,95.56887
marginal,Generator,IE3 0,urban central solar thermal,0.08997
marginal,Generator,IE3 0,urban decentral heat vent,46.27483
marginal,Generator,IE3 0,urban decentral solar thermal,0.02355
marginal,Generator,IT0 0,Offshore Wind (AC),1244.95576
marginal,Generator,IT0 0,Offshore Wind (DC),104848.53775
marginal,Generator,IT0 0,Offshore Wind (Floating),0.56747
marginal,Generator,IT0 0,Onshore Wind,189905.67824
marginal,Generator,IT0 0,Run of River,56815.52389
marginal,Generator,IT0 0,Solar,105129.04079
marginal,Generator,IT0 0,forest residues,54071214.94282
marginal,Generator,IT0 0,gas,1126633301.32124
marginal,Generator,IT0 0,industry wood,26252754.96306
marginal,Generator,IT0 0,landscape care,4146859.42182
marginal,Generator,IT0 0,manure and slurry,24296624.2245
marginal,Generator,IT0 0,municipal solid waste,13119.5427
marginal,Generator,IT0 0,rural solar thermal,0.39846
marginal,Generator,IT0 0,sewage sludge,223113.32818
marginal,Generator,IT0 0,solar-hsat,2842688.76604
marginal,Generator,IT0 0,solid biomass,716436108.4877
marginal,Generator,IT0 0,straw,34526920.64874
marginal,Generator,IT0 0,unsustainable biogas,318692937.50316
marginal,Generator,IT0 0,unsustainable bioliquids,370418934.06565
marginal,Generator,IT0 0,unsustainable solid biomass,267529317.71237
marginal,Generator,IT0 0,urban central heat vent,97.97705
marginal,Generator,IT0 0,urban central solar thermal,0.80331
marginal,Generator,IT0 0,urban decentral heat vent,35.72687
marginal,Generator,IT0 0,urban decentral solar thermal,1.01245
marginal,Generator,IT0 1,Offshore Wind (AC),0.91749
marginal,Generator,IT0 1,Offshore Wind (DC),0.93713
marginal,Generator,IT0 1,Offshore Wind (Floating),0.36306
marginal,Generator,IT0 1,Onshore Wind,2515.06634
marginal,Generator,IT0 1,Run of River,199524.77248
marginal,Generator,IT0 1,Solar,28795.42049
marginal,Generator,IT0 1,forest residues,104388211.10122
marginal,Generator,IT0 1,gas,1844587905.65817
marginal,Generator,IT0 1,industry wood,48363560.3965
marginal,Generator,IT0 1,landscape care,7653417.60159
marginal,Generator,IT0 1,manure and slurry,182909526.73337
marginal,Generator,IT0 1,municipal solid waste,16662.74763
marginal,Generator,IT0 1,rural solar thermal,0.17588
marginal,Generator,IT0 1,sewage sludge,247091.23115
marginal,Generator,IT0 1,solar-hsat,2845200.17151
marginal,Generator,IT0 1,solid biomass,655597908.68334
marginal,Generator,IT0 1,straw,32404211.66901
marginal,Generator,IT0 1,unsustainable biogas,630407042.10278
marginal,Generator,IT0 1,unsustainable bioliquids,732710562.81914
marginal,Generator,IT0 1,unsustainable solid biomass,529167901.82057
marginal,Generator,IT0 1,urban central heat vent,55.81759
marginal,Generator,IT0 1,urban central solar thermal,0.75158
marginal,Generator,IT0 1,urban decentral heat vent,19.66134
marginal,Generator,IT0 1,urban decentral solar thermal,1.83061
marginal,Generator,IT4 0,Offshore Wind (AC),2.20591
marginal,Generator,IT4 0,Offshore Wind (Floating),0.65411
marginal,Generator,IT4 0,Onshore Wind,34101.26587
marginal,Generator,IT4 0,Run of River,1730.24699
marginal,Generator,IT4 0,Solar,7242.08337
marginal,Generator,IT4 0,forest residues,2165010.98041
marginal,Generator,IT4 0,industry wood,1068617.99806
marginal,Generator,IT4 0,landscape care,171244.10321
marginal,Generator,IT4 0,manure and slurry,3496357.51392
marginal,Generator,IT4 0,municipal solid waste,1480.47975
marginal,Generator,IT4 0,rural solar thermal,0.67928
marginal,Generator,IT4 0,sewage sludge,13060.54204
marginal,Generator,IT4 0,solar-hsat,256423.5841
marginal,Generator,IT4 0,solid biomass,90808554.71075
marginal,Generator,IT4 0,straw,429529.19471
marginal,Generator,IT4 0,unsustainable biogas,15856827.73845
marginal,Generator,IT4 0,unsustainable bioliquids,18430331.39785
marginal,Generator,IT4 0,unsustainable solid biomass,13318123.09016
marginal,Generator,IT4 0,urban central heat vent,119.80131
marginal,Generator,IT4 0,urban central solar thermal,0.8762
marginal,Generator,IT4 0,urban decentral heat vent,33.6031
marginal,Generator,IT4 0,urban decentral solar thermal,0.46574
marginal,Generator,LT0 0,Offshore Wind (AC),13.40073
marginal,Generator,LT0 0,Offshore Wind (DC),221313.79168
marginal,Generator,LT0 0,Offshore Wind (Floating),0.66787
marginal,Generator,LT0 0,Onshore Wind,63077.96396
marginal,Generator,LT0 0,Run of River,4240.25944
marginal,Generator,LT0 0,Solar,5623.51655
marginal,Generator,LT0 0,forest residues,46189456.55488
marginal,Generator,LT0 0,gas,23893.44878
marginal,Generator,LT0 0,industry wood,21907542.65191
marginal,Generator,LT0 0,landscape care,3199029.77439
marginal,Generator,LT0 0,manure and slurry,25357386.70341
marginal,Generator,LT0 0,municipal solid waste,1631.75919
marginal,Generator,LT0 0,rural solar thermal,0.02561
marginal,Generator,LT0 0,sewage sludge,10.32611
marginal,Generator,LT0 0,solar-hsat,43878.92122
marginal,Generator,LT0 0,solid biomass,6589.89156
marginal,Generator,LT0 0,straw,14728015.03166
marginal,Generator,LT0 0,unsustainable biogas,18683959.34893
marginal,Generator,LT0 0,unsustainable bioliquids,167528592.23356
marginal,Generator,LT0 0,unsustainable solid biomass,139170976.58748
marginal,Generator,LT0 0,urban central heat vent,740.05756
marginal,Generator,LT0 0,urban central solar thermal,0.11486
marginal,Generator,LT0 0,urban decentral heat vent,10.46013
marginal,Generator,LT0 0,urban decentral solar thermal,0.01821
marginal,Generator,LU0 0,Onshore Wind,62423.85044
marginal,Generator,LU0 0,Solar,963.15867
marginal,Generator,LU0 0,forest residues,3936091.21501
marginal,Generator,LU0 0,industry wood,2176678.29098
marginal,Generator,LU0 0,landscape care,106823.45029
marginal,Generator,LU0 0,manure and slurry,2707285.67175
marginal,Generator,LU0 0,municipal solid waste,818.85739
marginal,Generator,LU0 0,rural solar thermal,0.03639
marginal,Generator,LU0 0,sewage sludge,1348.18223
marginal,Generator,LU0 0,solar-hsat,114658.80425
marginal,Generator,LU0 0,solid biomass,15950116.2222
marginal,Generator,LU0 0,straw,473016.95006
marginal,Generator,LU0 0,unsustainable biogas,8622867.98265
marginal,Generator,LU0 0,unsustainable solid biomass,12720686.99959
marginal,Generator,LU0 0,urban central heat vent,1720.04471
marginal,Generator,LU0 0,urban central solar thermal,0.10703
marginal,Generator,LU0 0,urban decentral heat vent,78.34076
marginal,Generator,LU0 0,urban decentral solar thermal,0.03076
marginal,Generator,LV0 0,Offshore Wind (AC),10.41502
marginal,Generator,LV0 0,Offshore Wind (DC),61667.35798
marginal,Generator,LV0 0,Offshore Wind (Floating),1.10751
marginal,Generator,LV0 0,Onshore Wind,5359.88885
marginal,Generator,LV0 0,Run of River,37252.03513
marginal,Generator,LV0 0,Solar,844.73389
marginal,Generator,LV0 0,forest residues,87643201.41974
marginal,Generator,LV0 0,industry wood,43350524.55152
marginal,Generator,LV0 0,landscape care,2915736.74144
marginal,Generator,LV0 0,manure and slurry,14037095.67449
marginal,Generator,LV0 0,municipal solid waste,1243.55884
marginal,Generator,LV0 0,rural solar thermal,0.037
marginal,Generator,LV0 0,sewage sludge,1968.3838
marginal,Generator,LV0 0,solar-hsat,28624.04277
marginal,Generator,LV0 0,solid biomass,2062.73084
marginal,Generator,LV0 0,straw,8681460.12846
marginal,Generator,LV0 0,unsustainable biogas,38649647.2407
marginal,Generator,LV0 0,unsustainable bioliquids,81157015.55379
marginal,Generator,LV0 0,unsustainable solid biomass,273844586.15185
marginal,Generator,LV0 0,urban central heat vent,8054.66049
marginal,Generator,LV0 0,urban central solar thermal,0.1071
marginal,Generator,LV0 0,urban decentral heat vent,9.22962
marginal,Generator,LV0 0,urban decentral solar thermal,0.02401
marginal,Generator,ME0 0,Offshore Wind (AC),0.1115
marginal,Generator,ME0 0,Offshore Wind (Floating),0.24064
marginal,Generator,ME0 0,Onshore Wind,861.26968
marginal,Generator,ME0 0,Run of River,247.19452
marginal,Generator,ME0 0,Solar,69.52691
marginal,Generator,ME0 0,forest residues,1349255.32617
marginal,Generator,ME0 0,industry wood,1801538.94453
marginal,Generator,ME0 0,landscape care,3.5482
marginal,Generator,ME0 0,manure and slurry,530474.2388
marginal,Generator,ME0 0,municipal solid waste,614.10359
marginal,Generator,ME0 0,rural heat vent,7.21055
marginal,Generator,ME0 0,rural solar thermal,0.1024
marginal,Generator,ME0 0,sewage sludge,1.4149
marginal,Generator,ME0 0,solar-hsat,266936.52336
marginal,Generator,ME0 0,solid biomass,10140602.82781
marginal,Generator,ME0 0,straw,29672.98844
marginal,Generator,ME0 0,unsustainable solid biomass,19372428.24525
marginal,Generator,ME0 0,urban central heat vent,63.48258
marginal,Generator,ME0 0,urban central solar thermal,0.64439
marginal,Generator,ME0 0,urban decentral heat vent,9.66575
marginal,Generator,ME0 0,urban decentral solar thermal,0.10853
marginal,Generator,MK0 0,Onshore Wind,343.52589
marginal,Generator,MK0 0,Run of River,5888.03035
marginal,Generator,MK0 0,Solar,7990.14527
marginal,Generator,MK0 0,forest residues,2925582.15758
marginal,Generator,MK0 0,industry wood,4997360.32222
marginal,Generator,MK0 0,landscape care,855.45414
marginal,Generator,MK0 0,manure and slurry,1245599.35982
marginal,Generator,MK0 0,municipal solid waste,1146.87524
marginal,Generator,MK0 0,rural heat vent,8.16405
marginal,Generator,MK0 0,rural solar thermal,0.14448
marginal,Generator,MK0 0,sewage sludge,9914.14966
marginal,Generator,MK0 0,solar-hsat,73053.37333
marginal,Generator,MK0 0,solid biomass,66043174.49737
marginal,Generator,MK0 0,straw,1580052.84379
marginal,Generator,MK0 0,unsustainable biogas,9083948.18879
marginal,Generator,MK0 0,unsustainable solid biomass,18373129.20116
marginal,Generator,MK0 0,urban central heat vent,654.75465
marginal,Generator,MK0 0,urban central solar thermal,1.23767
marginal,Generator,MK0 0,urban decentral heat vent,8.80538
marginal,Generator,MK0 0,urban decentral solar thermal,0.15826
marginal,Generator,NL0 0,Offshore Wind (AC),510900.14909
marginal,Generator,NL0 0,Offshore Wind (DC),4582442.10147
marginal,Generator,NL0 0,Offshore Wind (Floating),0.3567
marginal,Generator,NL0 0,Onshore Wind,706359.6744
marginal,Generator,NL0 0,Solar,91464.11172
marginal,Generator,NL0 0,forest residues,7501581.28416
marginal,Generator,NL0 0,gas,1578243502.41273
marginal,Generator,NL0 0,industry wood,3585151.44401
marginal,Generator,NL0 0,landscape care,2276417.75443
marginal,Generator,NL0 0,manure and slurry,83507180.33694
marginal,Generator,NL0 0,municipal solid waste,42372.9677
marginal,Generator,NL0 0,rural solar thermal,0.00588
marginal,Generator,NL0 0,sewage sludge,677570.21478
marginal,Generator,NL0 0,solar-hsat,151454.1576
marginal,Generator,NL0 0,solid biomass,104055021.38379
marginal,Generator,NL0 0,straw,5061394.36617
marginal,Generator,NL0 0,unsustainable biogas,170730540.49806
marginal,Generator,NL0 0,unsustainable bioliquids,1880220971.04275
marginal,Generator,NL0 0,unsustainable solid biomass,160678853.81008
marginal,Generator,NL0 0,urban central heat vent,851.68733
marginal,Generator,NL0 0,urban central solar thermal,0.1307
marginal,Generator,NL0 0,urban decentral heat vent,27.81843
marginal,Generator,NL0 0,urban decentral solar thermal,0.03243
marginal,Generator,NO1 0,Offshore Wind (AC),12672.82289
marginal,Generator,NO1 0,Offshore Wind (DC),1843588.45492
marginal,Generator,NO1 0,Offshore Wind (Floating),1.39097
marginal,Generator,NO1 0,Onshore Wind,280222.11244
marginal,Generator,NO1 0,Run of River,42082.98644
marginal,Generator,NO1 0,Solar,24.80622
marginal,Generator,NO1 0,forest residues,60246409.93372
marginal,Generator,NO1 0,gas,327394583.66354
marginal,Generator,NO1 0,industry wood,48519498.7088
marginal,Generator,NO1 0,landscape care,2107.07523
marginal,Generator,NO1 0,manure and slurry,1174.0002
marginal,Generator,NO1 0,municipal solid waste,17990.277
marginal,Generator,NO1 0,rural solar thermal,0.01798
marginal,Generator,NO1 0,sewage sludge,962741.92152
marginal,Generator,NO1 0,solar-hsat,4.17133
marginal,Generator,NO1 0,solid biomass,540861282.28187
marginal,Generator,NO1 0,straw,550.04031
marginal,Generator,NO1 0,unsustainable biogas,41568503.82601
marginal,Generator,NO1 0,unsustainable bioliquids,80129008.60773
marginal,Generator,NO1 0,unsustainable solid biomass,104094377.11384
marginal,Generator,NO1 0,urban central heat vent,29770.66204
marginal,Generator,NO1 0,urban central solar thermal,0.06496
marginal,Generator,NO1 0,urban decentral heat vent,3.93818
marginal,Generator,NO1 0,urban decentral solar thermal,0.01625
marginal,Generator,PL0 0,Offshore Wind (AC),486112.45692
marginal,Generator,PL0 0,Offshore Wind (DC),686840.06634
marginal,Generator,PL0 0,Offshore Wind (Floating),1.895
marginal,Generator,PL0 0,Onshore Wind,1839920.36061
marginal,Generator,PL0 0,Run of River,10201.55034
marginal,Generator,PL0 0,Solar,57293.73656
marginal,Generator,PL0 0,forest residues,257969292.79417
marginal,Generator,PL0 0,gas,1097968476.95884
marginal,Generator,PL0 0,industry wood,123278616.30486
marginal,Generator,PL0 0,landscape care,17527931.73747
marginal,Generator,PL0 0,manure and slurry,138489123.33241
marginal,Generator,PL0 0,municipal solid waste,21989.24787
marginal,Generator,PL0 0,rural solar thermal,0.04897
marginal,Generator,PL0 0,sewage sludge,2005944.7733
marginal,Generator,PL0 0,solar-hsat,1142600.66283
marginal,Generator,PL0 0,solid biomass,1042730408.21768
marginal,Generator,PL0 0,straw,96066354.49069
marginal,Generator,PL0 0,unsustainable biogas,143082291.02656
marginal,Generator,PL0 0,unsustainable bioliquids,1036325770.94432
marginal,Generator,PL0 0,unsustainable solid biomass,1004629218.82698
marginal,Generator,PL0 0,urban central heat vent,1473.79238
marginal,Generator,PL0 0,urban central solar thermal,0.23929
marginal,Generator,PL0 0,urban decentral heat vent,14.23594
marginal,Generator,PL0 0,urban decentral solar thermal,0.04305
marginal,Generator,PT0 0,Offshore Wind (AC),397820.52608
marginal,Generator,PT0 0,Offshore Wind (Floating),1.14074
marginal,Generator,PT0 0,Onshore Wind,176263.07172
marginal,Generator,PT0 0,Run of River,67804.30309
marginal,Generator,PT0 0,Solar,109786.79563
marginal,Generator,PT0 0,forest residues,71467322.50883
marginal,Generator,PT0 0,gas,170381179.39665
marginal,Generator,PT0 0,industry wood,27088766.96974
marginal,Generator,PT0 0,landscape care,4892254.55876
marginal,Generator,PT0 0,manure and slurry,39384566.5043
marginal,Generator,PT0 0,municipal solid waste,11234.57645
marginal,Generator,PT0 0,rural solar thermal,0.20892
marginal,Generator,PT0 0,sewage sludge,1043747.1153
marginal,Generator,PT0 0,solar-hsat,217546.69836
marginal,Generator,PT0 0,solid biomass,1994.21968
marginal,Generator,PT0 0,straw,8786617.05884
marginal,Generator,PT0 0,unsustainable biogas,38411405.21052
marginal,Generator,PT0 0,unsustainable bioliquids,366805976.34175
marginal,Generator,PT0 0,unsustainable solid biomass,315645392.46907
marginal,Generator,PT0 0,urban central heat vent,10890.55689
marginal,Generator,PT0 0,urban central solar thermal,0.41034
marginal,Generator,PT0 0,urban decentral heat vent,41.01486
marginal,Generator,PT0 0,urban decentral solar thermal,0.20279
marginal,Generator,RO0 0,Offshore Wind (AC),138672.02556
marginal,Generator,RO0 0,Offshore Wind (DC),239413.15044
marginal,Generator,RO0 0,Offshore Wind (Floating),1.12525
marginal,Generator,RO0 0,Onshore Wind,144852.94915
marginal,Generator,RO0 0,Run of River,77854.13821
marginal,Generator,RO0 0,Solar,51539.09453
marginal,Generator,RO0 0,forest residues,207260791.53393
marginal,Generator,RO0 0,gas,590403050.26449
marginal,Generator,RO0 0,industry wood,80355933.48558
marginal,Generator,RO0 0,landscape care,18402863.91945
marginal,Generator,RO0 0,manure and slurry,42336480.91331
marginal,Generator,RO0 0,municipal solid waste,8456.97477
marginal,Generator,RO0 0,rural solar thermal,0.16632
marginal,Generator,RO0 0,sewage sludge,43416.3929
marginal,Generator,RO0 0,solar-hsat,172919.41067
marginal,Generator,RO0 0,solid biomass,6132.2187
marginal,Generator,RO0 0,straw,62808362.31396
marginal,Generator,RO0 0,unsustainable biogas,9093209.54793
marginal,Generator,RO0 0,unsustainable bioliquids,231496807.02951
marginal,Generator,RO0 0,unsustainable solid biomass,385548680.86716
marginal,Generator,RO0 0,urban central heat vent,4023.06375
marginal,Generator,RO0 0,urban central solar thermal,0.45808
marginal,Generator,RO0 0,urban decentral heat vent,8.7343
marginal,Generator,RO0 0,urban decentral solar thermal,0.13138
marginal,Generator,RS0 0,Onshore Wind,16851.55653
marginal,Generator,RS0 0,Run of River,81366.06577
marginal,Generator,RS0 0,Solar,826.92964
marginal,Generator,RS0 0,forest residues,8328635.71533
marginal,Generator,RS0 0,industry wood,16042111.87949
marginal,Generator,RS0 0,landscape care,6648.99889
marginal,Generator,RS0 0,manure and slurry,18696274.38033
marginal,Generator,RS0 0,municipal solid waste,9490.20149
marginal,Generator,RS0 0,rural heat vent,15.65828
marginal,Generator,RS0 0,rural solar thermal,0.10069
marginal,Generator,RS0 0,sewage sludge,7937.53362
marginal,Generator,RS0 0,solar-hsat,593.98892
marginal,Generator,RS0 0,solid biomass,408573853.24931
marginal,Generator,RS0 0,straw,25497431.07288
marginal,Generator,RS0 0,unsustainable biogas,13623236.34686
marginal,Generator,RS0 0,unsustainable solid biomass,131214442.89031
marginal,Generator,RS0 0,urban central heat vent,3809.49758
marginal,Generator,RS0 0,urban central solar thermal,0.47395
marginal,Generator,RS0 0,urban decentral heat vent,16.77188
marginal,Generator,RS0 0,urban decentral solar thermal,0.09732
marginal,Generator,SE1 0,Offshore Wind (AC),18637.27396
marginal,Generator,SE1 0,Offshore Wind (DC),178362.99763
marginal,Generator,SE1 0,Offshore Wind (Floating),1.08562
marginal,Generator,SE1 0,Onshore Wind,829175.83625
marginal,Generator,SE1 0,Run of River,68634.60114
marginal,Generator,SE1 0,Solar,5328.90754
marginal,Generator,SE1 0,forest residues,417155710.98698
marginal,Generator,SE1 0,gas,16495221.07388
marginal,Generator,SE1 0,industry wood,225082252.60485
marginal,Generator,SE1 0,landscape care,24897354.65143
marginal,Generator,SE1 0,manure and slurry,30254851.89168
marginal,Generator,SE1 0,municipal solid waste,25784.08403
marginal,Generator,SE1 0,rural solar thermal,0.01743
marginal,Generator,SE1 0,sewage sludge,2848379.34828
marginal,Generator,SE1 0,solar-hsat,253544.49907
marginal,Generator,SE1 0,solid biomass,1786.64743
marginal,Generator,SE1 0,straw,17349024.99998
marginal,Generator,SE1 0,unsustainable biogas,87006433.5638
marginal,Generator,SE1 0,unsustainable bioliquids,531419383.63363
marginal,Generator,SE1 0,unsustainable solid biomass,1054907486.94754
marginal,Generator,SE1 0,urban central heat vent,58360.57322
marginal,Generator,SE1 0,urban central solar thermal,0.08492
marginal,Generator,SE1 0,urban decentral heat vent,7.09179
marginal,Generator,SE1 0,urban decentral solar thermal,0.0245
marginal,Generator,SI0 0,Offshore Wind (AC),0.21065
marginal,Generator,SI0 0,Offshore Wind (Floating),0.06341
marginal,Generator,SI0 0,Onshore Wind,0.17655
marginal,Generator,SI0 0,Run of River,21185.84009
marginal,Generator,SI0 0,Solar,605.15135
marginal,Generator,SI0 0,forest residues,52936284.46924
marginal,Generator,SI0 0,industry wood,24678756.76124
marginal,Generator,SI0 0,landscape care,615065.40845
marginal,Generator,SI0 0,manure and slurry,2676084.76244
marginal,Generator,SI0 0,municipal solid waste,1418.24729
marginal,Generator,SI0 0,rural solar thermal,0.07718
marginal,Generator,SI0 0,sewage sludge,130492.68359
marginal,Generator,SI0 0,solar-hsat,3.56097
marginal,Generator,SI0 0,solid biomass,2965.63236
marginal,Generator,SI0 0,straw,790352.67589
marginal,Generator,SI0 0,unsustainable biogas,10643288.96413
marginal,Generator,SI0 0,unsustainable solid biomass,61085265.95668
marginal,Generator,SI0 0,urban central heat vent,1808.82284
marginal,Generator,SI0 0,urban central solar thermal,0.39046
marginal,Generator,SI0 0,urban decentral heat vent,14.45146
marginal,Generator,SI0 0,urban decentral solar thermal,0.10627
marginal,Generator,SK0 0,Onshore Wind,2.17782
marginal,Generator,SK0 0,Run of River,34448.3281
marginal,Generator,SK0 0,Solar,9711.97328
marginal,Generator,SK0 0,forest residues,59458994.33751
marginal,Generator,SK0 0,gas,416083102.26787
marginal,Generator,SK0 0,industry wood,24940071.2971
marginal,Generator,SK0 0,landscape care,2634664.13548
marginal,Generator,SK0 0,manure and slurry,23852427.05538
marginal,Generator,SK0 0,municipal solid waste,4185.17498
marginal,Generator,SK0 0,rural solar thermal,0.06799
marginal,Generator,SK0 0,sewage sludge,4793.58712
marginal,Generator,SK0 0,solar-hsat,5.16482
marginal,Generator,SK0 0,solid biomass,3169.93622
marginal,Generator,SK0 0,straw,14846341.30609
marginal,Generator,SK0 0,unsustainable biogas,68507293.78177
marginal,Generator,SK0 0,unsustainable bioliquids,181168129.9374
marginal,Generator,SK0 0,unsustainable solid biomass,156019923.30729
marginal,Generator,SK0 0,urban central heat vent,9978.09688
marginal,Generator,SK0 0,urban central solar thermal,0.26933
marginal,Generator,SK0 0,urban decentral heat vent,20.15238
marginal,Generator,SK0 0,urban decentral solar thermal,0.08157
marginal,Generator,XK0 0,Onshore Wind,921.53944
marginal,Generator,XK0 0,Run of River,1536.96451
marginal,Generator,XK0 0,Solar,4223.52316
marginal,Generator,XK0 0,forest residues,844149.94882
marginal,Generator,XK0 0,industry wood,1597453.33965
marginal,Generator,XK0 0,manure and slurry,356434.50114
marginal,Generator,XK0 0,municipal solid waste,587.41328
marginal,Generator,XK0 0,rural heat vent,1.8614
marginal,Generator,XK0 0,rural solar thermal,0.05471
marginal,Generator,XK0 0,sewage sludge,45354.61521
marginal,Generator,XK0 0,solar-hsat,1437.81393
marginal,Generator,XK0 0,solid biomass,3249.40085
marginal,Generator,XK0 0,straw,997669.88742
marginal,Generator,XK0 0,unsustainable solid biomass,35608201.48399
marginal,Generator,XK0 0,urban central heat vent,1.01023
marginal,Generator,XK0 0,urban central solar thermal,0.28619
marginal,Generator,XK0 0,urban decentral heat vent,0.68983
marginal,Generator,XK0 0,urban decentral solar thermal,0.00178
marginal,Link,AL0 0,BEV charger,6927.34578
marginal,Link,AL0 0,CO2 pipeline,1.06241
marginal,Link,AL0 0,Combined-Cycle Gas,55.76097
marginal,Link,AL0 0,EAF,0.03202
marginal,Link,AL0 0,H2 DRI,362.93301
marginal,Link,AL0 0,H2 Electrolysis,3.53355
marginal,Link,AL0 0,HVC to air,43180.58438
marginal,Link,AL0 0,Haber-Bosch,2.06164
marginal,Link,AL0 0,Open-Cycle Gas,36.63033
marginal,Link,AL0 0,SMR,2.42339
marginal,Link,AL0 0,Sabatier,0.39986
marginal,Link,AL0 0,battery charger,23557.93774
marginal,Link,AL0 0,battery discharger,23942.75216
marginal,Link,AL0 0,biogas to gas,1122777.42517
marginal,Link,AL0 0,biomass to liquid,43.20527
marginal,Link,AL0 0,biomass-to-methanol,2456.40659
marginal,Link,AL0 0,electricity distribution grid,30786.05274
marginal,Link,AL0 0,gas DRI,454.77925
marginal,Link,AL0 0,gas for industry,581.66713
marginal,Link,AL0 0,gas pipeline new,1421.80019
marginal,Link,AL0 0,heat100-200 industry electric boiler steam,55.10222
marginal,Link,AL0 0,heat100-200 industry gas,17.52706
marginal,Link,AL0 0,heat100-200 industry industrial heat pump high temperature,243251.82564
marginal,Link,AL0 0,heat100-200 industry solid biomass,1484.70443
marginal,Link,AL0 0,heat200-500 industry gas,4.31226
marginal,Link,AL0 0,heat200-500 industry hydrogen,74.71394
marginal,Link,AL0 0,heat200-500 industry solid biomass,653538.55405
marginal,Link,AL0 0,heat<100 industry electric boiler steam,56.70856
marginal,Link,AL0 0,heat<100 industry gas,16.70579
marginal,Link,AL0 0,heat<100 industry industrial heat pump medium temperature,322421.40111
marginal,Link,AL0 0,heat<100 industry solid biomass,2077.37175
marginal,Link,AL0 0,heat>500 industry gas,23074.85313
marginal,Link,AL0 0,heat>500 industry hydrogen,198.2855
marginal,Link,AL0 0,home battery charger,4.05173
marginal,Link,AL0 0,home battery discharger,4.31816
marginal,Link,AL0 0,methanolisation,1.79123
marginal,Link,AL0 0,municipal solid waste,1348.21189
marginal,Link,AL0 0,rural air heat pump,0.3529
marginal,Link,AL0 0,rural biomass boiler,12824479.22413
marginal,Link,AL0 0,rural gas boiler,1.21187
marginal,Link,AL0 0,rural ground heat pump,396.27981
marginal,Link,AL0 0,rural resistive heater,42.07254
marginal,Link,AL0 0,solid biomass for industry,1197.43853
marginal,Link,AL0 0,steel emission,382.92816
marginal,Link,AL0 0,urban central air heat pump,133.63574
marginal,Link,AL0 0,urban central gas CHP,111.83011
marginal,Link,AL0 0,urban central gas boiler,164.30037
marginal,Link,AL0 0,urban central resistive heater,242.86028
marginal,Link,AL0 0,urban central solid biomass CHP,1648634.43116
marginal,Link,AL0 0,urban central solid biomass CHP CC,2162.4514
marginal,Link,AL0 0,urban decentral air heat pump,0.34347
marginal,Link,AL0 0,urban decentral biomass boiler,18363124.96444
marginal,Link,AL0 0,urban decentral gas boiler,1.34512
marginal,Link,AL0 0,urban decentral resistive heater,49.73111
marginal,Link,AL0 0,waste CHP,1596.84722
marginal,Link,AT0 0,BEV charger,76297.55226
marginal,Link,AT0 0,CO2 pipeline,128.56735
marginal,Link,AT0 0,Combined-Cycle Gas,59.57555
marginal,Link,AT0 0,EAF,0.05659
marginal,Link,AT0 0,H2 DRI,595.1173
marginal,Link,AT0 0,H2 Electrolysis,1.37672
marginal,Link,AT0 0,HVC to air,152917.7046
marginal,Link,AT0 0,Haber-Bosch,1.55126
marginal,Link,AT0 0,Open-Cycle Gas,34.34372
marginal,Link,AT0 0,SMR,3.15723
marginal,Link,AT0 0,Sabatier,0.40051
marginal,Link,AT0 0,battery charger,23931.82135
marginal,Link,AT0 0,battery discharger,22821.44502
marginal,Link,AT0 0,biogas to gas,16271946.9358
marginal,Link,AT0 0,biomass to liquid,56.19346
marginal,Link,AT0 0,biomass-to-methanol,2750.10866
marginal,Link,AT0 0,electricity distribution grid,754073.92761
marginal,Link,AT0 0,gas DRI,831.40615
marginal,Link,AT0 0,gas for industry,19726.79304
marginal,Link,AT0 0,gas pipeline,21236.69198
marginal,Link,AT0 0,gas pipeline new,1116.88117
marginal,Link,AT0 0,heat100-200 industry electric boiler steam,35.7292
marginal,Link,AT0 0,heat100-200 industry gas,13.67705
marginal,Link,AT0 0,heat100-200 industry industrial heat pump high temperature,14769638.53904
marginal,Link,AT0 0,heat100-200 industry solid biomass,1380.6703
marginal,Link,AT0 0,heat200-500 industry gas,2.89584
marginal,Link,AT0 0,heat200-500 industry hydrogen,51.39137
marginal,Link,AT0 0,heat200-500 industry solid biomass,30921055.486
marginal,Link,AT0 0,heat<100 industry electric boiler steam,33.29752
marginal,Link,AT0 0,heat<100 industry gas,12.39915
marginal,Link,AT0 0,heat<100 industry industrial heat pump medium temperature,2841593.94758
marginal,Link,AT0 0,heat<100 industry solid biomass,9061428.60041
marginal,Link,AT0 0,heat>500 industry gas,2339207.74052
marginal,Link,AT0 0,heat>500 industry hydrogen,115.78449
marginal,Link,AT0 0,home battery charger,3.73964
marginal,Link,AT0 0,home battery discharger,3.95017
marginal,Link,AT0 0,methanolisation,1.25401
marginal,Link,AT0 0,municipal solid waste,7330.63642
marginal,Link,AT0 0,rural air heat pump,0.35214
marginal,Link,AT0 0,rural biomass boiler,75710021.04828
marginal,Link,AT0 0,rural gas boiler,57366.67202
marginal,Link,AT0 0,rural ground heat pump,19291.52449
marginal,Link,AT0 0,rural resistive heater,13920.29484
marginal,Link,AT0 0,solid biomass for industry,178925.7199
marginal,Link,AT0 0,steel emission,25627.91654
marginal,Link,AT0 0,unsustainable bioliquids,3481683.53787
marginal,Link,AT0 0,urban central air heat pump,1.36113
marginal,Link,AT0 0,urban central gas CHP,117.91985
marginal,Link,AT0 0,urban central gas boiler,8154.28767
marginal,Link,AT0 0,urban central resistive heater,4837.60257
marginal,Link,AT0 0,urban central solid biomass CHP,78909782.73011
marginal,Link,AT0 0,urban central solid biomass CHP CC,193511.90151
marginal,Link,AT0 0,urban decentral air heat pump,5874.52876
marginal,Link,AT0 0,urban decentral biomass boiler,71261251.51562
marginal,Link,AT0 0,urban decentral gas boiler,49056.40637
marginal,Link,AT0 0,urban decentral resistive heater,17557.18159
marginal,Link,AT0 0,waste CHP,1834.80973
marginal,Link,BA0 0,BEV charger,12295.37835
marginal,Link,BA0 0,CO2 pipeline,1.57855
marginal,Link,BA0 0,Combined-Cycle Gas,50.45909
marginal,Link,BA0 0,EAF,0.03462
marginal,Link,BA0 0,H2 DRI,322.37275
marginal,Link,BA0 0,H2 Electrolysis,1.55488
marginal,Link,BA0 0,HVC to air,53648.41505
marginal,Link,BA0 0,Haber-Bosch,1.51693
marginal,Link,BA0 0,Open-Cycle Gas,34.54331
marginal,Link,BA0 0,SMR,5.18211
marginal,Link,BA0 0,Sabatier,0.36769
marginal,Link,BA0 0,battery charger,2553.91021
marginal,Link,BA0 0,battery discharger,2543.5528
marginal,Link,BA0 0,biogas to gas,1550976.03043
marginal,Link,BA0 0,biomass to liquid,39.10409
marginal,Link,BA0 0,biomass-to-methanol,2148.04506
marginal,Link,BA0 0,electricity distribution grid,105158.17119
marginal,Link,BA0 0,gas DRI,527.19343
marginal,Link,BA0 0,gas for industry,3543.84145
marginal,Link,BA0 0,gas pipeline,44.21649
marginal,Link,BA0 0,gas pipeline new,1136.36375
marginal,Link,BA0 0,heat100-200 industry electric boiler steam,37.08857
marginal,Link,BA0 0,heat100-200 industry gas,14.86144
marginal,Link,BA0 0,heat100-200 industry industrial heat pump high temperature,486992.9428
marginal,Link,BA0 0,heat100-200 industry solid biomass,1675.01702
marginal,Link,BA0 0,heat200-500 industry gas,3.66135
marginal,Link,BA0 0,heat200-500 industry hydrogen,73.97377
marginal,Link,BA0 0,heat200-500 industry solid biomass,1868115.26212
marginal,Link,BA0 0,heat<100 industry electric boiler steam,38.30735
marginal,Link,BA0 0,heat<100 industry gas,14.03108
marginal,Link,BA0 0,heat<100 industry industrial heat pump medium temperature,561411.19939
marginal,Link,BA0 0,heat<100 industry solid biomass,2948.88085
marginal,Link,BA0 0,heat>500 industry gas,213680.09291
marginal,Link,BA0 0,heat>500 industry hydrogen,125.57141
marginal,Link,BA0 0,home battery charger,4.06258
marginal,Link,BA0 0,home battery discharger,4.09464
marginal,Link,BA0 0,methanolisation,1.19056
marginal,Link,BA0 0,municipal solid waste,0.58643
marginal,Link,BA0 0,rural air heat pump,0.19032
marginal,Link,BA0 0,rural biomass boiler,57666161.94453
marginal,Link,BA0 0,rural gas boiler,0.99534
marginal,Link,BA0 0,rural ground heat pump,0.7448
marginal,Link,BA0 0,rural resistive heater,55.54886
marginal,Link,BA0 0,solid biomass for industry,6707.46734
marginal,Link,BA0 0,steel emission,3453.23471
marginal,Link,BA0 0,urban central air heat pump,95.85944
marginal,Link,BA0 0,urban central gas CHP,115.25193
marginal,Link,BA0 0,urban central gas boiler,1856.04106
marginal,Link,BA0 0,urban central resistive heater,496.23808
marginal,Link,BA0 0,urban central solid biomass CHP,8868459.67634
marginal,Link,BA0 0,urban central solid biomass CHP CC,2968.08788
marginal,Link,BA0 0,urban decentral air heat pump,0.19957
marginal,Link,BA0 0,urban decentral biomass boiler,41383568.28288
marginal,Link,BA0 0,urban decentral gas boiler,0.99742
marginal,Link,BA0 0,urban decentral resistive heater,45.9532
marginal,Link,BA0 0,waste CHP,1626.36233
marginal,Link,BE0 0,BEV charger,100657.02016
marginal,Link,BE0 0,CO2 pipeline,-0.88668
marginal,Link,BE0 0,Combined-Cycle Gas,9761372.75211
marginal,Link,BE0 0,DC,42369.03622
marginal,Link,BE0 0,EAF,0.05622
marginal,Link,BE0 0,H2 DRI,566.41288
marginal,Link,BE0 0,H2 Electrolysis,3.95771
marginal,Link,BE0 0,HVC to air,238186.74602
marginal,Link,BE0 0,Haber-Bosch,2.72743
marginal,Link,BE0 0,Open-Cycle Gas,33.7673
marginal,Link,BE0 0,SMR,2.03567
marginal,Link,BE0 0,Sabatier,0.45866
marginal,Link,BE0 0,battery charger,8.21283
marginal,Link,BE0 0,battery discharger,8.42974
marginal,Link,BE0 0,biogas to gas,26001192.7263
marginal,Link,BE0 0,biomass to liquid,19.55757
marginal,Link,BE0 0,biomass-to-methanol,889.09585
marginal,Link,BE0 0,electricity distribution grid,1118046.75312
marginal,Link,BE0 0,gas DRI,828.74776
marginal,Link,BE0 0,gas for industry,47026.82728
marginal,Link,BE0 0,gas pipeline,421.06175
marginal,Link,BE0 0,gas pipeline new,41560.36817
marginal,Link,BE0 0,heat100-200 industry electric boiler steam,37.68027
marginal,Link,BE0 0,heat100-200 industry gas,13.45374
marginal,Link,BE0 0,heat100-200 industry industrial heat pump high temperature,16226978.88603
marginal,Link,BE0 0,heat100-200 industry solid biomass,196.01112
marginal,Link,BE0 0,heat200-500 industry gas,3.85591
marginal,Link,BE0 0,heat200-500 industry hydrogen,63.56033
marginal,Link,BE0 0,heat200-500 industry solid biomass,42325635.68477
marginal,Link,BE0 0,heat<100 industry electric boiler steam,37.3718
marginal,Link,BE0 0,heat<100 industry gas,13.53425
marginal,Link,BE0 0,heat<100 industry industrial heat pump medium temperature,14426042.47155
marginal,Link,BE0 0,heat<100 industry solid biomass,205.18222
marginal,Link,BE0 0,heat>500 industry gas,4336918.61668
marginal,Link,BE0 0,heat>500 industry hydrogen,141.32144
marginal,Link,BE0 0,home battery charger,3.80761
marginal,Link,BE0 0,home battery discharger,4.1415
marginal,Link,BE0 0,methanolisation,1.68934
marginal,Link,BE0 0,municipal solid waste,29444.48541
marginal,Link,BE0 0,rural air heat pump,0.56786
marginal,Link,BE0 0,rural biomass boiler,6714809.22074
marginal,Link,BE0 0,rural gas boiler,1.12397
marginal,Link,BE0 0,rural ground heat pump,16158.22397
marginal,Link,BE0 0,rural resistive heater,81.83454
marginal,Link,BE0 0,solid biomass for industry,102608.87585
marginal,Link,BE0 0,steel emission,19962.86019
marginal,Link,BE0 0,unsustainable bioliquids,3985648.67216
marginal,Link,BE0 0,urban central air heat pump,16587.81771
marginal,Link,BE0 0,urban central gas CHP,187.55319
marginal,Link,BE0 0,urban central gas boiler,13562.72742
marginal,Link,BE0 0,urban central resistive heater,3280.7119
marginal,Link,BE0 0,urban central solid biomass CHP,33134985.02403
marginal,Link,BE0 0,urban central solid biomass CHP CC,1396.33853
marginal,Link,BE0 0,urban decentral air heat pump,1552.73115
marginal,Link,BE0 0,urban decentral biomass boiler,43177334.5149
marginal,Link,BE0 0,urban decentral gas boiler,252445.7248
marginal,Link,BE0 0,urban decentral resistive heater,119411.15036
marginal,Link,BE0 0,waste CHP,6067.64641
marginal,Link,BG0 0,BEV charger,28765.48995
marginal,Link,BG0 0,CO2 pipeline,-3.92711
marginal,Link,BG0 0,Combined-Cycle Gas,56.18275
marginal,Link,BG0 0,H2 Electrolysis,2.24891
marginal,Link,BG0 0,HVC to air,121809.81543
marginal,Link,BG0 0,Haber-Bosch,1.71321
marginal,Link,BG0 0,Open-Cycle Gas,33.31759
marginal,Link,BG0 0,SMR,2.55951
marginal,Link,BG0 0,Sabatier,0.44102
marginal,Link,BG0 0,battery charger,62053.68111
marginal,Link,BG0 0,battery discharger,68243.16961
marginal,Link,BG0 0,biogas to gas,13586563.39279
marginal,Link,BG0 0,biomass to liquid,85.98628
marginal,Link,BG0 0,biomass-to-methanol,5928.33957
marginal,Link,BG0 0,co2 sequestered,5.36047
marginal,Link,BG0 0,electricity distribution grid,399721.39369
marginal,Link,BG0 0,gas for industry,15059.09278
marginal,Link,BG0 0,gas pipeline,77.95646
marginal,Link,BG0 0,gas pipeline new,-1924.96397
marginal,Link,BG0 0,heat100-200 industry electric boiler steam,34.55366
marginal,Link,BG0 0,heat100-200 industry gas,12.17657
marginal,Link,BG0 0,heat100-200 industry industrial heat pump high temperature,930735.90453
marginal,Link,BG0 0,heat100-200 industry solid biomass,6516565.14505
marginal,Link,BG0 0,heat200-500 industry gas,2.7235
marginal,Link,BG0 0,heat200-500 industry hydrogen,61.92936
marginal,Link,BG0 0,heat200-500 industry solid biomass,10182528.39765
marginal,Link,BG0 0,heat<100 industry electric boiler steam,34.2536
marginal,Link,BG0 0,heat<100 industry gas,12.08212
marginal,Link,BG0 0,heat<100 industry industrial heat pump medium temperature,858.2104
marginal,Link,BG0 0,heat<100 industry solid biomass,6606897.85221
marginal,Link,BG0 0,heat>500 industry gas,1213341.30597
marginal,Link,BG0 0,heat>500 industry hydrogen,114.19569
marginal,Link,BG0 0,home battery charger,1322.35745
marginal,Link,BG0 0,home battery discharger,1248.46729
marginal,Link,BG0 0,methanolisation,1.40729
marginal,Link,BG0 0,municipal solid waste,2670.66461
marginal,Link,BG0 0,rural air heat pump,0.2852
marginal,Link,BG0 0,rural biomass boiler,21344723.89145
marginal,Link,BG0 0,rural gas boiler,467.03515
marginal,Link,BG0 0,rural ground heat pump,4162.90808
marginal,Link,BG0 0,rural resistive heater,387.97244
marginal,Link,BG0 0,solid biomass for industry,33682.50158
marginal,Link,BG0 0,unsustainable bioliquids,1443686.69468
marginal,Link,BG0 0,urban central air heat pump,0.85828
marginal,Link,BG0 0,urban central gas CHP,99.39569
marginal,Link,BG0 0,urban central gas boiler,2727.62474
marginal,Link,BG0 0,urban central resistive heater,3430.08358
marginal,Link,BG0 0,urban central solid biomass CHP,25979304.67505
marginal,Link,BG0 0,urban central solid biomass CHP CC,2240.78997
marginal,Link,BG0 0,urban decentral air heat pump,6177.67388
marginal,Link,BG0 0,urban decentral biomass boiler,26474403.9931
marginal,Link,BG0 0,urban decentral gas boiler,677.52337
marginal,Link,BG0 0,urban decentral resistive heater,20638.25945
marginal,Link,BG0 0,waste CHP,1435.48282
marginal,Link,CH0 0,BEV charger,40783.23416
marginal,Link,CH0 0,CO2 pipeline,4.43269
marginal,Link,CH0 0,Combined-Cycle Gas,63.00844
marginal,Link,CH0 0,EAF,0.03411
marginal,Link,CH0 0,H2 DRI,328.40755
marginal,Link,CH0 0,H2 Electrolysis,2.71633
marginal,Link,CH0 0,HVC to air,192345.37134
marginal,Link,CH0 0,Haber-Bosch,2.29374
marginal,Link,CH0 0,Open-Cycle Gas,30.76691
marginal,Link,CH0 0,SMR,2.09621
marginal,Link,CH0 0,Sabatier,0.43123
marginal,Link,CH0 0,battery charger,10.64433
marginal,Link,CH0 0,battery discharger,11.86715
marginal,Link,CH0 0,biogas to gas,56573.11271
marginal,Link,CH0 0,biomass to liquid,16.94901
marginal,Link,CH0 0,biomass-to-methanol,731.02442
marginal,Link,CH0 0,electricity distribution grid,749423.12109
marginal,Link,CH0 0,gas DRI,514.0366
marginal,Link,CH0 0,gas for industry,10910.78725
marginal,Link,CH0 0,gas pipeline,16776.96821
marginal,Link,CH0 0,gas pipeline new,-46473.0763
marginal,Link,CH0 0,heat100-200 industry electric boiler steam,34.82755
marginal,Link,CH0 0,heat100-200 industry gas,11.359
marginal,Link,CH0 0,heat100-200 industry industrial heat pump high temperature,4822208.11742
marginal,Link,CH0 0,heat100-200 industry solid biomass,155.65653
marginal,Link,CH0 0,heat200-500 industry gas,4.68451
marginal,Link,CH0 0,heat200-500 industry hydrogen,79.27596
marginal,Link,CH0 0,heat200-500 industry solid biomass,11865247.66558
marginal,Link,CH0 0,heat<100 industry electric boiler steam,35.26413
marginal,Link,CH0 0,heat<100 industry gas,11.62824
marginal,Link,CH0 0,heat<100 industry industrial heat pump medium temperature,3985726.02634
marginal,Link,CH0 0,heat<100 industry solid biomass,172.44317
marginal,Link,CH0 0,heat>500 industry gas,911884.45087
marginal,Link,CH0 0,heat>500 industry hydrogen,117.3228
marginal,Link,CH0 0,home battery charger,49.14446
marginal,Link,CH0 0,home battery discharger,57.50553
marginal,Link,CH0 0,methanolisation,1.24389
marginal,Link,CH0 0,municipal solid waste,67274.58097
marginal,Link,CH0 0,rural air heat pump,0.26214
marginal,Link,CH0 0,rural biomass boiler,3253.3135
marginal,Link,CH0 0,rural gas boiler,1.32584
marginal,Link,CH0 0,rural ground heat pump,32450.12069
marginal,Link,CH0 0,rural resistive heater,55.2634
marginal,Link,CH0 0,solid biomass for industry,22555.51665
marginal,Link,CH0 0,steel emission,2379.00296
marginal,Link,CH0 0,urban central air heat pump,11499.02537
marginal,Link,CH0 0,urban central gas CHP,124.86294
marginal,Link,CH0 0,urban central gas boiler,6513.2749
marginal,Link,CH0 0,urban central resistive heater,3532.11977
marginal,Link,CH0 0,urban central solid biomass CHP,25660106.66153
marginal,Link,CH0 0,urban central solid biomass CHP CC,654.92361
marginal,Link,CH0 0,urban decentral air heat pump,94995.06353
marginal,Link,CH0 0,urban decentral biomass boiler,113910015.85759
marginal,Link,CH0 0,urban decentral gas boiler,1989.22158
marginal,Link,CH0 0,urban decentral resistive heater,1652.27149
marginal,Link,CH0 0,waste CHP,46905.85164
marginal,Link,CZ0 0,BEV charger,69142.15395
marginal,Link,CZ0 0,CO2 pipeline,238.7516
marginal,Link,CZ0 0,Combined-Cycle Gas,64.02386
marginal,Link,CZ0 0,EAF,0.05627
marginal,Link,CZ0 0,H2 DRI,508.15156
marginal,Link,CZ0 0,H2 Electrolysis,1.10586
marginal,Link,CZ0 0,HVC to air,164690.46122
marginal,Link,CZ0 0,Haber-Bosch,1.60565
marginal,Link,CZ0 0,Open-Cycle Gas,34.75381
marginal,Link,CZ0 0,SMR,3.09364
marginal,Link,CZ0 0,Sabatier,0.38601
marginal,Link,CZ0 0,battery charger,18.78721
marginal,Link,CZ0 0,battery discharger,19.32009
marginal,Link,CZ0 0,biogas to gas,44392715.72009
marginal,Link,CZ0 0,biomass to liquid,31.32584
marginal,Link,CZ0 0,biomass-to-methanol,1468.92773
marginal,Link,CZ0 0,electricity distribution grid,762254.04054
marginal,Link,CZ0 0,gas DRI,777.62815
marginal,Link,CZ0 0,gas for industry,15798.57578
marginal,Link,CZ0 0,gas pipeline,71700.45425
marginal,Link,CZ0 0,gas pipeline new,-43.16823
marginal,Link,CZ0 0,heat100-200 industry electric boiler steam,33.12091
marginal,Link,CZ0 0,heat100-200 industry gas,12.24238
marginal,Link,CZ0 0,heat100-200 industry industrial heat pump high temperature,9570287.29756
marginal,Link,CZ0 0,heat100-200 industry solid biomass,405.84844
marginal,Link,CZ0 0,heat200-500 industry gas,3.21366
marginal,Link,CZ0 0,heat200-500 industry hydrogen,54.2591
marginal,Link,CZ0 0,heat200-500 industry solid biomass,29335699.4996
marginal,Link,CZ0 0,heat<100 industry electric boiler steam,33.63889
marginal,Link,CZ0 0,heat<100 industry gas,12.57076
marginal,Link,CZ0 0,heat<100 industry industrial heat pump medium temperature,9623304.08915
marginal,Link,CZ0 0,heat<100 industry solid biomass,509.78672
marginal,Link,CZ0 0,heat>500 industry gas,2141026.67296
marginal,Link,CZ0 0,heat>500 industry hydrogen,114.75717
marginal,Link,CZ0 0,home battery charger,3.66453
marginal,Link,CZ0 0,home battery discharger,3.64861
marginal,Link,CZ0 0,methanolisation,1.15564
marginal,Link,CZ0 0,municipal solid waste,3011.83192
marginal,Link,CZ0 0,rural air heat pump,0.25385
marginal,Link,CZ0 0,rural biomass boiler,67618573.34999
marginal,Link,CZ0 0,rural gas boiler,68086.88025
marginal,Link,CZ0 0,rural ground heat pump,15317.82923
marginal,Link,CZ0 0,rural resistive heater,15831.73608
marginal,Link,CZ0 0,solid biomass for industry,96544.92665
marginal,Link,CZ0 0,steel emission,19247.79748
marginal,Link,CZ0 0,unsustainable bioliquids,2447907.03201
marginal,Link,CZ0 0,urban central air heat pump,1.16368
marginal,Link,CZ0 0,urban central gas CHP,117.2507
marginal,Link,CZ0 0,urban central gas boiler,12806.15103
marginal,Link,CZ0 0,urban central resistive heater,4847.37149
marginal,Link,CZ0 0,urban central solid biomass CHP,86012803.71095
marginal,Link,CZ0 0,urban central solid biomass CHP CC,351448.56751
marginal,Link,CZ0 0,urban decentral air heat pump,5573.4716
marginal,Link,CZ0 0,urban decentral biomass boiler,108829845.46672
marginal,Link,CZ0 0,urban decentral gas boiler,120690.52898
marginal,Link,CZ0 0,urban decentral resistive heater,68833.90035
marginal,Link,CZ0 0,waste CHP,2655.85361
marginal,Link,DE0 0,BEV charger,84369.02987
marginal,Link,DE0 0,CO2 pipeline,-1857.74805
marginal,Link,DE0 0,Combined-Cycle Gas,90100.61705
marginal,Link,DE0 0,DC,45225.67811
marginal,Link,DE0 0,EAF,0.06051
marginal,Link,DE0 0,H2 DRI,605.29949
marginal,Link,DE0 0,H2 Electrolysis,4.37079
marginal,Link,DE0 0,HVC to air,253474.81462
marginal,Link,DE0 0,Haber-Bosch,2.64549
marginal,Link,DE0 0,Open-Cycle Gas,32.36679
marginal,Link,DE0 0,SMR,1.18878
marginal,Link,DE0 0,Sabatier,0.47411
marginal,Link,DE0 0,battery charger,8.51657
marginal,Link,DE0 0,battery discharger,9.30892
marginal,Link,DE0 0,biogas to gas,76976832.68573
marginal,Link,DE0 0,biomass to liquid,23.47173
marginal,Link,DE0 0,biomass-to-methanol,1015.92611
marginal,Link,DE0 0,co2 sequestered,618.54796
marginal,Link,DE0 0,electricity distribution grid,987035.0328
marginal,Link,DE0 0,gas DRI,861.71334
marginal,Link,DE0 0,gas for industry,39339.64502
marginal,Link,DE0 0,gas pipeline,63241.46306
marginal,Link,DE0 0,heat100-200 industry electric boiler steam,38.79072
marginal,Link,DE0 0,heat100-200 industry gas,12.57555
marginal,Link,DE0 0,heat100-200 industry industrial heat pump high temperature,15309735.80616
marginal,Link,DE0 0,heat100-200 industry solid biomass,216.56818
marginal,Link,DE0 0,heat200-500 industry gas,3.59668
marginal,Link,DE0 0,heat200-500 industry hydrogen,60.41903
marginal,Link,DE0 0,heat200-500 industry solid biomass,40266737.57306
marginal,Link,DE0 0,heat<100 industry electric boiler steam,38.49894
marginal,Link,DE0 0,heat<100 industry gas,12.47018
marginal,Link,DE0 0,heat<100 industry industrial heat pump medium temperature,12511395.10425
marginal,Link,DE0 0,heat<100 industry solid biomass,223.83907
marginal,Link,DE0 0,heat>500 industry gas,3307820.06689
marginal,Link,DE0 0,heat>500 industry hydrogen,133.96832
marginal,Link,DE0 0,home battery charger,3.98497
marginal,Link,DE0 0,home battery discharger,3.61415
marginal,Link,DE0 0,methanolisation,1.6965
marginal,Link,DE0 0,municipal solid waste,16794.68807
marginal,Link,DE0 0,rural air heat pump,0.3614
marginal,Link,DE0 0,rural biomass boiler,29552351.72096
marginal,Link,DE0 0,rural gas boiler,61837.15565
marginal,Link,DE0 0,rural ground heat pump,11079.96118
marginal,Link,DE0 0,rural resistive heater,44577.31392
marginal,Link,DE0 0,solid biomass for industry,66104.36218
marginal,Link,DE0 0,steel emission,24799.58189
marginal,Link,DE0 0,unsustainable bioliquids,6676696.14381
marginal,Link,DE0 0,urban central air heat pump,23402.95733
marginal,Link,DE0 0,urban central gas CHP,116.02989
marginal,Link,DE0 0,urban central gas boiler,13447.91892
marginal,Link,DE0 0,urban central resistive heater,5936.20933
marginal,Link,DE0 0,urban central solid biomass CHP,51768022.74227
marginal,Link,DE0 0,urban central solid biomass CHP CC,15722.20679
marginal,Link,DE0 0,urban decentral air heat pump,3692.23137
marginal,Link,DE0 0,urban decentral biomass boiler,64844160.41537
marginal,Link,DE0 0,urban decentral gas boiler,144601.14458
marginal,Link,DE0 0,urban decentral resistive heater,89237.00768
marginal,Link,DE0 0,waste CHP,4243.45095
marginal,Link,DE0 1,BEV charger,48697.29467
marginal,Link,DE0 1,CO2 pipeline,-191.55322
marginal,Link,DE0 1,Combined-Cycle Gas,177221.98872
marginal,Link,DE0 1,H2 Electrolysis,1.178
marginal,Link,DE0 1,HVC to air,122547.59815
marginal,Link,DE0 1,Haber-Bosch,1.4392
marginal,Link,DE0 1,Open-Cycle Gas,31.74546
marginal,Link,DE0 1,SMR,2.44578
marginal,Link,DE0 1,Sabatier,0.38639
marginal,Link,DE0 1,battery charger,18.18595
marginal,Link,DE0 1,battery discharger,15.72638
marginal,Link,DE0 1,biogas to gas,40491988.48378
marginal,Link,DE0 1,biomass to liquid,55.75531
marginal,Link,DE0 1,biomass-to-methanol,2490.57629
marginal,Link,DE0 1,electricity distribution grid,563466.55851
marginal,Link,DE0 1,gas for industry,5382.98073
marginal,Link,DE0 1,gas pipeline,78951.85114
marginal,Link,DE0 1,gas pipeline new,-25.46283
marginal,Link,DE0 1,heat100-200 industry electric boiler steam,31.77754
marginal,Link,DE0 1,heat100-200 industry gas,11.76206
marginal,Link,DE0 1,heat100-200 industry industrial heat pump high temperature,5553513.75572
marginal,Link,DE0 1,heat100-200 industry solid biomass,1375.44034
marginal,Link,DE0 1,heat200-500 industry gas,2.85704
marginal,Link,DE0 1,heat200-500 industry hydrogen,59.63389
marginal,Link,DE0 1,heat200-500 industry solid biomass,13267482.08363
marginal,Link,DE0 1,heat<100 industry electric boiler steam,31.92865
marginal,Link,DE0 1,heat<100 industry gas,11.9784
marginal,Link,DE0 1,heat<100 industry industrial heat pump medium temperature,62593.5592
marginal,Link,DE0 1,heat<100 industry solid biomass,9712554.05257
marginal,Link,DE0 1,heat>500 industry gas,784329.22311
marginal,Link,DE0 1,heat>500 industry hydrogen,114.14882
marginal,Link,DE0 1,home battery charger,3.53114
marginal,Link,DE0 1,home battery discharger,3.47069
marginal,Link,DE0 1,methanolisation,1.23167
marginal,Link,DE0 1,municipal solid waste,10040.90362
marginal,Link,DE0 1,rural air heat pump,0.17428
marginal,Link,DE0 1,rural biomass boiler,31047793.35092
marginal,Link,DE0 1,rural gas boiler,94521.62062
marginal,Link,DE0 1,rural ground heat pump,5712.04221
marginal,Link,DE0 1,rural resistive heater,20609.19839
marginal,Link,DE0 1,solid biomass for industry,36862.47675
marginal,Link,DE0 1,unsustainable bioliquids,4039605.1351
marginal,Link,DE0 1,urban central air heat pump,0.59503
marginal,Link,DE0 1,urban central gas CHP,110.62659
marginal,Link,DE0 1,urban central gas boiler,3929.25486
marginal,Link,DE0 1,urban central resistive heater,672.94743
marginal,Link,DE0 1,urban central solid biomass CHP,28067617.07174
marginal,Link,DE0 1,urban central solid biomass CHP CC,6979036.45305
marginal,Link,DE0 1,urban decentral air heat pump,1940.99396
marginal,Link,DE0 1,urban decentral biomass boiler,20189764.45075
marginal,Link,DE0 1,urban decentral gas boiler,58834.00508
marginal,Link,DE0 1,urban decentral resistive heater,12906.36684
marginal,Link,DE0 1,waste CHP,1700.44754
marginal,Link,DE0 2,BEV charger,133632.82587
marginal,Link,DE0 2,CO2 pipeline,-57.40255
marginal,Link,DE0 2,Combined-Cycle Gas,284302.39483
marginal,Link,DE0 2,DC,36453.36929
marginal,Link,DE0 2,EAF,0.06838
marginal,Link,DE0 2,H2 DRI,699.43719
marginal,Link,DE0 2,H2 Electrolysis,5.71423
marginal,Link,DE0 2,HVC to air,340945.53682
marginal,Link,DE0 2,Haber-Bosch,3.33306
marginal,Link,DE0 2,Open-Cycle Gas,31.78594
marginal,Link,DE0 2,SMR,1.08461
marginal,Link,DE0 2,Sabatier,0.48698
marginal,Link,DE0 2,battery charger,9.28706
marginal,Link,DE0 2,battery discharger,9.24079
marginal,Link,DE0 2,biogas to gas,50253034.93721
marginal,Link,DE0 2,biomass to liquid,18.53286
marginal,Link,DE0 2,biomass-to-methanol,933.79232
marginal,Link,DE0 2,co2 sequestered,271.10241
marginal,Link,DE0 2,electricity distribution grid,1585344.98485
marginal,Link,DE0 2,gas DRI,904.74591
marginal,Link,DE0 2,gas for industry,63053.03714
marginal,Link,DE0 2,gas pipeline,185669.38789
marginal,Link,DE0 2,heat100-200 industry electric boiler steam,45.46827
marginal,Link,DE0 2,heat100-200 industry gas,15.94876
marginal,Link,DE0 2,heat100-200 industry industrial heat pump high temperature,29676705.08706
marginal,Link,DE0 2,heat100-200 industry solid biomass,206.80277
marginal,Link,DE0 2,heat200-500 industry gas,3.7403
marginal,Link,DE0 2,heat200-500 industry hydrogen,72.88572
marginal,Link,DE0 2,heat200-500 industry solid biomass,72410365.75467
marginal,Link,DE0 2,heat<100 industry electric boiler steam,41.4981
marginal,Link,DE0 2,heat<100 industry gas,14.572
marginal,Link,DE0 2,heat<100 industry industrial heat pump medium temperature,23128746.89464
marginal,Link,DE0 2,heat<100 industry solid biomass,221.90082
marginal,Link,DE0 2,heat>500 industry gas,6607442.20058
marginal,Link,DE0 2,heat>500 industry hydrogen,171.35517
marginal,Link,DE0 2,home battery charger,4.16054
marginal,Link,DE0 2,home battery discharger,4.31788
marginal,Link,DE0 2,methanolisation,1.96437
marginal,Link,DE0 2,municipal solid waste,26603.13526
marginal,Link,DE0 2,rural air heat pump,0.40193
marginal,Link,DE0 2,rural biomass boiler,15371041.42266
marginal,Link,DE0 2,rural gas boiler,38420.34254
marginal,Link,DE0 2,rural ground heat pump,18505.67226
marginal,Link,DE0 2,rural resistive heater,22942.56857
marginal,Link,DE0 2,solid biomass for industry,142081.68705
marginal,Link,DE0 2,steel emission,62857.96275
marginal,Link,DE0 2,unsustainable bioliquids,4700022.9041
marginal,Link,DE0 2,urban central air heat pump,66518.00096
marginal,Link,DE0 2,urban central gas CHP,120.32279
marginal,Link,DE0 2,urban central gas boiler,30979.64279
marginal,Link,DE0 2,urban central resistive heater,10838.69615
marginal,Link,DE0 2,urban central solid biomass CHP,65534144.60293
marginal,Link,DE0 2,urban central solid biomass CHP CC,1413.07098
marginal,Link,DE0 2,urban decentral air heat pump,5932.77145
marginal,Link,DE0 2,urban decentral biomass boiler,121949347.72125
marginal,Link,DE0 2,urban decentral gas boiler,276738.79819
marginal,Link,DE0 2,urban decentral resistive heater,161752.57491
marginal,Link,DE0 2,waste CHP,5519.51354
marginal,Link,DE0 3,BEV charger,66205.58702
marginal,Link,DE0 3,CO2 pipeline,210.33737
marginal,Link,DE0 3,Combined-Cycle Gas,79.73061
marginal,Link,DE0 3,H2 Electrolysis,1.06914
marginal,Link,DE0 3,HVC to air,171525.38132
marginal,Link,DE0 3,Haber-Bosch,1.50949
marginal,Link,DE0 3,Open-Cycle Gas,33.15147
marginal,Link,DE0 3,SMR,2.87773
marginal,Link,DE0 3,Sabatier,0.40284
marginal,Link,DE0 3,battery charger,6555.04791
marginal,Link,DE0 3,battery discharger,5623.93047
marginal,Link,DE0 3,biogas to gas,48834817.07814
marginal,Link,DE0 3,biomass to liquid,35.11882
marginal,Link,DE0 3,biomass-to-methanol,1501.15201
marginal,Link,DE0 3,electricity distribution grid,673404.34395
marginal,Link,DE0 3,gas for industry,14298.54773
marginal,Link,DE0 3,gas pipeline,17.92339
marginal,Link,DE0 3,gas pipeline new,-45817.70867
marginal,Link,DE0 3,heat100-200 industry electric boiler steam,32.40325
marginal,Link,DE0 3,heat100-200 industry gas,12.33204
marginal,Link,DE0 3,heat100-200 industry industrial heat pump high temperature,9019075.41737
marginal,Link,DE0 3,heat100-200 industry solid biomass,428.64077
marginal,Link,DE0 3,heat200-500 industry gas,3.12044
marginal,Link,DE0 3,heat200-500 industry hydrogen,56.49824
marginal,Link,DE0 3,heat200-500 industry solid biomass,22423628.33729
marginal,Link,DE0 3,heat<100 industry electric boiler steam,31.89764
marginal,Link,DE0 3,heat<100 industry gas,12.33108
marginal,Link,DE0 3,heat<100 industry industrial heat pump medium temperature,6464307.27675
marginal,Link,DE0 3,heat<100 industry solid biomass,590.38529
marginal,Link,DE0 3,heat>500 industry gas,2005332.37432
marginal,Link,DE0 3,heat>500 industry hydrogen,114.08739
marginal,Link,DE0 3,home battery charger,3.63315
marginal,Link,DE0 3,home battery discharger,3.42325
marginal,Link,DE0 3,methanolisation,1.26674
marginal,Link,DE0 3,municipal solid waste,11761.28375
marginal,Link,DE0 3,rural air heat pump,0.35236
marginal,Link,DE0 3,rural biomass boiler,27473186.89778
marginal,Link,DE0 3,rural gas boiler,79383.21051
marginal,Link,DE0 3,rural ground heat pump,7886.98161
marginal,Link,DE0 3,rural resistive heater,16402.05827
marginal,Link,DE0 3,solid biomass for industry,58447.04746
marginal,Link,DE0 3,unsustainable bioliquids,5070572.60063
marginal,Link,DE0 3,urban central air heat pump,176.4829
marginal,Link,DE0 3,urban central gas CHP,118.40607
marginal,Link,DE0 3,urban central gas boiler,9871.76507
marginal,Link,DE0 3,urban central resistive heater,2330.21253
marginal,Link,DE0 3,urban central solid biomass CHP,49260939.40687
marginal,Link,DE0 3,urban central solid biomass CHP CC,9964803.76175
marginal,Link,DE0 3,urban decentral air heat pump,2940.37019
marginal,Link,DE0 3,urban decentral biomass boiler,41809608.56759
marginal,Link,DE0 3,urban decentral gas boiler,122665.19535
marginal,Link,DE0 3,urban decentral resistive heater,21352.45156
marginal,Link,DE0 3,waste CHP,2698.84452
marginal,Link,DE0 4,BEV charger,131077.15293
marginal,Link,DE0 4,CO2 pipeline,22.87749
marginal,Link,DE0 4,Combined-Cycle Gas,114.10789
marginal,Link,DE0 4,EAF,0.05938
marginal,Link,DE0 4,H2 DRI,532.30171
marginal,Link,DE0 4,H2 Electrolysis,1.03735
marginal,Link,DE0 4,HVC to air,309588.44003
marginal,Link,DE0 4,Haber-Bosch,1.64452
marginal,Link,DE0 4,Open-Cycle Gas,31.642
marginal,Link,DE0 4,SMR,2.7795
marginal,Link,DE0 4,Sabatier,0.44898
marginal,Link,DE0 4,battery charger,29.13348
marginal,Link,DE0 4,battery discharger,29.98192
marginal,Link,DE0 4,biogas to gas,45831650.82351
marginal,Link,DE0 4,biomass to liquid,20.03836
marginal,Link,DE0 4,biomass-to-methanol,965.99272
marginal,Link,DE0 4,electricity distribution grid,1362579.19759
marginal,Link,DE0 4,gas DRI,801.04024
marginal,Link,DE0 4,gas for industry,45946.55887
marginal,Link,DE0 4,gas pipeline,48734.38903
marginal,Link,DE0 4,heat100-200 industry electric boiler steam,38.07723
marginal,Link,DE0 4,heat100-200 industry gas,15.50807
marginal,Link,DE0 4,heat100-200 industry industrial heat pump high temperature,23531450.31964
marginal,Link,DE0 4,heat100-200 industry solid biomass,229.6871
marginal,Link,DE0 4,heat200-500 industry gas,3.69111
marginal,Link,DE0 4,heat200-500 industry hydrogen,61.91055
marginal,Link,DE0 4,heat200-500 industry solid biomass,47922615.35642
marginal,Link,DE0 4,heat<100 industry electric boiler steam,35.06001
marginal,Link,DE0 4,heat<100 industry gas,13.92639
marginal,Link,DE0 4,heat<100 industry industrial heat pump medium temperature,17166415.86127
marginal,Link,DE0 4,heat<100 industry solid biomass,260.77522
marginal,Link,DE0 4,heat>500 industry gas,3052770.52843
marginal,Link,DE0 4,heat>500 industry hydrogen,121.40957
marginal,Link,DE0 4,home battery charger,3.49613
marginal,Link,DE0 4,home battery discharger,3.57692
marginal,Link,DE0 4,methanolisation,1.03845
marginal,Link,DE0 4,municipal solid waste,23369.58127
marginal,Link,DE0 4,rural air heat pump,0.46466
marginal,Link,DE0 4,rural biomass boiler,13041305.27825
marginal,Link,DE0 4,rural gas boiler,1.96179
marginal,Link,DE0 4,rural ground heat pump,29548.70024
marginal,Link,DE0 4,rural resistive heater,24.47305
marginal,Link,DE0 4,solid biomass for industry,95622.70072
marginal,Link,DE0 4,steel emission,19692.91749
marginal,Link,DE0 4,unsustainable bioliquids,4966575.37452
marginal,Link,DE0 4,urban central air heat pump,12973.95786
marginal,Link,DE0 4,urban central gas CHP,120.75833
marginal,Link,DE0 4,urban central gas boiler,35217.95705
marginal,Link,DE0 4,urban central resistive heater,1824.62741
marginal,Link,DE0 4,urban central solid biomass CHP,132969126.74356
marginal,Link,DE0 4,urban central solid biomass CHP CC,2346.74774
marginal,Link,DE0 4,urban decentral air heat pump,5455.60453
marginal,Link,DE0 4,urban decentral biomass boiler,112546508.3647
marginal,Link,DE0 4,urban decentral gas boiler,385606.66234
marginal,Link,DE0 4,urban decentral resistive heater,45995.60596
marginal,Link,DE0 4,waste CHP,7464.03659
marginal,Link,DE0 5,BEV charger,91940.91716
marginal,Link,DE0 5,CO2 pipeline,51.37335
marginal,Link,DE0 5,Combined-Cycle Gas,64.28912
marginal,Link,DE0 5,DC,8068.37146
marginal,Link,DE0 5,EAF,0.04617
marginal,Link,DE0 5,H2 DRI,418.89347
marginal,Link,DE0 5,H2 Electrolysis,3.53356
marginal,Link,DE0 5,HVC to air,253436.95027
marginal,Link,DE0 5,Haber-Bosch,2.06613
marginal,Link,DE0 5,Open-Cycle Gas,32.41842
marginal,Link,DE0 5,SMR,1.88818
marginal,Link,DE0 5,Sabatier,0.40278
marginal,Link,DE0 5,battery charger,13.9467
marginal,Link,DE0 5,battery discharger,11.74829
marginal,Link,DE0 5,biogas to gas,58718919.49061
marginal,Link,DE0 5,biomass to liquid,21.65105
marginal,Link,DE0 5,biomass-to-methanol,913.621
marginal,Link,DE0 5,electricity distribution grid,1020882.51033
marginal,Link,DE0 5,gas DRI,657.262
marginal,Link,DE0 5,gas for industry,66546.75717
marginal,Link,DE0 5,gas pipeline,34695.55131
marginal,Link,DE0 5,heat100-200 industry electric boiler steam,38.70631
marginal,Link,DE0 5,heat100-200 industry gas,13.50289
marginal,Link,DE0 5,heat100-200 industry industrial heat pump high temperature,18083330.82937
marginal,Link,DE0 5,heat100-200 industry solid biomass,198.63484
marginal,Link,DE0 5,heat200-500 industry gas,3.77086
marginal,Link,DE0 5,heat200-500 industry hydrogen,61.87692
marginal,Link,DE0 5,heat200-500 industry solid biomass,42606380.63091
marginal,Link,DE0 5,heat<100 industry electric boiler steam,37.55493
marginal,Link,DE0 5,heat<100 industry gas,13.09708
marginal,Link,DE0 5,heat<100 industry industrial heat pump medium temperature,14926468.94808
marginal,Link,DE0 5,heat<100 industry solid biomass,212.49349
marginal,Link,DE0 5,heat>500 industry gas,3913711.01543
marginal,Link,DE0 5,heat>500 industry hydrogen,132.61053
marginal,Link,DE0 5,home battery charger,4.27926
marginal,Link,DE0 5,home battery discharger,4.16277
marginal,Link,DE0 5,methanolisation,1.46373
marginal,Link,DE0 5,municipal solid waste,17377.41554
marginal,Link,DE0 5,rural air heat pump,0.19437
marginal,Link,DE0 5,rural biomass boiler,40816883.6309
marginal,Link,DE0 5,rural gas boiler,110955.8135
marginal,Link,DE0 5,rural ground heat pump,9981.0265
marginal,Link,DE0 5,rural resistive heater,46943.4404
marginal,Link,DE0 5,solid biomass for industry,63724.93268
marginal,Link,DE0 5,steel emission,7912.93731
marginal,Link,DE0 5,unsustainable bioliquids,5868473.34145
marginal,Link,DE0 5,urban central air heat pump,18446.52666
marginal,Link,DE0 5,urban central gas CHP,118.61227
marginal,Link,DE0 5,urban central gas boiler,12169.82558
marginal,Link,DE0 5,urban central resistive heater,3922.84138
marginal,Link,DE0 5,urban central solid biomass CHP,43835139.50925
marginal,Link,DE0 5,urban central solid biomass CHP CC,1551.42021
marginal,Link,DE0 5,urban decentral air heat pump,4001.34125
marginal,Link,DE0 5,urban decentral biomass boiler,51848418.03831
marginal,Link,DE0 5,urban decentral gas boiler,130938.06235
marginal,Link,DE0 5,urban decentral resistive heater,58587.1883
marginal,Link,DE0 5,waste CHP,5895.6168
marginal,Link,DK0 0,BEV charger,31222.01567
marginal,Link,DK0 0,CO2 pipeline,-318.01973
marginal,Link,DK0 0,Combined-Cycle Gas,30896.55737
marginal,Link,DK0 0,DC,165714.29416
marginal,Link,DK0 0,H2 Electrolysis,383585.6372
marginal,Link,DK0 0,HVC to air,59047.6299
marginal,Link,DK0 0,Haber-Bosch,465980.32249
marginal,Link,DK0 0,Open-Cycle Gas,32.55131
marginal,Link,DK0 0,SMR,0.84454
marginal,Link,DK0 0,Sabatier,0.51298
marginal,Link,DK0 0,battery charger,7.48974
marginal,Link,DK0 0,battery discharger,7.48612
marginal,Link,DK0 0,biogas to gas,26282823.94782
marginal,Link,DK0 0,biomass to liquid,44.04739
marginal,Link,DK0 0,biomass-to-methanol,1853.45457
marginal,Link,DK0 0,co2 sequestered,434.19833
marginal,Link,DK0 0,electricity distribution grid,298977.22375
marginal,Link,DK0 0,gas for industry,12698.69824
marginal,Link,DK0 0,gas pipeline,23151.84316
marginal,Link,DK0 0,gas pipeline new,-9.13135
marginal,Link,DK0 0,heat100-200 industry electric boiler steam,41.08937
marginal,Link,DK0 0,heat100-200 industry gas,11.70154
marginal,Link,DK0 0,heat100-200 industry industrial heat pump high temperature,1961013.74195
marginal,Link,DK0 0,heat100-200 industry solid biomass,394.3595
marginal,Link,DK0 0,heat200-500 industry gas,3.15697
marginal,Link,DK0 0,heat200-500 industry hydrogen,84.86875
marginal,Link,DK0 0,heat200-500 industry solid biomass,4671359.36189
marginal,Link,DK0 0,heat<100 industry electric boiler steam,41.51195
marginal,Link,DK0 0,heat<100 industry gas,11.82793
marginal,Link,DK0 0,heat<100 industry industrial heat pump medium temperature,1891886.00545
marginal,Link,DK0 0,heat<100 industry solid biomass,446.36184
marginal,Link,DK0 0,heat>500 industry gas,407831.84997
marginal,Link,DK0 0,heat>500 industry hydrogen,178.32774
marginal,Link,DK0 0,home battery charger,4.25892
marginal,Link,DK0 0,home battery discharger,4.44173
marginal,Link,DK0 0,methanolisation,47230.23312
marginal,Link,DK0 0,municipal solid waste,10951.91856
marginal,Link,DK0 0,rural air heat pump,0.70743
marginal,Link,DK0 0,rural biomass boiler,10705165.10483
marginal,Link,DK0 0,rural gas boiler,2515.87523
marginal,Link,DK0 0,rural ground heat pump,9392.57212
marginal,Link,DK0 0,rural resistive heater,4712.64307
marginal,Link,DK0 0,solid biomass for industry,24598.21755
marginal,Link,DK0 0,unsustainable bioliquids,21894.1655
marginal,Link,DK0 0,urban central air heat pump,24689.9748
marginal,Link,DK0 0,urban central gas CHP,99.14769
marginal,Link,DK0 0,urban central gas boiler,11414.2383
marginal,Link,DK0 0,urban central resistive heater,1775.4652
marginal,Link,DK0 0,urban central solid biomass CHP,13333536.26411
marginal,Link,DK0 0,urban central solid biomass CHP CC,3351.50263
marginal,Link,DK0 0,urban decentral air heat pump,10120.4452
marginal,Link,DK0 0,urban decentral biomass boiler,33153464.36432
marginal,Link,DK0 0,urban decentral gas boiler,11786.60975
marginal,Link,DK0 0,urban decentral resistive heater,35969.32569
marginal,Link,DK0 0,waste CHP,1415.42274
marginal,Link,DK1 0,BEV charger,17856.32404
marginal,Link,DK1 0,CO2 pipeline,-64964.95792
marginal,Link,DK1 0,Combined-Cycle Gas,16477.9623
marginal,Link,DK1 0,DC,60893.34729
marginal,Link,DK1 0,H2 Electrolysis,444885.39124
marginal,Link,DK1 0,HVC to air,37432.68348
marginal,Link,DK1 0,Haber-Bosch,57202.29015
marginal,Link,DK1 0,Open-Cycle Gas,30.16592
marginal,Link,DK1 0,SMR,0.86119
marginal,Link,DK1 0,Sabatier,0.43261
marginal,Link,DK1 0,battery charger,7.13752
marginal,Link,DK1 0,battery discharger,6.83857
marginal,Link,DK1 0,biogas to gas,7882644.95948
marginal,Link,DK1 0,biomass to liquid,15.85226
marginal,Link,DK1 0,biomass-to-methanol,642.77227
marginal,Link,DK1 0,co2 sequestered,5551.02934
marginal,Link,DK1 0,electricity distribution grid,215180.95694
marginal,Link,DK1 0,gas for industry,1986.17653
marginal,Link,DK1 0,gas pipeline,5147.55653
marginal,Link,DK1 0,heat100-200 industry electric boiler steam,47.51866
marginal,Link,DK1 0,heat100-200 industry gas,11.47305
marginal,Link,DK1 0,heat100-200 industry industrial heat pump high temperature,858089.23059
marginal,Link,DK1 0,heat100-200 industry solid biomass,166.12967
marginal,Link,DK1 0,heat200-500 industry gas,6.47916
marginal,Link,DK1 0,heat200-500 industry hydrogen,129.65219
marginal,Link,DK1 0,heat200-500 industry solid biomass,2708485.51045
marginal,Link,DK1 0,heat<100 industry electric boiler steam,49.85364
marginal,Link,DK1 0,heat<100 industry gas,12.03457
marginal,Link,DK1 0,heat<100 industry industrial heat pump medium temperature,885842.00783
marginal,Link,DK1 0,heat<100 industry solid biomass,172.85915
marginal,Link,DK1 0,heat>500 industry gas,43302.99767
marginal,Link,DK1 0,heat>500 industry hydrogen,287.36691
marginal,Link,DK1 0,home battery charger,6.09503
marginal,Link,DK1 0,home battery discharger,6.06378
marginal,Link,DK1 0,methanolisation,294846.78014
marginal,Link,DK1 0,municipal solid waste,8249.90863
marginal,Link,DK1 0,rural air heat pump,0.80403
marginal,Link,DK1 0,rural biomass boiler,4680576.83881
marginal,Link,DK1 0,rural gas boiler,408.8078
marginal,Link,DK1 0,rural ground heat pump,6036.84755
marginal,Link,DK1 0,rural resistive heater,1520.86203
marginal,Link,DK1 0,solid biomass for industry,6832.23142
marginal,Link,DK1 0,unsustainable bioliquids,7987.96752
marginal,Link,DK1 0,urban central air heat pump,16944.0636
marginal,Link,DK1 0,urban central gas CHP,89.88361
marginal,Link,DK1 0,urban central gas boiler,6198.33033
marginal,Link,DK1 0,urban central resistive heater,2034.92391
marginal,Link,DK1 0,urban central solid biomass CHP,260.53901
marginal,Link,DK1 0,urban central solid biomass CHP CC,228.79301
marginal,Link,DK1 0,urban decentral air heat pump,6794.61213
marginal,Link,DK1 0,urban decentral biomass boiler,22983680.54278
marginal,Link,DK1 0,urban decentral gas boiler,5739.64519
marginal,Link,DK1 0,urban decentral resistive heater,27883.29752
marginal,Link,DK1 0,waste CHP,1277.7286
marginal,Link,EE0 0,BEV charger,8527.43937
marginal,Link,EE0 0,CO2 pipeline,-0.90449
marginal,Link,EE0 0,Combined-Cycle Gas,60.82197
marginal,Link,EE0 0,DC,29032.19317
marginal,Link,EE0 0,H2 Electrolysis,13.39377
marginal,Link,EE0 0,HVC to air,23244.33938
marginal,Link,EE0 0,Haber-Bosch,4.65035
marginal,Link,EE0 0,Open-Cycle Gas,35.1181
marginal,Link,EE0 0,SMR,1.95143
marginal,Link,EE0 0,Sabatier,0.46859
marginal,Link,EE0 0,battery charger,6.0049
marginal,Link,EE0 0,battery discharger,6.18487
marginal,Link,EE0 0,biogas to gas,4616639.99549
marginal,Link,EE0 0,biomass to liquid,225.13069
marginal,Link,EE0 0,biomass-to-methanol,261913940.7833
marginal,Link,EE0 0,co2 sequestered,2533.28265
marginal,Link,EE0 0,electricity distribution grid,101321.44224
marginal,Link,EE0 0,gas for industry,195.66143
marginal,Link,EE0 0,gas pipeline new,7401.55447
marginal,Link,EE0 0,heat100-200 industry electric boiler steam,56.70053
marginal,Link,EE0 0,heat100-200 industry gas,13.74305
marginal,Link,EE0 0,heat100-200 industry industrial heat pump high temperature,666214.98016
marginal,Link,EE0 0,heat100-200 industry solid biomass,4651.26435
marginal,Link,EE0 0,heat200-500 industry gas,3.62843
marginal,Link,EE0 0,heat200-500 industry hydrogen,72.5114
marginal,Link,EE0 0,heat200-500 industry solid biomass,1120765.52095
marginal,Link,EE0 0,heat<100 industry electric boiler steam,60.37695
marginal,Link,EE0 0,heat<100 industry gas,13.6116
marginal,Link,EE0 0,heat<100 industry industrial heat pump medium temperature,620350.37182
marginal,Link,EE0 0,heat<100 industry solid biomass,165795.41986
marginal,Link,EE0 0,heat>500 industry gas,49076.1658
marginal,Link,EE0 0,heat>500 industry hydrogen,205.47456
marginal,Link,EE0 0,home battery charger,5.84546
marginal,Link,EE0 0,home battery discharger,6.17273
marginal,Link,EE0 0,methanolisation,7.25821
marginal,Link,EE0 0,municipal solid waste,2279.92206
marginal,Link,EE0 0,rural air heat pump,0.12264
marginal,Link,EE0 0,rural biomass boiler,20711754.9098
marginal,Link,EE0 0,rural gas boiler,770.43634
marginal,Link,EE0 0,rural ground heat pump,3213.21393
marginal,Link,EE0 0,rural resistive heater,3215.43139
marginal,Link,EE0 0,solid biomass for industry,3896.06166
marginal,Link,EE0 0,urban central air heat pump,1.14191
marginal,Link,EE0 0,urban central gas CHP,92.16809
marginal,Link,EE0 0,urban central gas boiler,2922.50692
marginal,Link,EE0 0,urban central resistive heater,4484.0601
marginal,Link,EE0 0,urban central solid biomass CHP,19074762.55625
marginal,Link,EE0 0,urban central solid biomass CHP CC,3399246.18466
marginal,Link,EE0 0,urban decentral air heat pump,2229.96024
marginal,Link,EE0 0,urban decentral biomass boiler,17584502.91705
marginal,Link,EE0 0,urban decentral gas boiler,595.43802
marginal,Link,EE0 0,urban decentral resistive heater,7141.58717
marginal,Link,EE0 0,waste CHP,1154.54141
marginal,Link,ES0 0,BEV charger,278352.21325
marginal,Link,ES0 0,CO2 pipeline,-3.1097
marginal,Link,ES0 0,Combined-Cycle Gas,1484109.39787
marginal,Link,ES0 0,DC,58650.33929
marginal,Link,ES0 0,EAF,0.05828
marginal,Link,ES0 0,H2 DRI,625.75985
marginal,Link,ES0 0,H2 Electrolysis,25.14059
marginal,Link,ES0 0,HVC to air,652507.10151
marginal,Link,ES0 0,Haber-Bosch,15.82092
marginal,Link,ES0 0,Open-Cycle Gas,37.91232
marginal,Link,ES0 0,SMR,3.03507
marginal,Link,ES0 0,Sabatier,0.452
marginal,Link,ES0 0,battery charger,567863.06322
marginal,Link,ES0 0,battery discharger,568426.90639
marginal,Link,ES0 0,biogas to gas,74045197.42375
marginal,Link,ES0 0,biomass to liquid,20.19388
marginal,Link,ES0 0,biomass-to-methanol,1009.48389
marginal,Link,ES0 0,co2 sequestered,1.78772
marginal,Link,ES0 0,electricity distribution grid,3262376.42315
marginal,Link,ES0 0,gas DRI,770.98408
marginal,Link,ES0 0,gas for industry,135443.36003
marginal,Link,ES0 0,gas pipeline,2707.71023
marginal,Link,ES0 0,gas pipeline new,-1.08036
marginal,Link,ES0 0,heat100-200 industry electric boiler steam,49.93403
marginal,Link,ES0 0,heat100-200 industry gas,16.226
marginal,Link,ES0 0,heat100-200 industry industrial heat pump high temperature,34894706.24172
marginal,Link,ES0 0,heat100-200 industry solid biomass,230.10023
marginal,Link,ES0 0,heat200-500 industry gas,4.03652
marginal,Link,ES0 0,heat200-500 industry hydrogen,76.022
marginal,Link,ES0 0,heat200-500 industry solid biomass,96965973.37503
marginal,Link,ES0 0,heat<100 industry electric boiler steam,40.78601
marginal,Link,ES0 0,heat<100 industry gas,12.85432
marginal,Link,ES0 0,heat<100 industry industrial heat pump medium temperature,12185354.62388
marginal,Link,ES0 0,heat<100 industry solid biomass,216.59112
marginal,Link,ES0 0,heat>500 industry gas,8439710.04323
marginal,Link,ES0 0,heat>500 industry hydrogen,188.04723
marginal,Link,ES0 0,home battery charger,4.23823
marginal,Link,ES0 0,home battery discharger,3.86984
marginal,Link,ES0 0,methanolisation,10.35584
marginal,Link,ES0 0,municipal solid waste,24643.34974
marginal,Link,ES0 0,rural air heat pump,0.62276
marginal,Link,ES0 0,rural biomass boiler,48031073.66135
marginal,Link,ES0 0,rural gas boiler,6.45409
marginal,Link,ES0 0,rural ground heat pump,75952.3823
marginal,Link,ES0 0,rural resistive heater,354.59957
marginal,Link,ES0 0,solid biomass for industry,289772.97827
marginal,Link,ES0 0,steel emission,17024.84343
marginal,Link,ES0 0,unsustainable bioliquids,18045604.81901
marginal,Link,ES0 0,urban central air heat pump,11442.1074
marginal,Link,ES0 0,urban central gas CHP,138.86691
marginal,Link,ES0 0,urban central gas boiler,12662.58195
marginal,Link,ES0 0,urban central resistive heater,2368.43667
marginal,Link,ES0 0,urban central solid biomass CHP,42889548.95424
marginal,Link,ES0 0,urban central solid biomass CHP CC,747.89669
marginal,Link,ES0 0,urban decentral air heat pump,8264.47167
marginal,Link,ES0 0,urban decentral biomass boiler,80969639.31822
marginal,Link,ES0 0,urban decentral gas boiler,179124.78523
marginal,Link,ES0 0,urban decentral resistive heater,338912.75989
marginal,Link,ES0 0,waste CHP,4089.42709
marginal,Link,ES6 0,BEV charger,4851.32702
marginal,Link,ES6 0,Combined-Cycle Gas,46.78451
marginal,Link,ES6 0,DC,24664.58929
marginal,Link,ES6 0,H2 Electrolysis,38890.46129
marginal,Link,ES6 0,HVC to air,11298.92127
marginal,Link,ES6 0,Haber-Bosch,49652.83008
marginal,Link,ES6 0,Open-Cycle Gas,30.03449
marginal,Link,ES6 0,SMR,0.93827
marginal,Link,ES6 0,Sabatier,0.50322
marginal,Link,ES6 0,battery charger,6.09946
marginal,Link,ES6 0,battery discharger,5.7764
marginal,Link,ES6 0,biogas to gas,428572.60868
marginal,Link,ES6 0,biomass to liquid,23.3121
marginal,Link,ES6 0,biomass-to-methanol,981.83426
marginal,Link,ES6 0,electricity distribution grid,105819.9251
marginal,Link,ES6 0,gas pipeline,1433.09182
marginal,Link,ES6 0,gas pipeline new,-1371.09602
marginal,Link,ES6 0,heat100-200 industry electric boiler steam,71.45889
marginal,Link,ES6 0,heat100-200 industry gas,14.78724
marginal,Link,ES6 0,heat100-200 industry industrial heat pump high temperature,307128.67857
marginal,Link,ES6 0,heat100-200 industry solid biomass,299.00949
marginal,Link,ES6 0,heat200-500 industry gas,5.43222
marginal,Link,ES6 0,heat200-500 industry hydrogen,106.04481
marginal,Link,ES6 0,heat200-500 industry solid biomass,746816.54046
marginal,Link,ES6 0,heat<100 industry electric boiler steam,86.93514
marginal,Link,ES6 0,heat<100 industry gas,17.84203
marginal,Link,ES6 0,heat<100 industry industrial heat pump medium temperature,119444.98217
marginal,Link,ES6 0,heat<100 industry solid biomass,321.48094
marginal,Link,ES6 0,heat>500 industry gas,20277.07747
marginal,Link,ES6 0,heat>500 industry hydrogen,308.3273
marginal,Link,ES6 0,home battery charger,9.58888
marginal,Link,ES6 0,home battery discharger,9.87202
marginal,Link,ES6 0,methanolisation,13.10305
marginal,Link,ES6 0,municipal solid waste,650.05805
marginal,Link,ES6 0,rural air heat pump,0.95991
marginal,Link,ES6 0,rural biomass boiler,568556.82076
marginal,Link,ES6 0,rural gas boiler,513.33949
marginal,Link,ES6 0,rural ground heat pump,429.78976
marginal,Link,ES6 0,rural resistive heater,1198.87046
marginal,Link,ES6 0,solid biomass for industry,2526.23644
marginal,Link,ES6 0,unsustainable bioliquids,141367.02558
marginal,Link,ES6 0,urban central air heat pump,73.21442
marginal,Link,ES6 0,urban central gas CHP,79.87116
marginal,Link,ES6 0,urban central gas boiler,157.24171
marginal,Link,ES6 0,urban central resistive heater,92.74761
marginal,Link,ES6 0,urban central solid biomass CHP,396.06809
marginal,Link,ES6 0,urban central solid biomass CHP CC,349.1309
marginal,Link,ES6 0,urban decentral air heat pump,169.2638
marginal,Link,ES6 0,urban decentral biomass boiler,1534807.64688
marginal,Link,ES6 0,urban decentral gas boiler,2106.01006
marginal,Link,ES6 0,urban decentral resistive heater,7613.34964
marginal,Link,ES6 0,waste CHP,923.55326
marginal,Link,EU,BOF,12561104556.19843
marginal,Link,EU,OCGT methanol,872.78888
marginal,Link,EU,agriculture machinery oil,521014.73751
marginal,Link,EU,ammonia cracker,8.03464
marginal,Link,EU,coal,217961633.05198
marginal,Link,EU,coal for industry,1728119.96914
marginal,Link,EU,kerosene for aviation,7515311.92284
marginal,Link,EU,land transport oil,25691734.13013
marginal,Link,EU,lignite,40659059.25607
marginal,Link,EU,naphtha for industry,8552319.83282
marginal,Link,EU,nuclear,2235107497.38943
marginal,Link,EU,oil,2918.23539
marginal,Link,EU,oil refining,48425181.11835
marginal,Link,EU,rural oil boiler,1756803.35756
marginal,Link,EU,shipping methanol,686267.35148
marginal,Link,EU,shipping oil,4970185.85617
marginal,Link,EU,solid biomass import,28.99944
marginal,Link,EU,urban decentral oil boiler,3168946.64232
marginal,Link,FI1 0,BEV charger,50166.19422
marginal,Link,FI1 0,CO2 pipeline,15485.68585
marginal,Link,FI1 0,Combined-Cycle Gas,15618.86343
marginal,Link,FI1 0,DC,55994.36993
marginal,Link,FI1 0,EAF,0.04718
marginal,Link,FI1 0,H2 DRI,577.54876
marginal,Link,FI1 0,H2 Electrolysis,224.84451
marginal,Link,FI1 0,HVC to air,99518.63076
marginal,Link,FI1 0,Haber-Bosch,23.40261
marginal,Link,FI1 0,Open-Cycle Gas,33.32456
marginal,Link,FI1 0,SMR,1.12492
marginal,Link,FI1 0,Sabatier,0.47025
marginal,Link,FI1 0,battery charger,5.33413
marginal,Link,FI1 0,battery discharger,5.44553
marginal,Link,FI1 0,biogas to gas,12255035.58568
marginal,Link,FI1 0,biomass to liquid,38.66188
marginal,Link,FI1 0,biomass-to-methanol,1942.04894
marginal,Link,FI1 0,electricity distribution grid,1014467.17964
marginal,Link,FI1 0,gas DRI,668.60206
marginal,Link,FI1 0,gas for industry,9494.87273
marginal,Link,FI1 0,heat100-200 industry electric boiler steam,50.54569
marginal,Link,FI1 0,heat100-200 industry gas,12.33365
marginal,Link,FI1 0,heat100-200 industry industrial heat pump high temperature,2807715.20074
marginal,Link,FI1 0,heat100-200 industry solid biomass,374.65522
marginal,Link,FI1 0,heat200-500 industry gas,2.93609
marginal,Link,FI1 0,heat200-500 industry hydrogen,72.46524
marginal,Link,FI1 0,heat200-500 industry solid biomass,14108098.40056
marginal,Link,FI1 0,heat<100 industry electric boiler steam,53.45486
marginal,Link,FI1 0,heat<100 industry gas,11.87955
marginal,Link,FI1 0,heat<100 industry industrial heat pump medium temperature,16590907.99403
marginal,Link,FI1 0,heat<100 industry solid biomass,322.281
marginal,Link,FI1 0,heat>500 industry gas,415626.74896
marginal,Link,FI1 0,heat>500 industry hydrogen,139.33794
marginal,Link,FI1 0,home battery charger,6.50136
marginal,Link,FI1 0,home battery discharger,5.77525
marginal,Link,FI1 0,methanolisation,121.3068
marginal,Link,FI1 0,municipal solid waste,11461.95643
marginal,Link,FI1 0,rural air heat pump,0.19418
marginal,Link,FI1 0,rural biomass boiler,44471870.22521
marginal,Link,FI1 0,rural gas boiler,0.68638
marginal,Link,FI1 0,rural ground heat pump,26722.81602
marginal,Link,FI1 0,rural resistive heater,27698.12595
marginal,Link,FI1 0,solid biomass for industry,491433.27917
marginal,Link,FI1 0,steel emission,10045.16488
marginal,Link,FI1 0,unsustainable bioliquids,3564774.70737
marginal,Link,FI1 0,urban central air heat pump,1214.02804
marginal,Link,FI1 0,urban central gas CHP,95.06912
marginal,Link,FI1 0,urban central gas boiler,24954.52365
marginal,Link,FI1 0,urban central resistive heater,34550.01205
marginal,Link,FI1 0,urban central solid biomass CHP,123987513.72813
marginal,Link,FI1 0,urban central solid biomass CHP CC,25215700.83777
marginal,Link,FI1 0,urban decentral air heat pump,24021.1108
marginal,Link,FI1 0,urban decentral biomass boiler,106507125.86684
marginal,Link,FI1 0,urban decentral gas boiler,0.58639
marginal,Link,FI1 0,urban decentral resistive heater,114078.11285
marginal,Link,FI1 0,waste CHP,2132.00423
marginal,Link,FR0 0,BEV charger,152370.82739
marginal,Link,FR0 0,CO2 pipeline,-3.72153
marginal,Link,FR0 0,Combined-Cycle Gas,3103521.125
marginal,Link,FR0 0,DC,83729.07354
marginal,Link,FR0 0,EAF,0.06262
marginal,Link,FR0 0,H2 DRI,648.5836
marginal,Link,FR0 0,H2 Electrolysis,33.71015
marginal,Link,FR0 0,HVC to air,381133.24431
marginal,Link,FR0 0,Haber-Bosch,22.90989
marginal,Link,FR0 0,Open-Cycle Gas,30.8362
marginal,Link,FR0 0,SMR,3.75095
marginal,Link,FR0 0,Sabatier,0.43142
marginal,Link,FR0 0,battery charger,5.98289
marginal,Link,FR0 0,battery discharger,6.05544
marginal,Link,FR0 0,biogas to gas,56591211.57685
marginal,Link,FR0 0,biomass to liquid,19.43762
marginal,Link,FR0 0,biomass-to-methanol,870.46264
marginal,Link,FR0 0,electricity distribution grid,2155177.29169
marginal,Link,FR0 0,gas DRI,873.44586
marginal,Link,FR0 0,gas for industry,43673.0124
marginal,Link,FR0 0,gas pipeline,362660.3342
marginal,Link,FR0 0,heat100-200 industry electric boiler steam,44.99115
marginal,Link,FR0 0,heat100-200 industry gas,12.46962
marginal,Link,FR0 0,heat100-200 industry industrial heat pump high temperature,16397492.09219
marginal,Link,FR0 0,heat100-200 industry solid biomass,164.30472
marginal,Link,FR0 0,heat200-500 industry gas,3.95054
marginal,Link,FR0 0,heat200-500 industry hydrogen,64.2737
marginal,Link,FR0 0,heat200-500 industry solid biomass,38580821.37735
marginal,Link,FR0 0,heat<100 industry electric boiler steam,44.30966
marginal,Link,FR0 0,heat<100 industry gas,12.15231
marginal,Link,FR0 0,heat<100 industry industrial heat pump medium temperature,13013710.73629
marginal,Link,FR0 0,heat<100 industry solid biomass,161.77765
marginal,Link,FR0 0,heat>500 industry gas,2822806.23442
marginal,Link,FR0 0,heat>500 industry hydrogen,137.75908
marginal,Link,FR0 0,home battery charger,11.85683
marginal,Link,FR0 0,home battery discharger,11.59722
marginal,Link,FR0 0,methanolisation,11.04524
marginal,Link,FR0 0,municipal solid waste,25997.14403
marginal,Link,FR0 0,rural air heat pump,0.44606
marginal,Link,FR0 0,rural biomass boiler,34866190.18476
marginal,Link,FR0 0,rural gas boiler,26629.98916
marginal,Link,FR0 0,rural ground heat pump,31474.08571
marginal,Link,FR0 0,rural resistive heater,28102.29391
marginal,Link,FR0 0,solid biomass for industry,69432.26595
marginal,Link,FR0 0,steel emission,23721.7264
marginal,Link,FR0 0,unsustainable bioliquids,7399694.86981
marginal,Link,FR0 0,urban central air heat pump,40941.9775
marginal,Link,FR0 0,urban central gas CHP,159.77478
marginal,Link,FR0 0,urban central gas boiler,36620.77119
marginal,Link,FR0 0,urban central resistive heater,7861.56828
marginal,Link,FR0 0,urban central solid biomass CHP,64774998.18742
marginal,Link,FR0 0,urban central solid biomass CHP CC,494.62092
marginal,Link,FR0 0,urban decentral air heat pump,87089.89538
marginal,Link,FR0 0,urban decentral biomass boiler,157339526.53095
marginal,Link,FR0 0,urban decentral gas boiler,143182.77583
marginal,Link,FR0 0,urban decentral resistive heater,352539.31846
marginal,Link,FR0 0,waste CHP,4703.949
marginal,Link,FR0 1,BEV charger,100528.58753
marginal,Link,FR0 1,CO2 pipeline,-1.02565
marginal,Link,FR0 1,Combined-Cycle Gas,1006360.7639
marginal,Link,FR0 1,EAF,0.06265
marginal,Link,FR0 1,H2 DRI,585.71147
marginal,Link,FR0 1,H2 Electrolysis,13.62302
marginal,Link,FR0 1,HVC to air,255713.72016
marginal,Link,FR0 1,Haber-Bosch,7.08869
marginal,Link,FR0 1,Open-Cycle Gas,31.90045
marginal,Link,FR0 1,SMR,1.87339
marginal,Link,FR0 1,Sabatier,0.43195
marginal,Link,FR0 1,battery charger,7.58804
marginal,Link,FR0 1,battery discharger,7.25377
marginal,Link,FR0 1,biogas to gas,15326343.2642
marginal,Link,FR0 1,biomass to liquid,20.59653
marginal,Link,FR0 1,biomass-to-methanol,878.74018
marginal,Link,FR0 1,electricity distribution grid,1301645.91494
marginal,Link,FR0 1,gas DRI,813.39852
marginal,Link,FR0 1,gas for industry,43189.83208
marginal,Link,FR0 1,gas pipeline,112345.7045
marginal,Link,FR0 1,heat100-200 industry electric boiler steam,40.80791
marginal,Link,FR0 1,heat100-200 industry gas,11.69382
marginal,Link,FR0 1,heat100-200 industry industrial heat pump high temperature,10790251.69951
marginal,Link,FR0 1,heat100-200 industry solid biomass,164.71954
marginal,Link,FR0 1,heat200-500 industry gas,3.93756
marginal,Link,FR0 1,heat200-500 industry hydrogen,66.6061
marginal,Link,FR0 1,heat200-500 industry solid biomass,28493108.00576
marginal,Link,FR0 1,heat<100 industry electric boiler steam,41.21337
marginal,Link,FR0 1,heat<100 industry gas,11.80826
marginal,Link,FR0 1,heat<100 industry industrial heat pump medium temperature,9350357.58851
marginal,Link,FR0 1,heat<100 industry solid biomass,170.02797
marginal,Link,FR0 1,heat>500 industry gas,2668079.43418
marginal,Link,FR0 1,heat>500 industry hydrogen,139.71451
marginal,Link,FR0 1,home battery charger,8.57619
marginal,Link,FR0 1,home battery discharger,7.9141
marginal,Link,FR0 1,methanolisation,5.48289
marginal,Link,FR0 1,municipal solid waste,15270.41677
marginal,Link,FR0 1,rural air heat pump,0.4993
marginal,Link,FR0 1,rural biomass boiler,30811760.95164
marginal,Link,FR0 1,rural gas boiler,27768.51116
marginal,Link,FR0 1,rural ground heat pump,21300.18952
marginal,Link,FR0 1,rural resistive heater,20451.8782
marginal,Link,FR0 1,solid biomass for industry,43763.68231
marginal,Link,FR0 1,steel emission,18756.99284
marginal,Link,FR0 1,unsustainable bioliquids,2531267.95492
marginal,Link,FR0 1,urban central air heat pump,17185.04517
marginal,Link,FR0 1,urban central gas CHP,145.72984
marginal,Link,FR0 1,urban central gas boiler,17365.17118
marginal,Link,FR0 1,urban central resistive heater,3458.78143
marginal,Link,FR0 1,urban central solid biomass CHP,53448522.06384
marginal,Link,FR0 1,urban central solid biomass CHP CC,543.69285
marginal,Link,FR0 1,urban decentral air heat pump,63607.22085
marginal,Link,FR0 1,urban decentral biomass boiler,93348867.4594
marginal,Link,FR0 1,urban decentral gas boiler,106418.34337
marginal,Link,FR0 1,urban decentral resistive heater,222932.23079
marginal,Link,FR0 1,waste CHP,5062.066
marginal,Link,FR0 2,BEV charger,73472.75963
marginal,Link,FR0 2,CO2 pipeline,7.31561
marginal,Link,FR0 2,Combined-Cycle Gas,153009.55221
marginal,Link,FR0 2,DC,69344.34432
marginal,Link,FR0 2,H2 Electrolysis,11.0434
marginal,Link,FR0 2,HVC to air,157629.03414
marginal,Link,FR0 2,Haber-Bosch,5.14565
marginal,Link,FR0 2,Open-Cycle Gas,32.23494
marginal,Link,FR0 2,SMR,2.6474
marginal,Link,FR0 2,Sabatier,0.47448
marginal,Link,FR0 2,battery charger,6.92986
marginal,Link,FR0 2,battery discharger,5.87788
marginal,Link,FR0 2,biogas to gas,27794385.60736
marginal,Link,FR0 2,biomass to liquid,177.5485
marginal,Link,FR0 2,biomass-to-methanol,47004.70917
marginal,Link,FR0 2,electricity distribution grid,921232.73258
marginal,Link,FR0 2,gas for industry,6590.1185
marginal,Link,FR0 2,gas pipeline,475.74193
marginal,Link,FR0 2,heat100-200 industry electric boiler steam,40.30177
marginal,Link,FR0 2,heat100-200 industry gas,10.93679
marginal,Link,FR0 2,heat100-200 industry industrial heat pump high temperature,394916.54606
marginal,Link,FR0 2,heat100-200 industry solid biomass,17085859.83888
marginal,Link,FR0 2,heat200-500 industry gas,2.61752
marginal,Link,FR0 2,heat200-500 industry hydrogen,56.95442
marginal,Link,FR0 2,heat200-500 industry solid biomass,14293877.94914
marginal,Link,FR0 2,heat<100 industry electric boiler steam,39.06061
marginal,Link,FR0 2,heat<100 industry gas,10.64724
marginal,Link,FR0 2,heat<100 industry industrial heat pump medium temperature,880.10466
marginal,Link,FR0 2,heat<100 industry solid biomass,11542054.69779
marginal,Link,FR0 2,heat>500 industry gas,1165195.22382
marginal,Link,FR0 2,heat>500 industry hydrogen,130.81363
marginal,Link,FR0 2,home battery charger,11.22121
marginal,Link,FR0 2,home battery discharger,10.18629
marginal,Link,FR0 2,methanolisation,5.01987
marginal,Link,FR0 2,municipal solid waste,10118.39882
marginal,Link,FR0 2,rural air heat pump,0.26435
marginal,Link,FR0 2,rural biomass boiler,56964862.51616
marginal,Link,FR0 2,rural gas boiler,61458.00133
marginal,Link,FR0 2,rural ground heat pump,30235.20678
marginal,Link,FR0 2,rural resistive heater,29981.09178
marginal,Link,FR0 2,solid biomass for industry,37912.03491
marginal,Link,FR0 2,unsustainable bioliquids,4375608.07253
marginal,Link,FR0 2,urban central air heat pump,1.13763
marginal,Link,FR0 2,urban central gas CHP,139.0162
marginal,Link,FR0 2,urban central gas boiler,4833.13438
marginal,Link,FR0 2,urban central resistive heater,5241.53379
marginal,Link,FR0 2,urban central solid biomass CHP,41381458.63113
marginal,Link,FR0 2,urban central solid biomass CHP CC,20723.31358
marginal,Link,FR0 2,urban decentral air heat pump,32906.24056
marginal,Link,FR0 2,urban decentral biomass boiler,33229992.20952
marginal,Link,FR0 2,urban decentral gas boiler,39039.85
marginal,Link,FR0 2,urban decentral resistive heater,76511.52655
marginal,Link,FR0 2,waste CHP,1455.37284
marginal,Link,FR0 3,BEV charger,71559.86723
marginal,Link,FR0 3,CO2 pipeline,-0.12045
marginal,Link,FR0 3,Combined-Cycle Gas,1239121.7153
marginal,Link,FR0 3,DC,37525.25249
marginal,Link,FR0 3,H2 Electrolysis,74473.97925
marginal,Link,FR0 3,HVC to air,160916.38023
marginal,Link,FR0 3,Haber-Bosch,94406.45443
marginal,Link,FR0 3,Open-Cycle Gas,33.82228
marginal,Link,FR0 3,SMR,8.26905
marginal,Link,FR0 3,Sabatier,0.47176
marginal,Link,FR0 3,battery charger,6.53098
marginal,Link,FR0 3,battery discharger,5.92307
marginal,Link,FR0 3,biogas to gas,62957697.97256
marginal,Link,FR0 3,biomass to liquid,25.66563
marginal,Link,FR0 3,biomass-to-methanol,1027.32671
marginal,Link,FR0 3,electricity distribution grid,880082.69546
marginal,Link,FR0 3,gas for industry,13718.46897
marginal,Link,FR0 3,gas pipeline,81059.83111
marginal,Link,FR0 3,heat100-200 industry electric boiler steam,43.06861
marginal,Link,FR0 3,heat100-200 industry gas,10.77909
marginal,Link,FR0 3,heat100-200 industry industrial heat pump high temperature,5870503.79112
marginal,Link,FR0 3,heat100-200 industry solid biomass,188.56345
marginal,Link,FR0 3,heat200-500 industry gas,3.56062
marginal,Link,FR0 3,heat200-500 industry hydrogen,74.61024
marginal,Link,FR0 3,heat200-500 industry solid biomass,12891765.06238
marginal,Link,FR0 3,heat<100 industry electric boiler steam,43.3326
marginal,Link,FR0 3,heat<100 industry gas,11.02854
marginal,Link,FR0 3,heat<100 industry industrial heat pump medium temperature,4894897.57532
marginal,Link,FR0 3,heat<100 industry solid biomass,206.90537
marginal,Link,FR0 3,heat>500 industry gas,1035380.83044
marginal,Link,FR0 3,heat>500 industry hydrogen,131.60143
marginal,Link,FR0 3,home battery charger,13.90101
marginal,Link,FR0 3,home battery discharger,12.16642
marginal,Link,FR0 3,methanolisation,34.71222
marginal,Link,FR0 3,municipal solid waste,11745.45551
marginal,Link,FR0 3,rural air heat pump,0.37348
marginal,Link,FR0 3,rural biomass boiler,22224431.95521
marginal,Link,FR0 3,rural gas boiler,15311.21347
marginal,Link,FR0 3,rural ground heat pump,16144.10152
marginal,Link,FR0 3,rural resistive heater,20852.95976
marginal,Link,FR0 3,solid biomass for industry,27218.63045
marginal,Link,FR0 3,unsustainable bioliquids,4187810.82953
marginal,Link,FR0 3,urban central air heat pump,7326.8112
marginal,Link,FR0 3,urban central gas CHP,160.52603
marginal,Link,FR0 3,urban central gas boiler,16056.87894
marginal,Link,FR0 3,urban central resistive heater,3824.47498
marginal,Link,FR0 3,urban central solid biomass CHP,31063432.84357
marginal,Link,FR0 3,urban central solid biomass CHP CC,553.70569
marginal,Link,FR0 3,urban decentral air heat pump,40478.3128
marginal,Link,FR0 3,urban decentral biomass boiler,60918853.11216
marginal,Link,FR0 3,urban decentral gas boiler,50795.35299
marginal,Link,FR0 3,urban decentral resistive heater,166086.14567
marginal,Link,FR0 3,waste CHP,2800.39812
marginal,Link,FR0 4,BEV charger,48162.00804
marginal,Link,FR0 4,CO2 pipeline,16.36133
marginal,Link,FR0 4,Combined-Cycle Gas,275230.35655
marginal,Link,FR0 4,H2 Electrolysis,11907.58578
marginal,Link,FR0 4,HVC to air,116778.5781
marginal,Link,FR0 4,Haber-Bosch,132.07573
marginal,Link,FR0 4,Open-Cycle Gas,29.39085
marginal,Link,FR0 4,SMR,423.15822
marginal,Link,FR0 4,Sabatier,0.52756
marginal,Link,FR0 4,battery charger,6.31548
marginal,Link,FR0 4,battery discharger,6.23876
marginal,Link,FR0 4,biogas to gas,23853207.86196
marginal,Link,FR0 4,biomass to liquid,166.53467
marginal,Link,FR0 4,biomass-to-methanol,20619.64983
marginal,Link,FR0 4,electricity distribution grid,668472.10425
marginal,Link,FR0 4,gas for industry,32280.701
marginal,Link,FR0 4,gas pipeline,380029.68401
marginal,Link,FR0 4,heat100-200 industry electric boiler steam,41.56049
marginal,Link,FR0 4,heat100-200 industry gas,11.10482
marginal,Link,FR0 4,heat100-200 industry industrial heat pump high temperature,8509235.10966
marginal,Link,FR0 4,heat100-200 industry solid biomass,2073.87015
marginal,Link,FR0 4,heat200-500 industry gas,2.60035
marginal,Link,FR0 4,heat200-500 industry hydrogen,56.84438
marginal,Link,FR0 4,heat200-500 industry solid biomass,17378575.86246
marginal,Link,FR0 4,heat<100 industry electric boiler steam,41.15436
marginal,Link,FR0 4,heat<100 industry gas,10.56719
marginal,Link,FR0 4,heat<100 industry industrial heat pump medium temperature,4678891.23099
marginal,Link,FR0 4,heat<100 industry solid biomass,4784081.76131
marginal,Link,FR0 4,heat>500 industry gas,1947497.62013
marginal,Link,FR0 4,heat>500 industry hydrogen,134.05551
marginal,Link,FR0 4,home battery charger,8.03039
marginal,Link,FR0 4,home battery discharger,7.78883
marginal,Link,FR0 4,methanolisation,7273.29252
marginal,Link,FR0 4,municipal solid waste,8030.60115
marginal,Link,FR0 4,rural air heat pump,0.29407
marginal,Link,FR0 4,rural biomass boiler,35278763.45876
marginal,Link,FR0 4,rural gas boiler,37925.70856
marginal,Link,FR0 4,rural ground heat pump,17457.54258
marginal,Link,FR0 4,rural resistive heater,39345.70063
marginal,Link,FR0 4,solid biomass for industry,40966.3292
marginal,Link,FR0 4,unsustainable bioliquids,3289243.73184
marginal,Link,FR0 4,urban central air heat pump,0.72446
marginal,Link,FR0 4,urban central gas CHP,125.86279
marginal,Link,FR0 4,urban central gas boiler,5194.55711
marginal,Link,FR0 4,urban central resistive heater,3160.69452
marginal,Link,FR0 4,urban central solid biomass CHP,32741497.67851
marginal,Link,FR0 4,urban central solid biomass CHP CC,2557755.35805
marginal,Link,FR0 4,urban decentral air heat pump,25348.04535
marginal,Link,FR0 4,urban decentral biomass boiler,31363909.79258
marginal,Link,FR0 4,urban decentral gas boiler,31592.30122
marginal,Link,FR0 4,urban decentral resistive heater,80673.09043
marginal,Link,FR0 4,waste CHP,1337.5306
marginal,Link,FR5 0,BEV charger,1726.63689
marginal,Link,FR5 0,CO2 pipeline,-0.49826
marginal,Link,FR5 0,Combined-Cycle Gas,4619.00735
marginal,Link,FR5 0,DC,13652.14475
marginal,Link,FR5 0,H2 Electrolysis,4.51692
marginal,Link,FR5 0,HVC to air,5112.61476
marginal,Link,FR5 0,Haber-Bosch,2.50591
marginal,Link,FR5 0,Open-Cycle Gas,39.35938
marginal,Link,FR5 0,SMR,2.31381
marginal,Link,FR5 0,Sabatier,0.39922
marginal,Link,FR5 0,battery charger,23599.02812
marginal,Link,FR5 0,battery discharger,23004.07434
marginal,Link,FR5 0,biogas to gas,303371.98478
marginal,Link,FR5 0,biomass to liquid,18.60423
marginal,Link,FR5 0,biomass-to-methanol,850.59918
marginal,Link,FR5 0,electricity distribution grid,46067.2465
marginal,Link,FR5 0,gas pipeline new,-8284.30459
marginal,Link,FR5 0,heat100-200 industry electric boiler steam,53.66579
marginal,Link,FR5 0,heat100-200 industry gas,21.49442
marginal,Link,FR5 0,heat100-200 industry industrial heat pump high temperature,95148.25593
marginal,Link,FR5 0,heat100-200 industry solid biomass,366.87127
marginal,Link,FR5 0,heat200-500 industry gas,8.89927
marginal,Link,FR5 0,heat200-500 industry hydrogen,96.50165
marginal,Link,FR5 0,heat200-500 industry solid biomass,279659.37241
marginal,Link,FR5 0,heat<100 industry electric boiler steam,56.47286
marginal,Link,FR5 0,heat<100 industry gas,23.58583
marginal,Link,FR5 0,heat<100 industry industrial heat pump medium temperature,83554.75133
marginal,Link,FR5 0,heat<100 industry solid biomass,405.46602
marginal,Link,FR5 0,heat>500 industry gas,2877.83427
marginal,Link,FR5 0,heat>500 industry hydrogen,247.11762
marginal,Link,FR5 0,home battery charger,71.29408
marginal,Link,FR5 0,home battery discharger,71.69152
marginal,Link,FR5 0,methanolisation,2.13365
marginal,Link,FR5 0,municipal solid waste,376.60192
marginal,Link,FR5 0,rural air heat pump,0.50115
marginal,Link,FR5 0,rural biomass boiler,3406778.86739
marginal,Link,FR5 0,rural gas boiler,4075.61896
marginal,Link,FR5 0,rural ground heat pump,1568.60892
marginal,Link,FR5 0,rural resistive heater,1626.42573
marginal,Link,FR5 0,solid biomass for industry,305.21321
marginal,Link,FR5 0,unsustainable bioliquids,51318.37984
marginal,Link,FR5 0,urban decentral air heat pump,0.12067
marginal,Link,FR5 0,urban decentral biomass boiler,159.60414
marginal,Link,FR5 0,urban decentral gas boiler,0.12193
marginal,Link,FR5 0,urban decentral resistive heater,1.65166
marginal,Link,FR5 0,waste CHP,595.80432
marginal,Link,GB2 0,BEV charger,112082.75765
marginal,Link,GB2 0,CO2 pipeline,-55.13073
marginal,Link,GB2 0,Combined-Cycle Gas,199131.85735
marginal,Link,GB2 0,DC,71530.50029
marginal,Link,GB2 0,H2 Electrolysis,361304.42904
marginal,Link,GB2 0,HVC to air,384071.49374
marginal,Link,GB2 0,Haber-Bosch,465726.08366
marginal,Link,GB2 0,Open-Cycle Gas,33.20855
marginal,Link,GB2 0,SMR,1.27081
marginal,Link,GB2 0,Sabatier,0.51541
marginal,Link,GB2 0,battery charger,6.15549
marginal,Link,GB2 0,battery discharger,6.28761
marginal,Link,GB2 0,biogas to gas,56227703.63588
marginal,Link,GB2 0,biomass to liquid,41.01173
marginal,Link,GB2 0,biomass-to-methanol,1888.13334
marginal,Link,GB2 0,co2 sequestered,100.8155
marginal,Link,GB2 0,electricity distribution grid,1601674.39573
marginal,Link,GB2 0,gas for industry,42429.02847
marginal,Link,GB2 0,gas pipeline,5285.36965
marginal,Link,GB2 0,gas pipeline new,0.18915
marginal,Link,GB2 0,heat100-200 industry electric boiler steam,47.1559
marginal,Link,GB2 0,heat100-200 industry gas,12.14158
marginal,Link,GB2 0,heat100-200 industry industrial heat pump high temperature,15715147.56732
marginal,Link,GB2 0,heat100-200 industry solid biomass,277.22842
marginal,Link,GB2 0,heat200-500 industry gas,4.2103
marginal,Link,GB2 0,heat200-500 industry hydrogen,67.22507
marginal,Link,GB2 0,heat200-500 industry solid biomass,40174666.73184
marginal,Link,GB2 0,heat<100 industry electric boiler steam,46.11251
marginal,Link,GB2 0,heat<100 industry gas,11.75873
marginal,Link,GB2 0,heat<100 industry industrial heat pump medium temperature,12669319.18841
marginal,Link,GB2 0,heat<100 industry solid biomass,298.86281
marginal,Link,GB2 0,heat>500 industry gas,2157828.5179
marginal,Link,GB2 0,heat>500 industry hydrogen,159.93192
marginal,Link,GB2 0,home battery charger,4.52449
marginal,Link,GB2 0,home battery discharger,4.46591
marginal,Link,GB2 0,methanolisation,5636.48061
marginal,Link,GB2 0,municipal solid waste,5792.54833
marginal,Link,GB2 0,rural air heat pump,0.76766
marginal,Link,GB2 0,rural biomass boiler,3562695.99906
marginal,Link,GB2 0,rural gas boiler,58317.49114
marginal,Link,GB2 0,rural ground heat pump,5541.76788
marginal,Link,GB2 0,rural resistive heater,157600.72376
marginal,Link,GB2 0,solid biomass for industry,72350.19167
marginal,Link,GB2 0,unsustainable bioliquids,1869061.50601
marginal,Link,GB2 0,urban central air heat pump,2544.99052
marginal,Link,GB2 0,urban central gas CHP,121.34302
marginal,Link,GB2 0,urban central gas boiler,3839.08832
marginal,Link,GB2 0,urban central resistive heater,10261.16143
marginal,Link,GB2 0,urban central solid biomass CHP,38037524.1786
marginal,Link,GB2 0,urban central solid biomass CHP CC,1907693.18204
marginal,Link,GB2 0,urban decentral air heat pump,3058.86988
marginal,Link,GB2 0,urban decentral biomass boiler,10250646.01691
marginal,Link,GB2 0,urban decentral gas boiler,193688.32149
marginal,Link,GB2 0,urban decentral resistive heater,457935.56048
marginal,Link,GB2 0,waste CHP,2312.24953
marginal,Link,GB2 1,BEV charger,236025.57534
marginal,Link,GB2 1,CO2 pipeline,1.2167
marginal,Link,GB2 1,Combined-Cycle Gas,12510740.88484
marginal,Link,GB2 1,DC,285346.07432
marginal,Link,GB2 1,EAF,0.057
marginal,Link,GB2 1,H2 DRI,564.05652
marginal,Link,GB2 1,H2 Electrolysis,141685.47148
marginal,Link,GB2 1,HVC to air,662222.1168
marginal,Link,GB2 1,Haber-Bosch,197313.28494
marginal,Link,GB2 1,Open-Cycle Gas,33.56577
marginal,Link,GB2 1,SMR,1.3271
marginal,Link,GB2 1,Sabatier,0.49496
marginal,Link,GB2 1,battery charger,7.2533
marginal,Link,GB2 1,battery discharger,7.39272
marginal,Link,GB2 1,biogas to gas,88084377.66846
marginal,Link,GB2 1,biomass to liquid,24.65256
marginal,Link,GB2 1,biomass-to-methanol,1195.03822
marginal,Link,GB2 1,co2 sequestered,14.19477
marginal,Link,GB2 1,electricity distribution grid,2955092.27212
marginal,Link,GB2 1,gas DRI,740.39034
marginal,Link,GB2 1,gas for industry,12847.83546
marginal,Link,GB2 1,gas pipeline,646.96932
marginal,Link,GB2 1,heat100-200 industry electric boiler steam,47.23134
marginal,Link,GB2 1,heat100-200 industry gas,12.43705
marginal,Link,GB2 1,heat100-200 industry industrial heat pump high temperature,18302529.7433
marginal,Link,GB2 1,heat100-200 industry solid biomass,192.66509
marginal,Link,GB2 1,heat200-500 industry gas,4.79524
marginal,Link,GB2 1,heat200-500 industry hydrogen,74.52492
marginal,Link,GB2 1,heat200-500 industry solid biomass,53535825.9381
marginal,Link,GB2 1,heat<100 industry electric boiler steam,42.44007
marginal,Link,GB2 1,heat<100 industry gas,10.74715
marginal,Link,GB2 1,heat<100 industry industrial heat pump medium temperature,15045924.05135
marginal,Link,GB2 1,heat<100 industry solid biomass,337.23227
marginal,Link,GB2 1,heat>500 industry gas,1018323.82046
marginal,Link,GB2 1,heat>500 industry hydrogen,157.89398
marginal,Link,GB2 1,home battery charger,4.2643
marginal,Link,GB2 1,home battery discharger,4.41813
marginal,Link,GB2 1,methanolisation,29.0931
marginal,Link,GB2 1,municipal solid waste,7068.74718
marginal,Link,GB2 1,rural air heat pump,0.38955
marginal,Link,GB2 1,rural biomass boiler,2883175.50494
marginal,Link,GB2 1,rural gas boiler,70137.04521
marginal,Link,GB2 1,rural ground heat pump,2340.53543
marginal,Link,GB2 1,rural resistive heater,109233.20319
marginal,Link,GB2 1,solid biomass for industry,87206.88646
marginal,Link,GB2 1,steel emission,13173.67439
marginal,Link,GB2 1,unsustainable bioliquids,3034616.70325
marginal,Link,GB2 1,urban central air heat pump,66591.77271
marginal,Link,GB2 1,urban central gas CHP,123.52819
marginal,Link,GB2 1,urban central gas boiler,12466.94182
marginal,Link,GB2 1,urban central resistive heater,15506.75948
marginal,Link,GB2 1,urban central solid biomass CHP,35960753.72047
marginal,Link,GB2 1,urban central solid biomass CHP CC,2217.91227
marginal,Link,GB2 1,urban decentral air heat pump,5204.78988
marginal,Link,GB2 1,urban decentral biomass boiler,22081262.26513
marginal,Link,GB2 1,urban decentral gas boiler,708743.59474
marginal,Link,GB2 1,urban decentral resistive heater,759904.30747
marginal,Link,GB2 1,waste CHP,3976.99283
marginal,Link,GB3 0,BEV charger,8878.15997
marginal,Link,GB3 0,CO2 pipeline,7.95072
marginal,Link,GB3 0,Combined-Cycle Gas,5096.86
marginal,Link,GB3 0,DC,9521.9597
marginal,Link,GB3 0,H2 Electrolysis,12453.8387
marginal,Link,GB3 0,HVC to air,28479.24215
marginal,Link,GB3 0,Haber-Bosch,24.03154
marginal,Link,GB3 0,Open-Cycle Gas,34.36538
marginal,Link,GB3 0,SMR,1.41021
marginal,Link,GB3 0,Sabatier,0.51629
marginal,Link,GB3 0,battery charger,6.2012
marginal,Link,GB3 0,battery discharger,6.19996
marginal,Link,GB3 0,biogas to gas,9519629.04577
marginal,Link,GB3 0,biomass to liquid,214.77768
marginal,Link,GB3 0,biomass-to-methanol,455765.23253
marginal,Link,GB3 0,electricity distribution grid,161228.38986
marginal,Link,GB3 0,gas for industry,1080.97931
marginal,Link,GB3 0,gas pipeline,67.64759
marginal,Link,GB3 0,gas pipeline new,-7.04788
marginal,Link,GB3 0,heat100-200 industry electric boiler steam,40.40881
marginal,Link,GB3 0,heat100-200 industry gas,13.17642
marginal,Link,GB3 0,heat100-200 industry industrial heat pump high temperature,796628.84074
marginal,Link,GB3 0,heat100-200 industry solid biomass,26146.92287
marginal,Link,GB3 0,heat200-500 industry gas,3.79403
marginal,Link,GB3 0,heat200-500 industry hydrogen,80.90941
marginal,Link,GB3 0,heat200-500 industry solid biomass,2428448.98519
marginal,Link,GB3 0,heat<100 industry electric boiler steam,43.49663
marginal,Link,GB3 0,heat<100 industry gas,13.25841
marginal,Link,GB3 0,heat<100 industry industrial heat pump medium temperature,1941.3933
marginal,Link,GB3 0,heat<100 industry solid biomass,1823045.46045
marginal,Link,GB3 0,heat>500 industry gas,72554.88555
marginal,Link,GB3 0,heat>500 industry hydrogen,260.90426
marginal,Link,GB3 0,home battery charger,4.34864
marginal,Link,GB3 0,home battery discharger,4.30566
marginal,Link,GB3 0,methanolisation,8521.85886
marginal,Link,GB3 0,municipal solid waste,395.49427
marginal,Link,GB3 0,rural air heat pump,0.69103
marginal,Link,GB3 0,rural biomass boiler,792979.72838
marginal,Link,GB3 0,rural gas boiler,16699.61209
marginal,Link,GB3 0,rural ground heat pump,1033.6996
marginal,Link,GB3 0,rural resistive heater,28956.55204
marginal,Link,GB3 0,solid biomass for industry,1688.72592
marginal,Link,GB3 0,unsustainable bioliquids,225031.3248
marginal,Link,GB3 0,urban central air heat pump,0.57087
marginal,Link,GB3 0,urban central gas CHP,123.33373
marginal,Link,GB3 0,urban central gas boiler,146.58615
marginal,Link,GB3 0,urban central resistive heater,147.97685
marginal,Link,GB3 0,urban central solid biomass CHP,713250.35021
marginal,Link,GB3 0,urban central solid biomass CHP CC,2840355.8911
marginal,Link,GB3 0,urban decentral air heat pump,230.00517
marginal,Link,GB3 0,urban decentral biomass boiler,362568.37628
marginal,Link,GB3 0,urban decentral gas boiler,8392.21359
marginal,Link,GB3 0,urban decentral resistive heater,15246.70018
marginal,Link,GB3 0,waste CHP,940.88101
marginal,Link,GR0 0,BEV charger,50726.14139
marginal,Link,GR0 0,CO2 pipeline,-2.40077
marginal,Link,GR0 0,Combined-Cycle Gas,61.3616
marginal,Link,GR0 0,DC,21639.27315
marginal,Link,GR0 0,H2 Electrolysis,5.49106
marginal,Link,GR0 0,HVC to air,130419.56438
marginal,Link,GR0 0,Haber-Bosch,2.72833
marginal,Link,GR0 0,Open-Cycle Gas,35.63962
marginal,Link,GR0 0,SMR,1.87131
marginal,Link,GR0 0,Sabatier,0.43971
marginal,Link,GR0 0,battery charger,107882.15714
marginal,Link,GR0 0,battery discharger,96920.87432
marginal,Link,GR0 0,biogas to gas,12422220.44843
marginal,Link,GR0 0,biomass to liquid,28.0329
marginal,Link,GR0 0,biomass-to-methanol,1088.68193
marginal,Link,GR0 0,co2 sequestered,4.79859
marginal,Link,GR0 0,electricity distribution grid,490854.89626
marginal,Link,GR0 0,gas for industry,4221.38143
marginal,Link,GR0 0,gas pipeline new,-16.07799
marginal,Link,GR0 0,heat100-200 industry electric boiler steam,41.96421
marginal,Link,GR0 0,heat100-200 industry gas,12.40603
marginal,Link,GR0 0,heat100-200 industry industrial heat pump high temperature,2214918.47602
marginal,Link,GR0 0,heat100-200 industry solid biomass,289.70394
marginal,Link,GR0 0,heat200-500 industry gas,3.90024
marginal,Link,GR0 0,heat200-500 industry hydrogen,82.22614
marginal,Link,GR0 0,heat200-500 industry solid biomass,5605021.90586
marginal,Link,GR0 0,heat<100 industry electric boiler steam,52.86792
marginal,Link,GR0 0,heat<100 industry gas,13.65504
marginal,Link,GR0 0,heat<100 industry industrial heat pump medium temperature,1209261.78279
marginal,Link,GR0 0,heat<100 industry solid biomass,383.60378
marginal,Link,GR0 0,heat>500 industry gas,1036846.1492
marginal,Link,GR0 0,heat>500 industry hydrogen,118.94528
marginal,Link,GR0 0,home battery charger,4.98785
marginal,Link,GR0 0,home battery discharger,5.24952
marginal,Link,GR0 0,methanolisation,2.12455
marginal,Link,GR0 0,municipal solid waste,2100.85668
marginal,Link,GR0 0,rural air heat pump,0.55501
marginal,Link,GR0 0,rural biomass boiler,23833553.35809
marginal,Link,GR0 0,rural gas boiler,4290.22062
marginal,Link,GR0 0,rural ground heat pump,3474.00049
marginal,Link,GR0 0,rural resistive heater,3094.49309
marginal,Link,GR0 0,solid biomass for industry,17290.4112
marginal,Link,GR0 0,unsustainable bioliquids,1578163.77343
marginal,Link,GR0 0,urban central air heat pump,5022.87919
marginal,Link,GR0 0,urban central gas CHP,110.90039
marginal,Link,GR0 0,urban central gas boiler,5566.41989
marginal,Link,GR0 0,urban central resistive heater,926.9956
marginal,Link,GR0 0,urban central solid biomass CHP,12688741.57562
marginal,Link,GR0 0,urban central solid biomass CHP CC,865.64327
marginal,Link,GR0 0,urban decentral air heat pump,0.2434
marginal,Link,GR0 0,urban decentral biomass boiler,52848757.74593
marginal,Link,GR0 0,urban decentral gas boiler,9877.63363
marginal,Link,GR0 0,urban decentral resistive heater,37962.03061
marginal,Link,GR0 0,waste CHP,3073.41166
marginal,Link,HR0 0,BEV charger,20539.89396
marginal,Link,HR0 0,CO2 pipeline,2.31003
marginal,Link,HR0 0,Combined-Cycle Gas,60.27158
marginal,Link,HR0 0,H2 Electrolysis,1.33561
marginal,Link,HR0 0,HVC to air,67736.32998
marginal,Link,HR0 0,Haber-Bosch,1.47874
marginal,Link,HR0 0,Open-Cycle Gas,32.36935
marginal,Link,HR0 0,SMR,2.48354
marginal,Link,HR0 0,Sabatier,0.40604
marginal,Link,HR0 0,battery charger,8684.36282
marginal,Link,HR0 0,battery discharger,8586.51472
marginal,Link,HR0 0,biogas to gas,6700434.71874
marginal,Link,HR0 0,biomass to liquid,191.24911
marginal,Link,HR0 0,biomass-to-methanol,58649623.54694
marginal,Link,HR0 0,electricity distribution grid,194879.37341
marginal,Link,HR0 0,gas for industry,6299.01796
marginal,Link,HR0 0,gas pipeline,8278.92699
marginal,Link,HR0 0,gas pipeline new,9.76739
marginal,Link,HR0 0,heat100-200 industry electric boiler steam,28.45872
marginal,Link,HR0 0,heat100-200 industry gas,10.91809
marginal,Link,HR0 0,heat100-200 industry industrial heat pump high temperature,302.83251
marginal,Link,HR0 0,heat100-200 industry solid biomass,4328653.09492
marginal,Link,HR0 0,heat200-500 industry gas,2.98815
marginal,Link,HR0 0,heat200-500 industry hydrogen,66.58067
marginal,Link,HR0 0,heat200-500 industry solid biomass,3175959.62597
marginal,Link,HR0 0,heat<100 industry electric boiler steam,28.52114
marginal,Link,HR0 0,heat<100 industry gas,10.5998
marginal,Link,HR0 0,heat<100 industry industrial heat pump medium temperature,242.4318
marginal,Link,HR0 0,heat<100 industry solid biomass,4714385.10169
marginal,Link,HR0 0,heat>500 industry gas,306827.49254
marginal,Link,HR0 0,heat>500 industry hydrogen,123.20593
marginal,Link,HR0 0,home battery charger,3.80394
marginal,Link,HR0 0,home battery discharger,3.69129
marginal,Link,HR0 0,methanolisation,1.22838
marginal,Link,HR0 0,municipal solid waste,72.43002
marginal,Link,HR0 0,rural air heat pump,0.3095
marginal,Link,HR0 0,rural biomass boiler,19143029.36509
marginal,Link,HR0 0,rural gas boiler,37568.65902
marginal,Link,HR0 0,rural ground heat pump,1964.23627
marginal,Link,HR0 0,rural resistive heater,7085.22715
marginal,Link,HR0 0,solid biomass for industry,6428.56092
marginal,Link,HR0 0,unsustainable bioliquids,2037.14603
marginal,Link,HR0 0,urban central air heat pump,0.53206
marginal,Link,HR0 0,urban central gas CHP,99.92388
marginal,Link,HR0 0,urban central gas boiler,1733.31625
marginal,Link,HR0 0,urban central resistive heater,508.60993
marginal,Link,HR0 0,urban central solid biomass CHP,22207990.89329
marginal,Link,HR0 0,urban central solid biomass CHP CC,4773.1353
marginal,Link,HR0 0,urban decentral air heat pump,0.25728
marginal,Link,HR0 0,urban decentral biomass boiler,16295350.80053
marginal,Link,HR0 0,urban decentral gas boiler,34988.66087
marginal,Link,HR0 0,urban decentral resistive heater,9643.68679
marginal,Link,HR0 0,waste CHP,1190.9751
marginal,Link,HU0 0,BEV charger,48744.86863
marginal,Link,HU0 0,CO2 pipeline,1.32671
marginal,Link,HU0 0,Combined-Cycle Gas,64.978
marginal,Link,HU0 0,EAF,0.04236
marginal,Link,HU0 0,H2 DRI,405.4483
marginal,Link,HU0 0,H2 Electrolysis,1.28305
marginal,Link,HU0 0,HVC to air,172146.42139
marginal,Link,HU0 0,Haber-Bosch,1.57953
marginal,Link,HU0 0,Open-Cycle Gas,34.05581
marginal,Link,HU0 0,SMR,2.84522
marginal,Link,HU0 0,Sabatier,0.4186
marginal,Link,HU0 0,battery charger,64223.49787
marginal,Link,HU0 0,battery discharger,65285.99033
marginal,Link,HU0 0,biogas to gas,39372182.66617
marginal,Link,HU0 0,biomass to liquid,40.73347
marginal,Link,HU0 0,biomass-to-methanol,1784.39898
marginal,Link,HU0 0,electricity distribution grid,501156.23552
marginal,Link,HU0 0,gas DRI,578.8831
marginal,Link,HU0 0,gas for industry,6722.35546
marginal,Link,HU0 0,gas pipeline,49345.01532
marginal,Link,HU0 0,gas pipeline new,-8.72627
marginal,Link,HU0 0,heat100-200 industry electric boiler steam,33.01285
marginal,Link,HU0 0,heat100-200 industry gas,12.42325
marginal,Link,HU0 0,heat100-200 industry industrial heat pump high temperature,8637947.03193
marginal,Link,HU0 0,heat100-200 industry solid biomass,575.34218
marginal,Link,HU0 0,heat200-500 industry gas,3.00718
marginal,Link,HU0 0,heat200-500 industry hydrogen,63.33499
marginal,Link,HU0 0,heat200-500 industry solid biomass,20645761.83898
marginal,Link,HU0 0,heat<100 industry electric boiler steam,33.03938
marginal,Link,HU0 0,heat<100 industry gas,12.61883
marginal,Link,HU0 0,heat<100 industry industrial heat pump medium temperature,6809939.54589
marginal,Link,HU0 0,heat<100 industry solid biomass,851.00531
marginal,Link,HU0 0,heat>500 industry gas,1914891.55287
marginal,Link,HU0 0,heat>500 industry hydrogen,112.8736
marginal,Link,HU0 0,home battery charger,4.06909
marginal,Link,HU0 0,home battery discharger,3.83767
marginal,Link,HU0 0,methanolisation,1.4729
marginal,Link,HU0 0,municipal solid waste,8996.29273
marginal,Link,HU0 0,rural air heat pump,0.3427
marginal,Link,HU0 0,rural biomass boiler,33407143.76781
marginal,Link,HU0 0,rural gas boiler,126930.91877
marginal,Link,HU0 0,rural ground heat pump,727.78476
marginal,Link,HU0 0,rural resistive heater,23041.8347
marginal,Link,HU0 0,solid biomass for industry,44666.62054
marginal,Link,HU0 0,steel emission,5558.1094
marginal,Link,HU0 0,unsustainable bioliquids,4132175.14303
marginal,Link,HU0 0,urban central air heat pump,1099.66599
marginal,Link,HU0 0,urban central gas CHP,112.45745
marginal,Link,HU0 0,urban central gas boiler,7862.33248
marginal,Link,HU0 0,urban central resistive heater,808.66342
marginal,Link,HU0 0,urban central solid biomass CHP,44735684.78277
marginal,Link,HU0 0,urban central solid biomass CHP CC,2691.12055
marginal,Link,HU0 0,urban decentral air heat pump,318.24154
marginal,Link,HU0 0,urban decentral biomass boiler,46080161.8961
marginal,Link,HU0 0,urban decentral gas boiler,187056.3712
marginal,Link,HU0 0,urban decentral resistive heater,14511.60566
marginal,Link,HU0 0,waste CHP,2234.60151
marginal,Link,IE3 0,BEV charger,37627.6271
marginal,Link,IE3 0,Combined-Cycle Gas,1532388.29279
marginal,Link,IE3 0,DC,7147.4891
marginal,Link,IE3 0,H2 Electrolysis,1626.58981
marginal,Link,IE3 0,HVC to air,78185.46487
marginal,Link,IE3 0,Haber-Bosch,2199.14283
marginal,Link,IE3 0,Open-Cycle Gas,38.68862
marginal,Link,IE3 0,SMR,2.90871
marginal,Link,IE3 0,Sabatier,0.47929
marginal,Link,IE3 0,battery charger,6.99461
marginal,Link,IE3 0,battery discharger,6.77237
marginal,Link,IE3 0,biogas to gas,7638664.72634
marginal,Link,IE3 0,biomass to liquid,23.55469
marginal,Link,IE3 0,biomass-to-methanol,979.99897
marginal,Link,IE3 0,co2 sequestered,8.5488
marginal,Link,IE3 0,electricity distribution grid,345914.2663
marginal,Link,IE3 0,gas for industry,5794.13835
marginal,Link,IE3 0,heat100-200 industry electric boiler steam,40.34293
marginal,Link,IE3 0,heat100-200 industry gas,13.96673
marginal,Link,IE3 0,heat100-200 industry industrial heat pump high temperature,2808481.5958
marginal,Link,IE3 0,heat100-200 industry solid biomass,223.21106
marginal,Link,IE3 0,heat200-500 industry gas,6.31086
marginal,Link,IE3 0,heat200-500 industry hydrogen,81.64781
marginal,Link,IE3 0,heat200-500 industry solid biomass,6726068.13074
marginal,Link,IE3 0,heat<100 industry electric boiler steam,42.04075
marginal,Link,IE3 0,heat<100 industry gas,14.97784
marginal,Link,IE3 0,heat<100 industry industrial heat pump medium temperature,2417888.7732
marginal,Link,IE3 0,heat<100 industry solid biomass,248.58677
marginal,Link,IE3 0,heat>500 industry gas,1485559.26675
marginal,Link,IE3 0,heat>500 industry hydrogen,132.86974
marginal,Link,IE3 0,home battery charger,3.95037
marginal,Link,IE3 0,home battery discharger,3.79481
marginal,Link,IE3 0,methanolisation,7.01872
marginal,Link,IE3 0,municipal solid waste,1678.75381
marginal,Link,IE3 0,rural air heat pump,0.70828
marginal,Link,IE3 0,rural biomass boiler,1898308.40146
marginal,Link,IE3 0,rural gas boiler,25314.17986
marginal,Link,IE3 0,rural ground heat pump,3599.33936
marginal,Link,IE3 0,rural resistive heater,22201.77024
marginal,Link,IE3 0,solid biomass for industry,31255.15366
marginal,Link,IE3 0,unsustainable bioliquids,399654.11952
marginal,Link,IE3 0,urban central air heat pump,7220.37063
marginal,Link,IE3 0,urban central gas CHP,161.73498
marginal,Link,IE3 0,urban central gas boiler,1427.87235
marginal,Link,IE3 0,urban central resistive heater,1806.58772
marginal,Link,IE3 0,urban central solid biomass CHP,3358027.06926
marginal,Link,IE3 0,urban central solid biomass CHP CC,3402.63531
marginal,Link,IE3 0,urban decentral air heat pump,565.3881
marginal,Link,IE3 0,urban decentral biomass boiler,2682761.18993
marginal,Link,IE3 0,urban decentral gas boiler,33366.50808
marginal,Link,IE3 0,urban decentral resistive heater,42929.23997
marginal,Link,IE3 0,waste CHP,4071.03641
marginal,Link,IT0 0,BEV charger,148459.04837
marginal,Link,IT0 0,CO2 pipeline,-1.563
marginal,Link,IT0 0,Combined-Cycle Gas,640540.15977
marginal,Link,IT0 0,DC,54218.13312
marginal,Link,IT0 0,EAF,0.05503
marginal,Link,IT0 0,H2 DRI,587.82816
marginal,Link,IT0 0,H2 Electrolysis,5.03853
marginal,Link,IT0 0,HVC to air,396972.5684
marginal,Link,IT0 0,Haber-Bosch,3.44768
marginal,Link,IT0 0,Open-Cycle Gas,35.17428
marginal,Link,IT0 0,SMR,2.13633
marginal,Link,IT0 0,Sabatier,0.47733
marginal,Link,IT0 0,battery charger,522944.10061
marginal,Link,IT0 0,battery discharger,447701.38595
marginal,Link,IT0 0,biogas to gas,34103266.29053
marginal,Link,IT0 0,biomass to liquid,21.02887
marginal,Link,IT0 0,biomass-to-methanol,932.54922
marginal,Link,IT0 0,co2 sequestered,1.89229
marginal,Link,IT0 0,electricity distribution grid,1484225.18117
marginal,Link,IT0 0,gas DRI,757.4585
marginal,Link,IT0 0,gas for industry,30825.25159
marginal,Link,IT0 0,gas pipeline,218.73556
marginal,Link,IT0 0,heat100-200 industry electric boiler steam,37.09489
marginal,Link,IT0 0,heat100-200 industry gas,12.65962
marginal,Link,IT0 0,heat100-200 industry industrial heat pump high temperature,11978352.60707
marginal,Link,IT0 0,heat100-200 industry solid biomass,197.85778
marginal,Link,IT0 0,heat200-500 industry gas,3.83464
marginal,Link,IT0 0,heat200-500 industry hydrogen,64.55364
marginal,Link,IT0 0,heat200-500 industry solid biomass,40449271.25113
marginal,Link,IT0 0,heat<100 industry electric boiler steam,40.28577
marginal,Link,IT0 0,heat<100 industry gas,14.47597
marginal,Link,IT0 0,heat<100 industry industrial heat pump medium temperature,19787991.76831
marginal,Link,IT0 0,heat<100 industry solid biomass,217.62832
marginal,Link,IT0 0,heat>500 industry gas,2515083.77928
marginal,Link,IT0 0,heat>500 industry hydrogen,129.26959
marginal,Link,IT0 0,home battery charger,4.15357
marginal,Link,IT0 0,home battery discharger,3.9595
marginal,Link,IT0 0,methanolisation,2.66407
marginal,Link,IT0 0,municipal solid waste,13964.88548
marginal,Link,IT0 0,rural air heat pump,0.45352
marginal,Link,IT0 0,rural biomass boiler,161792181.58055
marginal,Link,IT0 0,rural gas boiler,284012.5726
marginal,Link,IT0 0,rural ground heat pump,8318.63543
marginal,Link,IT0 0,rural resistive heater,51782.91646
marginal,Link,IT0 0,solid biomass for industry,29398.70116
marginal,Link,IT0 0,steel emission,15794.06262
marginal,Link,IT0 0,unsustainable bioliquids,3066327.5336
marginal,Link,IT0 0,urban central air heat pump,18969.88846
marginal,Link,IT0 0,urban central gas CHP,155.4138
marginal,Link,IT0 0,urban central gas boiler,18485.75808
marginal,Link,IT0 0,urban central resistive heater,14.63497
marginal,Link,IT0 0,urban central solid biomass CHP,42645445.89276
marginal,Link,IT0 0,urban central solid biomass CHP CC,635.29993
marginal,Link,IT0 0,urban decentral air heat pump,145026.26233
marginal,Link,IT0 0,urban decentral biomass boiler,85839709.96084
marginal,Link,IT0 0,urban decentral gas boiler,151467.24984
marginal,Link,IT0 0,urban decentral resistive heater,53650.58204
marginal,Link,IT0 0,waste CHP,3933.03376
marginal,Link,IT0 1,BEV charger,208431.45003
marginal,Link,IT0 1,CO2 pipeline,-12.84247
marginal,Link,IT0 1,Combined-Cycle Gas,9876888.41456
marginal,Link,IT0 1,DC,1135.43923
marginal,Link,IT0 1,H2 Electrolysis,2.18953
marginal,Link,IT0 1,HVC to air,524545.24169
marginal,Link,IT0 1,Haber-Bosch,1.92142
marginal,Link,IT0 1,Open-Cycle Gas,35.54384
marginal,Link,IT0 1,SMR,2.56509
marginal,Link,IT0 1,Sabatier,0.43049
marginal,Link,IT0 1,battery charger,220014.81555
marginal,Link,IT0 1,battery discharger,208486.09628
marginal,Link,IT0 1,biogas to gas,81886966.2845
marginal,Link,IT0 1,biomass to liquid,20.35668
marginal,Link,IT0 1,biomass-to-methanol,957.35382
marginal,Link,IT0 1,co2 sequestered,115.41615
marginal,Link,IT0 1,electricity distribution grid,2271810.9211
marginal,Link,IT0 1,gas for industry,97244.47365
marginal,Link,IT0 1,gas pipeline,69300.60806
marginal,Link,IT0 1,heat100-200 industry electric boiler steam,37.90781
marginal,Link,IT0 1,heat100-200 industry gas,15.32789
marginal,Link,IT0 1,heat100-200 industry industrial heat pump high temperature,21128348.6554
marginal,Link,IT0 1,heat100-200 industry solid biomass,220.57742
marginal,Link,IT0 1,heat200-500 industry gas,3.81956
marginal,Link,IT0 1,heat200-500 industry hydrogen,68.54765
marginal,Link,IT0 1,heat200-500 industry solid biomass,73527673.05648
marginal,Link,IT0 1,heat<100 industry electric boiler steam,42.72941
marginal,Link,IT0 1,heat<100 industry gas,17.954
marginal,Link,IT0 1,heat<100 industry industrial heat pump medium temperature,32987745.96976
marginal,Link,IT0 1,heat<100 industry solid biomass,262.7649
marginal,Link,IT0 1,heat>500 industry gas,5176773.51995
marginal,Link,IT0 1,heat>500 industry hydrogen,142.24124
marginal,Link,IT0 1,home battery charger,3.8967
marginal,Link,IT0 1,home battery discharger,3.77725
marginal,Link,IT0 1,methanolisation,1.47563
marginal,Link,IT0 1,municipal solid waste,16377.90433
marginal,Link,IT0 1,rural air heat pump,0.4658
marginal,Link,IT0 1,rural biomass boiler,127163704.47679
marginal,Link,IT0 1,rural gas boiler,205856.18631
marginal,Link,IT0 1,rural ground heat pump,10647.03906
marginal,Link,IT0 1,rural resistive heater,54189.20621
marginal,Link,IT0 1,solid biomass for industry,45131.88298
marginal,Link,IT0 1,unsustainable bioliquids,6068978.60039
marginal,Link,IT0 1,urban central air heat pump,17165.32656
marginal,Link,IT0 1,urban central gas CHP,203.27149
marginal,Link,IT0 1,urban central gas boiler,16151.52789
marginal,Link,IT0 1,urban central resistive heater,1501.20699
marginal,Link,IT0 1,urban central solid biomass CHP,107632679.7006
marginal,Link,IT0 1,urban central solid biomass CHP CC,917.97192
marginal,Link,IT0 1,urban decentral air heat pump,204292.68376
marginal,Link,IT0 1,urban decentral biomass boiler,160193847.69501
marginal,Link,IT0 1,urban decentral gas boiler,266348.40462
marginal,Link,IT0 1,urban decentral resistive heater,48796.77774
marginal,Link,IT0 1,waste CHP,5339.73082
marginal,Link,IT4 0,BEV charger,9429.6964
marginal,Link,IT4 0,Combined-Cycle Gas,60.86437
marginal,Link,IT4 0,DC,43672.49092
marginal,Link,IT4 0,H2 Electrolysis,7.11202
marginal,Link,IT4 0,HVC to air,23833.793
marginal,Link,IT4 0,Haber-Bosch,4.12802
marginal,Link,IT4 0,Open-Cycle Gas,37.39933
marginal,Link,IT4 0,SMR,2.65931
marginal,Link,IT4 0,Sabatier,0.44166
marginal,Link,IT4 0,battery charger,48625.73053
marginal,Link,IT4 0,battery discharger,50967.89403
marginal,Link,IT4 0,biogas to gas,1732135.07219
marginal,Link,IT4 0,biomass to liquid,23.32183
marginal,Link,IT4 0,biomass-to-methanol,913.86506
marginal,Link,IT4 0,electricity distribution grid,111394.89735
marginal,Link,IT4 0,gas for industry,2735.97018
marginal,Link,IT4 0,heat100-200 industry electric boiler steam,43.62543
marginal,Link,IT4 0,heat100-200 industry gas,13.79666
marginal,Link,IT4 0,heat100-200 industry industrial heat pump high temperature,943209.19502
marginal,Link,IT4 0,heat100-200 industry solid biomass,309.26732
marginal,Link,IT4 0,heat200-500 industry gas,3.80064
marginal,Link,IT4 0,heat200-500 industry hydrogen,84.1693
marginal,Link,IT4 0,heat200-500 industry solid biomass,9434999.64765
marginal,Link,IT4 0,heat<100 industry electric boiler steam,39.91271
marginal,Link,IT4 0,heat<100 industry gas,13.9401
marginal,Link,IT4 0,heat<100 industry industrial heat pump medium temperature,1879133.55994
marginal,Link,IT4 0,heat<100 industry solid biomass,280.0062
marginal,Link,IT4 0,heat>500 industry gas,512302.59229
marginal,Link,IT4 0,heat>500 industry hydrogen,132.74311
marginal,Link,IT4 0,home battery charger,3.69951
marginal,Link,IT4 0,home battery discharger,3.95767
marginal,Link,IT4 0,methanolisation,2.8582
marginal,Link,IT4 0,municipal solid waste,869.37202
marginal,Link,IT4 0,rural air heat pump,0.34277
marginal,Link,IT4 0,rural biomass boiler,19202216.21564
marginal,Link,IT4 0,rural gas boiler,31266.48253
marginal,Link,IT4 0,rural ground heat pump,645.4189
marginal,Link,IT4 0,rural resistive heater,6253.83803
marginal,Link,IT4 0,solid biomass for industry,2052.56318
marginal,Link,IT4 0,unsustainable bioliquids,152736.26379
marginal,Link,IT4 0,urban central air heat pump,770.4112
marginal,Link,IT4 0,urban central gas CHP,145.03804
marginal,Link,IT4 0,urban central gas boiler,408.55919
marginal,Link,IT4 0,urban central resistive heater,25.17649
marginal,Link,IT4 0,urban central solid biomass CHP,140278.91959
marginal,Link,IT4 0,urban central solid biomass CHP CC,681.88757
marginal,Link,IT4 0,urban decentral air heat pump,3343.74378
marginal,Link,IT4 0,urban decentral biomass boiler,797472.11819
marginal,Link,IT4 0,urban decentral gas boiler,1118.03241
marginal,Link,IT4 0,urban decentral resistive heater,2425.35927
marginal,Link,IT4 0,waste CHP,2559.83946
marginal,Link,LT0 0,BEV charger,25770.11208
marginal,Link,LT0 0,CO2 pipeline,-3.22259
marginal,Link,LT0 0,Combined-Cycle Gas,50.0738
marginal,Link,LT0 0,DC,16974.37731
marginal,Link,LT0 0,H2 Electrolysis,9.28621
marginal,Link,LT0 0,HVC to air,49671.2823
marginal,Link,LT0 0,Haber-Bosch,4.27658
marginal,Link,LT0 0,Open-Cycle Gas,30.32575
marginal,Link,LT0 0,SMR,1.61722
marginal,Link,LT0 0,Sabatier,0.4768
marginal,Link,LT0 0,battery charger,5.35753
marginal,Link,LT0 0,battery discharger,5.95601
marginal,Link,LT0 0,biogas to gas,10458043.9839
marginal,Link,LT0 0,biomass to liquid,51.40897
marginal,Link,LT0 0,biomass-to-methanol,2313.08121
marginal,Link,LT0 0,co2 sequestered,7.10592
marginal,Link,LT0 0,electricity distribution grid,124100.10051
marginal,Link,LT0 0,gas for industry,184.13502
marginal,Link,LT0 0,gas pipeline,85.55669
marginal,Link,LT0 0,gas pipeline new,33991.5829
marginal,Link,LT0 0,heat100-200 industry electric boiler steam,39.84759
marginal,Link,LT0 0,heat100-200 industry gas,11.80152
marginal,Link,LT0 0,heat100-200 industry industrial heat pump high temperature,932564.35253
marginal,Link,LT0 0,heat100-200 industry solid biomass,665.86201
marginal,Link,LT0 0,heat200-500 industry gas,3.47031
marginal,Link,LT0 0,heat200-500 industry hydrogen,78.2548
marginal,Link,LT0 0,heat200-500 industry solid biomass,2521904.78907
marginal,Link,LT0 0,heat<100 industry electric boiler steam,42.29095
marginal,Link,LT0 0,heat<100 industry gas,12.1759
marginal,Link,LT0 0,heat<100 industry industrial heat pump medium temperature,957647.6316
marginal,Link,LT0 0,heat<100 industry solid biomass,796.80201
marginal,Link,LT0 0,heat>500 industry gas,92908.8441
marginal,Link,LT0 0,heat>500 industry hydrogen,178.77721
marginal,Link,LT0 0,home battery charger,4.12632
marginal,Link,LT0 0,home battery discharger,4.15168
marginal,Link,LT0 0,methanolisation,3.53328
marginal,Link,LT0 0,municipal solid waste,1223.4666
marginal,Link,LT0 0,rural air heat pump,0.04127
marginal,Link,LT0 0,rural biomass boiler,46197724.98977
marginal,Link,LT0 0,rural gas boiler,0.19232
marginal,Link,LT0 0,rural ground heat pump,753.89209
marginal,Link,LT0 0,rural resistive heater,66.09721
marginal,Link,LT0 0,solid biomass for industry,10582.72142
marginal,Link,LT0 0,unsustainable bioliquids,1388213.45041
marginal,Link,LT0 0,urban central air heat pump,1891.22487
marginal,Link,LT0 0,urban central gas CHP,90.63069
marginal,Link,LT0 0,urban central gas boiler,4668.41801
marginal,Link,LT0 0,urban central resistive heater,3996.63546
marginal,Link,LT0 0,urban central solid biomass CHP,24353599.77036
marginal,Link,LT0 0,urban central solid biomass CHP CC,7793.17534
marginal,Link,LT0 0,urban decentral air heat pump,83.9334
marginal,Link,LT0 0,urban decentral biomass boiler,38010045.19917
marginal,Link,LT0 0,urban decentral gas boiler,0.2864
marginal,Link,LT0 0,urban decentral resistive heater,48.76116
marginal,Link,LT0 0,waste CHP,1613.00714
marginal,Link,LU0 0,BEV charger,10447.34118
marginal,Link,LU0 0,Combined-Cycle Gas,695628.2678
marginal,Link,LU0 0,H2 Electrolysis,5.26258
marginal,Link,LU0 0,HVC to air,8972.84359
marginal,Link,LU0 0,Haber-Bosch,3.9966
marginal,Link,LU0 0,Open-Cycle Gas,731.89385
marginal,Link,LU0 0,SMR,1.81052
marginal,Link,LU0 0,Sabatier,0.47843
marginal,Link,LU0 0,battery charger,2958.71713
marginal,Link,LU0 0,battery discharger,2746.89448
marginal,Link,LU0 0,biogas to gas,1168082.67829
marginal,Link,LU0 0,biomass to liquid,16.46122
marginal,Link,LU0 0,biomass-to-methanol,828.73643
marginal,Link,LU0 0,electricity distribution grid,75988.07435
marginal,Link,LU0 0,gas for industry,18114.26238
marginal,Link,LU0 0,gas pipeline,7534.23268
marginal,Link,LU0 0,heat100-200 industry electric boiler steam,37.16845
marginal,Link,LU0 0,heat100-200 industry gas,1569.92072
marginal,Link,LU0 0,heat100-200 industry industrial heat pump high temperature,294960.25048
marginal,Link,LU0 0,heat100-200 industry solid biomass,410.09234
marginal,Link,LU0 0,heat200-500 industry gas,5.4785
marginal,Link,LU0 0,heat200-500 industry hydrogen,99.99239
marginal,Link,LU0 0,heat200-500 industry solid biomass,1587714.11072
marginal,Link,LU0 0,heat<100 industry electric boiler steam,38.40283
marginal,Link,LU0 0,heat<100 industry gas,3014.85443
marginal,Link,LU0 0,heat<100 industry industrial heat pump medium temperature,343670.72791
marginal,Link,LU0 0,heat<100 industry solid biomass,466.47119
marginal,Link,LU0 0,heat>500 industry gas,185277.96804
marginal,Link,LU0 0,heat>500 industry hydrogen,152.84949
marginal,Link,LU0 0,home battery charger,4.40664
marginal,Link,LU0 0,home battery discharger,4.2422
marginal,Link,LU0 0,methanolisation,1.75089
marginal,Link,LU0 0,municipal solid waste,107.1218
marginal,Link,LU0 0,rural air heat pump,0.28784
marginal,Link,LU0 0,rural biomass boiler,430322.60179
marginal,Link,LU0 0,rural gas boiler,1627.05677
marginal,Link,LU0 0,rural ground heat pump,123.70366
marginal,Link,LU0 0,rural resistive heater,1382.2221
marginal,Link,LU0 0,solid biomass for industry,2649.5117
marginal,Link,LU0 0,urban central air heat pump,1610.86514
marginal,Link,LU0 0,urban central gas CHP,620.60622
marginal,Link,LU0 0,urban central gas boiler,857.71489
marginal,Link,LU0 0,urban central resistive heater,1563.88939
marginal,Link,LU0 0,urban central solid biomass CHP,4891264.03574
marginal,Link,LU0 0,urban central solid biomass CHP CC,1353.67547
marginal,Link,LU0 0,urban decentral air heat pump,200.53402
marginal,Link,LU0 0,urban decentral biomass boiler,2748332.03747
marginal,Link,LU0 0,urban decentral gas boiler,11133.71608
marginal,Link,LU0 0,urban decentral resistive heater,11335.60304
marginal,Link,LU0 0,waste CHP,5297.26179
marginal,Link,LV0 0,BEV charger,11008.99317
marginal,Link,LV0 0,Combined-Cycle Gas,49.4107
marginal,Link,LV0 0,H2 Electrolysis,9.62775
marginal,Link,LV0 0,HVC to air,27285.6243
marginal,Link,LV0 0,Haber-Bosch,3.94316
marginal,Link,LV0 0,Open-Cycle Gas,30.11599
marginal,Link,LV0 0,SMR,1.79665
marginal,Link,LV0 0,Sabatier,0.45519
marginal,Link,LV0 0,battery charger,5.97655
marginal,Link,LV0 0,battery discharger,5.78583
marginal,Link,LV0 0,biogas to gas,7620733.91798
marginal,Link,LV0 0,biomass to liquid,202.49374
marginal,Link,LV0 0,biomass-to-methanol,248395371.61597
marginal,Link,LV0 0,co2 sequestered,3679.14338
marginal,Link,LV0 0,electricity distribution grid,86118.96942
marginal,Link,LV0 0,gas for industry,273.40739
marginal,Link,LV0 0,gas pipeline,16543.83265
marginal,Link,LV0 0,heat100-200 industry electric boiler steam,46.73855
marginal,Link,LV0 0,heat100-200 industry gas,12.52246
marginal,Link,LV0 0,heat100-200 industry industrial heat pump high temperature,474488.1933
marginal,Link,LV0 0,heat100-200 industry solid biomass,7058.81575
marginal,Link,LV0 0,heat200-500 industry gas,3.25597
marginal,Link,LV0 0,heat200-500 industry hydrogen,74.15487
marginal,Link,LV0 0,heat200-500 industry solid biomass,1774681.48682
marginal,Link,LV0 0,heat<100 industry electric boiler steam,40.90957
marginal,Link,LV0 0,heat<100 industry gas,11.28556
marginal,Link,LV0 0,heat<100 industry industrial heat pump medium temperature,2102.40956
marginal,Link,LV0 0,heat<100 industry solid biomass,3361655.98309
marginal,Link,LV0 0,heat>500 industry gas,95284.22557
marginal,Link,LV0 0,heat>500 industry hydrogen,177.53419
marginal,Link,LV0 0,home battery charger,3.78306
marginal,Link,LV0 0,home battery discharger,3.81751
marginal,Link,LV0 0,methanolisation,3.9859
marginal,Link,LV0 0,municipal solid waste,578.71425
marginal,Link,LV0 0,rural air heat pump,0.09583
marginal,Link,LV0 0,rural biomass boiler,39192146.40441
marginal,Link,LV0 0,rural gas boiler,5370.83092
marginal,Link,LV0 0,rural ground heat pump,0.30212
marginal,Link,LV0 0,rural resistive heater,8720.03104
marginal,Link,LV0 0,solid biomass for industry,47632.39862
marginal,Link,LV0 0,unsustainable bioliquids,671519.29796
marginal,Link,LV0 0,urban central air heat pump,0.88826
marginal,Link,LV0 0,urban central gas CHP,84.32734
marginal,Link,LV0 0,urban central gas boiler,2567.5119
marginal,Link,LV0 0,urban central resistive heater,2322.16023
marginal,Link,LV0 0,urban central solid biomass CHP,23947392.37859
marginal,Link,LV0 0,urban central solid biomass CHP CC,5768762.17526
marginal,Link,LV0 0,urban decentral air heat pump,0.0527
marginal,Link,LV0 0,urban decentral biomass boiler,28408012.51436
marginal,Link,LV0 0,urban decentral gas boiler,4224.23567
marginal,Link,LV0 0,urban decentral resistive heater,5616.06832
marginal,Link,LV0 0,waste CHP,1133.46974
marginal,Link,ME0 0,BEV charger,2271.01665
marginal,Link,ME0 0,CO2 pipeline,0.25955
marginal,Link,ME0 0,Combined-Cycle Gas,57.78634
marginal,Link,ME0 0,DC,36516.68153
marginal,Link,ME0 0,EAF,0.04479
marginal,Link,ME0 0,H2 DRI,444.47545
marginal,Link,ME0 0,H2 Electrolysis,2.37185
marginal,Link,ME0 0,HVC to air,10884.01096
marginal,Link,ME0 0,Haber-Bosch,1.73466
marginal,Link,ME0 0,Open-Cycle Gas,37.40976
marginal,Link,ME0 0,SMR,3.02948
marginal,Link,ME0 0,Sabatier,0.40592
marginal,Link,ME0 0,battery charger,29470.82394
marginal,Link,ME0 0,battery discharger,29195.56244
marginal,Link,ME0 0,biogas to gas,109753.49455
marginal,Link,ME0 0,biomass to liquid,37.38935
marginal,Link,ME0 0,biomass-to-methanol,2128.80213
marginal,Link,ME0 0,electricity distribution grid,29463.67472
marginal,Link,ME0 0,gas DRI,569.59371
marginal,Link,ME0 0,gas for industry,118.62251
marginal,Link,ME0 0,heat100-200 industry electric boiler steam,52.69855
marginal,Link,ME0 0,heat100-200 industry gas,20.17063
marginal,Link,ME0 0,heat100-200 industry industrial heat pump high temperature,115969.71755
marginal,Link,ME0 0,heat100-200 industry solid biomass,1562.02824
marginal,Link,ME0 0,heat200-500 industry gas,4.68626
marginal,Link,ME0 0,heat200-500 industry hydrogen,74.12322
marginal,Link,ME0 0,heat200-500 industry solid biomass,466779.47219
marginal,Link,ME0 0,heat<100 industry electric boiler steam,54.48689
marginal,Link,ME0 0,heat<100 industry gas,20.28369
marginal,Link,ME0 0,heat<100 industry industrial heat pump medium temperature,130741.86403
marginal,Link,ME0 0,heat<100 industry solid biomass,2289.31449
marginal,Link,ME0 0,heat>500 industry gas,60616.33099
marginal,Link,ME0 0,heat>500 industry hydrogen,175.93904
marginal,Link,ME0 0,home battery charger,8.47442
marginal,Link,ME0 0,home battery discharger,7.76238
marginal,Link,ME0 0,methanolisation,1.48343
marginal,Link,ME0 0,municipal solid waste,0.51009
marginal,Link,ME0 0,rural air heat pump,0.33131
marginal,Link,ME0 0,rural biomass boiler,5565987.05083
marginal,Link,ME0 0,rural gas boiler,0.79177
marginal,Link,ME0 0,rural ground heat pump,1.89264
marginal,Link,ME0 0,rural resistive heater,21.91658
marginal,Link,ME0 0,solid biomass for industry,2221.08075
marginal,Link,ME0 0,steel emission,120.75562
marginal,Link,ME0 0,urban central air heat pump,3.71622
marginal,Link,ME0 0,urban central gas CHP,129.50272
marginal,Link,ME0 0,urban central gas boiler,101.68856
marginal,Link,ME0 0,urban central resistive heater,204.2104
marginal,Link,ME0 0,urban central solid biomass CHP,836046.31649
marginal,Link,ME0 0,urban central solid biomass CHP CC,1709.39189
marginal,Link,ME0 0,urban decentral air heat pump,0.3328
marginal,Link,ME0 0,urban decentral biomass boiler,8687715.14008
marginal,Link,ME0 0,urban decentral gas boiler,0.77712
marginal,Link,ME0 0,urban decentral resistive heater,35.13131
marginal,Link,ME0 0,waste CHP,1435.51287
marginal,Link,MK0 0,BEV charger,7161.87011
marginal,Link,MK0 0,CO2 pipeline,-2.0287
marginal,Link,MK0 0,Combined-Cycle Gas,66.37057
marginal,Link,MK0 0,EAF,0.03277
marginal,Link,MK0 0,H2 DRI,390.2087
marginal,Link,MK0 0,H2 Electrolysis,2.88894
marginal,Link,MK0 0,HVC to air,33114.30949
marginal,Link,MK0 0,Haber-Bosch,1.82715
marginal,Link,MK0 0,Open-Cycle Gas,36.56659
marginal,Link,MK0 0,SMR,2.48407
marginal,Link,MK0 0,Sabatier,0.45388
marginal,Link,MK0 0,battery charger,1226.77961
marginal,Link,MK0 0,battery discharger,1112.03977
marginal,Link,MK0 0,biogas to gas,1261828.96528
marginal,Link,MK0 0,biomass to liquid,45.0293
marginal,Link,MK0 0,biomass-to-methanol,2757.0825
marginal,Link,MK0 0,electricity distribution grid,60310.51574
marginal,Link,MK0 0,gas DRI,498.16866
marginal,Link,MK0 0,gas for industry,3071.93954
marginal,Link,MK0 0,gas pipeline new,-2128.71873
marginal,Link,MK0 0,heat100-200 industry electric boiler steam,53.68531
marginal,Link,MK0 0,heat100-200 industry gas,17.91048
marginal,Link,MK0 0,heat100-200 industry industrial heat pump high temperature,221757.40807
marginal,Link,MK0 0,heat100-200 industry solid biomass,1982.9996
marginal,Link,MK0 0,heat200-500 industry gas,4.3455
marginal,Link,MK0 0,heat200-500 industry hydrogen,73.14701
marginal,Link,MK0 0,heat200-500 industry solid biomass,560208.16484
marginal,Link,MK0 0,heat<100 industry electric boiler steam,55.24766
marginal,Link,MK0 0,heat<100 industry gas,17.08713
marginal,Link,MK0 0,heat<100 industry industrial heat pump medium temperature,309978.6064
marginal,Link,MK0 0,heat<100 industry solid biomass,3250.16143
marginal,Link,MK0 0,heat>500 industry gas,14486.25907
marginal,Link,MK0 0,heat>500 industry hydrogen,198.26609
marginal,Link,MK0 0,home battery charger,3.66153
marginal,Link,MK0 0,home battery discharger,3.73577
marginal,Link,MK0 0,methanolisation,1.63993
marginal,Link,MK0 0,municipal solid waste,654.08418
marginal,Link,MK0 0,rural air heat pump,0.13205
marginal,Link,MK0 0,rural biomass boiler,16967091.36514
marginal,Link,MK0 0,rural gas boiler,1.79801
marginal,Link,MK0 0,rural ground heat pump,0.6186
marginal,Link,MK0 0,rural resistive heater,35.76872
marginal,Link,MK0 0,solid biomass for industry,627.50224
marginal,Link,MK0 0,steel emission,2946.79391
marginal,Link,MK0 0,urban central air heat pump,83.88372
marginal,Link,MK0 0,urban central gas CHP,111.22274
marginal,Link,MK0 0,urban central gas boiler,1159.96542
marginal,Link,MK0 0,urban central resistive heater,555.75209
marginal,Link,MK0 0,urban central solid biomass CHP,6442783.81589
marginal,Link,MK0 0,urban central solid biomass CHP CC,2990.79794
marginal,Link,MK0 0,urban decentral air heat pump,0.13314
marginal,Link,MK0 0,urban decentral biomass boiler,13780800.76617
marginal,Link,MK0 0,urban decentral gas boiler,1.68393
marginal,Link,MK0 0,urban decentral resistive heater,29.35366
marginal,Link,MK0 0,waste CHP,1474.62035
marginal,Link,NL0 0,BEV charger,134698.59276
marginal,Link,NL0 0,CO2 pipeline,-0.03345
marginal,Link,NL0 0,Combined-Cycle Gas,2964479.56407
marginal,Link,NL0 0,DC,65971.29717
marginal,Link,NL0 0,EAF,0.06815
marginal,Link,NL0 0,H2 DRI,687.28097
marginal,Link,NL0 0,H2 Electrolysis,182124.31993
marginal,Link,NL0 0,HVC to air,282228.59653
marginal,Link,NL0 0,Haber-Bosch,243007.60517
marginal,Link,NL0 0,Open-Cycle Gas,31.35445
marginal,Link,NL0 0,SMR,0.80042
marginal,Link,NL0 0,Sabatier,0.49755
marginal,Link,NL0 0,battery charger,7.90825
marginal,Link,NL0 0,battery discharger,8.56202
marginal,Link,NL0 0,biogas to gas,27581189.62976
marginal,Link,NL0 0,biomass to liquid,18.76026
marginal,Link,NL0 0,biomass-to-methanol,851.37374
marginal,Link,NL0 0,co2 sequestered,27.98468
marginal,Link,NL0 0,electricity distribution grid,1664326.83807
marginal,Link,NL0 0,gas DRI,882.12929
marginal,Link,NL0 0,gas for industry,39716.53179
marginal,Link,NL0 0,gas pipeline,1193.85415
marginal,Link,NL0 0,heat100-200 industry electric boiler steam,48.86768
marginal,Link,NL0 0,heat100-200 industry gas,15.68755
marginal,Link,NL0 0,heat100-200 industry industrial heat pump high temperature,29340176.89413
marginal,Link,NL0 0,heat100-200 industry solid biomass,172.64064
marginal,Link,NL0 0,heat200-500 industry gas,3.95297
marginal,Link,NL0 0,heat200-500 industry hydrogen,80.95979
marginal,Link,NL0 0,heat200-500 industry solid biomass,72868300.46669
marginal,Link,NL0 0,heat<100 industry electric boiler steam,47.5296
marginal,Link,NL0 0,heat<100 industry gas,15.60777
marginal,Link,NL0 0,heat<100 industry industrial heat pump medium temperature,28261443.05717
marginal,Link,NL0 0,heat<100 industry solid biomass,178.25483
marginal,Link,NL0 0,heat>500 industry gas,7658754.85553
marginal,Link,NL0 0,heat>500 industry hydrogen,209.15146
marginal,Link,NL0 0,home battery charger,4.62299
marginal,Link,NL0 0,home battery discharger,4.04493
marginal,Link,NL0 0,methanolisation,838.3949
marginal,Link,NL0 0,municipal solid waste,42649.19747
marginal,Link,NL0 0,rural air heat pump,0.86644
marginal,Link,NL0 0,rural biomass boiler,5600981.48464
marginal,Link,NL0 0,rural gas boiler,2.96157
marginal,Link,NL0 0,rural ground heat pump,115530.20684
marginal,Link,NL0 0,rural resistive heater,67.07749
marginal,Link,NL0 0,solid biomass for industry,24415.76399
marginal,Link,NL0 0,steel emission,25978.77201
marginal,Link,NL0 0,unsustainable bioliquids,15556245.14455
marginal,Link,NL0 0,urban central air heat pump,43738.41034
marginal,Link,NL0 0,urban central gas CHP,125.93815
marginal,Link,NL0 0,urban central gas boiler,14643.62623
marginal,Link,NL0 0,urban central resistive heater,9652.0178
marginal,Link,NL0 0,urban central solid biomass CHP,9659731.30988
marginal,Link,NL0 0,urban central solid biomass CHP CC,710.47467
marginal,Link,NL0 0,urban decentral air heat pump,12963.42456
marginal,Link,NL0 0,urban decentral biomass boiler,17593581.79121
marginal,Link,NL0 0,urban decentral gas boiler,396438.35898
marginal,Link,NL0 0,urban decentral resistive heater,349228.5417
marginal,Link,NL0 0,waste CHP,4905.02369
marginal,Link,NO1 0,BEV charger,32525.66183
marginal,Link,NO1 0,CO2 pipeline,-34103.9718
marginal,Link,NO1 0,Combined-Cycle Gas,45.40385
marginal,Link,NO1 0,DC,278358.08197
marginal,Link,NO1 0,EAF,0.04915
marginal,Link,NO1 0,H2 DRI,555.57329
marginal,Link,NO1 0,H2 Electrolysis,856875.70869
marginal,Link,NO1 0,HVC to air,99017.52992
marginal,Link,NO1 0,Haber-Bosch,609125.9841
marginal,Link,NO1 0,Open-Cycle Gas,29.82025
marginal,Link,NO1 0,SMR,0.69974
marginal,Link,NO1 0,Sabatier,0.54623
marginal,Link,NO1 0,battery charger,4.93226
marginal,Link,NO1 0,battery discharger,5.5954
marginal,Link,NO1 0,biogas to gas,2615381.4196
marginal,Link,NO1 0,biomass to liquid,17.99482
marginal,Link,NO1 0,biomass-to-methanol,810.04346
marginal,Link,NO1 0,co2 sequestered,9.70731
marginal,Link,NO1 0,electricity distribution grid,938426.84303
marginal,Link,NO1 0,gas DRI,702.87444
marginal,Link,NO1 0,gas for industry,30217.21835
marginal,Link,NO1 0,gas pipeline,82.48372
marginal,Link,NO1 0,gas pipeline new,-1.14218
marginal,Link,NO1 0,heat100-200 industry electric boiler steam,49.77994
marginal,Link,NO1 0,heat100-200 industry gas,10.39578
marginal,Link,NO1 0,heat100-200 industry industrial heat pump high temperature,6275391.09837
marginal,Link,NO1 0,heat100-200 industry solid biomass,135.91537
marginal,Link,NO1 0,heat200-500 industry gas,4.76151
marginal,Link,NO1 0,heat200-500 industry hydrogen,80.05077
marginal,Link,NO1 0,heat200-500 industry solid biomass,19152284.50373
marginal,Link,NO1 0,heat<100 industry electric boiler steam,49.82972
marginal,Link,NO1 0,heat<100 industry gas,10.39285
marginal,Link,NO1 0,heat<100 industry industrial heat pump medium temperature,5508325.01042
marginal,Link,NO1 0,heat<100 industry solid biomass,142.96022
marginal,Link,NO1 0,heat>500 industry gas,3254180.24322
marginal,Link,NO1 0,heat>500 industry hydrogen,159.95333
marginal,Link,NO1 0,home battery charger,6.18403
marginal,Link,NO1 0,home battery discharger,5.07804
marginal,Link,NO1 0,methanolisation,244126.06383
marginal,Link,NO1 0,municipal solid waste,18564.46009
marginal,Link,NO1 0,rural air heat pump,0.25121
marginal,Link,NO1 0,rural biomass boiler,39804352.15391
marginal,Link,NO1 0,rural gas boiler,0.32741
marginal,Link,NO1 0,rural ground heat pump,17154.44448
marginal,Link,NO1 0,rural resistive heater,3283.19567
marginal,Link,NO1 0,solid biomass for industry,79687.658
marginal,Link,NO1 0,steel emission,9512.74771
marginal,Link,NO1 0,unsustainable bioliquids,663881.29019
marginal,Link,NO1 0,urban central air heat pump,2330.52498
marginal,Link,NO1 0,urban central gas CHP,76.51033
marginal,Link,NO1 0,urban central gas boiler,1156.58496
marginal,Link,NO1 0,urban central resistive heater,16000.93768
marginal,Link,NO1 0,urban central solid biomass CHP,220.18798
marginal,Link,NO1 0,urban central solid biomass CHP CC,227.31921
marginal,Link,NO1 0,urban decentral air heat pump,90783.85253
marginal,Link,NO1 0,urban decentral biomass boiler,135224821.08767
marginal,Link,NO1 0,urban decentral gas boiler,0.31276
marginal,Link,NO1 0,urban decentral resistive heater,107641.54953
marginal,Link,NO1 0,waste CHP,1372.65599
marginal,Link,PL0 0,BEV charger,224245.68407
marginal,Link,PL0 0,CO2 pipeline,-1.49637
marginal,Link,PL0 0,Combined-Cycle Gas,59.80736
marginal,Link,PL0 0,DC,14439.96903
marginal,Link,PL0 0,EAF,0.05678
marginal,Link,PL0 0,H2 DRI,563.07927
marginal,Link,PL0 0,H2 Electrolysis,4.95957
marginal,Link,PL0 0,HVC to air,636391.75042
marginal,Link,PL0 0,Haber-Bosch,2.5896
marginal,Link,PL0 0,Open-Cycle Gas,33.52513
marginal,Link,PL0 0,SMR,1.25772
marginal,Link,PL0 0,Sabatier,0.44403
marginal,Link,PL0 0,battery charger,11.94181
marginal,Link,PL0 0,battery discharger,11.35184
marginal,Link,PL0 0,biogas to gas,64732504.87934
marginal,Link,PL0 0,biomass to liquid,28.92343
marginal,Link,PL0 0,biomass-to-methanol,1707.62778
marginal,Link,PL0 0,co2 sequestered,38.46081
marginal,Link,PL0 0,electricity distribution grid,1905944.04681
marginal,Link,PL0 0,gas DRI,818.36658
marginal,Link,PL0 0,gas for industry,40482.09852
marginal,Link,PL0 0,gas pipeline,204820.37673
marginal,Link,PL0 0,heat100-200 industry electric boiler steam,39.73117
marginal,Link,PL0 0,heat100-200 industry gas,13.86863
marginal,Link,PL0 0,heat100-200 industry industrial heat pump high temperature,18878001.3934
marginal,Link,PL0 0,heat100-200 industry solid biomass,422.39729
marginal,Link,PL0 0,heat200-500 industry gas,3.12439
marginal,Link,PL0 0,heat200-500 industry hydrogen,62.35999
marginal,Link,PL0 0,heat200-500 industry solid biomass,62689002.5853
marginal,Link,PL0 0,heat<100 industry electric boiler steam,40.41209
marginal,Link,PL0 0,heat<100 industry gas,14.36529
marginal,Link,PL0 0,heat<100 industry industrial heat pump medium temperature,20800510.72083
marginal,Link,PL0 0,heat<100 industry solid biomass,523.05744
marginal,Link,PL0 0,heat>500 industry gas,6533933.15604
marginal,Link,PL0 0,heat>500 industry hydrogen,163.95751
marginal,Link,PL0 0,home battery charger,3.90343
marginal,Link,PL0 0,home battery discharger,4.06675
marginal,Link,PL0 0,methanolisation,1.98154
marginal,Link,PL0 0,municipal solid waste,23079.32146
marginal,Link,PL0 0,rural air heat pump,0.26422
marginal,Link,PL0 0,rural biomass boiler,292235380.97779
marginal,Link,PL0 0,rural gas boiler,86843.91798
marginal,Link,PL0 0,rural ground heat pump,24182.21928
marginal,Link,PL0 0,rural resistive heater,56813.84055
marginal,Link,PL0 0,solid biomass for industry,322556.47467
marginal,Link,PL0 0,steel emission,21511.5909
marginal,Link,PL0 0,unsustainable bioliquids,8581750.52127
marginal,Link,PL0 0,urban central air heat pump,8.49084
marginal,Link,PL0 0,urban central gas CHP,108.2697
marginal,Link,PL0 0,urban central gas boiler,33211.95208
marginal,Link,PL0 0,urban central resistive heater,37498.71391
marginal,Link,PL0 0,urban central solid biomass CHP,233789988.76992
marginal,Link,PL0 0,urban central solid biomass CHP CC,61199.33063
marginal,Link,PL0 0,urban decentral air heat pump,111.86644
marginal,Link,PL0 0,urban decentral biomass boiler,190127667.63944
marginal,Link,PL0 0,urban decentral gas boiler,62307.81799
marginal,Link,PL0 0,urban decentral resistive heater,91158.10265
marginal,Link,PL0 0,waste CHP,3169.83946
marginal,Link,PT0 0,BEV charger,69248.49418
marginal,Link,PT0 0,Combined-Cycle Gas,2723131.39346
marginal,Link,PT0 0,H2 Electrolysis,22.47976
marginal,Link,PT0 0,HVC to air,141454.69888
marginal,Link,PT0 0,Haber-Bosch,8.41326
marginal,Link,PT0 0,Open-Cycle Gas,37.87427
marginal,Link,PT0 0,SMR,3.94325
marginal,Link,PT0 0,Sabatier,0.51536
marginal,Link,PT0 0,battery charger,44.79322
marginal,Link,PT0 0,battery discharger,42.85561
marginal,Link,PT0 0,biogas to gas,12627386.64876
marginal,Link,PT0 0,biomass to liquid,127.73711
marginal,Link,PT0 0,biomass-to-methanol,12107.25088
marginal,Link,PT0 0,co2 sequestered,3.13363
marginal,Link,PT0 0,electricity distribution grid,615656.64416
marginal,Link,PT0 0,gas for industry,14570.07383
marginal,Link,PT0 0,heat100-200 industry electric boiler steam,40.51096
marginal,Link,PT0 0,heat100-200 industry gas,12.75742
marginal,Link,PT0 0,heat100-200 industry industrial heat pump high temperature,3847377.37402
marginal,Link,PT0 0,heat100-200 industry solid biomass,2342107.607
marginal,Link,PT0 0,heat200-500 industry gas,2.55916
marginal,Link,PT0 0,heat200-500 industry hydrogen,67.26987
marginal,Link,PT0 0,heat200-500 industry solid biomass,15694201.82998
marginal,Link,PT0 0,heat<100 industry electric boiler steam,40.51071
marginal,Link,PT0 0,heat<100 industry gas,12.41744
marginal,Link,PT0 0,heat<100 industry industrial heat pump medium temperature,983.94213
marginal,Link,PT0 0,heat<100 industry solid biomass,13921500.1711
marginal,Link,PT0 0,heat>500 industry gas,1474656.03126
marginal,Link,PT0 0,heat>500 industry hydrogen,129.94174
marginal,Link,PT0 0,home battery charger,6.62782
marginal,Link,PT0 0,home battery discharger,6.25127
marginal,Link,PT0 0,methanolisation,14.01149
marginal,Link,PT0 0,municipal solid waste,11270.30136
marginal,Link,PT0 0,rural air heat pump,0.42592
marginal,Link,PT0 0,rural biomass boiler,24881429.06504
marginal,Link,PT0 0,rural gas boiler,12207.52465
marginal,Link,PT0 0,rural ground heat pump,17582.86376
marginal,Link,PT0 0,rural resistive heater,6607.89622
marginal,Link,PT0 0,solid biomass for industry,133467.6328
marginal,Link,PT0 0,unsustainable bioliquids,3036985.50918
marginal,Link,PT0 0,urban central air heat pump,2.31682
marginal,Link,PT0 0,urban central gas CHP,136.29569
marginal,Link,PT0 0,urban central gas boiler,3037.91671
marginal,Link,PT0 0,urban central resistive heater,3065.6044
marginal,Link,PT0 0,urban central solid biomass CHP,20590594.81656
marginal,Link,PT0 0,urban central solid biomass CHP CC,15496.17219
marginal,Link,PT0 0,urban decentral air heat pump,14486.30687
marginal,Link,PT0 0,urban decentral biomass boiler,25231017.24486
marginal,Link,PT0 0,urban decentral gas boiler,13487.13438
marginal,Link,PT0 0,urban decentral resistive heater,73742.58721
marginal,Link,PT0 0,waste CHP,1535.22842
marginal,Link,RO0 0,BEV charger,68480.51226
marginal,Link,RO0 0,CO2 pipeline,0.03388
marginal,Link,RO0 0,Combined-Cycle Gas,58.29978
marginal,Link,RO0 0,EAF,0.04439
marginal,Link,RO0 0,H2 DRI,435.74476
marginal,Link,RO0 0,H2 Electrolysis,2.0728
marginal,Link,RO0 0,HVC to air,329377.93907
marginal,Link,RO0 0,Haber-Bosch,1.66117
marginal,Link,RO0 0,Open-Cycle Gas,31.5074
marginal,Link,RO0 0,SMR,2.77546
marginal,Link,RO0 0,Sabatier,0.4349
marginal,Link,RO0 0,battery charger,435.08212
marginal,Link,RO0 0,battery discharger,426.54865
marginal,Link,RO0 0,biogas to gas,27973808.95485
marginal,Link,RO0 0,biomass to liquid,58.82081
marginal,Link,RO0 0,biomass-to-methanol,3272.06842
marginal,Link,RO0 0,electricity distribution grid,702599.82854
marginal,Link,RO0 0,gas DRI,685.30598
marginal,Link,RO0 0,gas for industry,43058.76182
marginal,Link,RO0 0,gas pipeline,67.0916
marginal,Link,RO0 0,heat100-200 industry electric boiler steam,35.37644
marginal,Link,RO0 0,heat100-200 industry gas,11.89542
marginal,Link,RO0 0,heat100-200 industry industrial heat pump high temperature,8477157.72851
marginal,Link,RO0 0,heat100-200 industry solid biomass,1362.43599
marginal,Link,RO0 0,heat200-500 industry gas,2.81717
marginal,Link,RO0 0,heat200-500 industry hydrogen,53.78574
marginal,Link,RO0 0,heat200-500 industry solid biomass,20928339.20171
marginal,Link,RO0 0,heat<100 industry electric boiler steam,35.79085
marginal,Link,RO0 0,heat<100 industry gas,11.99738
marginal,Link,RO0 0,heat<100 industry industrial heat pump medium temperature,1506191.94115
marginal,Link,RO0 0,heat<100 industry solid biomass,16433397.63933
marginal,Link,RO0 0,heat>500 industry gas,2310384.00103
marginal,Link,RO0 0,heat>500 industry hydrogen,116.21865
marginal,Link,RO0 0,home battery charger,4.09814
marginal,Link,RO0 0,home battery discharger,4.09869
marginal,Link,RO0 0,methanolisation,1.37574
marginal,Link,RO0 0,municipal solid waste,7954.16132
marginal,Link,RO0 0,rural air heat pump,0.2385
marginal,Link,RO0 0,rural biomass boiler,153781407.27798
marginal,Link,RO0 0,rural gas boiler,101497.1219
marginal,Link,RO0 0,rural ground heat pump,838.11022
marginal,Link,RO0 0,rural resistive heater,17903.09395
marginal,Link,RO0 0,solid biomass for industry,41051.65007
marginal,Link,RO0 0,steel emission,9131.70595
marginal,Link,RO0 0,unsustainable bioliquids,1917668.06513
marginal,Link,RO0 0,urban central air heat pump,2.05061
marginal,Link,RO0 0,urban central gas CHP,95.37781
marginal,Link,RO0 0,urban central gas boiler,7469.12299
marginal,Link,RO0 0,urban central resistive heater,3318.14765
marginal,Link,RO0 0,urban central solid biomass CHP,50581034.55471
marginal,Link,RO0 0,urban central solid biomass CHP CC,3206.30298
marginal,Link,RO0 0,urban decentral air heat pump,0.23258
marginal,Link,RO0 0,urban decentral biomass boiler,113765289.36461
marginal,Link,RO0 0,urban decentral gas boiler,75112.02164
marginal,Link,RO0 0,urban decentral resistive heater,11663.23997
marginal,Link,RO0 0,waste CHP,2123.33849
marginal,Link,RS0 0,BEV charger,18995.21153
marginal,Link,RS0 0,CO2 pipeline,0.45704
marginal,Link,RS0 0,Combined-Cycle Gas,62.01104
marginal,Link,RS0 0,EAF,0.04445
marginal,Link,RS0 0,H2 DRI,410.43201
marginal,Link,RS0 0,H2 Electrolysis,1.99206
marginal,Link,RS0 0,HVC to air,129980.66154
marginal,Link,RS0 0,Haber-Bosch,1.65157
marginal,Link,RS0 0,Open-Cycle Gas,33.28455
marginal,Link,RS0 0,SMR,3.15698
marginal,Link,RS0 0,Sabatier,0.45677
marginal,Link,RS0 0,battery charger,13335.78438
marginal,Link,RS0 0,battery discharger,11028.77998
marginal,Link,RS0 0,biogas to gas,12229023.97852
marginal,Link,RS0 0,biomass to liquid,45.94242
marginal,Link,RS0 0,biomass-to-methanol,2487.4792
marginal,Link,RS0 0,electricity distribution grid,345177.09663
marginal,Link,RS0 0,gas DRI,582.86465
marginal,Link,RS0 0,gas for industry,8831.4409
marginal,Link,RS0 0,gas pipeline,9888.17331
marginal,Link,RS0 0,gas pipeline new,3505.9502
marginal,Link,RS0 0,heat100-200 industry electric boiler steam,32.41883
marginal,Link,RS0 0,heat100-200 industry gas,12.36695
marginal,Link,RS0 0,heat100-200 industry industrial heat pump high temperature,1959900.34283
marginal,Link,RS0 0,heat100-200 industry solid biomass,1138.42173
marginal,Link,RS0 0,heat200-500 industry gas,3.13942
marginal,Link,RS0 0,heat200-500 industry hydrogen,69.34459
marginal,Link,RS0 0,heat200-500 industry solid biomass,4764598.72583
marginal,Link,RS0 0,heat<100 industry electric boiler steam,33.81592
marginal,Link,RS0 0,heat<100 industry gas,12.6655
marginal,Link,RS0 0,heat<100 industry industrial heat pump medium temperature,2417760.54888
marginal,Link,RS0 0,heat<100 industry solid biomass,2065.37418
marginal,Link,RS0 0,heat>500 industry gas,126917.97045
marginal,Link,RS0 0,heat>500 industry hydrogen,144.76752
marginal,Link,RS0 0,home battery charger,5.88247
marginal,Link,RS0 0,home battery discharger,5.50877
marginal,Link,RS0 0,methanolisation,1.32297
marginal,Link,RS0 0,municipal solid waste,8552.73276
marginal,Link,RS0 0,rural air heat pump,0.16213
marginal,Link,RS0 0,rural biomass boiler,101891776.85059
marginal,Link,RS0 0,rural gas boiler,1.01062
marginal,Link,RS0 0,rural ground heat pump,0.71855
marginal,Link,RS0 0,rural resistive heater,144.70441
marginal,Link,RS0 0,solid biomass for industry,12818.60713
marginal,Link,RS0 0,steel emission,6274.97037
marginal,Link,RS0 0,urban central air heat pump,2.07784
marginal,Link,RS0 0,urban central gas CHP,103.80184
marginal,Link,RS0 0,urban central gas boiler,7132.17279
marginal,Link,RS0 0,urban central resistive heater,3092.52262
marginal,Link,RS0 0,urban central solid biomass CHP,36532687.50929
marginal,Link,RS0 0,urban central solid biomass CHP CC,1618.66337
marginal,Link,RS0 0,urban decentral air heat pump,0.15693
marginal,Link,RS0 0,urban decentral biomass boiler,66502579.16333
marginal,Link,RS0 0,urban decentral gas boiler,1.12125
marginal,Link,RS0 0,urban decentral resistive heater,100.03347
marginal,Link,RS0 0,waste CHP,1716.48722
marginal,Link,SE1 0,BEV charger,69102.04271
marginal,Link,SE1 0,Combined-Cycle Gas,49.75103
marginal,Link,SE1 0,DC,180813.6459
marginal,Link,SE1 0,EAF,0.06099
marginal,Link,SE1 0,H2 DRI,650.67925
marginal,Link,SE1 0,H2 Electrolysis,53896.2674
marginal,Link,SE1 0,HVC to air,198776.24062
marginal,Link,SE1 0,Haber-Bosch,13.40681
marginal,Link,SE1 0,Open-Cycle Gas,32.52308
marginal,Link,SE1 0,SMR,0.74754
marginal,Link,SE1 0,Sabatier,0.47882
marginal,Link,SE1 0,battery charger,5.25129
marginal,Link,SE1 0,battery discharger,5.07753
marginal,Link,SE1 0,biogas to gas,16709213.19561
marginal,Link,SE1 0,biomass to liquid,176.46467
marginal,Link,SE1 0,biomass-to-methanol,218979837.64035
marginal,Link,SE1 0,co2 sequestered,1107.36196
marginal,Link,SE1 0,electricity distribution grid,1473607.45668
marginal,Link,SE1 0,gas DRI,710.4556
marginal,Link,SE1 0,gas for industry,8009.17099
marginal,Link,SE1 0,heat100-200 industry electric boiler steam,55.59566
marginal,Link,SE1 0,heat100-200 industry gas,12.36356
marginal,Link,SE1 0,heat100-200 industry industrial heat pump high temperature,2034356.20386
marginal,Link,SE1 0,heat100-200 industry solid biomass,1164.56323
marginal,Link,SE1 0,heat200-500 industry gas,2.66826
marginal,Link,SE1 0,heat200-500 industry hydrogen,73.19683
marginal,Link,SE1 0,heat200-500 industry solid biomass,5791620.50765
marginal,Link,SE1 0,heat<100 industry electric boiler steam,53.1112
marginal,Link,SE1 0,heat<100 industry gas,11.58929
marginal,Link,SE1 0,heat<100 industry industrial heat pump medium temperature,8018433.60568
marginal,Link,SE1 0,heat<100 industry solid biomass,1032.11323
marginal,Link,SE1 0,heat>500 industry gas,655614.63897
marginal,Link,SE1 0,heat>500 industry hydrogen,148.00528
marginal,Link,SE1 0,home battery charger,5.63715
marginal,Link,SE1 0,home battery discharger,5.38473
marginal,Link,SE1 0,methanolisation,34385.15849
marginal,Link,SE1 0,municipal solid waste,25892.29579
marginal,Link,SE1 0,rural air heat pump,0.24708
marginal,Link,SE1 0,rural biomass boiler,9466293.61489
marginal,Link,SE1 0,rural gas boiler,141.29322
marginal,Link,SE1 0,rural ground heat pump,45873.3651
marginal,Link,SE1 0,rural resistive heater,10693.99059
marginal,Link,SE1 0,solid biomass for industry,551880.2578
marginal,Link,SE1 0,steel emission,13892.80504
marginal,Link,SE1 0,unsustainable bioliquids,4403734.58785
marginal,Link,SE1 0,urban central air heat pump,1.00186
marginal,Link,SE1 0,urban central gas CHP,80.74692
marginal,Link,SE1 0,urban central gas boiler,19749.55275
marginal,Link,SE1 0,urban central resistive heater,40311.0598
marginal,Link,SE1 0,urban central solid biomass CHP,104144704.86365
marginal,Link,SE1 0,urban central solid biomass CHP CC,159370854.53921
marginal,Link,SE1 0,urban decentral air heat pump,56841.49094
marginal,Link,SE1 0,urban decentral biomass boiler,147745657.08036
marginal,Link,SE1 0,urban decentral gas boiler,2628.92682
marginal,Link,SE1 0,urban decentral resistive heater,143169.45567
marginal,Link,SE1 0,waste CHP,1496.07237
marginal,Link,SI0 0,BEV charger,20230.81051
marginal,Link,SI0 0,Combined-Cycle Gas,63.74774
marginal,Link,SI0 0,H2 Electrolysis,1.24954
marginal,Link,SI0 0,HVC to air,39118.80787
marginal,Link,SI0 0,Haber-Bosch,1.55556
marginal,Link,SI0 0,Open-Cycle Gas,32.20221
marginal,Link,SI0 0,SMR,3.08309
marginal,Link,SI0 0,Sabatier,0.42566
marginal,Link,SI0 0,battery charger,349.11803
marginal,Link,SI0 0,battery discharger,355.28163
marginal,Link,SI0 0,biogas to gas,1401331.30258
marginal,Link,SI0 0,biomass to liquid,52.09935
marginal,Link,SI0 0,biomass-to-methanol,2705.09282
marginal,Link,SI0 0,electricity distribution grid,154644.9978
marginal,Link,SI0 0,gas for industry,10303.90402
marginal,Link,SI0 0,gas pipeline,60136.02136
marginal,Link,SI0 0,heat100-200 industry electric boiler steam,31.19618
marginal,Link,SI0 0,heat100-200 industry gas,12.14903
marginal,Link,SI0 0,heat100-200 industry industrial heat pump high temperature,2181973.71294
marginal,Link,SI0 0,heat100-200 industry solid biomass,1916.46158
marginal,Link,SI0 0,heat200-500 industry gas,2.96037
marginal,Link,SI0 0,heat200-500 industry hydrogen,68.36607
marginal,Link,SI0 0,heat200-500 industry solid biomass,5231784.21145
marginal,Link,SI0 0,heat<100 industry electric boiler steam,32.65696
marginal,Link,SI0 0,heat<100 industry gas,12.97634
marginal,Link,SI0 0,heat<100 industry industrial heat pump medium temperature,267232.20046
marginal,Link,SI0 0,heat<100 industry solid biomass,2202856.59583
marginal,Link,SI0 0,heat>500 industry gas,356145.1689
marginal,Link,SI0 0,heat>500 industry hydrogen,120.84523
marginal,Link,SI0 0,home battery charger,3.68619
marginal,Link,SI0 0,home battery discharger,3.44282
marginal,Link,SI0 0,methanolisation,1.27272
marginal,Link,SI0 0,municipal solid waste,866.01333
marginal,Link,SI0 0,rural air heat pump,0.24508
marginal,Link,SI0 0,rural biomass boiler,28489391.80047
marginal,Link,SI0 0,rural gas boiler,3019.6569
marginal,Link,SI0 0,rural ground heat pump,2217.92815
marginal,Link,SI0 0,rural resistive heater,756.32177
marginal,Link,SI0 0,solid biomass for industry,15723.16726
marginal,Link,SI0 0,urban central air heat pump,1.49426
marginal,Link,SI0 0,urban central gas CHP,108.97623
marginal,Link,SI0 0,urban central gas boiler,1369.73744
marginal,Link,SI0 0,urban central resistive heater,634.87693
marginal,Link,SI0 0,urban central solid biomass CHP,9956083.87999
marginal,Link,SI0 0,urban central solid biomass CHP CC,8076.56698
marginal,Link,SI0 0,urban decentral air heat pump,309.83246
marginal,Link,SI0 0,urban decentral biomass boiler,26657861.92736
marginal,Link,SI0 0,urban decentral gas boiler,2975.08293
marginal,Link,SI0 0,urban decentral resistive heater,3889.16887
marginal,Link,SI0 0,waste CHP,1447.02141
marginal,Link,SK0 0,BEV charger,31359.81017
marginal,Link,SK0 0,Combined-Cycle Gas,66.06231
marginal,Link,SK0 0,EAF,0.05601
marginal,Link,SK0 0,H2 DRI,530.17866
marginal,Link,SK0 0,H2 Electrolysis,1.17608
marginal,Link,SK0 0,HVC to air,87621.81265
marginal,Link,SK0 0,Haber-Bosch,1.49851
marginal,Link,SK0 0,Open-Cycle Gas,34.21441
marginal,Link,SK0 0,SMR,3.29519
marginal,Link,SK0 0,Sabatier,0.42501
marginal,Link,SK0 0,battery charger,78.81587
marginal,Link,SK0 0,battery discharger,75.35475
marginal,Link,SK0 0,biogas to gas,13147378.24605
marginal,Link,SK0 0,biomass to liquid,65.1363
marginal,Link,SK0 0,biomass-to-methanol,3199.24954
marginal,Link,SK0 0,electricity distribution grid,313472.92154
marginal,Link,SK0 0,gas DRI,718.91958
marginal,Link,SK0 0,gas for industry,5458.9973
marginal,Link,SK0 0,gas pipeline,17672.62734
marginal,Link,SK0 0,heat100-200 industry electric boiler steam,31.74915
marginal,Link,SK0 0,heat100-200 industry gas,12.15263
marginal,Link,SK0 0,heat100-200 industry industrial heat pump high temperature,4413003.68676
marginal,Link,SK0 0,heat100-200 industry solid biomass,1752686.84724
marginal,Link,SK0 0,heat200-500 industry gas,2.70929
marginal,Link,SK0 0,heat200-500 industry hydrogen,64.1468
marginal,Link,SK0 0,heat200-500 industry solid biomass,12238841.66865
marginal,Link,SK0 0,heat<100 industry electric boiler steam,30.7946
marginal,Link,SK0 0,heat<100 industry gas,12.44518
marginal,Link,SK0 0,heat<100 industry industrial heat pump medium temperature,701.95861
marginal,Link,SK0 0,heat<100 industry solid biomass,7278290.89033
marginal,Link,SK0 0,heat>500 industry gas,989350.51115
marginal,Link,SK0 0,heat>500 industry hydrogen,112.71757
marginal,Link,SK0 0,home battery charger,3.93222
marginal,Link,SK0 0,home battery discharger,3.79562
marginal,Link,SK0 0,methanolisation,1.33291
marginal,Link,SK0 0,municipal solid waste,3303.00432
marginal,Link,SK0 0,rural air heat pump,0.29199
marginal,Link,SK0 0,rural biomass boiler,2605078.83167
marginal,Link,SK0 0,rural gas boiler,82127.28454
marginal,Link,SK0 0,rural ground heat pump,1910.78247
marginal,Link,SK0 0,rural resistive heater,10103.48647
marginal,Link,SK0 0,solid biomass for industry,71354.03601
marginal,Link,SK0 0,steel emission,13910.97288
marginal,Link,SK0 0,unsustainable bioliquids,1499329.36498
marginal,Link,SK0 0,urban central air heat pump,1.04058
marginal,Link,SK0 0,urban central gas CHP,112.49492
marginal,Link,SK0 0,urban central gas boiler,2962.15525
marginal,Link,SK0 0,urban central resistive heater,1107.06448
marginal,Link,SK0 0,urban central solid biomass CHP,31088458.18999
marginal,Link,SK0 0,urban central solid biomass CHP CC,5467.81025
marginal,Link,SK0 0,urban decentral air heat pump,744.82719
marginal,Link,SK0 0,urban decentral biomass boiler,2147912.00373
marginal,Link,SK0 0,urban decentral gas boiler,70757.41156
marginal,Link,SK0 0,urban decentral resistive heater,12845.83239
marginal,Link,SK0 0,waste CHP,1567.9905
marginal,Link,XK0 0,BEV charger,3793.60394
marginal,Link,XK0 0,Combined-Cycle Gas,57.05996
marginal,Link,XK0 0,EAF,0.0297
marginal,Link,XK0 0,H2 DRI,343.23684
marginal,Link,XK0 0,H2 Electrolysis,3.64515
marginal,Link,XK0 0,HVC to air,27801.90215
marginal,Link,XK0 0,Haber-Bosch,1.41521
marginal,Link,XK0 0,Open-Cycle Gas,37.05787
marginal,Link,XK0 0,SMR,45.77589
marginal,Link,XK0 0,Sabatier,0.39768
marginal,Link,XK0 0,battery charger,11727.59315
marginal,Link,XK0 0,battery discharger,10694.71302
marginal,Link,XK0 0,biogas to gas,383640.57723
marginal,Link,XK0 0,biomass to liquid,129.28336
marginal,Link,XK0 0,biomass-to-methanol,41368326.64345
marginal,Link,XK0 0,electricity distribution grid,61011.60884
marginal,Link,XK0 0,gas DRI,448.32247
marginal,Link,XK0 0,gas for industry,814.05718
marginal,Link,XK0 0,heat100-200 industry electric boiler steam,49.41024
marginal,Link,XK0 0,heat100-200 industry gas,17.02041
marginal,Link,XK0 0,heat100-200 industry industrial heat pump high temperature,875.93491
marginal,Link,XK0 0,heat100-200 industry solid biomass,606407.49734
marginal,Link,XK0 0,heat200-500 industry gas,3.836
marginal,Link,XK0 0,heat200-500 industry hydrogen,66.75196
marginal,Link,XK0 0,heat200-500 industry solid biomass,653566.72427
marginal,Link,XK0 0,heat<100 industry electric boiler steam,49.67364
marginal,Link,XK0 0,heat<100 industry gas,16.45311
marginal,Link,XK0 0,heat<100 industry industrial heat pump medium temperature,680.97855
marginal,Link,XK0 0,heat<100 industry solid biomass,639609.42386
marginal,Link,XK0 0,heat>500 industry gas,31768.53522
marginal,Link,XK0 0,heat>500 industry hydrogen,174.61913
marginal,Link,XK0 0,home battery charger,39.95387
marginal,Link,XK0 0,home battery discharger,42.03961
marginal,Link,XK0 0,methanolisation,1.42235
marginal,Link,XK0 0,municipal solid waste,0.65806
marginal,Link,XK0 0,rural air heat pump,0.77047
marginal,Link,XK0 0,rural biomass boiler,9082.23549
marginal,Link,XK0 0,rural gas boiler,0.29689
marginal,Link,XK0 0,rural ground heat pump,689.61044
marginal,Link,XK0 0,rural resistive heater,4.85308
marginal,Link,XK0 0,solid biomass for industry,1053.19336
marginal,Link,XK0 0,steel emission,1002.63094
marginal,Link,XK0 0,urban central air heat pump,0.26185
marginal,Link,XK0 0,urban central gas CHP,89.69515
marginal,Link,XK0 0,urban central gas boiler,0.15273
marginal,Link,XK0 0,urban central resistive heater,140.22613
marginal,Link,XK0 0,urban central solid biomass CHP,308446.4869
marginal,Link,XK0 0,urban central solid biomass CHP CC,2079.33515
marginal,Link,XK0 0,urban decentral air heat pump,1.06711
marginal,Link,XK0 0,urban decentral biomass boiler,2648190.46349
marginal,Link,XK0 0,urban decentral gas boiler,0.23415
marginal,Link,XK0 0,urban decentral resistive heater,7.43101
marginal,Link,XK0 0,waste CHP,980.90748
marginal,StorageUnit,AL0 0,Reservoir & Dam,68511.49658
marginal,StorageUnit,AT0 0,Pumped Hydro Storage,120732.00903
marginal,StorageUnit,AT0 0,Reservoir & Dam,192628.7781
marginal,StorageUnit,BA0 0,Pumped Hydro Storage,68.07171
marginal,StorageUnit,BA0 0,Reservoir & Dam,47801.82847
marginal,StorageUnit,BE0 0,Pumped Hydro Storage,10124.10949
marginal,StorageUnit,BE0 0,Reservoir & Dam,534.10381
marginal,StorageUnit,BG0 0,Pumped Hydro Storage,16441.65721
marginal,StorageUnit,BG0 0,Reservoir & Dam,26443.33665
marginal,StorageUnit,CH0 0,Pumped Hydro Storage,114606.04483
marginal,StorageUnit,CH0 0,Reservoir & Dam,255768.39265
marginal,StorageUnit,CZ0 0,Pumped Hydro Storage,4923.49579
marginal,StorageUnit,CZ0 0,Reservoir & Dam,20673.23355
marginal,StorageUnit,DE0 0,Pumped Hydro Storage,3273.77436
marginal,StorageUnit,DE0 1,Pumped Hydro Storage,21111.88376
marginal,StorageUnit,DE0 2,Pumped Hydro Storage,15357.13663
marginal,StorageUnit,DE0 3,Pumped Hydro Storage,7582.49866
marginal,StorageUnit,DE0 4,Pumped Hydro Storage,19392.36858
marginal,StorageUnit,DE0 5,Pumped Hydro Storage,8545.70257
marginal,StorageUnit,ES0 0,Pumped Hydro Storage,162261.87143
marginal,StorageUnit,ES0 0,Reservoir & Dam,184383.66581
marginal,StorageUnit,ES6 0,Pumped Hydro Storage,23475.69045
marginal,StorageUnit,ES6 0,Reservoir & Dam,17618.79789
marginal,StorageUnit,FI1 0,Reservoir & Dam,57340.31905
marginal,StorageUnit,FR0 0,Pumped Hydro Storage,8426.85283
marginal,StorageUnit,FR0 1,Pumped Hydro Storage,62357.85038
marginal,StorageUnit,FR0 1,Reservoir & Dam,165198.02449
marginal,StorageUnit,FR0 2,Pumped Hydro Storage,20198.63884
marginal,StorageUnit,FR0 2,Reservoir & Dam,110707.26096
marginal,StorageUnit,FR0 4,Reservoir & Dam,4192.04952
marginal,StorageUnit,FR5 0,Reservoir & Dam,4319.33823
marginal,StorageUnit,GB2 0,Reservoir & Dam,988.48485
marginal,StorageUnit,GB3 0,Pumped Hydro Storage,5051.02321
marginal,StorageUnit,GB3 0,Reservoir & Dam,1609.11821
marginal,StorageUnit,GR0 0,Pumped Hydro Storage,11311.27336
marginal,StorageUnit,GR0 0,Reservoir & Dam,36753.98677
marginal,StorageUnit,HR0 0,Pumped Hydro Storage,5061.34001
marginal,StorageUnit,HR0 0,Reservoir & Dam,56970.05668
marginal,StorageUnit,HU0 0,Reservoir & Dam,1178.51233
marginal,StorageUnit,IE3 0,Pumped Hydro Storage,2803.72358
marginal,StorageUnit,IE3 0,Reservoir & Dam,34.52687
marginal,StorageUnit,IT0 0,Pumped Hydro Storage,52529.88167
marginal,StorageUnit,IT0 0,Reservoir & Dam,20387.70173
marginal,StorageUnit,IT0 1,Pumped Hydro Storage,104047.98032
marginal,StorageUnit,IT0 1,Reservoir & Dam,103045.46969
marginal,StorageUnit,IT4 0,Pumped Hydro Storage,4718.56386
marginal,StorageUnit,IT4 0,Reservoir & Dam,2462.10871
marginal,StorageUnit,LT0 0,Pumped Hydro Storage,11654.69217
marginal,StorageUnit,LU0 0,Pumped Hydro Storage,12463.55593
marginal,StorageUnit,ME0 0,Pumped Hydro Storage,3824.41009
marginal,StorageUnit,ME0 0,Reservoir & Dam,18441.79461
marginal,StorageUnit,MK0 0,Reservoir & Dam,9330.10743
marginal,StorageUnit,NO1 0,Pumped Hydro Storage,785.92676
marginal,StorageUnit,NO1 0,Reservoir & Dam,1123417.2719
marginal,StorageUnit,PL0 0,Pumped Hydro Storage,27355.6278
marginal,StorageUnit,PL0 0,Reservoir & Dam,9511.47953
marginal,StorageUnit,PT0 0,Pumped Hydro Storage,77061.49223
marginal,StorageUnit,PT0 0,Reservoir & Dam,35020.0585
marginal,StorageUnit,RO0 0,Reservoir & Dam,103027.4417
marginal,StorageUnit,RS0 0,Pumped Hydro Storage,6779.97497
marginal,StorageUnit,RS0 0,Reservoir & Dam,33200.39659
marginal,StorageUnit,SE1 0,Pumped Hydro Storage,705.81811
marginal,StorageUnit,SE1 0,Reservoir & Dam,567215.74593
marginal,StorageUnit,SI0 0,Pumped Hydro Storage,2151.70117
marginal,StorageUnit,SI0 0,Reservoir & Dam,21969.72451
marginal,StorageUnit,SK0 0,Pumped Hydro Storage,9225.2776
marginal,StorageUnit,SK0 0,Reservoir & Dam,7310.45894
marginal,StorageUnit,XK0 0,Reservoir & Dam,1857.89462
marginal,Store,AL0 0,Battery Storage,1e-05
marginal,Store,AL0 0,EV battery,-0.00024
marginal,Store,AL0 0,home battery,3e-05
marginal,Store,AL0 0,non-sequestered HVC,41754.85387
marginal,Store,AT0 0,Battery Storage,2e-05
marginal,Store,AT0 0,EV battery,-0.00026
marginal,Store,AT0 0,home battery,1e-05
marginal,Store,AT0 0,non-sequestered HVC,162863.34645
marginal,Store,BA0 0,EV battery,-0.00024
marginal,Store,BA0 0,home battery,1e-05
marginal,Store,BA0 0,non-sequestered HVC,54307.43183
marginal,Store,BE0 0,EV battery,-0.00023
marginal,Store,BE0 0,non-sequestered HVC,196650.66082
marginal,Store,BG0 0,EV battery,-0.00027
marginal,Store,BG0 0,co2 sequestered,46.83601
marginal,Store,BG0 0,non-sequestered HVC,112149.67518
marginal,Store,CH0 0,EV battery,-0.00025
marginal,Store,CH0 0,non-sequestered HVC,127965.04948
marginal,Store,CZ0 0,EV battery,-0.00026
marginal,Store,CZ0 0,home battery,1e-05
marginal,Store,CZ0 0,non-sequestered HVC,177062.87805
marginal,Store,DE0 0,EV battery,-0.00022
marginal,Store,DE0 0,co2 sequestered,5082.9789
marginal,Store,DE0 0,home battery,1e-05
marginal,Store,DE0 0,non-sequestered HVC,232858.45552
marginal,Store,DE0 1,EV battery,-0.00023
marginal,Store,DE0 1,home battery,1e-05
marginal,Store,DE0 1,non-sequestered HVC,109100.40452
marginal,Store,DE0 2,EV battery,-0.00024
marginal,Store,DE0 2,co2 sequestered,2257.0641
marginal,Store,DE0 2,non-sequestered HVC,339581.54348
marginal,Store,DE0 3,EV battery,-0.00022
marginal,Store,DE0 3,home battery,1e-05
marginal,Store,DE0 3,non-sequestered HVC,160634.21616
marginal,Store,DE0 4,EV battery,-0.00027
marginal,Store,DE0 4,home battery,1e-05
marginal,Store,DE0 4,non-sequestered HVC,343352.80381
marginal,Store,DE0 5,EV battery,-0.00023
marginal,Store,DE0 5,home battery,1e-05
marginal,Store,DE0 5,non-sequestered HVC,218614.0293
marginal,Store,DK0 0,EV battery,-0.00024
marginal,Store,DK0 0,co2 sequestered,3760.20162
marginal,Store,DK0 0,non-sequestered HVC,47509.15987
marginal,Store,DK1 0,EV battery,-0.00023
marginal,Store,DK1 0,co2 sequestered,48468.9108
marginal,Store,DK1 0,home battery,1e-05
marginal,Store,DK1 0,non-sequestered HVC,25469.6725
marginal,Store,EE0 0,Battery Storage,1e-05
marginal,Store,EE0 0,EV battery,-0.00023
marginal,Store,EE0 0,co2 sequestered,20959.82814
marginal,Store,EE0 0,home battery,1e-05
marginal,Store,EE0 0,non-sequestered HVC,19291.5131
marginal,Store,ES0 0,EV battery,-0.00023
marginal,Store,ES0 0,co2 sequestered,15.49811
marginal,Store,ES0 0,home battery,1e-05
marginal,Store,ES0 0,non-sequestered HVC,627991.55576
marginal,Store,ES6 0,EV battery,-0.00023
marginal,Store,ES6 0,home battery,1e-05
marginal,Store,ES6 0,non-sequestered HVC,11543.47383
marginal,Store,EU,solid biomass import,157009.89263
marginal,Store,FI1 0,Battery Storage,1e-05
marginal,Store,FI1 0,EV battery,-0.00025
marginal,Store,FI1 0,home battery,2e-05
marginal,Store,FI1 0,non-sequestered HVC,92943.20016
marginal,Store,FR0 0,EV battery,-0.00023
marginal,Store,FR0 0,home battery,1e-05
marginal,Store,FR0 0,non-sequestered HVC,360652.28295
marginal,Store,FR0 1,EV battery,-0.00024
marginal,Store,FR0 1,non-sequestered HVC,220276.46647
marginal,Store,FR0 2,EV battery,-0.00022
marginal,Store,FR0 2,non-sequestered HVC,153657.36089
marginal,Store,FR0 3,EV battery,-0.00024
marginal,Store,FR0 3,non-sequestered HVC,157628.56259
marginal,Store,FR0 4,EV battery,-0.00025
marginal,Store,FR0 4,non-sequestered HVC,127569.58114
marginal,Store,FR5 0,EV battery,-0.0004
marginal,Store,FR5 0,home battery,2e-05
marginal,Store,FR5 0,non-sequestered HVC,4002.5249
marginal,Store,GB2 0,EV battery,-0.00025
marginal,Store,GB2 0,co2 sequestered,907.61716
marginal,Store,GB2 0,home battery,1e-05
marginal,Store,GB2 0,non-sequestered HVC,384071.59791
marginal,Store,GB2 1,EV battery,-0.00023
marginal,Store,GB2 1,co2 sequestered,121.34096
marginal,Store,GB2 1,non-sequestered HVC,680268.06964
marginal,Store,GB3 0,EV battery,-0.00025
marginal,Store,GB3 0,home battery,1e-05
marginal,Store,GB3 0,non-sequestered HVC,29633.45412
marginal,Store,GR0 0,Battery Storage,1e-05
marginal,Store,GR0 0,EV battery,-0.00022
marginal,Store,GR0 0,co2 sequestered,41.18318
marginal,Store,GR0 0,home battery,1e-05
marginal,Store,GR0 0,non-sequestered HVC,138586.03779
marginal,Store,HR0 0,EV battery,-0.00026
marginal,Store,HR0 0,home battery,1e-05
marginal,Store,HR0 0,non-sequestered HVC,66341.19747
marginal,Store,HU0 0,EV battery,-0.00022
marginal,Store,HU0 0,non-sequestered HVC,156084.8012
marginal,Store,IE3 0,Battery Storage,0.00012
marginal,Store,IE3 0,EV battery,-0.00023
marginal,Store,IE3 0,co2 sequestered,77.05457
marginal,Store,IE3 0,home battery,1e-05
marginal,Store,IE3 0,non-sequestered HVC,72284.6523
marginal,Store,IT0 0,EV battery,-0.00026
marginal,Store,IT0 0,co2 sequestered,16.46722
marginal,Store,IT0 0,non-sequestered HVC,378968.03737
marginal,Store,IT0 1,EV battery,-0.00022
marginal,Store,IT0 1,co2 sequestered,1021.38226
marginal,Store,IT0 1,home battery,1e-05
marginal,Store,IT0 1,non-sequestered HVC,516958.59262
marginal,Store,IT4 0,Battery Storage,1e-05
marginal,Store,IT4 0,EV battery,-0.00025
marginal,Store,IT4 0,non-sequestered HVC,21772.66573
marginal,Store,LT0 0,EV battery,-0.00027
marginal,Store,LT0 0,co2 sequestered,69.09685
marginal,Store,LT0 0,non-sequestered HVC,41958.73463
marginal,Store,LU0 0,EV battery,-0.00026
marginal,Store,LU0 0,non-sequestered HVC,9448.08774
marginal,Store,LV0 0,EV battery,-0.00025
marginal,Store,LV0 0,co2 sequestered,35564.46315
marginal,Store,LV0 0,home battery,1e-05
marginal,Store,LV0 0,non-sequestered HVC,30933.57592
marginal,Store,ME0 0,Battery Storage,1e-05
marginal,Store,ME0 0,EV battery,-0.0003
marginal,Store,ME0 0,home battery,3e-05
marginal,Store,ME0 0,non-sequestered HVC,10116.9927
marginal,Store,MK0 0,Battery Storage,1e-05
marginal,Store,MK0 0,EV battery,-0.00025
marginal,Store,MK0 0,home battery,3e-05
marginal,Store,MK0 0,non-sequestered HVC,34792.35629
marginal,Store,NL0 0,EV battery,-0.00026
marginal,Store,NL0 0,co2 sequestered,245.76155
marginal,Store,NL0 0,non-sequestered HVC,244152.52126
marginal,Store,NO1 0,EV battery,-0.00024
marginal,Store,NO1 0,co2 sequestered,84.78359
marginal,Store,NO1 0,non-sequestered HVC,77960.08857
marginal,Store,PL0 0,EV battery,-0.00027
marginal,Store,PL0 0,co2 sequestered,361.257
marginal,Store,PL0 0,home battery,1e-05
marginal,Store,PL0 0,non-sequestered HVC,589353.30571
marginal,Store,PT0 0,Battery Storage,1e-05
marginal,Store,PT0 0,EV battery,-0.00023
marginal,Store,PT0 0,co2 sequestered,30.58684
marginal,Store,PT0 0,home battery,1e-05
marginal,Store,PT0 0,non-sequestered HVC,139728.25974
marginal,Store,RO0 0,EV battery,-0.00027
marginal,Store,RO0 0,home battery,1e-05
marginal,Store,RO0 0,non-sequestered HVC,340451.29512
marginal,Store,RS0 0,EV battery,-0.00026
marginal,Store,RS0 0,home battery,1e-05
marginal,Store,RS0 0,non-sequestered HVC,124681.68647
marginal,Store,SE1 0,Battery Storage,1e-05
marginal,Store,SE1 0,EV battery,-0.00026
marginal,Store,SE1 0,co2 sequestered,9905.42677
marginal,Store,SE1 0,home battery,1e-05
marginal,Store,SE1 0,non-sequestered HVC,166320.35982
marginal,Store,SI0 0,EV battery,-0.00023
marginal,Store,SI0 0,home battery,1e-05
marginal,Store,SI0 0,non-sequestered HVC,41394.35697
marginal,Store,SK0 0,EV battery,-0.00025
marginal,Store,SK0 0,home battery,1e-05
marginal,Store,SK0 0,non-sequestered HVC,90230.80222
marginal,Store,XK0 0,Battery Storage,1e-05
marginal,Store,XK0 0,EV battery,-0.00023
marginal,Store,XK0 0,home battery,5e-05
marginal,Store,XK0 0,non-sequestered HVC,25982.71929
